PID,TID,DevId,Count,QCount,TAvg (ns),TMed (ns),TMin (ns),TMax (ns),TStdDev (ns),AAvg (ns),AMed (ns),AMin (ns),AMax (ns),AStdDev (ns),QAvg (ns),QMed (ns),QMin (ns),QMax (ns),QStdDev (ns),KAvg (ns),KMed (ns),KMin (ns),KMax (ns),KStdDev (ns),API Name,Kernel Name
2264054,2266203,0,2574,2569,626875509.0,491931796.5,13280,1825282385,558102025.2,5689.5,5070.0,4349,524159,10398.6,628085825.3,491940647.0,198,1825272443,557958445.2,4053.4,4224.0,2976,21024,939.8,cudaLaunchKernel,"void at::native::elementwise_kernel<(int)128, (int)4, void at::native::gpu_kernel_impl_nocast<at::native::direct_copy_kernel_cuda(at::TensorIteratorBase &)::[lambda() (instance 3)]::operator ()() const::[lambda() (instance 1)]::operator ()() const::[lambda(unsigned char) (instance 1)]>(at::TensorIteratorBase &, const T1 &)::[lambda(int) (instance 1)]>(int, T3)"
2264054,2265402,0,224,224,596292168.5,552099087.0,128079867,1017079937,246539890.5,26926.2,8847.0,7815,665237,89143.1,561395821.2,526731643.5,102145958,1010523152,255543141.3,34869421.1,6573942.0,769468,102168860,43102978.9,cudaLaunchKernel,ampere_sgemm_128x128_tn
2264054,2265402,0,448,448,579045455.7,543890945.0,102210375,1017126811,251403906.8,42892.8,7233.0,6202,7500718,367361.7,578707853.6,543280130.5,101065407,1017042696,251472112.6,294709.3,78543.5,7584,1142909,440530.3,cudaLaunchKernel,"void at::native::reduce_kernel<(int)128, (int)4, at::native::ReduceOp<float, at::native::func_wrapper_t<float, at::native::sum_functor<float, float, float>::operator ()(at::TensorIterator &)::[lambda(float, float) (instance 1)]>, unsigned int, float, (int)4, (int)4>>(T3)"
2264054,2265402,0,672,672,576520965.6,533058967.5,11679,1017101081,255665105.3,17972.3,4288.5,3787,1577766,88297.3,576464967.3,532938682.0,2027,1017084485,255663869.4,38026.1,12464.0,2400,198015,54731.6,cudaLaunchKernel,"void at::native::vectorized_elementwise_kernel<(int)4, at::native::BinaryFunctor<float, float, bool, at::native::<unnamed>::CompareEqFunctor<float>>, std::array<char *, (unsigned long)3>>(int, T2, T3)"
2264054,2265402,0,672,672,576519965.6,532965488.5,11051,1017095369,255650941.0,16629.1,4353.5,3787,1065460,76716.0,576479511.0,532946660.5,2233,1017084929,255649368.8,23825.5,6400.0,2368,136000,36232.4,cudaLaunchKernel,"void at::native::vectorized_elementwise_kernel<(int)4, at::native::BinaryFunctor<bool, bool, bool, at::native::binary_internal::MulFunctor<bool>>, std::array<char *, (unsigned long)3>>(int, T2, T3)"
2264054,2265402,0,672,672,576506003.2,533146594.0,13924,1017101159,255679982.2,16761.1,5014.5,4249,861701,69805.3,576452984.2,533046778.5,2474,1017090057,255681810.8,36258.0,6240.0,2368,205567,59255.0,cudaLaunchKernel,"void at::native::vectorized_elementwise_kernel<(int)4, at::native::AUnaryFunctor<float, float, bool, at::native::<unnamed>::CompareEqFunctor<float>>, std::array<char *, (unsigned long)2>>(int, T2, T3)"
2264054,2265402,0,672,672,576499058.8,533251425.5,31672,1017112616,255693380.4,18428.5,5931.0,4729,769545,74255.9,576424113.5,533137899.0,14562,1017092911,255701281.6,56516.7,13840.0,2880,316607,87975.0,cudaLaunchKernel,"void at::native::vectorized_elementwise_kernel<(int)4, at::native::AbsFunctor<float>, std::array<char *, (unsigned long)2>>(int, T2, T3)"
2264054,2265402,0,672,672,576491061.0,532950976.0,18420,1017082305,255627536.4,18582.0,6071.5,5089,747865,68725.4,576448379.1,532931045.5,1331,1017064485,255625131.4,24100.0,11520.0,6816,100384,28507.0,cudaLaunchKernel,"void at::native::reduce_kernel<(int)512, (int)1, at::native::ReduceOp<bool, at::native::func_wrapper_t<bool, at::native::and_kernel_cuda(at::TensorIterator &)::[lambda() (instance 1)]::operator ()() const::[lambda() (instance 12)]::operator ()() const::[lambda(bool, bool) (instance 1)]>, unsigned int, bool, (int)4, (int)4>>(T3)"
2264054,2265402,0,672,672,576460355.7,532933257.0,10876,1017064061,255621479.8,20917.3,5405.5,4569,883593,88951.9,576437312.5,532925708.0,1959,1017056180,255611791.3,2125.9,2048.0,1664,2848,265.4,cudaLaunchKernel,"void at::native::vectorized_elementwise_kernel<(int)4, at::native::bitwise_not_kernel_cuda(at::TensorIteratorBase &)::[lambda(bool) (instance 1)], std::array<char *, (unsigned long)2>>(int, T2, T3)"
2264054,2265402,0,672,670,576407768.5,532920213.0,9711,1017049638,255627471.3,480352.1,4949.0,4218,309264365,11929643.4,577644564.2,539298539.0,923,1017042554,254816811.3,2037.0,1984.0,1664,2592,162.4,cudaLaunchKernel,"void at::native::vectorized_elementwise_kernel<(int)4, at::native::BinaryFunctor<bool, bool, bool, at::native::logical_or_kernel_cuda(at::TensorIterator &)::[lambda() (instance 2)]::operator ()() const::[lambda() (instance 9)]::operator ()() const::[lambda(bool, bool) (instance 1)]>, std::array<char *, (unsigned long)3>>(int, T2, T3)"
2264054,2265402,0,448,446,549375570.1,520768396.0,1657727,1010527887,263462605.3,24427.1,9548.0,8085,705675,83381.3,538448466.0,492197621.0,890,1004068059,269359841.9,13306484.3,3123766.5,129344,101237874,25464785.0,cudaLaunchKernel,ampere_sgemm_128x128_nt
2264054,2265402,0,448,447,536392882.1,488562313.5,20016,1000076710,269687264.5,14651.4,5330.0,4198,568493,58099.7,537527020.1,489919091.0,1666,999963651,268794165.8,51048.7,28192.0,5152,369150,59722.9,cudaLaunchKernel,"void at::native::elementwise_kernel<(int)128, (int)2, void at::native::gpu_kernel_impl_nocast<at::native::<unnamed>::where_kernel_impl(at::TensorIterator &)::[lambda() (instance 1)]::operator ()() const::[lambda() (instance 3)]::operator ()() const::[lambda(bool, unsigned int, unsigned int) (instance 1)]>(at::TensorIteratorBase &, const T1 &)::[lambda(int) (instance 1)]>(int, T3)"
2264054,2265402,0,467,450,514574870.7,469770260.0,9633,999992360,284594860.6,16103.8,6101.0,4679,716374,63836.8,533973492.5,486980903.5,1294,999985188,271445327.3,23514.0,1824.0,1280,914365,113927.5,cudaLaunchKernel,"void at::native::vectorized_elementwise_kernel<(int)4, at::native::FillFunctor<float>, std::array<char *, (unsigned long)1>>(int, T2, T3)"
2264054,2266203,0,7574,7476,425214460.2,392875056.5,10360,1825417627,544102624.7,7135.8,6673.0,4969,453314,6661.6,430762730.9,456369928.5,5,1825404827,545471071.4,18244.6,4512.0,3168,665315,45274.9,cudaLaunchKernel,"void at::native::elementwise_kernel<(int)128, (int)2, void at::native::gpu_kernel_impl_nocast<at::native::CUDAFunctor_add<float>>(at::TensorIteratorBase &, const T1 &)::[lambda(int) (instance 1)]>(int, T3)"
2264054,2266203,0,20330,20330,382179149.5,391741627.0,16942,1851664893,418727207.4,383217.8,54359.0,4769,22074589,889930.6,381792557.5,391619590.0,809,1847363259,418110958.1,3374.2,3264.0,1856,116929,1975.1,cudaLaunchKernel,"void at::native::elementwise_kernel<(int)128, (int)2, void at::native::gpu_kernel_impl_nocast<at::native::direct_copy_kernel_cuda(at::TensorIteratorBase &)::[lambda() (instance 3)]::operator ()() const::[lambda() (instance 4)]::operator ()() const::[lambda(long) (instance 1)]>(at::TensorIteratorBase &, const T1 &)::[lambda(int) (instance 1)]>(int, T3)"
2264054,2265402,0,948,937,321440731.4,225748218.5,16825,1017761099,336464078.2,17352.8,5866.0,3907,840631,78306.7,325133697.0,257661279.0,763,1017636618,336591794.4,62349.3,24064.0,3424,376478,103767.2,cudaLaunchKernel,"void at::native::vectorized_elementwise_kernel<(int)4, at::native::CUDAFunctor_add<float>, std::array<char *, (unsigned long)3>>(int, T2, T3)"
2264054,2266203,0,5120,5120,316967617.5,7111947.0,15337,1826287532,504071945.9,158615.4,9919.0,7304,6654927,285591.1,316804695.3,7097711.0,110,1825368772,503831219.6,4306.8,4192.0,3808,5568,441.7,cudaLaunchKernel,"void at::native::elementwise_kernel<(int)128, (int)4, void at::native::gpu_kernel_impl_nocast<at::native::direct_copy_kernel_cuda(at::TensorIteratorBase &)::[lambda() (instance 3)]::operator ()() const::[lambda() (instance 10)]::operator ()() const::[lambda(c10::Half) (instance 1)]>(at::TensorIteratorBase &, const T1 &)::[lambda(int) (instance 1)]>(int, T3)"
2264054,2265402,0,16,16,297248151.9,297280607.0,47911745,990476630,218908406.6,367784.4,5480.5,4429,1159619,549749.1,294449415.3,294848358.0,45438205,988036665,218841729.4,2430952.2,2428116.0,2426197,2441684,5569.9,cudaLaunchKernel,"void at::native::<unnamed>::cunn_SoftMaxBackward<(int)4, c10::Half, float, float, at::native::<unnamed>::SoftMaxBackwardEpilogue>(T2 *, const T4 *, const T4 *, long)"
2264054,2266203,0,22724,22724,285564710.9,133411875.5,1160286,1860209813,359181607.5,484003.4,155045.5,3347,11475329,842648.5,284873960.1,133179870.5,1087694,1855058360,358288329.7,206747.3,105697.0,66176,954372,184298.2,cudaLaunchKernel,"void <unnamed>::qvq_v2_segment_grid_finalize_kernel<(int)4, (int)2, (int)16, (bool)0, __half, unsigned char>(const float *, const T5 *, const float *, const long *, const float *, const float *, const T6 *, const unsigned char *, long *, unsigned char *, float *, int, int, bool, bool)"
2264054,2266203,0,181792,181792,283852808.6,132623298.5,145939,1859272682,356907455.2,229835.1,4198.0,3156,16205349,561115.2,282879552.3,132168808.5,1920,1855226525,355835807.9,743421.3,326369.0,132064,4390547,865312.1,cudaLaunchKernel,"void <unnamed>::qvq_v2_segment_grid_kernel<(int)4, (int)2, (int)16, (bool)1, (bool)0, __half, unsigned char>(const float *, const T6 *, const float *, const long *, const float *, const float *, float *, T7 *, unsigned char *, int, int, int, bool, bool)"
2264054,2266203,0,11478,11465,282570360.7,132836220.5,11661,1855916153,357992153.4,610062.7,263426.5,5490,24701743,867839.5,282276782.0,132593954.0,13,1851680789,357292576.9,3223.8,3328.0,1760,56097,1897.9,cudaLaunchKernel,"void at::native::unrolled_elementwise_kernel<at::native::direct_copy_kernel_cuda(at::TensorIteratorBase &)::[lambda() (instance 3)]::operator ()() const::[lambda() (instance 4)]::operator ()() const::[lambda(long) (instance 1)], std::array<char *, (unsigned long)2>, (int)4, TrivialOffsetCalculator<(int)1, unsigned int>, TrivialOffsetCalculator<(int)1, unsigned int>, at::native::memory::LoadWithCast<(int)1>, at::native::memory::StoreWithCast<(int)1>>(int, T1, T2, T4, T5, T6, T7)"
2264054,2266203,0,3014,3012,263127191.5,134106671.0,8670,499926559,219003017.5,12500.0,10120.0,3827,1274938,49093.8,263226886.5,134045156.5,30,499651710,218922365.6,62474.9,35360.0,2527,270657,71835.5,cudaLaunchKernel,"void gemmSN_NN_kernel<float, (int)256, (int)4, (int)2, (int)8, (int)4, (int)4, (bool)0, cublasGemvTensorStridedBatched<const float>, cublasGemvTensorStridedBatched<const float>, cublasGemvTensorStridedBatched<float>>(cublasGemmSmallNParams<T9, T10, T11, T1>)"
2264054,2265402,0,16,16,244431729.9,244224331.0,29931239,662707226,153920529.7,14235.9,6677.0,5681,45567,14826.5,237661603.1,237479759.0,23181162,655961514,153909457.5,6755890.9,6739375.0,6738271,6803614,26846.0,cudaLaunchKernel,"void at::native::<unnamed>::cunn_SoftMaxForward<(int)8, c10::Half, float, float, at::native::<unnamed>::SoftMaxForwardEpilogue>(T4 *, const T2 *, int)"
2264054,2266203,0,7668,7667,238448209.0,191293265.5,35346,465183368,131083961.1,6544.6,5801.0,4900,980918,14892.4,236830444.8,189619781.0,1623857,459116636,129983779.3,1642105.3,1242660.0,20512,6117692,1468277.3,cudaLaunchKernel,void cutlass::Kernel2<cutlass_80_simt_sgemm_grouped_128x128_8x4_align1>(T1::Params)
2264054,2266203,0,7668,7668,238442103.1,191288076.0,29061,465176638,131083153.2,5451.1,4518.0,3938,2578041,31652.3,238433016.3,191280397.0,173,465168030,131082104.6,3635.7,3392.0,2112,254785,4570.0,cudaLaunchKernel,"<unnamed>::qvq_yaqa_feedback_epilogue_kernel(const float *, const float *, const float *, const float *, const float *, float *, int, int, int, int, int)"
2264054,2266203,0,7652,7652,237465170.6,189991247.5,1782676,459265917,129689258.8,6426.8,4819.0,3958,8357890,96143.3,237056242.2,189663884.0,1768835,458273925,129415118.1,402501.7,310705.5,4672,1017861,341737.5,cudaLaunchKernel,"void gemmSN_NN_kernel<float, (int)128, (int)2, (int)4, (int)8, (int)4, (int)4, (bool)0, cublasGemvTensorBatched<const float>, cublasGemvTensorBatched<const float>, cublasGemvTensorBatched<float>>(cublasGemmSmallNParams<T9, T10, T11, T1>)"
2264054,2266203,0,7656,7656,237066084.4,189623533.5,3480079,458505294,129582733.5,114809.7,8631.5,5140,2785215,135401.7,236618386.6,189509069.0,3460583,457978120,129284979.2,332888.1,259649.0,9792,1271589,351660.2,cudaLaunchKernel,ampere_sgemm_128x128_nt
2264054,2266203,0,7668,7668,236902694.4,189385590.0,1894966,459242881,129915434.4,416589.9,13590.5,8146,11548769,540285.7,236484115.8,189344488.0,1856514,458220289,129484693.2,1988.7,1952.0,1472,3744,142.6,cudaLaunchKernel,"<unnamed>::qvq_yaqa_update_grouped_pointers_kernel(float *, float *, const float *, const float *, const float *, float **, float **, float **, int, int, int, int, int, int)"
2264054,2266203,0,7668,7668,236844028.0,189649493.0,1660187,459164714,130003035.6,13155.5,10029.0,8637,15518621,182143.1,236828645.2,189637601.0,217,459152677,130006959.6,2227.3,2240.0,1440,3712,139.6,cudaLaunchKernel,"<unnamed>::qvq_yaqa_grouped_pointers_kernel(const float *, const float *, float *, float **, float **, float **, int, int, int, int, int, int)"
2264054,2265402,0,1744,1727,207101375.7,24367209.5,17611,1017340357,294034071.2,22150.4,8721.5,4989,1829615,115456.9,209046225.9,25846321.0,46,1017238698,294743371.4,70741.6,26096.0,4864,1775767,188315.6,cudaLaunchKernel,"void at::native::unrolled_elementwise_kernel<at::native::direct_copy_kernel_cuda(at::TensorIteratorBase &)::[lambda() (instance 3)]::operator ()() const::[lambda() (instance 7)]::operator ()() const::[lambda(float) (instance 1)], std::array<char *, (unsigned long)2>, (int)4, TrivialOffsetCalculator<(int)1, unsigned int>, TrivialOffsetCalculator<(int)1, unsigned int>, at::native::memory::LoadWithCast<(int)1>, at::native::memory::StoreWithCast<(int)1>>(int, T1, T2, T4, T5, T6, T7)"
2264054,2266203,0,19336,19336,202895942.9,102963490.0,760853,1855952824,294867605.6,206990.7,8216.0,4809,19555540,683521.4,202686036.4,102765534.0,750007,1851717010,294310181.3,2915.8,2816.0,1792,73984,903.5,cudaLaunchKernel,"void at::native::elementwise_kernel<(int)128, (int)2, void at::native::gpu_kernel_impl_nocast<at::native::AUnaryFunctor<long, long, long, at::native::BitwiseAndFunctor<long>>>(at::TensorIteratorBase &, const T1 &)::[lambda(int) (instance 1)]>(int, T3)"
2264054,2266203,0,19538,19521,200482749.0,101950489.5,11715,1825358925,290232276.9,167329.8,7054.0,5160,10231600,388439.8,200485630.5,102014431.0,162,1825346116,290197713.6,4232.9,4064.0,2528,77473,2111.3,cudaLaunchKernel,"void at::native::unrolled_elementwise_kernel<at::native::direct_copy_kernel_cuda(at::TensorIteratorBase &)::[lambda() (instance 3)]::operator ()() const::[lambda() (instance 7)]::operator ()() const::[lambda(float) (instance 1)], std::array<char *, (unsigned long)2>, (int)4, TrivialOffsetCalculator<(int)1, unsigned int>, TrivialOffsetCalculator<(int)1, unsigned int>, at::native::memory::LoadWithCast<(int)1>, at::native::memory::StoreWithCast<(int)1>>(int, T1, T2, T4, T5, T6, T7)"
2264054,2266203,0,38824,38509,199817809.7,101818262.0,8908,1851671090,291874606.3,98826.4,6492.0,3887,16796916,479249.3,201349348.3,102966573.0,46,1847446264,292224700.4,3296.5,2848.0,2112,518016,5355.1,cudaLaunchKernel,"<unnamed>::qvq_half2_codebook_norm_pack_kernel(const __half *, unsigned long *, int)"
2264054,2266203,0,19412,19407,198509467.1,101239260.5,11757,1825350492,289253630.5,16169.8,11001.0,6152,3474619,35764.6,198541667.9,101273054.0,214,1825336910,289276477.5,2768.7,2560.0,1728,145313,1475.3,cudaLaunchKernel,"void at::native::roll_cuda_kernel<float>(const T1 *, T1 *, long, long, long, long, long, long)"
2264054,2266203,0,6568,6568,190208513.5,74442838.5,14426,1825440364,434976951.0,9528.8,8837.0,7585,764937,13134.7,190168560.8,74426818.0,1,1825205447,434944964.3,30423.9,18592.0,4256,244800,38036.7,cudaLaunchKernel,"void gemmSN_NN_kernel<float, (int)128, (int)2, (int)4, (int)8, (int)4, (int)4, (bool)0, cublasGemvTensorStridedBatched<const float>, cublasGemvTensorStridedBatched<const float>, cublasGemvTensorStridedBatched<float>>(cublasGemmSmallNParams<T9, T10, T11, T1>)"
2264054,2266203,0,8802,8801,180051113.7,99366230.0,11189,462579214,157497052.6,384961.5,6592.0,4679,9713383,514785.3,179680349.2,99353083.0,1150044,461472414,157019841.2,6216.6,6816.0,3168,8640,1261.7,cudaLaunchKernel,"void at::native::index_elementwise_kernel<(int)128, (int)4, void at::native::gpu_index_kernel<void at::native::index_put_kernel_impl<at::native::OpaqueType<(int)1>>(at::TensorIterator &, c10::ArrayRef<long>, c10::ArrayRef<long>)::[lambda(char *, const char *, long) (instance 1)]>(at::TensorIteratorBase &, c10::ArrayRef<long>, c10::ArrayRef<long>, const T1 &, bool)::[lambda(int) (instance 1)]>(long, T3)"
2264054,2266203,0,21991,21989,179263929.0,91344779.0,14648,1843137591,282725663.6,161726.1,8025.0,4549,7343739,627439.6,179108477.1,91329675.0,1034,1838853421,282196310.2,10015.1,9312.0,4384,121184,2804.1,cudaLaunchKernel,"void at::native::index_elementwise_kernel<(int)128, (int)4, void at::native::gpu_index_kernel<void at::native::index_kernel_impl<at::native::OpaqueType<(int)2>>(at::TensorIteratorBase &, c10::ArrayRef<long>, c10::ArrayRef<long>)::[lambda(char *, const char *, long) (instance 1)]>(at::TensorIteratorBase &, c10::ArrayRef<long>, c10::ArrayRef<long>, const T1 &, bool)::[lambda(int) (instance 1)]>(long, T3)"
2264054,2266203,0,126,126,174680725.2,3677548.0,207104,1830788446,454601034.2,7504.2,6637.5,4949,33633,3490.0,174629062.7,3584982.0,194458,1830695464,454589707.3,44158.3,20144.0,4128,89440,37529.7,cudaLaunchKernel,"void at::native::vectorized_elementwise_kernel<(int)4, at::native::BinaryFunctor<float, float, float, at::native::binary_internal::MulFunctor<float>>, std::array<char *, (unsigned long)3>>(int, T2, T3)"
2264054,2266203,0,108,107,164912038.5,3612033.5,241192,1830717102,473475759.1,8922.0,8411.0,5982,22923,2582.7,163010517.6,58401.0,532,1827086759,475108980.3,3401973.7,3261351.0,230976,12788250,4171499.1,cudaLaunchKernel,ampere_sgemm_128x64_nn
2264054,2266203,0,14292,14292,159327483.6,104270274.0,13847,463681055,130906584.1,239915.0,6642.0,4689,11326515,449203.1,159080482.5,104232801.5,2083,462577527,130518973.3,7086.2,7008.0,3264,13696,529.8,cudaLaunchKernel,"void at::native::index_elementwise_kernel<(int)128, (int)4, void at::native::gpu_index_kernel<void at::native::index_put_kernel_impl<at::native::OpaqueType<(int)8>>(at::TensorIterator &, c10::ArrayRef<long>, c10::ArrayRef<long>)::[lambda(char *, const char *, long) (instance 1)]>(at::TensorIteratorBase &, c10::ArrayRef<long>, c10::ArrayRef<long>, const T1 &, bool)::[lambda(int) (instance 1)]>(long, T3)"
2264054,2266203,0,14292,14292,158206487.2,103979537.5,8509,465028943,130652654.4,85639.8,5540.0,4338,4011171,236635.8,158118788.2,103971202.5,273,465010418,130553738.2,2059.2,2016.0,1631,31776,334.1,cudaLaunchKernel,"void at::native::vectorized_elementwise_kernel<(int)4, at::native::bitwise_not_kernel_cuda(at::TensorIteratorBase &)::[lambda(bool) (instance 1)], std::array<char *, (unsigned long)2>>(int, T2, T3)"
2264054,2266203,0,140,140,157982034.5,3698059.5,180455,1830808795,434026763.9,8828.9,7174.0,5361,23576,4154.6,157944589.0,3643894.0,159230,1830753780,434022257.5,28616.6,12304.0,7392,158624,28400.6,cudaLaunchKernel,"void at::native::reduce_kernel<(int)512, (int)1, at::native::ReduceOp<float, at::native::func_wrapper_t<float, at::native::sum_functor<float, float, float>::operator ()(at::TensorIterator &)::[lambda(float, float) (instance 1)]>, unsigned int, float, (int)4, (int)4>>(T3)"
2264054,2266203,0,28628,28624,157633613.9,103615049.5,8263,463988154,130328577.5,9907.8,5150.0,3847,3524523,37880.4,157643717.9,103617185.5,1459,463980384,130327820.9,2014.9,1984.0,1536,71872,717.5,cudaLaunchKernel,"void at::native::vectorized_elementwise_kernel<(int)4, at::native::BinaryFunctor<bool, bool, bool, at::native::logical_or_kernel_cuda(at::TensorIterator &)::[lambda() (instance 2)]::operator ()() const::[lambda() (instance 9)]::operator ()() const::[lambda(bool, bool) (instance 1)]>, std::array<char *, (unsigned long)3>>(int, T2, T3)"
2264054,2265402,0,48,48,154552662.1,71101940.5,14453832,990270840,240287612.9,46807.8,4899.5,4559,567992,132718.8,153924949.5,70615175.0,14051940,989422751,240271833.4,580904.8,553949.5,389438,799708,167409.1,cudaLaunchKernel,"void <unnamed>::softmax_warp_backward<float, c10::Half, float, (int)10, (bool)0, (bool)0, (int)32>(T2 *, const T1 *, const T1 *, int, int, int, const bool *)"
2264054,2266203,0,6,6,139743424.7,146344890.5,126187181,146785765,10449014.7,32055.8,16907.0,11992,106793,36795.6,139707960.8,146276405.5,126166917,146765399,10437305.3,3408.0,3424.0,3328,3456,44.1,cudaLaunchKernel,"void at::native::<unnamed>::CatArrayBatchedCopy_contig<at::native::<unnamed>::OpaqueType<(unsigned int)1>, unsigned int, (int)1, (int)128, (int)1>(T1 *, at::native::<unnamed>::CatArrInputTensorMetadata<T1, T2, T4, T5>, at::native::<unnamed>::TensorSizeStride<T2, (unsigned int)4>, int, T2)"
2264054,2266203,0,24750,24750,133053647.6,95588125.5,18898,464774799,110483512.4,405421.3,9418.0,4989,10365154,745433.2,132641429.7,95472141.5,1407,463682825,110104221.0,6796.6,6688.0,3488,14976,535.2,cudaLaunchKernel,"void at::native::index_elementwise_kernel<(int)128, (int)4, void at::native::gpu_index_kernel<void at::native::index_put_kernel_impl<at::native::OpaqueType<(int)4>>(at::TensorIterator &, c10::ArrayRef<long>, c10::ArrayRef<long>)::[lambda(char *, const char *, long) (instance 1)]>(at::TensorIteratorBase &, c10::ArrayRef<long>, c10::ArrayRef<long>, const T1 &, bool)::[lambda(int) (instance 1)]>(long, T3)"
2264054,2265402,0,128,127,127501455.5,9500856.0,64511,992312978,235966267.9,56091.5,10345.0,9538,1153287,208286.1,128106644.2,9686194.0,725,991091577,236456072.5,339558.3,162959.0,53408,1215194,367050.0,cuLaunchKernel,void cutlass::Kernel2<cutlass_75_tensorop_f16_s1688gemm_f16_256x128_nt_align1>(T1::Params)
2264054,2265402,0,128,126,125521466.7,8828547.5,39335,987279389,235115620.8,22448.9,10510.0,9298,510763,72968.5,127242727.6,9269623.5,709,986861681,236357570.2,244468.2,102079.5,28256,981755,300638.3,cuLaunchKernel,void cutlass::Kernel2<cutlass_75_tensorop_f16_s1688gemm_f16_64x64_nt_align1>(T1::Params)
2264054,2265402,0,608,606,125107381.5,31608113.5,73360,999789289,230560694.8,35120.9,10129.0,8406,1941658,186453.9,125319858.3,31593840.5,890,999690213,230801789.8,164644.3,111088.0,28320,749917,180347.7,cudaLaunchKernel,ampere_fp16_s16816gemm_fp16_128x128_ldg8_f2f_stages_32x5_nn
2264054,2265402,0,384,382,124442221.9,19237891.5,29359,1017222713,206563112.4,42192.8,10535.0,8215,2374323,267864.8,124602243.3,19651120.5,743,1016894195,206792678.6,446763.9,333183.0,18880,1198778,331030.7,cudaLaunchKernel,ampere_fp16_s16816gemm_fp16_256x128_ldg8_f2f_stages_32x3_nn
2264054,2265402,0,48,48,113772506.9,65809938.5,10242444,704076789,156760757.9,10860.9,6868.0,5881,89020,16083.4,113320486.7,65423712.5,9906754,703500127,156737961.7,441159.4,429774.0,318655,578237,101005.3,cudaLaunchKernel,"void <unnamed>::softmax_warp_forward<c10::Half, float, float, (int)10, (bool)0, (bool)0, (int)32>(T2 *, const T1 *, int, int, int, const bool *, int, bool)"
2264054,2265402,0,64,64,110046369.2,38388875.5,7900500,948711045,199748524.1,26233.9,10465.5,7594,979165,121284.0,109846381.1,38259912.0,7768066,948477040,199711212.9,173754.2,172863.0,115264,232543,55960.0,cuLaunchKernel,void cutlass::Kernel2<cutlass_80_tensorop_f16_s16816gemm_f16_64x128_64x3_nn_align2>(T1::Params)
2264054,2265402,0,256,250,110004876.8,7671498.5,20121,993439382,230570505.4,17728.1,10850.5,9638,804022,53105.8,112609892.2,8303796.0,539,993387631,232675293.9,16574.3,14704.0,8960,34752,6187.8,cudaLaunchKernel,"void at::native::reduce_kernel<(int)128, (int)4, at::native::ReduceOp<c10::Half, at::native::func_wrapper_t<c10::Half, at::native::sum_functor<c10::Half, float, c10::Half>::operator ()(at::TensorIterator &)::[lambda(float, float) (instance 1)]>, unsigned int, c10::Half, (int)4, (int)8>>(T3)"
2264054,2265402,0,256,254,109980557.8,7632335.0,20758,993453110,230554865.3,39647.3,9072.0,7956,1138008,169730.5,110775840.0,7901421.5,277,993357246,231215474.5,30517.6,24416.0,10912,84480,18257.1,cudaLaunchKernel,"void at::native::reduce_kernel<(int)512, (int)1, at::native::ReduceOp<c10::Half, at::native::func_wrapper_t<c10::Half, at::native::sum_functor<c10::Half, float, c10::Half>::operator ()(at::TensorIterator &)::[lambda(float, float) (instance 1)]>, unsigned int, c10::Half, (int)4, (int)8>>(T3)"
2264054,2266203,0,16,16,108682977.4,108939376.5,83719432,133374505,18943238.5,12138.8,11156.5,9689,17724,2647.0,105437627.9,105698059.0,80470622,130132370,18944243.3,3233210.8,3231083.5,3229289,3247621,5472.6,cudaLaunchKernel,ampere_sgemm_128x64_nt
2264054,2265402,0,256,254,108139606.3,9173032.0,43065,993503901,201698242.2,15844.6,10319.0,7354,670828,46886.4,108663870.3,9171058.5,658,992257130,202117411.0,308832.7,127983.0,30912,1245594,381095.0,cuLaunchKernel,void cutlass::Kernel2<cutlass_75_tensorop_f16_s1688gemm_f16_64x64_nn_align1>(T1::Params)
2264054,2265402,0,1041,1013,108036151.4,7262218.0,9714,993348182,228593190.9,10719.2,6633.0,3868,871300,42375.1,111000632.7,7994274.0,249,993335525,231012867.2,10434.3,3776.0,2176,715644,49143.0,cudaLaunchKernel,"void at::native::vectorized_elementwise_kernel<(int)4, at::native::FillFunctor<c10::Half>, std::array<char *, (unsigned long)1>>(int, T2, T3)"
2264054,2266203,0,45190,43090,107225807.8,11709.0,8308,1825390513,329467215.2,6781.3,6152.0,4118,957384,13133.0,112438506.5,2068.0,0,1825378507,336528681.7,5622.7,3264.0,1856,679010,23949.4,cudaLaunchKernel,"void at::native::elementwise_kernel<(int)128, (int)2, void at::native::gpu_kernel_impl_nocast<at::native::direct_copy_kernel_cuda(at::TensorIteratorBase &)::[lambda() (instance 3)]::operator ()() const::[lambda() (instance 7)]::operator ()() const::[lambda(float) (instance 1)]>(at::TensorIteratorBase &, const T1 &)::[lambda(int) (instance 1)]>(int, T3)"
2264054,2265402,0,1840,1816,106608412.3,7128252.0,8218,1017686549,227799342.9,29891.0,5470.0,4048,6704431,352824.1,107915608.3,7561372.0,844,1017560970,228925148.3,70523.3,17712.0,1792,2257077,234006.8,cudaLaunchKernel,"void at::native::vectorized_elementwise_kernel<(int)4, at::native::BinaryFunctor<float, float, float, at::native::binary_internal::MulFunctor<float>>, std::array<char *, (unsigned long)3>>(int, T2, T3)"
2264054,2265402,0,256,254,106321537.3,8697144.5,57514,988083199,200730193.4,36037.6,10084.0,7474,1088483,147293.8,106627913.9,8712318.5,763,987221571,201056517.1,490629.6,182959.0,47520,2014774,622781.6,cuLaunchKernel,void cutlass::Kernel2<cutlass_75_tensorop_f16_s1688gemm_f16_64x64_tn_align1>(T1::Params)
2264054,2265402,0,528,525,106175281.3,7134265.0,17212,1017543659,227596588.0,18562.1,5641.0,4889,1220475,114918.2,106738255.4,7180574.0,1930,1017479096,228089050.3,24937.3,22448.0,9088,61472,11608.8,cudaLaunchKernel,"void at::native::reduce_kernel<(int)512, (int)1, at::native::ReduceOp<float, at::native::func_wrapper_t<float, at::native::sum_functor<float, float, float>::operator ()(at::TensorIterator &)::[lambda(float, float) (instance 1)]>, unsigned int, float, (int)4, (int)4>>(T3)"
2264054,2265402,0,528,520,106128452.1,7097714.0,10543,1017504912,227581774.5,11055.7,7594.0,6823,753395,36768.9,107747453.0,7603907.0,1307,1017494588,228937041.7,2498.5,2560.0,1696,3136,303.0,cudaLaunchKernel,"void at::native::vectorized_elementwise_kernel<(int)4, void at::native::<unnamed>::pow_tensor_scalar_kernel_impl<float, float>(at::TensorIteratorBase &, T2)::[lambda(float) (instance 2)], std::array<char *, (unsigned long)2>>(int, T2, T3)"
2264054,2265402,0,1056,1043,106090866.7,7046347.0,9004,1017580339,227459329.9,8637.5,6522.0,4569,679735,30495.6,107392035.7,7518466.0,1007,1017492255,228557376.7,12269.5,4080.0,1856,85439,17798.8,cudaLaunchKernel,"void at::native::vectorized_elementwise_kernel<(int)4, at::native::AUnaryFunctor<float, float, float, at::native::binary_internal::MulFunctor<float>>, std::array<char *, (unsigned long)2>>(int, T2, T3)"
2264054,2265402,0,528,525,106084152.4,7051970.0,17503,1017489787,227559033.0,9358.2,8065.0,7094,172479,12098.9,106658384.7,7098947.0,1330,1017416628,228061898.1,22431.2,17200.0,8512,65344,14304.8,cudaLaunchKernel,"void at::native::elementwise_kernel<(int)128, (int)2, void at::native::gpu_kernel_impl_nocast<at::native::BUnaryFunctor<float, float, float, at::native::binary_internal::MulFunctor<float>>>(at::TensorIteratorBase &, const T1 &)::[lambda(int) (instance 1)]>(int, T3)"
2264054,2265402,0,2560,2522,105831087.3,7242026.0,9552,1017837748,223846147.0,21736.7,6032.0,4339,1768188,127582.1,107389654.5,7653566.5,248,1017771405,225129841.3,13779.1,8768.0,2688,62751,13328.4,cudaLaunchKernel,"void at::native::vectorized_elementwise_kernel<(int)4, at::native::CUDAFunctor_add<c10::Half>, std::array<char *, (unsigned long)3>>(int, T2, T3)"
2264054,2265402,0,64,64,103351763.8,18250476.0,37069,948533037,229193332.6,20524.5,10415.0,9518,533046,66434.5,103239152.2,18085770.5,779,948328513,229181118.8,92087.1,71119.5,26015,202495,70995.5,cuLaunchKernel,void cutlass::Kernel2<cutlass_80_tensorop_f16_s16816gemm_f16_256x64_32x4_nt_align2>(T1::Params)
2264054,2265402,0,64,62,102512769.9,16682577.0,37959,946551823,229092371.8,12612.7,10235.0,9568,131380,15133.2,105712278.3,17609729.0,951,946227644,232038305.8,91435.6,71136.0,27168,197599,68836.3,cuLaunchKernel,void cutlass::Kernel2<cutlass_80_tensorop_f16_s16816gemm_f16_64x256_32x4_nt_align2>(T1::Params)
2264054,2265402,0,576,573,101432631.5,26418346.0,72060,705082534,161231785.4,13024.7,9467.5,5601,504331,33893.5,101763090.0,27737565.0,467,704942918,161412546.7,186540.2,111679.5,34016,1217338,260500.2,cudaLaunchKernel,ampere_fp16_s16816gemm_fp16_128x128_ldg8_f2f_stages_32x5_tn
2264054,2265402,0,3072,3021,96896491.1,7023931.5,10707,999850355,207707137.0,17269.3,8216.0,4259,2219839,105109.9,98494194.2,7364633.0,596,999751577,209054290.3,20214.0,14528.0,3935,90943,17992.1,cudaLaunchKernel,"void at::native::elementwise_kernel<(int)128, (int)4, void at::native::gpu_kernel_impl_nocast<at::native::direct_copy_kernel_cuda(at::TensorIteratorBase &)::[lambda() (instance 3)]::operator ()() const::[lambda() (instance 10)]::operator ()() const::[lambda(c10::Half) (instance 1)]>(at::TensorIteratorBase &, const T1 &)::[lambda(int) (instance 1)]>(int, T3)"
2264054,2266203,0,10486,10484,96019498.8,87632029.5,10714,218299488,54632155.7,9893.8,8556.0,5700,1287122,29088.2,96026318.9,87640674.0,771,218287667,54621267.0,1601.4,1472.0,1312,31872,985.1,cudaLaunchKernel,"void at::native::vectorized_elementwise_kernel<(int)2, at::native::FillFunctor<long>, std::array<char *, (unsigned long)1>>(int, T2, T3)"
2264054,2265402,0,16,16,94595474.2,15268769.0,7673749,875556342,233693753.8,11073.9,10480.0,9708,17763,2023.9,94507418.8,15183129.0,7584048,875468168,233694009.1,76981.6,76719.5,75199,79040,1375.1,cuLaunchKernel,void cutlass::Kernel2<cutlass_80_tensorop_f16_s16816gemm_relu_f16_256x64_32x4_nt_align8>(T1::Params)
2264054,2266203,0,2776,2771,93134916.1,96034205.0,849457,128904190,22254201.1,9684.1,7805.0,6903,2481697,49159.7,92700168.4,95460573.0,12,128070581,21815280.3,592034.8,586497.0,307200,894403,171072.2,cudaLaunchKernel,ampere_sgemm_64x32_sliced1x4_nt
2264054,2266203,0,24560,23914,91886961.2,46425551.0,8561,464006239,126267381.5,7208.3,6011.0,5090,3842289,35781.9,94359945.8,46472855.0,38,463998480,127043199.3,1773.0,1696.0,1536,50560,429.1,cudaLaunchKernel,"void at::native::vectorized_elementwise_kernel<(int)4, void at::native::compare_scalar_kernel<float>(at::TensorIteratorBase &, at::native::<unnamed>::OpType, T1)::[lambda(float) (instance 1)], std::array<char *, (unsigned long)2>>(int, T2, T3)"
2264054,2265402,0,80,80,91009850.6,9953559.0,517823,905305357,225916569.1,6253.0,4694.0,4298,98889,10553.9,90816922.3,9751589.0,400103,905017535,225914651.3,186675.3,167615.0,109984,285311,60656.2,cudaLaunchKernel,"void <unnamed>::softmax_warp_backward<float, c10::Half, float, (int)9, (bool)0, (bool)0, (int)32>(T2 *, const T1 *, const T1 *, int, int, int, const bool *)"
2264054,2265402,0,512,507,90672014.2,7087993.0,14251,991184744,195345115.1,14445.9,8221.0,6263,664667,48448.4,91435518.4,7192344.0,35,990432727,196042220.7,114990.5,43872.0,5696,756412,182269.3,cudaLaunchKernel,"void at::native::vectorized_elementwise_kernel<(int)4, at::native::AUnaryFunctor<c10::Half, c10::Half, c10::Half, at::native::binary_internal::MulFunctor<float>>, std::array<char *, (unsigned long)2>>(int, T2, T3)"
2264054,2265402,0,1024,1007,90508923.8,7065614.5,12874,993372727,195194865.1,19383.1,7900.0,6583,1154278,91714.4,92007352.1,7283883.0,753,993355705,196466344.9,9689.0,7088.0,4256,42687,8104.4,cudaLaunchKernel,"void at::native::elementwise_kernel<(int)128, (int)4, void at::native::gpu_kernel_impl_nocast<at::native::neg_kernel_cuda(at::TensorIteratorBase &)::[lambda() (instance 2)]::operator ()() const::[lambda() (instance 8)]::operator ()() const::[lambda(c10::Half) (instance 1)]>(at::TensorIteratorBase &, const T1 &)::[lambda(int) (instance 1)]>(int, T3)"
2264054,2265402,0,256,256,90234885.4,7246741.5,34153,838797317,187110420.9,10383.2,9107.5,8136,181696,11107.7,90151564.6,7174899.0,1622,838647557,187095993.1,72937.6,55808.0,22208,231167,51811.4,cudaLaunchKernel,"void at::native::vectorized_elementwise_kernel<(int)4, at::native::<unnamed>::silu_backward_kernel(at::TensorIteratorBase &)::[lambda() (instance 1)]::operator ()() const::[lambda() (instance 3)]::operator ()() const::[lambda(c10::Half, c10::Half) (instance 1)], std::array<char *, (unsigned long)3>>(int, T2, T3)"
2264054,2265402,0,3088,3014,90100309.5,6978111.5,12911,1017280329,194807212.3,12814.2,7425.0,6042,1175128,58326.3,92277958.8,7444314.5,444,1017193264,196656201.3,20893.9,14624.0,4608,91328,17641.9,cudaLaunchKernel,"void at::native::elementwise_kernel<(int)128, (int)4, void at::native::gpu_kernel_impl_nocast<at::native::BinaryFunctor<c10::Half, c10::Half, c10::Half, at::native::binary_internal::MulFunctor<float>>>(at::TensorIteratorBase &, const T1 &)::[lambda(int) (instance 1)]>(int, T3)"
2264054,2265402,0,1040,1023,89277061.0,6860568.5,17320,1017502434,194199591.0,14954.5,7329.0,4378,1370952,86852.0,90713235.6,7207185.0,175,1017400753,195446187.1,31706.2,25664.0,9024,100064,21593.2,cudaLaunchKernel,"void at::native::elementwise_kernel<(int)128, (int)2, void at::native::gpu_kernel_impl_nocast<at::native::BinaryFunctor<float, float, float, at::native::binary_internal::MulFunctor<float>>>(at::TensorIteratorBase &, const T1 &)::[lambda(int) (instance 1)]>(int, T3)"
2264054,2266203,0,16100,15847,87080552.2,84267017.0,1363587,218453377,71972481.9,48734.4,4249.0,3546,8264082,222865.2,85946505.1,83800867.0,1,215672035,71948973.7,2435909.7,2757835.0,1350654,7304479,1401220.2,cudaLaunchKernel,"void <unnamed>::qvq_viterbi_kernel<(int)4, (int)2, __half, unsigned char>(const float *, const T3 *, const float *, const long *, const float *, T4 *, long *, float *, int, int, int, bool, bool, bool)"
2264054,2265402,0,64,64,87042513.2,7420997.0,4342341,875099697,226312930.8,9598.9,9388.0,8306,14868,1079.5,86949125.6,7326656.5,4249860,875006875,226313207.1,83788.8,83456.0,82527,85952,851.4,cuLaunchKernel,void cutlass::Kernel2<cutlass_80_tensorop_f16_s16816gemm_relu_f16_128x128_32x4_nn_align8>(T1::Params)
2264054,2265402,0,1315,1302,84725538.3,6594137.0,11943,1017791972,185399250.5,12443.5,7023.0,4378,872061,56773.3,85497571.5,6757503.0,1167,1017721764,186110057.6,60754.3,12448.0,4032,1468698,174525.4,cudaLaunchKernel,"void at::native::vectorized_elementwise_kernel<(int)4, at::native::float16_copy_kernel_cuda(at::TensorIteratorBase &)::[lambda(float) (instance 1)], std::array<char *, (unsigned long)2>>(int, T2, T3)"
2264054,2265402,0,128,126,84407895.9,15709667.0,62627,947020074,192311323.4,14387.0,10059.0,7624,460748,41699.2,85449990.2,16614902.0,614,946223203,193496439.7,278691.4,196671.0,53120,671037,246551.4,cuLaunchKernel,void cutlass::Kernel2<cutlass_80_wmma_tensorop_f16_s161616gemm_f16_32x32_32x1_tn_align2>(T1::Params)
2264054,2265402,0,48,48,83076589.4,300729.5,40346,874945289,223026730.7,10957.4,10229.5,9538,25809,2739.3,83021346.9,258668.0,1013,874860799,223025248.6,44285.2,32207.5,26112,75776,19951.7,cuLaunchKernel,void cutlass::Kernel2<cutlass_80_tensorop_f16_s16816gemm_relu_f16_64x256_32x4_nt_align8>(T1::Params)
2264054,2265402,0,224,223,80798539.8,25393499.0,287506,703431178,150310681.3,13221.8,9899.0,8646,565407,37683.8,80667349.6,25492468.0,1181,702630722,150514834.8,478101.9,448030.5,276127,730493,148942.6,cudaLaunchKernel,ampere_fp16_s16816gemm_fp16_128x256_ldg8_f2f_stages_64x3_tn
2264054,2265402,0,32,32,79165983.2,445688.5,36801,843646045,224454731.0,11860.6,11592.5,10500,19557,1568.2,79128894.7,408577.0,729,843608472,224454489.0,25227.9,25280.0,24640,26112,400.5,cudaLaunchKernelExC,sm80_xmma_gemm_f16f16_f16f32_f32_nn_n_tilesize160x128x32_stage4_warpsize2x2x1_tensor16x8x16_execute_kernel__5x_cublas
2264054,2265402,0,64,62,78057277.1,66041.0,30053,845910872,220925725.8,9371.5,9157.5,8166,15640,1292.5,80525571.1,1552.5,789,845843537,224058525.4,38804.9,38800.0,20384,58271,18027.6,cuLaunchKernel,void cutlass::Kernel2<cutlass_80_tensorop_f16_s16816gemm_relu_f16_256x64_32x4_nn_align8>(T1::Params)
2264054,2265402,0,192,184,77826888.1,36162.0,27450,852179826,219385808.6,11427.7,11191.0,9758,24638,1529.5,81165987.6,1059.0,275,852103104,223512857.5,31470.6,23408.0,16384,65952,17309.0,cudaLaunchKernelExC,sm80_xmma_gemm_f16f16_f16f32_f32_nn_n_tilesize96x128x32_stage4_warpsize2x2x1_tensor16x8x16_execute_kernel__5x_cublas
2264054,2265402,0,32,32,77602378.8,315499.0,37777,831138211,221137244.8,11389.0,10705.0,9929,20500,2088.1,77559481.9,267136.0,647,831091503,221137647.5,31507.9,31216.0,25888,38496,5205.3,cudaLaunchKernel,ampere_fp16_s16816gemm_fp16_128x64_ldg8_f2f_stages_32x6_nt
2264054,2266203,0,13376,13362,77571139.9,71062830.5,9627,1827119736,75876618.1,6724.7,5441.0,4589,2705102,33737.1,77642391.4,71517380.5,59,1827023591,75874109.9,3291.4,2208.0,1472,192929,9318.0,cudaLaunchKernel,"void at::native::vectorized_elementwise_kernel<(int)4, at::native::CUDAFunctor_add<float>, std::array<char *, (unsigned long)3>>(int, T2, T3)"
2264054,2265402,0,96,96,77450155.9,247542.5,62355,834977476,218478589.9,5614.9,4884.0,4399,52390,4932.2,77384534.4,179614.0,18828,834882767,218477716.9,60006.5,58927.5,35200,90080,18133.4,cudaLaunchKernel,"void <unnamed>::softmax_warp_backward<float, c10::Half, float, (int)8, (bool)0, (bool)0, (int)32>(T2 *, const T1 *, const T1 *, int, int, int, const bool *)"
2264054,2265402,0,16,14,76439345.9,35108.0,34315,820406459,222304686.9,10404.8,10334.5,9378,12735,807.5,87320332.3,1185.5,754,820371967,236634411.8,23730.0,23680.0,23584,24128,145.0,cuLaunchKernel,void cutlass::Kernel2<cutlass_80_wmma_tensorop_f16_s161616gemm_f16_32x32_32x1_nt_align2>(T1::Params)
2264054,2265402,0,16,16,76426407.4,34053.0,30452,820298339,222269887.8,7717.8,5045.0,4338,43954,9711.0,76400819.6,10766.0,1171,820276241,222271027.6,17870.0,17824.0,16800,18816,440.0,cudaLaunchKernel,"void <unnamed>::softmax_warp_backward<float, c10::Half, float, (int)7, (bool)0, (bool)0, (int)32>(T2 *, const T1 *, const T1 *, int, int, int, const bool *)"
2264054,2266203,0,30330,30329,76413198.8,74124549.0,15174,218189773,42749414.7,10036.3,8086.0,5621,6391785,60120.1,76391930.6,74095415.0,696,218175326,42746244.7,13750.7,8064.0,3936,53312,11380.5,cudaLaunchKernel,"void at::native::index_elementwise_kernel<(int)128, (int)4, void at::native::gpu_index_kernel<void at::native::index_kernel_impl<at::native::OpaqueType<(int)4>>(at::TensorIteratorBase &, c10::ArrayRef<long>, c10::ArrayRef<long>)::[lambda(char *, const char *, long) (instance 1)]>(at::TensorIteratorBase &, c10::ArrayRef<long>, c10::ArrayRef<long>, const T1 &, bool)::[lambda(int) (instance 1)]>(long, T3)"
2264054,2265402,0,16,13,76406401.5,27015.0,26445,820194575,222239849.5,11068.0,10309.5,9398,17133,2257.0,94006328.0,1105.0,889,820168978,244833037.8,15730.0,15760.0,15296,16000,225.7,cuLaunchKernel,void cutlass::Kernel2<cutlass_80_tensorop_f16_s16816gemm_f16_128x64_64x3_nt_align2>(T1::Params)
2264054,2266203,0,29652,28747,76125181.7,16906.5,10314,464027976,120031053.4,9391.0,6052.0,4598,3590780,28182.8,78504857.9,2546.0,3,464011597,121131524.6,6985.5,7456.0,3104,83585,1729.4,cudaLaunchKernel,"void at::native::reduce_kernel<(int)512, (int)1, at::native::ReduceOp<float, at::native::func_wrapper_t<float, at::native::MaxNanFunctor<float>>, unsigned int, float, (int)4, (int)4>>(T3)"
2264054,2265402,0,32,32,75988567.6,14164391.0,6619749,875587887,192766912.1,10712.9,11081.0,8447,21731,2479.6,75898622.0,14072446.0,6527353,875504343,192767573.3,79232.7,79120.0,73856,84896,3484.1,cudaLaunchKernel,ampere_fp16_s16816gemm_fp16_64x128_sliced1x2_ldg8_f2f_stages_64x3_nn
2264054,2266203,0,59764,57919,75985130.1,2410107.5,8606,1830772592,120842665.8,50041.3,9127.0,4378,6957994,178978.6,78351676.4,3668581.0,0,1830760055,121880292.9,2283.2,2080.0,1440,257249,4870.7,cudaLaunchKernel,"void at::native::vectorized_elementwise_kernel<(int)4, at::native::AbsFunctor<float>, std::array<char *, (unsigned long)2>>(int, T2, T3)"
2264054,2266203,0,30112,29342,75748117.1,2423040.5,8194,1830748724,121438451.3,6298.6,5561.0,4429,1453349,15337.3,77727115.2,6209708.0,59,1830737854,122391568.2,2302.7,2080.0,1472,169312,4488.2,cudaLaunchKernel,"void at::native::vectorized_elementwise_kernel<(int)4, at::native::AUnaryFunctor<float, float, bool, at::native::<unnamed>::CompareEqFunctor<float>>, std::array<char *, (unsigned long)2>>(int, T2, T3)"
2264054,2266203,0,30126,29358,75706589.2,2413199.5,7597,1830731878,121417662.1,5461.6,4409.0,3757,8181835,49731.2,77679064.5,5950979.5,9,1830723810,122367993.0,2348.2,2080.0,1472,164544,4533.2,cudaLaunchKernel,"void at::native::vectorized_elementwise_kernel<(int)4, at::native::BinaryFunctor<float, float, bool, at::native::<unnamed>::CompareEqFunctor<float>>, std::array<char *, (unsigned long)3>>(int, T2, T3)"
2264054,2265402,0,768,768,73131744.9,6920020.0,98831,703384307,151048924.3,8807.4,8286.0,4299,691397,24771.7,73050898.3,6850155.5,58677,703209295,151026894.4,72039.2,53167.5,18432,233023,52534.1,cudaLaunchKernel,"void at::native::vectorized_elementwise_kernel<(int)4, at::native::BinaryFunctor<c10::Half, c10::Half, c10::Half, at::native::binary_internal::MulFunctor<float>>, std::array<char *, (unsigned long)3>>(int, T2, T3)"
2264054,2265402,0,256,255,72696837.4,6552413.5,33367,703406180,151088236.7,14082.1,8786.0,7594,697007,50815.1,72916112.9,6728513.0,1560,702610230,151293037.2,51475.3,39456.0,16096,155551,35138.0,cudaLaunchKernel,"void at::native::vectorized_elementwise_kernel<(int)4, at::native::<unnamed>::silu_kernel(at::TensorIteratorBase &)::[lambda() (instance 1)]::operator ()() const::[lambda() (instance 5)]::operator ()() const::[lambda(c10::Half) (instance 1)], std::array<char *, (unsigned long)2>>(int, T2, T3)"
2264054,2265402,0,112,104,72364672.8,79539.5,26735,841726766,208991459.1,11615.4,11036.0,9758,22683,1658.7,77848782.9,984.5,122,841628599,215947901.1,65032.4,44432.0,15616,168831,49218.9,cudaLaunchKernelExC,sm80_xmma_gemm_f16f16_f16f32_f32_nn_n_tilesize192x128x32_stage3_warpsize4x2x1_tensor16x8x16_execute_kernel__5x_cublas
2264054,2265402,0,512,496,71899350.8,6581595.5,13572,705073426,150543127.0,13518.3,8015.0,6672,620532,52418.2,74181687.6,7380230.0,382,705010974,152381292.2,22368.5,12720.0,5312,84799,20593.4,cudaLaunchKernel,"void at::native::vectorized_elementwise_kernel<(int)4, void at::native::<unnamed>::pow_tensor_scalar_kernel_impl<float, float>(at::TensorIteratorBase &, T2)::[lambda(float) (instance 1)], std::array<char *, (unsigned long)2>>(int, T2, T3)"
2264054,2265402,0,512,502,71891372.0,6568734.5,17584,705080458,150540632.2,12816.7,6933.0,5971,568794,51206.8,73291410.3,7047735.0,1583,705035174,151676738.0,18636.7,13984.0,9184,61119,12909.5,cudaLaunchKernel,"void at::native::reduce_kernel<(int)512, (int)1, at::native::ReduceOp<float, at::native::MeanOps<float, float, float, float>, unsigned int, float, (int)4, (int)4>>(T3)"
2264054,2265402,0,512,490,71865474.3,6541358.5,9883,705052781,150529104.3,11149.2,7093.0,6091,600213,41963.6,75078035.2,7550152.0,1197,705025892,153084442.1,2351.6,2336.0,1824,3104,216.6,cudaLaunchKernel,"void at::native::vectorized_elementwise_kernel<(int)4, at::native::CUDAFunctorOnSelf_add<float>, std::array<char *, (unsigned long)2>>(int, T2, T3)"
2264054,2265402,0,512,505,71850446.3,6525001.5,9007,705017313,150523518.0,11333.3,5861.0,5010,814050,48480.7,72832613.1,6749458.0,1303,704969931,151312652.2,2275.9,2272.0,1824,2656,117.6,cudaLaunchKernel,"void at::native::vectorized_elementwise_kernel<(int)4, at::native::rsqrt_kernel_cuda(at::TensorIteratorBase &)::[lambda() (instance 2)]::operator ()() const::[lambda() (instance 2)]::operator ()() const::[lambda(float) (instance 1)], std::array<char *, (unsigned long)2>>(int, T2, T3)"
2264054,2265402,0,768,756,71383043.9,6325231.0,12528,705074318,150099206.4,11150.3,6107.0,5180,628588,44674.2,72404774.7,6783444.0,476,705002415,150958260.5,98497.6,23648.0,5184,1596569,247432.8,cudaLaunchKernel,"void at::native::elementwise_kernel<(int)128, (int)4, void at::native::gpu_kernel_impl_nocast<at::native::CUDAFunctor_add<c10::Half>>(at::TensorIteratorBase &, const T1 &)::[lambda(int) (instance 1)]>(int, T3)"
2264054,2265402,0,64,64,71246864.7,16413563.0,5855531,649189986,147237353.9,17693.1,8972.0,8095,317305,46877.3,71185590.2,16352855.0,5811108,648821001,147204044.5,43581.4,42560.0,34336,53535,7959.7,cuLaunchKernel,void cutlass::Kernel2<cutlass_80_tensorop_f16_s16816gemm_relu_f16_128x128_32x4_tn_align8>(T1::Params)
2264054,2265402,0,512,498,71231991.0,6334155.5,15998,705032744,150072752.5,9274.5,6593.0,5611,714922,32736.0,73193710.5,7074075.0,1331,704925318,151675616.8,30442.1,21647.5,8096,134655,26847.7,cudaLaunchKernel,"void at::native::<unnamed>::CatArrayBatchedCopy<at::native::<unnamed>::OpaqueType<(unsigned int)2>, unsigned int, (int)4, (int)64, (int)64>(T1 *, at::native::<unnamed>::CatArrInputTensorMetadata<T1, T2, T4, T5>, at::native::<unnamed>::TensorSizeStride<T2, (unsigned int)4>, int, T2)"
2264054,2265402,0,64,63,67902231.8,7937374.5,43269,874999288,187622596.4,9689.7,10024.0,7715,13516,1299.4,68899984.0,7908925.0,1000,874887710,188929324.1,69147.3,68239.5,33055,108031,35687.9,cuLaunchKernel,void cutlass::Kernel2<cutlass_80_tensorop_f16_s16816gemm_relu_f16_128x128_32x5_tn_align8>(T1::Params)
2264054,2265402,0,32,32,66829289.8,239664.0,174448,807817004,195539480.5,11614.6,11417.0,10410,14769,962.4,66652754.6,63844.5,143,807636208,195538050.3,164920.6,165087.0,162144,169695,1865.3,cudaLaunchKernelExC,sm80_xmma_gemm_f16f16_f16f32_f32_nn_n_tilesize160x128x32_stage3_warpsize2x2x1_tensor16x8x16_execute_kernel__5x_cublas
2264054,2265402,0,67,67,64932957.1,526826.0,386143,816257690,191720165.8,11244.4,10580.0,9568,22743,2205.9,64603852.8,316321.0,175705,816042828,191758152.2,317859.9,202336.0,199999,3335958,551679.0,cudaLaunchKernel,ampere_fp16_s16816gemm_fp16_128x256_ldg8_f2f_stages_64x3_nn
2264054,2265402,0,64,64,63750093.3,4638730.5,258181,851810942,186420670.3,11143.5,12043.0,8306,23244,2359.3,63615351.1,4601073.0,2258,851764169,186430889.0,123598.6,113776.0,27680,246272,97388.4,cuLaunchKernel,void cutlass::Kernel2<cutlass_80_tensorop_f16_s16816gemm_relu_f16_128x128_32x5_nn_align8>(T1::Params)
2264054,2265402,0,189,185,60854068.7,2457179.0,176739,890050536,170861621.5,11486.9,10941.0,8366,21811,2145.3,61467967.8,1438061.0,60,889634754,172591132.5,675571.1,225952.0,163423,15974514,1755132.3,cudaLaunchKernel,ampere_fp16_s16816gemm_fp16_256x128_ldg8_f2f_stages_64x3_nn
2264054,2265402,0,64,62,60192036.1,156951.5,36112,831120385,183488410.7,9867.4,10279.5,7604,13887,1586.2,62093395.6,123323.5,816,831080948,186143820.8,29256.9,30192.0,25472,36896,3446.4,cuLaunchKernel,void cutlass::Kernel2<cutlass_80_tensorop_f16_s16816gemm_relu_f16_64x256_32x4_nn_align8>(T1::Params)
2264054,2265402,0,32,32,60126037.8,188245.5,47025,829040569,184808424.2,10437.7,10229.5,8256,19137,2257.5,60078873.1,142525.5,715,828993605,184808450.9,36727.0,36560.0,35424,38176,901.6,cudaLaunchKernel,ampere_fp16_s16816gemm_fp16_64x64_ldg8_f2f_tn
2264054,2265402,0,64,59,59857426.6,50515.0,36926,827996469,182797734.0,10076.4,10089.5,7524,30909,3196.8,64883198.6,1416.0,303,827949941,189634218.0,33274.0,33119.5,27680,39328,5309.7,cuLaunchKernel,void cutlass::Kernel2<cutlass_80_tensorop_f16_s16816gemm_f16_64x64_32x6_nn_align2>(T1::Params)
2264054,2265402,0,32,31,59312943.4,32254.5,31057,820378812,182886674.1,9528.7,9748.5,7634,11802,1208.6,61194248.8,1338.0,878,820349130,185584284.7,21544.9,21504.0,20991,22112,348.0,cuLaunchKernel,void cutlass::Kernel2<cutlass_80_wmma_tensorop_f16_s161616gemm_f16_32x32_64x1_tn_align2>(T1::Params)
2264054,2265402,0,32,31,59282921.5,33463.5,31237,820170023,182829595.7,9600.2,10023.5,7634,12494,1370.7,61162611.7,1494.0,998,820137021,185526283.3,22080.9,22080.0,21215,23168,376.1,cuLaunchKernel,void cutlass::Kernel2<cutlass_80_wmma_tensorop_f16_s161616gemm_f16_32x32_64x1_nn_align2>(T1::Params)
2264054,2264054,0,37,36,56503764.0,2885120.0,907422,260888748,83142063.6,154795.1,6422.0,5340,5403322,886841.9,54370646.0,1351385.5,243074,254148084,81677202.6,3447894.8,1519333.0,634595,6735966,2919504.6,cudaLaunchKernel,"void at::native::<unnamed>::cunn_SoftMaxForward<(int)8, c10::Half, float, float, at::native::<unnamed>::SoftMaxForwardEpilogue>(T4 *, const T2 *, int)"
2264054,2266203,0,16,16,54766851.6,40448196.0,16986176,101579063,39409107.3,7135.6,5501.0,4349,16501,3168.1,54751766.0,40436057.0,16973259,101553063,39404378.7,7950.0,5088.0,4000,17312,4915.4,cudaLaunchKernel,"void gemmSN_NN_kernel<float, (int)256, (int)4, (int)2, (int)8, (int)4, (int)4, (bool)0, cublasGemvTensorBatched<const float>, cublasGemvTensorBatched<const float>, cublasGemvTensorBatched<float>>(cublasGemmSmallNParams<T9, T10, T11, T1>)"
2264054,2265402,0,80,80,54272580.9,8315649.0,168594,617621710,141455985.5,6700.8,6677.5,5721,10660,765.9,54134523.8,8170982.5,75913,617431581,141454452.7,131356.3,125567.5,85280,188608,35047.7,cudaLaunchKernel,"void <unnamed>::softmax_warp_forward<c10::Half, float, float, (int)9, (bool)0, (bool)0, (int)32>(T2 *, const T1 *, int, int, int, const bool *, int, bool)"
2264054,2265402,0,32,32,51963930.0,8614948.5,5941630,573504655,140607831.7,11794.4,11672.0,10790,14718,818.3,51865868.8,8516610.5,5844358,573408526,140608368.8,86266.7,86336.0,84927,87264,600.7,cudaLaunchKernelExC,sm80_xmma_gemm_f16f16_f16f32_f32_tn_n_tilesize128x128x32_stage4_warpsize2x2x1_tensor16x8x16_execute_kernel__5x_cublas
2264054,2266203,0,45505,43886,50119821.9,9124.0,7743,1830721356,105077261.4,5402.2,4379.0,3818,4086344,40001.4,51960909.9,2429.0,0,1826652305,106541536.9,2224.9,2176.0,1504,105217,2140.9,cudaLaunchKernel,"void at::native::vectorized_elementwise_kernel<(int)4, at::native::BinaryFunctor<bool, bool, bool, at::native::binary_internal::MulFunctor<bool>>, std::array<char *, (unsigned long)3>>(int, T2, T3)"
2264054,2266203,0,3040,3038,49223410.2,47168585.5,3278413,122901852,17488918.9,8184.0,7495.0,6383,262630,9118.2,49096431.0,47089497.5,935,109237588,17374945.3,151096.9,70912.0,20736,13696850,700335.6,cuLaunchKernel,void cutlass::Kernel2<cutlass_80_simt_sgemm_128x32_8x5_nt_align1>(T1::Params)
2264054,2265402,0,96,93,45090421.4,1050535.5,41328,567797940,137654144.8,11316.0,10810.0,9558,25057,2412.7,46501472.1,1651274.0,722,567755406,139636256.7,30861.6,30816.0,30112,32064,490.1,cudaLaunchKernel,ampere_fp16_s16816gemm_fp16_128x128_ldg8_f2f_stages_64x3_tn
2264054,2265402,0,160,157,44620310.5,365689.5,175356,573844641,135932357.8,12484.1,9879.0,8747,402206,31020.8,45232491.8,134146.0,448,573499809,137091734.7,223481.1,222063.0,164384,342079,63442.3,cudaLaunchKernel,ampere_fp16_s16816gemm_fp16_256x128_ldg8_f2f_stages_64x3_tn
2264054,2266203,0,64,63,44412090.0,3101526.5,35701,146883686,56659920.3,16350.5,9172.5,7444,233986,38148.7,45002625.3,3071735.0,1502112,146556991,56717846.8,96308.8,21552.0,21088,325314,130560.6,cudaLaunchKernel,"std::enable_if<!T7, void>::type internal::gemvx::kernel<int, int, float, float, float, float, (bool)0, (bool)1, (bool)1, (bool)0, (int)7, (bool)0, cublasGemvParamsEx<int, cublasGemvTensorStridedBatched<const float>, cublasGemvTensorStridedBatched<const float>, cublasGemvTensorStridedBatched<float>, float>>(T13)"
2264054,2265402,0,32,31,43726074.3,213085.5,83694,559192605,138896687.0,12226.5,12078.0,11431,15580,920.3,45050191.3,130202.0,690,559109091,140960532.8,71547.7,71567.5,70880,71968,268.4,cudaLaunchKernelExC,sm80_xmma_gemm_f16f16_f16f32_f32_tn_n_tilesize160x128x32_stage4_warpsize2x2x1_tensor16x8x16_execute_kernel__5x_cublas
2264054,2266203,0,53038,51061,42945408.3,15534.0,8922,465045403,97482554.3,8160.2,5851.0,4218,6109007,39654.9,44592953.0,2220.0,0,465028916,98977111.4,6540.6,7264.0,2528,91488,2605.4,cudaLaunchKernel,"void at::native::reduce_kernel<(int)512, (int)1, at::native::ReduceOp<bool, at::native::func_wrapper_t<bool, at::native::and_kernel_cuda(at::TensorIterator &)::[lambda() (instance 1)]::operator ()() const::[lambda() (instance 12)]::operator ()() const::[lambda(bool, bool) (instance 1)]>, unsigned int, bool, (int)4, (int)4>>(T3)"
2264054,2265402,0,32,30,42798587.5,67814.5,66861,552211816,137257601.2,11242.7,11111.0,9899,14157,947.9,45580793.3,1150.0,848,552145236,141437776.3,55462.9,55488.0,55168,55680,104.3,cudaLaunchKernel,ampere_fp16_s16816gemm_fp16_256x128_ldg8_f2f_stages_32x3_tn
2264054,2265402,0,96,95,42760811.8,83762.5,36427,555701566,135773991.7,7257.0,6923.0,5811,18245,1548.5,43157316.0,30991.0,1662,555633819,136422484.0,45796.1,44927.5,28128,63039,12326.1,cudaLaunchKernel,"void <unnamed>::softmax_warp_forward<c10::Half, float, float, (int)8, (bool)0, (bool)0, (int)32>(T2 *, const T1 *, int, int, int, const bool *, int, bool)"
2264054,2265402,0,96,92,42709972.9,57252.0,55637,556435825,135668724.1,12144.3,11848.0,10710,22954,1437.8,44501161.3,988.5,373,556358243,138316981.5,50967.6,44191.5,43680,65408,9807.6,cudaLaunchKernelExC,sm80_xmma_gemm_f16f16_f16f32_f32_tn_n_tilesize96x128x32_stage4_warpsize2x2x1_tensor16x8x16_execute_kernel__5x_cublas
2264054,2265402,0,192,185,42660126.1,30146.5,28274,553539278,135164169.1,10664.3,10359.5,9328,23645,1595.2,44244121.8,1171.0,310,553509138,137450391.8,18530.8,18160.0,17696,20671,785.5,cudaLaunchKernel,ampere_fp16_s16816gemm_fp16_128x64_ldg8_f2f_stages_64x4_tn
2264054,2265402,0,32,30,42251691.2,58043.5,56889,546994929,135955602.5,11981.0,11742.5,10780,15640,1041.8,45007432.1,877.0,452,546938566,140099205.6,45373.9,45360.0,44864,46208,372.8,cudaLaunchKernelExC,sm80_xmma_gemm_f16f16_f16f32_f32_tn_n_tilesize192x128x32_stage3_warpsize4x2x1_tensor16x8x16_execute_kernel__5x_cublas
2264054,2265402,0,16,16,42178523.5,26629.0,25840,546134041,138125099.5,9859.0,6497.5,5892,50767,11212.0,42150646.6,2032.0,1410,546110165,138126333.9,18017.9,17984.0,17792,18464,166.7,cudaLaunchKernel,"void <unnamed>::softmax_warp_forward<c10::Half, float, float, (int)7, (bool)0, (bool)0, (int)32>(T2 *, const T1 *, int, int, int, const bool *, int, bool)"
2264054,2266203,0,76,76,33924931.4,31331904.0,1134228,134479956,36669474.5,34860.4,6963.5,5541,120209,47418.4,33888399.8,31323122.5,1126640,134470410,36660601.9,1671.2,1536.0,1408,3328,398.1,cudaLaunchKernel,"void at::native::unrolled_elementwise_kernel<at::native::AUnaryFunctor<long, long, long, at::native::BitwiseAndFunctor<long>>, std::array<char *, (unsigned long)2>, (int)4, TrivialOffsetCalculator<(int)1, unsigned int>, TrivialOffsetCalculator<(int)1, unsigned int>, at::native::memory::LoadWithoutCast, at::native::memory::StoreWithoutCast>(int, T1, T2, T4, T5, T6, T7)"
2264054,2266203,0,264,262,33177159.9,28329718.5,251243,74398071,20963798.7,9538.1,8171.0,6864,207406,12327.8,33344355.5,28302210.5,4,74340378,20890028.2,75886.3,47072.0,38912,245633,70954.9,cudaLaunchKernel,ampere_sgemm_32x32_sliced1x4_nt
2264054,2266203,0,128,128,29283749.5,27373063.0,47282,78356202,26597808.7,8530.6,8040.0,7173,24627,1843.5,29245872.5,27330347.5,1521,78310023,26597383.0,29346.3,29247.5,19296,40385,6899.2,cudaLaunchKernel,ampere_sgemm_128x32_nt
2264054,2264054,0,764,757,26911419.8,3215966.0,45267,267255478,53740982.6,10750.3,9453.5,5501,591897,21960.7,26917770.4,3061313.0,68,266079131,53784597.1,229545.9,139248.0,34368,1217402,284954.0,cudaLaunchKernel,ampere_fp16_s16816gemm_fp16_128x128_ldg8_f2f_stages_32x5_tn
2264054,2266203,0,12,12,16072679.3,16806227.0,13036789,17282269,1496637.0,8246.6,7875.0,6052,11713,1904.5,2948414.1,3485312.5,41139,4164355,1428993.5,13116018.6,12987759.0,12877337,13785879,325569.2,cuLaunchKernel,void cutlass::Kernel2<cutlass_80_simt_sgemm_128x64_8x5_nn_align1>(T1::Params)
2264054,2266203,0,4,4,16049406.5,16035381.5,15915207,16211656,137548.5,9588.3,9723.5,8275,10631,1145.0,3246960.3,3245655.5,3207292,3289238,37101.7,12792858.0,12780358.5,12697284,12913431,101601.1,cudaLaunchKernel,ampere_sgemm_128x64_tn
2264054,2266203,0,364,360,14185383.9,2537627.5,233113,493622733,71314331.7,9721.9,9623.5,6102,19117,1596.5,14080120.0,2504775.0,602,492719636,71605209.7,250277.8,39408.0,15072,897123,362030.5,cudaLaunchKernel,ampere_sgemm_128x32_nn
2264054,2266203,0,4,2,13298734.8,13361632.5,12895492,13576182,334902.9,14645.5,14678.0,13185,16041,1397.3,690206.5,690206.5,680323,700090,13977.4,12939506.8,12880586.0,12859291,13137564,132420.7,cuLaunchKernel,void cutlass::Kernel2<cutlass_80_simt_sgemm_64x128_8x5_nt_align1>(T1::Params)
2264054,2264054,0,16,16,12713017.9,11245781.5,3758673,29468697,7147700.9,10889.5,8035.0,7044,48563,10106.8,9740088.1,7904740.5,2907334,23389230,5858235.0,2962040.3,2350648.0,842142,7529146,1885950.1,cudaLaunchKernel,"void at::native::<unnamed>::cunn_SoftMaxForward<(int)4, float, float, float, at::native::<unnamed>::LogSoftMaxForwardEpilogue>(T4 *, const T2 *, int)"
2264054,2264054,0,16,15,12429730.1,9989788.0,3716476,29423820,7223992.3,538120.1,6843.0,5430,8489251,2120303.5,12679827.1,10512800.0,3706833,29412421,7397689.0,4352.0,4352.0,3712,4960,347.0,cudaLaunchKernel,"void at::native::<unnamed>::nll_loss_forward_no_reduce_cuda_kernel<float, long>(long, torch::headeronly::detail::GenericPackedTensorAccessor<torch::headeronly::detail::TensorAccessor<c10::ArrayRef<long>, T1, (unsigned long)1, torch::headeronly::DefaultPtrTraits, long>, at::detail::IndexBoundsCheck<(unsigned long)2, long>, T1, (unsigned long)2, torch::headeronly::DefaultPtrTraits, long>, const T2 *, T1 *, const T1 *, long, long)"
2264054,2264054,0,297,295,12244695.8,4203951.0,47351,95249685,17764863.2,11263.3,10139.0,8627,239366,13352.5,11726302.2,3581558.0,75,83833661,17388428.9,586103.3,412159.0,36736,11404072,1135425.9,cudaLaunchKernel,ampere_fp16_s16816gemm_fp16_128x256_ldg8_f2f_stages_64x3_tn
2264054,2264054,0,16,16,11847748.4,9938956.0,32687,29362679,7809749.4,9523.8,7740.0,7024,29867,5540.3,11836394.6,9929739.0,1156,29353482,7811927.6,1830.0,1824.0,1664,2176,115.8,cudaLaunchKernel,"void at::native::vectorized_elementwise_kernel<(int)4, at::native::AbsFunctor<float>, std::array<char *, (unsigned long)2>>(int, T2, T3)"
2264054,2264054,0,16,16,11818911.4,9912141.5,27853,29335099,7808739.2,7950.8,6417.5,5200,24727,4749.2,11809300.6,9905052.5,1494,29327261,7810385.4,1660.0,1632.0,1536,1792,62.8,cudaLaunchKernel,"void at::native::vectorized_elementwise_kernel<(int)4, at::native::BinaryFunctor<float, float, bool, at::native::<unnamed>::CompareEqFunctor<float>>, std::array<char *, (unsigned long)3>>(int, T2, T3)"
2264054,2266203,0,8,8,11252856.0,11249156.5,11218548,11299330,25960.5,17241.6,8160.5,5811,68992,21601.7,7815028.5,7824835.0,7727382,7858437,40277.6,3420585.9,3421285.0,3412878,3426085,4199.4,cudaLaunchKernel,ampere_sgemm_128x64_lower_nt
2264054,2265402,0,4,4,9468776.0,9282786.0,6962566,12346966,2310699.3,9328.0,8757.0,7865,11933,1821.2,9455168.0,9269709.0,6947177,12334077,2311655.3,4280.0,4320.0,3456,5024,675.0,cudaLaunchKernel,"void at_cuda_detail::cub::detail::reduce::DeviceReduceKernel<at_cuda_detail::cub::detail::reduce::policy_hub<int, unsigned long long, cuda::std::__4::plus<void>>::Policy1000, thrust::_V_300200_SM_750_800_860_900_1000_1200::transform_iterator<at::native::<unnamed>::NonZeroOp<bool>, const bool *, thrust::_V_300200_SM_750_800_860_900_1000_1200::use_default, thrust::_V_300200_SM_750_800_860_900_1000_1200::use_default>, unsigned long long, cuda::std::__4::plus<void>, int, cuda::std::__4::identity>(T2, T5 *, T3, at_cuda_detail::cub::GridEvenShare<T3>, T4, T6)"
2264054,2264054,0,64,61,9466693.0,1821769.5,45385,36430053,11765099.6,9143.7,8777.0,7915,13004,1149.3,9877360.6,1939605.0,648,36367425,11854735.5,43229.8,42416.0,34560,54016,8437.1,cuLaunchKernel,void cutlass::Kernel2<cutlass_80_tensorop_f16_s16816gemm_relu_f16_128x128_32x4_tn_align8>(T1::Params)
2264054,2265402,0,4,4,9459738.5,9274391.5,6950249,12339922,2312679.7,6985.8,6928.5,5520,8566,1282.5,9450216.8,9264839.0,6939123,12332066,2314035.5,2536.0,2576.0,2336,2656,139.2,cudaLaunchKernel,"void at_cuda_detail::cub::detail::reduce::DeviceReduceSingleTileKernel<at_cuda_detail::cub::detail::reduce::policy_hub<int, unsigned long long, cuda::std::__4::plus<void>>::Policy1000, int *, int *, int, cuda::std::__4::plus<void>, int, int, cuda::std::__4::identity>(T2, T3, T4, T5, T6, T8)"
2264054,2264054,0,19,18,8970877.8,7200867.0,1859297,20075559,5794252.6,117068.3,8035.0,3757,2070524,473062.3,8672346.8,7041954.0,905849,19318014,5657697.1,637944.4,639613.0,231328,1057468,229775.1,cudaLaunchKernel,"void at::native::reduce_kernel<(int)512, (int)1, at::native::ReduceOp<float, at::native::ArgMaxOps<float>, unsigned int, long, (int)4, (int)4>>(T3)"
2264054,2264054,0,32,32,8513318.9,6651782.0,11317,29346330,6734057.9,6844.3,5811.0,4749,26961,4035.7,8504106.7,6639521.0,1277,29339597,6735453.0,2368.0,2336.0,1792,3104,459.0,cudaLaunchKernel,"void at::native::vectorized_elementwise_kernel<(int)4, at::native::AUnaryFunctor<float, float, bool, at::native::<unnamed>::CompareEqFunctor<float>>, std::array<char *, (unsigned long)2>>(int, T2, T3)"
2264054,2264054,0,35,35,8495347.0,6918223.0,17345,29390597,6545234.3,9183.0,7083.0,4038,74522,11505.8,8155086.9,6212019.0,881,29378606,6669711.5,331077.1,280288.0,3904,1004092,345894.6,cudaLaunchKernel,"void at::native::reduce_kernel<(int)512, (int)1, at::native::ReduceOp<float, at::native::func_wrapper_t<float, at::native::sum_functor<float, float, float>::operator ()(at::TensorIterator &)::[lambda(float, float) (instance 1)]>, unsigned int, float, (int)4, (int)4>>(T3)"
2264054,2264054,0,19,18,8492360.3,6637675.0,2338548,18565398,4826538.9,168681.3,7544.0,3487,3053456,698594.0,6939206.2,5401821.0,1744885,16433730,4542577.7,1749800.0,1774423.0,583774,2912756,661441.9,cudaLaunchKernel,"void at::native::vectorized_elementwise_kernel<(int)4, at::native::BinaryFunctor<float, float, float, at::native::binary_internal::DivFunctor<float>>, std::array<char *, (unsigned long)3>>(int, T2, T3)"
2264054,2264054,0,32,32,8267793.7,6152947.0,10945,29324200,6775019.0,7236.6,5390.5,4138,52630,8454.4,7972912.3,5813563.0,1776,29317950,6885329.6,287644.8,84095.5,1792,1449593,385119.2,cudaLaunchKernel,"void at::native::vectorized_elementwise_kernel<(int)4, at::native::BinaryFunctor<bool, bool, bool, at::native::binary_internal::MulFunctor<bool>>, std::array<char *, (unsigned long)3>>(int, T2, T3)"
2264054,2264054,0,19,18,6487887.7,5092233.0,1770642,14330876,3930372.6,140848.7,7434.0,3556,2528305,578156.1,5808688.3,4640276.5,1253791,13291805,3800457.7,844092.7,875260.0,270271,1469178,336470.8,cudaLaunchKernel,"void at::native::<unnamed>::distribution_elementwise_grid_stride_kernel<float, (int)4, void at::native::templates::cuda::uniform_and_transform<float, float, at::CUDAGeneratorImpl *, void at::native::templates::cuda::exponential_kernel<at::CUDAGeneratorImpl *>(at::TensorIteratorBase &, double, T1)::[lambda() (instance 1)]::operator ()() const::[lambda() (instance 2)]::operator ()() const::[lambda(float) (instance 1)]>(at::TensorIteratorBase &, T3, T4)::[lambda(curandStatePhilox4_32_10 *) (instance 2)], void at::native::<unnamed>::distribution_nullary_kernel<float, float, float4, at::CUDAGeneratorImpl *, void at::native::templates::cuda::uniform_and_transform<float, float, at::CUDAGeneratorImpl *, void at::native::templates::cuda::exponential_kernel<at::CUDAGeneratorImpl *>(at::TensorIteratorBase &, double, T1)::[lambda() (instance 1)]::operator ()() const::[lambda() (instance 2)]::operator ()() const::[lambda(float) (instance 1)]>(at::TensorIteratorBase &, T3, T4)::[lambda(curandStatePhilox4_32_10 *) (instance 2)], void at::native::templates::cuda::exponential_kernel<at::CUDAGeneratorImpl *>(at::TensorIteratorBase &, double, T1)::[lambda() (instance 1)]::operator ()() const::[lambda() (instance 2)]::operator ()() const::[lambda(float) (instance 1)]>(at::TensorIteratorBase &, T4, const T5 &, T6)::[lambda(int, float) (instance 1)]>(long, at::PhiloxCudaState, T3, T4)"
2264054,2264054,0,492,469,6370632.5,36447.5,20848,263130298,28591128.8,10526.3,9839.0,8526,183390,7917.4,6563398.3,1479.0,134,261886274,29053869.9,103590.3,25408.0,10816,1237146,230832.5,cuLaunchKernel,void cutlass::Kernel2<cutlass_75_tensorop_f16_s1688gemm_f16_64x64_nn_align1>(T1::Params)
2264054,2264054,0,640,639,6008150.6,87313.5,14428,266161494,25846105.4,8268.5,7815.0,6372,34857,2069.9,5976227.6,69496.0,956,265924647,25831830.9,32993.8,10336.5,3232,231103,45464.6,cudaLaunchKernel,"void at::native::vectorized_elementwise_kernel<(int)4, at::native::BinaryFunctor<c10::Half, c10::Half, c10::Half, at::native::binary_internal::MulFunctor<float>>, std::array<char *, (unsigned long)3>>(int, T2, T3)"
2264054,2264054,0,1280,1248,5926307.9,19225.0,10731,267270812,25724265.4,8142.4,7769.5,6121,37482,1914.7,6060792.3,8478.0,31,267212244,26026645.7,8928.9,4480.0,2624,61216,10396.4,cudaLaunchKernel,"void at::native::vectorized_elementwise_kernel<(int)4, at::native::CUDAFunctor_add<c10::Half>, std::array<char *, (unsigned long)3>>(int, T2, T3)"
2264054,2266203,0,316,316,5609537.2,6947684.0,2044306,7148367,2056428.3,9432.8,8977.0,7825,35738,2158.9,5536657.6,6868704.0,2025638,7003210,2021720.0,63446.7,50576.0,9088,141249,51482.4,cuLaunchKernel,void cutlass::Kernel2<cutlass_80_simt_sgemm_128x32_8x5_nn_align1>(T1::Params)
2264054,2264054,0,244,244,5399044.0,141107.0,65348,80724797,13832119.9,7044.5,6172.0,5150,95121,5999.9,5254537.0,66047.0,1739,80131072,13699846.8,137462.5,62400.0,42592,587965,159793.7,cudaLaunchKernel,"void <unnamed>::softmax_warp_forward<c10::Half, float, float, (int)10, (bool)0, (bool)0, (int)32>(T2 *, const T1 *, int, int, int, const bool *, int, bool)"
2264054,2266203,0,44,44,5346279.6,1716300.5,230633,17495281,7195027.3,11011.8,8897.0,7504,28184,4907.8,5333234.4,1702239.0,220308,17483686,7191881.1,2033.5,2080.0,1408,2624,325.3,cudaLaunchKernel,"void at::native::vectorized_elementwise_kernel<(int)4, at::native::FillFunctor<bool>, std::array<char *, (unsigned long)1>>(int, T2, T3)"
2264054,2264054,0,541,507,5337775.7,40821.0,16504,251929579,25733635.6,10158.7,9829.0,8607,25959,1434.3,5532267.4,1179.0,0,249926461,26244285.9,143104.0,30112.0,6432,1995510,360377.3,cuLaunchKernel,void cutlass::Kernel2<cutlass_75_tensorop_f16_s1688gemm_f16_64x64_tn_align1>(T1::Params)
2264054,2264054,0,19,18,5260218.8,4465474.0,1428111,10977107,3014543.3,368732.3,9167.0,4108,6832094,1565177.3,4512951.6,3619099.5,882627,10234346,2921778.6,616063.1,619869.0,215519,1015932,223281.4,cudaLaunchKernel,"void at::native::reduce_kernel<(int)512, (int)1, at::native::ReduceOp<float, at::native::MinMaxOps<float, float, int>, unsigned int, float, (int)4, (int)4>>(T3)"
2264054,2266203,0,44,44,5242348.2,1624667.5,157816,17407270,7161237.1,9225.3,8045.0,6171,15400,2438.4,5231117.1,1615288.5,140812,17397207,7160078.3,2005.8,1968.0,1760,2592,203.1,cudaLaunchKernel,"void at::native::vectorized_elementwise_kernel<(int)4, void at::native::compare_scalar_kernel<c10::Half>(at::TensorIteratorBase &, at::native::<unnamed>::OpType, T1)::[lambda(c10::Half) (instance 1)], std::array<char *, (unsigned long)2>>(int, T2, T3)"
2264054,2264054,0,16,16,5168028.8,4159812.5,1530225,12314507,3040043.2,8696.0,6828.0,5300,28434,5621.3,5157284.8,4151895.5,1521124,12300310,3040080.1,2048.0,2048.0,1952,2240,85.1,cudaLaunchKernel,"void at::native::vectorized_elementwise_kernel<(int)4, at::native::bitwise_not_kernel_cuda(at::TensorIteratorBase &)::[lambda(bool) (instance 1)], std::array<char *, (unsigned long)2>>(int, T2, T3)"
2264054,2264054,0,32,32,4840472.0,3917721.5,1379917,12303704,2873547.4,6170.2,5155.0,3777,27202,4331.5,4830685.8,3909128.0,1371442,12296033,2874256.8,3616.0,3600.0,3232,4032,204.2,cudaLaunchKernel,"void at::native::_assert_async_cuda_kernel<bool>(const T1 *, at::native::Msg)"
2264054,2266203,0,1042,1042,4640729.0,2551649.0,34022,527466071,31964519.6,10547.3,10009.0,6713,306294,9273.2,4383469.0,2503280.0,701,513501086,31087013.1,246712.7,38960.0,17600,14185985,1663564.7,cudaLaunchKernel,ampere_sgemm_128x32_sliced1x4_nn
2264054,2264054,0,16,16,4613271.0,3678127.5,1265842,11361399,2925227.2,11184.4,9062.0,6623,44424,8992.0,1618226.5,1294923.5,415296,3725685,1019310.5,2983860.1,2375800.0,840958,7591290,1905135.4,cudaLaunchKernel,"void at::native::<unnamed>::cunn_SoftMaxForward<(int)4, float, float, float, at::native::<unnamed>::SoftMaxForwardEpilogue>(T4 *, const T2 *, int)"
2264054,2264054,0,32,32,4549314.0,3729932.5,1396419,10957932,2710307.9,7051.5,5691.0,4258,32221,5130.1,4539854.5,3721907.0,1389075,10946549,2710862.5,2408.0,2400.0,2176,2784,135.5,cudaLaunchKernel,"void at::native::vectorized_elementwise_kernel<(int)4, void at::native::compare_scalar_kernel<float>(at::TensorIteratorBase &, at::native::<unnamed>::OpType, T1)::[lambda(float) (instance 1)], std::array<char *, (unsigned long)2>>(int, T2, T3)"
2264054,2264054,0,16,16,4530726.2,3712591.0,1386761,10931106,2755872.4,7882.6,5956.0,5330,25278,4925.6,4520779.6,3704696.0,1378904,10923063,2757203.8,2064.0,2032.0,1824,2304,128.5,cudaLaunchKernel,"void at::native::vectorized_elementwise_kernel<(int)4, at::native::BinaryFunctor<bool, bool, bool, at::native::BitwiseAndFunctor<bool>>, std::array<char *, (unsigned long)3>>(int, T2, T3)"
2264054,2266203,0,278,278,4514055.4,1135502.0,870657,126433419,16990854.0,10074.7,9753.5,7755,19336,1320.3,4392940.8,1116461.0,852554,122828403,16416670.5,111039.8,11008.0,7392,3595217,583128.3,cudaLaunchKernel,ampere_sgemm_64x32_sliced1x4_nn
2264054,2264054,0,46,41,4423355.3,22537.0,13347,29431363,7355797.9,12007.5,11713.0,6262,30539,4400.6,4940315.2,1149.0,132,29421868,7631301.4,8162.1,2016.0,1376,111489,22419.6,cudaLaunchKernel,"void at::native::vectorized_elementwise_kernel<(int)4, at::native::FillFunctor<float>, std::array<char *, (unsigned long)1>>(int, T2, T3)"
2264054,2266203,0,28,23,4280737.5,16976.0,11281,20266682,8312069.8,10737.3,7870.0,6382,61898,10255.0,5194077.9,7379.0,559,20247703,8931117.0,3649.1,3360.0,3168,4928,656.6,cudaLaunchKernel,"void at::native::elementwise_kernel<(int)128, (int)2, void at::native::gpu_kernel_impl_nocast<at::native::AbsFunctor<float>>(at::TensorIteratorBase &, const T1 &)::[lambda(int) (instance 1)]>(int, T3)"
2264054,2264054,0,896,874,4202718.5,50093.0,13000,264840698,21832428.8,16401.9,8697.0,6913,6484612,216338.7,4270399.2,35072.5,527,264677769,22076209.6,20819.3,9024.0,3520,155327,27227.0,cudaLaunchKernel,"void at::native::vectorized_elementwise_kernel<(int)4, at::native::<unnamed>::silu_kernel(at::TensorIteratorBase &)::[lambda() (instance 1)]::operator ()() const::[lambda() (instance 5)]::operator ()() const::[lambda(c10::Half) (instance 1)], std::array<char *, (unsigned long)2>>(int, T2, T3)"
2264054,2266203,0,2122,2122,3928849.1,2531041.0,25635,146892583,12194934.5,5353.5,4840.0,3977,167459,3891.8,3919616.2,2522356.5,1659,146871049,12193443.0,3879.4,3360.0,2496,16544,2159.2,cudaLaunchKernelExC,"void cublasLt::splitKreduce_kernel<(int)32, (int)16, int, float, float, float, float, (bool)0, float, float, float, (bool)1, (bool)0, (bool)0, (bool)0>(cublasLt::cublasSplitKParams<T6>, const T4 *, const T10 *, T9 *, T5 *, const T6 *, const T6 *, const T11 *, const T4 *, T11 *, void *, long, T6 *, int *, T6 *, T6 *, const T6 *, const T6 *, const T6 *, const T6 *, const T6 *)"
2264054,2266203,0,52,51,3847203.1,944120.0,24097,13535633,4866681.7,6208.2,5947.0,3827,13345,1725.0,1855492.4,12768.0,1175,11266038,4088273.0,2021203.1,926350.5,16768,7296065,2337972.9,cudaLaunchKernel,"void kernel<getrf_wo_pivot_params_<float, (int)0, (int)256, (int)1, (int)64, (int)64, (int)68, (int)8, (int)1, (int)1>>(int, int, void *, int, void *, int, int, int, int, int, int *)"
2264054,2266203,0,24,19,3733769.3,1160609.0,10191,15490034,5141238.2,14899.8,10320.0,5050,63771,11593.8,4691905.3,3135596.0,590,15464791,5379534.7,4674.7,4672.0,2912,6016,930.7,cudaLaunchKernel,"void at::native::<unnamed>::CatArrayBatchedCopy_vectorized<at::native::<unnamed>::OpaqueType<(unsigned int)2>, unsigned int, (int)1, (int)128, (int)1, (int)16, (int)8>(char *, at::native::<unnamed>::CatArrInputTensorMetadata<T1, T2, T4, T5>, at::native::<unnamed>::TensorSizeStride<T2, (unsigned int)4>, int, T2)"
2264054,2264054,0,3712,3521,3687673.7,16175.5,12370,263163639,20159027.1,9232.6,8496.0,6322,567150,12056.8,3864861.5,1594.0,14,263066753,20669396.3,12531.0,6016.0,4096,90400,14892.0,cudaLaunchKernel,"void at::native::elementwise_kernel<(int)128, (int)4, void at::native::gpu_kernel_impl_nocast<at::native::direct_copy_kernel_cuda(at::TensorIteratorBase &)::[lambda() (instance 3)]::operator ()() const::[lambda() (instance 10)]::operator ()() const::[lambda(c10::Half) (instance 1)]>(at::TensorIteratorBase &, const T1 &)::[lambda(int) (instance 1)]>(int, T3)"
2264054,2264054,0,16,16,3687343.5,3086795.5,1111019,8685518,2127976.1,9888.9,8075.5,6884,31730,5956.9,3122052.8,2481291.0,944536,7544329,1892718.1,555401.8,445134.5,158848,1405273,350967.5,cudaLaunchKernel,"void at::native::vectorized_elementwise_kernel<(int)4, at::native::AUnaryFunctor<c10::Half, c10::Half, bool, at::native::<unnamed>::CompareEqFunctor<c10::Half>>, std::array<char *, (unsigned long)2>>(int, T2, T3)"
2264054,2265402,0,16,16,3519799.1,2797147.5,916865,8764719,2290602.7,17387.5,15104.0,8045,50567,10473.3,466303.8,363871.0,19620,1190599,369633.0,3036107.9,2420824.0,854142,7710617,1933513.0,cudaLaunchKernel,"void at::native::<unnamed>::cunn_SoftMaxBackward<(int)4, float, float, float, at::native::<unnamed>::LogSoftMaxBackwardEpilogue>(T2 *, const T4 *, const T4 *, long)"
2264054,2264054,0,16,15,3483689.3,2839880.5,973726,7582386,2073253.5,333891.0,10254.5,7764,5170790,1289844.7,2620164.5,2104424.0,772747,6145633,1570237.3,693449.1,549630.0,193215,1783543,446473.0,cudaLaunchKernel,"void at::native::vectorized_elementwise_kernel<(int)4, at::native::AbsFunctor<c10::Half>, std::array<char *, (unsigned long)2>>(int, T2, T3)"
2264054,2266203,0,44,43,3320802.8,971443.5,13346,14344893,5245658.2,43958.4,7233.5,4809,1602132,240379.3,3165765.3,915283.0,5002,13516526,4990856.6,183047.8,46688.0,2272,830177,307754.3,cudaLaunchKernel,"void at::native::triu_tril_kernel<float, int, (bool)0, (int)2, (bool)1>(at::cuda::detail::TensorInfo<T1, T2>, at::cuda::detail::TensorInfo<const T1, T2>, long, long, T2)"
2264054,2265402,0,16,15,3306179.0,1530681.5,486922,26990535,6391567.1,1385426.4,7869.5,6031,22039723,5507812.9,2488.6,2220.0,1561,4869,909.5,1919068.3,1520698.5,476254,4961192,1272739.7,cudaLaunchKernel,"void <unnamed>::indexing_backward_kernel<c10::Half, (int)4>(const long *, const long *, const T1 *, T1 *, long, long, long, long, bool)"
2264054,2266203,0,2560,2560,3276789.1,2677684.0,730716,7278376,1978989.5,8991.9,7253.5,6101,2662231,53968.8,3265422.8,2668080.0,8947,7268021,1979835.6,2374.5,2176.0,2048,3328,448.4,cudaLaunchKernel,"void at::native::elementwise_kernel<(int)128, (int)2, void at::native::gpu_kernel_impl_nocast<at::native::BUnaryFunctor<long, long, long, at::native::rshift_kernel_cuda(at::TensorIteratorBase &)::[lambda() (instance 1)]::operator ()() const::[lambda() (instance 4)]::operator ()() const::[lambda(long, long) (instance 1)]>>(at::TensorIteratorBase &, const T1 &)::[lambda(int) (instance 1)]>(int, T3)"
2264054,2264054,0,2320,2208,3252836.5,17600.5,15860,267395695,19334723.3,8528.7,6473.0,5310,3345012,70074.3,3397077.6,2022.0,15,267333223,19799578.6,11286.9,9248.0,8128,59487,7122.0,cudaLaunchKernel,"void at::native::reduce_kernel<(int)512, (int)1, at::native::ReduceOp<float, at::native::MeanOps<float, float, float, float>, unsigned int, float, (int)4, (int)4>>(T3)"
2264054,2264054,0,2320,2204,3252444.8,12009.0,9633,267362741,19332559.3,11320.2,6663.0,5119,9430213,195719.9,3403618.1,1884.0,80,267277145,19810714.1,7752.8,3616.0,2336,78848,12119.2,cudaLaunchKernel,"void at::native::vectorized_elementwise_kernel<(int)4, void at::native::<unnamed>::pow_tensor_scalar_kernel_impl<float, float>(at::TensorIteratorBase &, T2)::[lambda(float) (instance 1)], std::array<char *, (unsigned long)2>>(int, T2, T3)"
2264054,2264054,0,2320,2210,3240718.9,10576.0,9091,267372884,19332111.4,7403.2,6753.0,5360,517085,11632.6,3392186.1,1846.0,11,267363996,19793830.2,2015.3,1952.0,1536,3072,244.3,cudaLaunchKernel,"void at::native::vectorized_elementwise_kernel<(int)4, at::native::CUDAFunctorOnSelf_add<float>, std::array<char *, (unsigned long)2>>(int, T2, T3)"
2264054,2264054,0,2320,2213,3239766.0,9415.5,8349,267354427,19330126.1,8872.0,5260.0,4549,6091493,127139.9,3384995.1,2114.0,13,267344312,19778735.2,2061.0,2016.0,1632,2720,178.6,cudaLaunchKernel,"void at::native::vectorized_elementwise_kernel<(int)4, at::native::rsqrt_kernel_cuda(at::TensorIteratorBase &)::[lambda() (instance 2)]::operator ()() const::[lambda() (instance 2)]::operator ()() const::[lambda(float) (instance 1)], std::array<char *, (unsigned long)2>>(int, T2, T3)"
2264054,2264054,0,2320,2191,3238800.5,13085.0,10557,267421277,19333346.2,6800.2,5621.0,4729,408608,11045.0,3410599.1,1962.0,60,267324708,19867531.2,11110.8,5472.0,3616,91520,14514.8,cudaLaunchKernel,"void at::native::elementwise_kernel<(int)128, (int)2, void at::native::gpu_kernel_impl_nocast<at::native::BinaryFunctor<float, float, float, at::native::binary_internal::MulFunctor<float>>>(at::TensorIteratorBase &, const T1 &)::[lambda(int) (instance 1)]>(int, T3)"
2264054,2266203,0,2616,2614,3201040.3,2659926.5,15243,7261368,2006735.9,5932.1,5561.0,4679,51939,1589.1,3194982.2,2652553.5,9,7254230,2006440.3,2569.6,1792.0,1664,72736,6683.5,cudaLaunchKernel,"void at::native::vectorized_elementwise_kernel<(int)4, at::native::BinaryFunctor<long, long, bool, at::native::<unnamed>::CompareEqFunctor<long>>, std::array<char *, (unsigned long)3>>(int, T2, T3)"
2264054,2266203,0,2560,2560,3184936.5,2596497.0,13391,7096516,1972051.6,6650.2,5961.0,5169,259976,6937.4,3172758.9,2584697.5,2034,7084143,1971822.4,5527.4,5696.0,4352,6432,509.9,cudaLaunchKernel,"void at::native::unrolled_elementwise_kernel<at::native::CUDAFunctor_add<float>, std::array<char *, (unsigned long)3>, (int)4, TrivialOffsetCalculator<(int)2, unsigned int>, TrivialOffsetCalculator<(int)1, unsigned int>, at::native::memory::LoadWithCast<(int)2>, at::native::memory::StoreWithCast<(int)1>>(int, T1, T2, T4, T5, T6, T7)"
2264054,2265402,0,12,12,3100525.1,2785595.5,1178150,5140126,1301591.3,9889.5,9849.0,7113,12794,1871.3,3086136.9,2771311.5,1165598,5125866,1301474.4,4498.7,4384.0,3712,5312,480.6,cudaLaunchKernel,"void at_cuda_detail::cub::detail::reduce::DeviceReduceSingleTileKernel<at_cuda_detail::cub::detail::reduce::policy_hub<int, unsigned long long, cuda::std::__4::plus<void>>::Policy1000, thrust::_V_300200_SM_750_800_860_900_1000_1200::transform_iterator<at::native::<unnamed>::NonZeroOp<bool>, const bool *, thrust::_V_300200_SM_750_800_860_900_1000_1200::use_default, thrust::_V_300200_SM_750_800_860_900_1000_1200::use_default>, int *, unsigned long long, cuda::std::__4::plus<void>, int, int, cuda::std::__4::identity>(T2, T3, T4, T5, T6, T8)"
2264054,2264054,0,6928,6569,3009029.6,13529.0,10741,267520087,18332993.0,6978.7,5931.0,4439,552743,11042.5,3156630.2,2055.0,4,267435703,18806498.1,9060.7,5504.0,3872,90400,10795.3,cudaLaunchKernel,"void at::native::elementwise_kernel<(int)128, (int)4, void at::native::gpu_kernel_impl_nocast<at::native::BinaryFunctor<c10::Half, c10::Half, c10::Half, at::native::binary_internal::MulFunctor<float>>>(at::TensorIteratorBase &, const T1 &)::[lambda(int) (instance 1)]>(int, T3)"
2264054,2264054,0,3760,3598,2983505.9,12316.5,8378,267459687,18496237.1,6980.4,6683.0,4349,195393,3668.3,3088930.9,1964.0,48,267389528,18853023.3,20726.7,3904.0,1888,1141147,86096.2,cudaLaunchKernel,"void at::native::vectorized_elementwise_kernel<(int)4, at::native::float16_copy_kernel_cuda(at::TensorIteratorBase &)::[lambda(float) (instance 1)], std::array<char *, (unsigned long)2>>(int, T2, T3)"
2264054,2264054,0,1152,1110,2981927.8,16522.5,10849,252626623,18097787.9,9965.3,8336.0,6702,1489187,43655.5,3047924.0,1698.5,74,251862005,18347456.3,35208.6,6336.0,1888,756476,98776.1,cudaLaunchKernel,"void at::native::vectorized_elementwise_kernel<(int)4, at::native::AUnaryFunctor<c10::Half, c10::Half, c10::Half, at::native::binary_internal::MulFunctor<float>>, std::array<char *, (unsigned long)2>>(int, T2, T3)"
2264054,2264054,0,16,12,2979140.8,2337714.0,822532,7478581,1936381.8,15058.8,9438.0,7595,93989,21106.6,2164.3,2156.0,1582,2811,337.6,2962760.1,2326328.5,812126,7386875,1923895.5,cudaLaunchKernel,"void at::native::index_elementwise_kernel<(int)128, (int)4, void at::native::gpu_index_kernel<void at::native::index_kernel_impl<at::native::OpaqueType<(int)2>>(at::TensorIteratorBase &, c10::ArrayRef<long>, c10::ArrayRef<long>)::[lambda(char *, const char *, long) (instance 1)]>(at::TensorIteratorBase &, c10::ArrayRef<long>, c10::ArrayRef<long>, const T1 &, bool)::[lambda(int) (instance 1)]>(long, T3)"
2264054,2264054,0,3456,3308,2943701.6,14533.5,10625,254184123,17962199.8,6243.9,5771.0,4439,277018,6544.4,3035723.2,2117.0,32,252592153,18286315.6,31781.3,6560.0,3968,1584856,124733.0,cudaLaunchKernel,"void at::native::elementwise_kernel<(int)128, (int)4, void at::native::gpu_kernel_impl_nocast<at::native::CUDAFunctor_add<c10::Half>>(at::TensorIteratorBase &, const T1 &)::[lambda(int) (instance 1)]>(int, T3)"
2264054,2264054,0,2304,2176,2898935.8,17236.5,12869,249925563,17807790.0,7688.9,6142.0,4860,2025809,43394.0,3047125.1,2103.0,54,249884764,18301163.1,13470.5,8576.0,5600,134079,15795.3,cudaLaunchKernel,"void at::native::<unnamed>::CatArrayBatchedCopy<at::native::<unnamed>::OpaqueType<(unsigned int)2>, unsigned int, (int)4, (int)64, (int)64>(T1 *, at::native::<unnamed>::CatArrInputTensorMetadata<T1, T2, T4, T5>, at::native::<unnamed>::TensorSizeStride<T2, (unsigned int)4>, int, T2)"
2264054,2264054,0,2304,2180,2894382.2,13129.0,10827,249916511,17801918.8,10040.9,7163.0,5390,4540018,95702.7,3042657.3,1793.0,38,249899515,18285086.5,5513.2,4352.0,3456,42527,4520.2,cudaLaunchKernel,"void at::native::elementwise_kernel<(int)128, (int)4, void at::native::gpu_kernel_impl_nocast<at::native::neg_kernel_cuda(at::TensorIteratorBase &)::[lambda() (instance 2)]::operator ()() const::[lambda() (instance 8)]::operator ()() const::[lambda(c10::Half) (instance 1)]>(at::TensorIteratorBase &, const T1 &)::[lambda(int) (instance 1)]>(int, T3)"
2264054,2266203,0,86,83,2798250.3,10370.5,8724,20444273,6943807.4,6937.3,6408.0,5010,16130,1932.9,2870237.9,2038.0,106,20436095,7005761.0,21207.8,1760.0,1440,251937,63577.4,cudaLaunchKernel,"void at::native::vectorized_elementwise_kernel<(int)4, at::native::AUnaryFunctor<float, float, float, at::native::binary_internal::MulFunctor<float>>, std::array<char *, (unsigned long)2>>(int, T2, T3)"
2264054,2264054,0,32,29,2530026.0,1750819.0,12540,11551724,3107661.3,115803.6,8395.5,6292,3400798,599454.9,2487734.6,1873857.0,78,10921036,3002045.6,159977.3,54496.0,2944,746524,204987.3,cudaLaunchKernel,"void at::native::reduce_kernel<(int)512, (int)1, at::native::ReduceOp<bool, at::native::func_wrapper_t<bool, at::native::and_kernel_cuda(at::TensorIterator &)::[lambda() (instance 1)]::operator ()() const::[lambda() (instance 12)]::operator ()() const::[lambda(bool, bool) (instance 1)]>, unsigned int, bool, (int)4, (int)4>>(T3)"
2264054,2264054,0,254,237,2386217.7,1923893.5,454295,6756674,1341161.2,9585.9,8271.0,7334,266928,16267.2,1486.7,1494.0,105,4165,333.8,2375351.7,1914213.5,444994,6743518,1342031.7,cudaLaunchKernel,ampere_sgemm_128x64_nt
2264054,2266203,0,8588,8081,2380888.1,12223.0,11373,133309675,10851011.7,7367.6,6542.0,5771,1207570,16142.4,2515770.6,1741.0,26,133295838,11160228.5,6322.6,4032.0,3968,67296,10371.2,cudaLaunchKernel,ampere_sgemm_32x128_nt
2264054,2264054,0,381,367,2028956.4,190185.0,95033,284230541,15428002.9,10531.3,10230.0,8316,26701,1785.8,1794521.8,12822.0,11,266754619,14842923.9,289895.4,166207.0,84928,17460072,980712.6,cudaLaunchKernel,ampere_fp16_s16816gemm_fp16_256x128_ldg8_f2f_stages_64x3_tn
2264054,2264054,0,263,257,1969059.5,37047.0,19869,44898558,6424313.2,12799.7,9669.0,8456,740260,45051.3,1953961.2,1430.0,326,44655505,6446665.6,46913.2,25856.0,9600,254081,64276.4,cuLaunchKernel,void cutlass::Kernel2<cutlass_80_tensorop_f16_s16816gemm_f16_64x128_64x3_nn_align2>(T1::Params)
2264054,2264054,0,4294,3974,1823383.0,18232.0,12158,267309930,14313349.9,11438.8,10229.0,3647,668213,19530.4,1934174.2,1005.0,3,267207625,14857157.4,22035.0,6176.0,2016,2429174,141754.6,cudaLaunchKernel,"void at::native::unrolled_elementwise_kernel<at::native::direct_copy_kernel_cuda(at::TensorIteratorBase &)::[lambda() (instance 3)]::operator ()() const::[lambda() (instance 7)]::operator ()() const::[lambda(float) (instance 1)], std::array<char *, (unsigned long)2>, (int)4, TrivialOffsetCalculator<(int)1, unsigned int>, TrivialOffsetCalculator<(int)1, unsigned int>, at::native::memory::LoadWithCast<(int)1>, at::native::memory::StoreWithCast<(int)1>>(int, T1, T2, T4, T5, T6, T7)"
2264054,2266203,0,126,110,1812248.2,22639.0,9023,19457404,4506686.0,11075.4,10159.0,5521,64022,5450.8,2013973.0,1353.5,139,19188275,4696758.6,43066.7,11520.0,1632,260192,73973.9,cudaLaunchKernel,"void at::native::vectorized_elementwise_kernel<(int)4, at::native::BUnaryFunctor<float, float, float, at::native::binary_internal::MulFunctor<float>>, std::array<char *, (unsigned long)2>>(int, T2, T3)"
2264054,2266203,0,22,21,1739935.0,283934.0,11330,16880101,4888713.9,8618.2,7023.5,4949,20159,3510.8,1392194.6,205439.0,1306,13020103,3854778.8,402468.4,71584.0,3840,3846162,1113308.2,cudaLaunchKernel,ampere_sgemm_32x128_tn
2264054,2266203,0,42,41,1704562.4,216419.0,12475,5310494,2191786.9,7924.6,6858.0,5771,14247,2507.5,1270984.6,125420.0,698,3985475,1644950.5,455946.5,87967.5,4672,1319430,558325.4,cudaLaunchKernel,"void at::native::reduce_kernel<(int)512, (int)1, at::native::ReduceOp<long, at::native::func_wrapper_t<long, at::native::sum_functor<long, long, long>::operator ()(at::TensorIterator &)::[lambda(long, long) (instance 1)]>, unsigned int, long, (int)4, (int)4>>(T3)"
2264054,2266203,0,24,24,1553395.8,1748709.5,328728,2114524,563038.1,11730.3,7990.0,6693,86054,15908.2,730292.6,804872.0,170859,1175472,264107.2,811372.9,933454.5,139520,1004899,305957.8,cudaLaunchKernel,ampere_sgemm_128x32_tn
2264054,2266203,0,26,24,1547989.2,938171.0,9880,14319401,3782563.8,11351.3,8531.0,5511,78560,13880.4,1662339.3,930745.5,599,14309464,3916272.7,2265.8,2240.0,1952,3264,280.6,cudaLaunchKernel,"void at::native::unrolled_elementwise_kernel<at::native::direct_copy_kernel_cuda(at::TensorIteratorBase &)::[lambda() (instance 3)]::operator ()() const::[lambda() (instance 11)]::operator ()() const::[lambda(bool) (instance 1)], std::array<char *, (unsigned long)2>, (int)4, TrivialOffsetCalculator<(int)1, unsigned int>, TrivialOffsetCalculator<(int)1, unsigned int>, at::native::memory::LoadWithCast<(int)1>, at::native::memory::StoreWithCast<(int)1>>(int, T1, T2, T4, T5, T6, T7)"
2264054,2266203,0,2,1,1277822.0,1277822.0,17762,2537882,1781993.9,1267444.5,1267444.5,5350,2529539,1784871.2,1788.0,1788.0,1788,1788,0.0,10512.0,10512.0,10400,10624,158.4,cudaLaunchKernel,"void steqr_ker<stedc_params_<float2, float, (int)8, (int)16, (int)128>, float, (int)0>(long, T1::data_type *, T1::data_type *, T2 *, long, int *, int *, long, long, T1::data_type, T1::data_type, int *, int)"
2264054,2264054,0,400,371,1196629.4,40052.5,19690,43469534,5039103.1,15046.7,9724.0,8627,2034536,101235.2,1176643.5,1191.0,60,42785183,5111433.5,90344.6,29376.0,8960,740319,161784.5,cuLaunchKernel,void cutlass::Kernel2<cutlass_80_wmma_tensorop_f16_s161616gemm_f16_32x32_32x1_tn_align2>(T1::Params)
2264054,2266203,0,140,128,1071724.3,30622.0,11026,16898186,3400780.4,8934.0,8285.0,5241,23976,3129.1,1087893.4,1866.5,3,16839756,3455305.2,68255.5,18656.0,3392,670498,129476.7,cudaLaunchKernel,"void at::native::elementwise_kernel<(int)128, (int)2, void at::native::gpu_kernel_impl_nocast<at::native::BinaryFunctor<float, float, float, at::native::binary_internal::MulFunctor<float>>>(at::TensorIteratorBase &, const T1 &)::[lambda(int) (instance 1)]>(int, T3)"
2264054,2266203,0,334,334,1047422.1,1127653.0,267322,2533096,323283.7,10900.1,9833.5,8576,265446,14031.7,1018340.5,1108727.0,48,2513805,346530.6,18181.5,9728.0,5952,90464,25879.1,cudaLaunchKernel,ampere_sgemm_32x32_sliced1x4_nn
2264054,2266203,0,192,179,1044535.3,16783.0,8893,17546940,3662670.1,8787.9,8225.0,4729,27623,3372.4,1088395.6,1637.0,6,17453905,3765370.8,21118.4,7344.0,1312,114944,34434.2,cudaLaunchKernel,"void at::native::vectorized_elementwise_kernel<(int)4, at::native::FillFunctor<float>, std::array<char *, (unsigned long)1>>(int, T2, T3)"
2264054,2266203,0,116,112,1019431.6,39326.0,10035,15620543,2716904.1,8386.4,7459.0,5120,53813,4938.0,1042973.9,28136.0,244,15604235,2757988.3,4074.5,4016.0,3200,6176,669.3,cudaLaunchKernel,"void at::native::elementwise_kernel<(int)128, (int)2, void at::native::gpu_kernel_impl_nocast<at::native::CUDAFunctorOnSelf_add<float>>(at::TensorIteratorBase &, const T1 &)::[lambda(int) (instance 1)]>(int, T3)"
2264054,2266203,0,56,51,963527.0,121387.0,10919,4014811,1513765.9,8404.8,6913.5,5400,58632,7161.8,737588.2,70628.0,1115,2953929,1137871.1,283521.0,67440.5,3424,1055076,413430.8,cudaLaunchKernel,"void at::native::elementwise_kernel<(int)128, (int)2, void at::native::gpu_kernel_impl_nocast<at::native::BinaryFunctor<long, long, long, at::native::lshift_kernel_cuda(at::TensorIteratorBase &)::[lambda() (instance 1)]::operator ()() const::[lambda() (instance 4)]::operator ()() const::[lambda(long, long) (instance 1)]>>(at::TensorIteratorBase &, const T1 &)::[lambda(int) (instance 1)]>(int, T3)"
2264054,2264054,0,32,31,930496.6,849705.0,96878,2048912,530103.3,13142.8,11552.5,10910,49855,6779.4,858797.3,769876.0,658,1951889,518311.0,85395.7,85471.5,84063,85919,379.3,cudaLaunchKernelExC,sm80_xmma_gemm_f16f16_f16f32_f32_tn_n_tilesize128x128x32_stage4_warpsize2x2x1_tensor16x8x16_execute_kernel__5x_cublas
2264054,2264054,0,72,69,900138.8,28371.5,20995,9035068,2128289.5,11531.8,10931.0,9608,26600,2416.6,895757.6,1520.0,534,8939702,2144762.7,30251.1,16480.0,9760,85023,28075.3,cudaLaunchKernel,ampere_fp16_s16816gemm_fp16_64x128_sliced1x2_ldg8_f2f_stages_64x3_nn
2264054,2266203,0,4,3,883005.5,8358.5,7513,3507792,1749857.8,880271.8,4769.0,3757,3507792,1751680.4,2386.3,2476.0,2028,2655,323.0,1280.0,1264.0,1248,1344,45.3,cudaLaunchKernel,"xx_set_info_ker(int, int *, int)"
2264054,2266203,0,140,128,881396.6,16744.5,11486,20237908,4036605.0,8263.1,7108.5,5139,21000,3285.8,943598.4,1918.0,13,20222665,4214912.4,10515.2,7520.0,3232,49984,9644.2,cudaLaunchKernel,"void at::native::reduce_kernel<(int)512, (int)1, at::native::ReduceOp<float, at::native::MeanOps<float, float, float, float>, unsigned int, float, (int)4, (int)4>>(T3)"
2264054,2264054,0,7,7,811049.0,817152.0,776660,828347,16779.0,15915.9,9819.0,8346,54103,16853.1,184997.0,197290.0,147934,209135,23610.2,610136.1,610115.0,609954,610399,157.8,cudaLaunchKernel,"void at::native::<unnamed>::cunn_SoftMaxForwardSmem<(int)8, c10::Half, float, float, at::native::<unnamed>::SoftMaxForwardEpilogue, long>(T4 *, const T2 *, T6)"
2264054,2264054,0,83,81,762353.2,657844.0,67522,3739608,891320.4,15099.0,10250.0,8226,409861,43892.0,552928.9,365539.0,51,3442195,824708.1,207676.3,284575.0,56032,337566,122115.8,cudaLaunchKernel,ampere_fp16_s16816gemm_fp16_256x128_ldg8_f2f_stages_32x3_tn
2264054,2264054,0,14,14,712406.4,663659.5,389170,1055882,317510.2,12562.6,12128.0,9628,15529,2376.2,620810.1,572498.5,305571,960133,309292.6,79033.6,78912.5,72513,85632,6466.8,cuLaunchKernel,void cutlass::Kernel2<cutlass_80_tensorop_f16_s16816gemm_f16_64x128_64x4_nn_align2>(T1::Params)
2264054,2266203,0,70,54,692792.5,15260.0,9414,6936051,1696894.9,12886.9,10895.5,5561,41889,7001.0,879120.2,1563.0,127,6921512,1888763.4,2015.1,1888.0,1792,3296,346.4,cudaLaunchKernel,"void at::native::vectorized_elementwise_kernel<(int)4, at::native::FillFunctor<unsigned char>, std::array<char *, (unsigned long)1>>(int, T2, T3)"
2264054,2264054,0,416,402,605978.6,27761.5,20505,18369600,2218421.6,7077.4,6086.5,4959,213487,11021.2,578197.1,2159.5,7,18175412,2221300.0,40184.2,19408.0,12992,188768,46793.7,cudaLaunchKernel,"void <unnamed>::softmax_warp_forward<c10::Half, float, float, (int)9, (bool)0, (bool)0, (int)32>(T2 *, const T1 *, int, int, int, const bool *, int, bool)"
2264054,2265402,0,16,16,587308.8,463852.5,144164,1292999,378279.2,18701.3,14227.0,8627,79111,16847.4,565235.5,449368.0,130408,1279065,371474.9,3371.9,3392.0,3008,3616,150.4,cudaLaunchKernel,"void at::native::elementwise_kernel<(int)128, (int)2, void at::native::gpu_kernel_impl_nocast<at::native::direct_copy_kernel_cuda(at::TensorIteratorBase &)::[lambda() (instance 3)]::operator ()() const::[lambda() (instance 7)]::operator ()() const::[lambda(float) (instance 1)]>(at::TensorIteratorBase &, const T1 &)::[lambda(int) (instance 1)]>(int, T3)"
2264054,2265402,0,16,16,562346.8,450043.0,123210,1277326,371654.3,13462.6,11797.5,7886,28023,5879.0,544424.3,435870.5,110393,1260078,369407.5,4460.0,4544.0,3840,4736,249.2,cudaLaunchKernel,"void at::native::<unnamed>::nll_loss_backward_no_reduce_cuda_kernel<float, long>(int, const T2 *, torch::headeronly::detail::GenericPackedTensorAccessor<torch::headeronly::detail::TensorAccessor<c10::ArrayRef<long>, const T1, (unsigned long)0, torch::headeronly::DefaultPtrTraits, long>, at::detail::IndexBoundsCheck<(unsigned long)1, long>, const T1, (unsigned long)1, torch::headeronly::DefaultPtrTraits, long>, torch::headeronly::detail::GenericPackedTensorAccessor<torch::headeronly::detail::TensorAccessor<c10::ArrayRef<long>, T1, (unsigned long)1, torch::headeronly::DefaultPtrTraits, long>, at::detail::IndexBoundsCheck<(unsigned long)2, long>, T1, (unsigned long)2, torch::headeronly::DefaultPtrTraits, long>, const T1 *, long, long)"
2264054,2266203,0,6,5,550282.7,19599.5,14079,3209864,1302925.3,545600.7,14016.5,7965,3209864,1305219.5,805.6,696.0,54,1698,616.8,4656.0,4656.0,3872,5184,494.4,cudaLaunchKernel,"void at::native::reduce_kernel<(int)512, (int)1, at::native::ReduceOp<float, at::native::ArgMinOps<float>, unsigned int, long, (int)4, (int)4>>(T3)"
2264054,2264054,0,16,0,513072.1,37371.5,24836,7664871,1907168.0,511755.5,37271.0,21371,7664871,1907525.5,,,,,0.0,4750.0,4800.0,4352,5088,206.7,cudaLaunchKernel,"void at::native::unrolled_elementwise_kernel<at::native::AUnaryFunctor<long, long, bool, at::native::<unnamed>::CompareEqFunctor<long>>, std::array<char *, (unsigned long)2>, (int)4, TrivialOffsetCalculator<(int)1, unsigned int>, TrivialOffsetCalculator<(int)1, unsigned int>, at::native::memory::LoadWithCast<(int)1>, at::native::memory::StoreWithCast<(int)1>>(int, T1, T2, T4, T5, T6, T7)"
2264054,2266203,0,2,1,502508.0,502508.0,16729,988287,686995.3,492367.5,492367.5,5019,979716,689214.9,2846.0,2846.0,2846,2846,0.0,9152.0,9152.0,8864,9440,407.3,cudaLaunchKernel,"void geqr2_smem<float, float, (int)8, (int)5, (int)5>(int, int, T1 *, unsigned long, T1 *, int)"
2264054,2266203,0,56,55,490719.4,65123.0,13307,1998059,751192.2,8080.6,6953.0,5030,42942,5223.9,205601.4,2126.0,487,948256,350830.5,280731.1,54432.0,4896,1042949,408641.7,cudaLaunchKernel,"void at::native::elementwise_kernel<(int)128, (int)2, void at::native::gpu_kernel_impl_nocast<at::native::BinaryFunctor<long, long, long, at::native::rshift_kernel_cuda(at::TensorIteratorBase &)::[lambda() (instance 1)]::operator ()() const::[lambda() (instance 4)]::operator ()() const::[lambda(long, long) (instance 1)]>>(at::TensorIteratorBase &, const T1 &)::[lambda(int) (instance 1)]>(int, T3)"
2264054,2266203,0,28,28,449564.8,197989.0,11111,973847,413760.5,8910.0,6823.0,5119,48422,7997.5,438265.1,189660.5,1810,966328,414501.5,2389.7,2400.0,2304,2496,39.0,cudaLaunchKernel,"void at::native::vectorized_elementwise_kernel<(int)2, at::native::CUDAFunctorOnOther_add<long>, std::array<char *, (unsigned long)2>>(int, T2, T3)"
2264054,2264054,0,144,130,444539.5,382767.5,327782,3038791,257523.3,26566.4,8016.0,6983,2593200,215389.9,1380.0,1439.0,178,1977,325.8,416875.3,370816.5,318881,838142,137212.3,cudaLaunchKernel,ampere_sgemm_64x32_sliced1x4_nt
2264054,2266203,0,14,11,406170.6,120663.5,24417,877002,410331.3,16821.9,11707.0,7043,79561,18505.6,276433.4,495777.0,329,526981,263595.6,172364.1,76592.0,14880,344930,153887.6,cudaLaunchKernel,"void at::native::<unnamed>::CatArrayBatchedCopy_alignedK_contig<at::native::<unnamed>::OpaqueType<(unsigned int)8>, unsigned int, (int)3, (int)128, (int)1, (int)16>(T1 *, at::native::<unnamed>::CatArrInputTensorMetadata<T1, T2, T4, T5>, at::native::<unnamed>::TensorSizeStride<T2, (unsigned int)4>, int, T2)"
2264054,2266203,0,46,33,322295.4,85191.0,17977,1010020,390015.9,13074.7,11086.0,6172,114067,15536.6,15500.1,1097.0,563,89205,29699.1,298677.1,72848.5,5792,913796,373932.4,cudaLaunchKernel,"void at::native::index_elementwise_kernel<(int)128, (int)4, void at::native::gpu_index_kernel<void at::native::index_kernel_impl<at::native::OpaqueType<(int)8>>(at::TensorIteratorBase &, c10::ArrayRef<long>, c10::ArrayRef<long>)::[lambda(char *, const char *, long) (instance 1)]>(at::TensorIteratorBase &, c10::ArrayRef<long>, c10::ArrayRef<long>, const T1 &, bool)::[lambda(int) (instance 1)]>(long, T3)"
2264054,2264054,0,28,28,304959.9,131858.0,82021,927273,332070.5,11478.0,10745.5,9819,15319,1723.8,257232.7,90197.0,45453,858106,319142.2,36249.2,31504.0,26016,58048,11718.5,cudaLaunchKernel,ampere_fp16_s16816gemm_fp16_64x64_sliced1x2_ldg8_f2f_stages_64x5_nn
2264054,2266203,0,164,153,296368.3,19417.5,9001,3005219,730643.8,7008.6,6182.0,4709,38444,3271.0,193631.5,2187.0,8,1971010,486130.4,108739.3,10096.0,2176,1033860,264906.2,cudaLaunchKernel,"void at::native::vectorized_elementwise_kernel<(int)2, at::native::AUnaryFunctor<long, long, long, at::native::BitwiseAndFunctor<long>>, std::array<char *, (unsigned long)2>>(int, T2, T3)"
2264054,2264054,0,90,77,282084.1,59035.0,56763,1127512,375319.8,13102.2,12373.5,10881,29617,2547.4,250620.2,940.0,43,1069626,398888.3,54708.7,45120.0,42880,135168,28143.5,cudaLaunchKernelExC,sm80_xmma_gemm_f16f16_f16f32_f32_tn_n_tilesize192x128x32_stage3_warpsize4x2x1_tensor16x8x16_execute_kernel__5x_cublas
2264054,2265402,0,26,24,277278.8,13972.0,9867,6861050,1342836.2,272517.7,8867.0,4549,6861050,1343808.7,1899.3,1946.0,901,2630,419.1,3252.9,3296.0,2752,3680,220.8,cudaLaunchKernel,"void at::native::vectorized_elementwise_kernel<(int)2, at::native::BUnaryFunctor<long, long, long, at::native::remainder_kernel_cuda(at::TensorIteratorBase &)::[lambda() (instance 1)]::operator ()() const::[lambda() (instance 4)]::operator ()() const::[lambda(long, long) (instance 1)]>, std::array<char *, (unsigned long)2>>(int, T2, T3)"
2264054,2266203,0,56,52,272175.4,94612.0,10806,990367,363722.7,18763.3,6843.0,5140,599121,79045.9,269054.2,103888.5,1220,981019,370244.1,3625.2,3584.0,3392,3968,180.9,cudaLaunchKernel,"void at::native::vectorized_elementwise_kernel<(int)2, at::native::BUnaryFunctor<long, long, long, at::native::remainder_kernel_cuda(at::TensorIteratorBase &)::[lambda() (instance 1)]::operator ()() const::[lambda() (instance 4)]::operator ()() const::[lambda(long, long) (instance 1)]>, std::array<char *, (unsigned long)2>>(int, T2, T3)"
2264054,2264054,0,16,12,267709.4,16035.5,13463,4038293,1005492.3,262408.0,9974.5,7153,4036298,1006377.5,1393.8,1428.5,975,1799,274.8,4750.0,4752.0,4224,5344,367.5,cudaLaunchKernel,"void at::native::reduce_kernel<(int)512, (int)1, at::native::ReduceOp<long, at::native::func_wrapper_t<long, at::native::sum_functor<long, long, long>::operator ()(at::TensorIterator &)::[lambda(long, long) (instance 1)]>, unsigned int, long, (int)4, (int)4>>(T3)"
2264054,2266203,0,40,38,251290.1,218542.0,15910,537326,92113.3,22075.9,8481.0,7364,532213,82743.7,237222.9,206704.5,1209,345056,72959.7,3891.2,3872.0,3808,4192,67.1,cudaLaunchKernel,"void dot_kernel<float, (int)128, (int)0, cublasDotParams<cublasGemvTensorStridedBatched<const float>, cublasGemvTensorStridedBatched<float>>>(T4)"
2264054,2265402,0,16,15,234764.2,13228.0,11825,3545323,882818.5,230299.1,8676.5,6632,3545323,884009.6,1618.3,1664.0,1007,1993,287.8,3144.0,3184.0,2752,3424,191.1,cudaLaunchKernel,"void at::native::vectorized_elementwise_kernel<(int)2, at::native::BUnaryFunctor<long, long, long, at::native::binary_internal::div_trunc_kernel_cuda(at::TensorIteratorBase &)::[lambda() (instance 1)]::operator ()() const::[lambda() (instance 4)]::operator ()() const::[lambda(long, long) (instance 1)]>, std::array<char *, (unsigned long)2>>(int, T2, T3)"
2264054,2266203,0,40,39,232762.8,212370.0,9904,351740,86704.3,5346.2,4288.5,3917,24176,3238.3,230408.2,205919.0,2195,344966,81559.5,2768.8,2784.0,2688,2848,52.7,cudaLaunchKernel,"void reduce_1Block_kernel<float, (int)128, (int)7, cublasGemvTensorStridedBatched<float>, cublasGemvTensorStridedBatched<const float>, cublasGemvTensorStridedBatched<float>>(const T1 *, T1, T4, int, const T1 *, T1, T5, T6, cublasPointerMode_t, cublasLtEpilogue_t, cublasGemvTensorStridedBatched<const biasType<T6::value_type, T1>::type>)"
2264054,2264054,0,32,31,226505.6,201258.0,84165,347476,84606.9,12944.9,12263.5,11372,24947,2717.1,146614.6,118338.0,162,263582,82036.2,71531.8,71567.5,70976,72000,311.5,cudaLaunchKernelExC,sm80_xmma_gemm_f16f16_f16f32_f32_tn_n_tilesize160x128x32_stage4_warpsize2x2x1_tensor16x8x16_execute_kernel__5x_cublas
2264054,2266203,0,28,27,224142.0,13505.5,11190,5228800,981698.2,194680.0,7158.5,5450,5228800,986598.6,26798.4,1808.0,145,123220,42894.8,3747.4,3744.0,3552,3872,67.7,cudaLaunchKernel,"void at::native::vectorized_elementwise_kernel<(int)2, at::native::BUnaryFunctor<long, long, long, at::native::binary_internal::div_floor_kernel_cuda(at::TensorIteratorBase &)::[lambda() (instance 1)]::operator ()() const::[lambda() (instance 4)]::operator ()() const::[lambda(long, long) (instance 1)]>, std::array<char *, (unsigned long)2>>(int, T2, T3)"
2264054,2264054,0,16,12,221380.7,17716.0,14920,3270801,813183.3,217119.7,12784.5,9237,3270670,814288.4,891.3,754.5,481,1484,372.7,4230.0,4288.0,3968,4352,112.2,cudaLaunchKernel,"void at::native::unrolled_elementwise_kernel<at::native::direct_copy_kernel_cuda(at::TensorIteratorBase &)::[lambda() (instance 3)]::operator ()() const::[lambda() (instance 4)]::operator ()() const::[lambda(long) (instance 1)], std::array<char *, (unsigned long)2>, (int)4, TrivialOffsetCalculator<(int)1, unsigned int>, TrivialOffsetCalculator<(int)1, unsigned int>, at::native::memory::LoadWithCast<(int)1>, at::native::memory::StoreWithCast<(int)1>>(int, T1, T2, T4, T5, T6, T7)"
2264054,2264054,0,179,160,194326.9,57079.0,38936,3345849,618293.2,12520.6,12043.0,10760,22724,1759.0,153295.3,743.0,5,3267380,646997.5,44901.0,44544.0,26464,90369,16020.9,cudaLaunchKernelExC,sm80_xmma_gemm_f16f16_f16f32_f32_tn_n_tilesize96x128x32_stage4_warpsize2x2x1_tensor16x8x16_execute_kernel__5x_cublas
2264054,2264054,0,1358,1292,183072.5,143497.0,68197,12679848,483523.3,8378.3,7354.0,6523,558063,16436.9,1696.9,1649.0,13,82588,2294.5,173154.8,133920.0,59392,12595748,481446.1,cuLaunchKernel,void cutlass::Kernel2<cutlass_80_simt_sgemm_128x32_8x5_nt_align1>(T1::Params)
2264054,2266203,0,42,38,180567.5,12260.5,10282,7017817,1080749.5,177778.9,9298.0,6853,7017817,1081190.8,1110.5,1191.0,32,2035,458.1,1907.0,1952.0,1632,2336,189.7,cudaLaunchKernel,"void at::native::vectorized_elementwise_kernel<(int)4, at::native::BinaryFunctor<float, float, float, at::native::maximum_kernel_cuda(at::TensorIteratorBase &)::[lambda() (instance 2)]::operator ()() const::[lambda() (instance 2)]::operator ()() const::[lambda(float, float) (instance 1)]>, std::array<char *, (unsigned long)3>>(int, T2, T3)"
2264054,2264054,0,531,498,179591.8,44170.0,19188,8660340,786523.3,10679.4,10320.0,8636,29787,1615.8,130637.7,1033.5,105,8544814,801676.1,46498.4,32288.0,9024,141697,28221.8,cuLaunchKernel,void cutlass::Kernel2<cutlass_80_tensorop_f16_s16816gemm_relu_f16_128x128_32x5_tn_align8>(T1::Params)
2264054,2266203,0,2,1,179219.5,179219.5,9847,348592,239528.9,175279.0,175279.0,4519,346039,241491.1,2736.0,2736.0,2736,2736,0.0,2688.0,2688.0,2592,2784,135.8,cudaLaunchKernel,"void larft_vtv_32<float, (int)128>(long, long, const T1 *, long, long, T1 *, long, long)"
2264054,2264054,0,4147,3903,175954.2,16678.0,11034,284096062,4829496.3,7167.5,6422.0,4639,475065,11447.1,169095.8,1871.0,48,284006914,4976959.7,9724.1,8096.0,3328,23648,4044.1,cudaLaunchKernel,"void at::native::reduce_kernel<(int)512, (int)1, at::native::ReduceOp<bool, at::native::func_wrapper_t<bool, at::native::or_kernel_cuda(at::TensorIterator &)::[lambda() (instance 1)]::operator ()() const::[lambda() (instance 12)]::operator ()() const::[lambda(bool, bool) (instance 1)]>, unsigned int, bool, (int)4, (int)4>>(T3)"
2264054,2266203,0,5233,4928,172314.0,11102.0,10054,146748501,4738373.1,6367.3,5630.0,4910,1022348,15272.6,172534.6,2116.0,16,146735536,4882362.8,3509.0,3360.0,2976,15776,1084.6,cudaLaunchKernel,"void at::native::reduce_kernel<(int)512, (int)1, at::native::ReduceOp<bool, at::native::func_wrapper_t<bool, at::native::or_kernel_cuda(at::TensorIterator &)::[lambda() (instance 1)]::operator ()() const::[lambda() (instance 12)]::operator ()() const::[lambda(bool, bool) (instance 1)]>, unsigned int, bool, (int)4, (int)4>>(T3)"
2264054,2264054,0,478,440,161201.6,71497.0,36728,2434872,335268.1,11222.2,10495.5,8005,197897,8802.3,105590.3,1114.5,160,2392099,353323.8,52925.1,60096.0,26400,107104,19935.0,cudaLaunchKernel,ampere_fp16_s16816gemm_fp16_128x128_ldg8_f2f_stages_64x3_tn
2264054,2266203,0,2,1,157719.0,157719.0,9683,305755,209354.5,154624.5,154624.5,5110,304139,211445.4,2077.0,2077.0,2077,2077,0.0,2544.0,2544.0,2496,2592,67.9,cudaLaunchKernel,"void ormqr_cta_kernel<float, (int)4, (int)1>(long, long, long, const T1 *, long, long, const T1 *, long, T1 *, long, long, long, long, long, int)"
2264054,2266203,0,71,64,155982.2,19269.0,9225,4204246,510957.1,70133.5,7474.0,4799,4203878,498102.1,66733.1,1812.5,190,425810,139831.2,25753.7,10368.0,2176,72224,28757.6,cudaLaunchKernel,"void at::native::vectorized_elementwise_kernel<(int)2, at::native::BUnaryFunctor<long, long, long, at::native::rshift_kernel_cuda(at::TensorIteratorBase &)::[lambda() (instance 1)]::operator ()() const::[lambda() (instance 4)]::operator ()() const::[lambda(long, long) (instance 1)]>, std::array<char *, (unsigned long)2>>(int, T2, T3)"
2264054,2266203,0,46,44,154861.5,32483.0,8909,1374688,288343.9,37337.3,7329.0,5460,1374688,201570.0,121257.2,23295.0,770,606955,226182.1,1595.8,1568.0,1280,2016,208.1,cudaLaunchKernel,"xxtrf4_set_info_ker(int, int *)"
2264054,2266203,0,6,5,150606.2,13366.0,11938,838327,336914.8,147937.0,10304.5,8457,838327,338224.0,905.4,1091.0,417,1386,454.9,2304.0,2304.0,2272,2336,35.1,cudaLaunchKernel,"void at::native::<unnamed>::distribution_elementwise_grid_stride_kernel<float, (int)4, void at::native::templates::cuda::normal_and_transform<float, float, at::CUDAGeneratorImpl *, void at::native::templates::cuda::normal_kernel<at::CUDAGeneratorImpl *>(const at::TensorBase &, double, double, T1)::[lambda() (instance 1)]::operator ()() const::[lambda() (instance 2)]::operator ()() const::[lambda(float) (instance 1)]>(at::TensorIteratorBase &, T3, T4)::[lambda(curandStatePhilox4_32_10 *) (instance 2)], void at::native::<unnamed>::distribution_nullary_kernel<float, float, float4, at::CUDAGeneratorImpl *, void at::native::templates::cuda::normal_and_transform<float, float, at::CUDAGeneratorImpl *, void at::native::templates::cuda::normal_kernel<at::CUDAGeneratorImpl *>(const at::TensorBase &, double, double, T1)::[lambda() (instance 1)]::operator ()() const::[lambda() (instance 2)]::operator ()() const::[lambda(float) (instance 1)]>(at::TensorIteratorBase &, T3, T4)::[lambda(curandStatePhilox4_32_10 *) (instance 2)], void at::native::templates::cuda::normal_kernel<at::CUDAGeneratorImpl *>(const at::TensorBase &, double, double, T1)::[lambda() (instance 1)]::operator ()() const::[lambda() (instance 2)]::operator ()() const::[lambda(float) (instance 1)]>(at::TensorIteratorBase &, T4, const T5 &, T6)::[lambda(int, float) (instance 1)]>(long, at::PhiloxCudaState, T3, T4)"
2264054,2266203,0,2,1,127006.0,127006.0,106138,147874,29511.8,30158.0,30158.0,6112,54204,34006.2,5082.0,5082.0,5082,5082,0.0,94879.5,94879.5,94815,94944,91.2,cudaLaunchKernel,"void batched_svd_parallel_jacobi_32x16<double, double>(int, int, int, int, T1 *, unsigned long, int, T2 *, T1 *, unsigned long, int, T1 *, unsigned long, int, T2, int, int *, T2, int, int *, int, T2)"
2264054,2266203,0,28,26,102999.9,28889.5,11062,224251,95489.3,8458.3,6352.5,4869,51368,8563.9,48256.5,2411.5,963,118671,51552.5,49768.1,19328.5,4032,100896,45182.1,cudaLaunchKernel,"void at::native::vectorized_elementwise_kernel<(int)2, at::native::BinaryFunctor<long, long, long, at::native::BitwiseOrFunctor<long>>, std::array<char *, (unsigned long)3>>(int, T2, T3)"
2264054,2266203,0,172,158,97116.8,40059.0,19483,956171,163423.3,7889.8,5551.0,3547,69612,6692.6,75706.6,15099.5,262,931948,168772.2,19883.0,20384.0,11104,22432,2809.2,cudaLaunchKernel,"void at::native::<unnamed>::CatArrayBatchedCopy<at::native::<unnamed>::OpaqueType<(unsigned int)4>, unsigned int, (int)2, (int)64, (int)64>(T1 *, at::native::<unnamed>::CatArrInputTensorMetadata<T1, T2, T4, T5>, at::native::<unnamed>::TensorSizeStride<T2, (unsigned int)4>, int, T2)"
2264054,2266203,0,2,2,92829.0,92829.0,74840,110818,25440.3,25208.0,25208.0,5049,45367,28509.1,2661.0,2661.0,779,4543,2661.5,64960.0,64960.0,64672,65248,407.3,cudaLaunchKernel,"void batched_svd_parallel_jacobi_32x16<float, float>(int, int, int, int, T1 *, unsigned long, int, T2 *, T1 *, unsigned long, int, T1 *, unsigned long, int, T2, int, int *, T2, int, int *, int, T2)"
2264054,2266203,0,56,52,90937.1,24371.0,9139,449856,134689.7,7273.8,5616.0,4339,43674,5725.0,50151.9,2275.5,584,345804,106318.9,37162.4,16400.0,2400,101568,43112.3,cudaLaunchKernel,"void at::native::vectorized_elementwise_kernel<(int)2, at::native::BinaryFunctor<long, long, long, at::native::BitwiseXorFunctor<long>>, std::array<char *, (unsigned long)3>>(int, T2, T3)"
2264054,2266203,0,2,1,90343.0,90343.0,10731,169955,112588.4,86880.0,86880.0,6051,167709,114309.5,1832.0,1832.0,1832,1832,0.0,2752.0,2752.0,2656,2848,135.8,cudaLaunchKernel,"void lansy_M_stage1<float, float, (int)8>(long, const T1 *, long, long, T2 *, long, int)"
2264054,2266203,0,4,3,86410.8,11863.5,11268,310648,149492.3,80523.0,5354.5,4218,307165,151096.5,2305.3,2288.0,1962,2666,352.3,4384.0,4384.0,4384,4384,0.0,cudaLaunchKernel,void svd_music_kernel<(int)32>(int *)
2264054,2266203,0,42,41,83039.0,18054.5,12019,254493,98912.9,9913.5,7599.0,5941,82276,11575.2,54974.3,2101.0,25,189986,77900.0,19463.7,5888.0,3552,55169,22449.2,cudaLaunchKernel,"void at::native::unrolled_elementwise_kernel<at::native::direct_copy_kernel_cuda(at::TensorIteratorBase &)::[lambda() (instance 3)]::operator ()() const::[lambda() (instance 3)]::operator ()() const::[lambda(int) (instance 1)], std::array<char *, (unsigned long)2>, (int)4, TrivialOffsetCalculator<(int)1, unsigned int>, TrivialOffsetCalculator<(int)1, unsigned int>, at::native::memory::LoadWithCast<(int)1>, at::native::memory::StoreWithCast<(int)1>>(int, T1, T2, T4, T5, T6, T7)"
2264054,2264054,0,1168,1075,82648.2,15234.0,11312,9806212,575790.5,14911.8,11352.0,5290,3348138,97937.5,62329.8,1021.0,0,8657345,520205.5,10528.6,2848.0,2336,1410713,75920.4,cudaLaunchKernel,"void at::native::vectorized_elementwise_kernel<(int)4, at::native::BinaryFunctor<c10::Half, c10::Half, bool, at::native::<unnamed>::CompareEqFunctor<c10::Half>>, std::array<char *, (unsigned long)3>>(int, T2, T3)"
2264054,2266203,0,75,71,80497.5,14490.0,8312,257509,90327.6,6773.7,5711.0,4579,20359,3004.7,69710.4,2197.0,531,202040,82289.3,7780.7,1664.0,1536,71297,18678.0,cudaLaunchKernel,"void at::native::vectorized_elementwise_kernel<(int)2, at::native::CUDAFunctorOnSelf_add<long>, std::array<char *, (unsigned long)2>>(int, T2, T3)"
2264054,2264054,0,600,557,79880.8,77810.5,68602,115576,9814.6,10169.1,9844.0,8306,46428,2092.6,1318.5,1180.0,95,10285,1001.7,68635.2,66768.0,58560,98080,9215.0,cuLaunchKernel,void cutlass::Kernel2<cutlass_80_tensorop_f16_s16816gemm_relu_f16_256x64_32x4_tn_align8>(T1::Params)
2264054,2264054,0,194,177,77015.7,47249.5,43242,349254,79527.8,10961.1,10575.0,8917,18615,1625.4,34333.1,985.0,72,306340,83587.9,34844.5,34848.0,31520,40128,2650.9,cudaLaunchKernel,ampere_fp16_s16816gemm_fp16_256x64_ldg8_f2f_stages_64x3_tn
2264054,2264054,0,24,21,70400.8,69771.5,68303,77219,1901.7,9461.3,8416.0,7414,16702,2377.2,1377.8,1417.0,1090,1700,158.2,59989.3,60096.0,59296,60736,427.5,cudaLaunchKernel,ampere_sgemm_32x128_nt
2264054,2266203,0,14,12,70088.2,62923.0,16874,157769,53716.0,20446.7,10515.0,7204,147631,36682.3,25449.3,18814.0,303,65040,26570.6,27897.1,11264.0,7776,54304,22156.2,cudaLaunchKernel,"void at::native::reduce_kernel<(int)128, (int)4, at::native::ReduceOp<long, at::native::func_wrapper_t<long, at::native::sum_functor<long, long, long>::operator ()(at::TensorIterator &)::[lambda(long, long) (instance 1)]>, unsigned int, long, (int)4, (int)4>>(T3)"
2264054,2266203,0,28,27,66079.4,19619.5,11404,137870,57939.7,8708.4,7309.0,5520,29386,4455.3,26585.6,2142.0,1387,66940,28347.5,31760.0,10144.0,3775,67649,29317.1,cudaLaunchKernel,"void at::native::vectorized_elementwise_kernel<(int)2, at::native::BUnaryFunctor<long, long, long, at::native::lshift_kernel_cuda(at::TensorIteratorBase &)::[lambda() (instance 1)]::operator ()() const::[lambda() (instance 4)]::operator ()() const::[lambda(long, long) (instance 1)]>, std::array<char *, (unsigned long)2>>(int, T2, T3)"
2264054,2264054,0,154,153,61546.4,45305.5,12300,3257523,259394.9,27276.0,5460.0,4809,3256603,261936.4,29285.7,34048.0,1659,36633,9647.9,5193.8,5344.0,3360,6304,657.9,cudaLaunchKernelExC,"void cublasLt::splitKreduce_kernel<(int)32, (int)16, int, __half, __half, float, __half, (bool)0, __half, __half, __half, (bool)1, (bool)0, (bool)0, (bool)0>(cublasLt::cublasSplitKParams<T6>, const T4 *, const T10 *, T9 *, T5 *, const T6 *, const T6 *, const T11 *, const T4 *, T11 *, void *, long, T6 *, int *, T6 *, T6 *, const T6 *, const T6 *, const T6 *, const T6 *, const T6 *)"
2264054,2266203,0,2,2,58704.5,58704.5,17341,100068,58496.8,46568.5,46568.5,4348,88789,59708.8,1416.0,1416.0,399,2433,1438.3,10720.0,10720.0,10560,10880,226.3,cudaLaunchKernel,"void geqr2_smem<double, double, (int)8, (int)5, (int)5>(int, int, T1 *, unsigned long, T1 *, int)"
2264054,2264054,0,144,133,56834.5,13172.0,10662,6201754,515663.6,49235.7,5445.0,4929,6201754,516300.1,2109.4,2133.0,182,3177,324.2,5764.7,5712.0,3392,8416,1234.0,cudaLaunchKernel,"void at::native::index_elementwise_kernel<(int)128, (int)4, void at::native::gpu_index_kernel<void at::native::index_kernel_impl<at::native::OpaqueType<(int)1>>(at::TensorIteratorBase &, c10::ArrayRef<long>, c10::ArrayRef<long>)::[lambda(char *, const char *, long) (instance 1)]>(at::TensorIteratorBase &, c10::ArrayRef<long>, c10::ArrayRef<long>, const T1 &, bool)::[lambda(int) (instance 1)]>(long, T3)"
2264054,2266203,0,14,5,54665.2,32242.5,18652,170831,41203.4,23268.8,14262.5,9859,120771,28361.0,466.6,268.0,161,1315,480.7,32523.6,16720.0,5856,62848,25898.7,cudaLaunchKernel,"void at::native::vectorized_elementwise_kernel<(int)4, void at::native::<unnamed>::pow_tensor_scalar_kernel_impl<float, float>(at::TensorIteratorBase &, T2)::[lambda(float) (instance 1)], std::array<char *, (unsigned long)2>>(int, T2, T3)"
2264054,2266203,0,14,12,53456.9,52251.5,15686,87493,31646.5,14148.4,11532.0,8516,52490,11193.4,1086.3,1229.0,343,1856,481.8,38832.1,19520.0,6080,73696,31642.8,cudaLaunchKernel,"void at::native::elementwise_kernel<(int)128, (int)2, void at::native::gpu_kernel_impl_nocast<at::native::BinaryFunctor<float, float, float, at::native::binary_internal::DivFunctor<float>>>(at::TensorIteratorBase &, const T1 &)::[lambda(int) (instance 1)]>(int, T3)"
2264054,2266203,0,2,2,50528.5,50528.5,19695,81362,43605.2,34039.5,34039.5,3937,64142,42571.4,2777.0,2777.0,1796,3758,1387.3,13712.0,13712.0,12000,15424,2421.1,cudaLaunchKernel,"void steqr_ker<stedc_params_<double2, double, (int)8, (int)16, (int)128>, double, (int)0>(long, T1::data_type *, T1::data_type *, T2 *, long, int *, int *, long, long, T1::data_type, T1::data_type, int *, int)"
2264054,2264054,0,12,11,50351.0,49892.5,48959,54940,1616.0,9077.1,8440.5,7083,12855,1908.4,1518.9,1536.0,1310,1799,190.0,40016.2,40128.5,38816,40768,639.2,cudaLaunchKernel,ampere_sgemm_128x32_nt
2264054,2264054,0,56,48,49832.0,43610.5,38837,94617,16858.0,10996.5,10399.5,9297,15520,1562.3,907.4,960.0,69,1390,288.0,38245.8,32400.0,28416,80641,16306.1,cudaLaunchKernel,ampere_fp16_s1688gemm_fp16_256x64_ldg8_f2f_tn
2264054,2264054,0,105,96,49720.2,49613.0,48605,52306,717.6,9796.3,9428.0,8436,23756,1789.9,1156.5,1192.0,265,2861,312.7,39123.1,39040.0,38592,41216,415.3,cuLaunchKernel,void cutlass::Kernel2<cutlass_80_tensorop_f16_s16816gemm_relu_f16_128x128_32x6_tn_align8>(T1::Params)
2264054,2266203,0,2,1,48447.0,48447.0,9105,87789,55638.0,45561.5,45561.5,4769,86354,57689.3,2864.0,2864.0,2864,2864,0.0,1504.0,1504.0,1472,1536,45.3,cudaLaunchKernel,"void batch_eye_kernel<float, (int)5, (int)3>(long, long, T1 *, unsigned long, long long, int)"
2264054,2264054,0,12,9,48421.8,48348.0,47622,49232,539.9,9957.3,9518.5,8296,12764,1263.9,1201.3,1102.0,941,1661,252.6,37757.4,37808.0,37152,38241,292.0,cuLaunchKernel,void cutlass::Kernel2<cutlass_80_tensorop_f16_s16816gemm_relu_f16_128x256_32x3_tn_align8>(T1::Params)
2264054,2266203,0,14,1,41472.8,30133.5,19416,66932,20571.9,17991.4,18305.0,14918,20670,2316.9,412.0,412.0,412,412,0.0,24228.6,11520.0,4352,48224,19736.8,cudaLaunchKernel,"void at::native::vectorized_elementwise_kernel<(int)4, at::native::float16_copy_kernel_cuda(at::TensorIteratorBase &)::[lambda(float) (instance 1)], std::array<char *, (unsigned long)2>>(int, T2, T3)"
2264054,2266203,0,2,2,40376.0,40376.0,20221,60531,28503.5,30763.5,30763.5,4949,56578,36507.2,7276.5,7276.5,1489,13064,8184.8,2336.0,2336.0,2208,2464,181.0,cudaLaunchKernel,"void at::native::triu_tril_kernel<double, int, (bool)0, (int)1, (bool)1>(at::cuda::detail::TensorInfo<T1, T2>, at::cuda::detail::TensorInfo<const T1, T2>, long, long, T2)"
2264054,2264054,0,224,205,38498.7,35280.0,31973,52641,4645.2,11697.5,11277.0,9909,21010,1571.5,763.5,797.0,64,1425,238.4,26271.6,22784.0,20640,31616,4440.9,cudaLaunchKernel,ampere_fp16_s16816gemm_fp16_128x64_ldg8_f2f_stages_64x3_tn
2264054,2264054,0,145,131,38428.3,10205.0,9547,3814787,316266.7,35683.0,7154.0,6433,3814787,316511.2,1501.8,1565.0,92,2554,332.6,1500.0,1504.0,1408,1888,57.2,cudaLaunchKernel,"void at::native::vectorized_elementwise_kernel<(int)4, at::native::FillFunctor<bool>, std::array<char *, (unsigned long)1>>(int, T2, T3)"
2264054,2266203,0,2,2,37818.5,37818.5,15082,60555,32154.3,27427.5,27427.5,4108,50747,32978.8,1991.0,1991.0,1296,2686,982.9,8400.0,8400.0,8288,8512,158.4,cudaLaunchKernel,"void batched_svd_qr_32x16<double, double>(int, int, int, T1 *, unsigned long, int, T1 *, unsigned long, int)"
2264054,2264054,0,144,133,37595.3,11492.0,10895,3597735,298768.1,31322.2,5490.0,4869,3562787,296358.2,1895.1,2046.0,84,2478,477.8,4594.0,3968.0,3584,37792,3177.5,cudaLaunchKernel,"void at::native::elementwise_kernel<(int)128, (int)4, void at::native::gpu_kernel_impl_nocast<at::native::<unnamed>::where_kernel_impl(at::TensorIterator &)::[lambda() (instance 1)]::operator ()() const::[lambda() (instance 2)]::operator ()() const::[lambda(bool, unsigned short, unsigned short) (instance 1)]>(at::TensorIteratorBase &, const T1 &)::[lambda(int) (instance 1)]>(int, T3)"
2264054,2266203,0,2,2,36597.0,36597.0,10599,62595,36766.7,32351.5,32351.5,5881,58822,37434.9,1429.5,1429.5,861,1998,804.0,2816.0,2816.0,2720,2912,135.8,cudaLaunchKernel,"void at::native::triu_tril_kernel<float, int, (bool)1, (int)2, (bool)0>(at::cuda::detail::TensorInfo<T1, T2>, at::cuda::detail::TensorInfo<const T1, T2>, long, long, T2)"
2264054,2266203,0,2,1,35613.5,35613.5,8304,62923,38621.5,33824.5,33824.5,4739,62910,41133.1,2285.0,2285.0,2285,2285,0.0,1312.0,1312.0,1280,1344,45.3,cudaLaunchKernel,"void orgqr_step1_kernel<float, (int)5, (int)3>(int, int, int, T1 *, int)"
2264054,2266203,0,4,3,35185.8,8589.0,8060,115505,53546.9,32083.3,4999.0,4077,114258,54787.8,2185.0,2447.0,1532,2576,569.2,1560.0,1536.0,1536,1632,48.0,cudaLaunchKernel,"void lacpy_kernel<float, float, (int)5, (int)3>(long, long, const T1 *, long, long, T2 *, long, long, int, int)"
2264054,2264054,0,30,24,35086.0,47396.5,18908,50396,14312.7,11214.0,10890.5,9288,15840,1459.0,1032.7,1094.5,278,1380,265.4,23246.9,35919.5,8160,36736,14152.5,cudaLaunchKernel,ampere_fp16_s16816gemm_fp16_64x64_ldg8_f2f_tn
2264054,2264054,0,16,15,34013.3,34078.0,33328,34720,368.2,10458.1,10420.0,9638,12153,588.9,1216.0,1233.0,1006,1385,111.2,22477.8,22431.5,22272,22848,165.3,cuLaunchKernel,void cutlass::Kernel2<cutlass_80_wmma_tensorop_f16_s161616gemm_f16_32x32_64x1_nn_align2>(T1::Params)
2264054,2264054,0,390,377,33952.7,16894.0,13265,171265,37284.6,6487.1,6071.5,5079,57630,2999.7,10135.7,2041.0,176,103079,20989.3,17686.5,8736.0,6016,63136,17358.7,cudaLaunchKernel,"void <unnamed>::softmax_warp_forward<c10::Half, float, float, (int)8, (bool)0, (bool)0, (int)32>(T2 *, const T1 *, int, int, int, const bool *, int, bool)"
2264054,2266203,0,14,12,32384.4,26467.5,11050,64101,20459.2,14698.6,11156.0,7023,54694,12047.7,17930.8,9061.0,46,52579,20283.9,2352.0,2256.0,1824,2848,348.9,cudaLaunchKernel,"void at::native::vectorized_elementwise_kernel<(int)4, at::native::sqrt_kernel_cuda(at::TensorIteratorBase &)::[lambda() (instance 2)]::operator ()() const::[lambda() (instance 2)]::operator ()() const::[lambda(float) (instance 1)], std::array<char *, (unsigned long)2>>(int, T2, T3)"
2264054,2264054,0,1310,1208,32351.6,30190.0,20778,566369,17757.2,12130.2,11071.5,8486,566369,16830.7,1210.2,861.5,21,67259,3713.6,19282.3,18208.0,9440,62944,6498.1,cudaLaunchKernel,ampere_fp16_s16816gemm_fp16_128x64_ldg8_f2f_stages_64x4_tn
2264054,2266203,0,2,2,31864.0,31864.0,28374,35354,4935.6,6833.0,6833.0,4679,8987,3046.2,2343.0,2343.0,1599,3087,1052.2,22688.0,22688.0,20608,24768,2941.6,cudaLaunchKernel,"void kernel<getrf_wo_pivot_params_<double, (int)0, (int)256, (int)1, (int)64, (int)64, (int)68, (int)16, (int)1, (int)1>>(int, int, void *, int, void *, int, int, int, int, int, int *)"
2264054,2264054,0,144,128,31518.5,15009.5,14233,2319819,192034.0,25724.3,8846.5,8085,2319819,192528.5,1237.1,1267.5,155,1771,275.0,4910.2,4864.0,4800,5568,113.7,cudaLaunchKernel,"void at::native::<unnamed>::CatArrayBatchedCopy<at::native::<unnamed>::OpaqueType<(unsigned int)4>, unsigned int, (int)3, (int)64, (int)64>(T1 *, at::native::<unnamed>::CatArrInputTensorMetadata<T1, T2, T4, T5>, at::native::<unnamed>::TensorSizeStride<T2, (unsigned int)4>, int, T2)"
2264054,2264054,0,67,56,31472.1,22773.0,19776,56646,11492.5,10734.4,10671.0,8777,13986,1162.6,1826.3,1153.0,259,9301,1998.4,19396.3,11392.0,9376,36384,9954.0,cuLaunchKernel,void cutlass::Kernel2<cutlass_80_tensorop_f16_s16816gemm_relu_f16_64x256_32x4_nn_align8>(T1::Params)
2264054,2266203,0,15404,14469,31134.5,15525.0,14076,17434546,471711.5,6215.1,5430.0,4428,2333995,22132.3,17890.5,1938.0,0,17417491,485988.3,8173.6,8224.0,7360,9120,245.2,cudaLaunchKernel,"void at::native::reduce_kernel<(int)512, (int)1, at::native::ReduceOp<c10::Half, at::native::func_wrapper_t<c10::Half, at::native::MaxNanFunctor<c10::Half>>, unsigned int, c10::Half, (int)4, (int)4>>(T3)"
2264054,2266203,0,84,80,29776.0,29733.0,22469,84452,8759.6,5780.9,4639.0,4117,55325,5606.9,1970.5,2072.5,646,2454,328.9,22126.1,22016.0,16192,28608,5924.5,cudaLaunchKernel,"void trsm_batch_left_upper_kernel_small<float, (int)16, (int)16, (int)64>(cublasTrsmBatchParams<T1>, const T1 *const *, T1 *const *, const T1 *, T1)"
2264054,2266203,0,2,1,29720.5,29720.5,8073,51368,30614.2,27813.0,27813.0,4258,51368,33311.8,2407.0,2407.0,2407,2407,0.0,1456.0,1456.0,1408,1504,67.9,cudaLaunchKernel,"void cuds_scal_batch_kernel<float, (int)256>(int, const T1 *, T1 *, long long)"
2264054,2266203,0,2,1,29351.5,29351.5,9489,49214,28089.8,27738.0,27738.0,6262,49214,30371.7,1691.0,1691.0,1691,1691,0.0,1536.0,1536.0,1536,1536,0.0,cudaLaunchKernel,"void at::native::vectorized_elementwise_kernel<(int)2, at::native::AUnaryFunctor<double, double, double, at::native::binary_internal::MulFunctor<double>>, std::array<char *, (unsigned long)2>>(int, T2, T3)"
2264054,2266203,0,2,1,29093.5,29093.5,9236,48951,28082.7,26240.5,26240.5,4980,47501,30066.9,2528.0,2528.0,2528,2528,0.0,1744.0,1744.0,1728,1760,22.6,cudaLaunchKernel,"void at::native::vectorized_elementwise_kernel<(int)2, at::native::CUDAFunctor_add<double>, std::array<char *, (unsigned long)3>>(int, T2, T3)"
2264054,2266203,0,2,2,27763.5,27763.5,14337,41190,18987.9,18454.5,18454.5,4678,32231,19482.9,1821.0,1821.0,1471,2171,495.0,7488.0,7488.0,7488,7488,0.0,cudaLaunchKernel,"void batched_svd_qr_32x16<float, float>(int, int, int, T1 *, unsigned long, int, T1 *, unsigned long, int)"
2264054,2266203,0,2,1,27321.5,27321.5,9181,45462,25654.5,24807.0,24807.0,5621,43993,27133.1,1928.0,1928.0,1928,1928,0.0,1680.0,1680.0,1632,1728,67.9,cudaLaunchKernel,"void at::native::elementwise_kernel<(int)128, (int)2, void at::native::gpu_kernel_impl_nocast<at::native::FillFunctor<float>>(at::TensorIteratorBase &, const T1 &)::[lambda(int) (instance 1)]>(int, T3)"
2264054,2264054,0,123,109,26986.2,21488.0,16568,52674,11814.4,10255.0,9818.0,8496,20489,1570.6,1174.2,1220.0,2,1855,260.4,15807.7,11040.0,6560,40416,11187.6,cuLaunchKernel,void cutlass::Kernel2<cutlass_80_tensorop_f16_s16816gemm_f16_64x64_32x6_nn_align2>(T1::Params)
2264054,2264054,0,3596,3431,26785.3,12040.5,10443,3648328,145755.0,9614.4,8867.0,7594,462602,11669.3,15739.5,1237.0,82,3632896,148193.5,2223.3,1984.0,1600,4992,569.5,cudaLaunchKernel,"void at_cuda_detail::cub::detail::reduce::DeviceReduceSingleTileKernel<at_cuda_detail::cub::detail::reduce::policy_hub<int, unsigned long long, cuda::std::__4::plus<void>>::Policy1000, thrust::_V_300200_SM_750_800_860_900_1000_1200::transform_iterator<at::native::<unnamed>::NonZeroOp<bool>, const bool *, thrust::_V_300200_SM_750_800_860_900_1000_1200::use_default, thrust::_V_300200_SM_750_800_860_900_1000_1200::use_default>, int *, unsigned long long, cuda::std::__4::plus<void>, int, int, cuda::std::__4::identity>(T2, T3, T4, T5, T6, T8)"
2264054,2266203,0,2,2,26137.5,26137.5,9656,42619,23308.4,21536.0,21536.0,4809,38263,23655.6,1929.5,1929.5,1604,2255,460.3,2672.0,2672.0,2592,2752,113.1,cudaLaunchKernel,"void at::native::triu_tril_kernel<double, int, (bool)1, (int)1, (bool)0>(at::cuda::detail::TensorInfo<T1, T2>, at::cuda::detail::TensorInfo<const T1, T2>, long, long, T2)"
2264054,2265402,0,8,7,25834.8,16006.5,14637,91530,26592.9,17731.4,7123.5,6783,84481,27066.4,1826.6,2088.0,616,2184,556.3,6532.0,6624.0,5632,7264,569.2,cudaLaunchKernel,"void at_cuda_detail::cub::detail::radix_sort::DeviceRadixSortSingleTileKernel<at_cuda_detail::cub::detail::radix::policy_hub<long, at::cuda::cub::detail::OpaqueType<(int)8>, unsigned long long>::Policy1000, (at_cuda_detail::cub::SortOrder)0, long, at::cuda::cub::detail::OpaqueType<(int)8>, unsigned long long, at_cuda_detail::cub::detail::identity_decomposer_t>(const T3 *, T3 *, const T4 *, T4 *, T5, int, int, T6)"
2264054,2264054,0,30,24,25800.5,32298.0,16278,33570,7797.2,10512.7,10234.5,9288,12854,1008.7,1094.8,1083.5,269,1591,294.5,14545.1,21360.0,5760,21632,7560.4,cuLaunchKernel,void cutlass::Kernel2<cutlass_80_wmma_tensorop_f16_s161616gemm_f16_32x32_64x1_tn_align2>(T1::Params)
2264054,2264054,0,288,268,25732.5,11505.5,10651,3645091,214332.0,19735.5,5655.5,4939,3640364,214392.5,1883.9,1921.0,176,2530,298.1,4312.8,3808.0,3392,43456,2772.4,cudaLaunchKernel,"void at::native::elementwise_kernel<(int)128, (int)4, void at::native::gpu_kernel_impl_nocast<at::native::BinaryFunctor<bool, bool, bool, at::native::BitwiseAndFunctor<bool>>>(at::TensorIteratorBase &, const T1 &)::[lambda(int) (instance 1)]>(int, T3)"
2264054,2266203,0,2,2,25477.5,25477.5,18334,32621,10102.4,16747.0,16747.0,3777,29717,18342.3,6298.5,6298.5,472,12125,8239.9,2432.0,2432.0,2432,2432,0.0,cudaLaunchKernel,"void scale_max<double, (int)32, (int)32, (int)1>(long, long, T1 *, T1 *, T1 *, int *)"
2264054,2264054,0,179,160,25158.1,24644.0,22960,38129,2064.0,11878.6,11362.0,9718,27031,2144.1,805.6,807.0,19,2102,296.9,12704.0,12416.0,12160,23776,1390.7,cudaLaunchKernel,ampere_fp16_s16816gemm_fp16_64x64_sliced1x2_ldg8_f2f_stages_64x6_tn
2264054,2264054,0,180,162,25123.5,24600.5,23038,38077,1752.6,11627.5,10820.5,9167,28695,2670.3,810.3,841.0,30,1527,294.4,13101.7,13056.0,12832,13536,160.9,cudaLaunchKernel,ampere_fp16_s16816gemm_fp16_64x64_ldg8_f2f_stages_64x5_tn
2264054,2264054,0,1306,1220,25040.7,24629.5,22026,65477,2854.7,11458.3,10861.0,9107,50026,2373.0,850.8,877.0,5,1719,272.0,12937.8,12544.0,11712,40416,1979.7,cudaLaunchKernel,ampere_fp16_s16816gemm_fp16_64x64_sliced1x2_ldg8_f2f_stages_64x5_tn
2264054,2264054,0,315,295,24942.2,23211.0,16836,160671,9083.0,7939.6,7094.0,6001,149294,8163.5,1673.0,1719.0,39,2368,276.9,15512.3,14208.0,8512,25024,4720.0,cudaLaunchKernel,"void at::native::reduce_kernel<(int)128, (int)4, at::native::ReduceOp<bool, at::native::func_wrapper_t<bool, at::native::or_kernel_cuda(at::TensorIterator &)::[lambda() (instance 1)]::operator ()() const::[lambda() (instance 12)]::operator ()() const::[lambda(bool, bool) (instance 1)]>, unsigned int, bool, (int)4, (int)4>>(T3)"
2264054,2266203,0,2,2,24900.5,24900.5,9395,40406,21928.1,20814.5,20814.5,4378,37251,23244.7,1270.5,1270.5,308,2233,1361.2,2815.5,2815.5,2784,2847,44.5,cudaLaunchKernel,"void lansy_M_stage1<double, double, (int)8>(long, const T1 *, long, long, T2 *, long, int)"
2264054,2266203,0,2,2,24597.5,24597.5,11896,37299,17962.6,16771.5,16771.5,3917,29626,18179.0,2338.0,2338.0,2201,2475,193.7,5488.0,5488.0,5472,5504,22.6,cudaLaunchKernel,"void sytrd4_cta<sytrd_params<double, (int)16, (int)32, (int)32, (int)32, (int)0, (int)1, (int)2>, (int)1>(int, T1::data_type *, int, int, T1::pod_type *, int, T1::pod_type *, int, T1::data_type *, int, int)"
2264054,2264054,0,864,797,24051.6,23179.5,20653,214387,7541.1,13142.1,12468.5,10640,201234,7582.8,618.3,638.0,3,1285,248.3,10497.5,9920.0,8768,13312,1284.3,cudaLaunchKernelExC,sm80_xmma_gemm_f16f16_f16f32_f32_tn_n_tilesize32x32x64_stage6_warpsize2x2x1_tensor16x8x16_execute_kernel__5x_cublas
2264054,2266203,0,2,2,23844.0,23844.0,14340,33348,13440.7,17674.0,17674.0,4319,31029,18886.8,3914.0,3914.0,15,7813,5514.0,2256.0,2256.0,2208,2304,67.9,cudaLaunchKernel,"void scale_max<float, (int)32, (int)32, (int)1>(long, long, T1 *, T1 *, T1 *, int *)"
2264054,2266203,0,5,3,23791.6,12967.0,12270,67354,24358.0,18743.8,7455.0,5791,64953,25857.2,1884.7,1928.0,1727,1999,141.1,4454.4,4416.0,4416,4544,57.2,cudaLaunchKernel,"void at::native::<unnamed>::CatArrayBatchedCopy_alignedK_contig<at::native::<unnamed>::OpaqueType<(unsigned int)8>, unsigned int, (int)2, (int)128, (int)1, (int)16>(T1 *, at::native::<unnamed>::CatArrInputTensorMetadata<T1, T2, T4, T5>, at::native::<unnamed>::TensorSizeStride<T2, (unsigned int)4>, int, T2)"
2264054,2266203,0,2,1,23748.0,23748.0,9223,38273,20541.5,21496.0,21496.0,4719,38273,23726.3,2456.0,2456.0,2456,2456,0.0,2096.0,2096.0,2048,2144,67.9,cudaLaunchKernel,"void lansy_M_stage2<float, (int)8>(T1, T1, long, T1 *, long, T1 *, T1 *)"
2264054,2266203,0,2,1,22556.5,22556.5,11819,33294,15185.1,17343.0,17343.0,7324,27362,14169.0,1164.0,1164.0,1164,1164,0.0,4752.0,4752.0,4736,4768,22.6,cudaLaunchKernel,"void sytrd4_cta<sytrd_params<float, (int)16, (int)32, (int)32, (int)32, (int)0, (int)1, (int)2>, (int)1>(int, T1::data_type *, int, int, T1::pod_type *, int, T1::pod_type *, int, T1::data_type *, int, int)"
2264054,2265402,0,16,16,22410.8,19964.5,15895,53896,9224.8,8316.4,4974.0,3807,41419,9816.5,4566.4,3795.0,759,9154,3028.1,9527.9,9488.0,8384,11072,811.1,cudaLaunchKernel,"void at_cuda_detail::cub::detail::radix_sort::DeviceRadixSortOnesweepKernel<at_cuda_detail::cub::detail::radix::policy_hub<long, at::cuda::cub::detail::OpaqueType<(int)8>, unsigned long long>::Policy1000, (at_cuda_detail::cub::SortOrder)0, long, at::cuda::cub::detail::OpaqueType<(int)8>, unsigned long long, int, int, at_cuda_detail::cub::detail::identity_decomposer_t>(T7 *, T7 *, T5 *, const T5 *, T3 *, const T3 *, T4 *, const T4 *, T6, int, int, T8)"
2264054,2266203,0,2,2,22195.0,22195.0,9678,34712,17701.7,19873.0,19873.0,6522,33224,18881.2,978.0,978.0,144,1812,1179.5,1344.0,1344.0,1344,1344,0.0,cudaLaunchKernel,"void at::native::vectorized_elementwise_kernel<(int)2, at::native::FillFunctor<double>, std::array<char *, (unsigned long)1>>(int, T2, T3)"
2264054,2266203,0,12,7,21771.3,15421.0,10604,88679,21688.7,19146.4,11692.5,6001,88679,22952.5,1430.1,1819.0,98,1985,779.7,2898.7,2912.0,2560,3200,212.5,cudaLaunchKernel,"void at::native::<unnamed>::CatArrayBatchedCopy_alignedK_contig<at::native::<unnamed>::OpaqueType<(unsigned int)4>, unsigned int, (int)1, (int)128, (int)1, (int)16>(T1 *, at::native::<unnamed>::CatArrInputTensorMetadata<T1, T2, T4, T5>, at::native::<unnamed>::TensorSizeStride<T2, (unsigned int)4>, int, T2)"
2264054,2266203,0,2,2,21218.5,21218.5,8646,33791,17780.2,18274.5,18274.5,5059,31490,18689.5,1344.0,1344.0,701,1987,909.3,1600.0,1600.0,1600,1600,0.0,cudaLaunchKernel,"void at::native::elementwise_kernel<(int)128, (int)2, void at::native::gpu_kernel_impl_nocast<at::native::FillFunctor<double>>(at::TensorIteratorBase &, const T1 &)::[lambda(int) (instance 1)]>(int, T3)"
2264054,2266203,0,19677,18735,20889.9,8184.0,6900,17341341,376773.2,5483.1,4619.0,3567,2065315,25370.4,14769.2,2218.0,0,17330595,384957.7,1363.9,1376.0,1248,2528,71.3,cudaLaunchKernel,"void <unnamed>::elementwise_kernel_with_index<int, at::native::arange_cuda_out(const c10::Scalar &, const c10::Scalar &, const c10::Scalar &, at::Tensor &)::[lambda() (instance 1)]::operator ()() const::[lambda() (instance 4)]::operator ()() const::[lambda(long) (instance 1)]>(T1, T2, function_traits<T2>::result_type *)"
2264054,2264054,0,272,251,20812.0,13985.5,8876,2197576,132558.5,17894.1,11232.0,5200,2197576,132758.6,1145.1,1165.0,0,2801,792.0,1936.6,1888.0,1632,2624,143.3,cudaLaunchKernel,"void at::native::vectorized_elementwise_kernel<(int)4, void at::native::compare_scalar_kernel<long>(at::TensorIteratorBase &, at::native::<unnamed>::OpType, T1)::[lambda(long) (instance 1)], std::array<char *, (unsigned long)2>>(int, T2, T3)"
2264054,2266203,0,2,2,20669.5,20669.5,16269,25070,6223.2,13575.5,13575.5,5350,21801,11632.6,5462.0,5462.0,1637,9287,5409.4,1632.0,1632.0,1632,1632,0.0,cudaLaunchKernel,"void scale_max<double, (int)32, (int)128, (int)0>(long, long, T1 *, T1 *, T1 *, int *)"
2264054,2265402,0,6,5,20580.0,11602.5,10729,65067,21815.3,16693.5,7384.5,6262,64352,23369.8,1538.4,1767.0,574,1926,563.7,2976.0,2976.0,2912,3040,49.6,cudaLaunchKernel,"void at::native::unrolled_elementwise_kernel<at::native::BUnaryFunctor<long, long, long, at::native::remainder_kernel_cuda(at::TensorIteratorBase &)::[lambda() (instance 1)]::operator ()() const::[lambda() (instance 4)]::operator ()() const::[lambda(long, long) (instance 1)]>, std::array<char *, (unsigned long)2>, (int)4, TrivialOffsetCalculator<(int)1, unsigned int>, TrivialOffsetCalculator<(int)1, unsigned int>, at::native::memory::LoadWithoutCast, at::native::memory::StoreWithoutCast>(int, T1, T2, T4, T5, T6, T7)"
2264054,2266203,0,2,2,20060.5,20060.5,8493,31628,16358.9,15750.5,15750.5,3888,27613,16776.1,2118.0,2118.0,1839,2397,394.6,2192.0,2192.0,2176,2208,22.6,cudaLaunchKernel,"void lansy_M_stage2<double, (int)8>(T1, T1, long, T1 *, long, T1 *, T1 *)"
2264054,2264054,0,42,37,19947.3,19485.5,17704,24449,1969.6,9701.0,9338.0,8496,13125,1172.0,1222.3,1284.0,302,1699,239.7,9247.3,8992.0,7712,12033,1563.6,cuLaunchKernel,void cutlass::Kernel2<cutlass_75_wmma_tensorop_f16_s161616gemm_f16_32x32_64x1_nn_align1>(T1::Params)
2264054,2266203,0,6,4,19932.0,12613.5,11481,57369,18352.4,17263.0,8806.5,7154,57369,19771.5,1379.5,1413.5,988,1703,313.5,2725.3,2672.0,2528,3168,224.8,cudaLaunchKernel,"void at::native::<unnamed>::distribution_elementwise_grid_stride_kernel<double, (int)2, void at::native::templates::cuda::normal_and_transform<double, double, at::CUDAGeneratorImpl *, void at::native::templates::cuda::normal_kernel<at::CUDAGeneratorImpl *>(const at::TensorBase &, double, double, T1)::[lambda() (instance 1)]::operator ()() const::[lambda() (instance 1)]::operator ()() const::[lambda(double) (instance 1)]>(at::TensorIteratorBase &, T3, T4)::[lambda(curandStatePhilox4_32_10 *) (instance 1)], void at::native::<unnamed>::distribution_nullary_kernel<double, double, double2, at::CUDAGeneratorImpl *, void at::native::templates::cuda::normal_and_transform<double, double, at::CUDAGeneratorImpl *, void at::native::templates::cuda::normal_kernel<at::CUDAGeneratorImpl *>(const at::TensorBase &, double, double, T1)::[lambda() (instance 1)]::operator ()() const::[lambda() (instance 1)]::operator ()() const::[lambda(double) (instance 1)]>(at::TensorIteratorBase &, T3, T4)::[lambda(curandStatePhilox4_32_10 *) (instance 1)], void at::native::templates::cuda::normal_kernel<at::CUDAGeneratorImpl *>(const at::TensorBase &, double, double, T1)::[lambda() (instance 1)]::operator ()() const::[lambda() (instance 1)]::operator ()() const::[lambda(double) (instance 1)]>(at::TensorIteratorBase &, T4, const T5 &, T6)::[lambda(int, double) (instance 1)]>(long, at::PhiloxCudaState, T3, T4)"
2264054,2266203,0,2,1,19509.0,19509.0,10471,28547,12781.7,15665.0,15665.0,4679,26651,15536.6,3360.0,3360.0,3360,3360,0.0,2496.0,2496.0,2432,2560,90.5,cudaLaunchKernel,"void larft_T_32<float, (int)256>(int, T1 *, int, long, const T1 *, long)"
2264054,2264054,0,432,409,19420.4,9063.0,7914,4313868,207103.2,15806.5,5325.0,4369,4313868,207279.9,1926.7,1970.0,35,3638,324.6,1842.7,1839.5,1472,2688,141.3,cudaLaunchKernel,"void at::native::vectorized_elementwise_kernel<(int)2, at::native::CUDAFunctorOnSelf_add<long>, std::array<char *, (unsigned long)2>>(int, T2, T3)"
2264054,2264054,0,288,275,19324.5,9534.5,8544,2491484,146799.9,15527.9,5626.0,4569,2490544,146975.7,1855.5,1929.0,53,2594,416.2,2063.4,2048.0,1920,2848,92.0,cudaLaunchKernel,"void at::native::vectorized_elementwise_kernel<(int)4, at::native::AUnaryFunctor<float, float, float, at::native::binary_internal::MulFunctor<float>>, std::array<char *, (unsigned long)2>>(int, T2, T3)"
2264054,2264054,0,306,277,19050.4,17131.5,14839,149603,8837.5,7826.4,6953.5,5941,120781,6712.1,1734.1,1752.0,361,2288,263.1,9772.7,8480.0,6720,29952,4020.5,cudaLaunchKernel,"void at::native::reduce_kernel<(int)256, (int)2, at::native::ReduceOp<bool, at::native::func_wrapper_t<bool, at::native::or_kernel_cuda(at::TensorIterator &)::[lambda() (instance 1)]::operator ()() const::[lambda() (instance 12)]::operator ()() const::[lambda(bool, bool) (instance 1)]>, unsigned int, bool, (int)4, (int)4>>(T3)"
2264054,2264054,0,51,47,19037.7,14073.0,12639,83223,11048.3,7745.0,6252.0,5180,64673,8235.8,1906.1,1957.0,406,2402,323.3,9573.0,5632.0,5440,18720,6002.6,cudaLaunchKernel,"void <unnamed>::softmax_warp_forward<c10::Half, float, float, (int)7, (bool)0, (bool)0, (int)32>(T2 *, const T1 *, int, int, int, const bool *, int, bool)"
2264054,2266203,0,2,2,18919.5,18919.5,9008,28831,14017.0,14102.5,14102.5,3988,24217,14304.1,2225.0,2225.0,2022,2428,287.1,2592.0,2592.0,2592,2592,0.0,cudaLaunchKernel,"void larft_vtv_32<double, (int)128>(long, long, const T1 *, long, long, T1 *, long, long)"
2264054,2266203,0,30797,28929,18717.5,10224.0,8663,17466290,336522.8,7268.5,6242.0,4439,5331907,32522.7,9903.9,1940.0,9,17451332,345473.1,2202.3,2144.0,1568,4448,165.2,cudaLaunchKernel,"void at::native::vectorized_elementwise_kernel<(int)4, at::native::AbsFunctor<c10::Half>, std::array<char *, (unsigned long)2>>(int, T2, T3)"
2264054,2264054,0,14,11,18674.4,18248.0,16679,20893,1629.5,10856.5,10169.5,9298,13115,1477.9,819.2,853.0,23,1500,484.7,7389.7,7392.0,6432,8320,900.0,cuLaunchKernel,void cutlass::Kernel2<cutlass_80_wmma_tensorop_f16_s161616gemm_f16_32x32_128x1_nn_align2>(T1::Params)
2264054,2266203,0,2,2,18602.5,18602.5,11230,25975,10426.3,12499.0,12499.0,3717,21281,12419.6,3543.5,3543.5,2134,4953,1993.3,2560.0,2560.0,2560,2560,0.0,cudaLaunchKernel,"void ormqr_cta_kernel<double, (int)4, (int)1>(long, long, long, const T1 *, long, long, const T1 *, long, T1 *, long, long, long, long, long, int)"
2264054,2266203,0,14,8,18170.4,15692.0,10814,52393,10368.1,12581.9,10765.5,6453,49214,10796.4,1033.1,1404.0,5,1817,769.7,5321.1,3696.0,2528,8352,2679.5,cudaLaunchKernel,"void at::native::vectorized_elementwise_kernel<(int)4, at::native::AUnaryFunctor<unsigned char, unsigned char, unsigned char, at::native::binary_internal::MulFunctor<unsigned char>>, std::array<char *, (unsigned long)2>>(int, T2, T3)"
2264054,2264054,0,7,7,18075.6,13492.0,12128,47680,13066.0,12560.7,7544.0,6372,43062,13464.5,1802.9,1889.0,938,2268,425.4,3712.0,3712.0,3680,3744,26.1,cudaLaunchKernel,"void <unnamed>::softmax_warp_forward<c10::Half, float, float, (int)6, (bool)0, (bool)0, (int)32>(T2 *, const T1 *, int, int, int, const bool *, int, bool)"
2264054,2266203,0,2,2,18031.5,18031.5,9087,26976,12649.4,14808.5,14808.5,5140,24477,13673.3,1127.0,1127.0,355,1899,1091.8,2096.0,2096.0,2048,2144,67.9,cudaLaunchKernel,"void epilogue<sytrd_params<float, (int)32, (int)8, (int)512, (int)32, (int)16, (int)1, (int)2>, (int)128, (int)1, (int)1>(int, int, T1::data_type *, int, int, T1::pod_type *, int, T1::pod_type *, int, T1::data_type *, int, T1::data_type *, int, int)"
2264054,2264054,0,144,133,17984.4,10812.5,10176,953306,78509.6,13061.6,5690.5,5189,951312,78762.6,1933.8,2016.0,254,2599,340.9,3185.1,3104.0,2912,3808,181.1,cudaLaunchKernel,"void at::native::vectorized_elementwise_kernel<(int)4, at::native::cos_kernel_cuda(at::TensorIteratorBase &)::[lambda() (instance 2)]::operator ()() const::[lambda() (instance 2)]::operator ()() const::[lambda(float) (instance 1)], std::array<char *, (unsigned long)2>>(int, T2, T3)"
2264054,2264054,0,4,1,17982.5,18139.5,16523,19128,1185.4,14933.3,14948.0,13145,16692,1557.2,402.0,402.0,402,402,0.0,3384.0,3392.0,2976,3776,330.9,cudaLaunchKernel,"void at_cuda_detail::cub::detail::reduce::DeviceReduceKernel<at_cuda_detail::cub::detail::reduce::policy_hub<int, unsigned long long, cuda::std::__4::plus<void>>::Policy1000, thrust::_V_300200_SM_750_800_860_900_1000_1200::transform_iterator<at::native::<unnamed>::NonZeroOp<bool>, const bool *, thrust::_V_300200_SM_750_800_860_900_1000_1200::use_default, thrust::_V_300200_SM_750_800_860_900_1000_1200::use_default>, unsigned long long, cuda::std::__4::plus<void>, int, cuda::std::__4::identity>(T2, T5 *, T3, at_cuda_detail::cub::GridEvenShare<T3>, T4, T6)"
2264054,2266203,0,2,2,17904.5,17904.5,8690,27119,13031.3,13455.5,13455.5,4188,22723,13106.2,2017.0,2017.0,1964,2070,75.0,2432.0,2432.0,2432,2432,0.0,cudaLaunchKernel,"void larft_T_32<double, (int)256>(int, T1 *, int, long, const T1 *, long)"
2264054,2264054,0,144,133,17762.5,10480.5,9682,952241,78451.6,12941.4,5430.5,4678,949849,78669.2,1969.2,2027.0,64,2455,312.1,3087.3,3008.0,2848,3808,207.9,cudaLaunchKernel,"void at::native::vectorized_elementwise_kernel<(int)4, at::native::sin_kernel_cuda(at::TensorIteratorBase &)::[lambda() (instance 2)]::operator ()() const::[lambda() (instance 2)]::operator ()() const::[lambda(float) (instance 1)], std::array<char *, (unsigned long)2>>(int, T2, T3)"
2264054,2266203,0,2,2,17640.0,17640.0,10311,24969,10364.8,12358.5,12358.5,3897,20820,11966.4,3201.5,3201.5,2069,4334,1601.6,2080.0,2080.0,2080,2080,0.0,cudaLaunchKernel,"void epilogue<sytrd_params<double, (int)32, (int)8, (int)512, (int)32, (int)16, (int)1, (int)2>, (int)128, (int)1, (int)1>(int, int, T1::data_type *, int, int, T1::pod_type *, int, T1::pod_type *, int, T1::data_type *, int, T1::data_type *, int, int)"
2264054,2264054,0,14,9,17546.2,17360.5,15426,20173,1510.5,11807.4,11061.5,9338,15159,1897.6,753.6,1021.0,72,1393,456.9,5659.4,5664.0,5024,6304,641.0,cudaLaunchKernel,ampere_fp16_s16816gemm_fp16_128x64_ldg8_f2f_stages_32x6_tn
2264054,2266203,0,6,1,17529.8,19035.5,12620,20285,3197.0,16314.2,17833.5,9057,19878,4081.8,1291.0,1291.0,1291,1291,0.0,2298.7,2272.0,2176,2464,102.0,cudaLaunchKernel,"void at::native::elementwise_kernel<(int)128, (int)2, void at::native::gpu_kernel_impl_nocast<at::native::<unnamed>::where_kernel_impl(at::TensorIterator &)::[lambda() (instance 1)]::operator ()() const::[lambda() (instance 3)]::operator ()() const::[lambda(bool, unsigned int, unsigned int) (instance 1)]>(at::TensorIteratorBase &, const T1 &)::[lambda(int) (instance 1)]>(int, T3)"
2264054,2264054,0,144,129,17368.4,15320.5,14402,222893,17422.2,14027.7,11842.5,10911,218967,17440.3,770.7,774.0,20,1482,252.0,2798.9,2848.0,1888,3328,185.7,cuLaunchKernelEx,_bmm_outer_product_kernel
2264054,2266203,0,14,10,17248.6,14420.5,12324,56669,11443.1,13651.1,10785.5,8106,55415,12166.6,1127.1,1190.0,543,1698,436.6,3044.6,2832.0,2464,3776,447.6,cudaLaunchKernel,"void at::native::vectorized_elementwise_kernel<(int)4, at::native::BinaryFunctor<unsigned char, unsigned char, bool, at::native::<unnamed>::CompareEqFunctor<unsigned char>>, std::array<char *, (unsigned long)3>>(int, T2, T3)"
2264054,2266203,0,42,41,17199.4,15371.5,11500,48506,5957.8,9329.4,8020.0,5991,44725,5825.5,1610.2,1584.0,601,7764,1068.6,6304.8,4768.0,3424,10849,2882.9,cudaLaunchKernel,"void at::native::elementwise_kernel<(int)128, (int)2, void at::native::gpu_kernel_impl_nocast<at::native::direct_copy_kernel_cuda(at::TensorIteratorBase &)::[lambda() (instance 3)]::operator ()() const::[lambda() (instance 3)]::operator ()() const::[lambda(int) (instance 1)]>(at::TensorIteratorBase &, const T1 &)::[lambda(int) (instance 1)]>(int, T3)"
2264054,2266203,0,132,111,17096.7,12013.0,9865,214719,24848.2,14019.2,8696.0,6242,214719,25459.2,1472.0,1561.0,155,2624,389.6,2088.5,2112.0,1760,2560,174.2,cudaLaunchKernel,"void at::native::vectorized_elementwise_kernel<(int)4, at::native::<unnamed>::CompareFunctor<float>, std::array<char *, (unsigned long)3>>(int, T2, T3)"
2264054,2264054,0,4,4,16930.3,11816.0,10173,33916,11381.4,13167.3,7955.0,6051,30708,11762.1,1555.0,1637.0,1128,1818,297.4,2208.0,2224.0,2080,2304,101.2,cudaLaunchKernel,"void at_cuda_detail::cub::detail::reduce::DeviceReduceSingleTileKernel<at_cuda_detail::cub::detail::reduce::policy_hub<int, unsigned long long, cuda::std::__4::plus<void>>::Policy1000, int *, int *, int, cuda::std::__4::plus<void>, int, int, cuda::std::__4::identity>(T2, T3, T4, T5, T6, T8)"
2264054,2264054,0,14,9,16745.2,16869.0,15523,18446,860.4,10396.9,9929.0,8957,13355,1374.0,1156.2,1203.0,769,1399,173.6,6006.9,6000.0,5248,6752,740.8,cuLaunchKernel,void cutlass::Kernel2<cutlass_80_wmma_tensorop_f16_s161616gemm_f16_32x32_128x1_nn_align8>(T1::Params)
2264054,2264054,0,16,15,16679.8,13170.5,12266,54485,10302.3,9990.2,6202.0,5210,47500,10678.2,2256.7,2136.0,1131,3570,705.1,4888.0,4864.0,4640,5216,171.1,cudaLaunchKernel,"void at::native::<unnamed>::write_indices<long>(long *, at::native::<unnamed>::TensorDims<T1>, int, T1, long *, long)"
2264054,2266203,0,4,2,16588.0,10761.5,9732,35097,12368.5,13680.8,7358.5,4909,35097,14324.8,1817.0,1817.0,1499,2135,449.7,2640.0,2640.0,2560,2720,76.2,cudaLaunchKernel,"void gemmSN_TN_kernel<double, (int)128, (int)16, (int)2, (int)4, (int)4, (int)4, (bool)1, cublasGemvTensorStridedBatched<const double>, cublasGemvTensorStridedBatched<const double>, cublasGemvTensorStridedBatched<double>>(cublasGemmSmallNParams<T9, T10, T11, T1>)"
2264054,2266203,0,8,6,16281.8,10529.5,9526,54940,15661.9,13571.0,7048.0,5541,54924,16838.8,1667.2,1618.0,1016,2255,436.9,1883.9,1888.0,1855,1888,11.7,cudaLaunchKernel,"void at::native::elementwise_kernel<(int)128, (int)2, void at::native::gpu_kernel_impl_nocast<at::native::direct_copy_kernel_cuda(at::TensorIteratorBase &)::[lambda() (instance 3)]::operator ()() const::[lambda() (instance 6)]::operator ()() const::[lambda(double) (instance 1)]>(at::TensorIteratorBase &, const T1 &)::[lambda(int) (instance 1)]>(int, T3)"
2264054,2266203,0,19,12,16275.5,13904.0,10891,64315,11793.0,14070.1,11241.0,7594,64102,12438.9,1117.9,1192.0,143,1613,433.3,2041.3,2080.0,1760,2304,158.1,cudaLaunchKernel,"void at::native::unrolled_elementwise_kernel<at::native::<unnamed>::CompareFunctor<c10::Half>, std::array<char *, (unsigned long)3>, (int)4, TrivialOffsetCalculator<(int)2, unsigned int>, TrivialOffsetCalculator<(int)1, unsigned int>, at::native::memory::LoadWithoutCast, at::native::memory::StoreWithoutCast>(int, T1, T2, T4, T5, T6, T7)"
2264054,2266203,0,14,12,16205.1,13574.0,10625,49643,10063.1,13630.6,11277.0,7084,47450,10308.9,849.1,837.5,49,1749,664.7,1865.1,1856.0,1760,2144,115.3,cudaLaunchKernel,"void at::native::vectorized_elementwise_kernel<(int)4, at::native::<unnamed>::launch_clamp_scalar(at::TensorIteratorBase &, c10::Scalar, c10::Scalar, at::native::detail::ClampLimits)::[lambda() (instance 1)]::operator ()() const::[lambda() (instance 7)]::operator ()() const::[lambda(float) (instance 1)], std::array<char *, (unsigned long)2>>(int, T2, T3)"
2264054,2264054,0,7,2,16027.0,16194.0,15196,16671,526.1,11441.7,11603.0,9237,13495,1498.4,816.5,816.5,762,871,77.1,5129.1,5120.0,5088,5184,44.2,cuLaunchKernel,void cutlass::Kernel2<cutlass_75_wmma_tensorop_f16_s161616gemm_f16_32x32_32x1_nn_align1>(T1::Params)
2264054,2266203,0,42,33,16025.8,13557.5,12519,74979,9774.8,12406.9,9708.0,8035,73860,10342.1,1289.8,1221.0,753,1806,290.1,2816.0,2752.0,2400,3360,291.6,cudaLaunchKernel,"void at::native::vectorized_elementwise_kernel<(int)4, at::native::AUnaryFunctor<unsigned char, unsigned char, bool, at::native::<unnamed>::CompareEqFunctor<unsigned char>>, std::array<char *, (unsigned long)2>>(int, T2, T3)"
2264054,2266203,0,7980,7584,15974.5,14795.5,13797,3413443,41971.2,5475.4,4368.0,3917,3407220,41961.1,2237.7,2177.0,1,110967,3012.0,8403.7,8224.0,7808,10560,603.7,cudaLaunchKernel,"void batch_trsm_left_kernel<float, (int)64, (int)4, (int)3, (bool)0, (bool)0, (bool)1>(cublasTrsmBatchParams2<T1>, T1, const T1 *, int)"
2264054,2266203,0,2,2,15855.0,15855.0,8847,22863,9910.8,11081.0,11081.0,3957,18205,10074.9,2374.0,2374.0,2258,2490,164.0,2400.0,2400.0,2400,2400,0.0,cudaLaunchKernel,"void lascl_kernel<double, double, (int)8>(long, long, T1 *, long, long, T2 *, int, int)"
2264054,2266203,0,42,37,15588.1,13840.0,11375,83336,10854.7,10767.7,8687.0,6472,80634,11230.5,1451.9,1497.0,207,2126,466.7,3614.5,3520.5,3136,4192,369.9,cudaLaunchKernel,"void at::native::unrolled_elementwise_kernel<at::native::direct_copy_kernel_cuda(at::TensorIteratorBase &)::[lambda() (instance 3)]::operator ()() const::[lambda() (instance 1)]::operator ()() const::[lambda(unsigned char) (instance 1)], std::array<char *, (unsigned long)2>, (int)4, TrivialOffsetCalculator<(int)1, unsigned int>, TrivialOffsetCalculator<(int)1, unsigned int>, at::native::memory::LoadWithCast<(int)1>, at::native::memory::StoreWithCast<(int)1>>(int, T1, T2, T4, T5, T6, T7)"
2264054,2266203,0,2,1,15543.0,15543.0,8940,22146,9338.1,12634.0,12634.0,4108,21160,12057.6,2432.0,2432.0,2432,2432,0.0,2400.0,2400.0,2400,2400,0.0,cudaLaunchKernel,"void lascl_kernel<float, float, (int)8>(long, long, T1 *, long, long, T2 *, int, int)"
2264054,2266203,0,2,2,14893.5,14893.5,11182,18605,5248.9,9848.5,9848.5,4197,15500,7992.4,3365.0,3365.0,1377,5353,2811.5,1680.0,1680.0,1632,1728,67.9,cudaLaunchKernel,"void scale_max<float, (int)32, (int)128, (int)0>(long, long, T1 *, T1 *, T1 *, int *)"
2264054,2266203,0,2,2,14605.0,14605.0,7804,21406,9618.1,10750.0,10750.0,3676,17824,10004.1,2383.0,2383.0,2110,2656,386.1,1472.0,1472.0,1472,1472,0.0,cudaLaunchKernel,"void batch_eye_kernel<double, (int)5, (int)3>(long, long, T1 *, unsigned long, long long, int)"
2264054,2266203,0,2,2,14421.5,14421.5,7521,21322,9758.8,11271.0,11271.0,4037,18505,10230.4,1870.5,1870.5,1537,2204,471.6,1280.0,1280.0,1280,1280,0.0,cudaLaunchKernel,"void orgqr_step1_kernel<double, (int)5, (int)3>(int, int, int, T1 *, int)"
2264054,2265402,0,8,7,14100.8,12764.5,11324,20689,3050.2,9345.1,7760.0,5891,20689,4814.1,1846.4,1959.0,882,2118,430.8,3608.0,3600.0,3424,3744,99.4,cudaLaunchKernel,"void at_cuda_detail::cub::detail::radix_sort::DeviceRadixSortHistogramKernel<at_cuda_detail::cub::detail::radix::policy_hub<long, at::cuda::cub::detail::OpaqueType<(int)8>, unsigned long long>::Policy1000, (at_cuda_detail::cub::SortOrder)0, long, unsigned long long, at_cuda_detail::cub::detail::identity_decomposer_t>(T4 *, const T3 *, T4, int, int, T5)"
2264054,2264054,0,3728,3463,13678.3,12261.5,10315,558958,15593.6,8498.1,7374.0,5981,554807,15321.0,1575.5,1645.0,10,3034,337.8,3804.1,3264.0,2304,35328,2114.3,cudaLaunchKernel,"void at::native::vectorized_gather_kernel<(int)16, long>(char *, char *, T2 *, int, long, long, long, long, bool)"
2264054,2264054,0,3456,3233,13673.6,12054.0,10310,3555703,61337.4,10038.2,8285.0,6643,3555703,61421.6,1434.7,1492.0,46,3608,278.5,2391.1,2336.0,1952,5664,371.6,cudaLaunchKernel,"void at::native::vectorized_elementwise_kernel<(int)4, void at::native::compare_scalar_kernel<c10::Half>(at::TensorIteratorBase &, at::native::<unnamed>::OpType, T1)::[lambda(c10::Half) (instance 1)], std::array<char *, (unsigned long)2>>(int, T2, T3)"
2264054,2265402,0,8,7,13074.5,11691.5,10029,24526,4729.1,8933.5,7945.0,5230,21040,5053.3,2087.3,2078.0,951,3502,831.5,2352.0,2336.0,2208,2496,110.9,cudaLaunchKernel,"void at_cuda_detail::cub::detail::radix_sort::DeviceRadixSortExclusiveSumKernel<at_cuda_detail::cub::detail::radix::policy_hub<long, at::cuda::cub::detail::OpaqueType<(int)8>, unsigned long long>::Policy1000, unsigned long long>(T2 *)"
2264054,2265402,0,16,13,13048.0,12969.5,12164,14397,474.6,6704.6,6096.5,5320,10500,1474.2,2131.3,2108.0,1526,3317,411.5,4848.0,4832.0,4640,5088,113.9,cudaLaunchKernel,"void at::native::<unnamed>::write_indices<long>(long *, at::native::<unnamed>::TensorDims<T1>, int, T1, long *, long)"
2264054,2265402,0,16,16,12870.1,11089.0,10260,31324,5155.9,8982.2,6818.5,6091,28545,5590.8,1407.9,1533.0,354,2275,672.7,2480.0,2464.0,2176,2816,162.7,cudaLaunchKernel,"void at::native::vectorized_elementwise_kernel<(int)2, at::native::CUDAFunctor_add<long>, std::array<char *, (unsigned long)3>>(int, T2, T3)"
2264054,2264054,0,144,126,12482.3,12007.0,11126,37030,2272.6,10315.5,9558.0,8887,37030,2676.0,970.3,965.0,145,1486,197.9,1474.7,1504.0,1376,1536,43.2,cudaLaunchKernel,"void at::native::vectorized_elementwise_kernel<(int)4, at::native::FillFunctor<c10::Half>, std::array<char *, (unsigned long)1>>(int, T2, T3)"
2264054,2264054,0,144,131,12467.0,11664.0,10855,60286,4360.0,6558.6,5681.0,5019,54163,4226.7,1899.0,1965.0,385,2517,294.9,4238.9,3968.0,3456,16768,1270.1,cudaLaunchKernel,"void at::native::elementwise_kernel<(int)128, (int)4, void at::native::gpu_kernel_impl_nocast<at::native::<unnamed>::CompareFunctor<long>>(at::TensorIteratorBase &, const T1 &)::[lambda(int) (instance 1)]>(int, T3)"
2264054,2266203,0,2,2,12333.5,12333.5,7589,17078,6709.7,8806.0,8806.0,3676,13936,7254.9,2119.5,2119.5,1734,2505,545.2,1408.0,1408.0,1408,1408,0.0,cudaLaunchKernel,"void cuds_scal_batch_kernel<double, (int)256>(int, const T1 *, T1 *, long long)"
2264054,2265402,0,16,13,12236.4,11883.5,10985,16011,1285.5,9466.8,8511.0,7715,16011,2235.7,1667.3,1654.0,1332,2363,276.2,1690.0,1728.0,1408,1920,164.1,cudaLaunchKernel,"void at_cuda_detail::cub::detail::scan::DeviceCompactInitKernel<at_cuda_detail::cub::ScanTileState<int, (bool)1>, int *>(T1, int, T2)"
2264054,2264054,0,160,151,12176.1,11830.0,9811,37090,2481.4,8161.8,7825.0,4769,33955,2777.6,1607.7,1626.0,63,2455,338.4,2560.0,2688.0,1792,3072,345.7,cudaLaunchKernel,"void at::native::elementwise_kernel<(int)128, (int)2, void at::native::gpu_kernel_impl_nocast<at::native::direct_copy_kernel_cuda(at::TensorIteratorBase &)::[lambda() (instance 3)]::operator ()() const::[lambda() (instance 4)]::operator ()() const::[lambda(long) (instance 1)]>(at::TensorIteratorBase &, const T1 &)::[lambda(int) (instance 1)]>(int, T3)"
2264054,2265402,0,16,15,12051.8,12465.0,10582,13372,961.8,6426.7,5987.0,5490,8355,929.1,1949.2,1974.0,902,2589,394.4,3808.0,3712.0,3008,4800,763.4,cudaLaunchKernel,"void at_cuda_detail::cub::detail::select::DeviceSelectSweepKernel<at_cuda_detail::cub::detail::select::policy_hub<long, bool, int, (bool)0, (at_cuda_detail::cub::SelectImpl)0>::Policy1000, thrust::_V_300200_SM_750_800_860_900_1000_1200::counting_iterator<long, thrust::_V_300200_SM_750_800_860_900_1000_1200::use_default, thrust::_V_300200_SM_750_800_860_900_1000_1200::use_default, thrust::_V_300200_SM_750_800_860_900_1000_1200::use_default, thrust::_V_300200_SM_750_800_860_900_1000_1200::compile_time_value<(int)1>>, thrust::_V_300200_SM_750_800_860_900_1000_1200::transform_iterator<at::native::<unnamed>::NonZeroOp<bool>, const bool *, thrust::_V_300200_SM_750_800_860_900_1000_1200::use_default, thrust::_V_300200_SM_750_800_860_900_1000_1200::use_default>, long *, int *, at_cuda_detail::cub::ScanTileState<int, (bool)1>, at_cuda_detail::cub::NullType, at_cuda_detail::cub::NullType, int, at_cuda_detail::cub::detail::select::streaming_context_t<long, (bool)1>, (at_cuda_detail::cub::SelectImpl)0>(T2, T3, T4, T5, T6, T7, T8, T9, int, T10, at_cuda_detail::cub::detail::vsmem_t)"
2264054,2265402,0,16,15,11995.4,11563.5,10578,19477,2048.7,8559.6,7995.5,6703,18305,2714.0,1698.7,1766.0,552,2230,463.9,1890.0,1904.0,1824,1984,61.2,cudaLaunchKernel,"void <unnamed>::elementwise_kernel_with_index<int, at::native::arange_cuda_out(const c10::Scalar &, const c10::Scalar &, const c10::Scalar &, at::Tensor &)::[lambda() (instance 1)]::operator ()() const::[lambda() (instance 4)]::operator ()() const::[lambda(long) (instance 1)]>(T1, T2, function_traits<T2>::result_type *)"
2264054,2266203,0,4,4,11902.8,9197.5,8117,21099,6152.0,7682.5,4794.5,3828,17313,6466.8,2676.3,2401.5,2097,3805,776.0,1544.0,1536.0,1536,1568,16.0,cudaLaunchKernel,"void lacpy_kernel<double, double, (int)5, (int)3>(long, long, const T1 *, long, long, T2 *, long, long, int, int)"
2264054,2265402,0,32,29,11599.4,10548.0,8160,32583,4464.4,7620.8,6347.0,4228,29947,5078.9,1929.2,2041.0,364,2782,589.7,2319.0,2304.0,1888,2720,163.0,cudaLaunchKernel,"void at::native::vectorized_elementwise_kernel<(int)2, at::native::AUnaryFunctor<long, long, long, at::native::binary_internal::MulFunctor<long>>, std::array<char *, (unsigned long)2>>(int, T2, T3)"
2264054,2266203,0,16,13,11471.6,8907.5,7899,39620,7750.1,8711.4,5991.0,4348,38794,8417.9,1857.7,1974.0,688,2788,565.9,1370.0,1344.0,1280,1472,65.3,cudaLaunchKernel,"void at::native::vectorized_elementwise_kernel<(int)4, at::native::FillFunctor<int>, std::array<char *, (unsigned long)1>>(int, T2, T3)"
2264054,2266203,0,5165,4879,11362.6,9889.0,8473,400757,12520.0,7747.2,6733.0,4909,398469,7797.1,2021.6,1587.0,5,187064,8993.0,1751.5,1664.0,1504,66816,2134.8,cudaLaunchKernel,"void at::native::vectorized_elementwise_kernel<(int)2, at::native::AUnaryFunctor<long, long, long, at::native::binary_internal::MulFunctor<long>>, std::array<char *, (unsigned long)2>>(int, T2, T3)"
2264054,2264054,0,3600,3414,11334.2,9383.5,8469,2786850,60281.4,6691.6,4589.0,3938,2783503,60370.7,2180.9,2179.0,1,7061,413.0,2627.4,2560.0,2304,5024,199.7,cudaLaunchKernel,"void at_cuda_detail::cub::detail::select::DeviceSelectSweepKernel<at_cuda_detail::cub::detail::select::policy_hub<long, bool, int, (bool)0, (at_cuda_detail::cub::SelectImpl)0>::Policy1000, thrust::_V_300200_SM_750_800_860_900_1000_1200::counting_iterator<long, thrust::_V_300200_SM_750_800_860_900_1000_1200::use_default, thrust::_V_300200_SM_750_800_860_900_1000_1200::use_default, thrust::_V_300200_SM_750_800_860_900_1000_1200::use_default, thrust::_V_300200_SM_750_800_860_900_1000_1200::compile_time_value<(int)1>>, thrust::_V_300200_SM_750_800_860_900_1000_1200::transform_iterator<at::native::<unnamed>::NonZeroOp<bool>, const bool *, thrust::_V_300200_SM_750_800_860_900_1000_1200::use_default, thrust::_V_300200_SM_750_800_860_900_1000_1200::use_default>, long *, int *, at_cuda_detail::cub::ScanTileState<int, (bool)1>, at_cuda_detail::cub::NullType, at_cuda_detail::cub::NullType, int, at_cuda_detail::cub::detail::select::streaming_context_t<long, (bool)1>, (at_cuda_detail::cub::SelectImpl)0>(T2, T3, T4, T5, T6, T7, T8, T9, int, T10, at_cuda_detail::cub::detail::vsmem_t)"
2264054,2264054,0,720,676,11243.9,8934.5,7670,1119897,41417.5,7936.9,5590.0,4138,1119262,41538.5,1885.9,1950.5,7,7992,414.4,1597.8,1728.0,1247,1920,206.2,cudaLaunchKernel,"void <unnamed>::elementwise_kernel_with_index<int, at::native::arange_cuda_out(const c10::Scalar &, const c10::Scalar &, const c10::Scalar &, at::Tensor &)::[lambda() (instance 1)]::operator ()() const::[lambda() (instance 4)]::operator ()() const::[lambda(long) (instance 1)]>(T1, T2, function_traits<T2>::result_type *)"
2264054,2266203,0,3412,3251,11153.4,10382.0,8773,380044,10579.9,6027.8,5431.0,4809,380044,7937.9,2343.5,2014.0,1,155946,7201.0,2919.1,2976.0,1824,3392,262.0,cudaLaunchKernel,"void at::native::elementwise_kernel<(int)128, (int)2, void at::native::gpu_kernel_impl_nocast<at::native::CUDAFunctor_add<long>>(at::TensorIteratorBase &, const T1 &)::[lambda(int) (instance 1)]>(int, T3)"
2264054,2266203,0,4,3,11102.5,10136.5,9208,14929,2599.3,7068.5,4864.0,3617,14929,5290.0,2146.7,2200.0,1849,2391,274.9,3248.0,3248.0,3200,3296,55.4,cuLaunchKernel,void cutlass::Kernel2<cutlass_80_tensorop_d884gemm_32x32_16x5_nn_align1>(T1::Params)
2264054,2266203,0,15574,14584,11094.1,9850.0,7830,4644638,39163.2,7447.2,6382.0,4378,4644638,38707.8,1912.4,1821.0,9,144188,4567.5,1919.9,1760.0,1600,46144,2190.3,cudaLaunchKernel,"void at::native::vectorized_elementwise_kernel<(int)4, void at::native::compare_scalar_kernel<long>(at::TensorIteratorBase &, at::native::<unnamed>::OpType, T1)::[lambda(long) (instance 1)], std::array<char *, (unsigned long)2>>(int, T2, T3)"
2264054,2266203,0,28,26,10606.4,8240.5,7384,50617,8147.2,7287.1,4874.0,3447,50035,8718.2,2229.2,2102.5,305,7706,1330.9,1321.1,1280.0,1248,1792,105.5,cudaLaunchKernel,"copy_info_kernel(int, int *)"
2264054,2266203,0,5227,4926,10559.2,8737.0,7908,2254935,42203.6,6572.4,5079.0,4448,2254935,41489.2,2388.6,1938.0,60,173675,7817.3,1784.0,1728.0,1568,13216,693.5,cudaLaunchKernel,"void at::native::vectorized_elementwise_kernel<(int)4, at::native::BinaryFunctor<bool, bool, bool, at::native::BitwiseOrFunctor<bool>>, std::array<char *, (unsigned long)3>>(int, T2, T3)"
2264054,2266203,0,10240,9617,10549.9,10115.0,9057,346855,8035.4,6103.1,5480.0,4649,342843,8125.9,2003.1,2016.0,11,10456,236.6,2614.0,2592.0,2336,3104,140.5,cudaLaunchKernel,"void at::native::unrolled_elementwise_kernel<at::native::BinaryFunctor<float, float, float, at::native::maximum_kernel_cuda(at::TensorIteratorBase &)::[lambda() (instance 2)]::operator ()() const::[lambda() (instance 2)]::operator ()() const::[lambda(float, float) (instance 1)]>, std::array<char *, (unsigned long)3>, (int)4, TrivialOffsetCalculator<(int)2, unsigned int>, TrivialOffsetCalculator<(int)1, unsigned int>, at::native::memory::LoadWithCast<(int)2>, at::native::memory::StoreWithCast<(int)1>>(int, T1, T2, T4, T5, T6, T7)"
2264054,2266203,0,15393,14505,9811.6,9412.0,8442,587413,9245.8,5628.0,5060.0,4258,584123,9203.0,2107.9,2107.0,3,191584,1598.2,2245.9,2240.0,1664,2368,40.9,cudaLaunchKernel,"void at::native::vectorized_elementwise_kernel<(int)4, at::native::AUnaryFunctor<c10::Half, c10::Half, bool, at::native::<unnamed>::CompareEqFunctor<c10::Half>>, std::array<char *, (unsigned long)2>>(int, T2, T3)"
2264054,2264054,0,128,120,9803.0,9023.5,8576,82362,6569.4,6069.6,5070.0,4669,81876,6906.3,1992.5,1989.0,115,2726,283.7,1921.2,1920.0,1600,2432,109.3,cudaLaunchKernel,"void at::native::vectorized_elementwise_kernel<(int)4, at::native::BinaryFunctor<bool, bool, bool, at::native::BitwiseOrFunctor<bool>>, std::array<char *, (unsigned long)3>>(int, T2, T3)"
2264054,2264054,0,3600,3405,9606.3,9184.0,8070,350275,6833.7,6579.0,6031.0,4929,348474,6932.6,1806.1,1850.0,5,2842,295.9,1375.7,1344.0,1184,1952,163.2,cudaLaunchKernel,"void at_cuda_detail::cub::detail::scan::DeviceCompactInitKernel<at_cuda_detail::cub::ScanTileState<int, (bool)1>, int *>(T1, int, T2)"
2264054,2266203,0,1692,1615,9558.5,9033.5,8330,393800,10509.0,5848.5,5124.5,4649,393800,10607.3,1987.9,2077.0,7,2841,372.8,1832.9,1824.0,1568,2304,133.2,cudaLaunchKernel,"void at::native::vectorized_elementwise_kernel<(int)2, at::native::CUDAFunctor_add<long>, std::array<char *, (unsigned long)3>>(int, T2, T3)"
2264054,2266203,0,15393,14516,9491.3,8971.0,8206,1924600,18514.3,5115.9,4429.0,3867,1923594,18574.1,2273.5,2276.0,0,12556,268.3,2269.1,2272.0,1664,2400,41.6,cudaLaunchKernel,"void at::native::vectorized_elementwise_kernel<(int)4, at::native::BinaryFunctor<c10::Half, c10::Half, bool, at::native::<unnamed>::CompareEqFunctor<c10::Half>>, std::array<char *, (unsigned long)3>>(int, T2, T3)"
