NVTX Range,Style,PID,TID,NVTX Inst,Kern Inst,Total Time (ns),Avg (ns),Med (ns),Min (ns),Max (ns),StdDev (ns),Kernel Name
,,1950204,1952247,0,224,7794677524,34797667.5,6571504.5,769020,101994763,43002903.2,ampere_sgemm_128x128_tn
,,1950204,1952247,0,448,5948872640,13278733.6,3124081.5,129024,101072883,25416738.3,ampere_sgemm_128x128_nt
,,1950204,1952247,0,384,170649330,444399.3,330047.0,18848,1194936,330517.8,ampere_fp16_s16816gemm_fp16_256x128_ldg8_f2f_stages_32x3_nn
,,1950204,1952247,0,448,131929902,294486.4,78399.0,7680,1141659,440156.6,"void at::native::reduce_kernel<(int)128, (int)4, at::native::ReduceOp<float, at::native::func_wrapper_t<float, at::native::sum_functor<float, float, float>::operator ()(at::TensorIterator &)::[lambda(float, float) (instance 1)]>, unsigned int, float, (int)4, (int)4>>(T3)"
,,1950204,1952247,0,1840,129740541,70511.2,17776.0,1792,2256914,233949.6,"void at::native::vectorized_elementwise_kernel<(int)4, at::native::BinaryFunctor<float, float, float, at::native::binary_internal::MulFunctor<float>>, std::array<char *, (unsigned long)3>>(int, T2, T3)"
,,1950204,1952247,0,189,126087637,667130.4,224799.0,163104,15953850,1739407.1,ampere_fp16_s16816gemm_fp16_256x128_ldg8_f2f_stages_64x3_nn
,,1950204,1952247,0,256,125246884,489245.6,181583.0,47424,2014035,623680.8,void cutlass::Kernel2<cutlass_75_tensorop_f16_s1688gemm_f16_64x64_tn_align1>(T1::Params)
,,1950204,1952247,0,1744,122825474,70427.5,25599.5,4896,1775668,188233.3,"void at::native::unrolled_elementwise_kernel<at::native::direct_copy_kernel_cuda(at::TensorIteratorBase &)::[lambda() (instance 3)]::operator ()() const::[lambda() (instance 7)]::operator ()() const::[lambda(float) (instance 1)], std::array<char *, (unsigned long)2>, (int)4, TrivialOffsetCalculator<(int)1, unsigned int>, TrivialOffsetCalculator<(int)1, unsigned int>, at::native::memory::LoadWithCast<(int)1>, at::native::memory::StoreWithCast<(int)1>>(int, T1, T2, T4, T5, T6, T7)"
,,1950204,1952247,0,16,108231372,6764460.8,6738006.0,6733589,6804660,33999.7,"void at::native::<unnamed>::cunn_SoftMaxForward<(int)8, c10::Half, float, float, at::native::<unnamed>::SoftMaxForwardEpilogue>(T4 *, const T2 *, int)"
,,1950204,1952247,0,576,106874360,185545.8,110239.0,34015,1211704,260019.9,ampere_fp16_s16816gemm_fp16_128x128_ldg8_f2f_stages_32x5_tn
,,1950204,1952247,0,224,106154984,473906.2,439997.5,274174,727100,149354.0,ampere_fp16_s16816gemm_fp16_128x256_ldg8_f2f_stages_64x3_tn
,,1950204,1952247,0,608,99372659,163441.9,108863.5,27712,745596,179584.5,ampere_fp16_s16816gemm_fp16_128x128_ldg8_f2f_stages_32x5_nn
,,1950204,1952247,0,1315,79823576,60702.3,12256.0,4064,1476119,174713.6,"void at::native::vectorized_elementwise_kernel<(int)4, at::native::float16_copy_kernel_cuda(at::TensorIteratorBase &)::[lambda(float) (instance 1)], std::array<char *, (unsigned long)2>>(int, T2, T3)"
,,1950204,1952247,0,256,78877027,308113.4,126511.5,31136,1245944,381782.2,void cutlass::Kernel2<cutlass_75_tensorop_f16_s1688gemm_f16_64x64_nn_align1>(T1::Params)
,,1950204,1952247,0,768,75307227,98056.3,23680.0,5216,1597142,247414.3,"void at::native::elementwise_kernel<(int)128, (int)4, void at::native::gpu_kernel_impl_nocast<at::native::CUDAFunctor_add<c10::Half>>(at::TensorIteratorBase &, const T1 &)::[lambda(int) (instance 1)]>(int, T3)"
,,1950204,1952247,0,3088,64109663,20760.9,14560.0,4608,91231,17608.9,"void at::native::elementwise_kernel<(int)128, (int)4, void at::native::gpu_kernel_impl_nocast<at::native::BinaryFunctor<c10::Half, c10::Half, c10::Half, at::native::binary_internal::MulFunctor<float>>>(at::TensorIteratorBase &, const T1 &)::[lambda(int) (instance 1)]>(int, T3)"
,,1950204,1952247,0,3072,61714929,20089.5,14511.5,3968,91040,17941.5,"void at::native::elementwise_kernel<(int)128, (int)4, void at::native::gpu_kernel_impl_nocast<at::native::direct_copy_kernel_cuda(at::TensorIteratorBase &)::[lambda() (instance 3)]::operator ()() const::[lambda() (instance 10)]::operator ()() const::[lambda(c10::Half) (instance 1)]>(at::TensorIteratorBase &, const T1 &)::[lambda(int) (instance 1)]>(int, T3)"
,,1950204,1952247,0,948,59081207,62321.9,24031.5,3456,376382,103764.2,"void at::native::vectorized_elementwise_kernel<(int)4, at::native::CUDAFunctor_add<float>, std::array<char *, (unsigned long)3>>(int, T2, T3)"
,,1950204,1952247,0,512,58900159,115039.4,43743.5,5664,755803,182429.0,"void at::native::vectorized_elementwise_kernel<(int)4, at::native::AUnaryFunctor<c10::Half, c10::Half, c10::Half, at::native::binary_internal::MulFunctor<float>>, std::array<char *, (unsigned long)2>>(int, T2, T3)"
,,1950204,1952247,0,768,55346940,72066.3,53312.0,18239,232862,52538.1,"void at::native::vectorized_elementwise_kernel<(int)4, at::native::BinaryFunctor<c10::Half, c10::Half, c10::Half, at::native::binary_internal::MulFunctor<float>>, std::array<char *, (unsigned long)3>>(int, T2, T3)"
,,1950204,1952247,0,16,48600051,3037503.2,2425892.0,850300,7710862,1933373.7,"void at::native::<unnamed>::cunn_SoftMaxBackward<(int)4, float, float, float, at::native::<unnamed>::LogSoftMaxBackwardEpilogue>(T2 *, const T4 *, const T4 *, long)"
,,1950204,1952247,0,128,43337447,338573.8,161759.5,53696,1216600,367701.5,void cutlass::Kernel2<cutlass_75_tensorop_f16_s1688gemm_f16_256x128_nt_align1>(T1::Params)
,,1950204,1952247,0,16,38945573,2434098.3,2433072.5,2425712,2444624,7050.9,"void at::native::<unnamed>::cunn_SoftMaxBackward<(int)4, c10::Half, float, float, at::native::<unnamed>::SoftMaxBackwardEpilogue>(T2 *, const T4 *, const T4 *, long)"
,,1950204,1952247,0,672,37981946,56520.8,14416.0,2944,315966,87964.3,"void at::native::vectorized_elementwise_kernel<(int)4, at::native::AbsFunctor<float>, std::array<char *, (unsigned long)2>>(int, T2, T3)"
,,1950204,1952247,0,160,35541404,222133.8,221118.5,164319,338878,62007.9,ampere_fp16_s16816gemm_fp16_256x128_ldg8_f2f_stages_64x3_tn
,,1950204,1952247,0,2560,35161916,13735.1,8720.0,2656,62623,13340.9,"void at::native::vectorized_elementwise_kernel<(int)4, at::native::CUDAFunctor_add<c10::Half>, std::array<char *, (unsigned long)3>>(int, T2, T3)"
,,1950204,1952247,0,128,35065792,273951.5,196559.0,53184,658364,242635.3,void cutlass::Kernel2<cutlass_80_wmma_tensorop_f16_s161616gemm_f16_32x32_32x1_tn_align2>(T1::Params)
,,1950204,1952247,0,1040,32799032,31537.5,25359.5,9056,100063,21540.8,"void at::native::elementwise_kernel<(int)128, (int)2, void at::native::gpu_kernel_impl_nocast<at::native::BinaryFunctor<float, float, float, at::native::binary_internal::MulFunctor<float>>>(at::TensorIteratorBase &, const T1 &)::[lambda(int) (instance 1)]>(int, T3)"
,,1950204,1952247,0,128,31212385,243846.8,100847.5,28352,982426,301084.1,void cutlass::Kernel2<cutlass_75_tensorop_f16_s1688gemm_f16_64x64_nt_align1>(T1::Params)
,,1950204,1952247,0,16,30583542,1911471.4,1511528.5,475934,4960864,1270972.7,"void <unnamed>::indexing_backward_kernel<c10::Half, (int)4>(const long *, const long *, const T1 *, T1 *, long, long, long, long, bool)"
,,1950204,1952247,0,48,27862109,580460.6,553357.0,391358,798875,167303.0,"void <unnamed>::softmax_warp_backward<float, c10::Half, float, (int)10, (bool)0, (bool)0, (int)32>(T2 *, const T1 *, const T1 *, int, int, int, const bool *)"
,,1950204,1952247,0,672,25520412,37976.8,12512.0,2400,196895,54621.4,"void at::native::vectorized_elementwise_kernel<(int)4, at::native::BinaryFunctor<float, float, bool, at::native::<unnamed>::CompareEqFunctor<float>>, std::array<char *, (unsigned long)3>>(int, T2, T3)"
,,1950204,1952247,0,672,24353224,36239.9,6240.0,2336,205886,59274.3,"void at::native::vectorized_elementwise_kernel<(int)4, at::native::AUnaryFunctor<float, float, bool, at::native::<unnamed>::CompareEqFunctor<float>>, std::array<char *, (unsigned long)2>>(int, T2, T3)"
,,1950204,1952247,0,448,22834956,50970.9,27888.0,5120,368413,59582.1,"void at::native::elementwise_kernel<(int)128, (int)2, void at::native::gpu_kernel_impl_nocast<at::native::<unnamed>::where_kernel_impl(at::TensorIterator &)::[lambda() (instance 1)]::operator ()() const::[lambda() (instance 3)]::operator ()() const::[lambda(bool, unsigned int, unsigned int) (instance 1)]>(at::TensorIteratorBase &, const T1 &)::[lambda(int) (instance 1)]>(int, T3)"
,,1950204,1952247,0,67,21264128,317375.0,201471.0,198847,3339856,552174.3,ampere_fp16_s16816gemm_fp16_128x256_ldg8_f2f_stages_64x3_nn
,,1950204,1952247,0,48,21051331,438569.4,425101.0,319070,574268,100601.3,"void <unnamed>::softmax_warp_forward<c10::Half, float, float, (int)10, (bool)0, (bool)0, (int)32>(T2 *, const T1 *, int, int, int, const bool *, int, bool)"
,,1950204,1952247,0,256,18640185,72813.2,55952.0,22144,231262,51751.7,"void at::native::vectorized_elementwise_kernel<(int)4, at::native::<unnamed>::silu_backward_kernel(at::TensorIteratorBase &)::[lambda() (instance 1)]::operator ()() const::[lambda() (instance 3)]::operator ()() const::[lambda(c10::Half, c10::Half) (instance 1)], std::array<char *, (unsigned long)3>>(int, T2, T3)"
,,1950204,1952247,0,672,16159175,24046.4,11456.0,6752,98623,28473.2,"void at::native::reduce_kernel<(int)512, (int)1, at::native::ReduceOp<bool, at::native::func_wrapper_t<bool, at::native::and_kernel_cuda(at::TensorIterator &)::[lambda() (instance 1)]::operator ()() const::[lambda() (instance 12)]::operator ()() const::[lambda(bool, bool) (instance 1)]>, unsigned int, bool, (int)4, (int)4>>(T3)"
,,1950204,1952247,0,672,16059119,23897.5,6368.0,2336,133855,36453.4,"void at::native::vectorized_elementwise_kernel<(int)4, at::native::BinaryFunctor<bool, bool, bool, at::native::binary_internal::MulFunctor<bool>>, std::array<char *, (unsigned long)3>>(int, T2, T3)"
,,1950204,1952247,0,512,15485510,30245.1,21487.5,8128,134815,26776.8,"void at::native::<unnamed>::CatArrayBatchedCopy<at::native::<unnamed>::OpaqueType<(unsigned int)2>, unsigned int, (int)4, (int)64, (int)64>(T1 *, at::native::<unnamed>::CatArrInputTensorMetadata<T1, T2, T4, T5>, at::native::<unnamed>::TensorSizeStride<T2, (unsigned int)4>, int, T2)"
,,1950204,1952247,0,80,14845331,185566.6,167919.0,108992,284383,60101.5,"void <unnamed>::softmax_warp_backward<float, c10::Half, float, (int)9, (bool)0, (bool)0, (int)32>(T2 *, const T1 *, const T1 *, int, int, int, const bool *)"
,,1950204,1952247,0,256,13146204,51352.4,39040.0,15936,156127,35135.6,"void at::native::vectorized_elementwise_kernel<(int)4, at::native::<unnamed>::silu_kernel(at::TensorIteratorBase &)::[lambda() (instance 1)]::operator ()() const::[lambda() (instance 5)]::operator ()() const::[lambda(c10::Half) (instance 1)], std::array<char *, (unsigned long)2>>(int, T2, T3)"
,,1950204,1952247,0,528,13099996,24810.6,22256.0,9120,60543,11525.2,"void at::native::reduce_kernel<(int)512, (int)1, at::native::ReduceOp<float, at::native::func_wrapper_t<float, at::native::sum_functor<float, float, float>::operator ()(at::TensorIterator &)::[lambda(float, float) (instance 1)]>, unsigned int, float, (int)4, (int)4>>(T3)"
,,1950204,1952247,0,1056,12942038,12255.7,4032.0,1856,84544,17791.1,"void at::native::vectorized_elementwise_kernel<(int)4, at::native::AUnaryFunctor<float, float, float, at::native::binary_internal::MulFunctor<float>>, std::array<char *, (unsigned long)2>>(int, T2, T3)"
,,1950204,1952247,0,528,11755459,22264.1,17055.5,8576,65503,14308.7,"void at::native::elementwise_kernel<(int)128, (int)2, void at::native::gpu_kernel_impl_nocast<at::native::BUnaryFunctor<float, float, float, at::native::binary_internal::MulFunctor<float>>>(at::TensorIteratorBase &, const T1 &)::[lambda(int) (instance 1)]>(int, T3)"
,,1950204,1952247,0,512,11397377,22260.5,12352.0,5344,84991,20551.3,"void at::native::vectorized_elementwise_kernel<(int)4, void at::native::<unnamed>::pow_tensor_scalar_kernel_impl<float, float>(at::TensorIteratorBase &, T2)::[lambda(float) (instance 1)], std::array<char *, (unsigned long)2>>(int, T2, T3)"
,,1950204,1952247,0,64,10985768,171652.6,170927.0,114336,231198,56335.5,void cutlass::Kernel2<cutlass_80_tensorop_f16_s16816gemm_f16_64x128_64x3_nn_align2>(T1::Params)
,,1950204,1952247,0,467,10934273,23413.9,1792.0,1280,905819,113407.7,"void at::native::vectorized_elementwise_kernel<(int)4, at::native::FillFunctor<float>, std::array<char *, (unsigned long)1>>(int, T2, T3)"
,,1950204,1952247,0,1041,10818404,10392.3,3776.0,2176,728507,49250.1,"void at::native::vectorized_elementwise_kernel<(int)4, at::native::FillFunctor<c10::Half>, std::array<char *, (unsigned long)1>>(int, T2, T3)"
,,1950204,1952247,0,80,10382409,129780.1,123823.5,85279,185663,34442.4,"void <unnamed>::softmax_warp_forward<c10::Half, float, float, (int)9, (bool)0, (bool)0, (int)32>(T2 *, const T1 *, int, int, int, const bool *, int, bool)"
,,1950204,1952247,0,1024,9858863,9627.8,7040.0,4288,42656,8088.1,"void at::native::elementwise_kernel<(int)128, (int)4, void at::native::gpu_kernel_impl_nocast<at::native::neg_kernel_cuda(at::TensorIteratorBase &)::[lambda() (instance 2)]::operator ()() const::[lambda() (instance 8)]::operator ()() const::[lambda(c10::Half) (instance 1)]>(at::TensorIteratorBase &, const T1 &)::[lambda(int) (instance 1)]>(int, T3)"
,,1950204,1952247,0,512,9480806,18517.2,13568.0,9152,60704,12975.0,"void at::native::reduce_kernel<(int)512, (int)1, at::native::ReduceOp<float, at::native::MeanOps<float, float, float, float>, unsigned int, float, (int)4, (int)4>>(T3)"
,,1950204,1952247,0,64,7860699,122823.4,112543.5,27104,245055,97087.4,void cutlass::Kernel2<cutlass_80_tensorop_f16_s16816gemm_relu_f16_128x128_32x5_nn_align8>(T1::Params)
,,1950204,1952247,0,256,7755770,30296.0,24288.0,10848,84384,18213.6,"void at::native::reduce_kernel<(int)512, (int)1, at::native::ReduceOp<c10::Half, at::native::func_wrapper_t<c10::Half, at::native::sum_functor<c10::Half, float, c10::Half>::operator ()(at::TensorIterator &)::[lambda(float, float) (instance 1)]>, unsigned int, c10::Half, (int)4, (int)8>>(T3)"
,,1950204,1952247,0,112,7292038,65107.5,44464.0,15712,168800,49218.9,sm80_xmma_gemm_f16f16_f16f32_f32_nn_n_tilesize192x128x32_stage3_warpsize4x2x1_tensor16x8x16_execute_kernel__5x_cublas
,,1950204,1952247,0,192,6038117,31448.5,23247.5,16416,66048,17331.1,sm80_xmma_gemm_f16f16_f16f32_f32_nn_n_tilesize96x128x32_stage4_warpsize2x2x1_tensor16x8x16_execute_kernel__5x_cublas
,,1950204,1952247,0,64,5833439,91147.5,70831.5,26048,200702,70207.2,void cutlass::Kernel2<cutlass_80_tensorop_f16_s16816gemm_f16_256x64_32x4_nt_align2>(T1::Params)
,,1950204,1952247,0,64,5813982,90843.5,70624.0,27295,196063,68381.9,void cutlass::Kernel2<cutlass_80_tensorop_f16_s16816gemm_f16_64x256_32x4_nt_align2>(T1::Params)
,,1950204,1952247,0,96,5716385,59545.7,57759.5,35040,90975,17794.6,"void <unnamed>::softmax_warp_backward<float, c10::Half, float, (int)8, (bool)0, (bool)0, (int)32>(T2 *, const T1 *, const T1 *, int, int, int, const bool *)"
,,1950204,1952247,0,32,5287496,165234.3,165440.0,162112,169183,1745.8,sm80_xmma_gemm_f16f16_f16f32_f32_nn_n_tilesize160x128x32_stage3_warpsize2x2x1_tensor16x8x16_execute_kernel__5x_cublas
,,1950204,1952247,0,64,5285409,82584.5,82704.0,81023,84543,882.2,void cutlass::Kernel2<cutlass_80_tensorop_f16_s16816gemm_relu_f16_128x128_32x4_nn_align8>(T1::Params)
,,1950204,1952247,0,96,4888240,50919.2,44223.5,43839,65567,9660.3,sm80_xmma_gemm_f16f16_f16f32_f32_tn_n_tilesize96x128x32_stage4_warpsize2x2x1_tensor16x8x16_execute_kernel__5x_cublas
,,1950204,1952247,0,96,4392368,45753.8,44880.0,28031,63071,12177.3,"void <unnamed>::softmax_warp_forward<c10::Half, float, float, (int)8, (bool)0, (bool)0, (int)32>(T2 *, const T1 *, int, int, int, const bool *, int, bool)"
,,1950204,1952247,0,64,4334853,67732.1,67535.5,32192,105631,34762.0,void cutlass::Kernel2<cutlass_80_tensorop_f16_s16816gemm_relu_f16_128x128_32x5_tn_align8>(T1::Params)
,,1950204,1952247,0,256,4184134,16344.3,14192.0,8864,34752,6231.1,"void at::native::reduce_kernel<(int)128, (int)4, at::native::ReduceOp<c10::Half, at::native::func_wrapper_t<c10::Half, at::native::sum_functor<c10::Half, float, c10::Half>::operator ()(at::TensorIterator &)::[lambda(float, float) (instance 1)]>, unsigned int, c10::Half, (int)4, (int)8>>(T3)"
,,1950204,1952247,0,192,3556906,18525.6,18208.0,17760,20352,695.1,ampere_fp16_s16816gemm_fp16_128x64_ldg8_f2f_stages_64x4_tn
,,1950204,1952247,0,96,2938671,30611.2,30559.5,30112,31584,264.7,ampere_fp16_s16816gemm_fp16_128x128_ldg8_f2f_stages_64x3_tn
,,1950204,1952247,0,64,2763019,43172.2,42479.5,34240,53536,8204.5,void cutlass::Kernel2<cutlass_80_tensorop_f16_s16816gemm_relu_f16_128x128_32x4_tn_align8>(T1::Params)
,,1950204,1952247,0,32,2723443,85107.6,85056.0,84224,86080,433.9,sm80_xmma_gemm_f16f16_f16f32_f32_tn_n_tilesize128x128x32_stage4_warpsize2x2x1_tensor16x8x16_execute_kernel__5x_cublas
,,1950204,1952247,0,32,2514577,78580.5,77471.0,73631,83584,3259.7,ampere_fp16_s16816gemm_fp16_64x128_sliced1x2_ldg8_f2f_stages_64x3_nn
,,1950204,1952247,0,64,2484784,38824.8,38736.0,20512,58048,18043.6,void cutlass::Kernel2<cutlass_80_tensorop_f16_s16816gemm_relu_f16_256x64_32x4_nn_align8>(T1::Params)
,,1950204,1952247,0,32,2268630,70894.7,70943.0,70495,71200,165.8,sm80_xmma_gemm_f16f16_f16f32_f32_tn_n_tilesize160x128x32_stage4_warpsize2x2x1_tensor16x8x16_execute_kernel__5x_cublas
,,1950204,1952247,0,64,2131446,33303.8,33056.0,27744,39776,5351.7,void cutlass::Kernel2<cutlass_80_tensorop_f16_s16816gemm_f16_64x64_32x6_nn_align2>(T1::Params)
,,1950204,1952247,0,48,2102805,43808.4,31728.0,26368,74528,19516.6,void cutlass::Kernel2<cutlass_80_tensorop_f16_s16816gemm_relu_f16_64x256_32x4_nt_align8>(T1::Params)
,,1950204,1952247,0,64,1833082,28641.9,28528.0,25056,35328,2898.5,void cutlass::Kernel2<cutlass_80_tensorop_f16_s16816gemm_relu_f16_64x256_32x4_nn_align8>(T1::Params)
,,1950204,1952247,0,32,1775288,55477.8,55472.0,55231,55743,155.0,ampere_fp16_s16816gemm_fp16_256x128_ldg8_f2f_stages_32x3_tn
,,1950204,1952247,0,32,1452758,45398.7,45375.5,44960,46048,283.6,sm80_xmma_gemm_f16f16_f16f32_f32_tn_n_tilesize192x128x32_stage3_warpsize4x2x1_tensor16x8x16_execute_kernel__5x_cublas
,,1950204,1952247,0,672,1427960,2124.9,2048.0,1632,2912,274.1,"void at::native::vectorized_elementwise_kernel<(int)4, at::native::bitwise_not_kernel_cuda(at::TensorIteratorBase &)::[lambda(bool) (instance 1)], std::array<char *, (unsigned long)2>>(int, T2, T3)"
,,1950204,1952247,0,672,1364665,2030.8,1984.0,1632,2656,164.6,"void at::native::vectorized_elementwise_kernel<(int)4, at::native::BinaryFunctor<bool, bool, bool, at::native::logical_or_kernel_cuda(at::TensorIterator &)::[lambda() (instance 2)]::operator ()() const::[lambda() (instance 9)]::operator ()() const::[lambda(bool, bool) (instance 1)]>, std::array<char *, (unsigned long)3>>(int, T2, T3)"
,,1950204,1952247,0,528,1308217,2477.7,2560.0,1696,3136,283.7,"void at::native::vectorized_elementwise_kernel<(int)4, void at::native::<unnamed>::pow_tensor_scalar_kernel_impl<float, float>(at::TensorIteratorBase &, T2)::[lambda(float) (instance 2)], std::array<char *, (unsigned long)2>>(int, T2, T3)"
,,1950204,1952247,0,16,1235805,77237.8,76688.0,74464,81152,2208.5,void cutlass::Kernel2<cutlass_80_tensorop_f16_s16816gemm_relu_f16_256x64_32x4_nt_align8>(T1::Params)
,,1950204,1952247,0,512,1196764,2337.4,2336.0,1823,2944,205.5,"void at::native::vectorized_elementwise_kernel<(int)4, at::native::CUDAFunctorOnSelf_add<float>, std::array<char *, (unsigned long)2>>(int, T2, T3)"
,,1950204,1952247,0,32,1173819,36681.8,36560.0,35328,37760,802.2,ampere_fp16_s16816gemm_fp16_64x64_ldg8_f2f_tn
,,1950204,1952247,0,512,1153659,2253.2,2272.0,1823,2592,110.1,"void at::native::vectorized_elementwise_kernel<(int)4, at::native::rsqrt_kernel_cuda(at::TensorIteratorBase &)::[lambda() (instance 2)]::operator ()() const::[lambda() (instance 2)]::operator ()() const::[lambda(float) (instance 1)], std::array<char *, (unsigned long)2>>(int, T2, T3)"
,,1950204,1952247,0,32,972667,30395.8,30080.0,25312,36672,4248.7,ampere_fp16_s16816gemm_fp16_128x64_ldg8_f2f_stages_32x6_nt
,,1950204,1952247,0,32,797823,24932.0,24880.0,24288,25792,361.1,sm80_xmma_gemm_f16f16_f16f32_f32_nn_n_tilesize160x128x32_stage4_warpsize2x2x1_tensor16x8x16_execute_kernel__5x_cublas
,,1950204,1952247,0,32,709952,22186.0,22176.0,21376,22592,254.6,void cutlass::Kernel2<cutlass_80_wmma_tensorop_f16_s161616gemm_f16_32x32_64x1_nn_align2>(T1::Params)
,,1950204,1952247,0,32,691388,21605.9,21632.0,21152,22016,304.9,void cutlass::Kernel2<cutlass_80_wmma_tensorop_f16_s161616gemm_f16_32x32_64x1_tn_align2>(T1::Params)
,,1950204,1952247,0,16,380444,23777.8,23775.5,23711,23999,79.5,void cutlass::Kernel2<cutlass_80_wmma_tensorop_f16_s161616gemm_f16_32x32_32x1_nt_align2>(T1::Params)
,,1950204,1952247,0,16,289566,18097.9,18096.0,17823,18304,127.7,"void <unnamed>::softmax_warp_forward<c10::Half, float, float, (int)7, (bool)0, (bool)0, (int)32>(T2 *, const T1 *, int, int, int, const bool *, int, bool)"
,,1950204,1952247,0,16,285344,17834.0,17904.0,17056,18432,382.7,"void <unnamed>::softmax_warp_backward<float, c10::Half, float, (int)7, (bool)0, (bool)0, (int)32>(T2 *, const T1 *, const T1 *, int, int, int, const bool *)"
,,1950204,1952247,0,16,250910,15681.9,15664.0,15232,16032,185.0,void cutlass::Kernel2<cutlass_80_tensorop_f16_s16816gemm_f16_128x64_64x3_nt_align2>(T1::Params)
,,1950204,1952247,0,26,83616,3216.0,3200.0,2784,3680,214.4,"void at::native::vectorized_elementwise_kernel<(int)2, at::native::BUnaryFunctor<long, long, long, at::native::remainder_kernel_cuda(at::TensorIteratorBase &)::[lambda() (instance 1)]::operator ()() const::[lambda() (instance 4)]::operator ()() const::[lambda(long, long) (instance 1)]>, std::array<char *, (unsigned long)2>>(int, T2, T3)"
,,1950204,1952247,0,16,77024,4814.0,4832.0,4608,5056,129.0,"void at::native::<unnamed>::write_indices<long>(long *, at::native::<unnamed>::TensorDims<T1>, int, T1, long *, long)"
,,1950204,1952247,0,32,73438,2294.9,2272.0,1888,2784,162.4,"void at::native::vectorized_elementwise_kernel<(int)2, at::native::AUnaryFunctor<long, long, long, at::native::binary_internal::MulFunctor<long>>, std::array<char *, (unsigned long)2>>(int, T2, T3)"
,,1950204,1952247,0,16,70208,4388.0,4464.0,3808,4704,240.6,"void at::native::<unnamed>::nll_loss_backward_no_reduce_cuda_kernel<float, long>(int, const T2 *, torch::headeronly::detail::GenericPackedTensorAccessor<torch::headeronly::detail::TensorAccessor<c10::ArrayRef<long>, const T1, (unsigned long)0, torch::headeronly::DefaultPtrTraits, long>, at::detail::IndexBoundsCheck<(unsigned long)1, long>, const T1, (unsigned long)1, torch::headeronly::DefaultPtrTraits, long>, torch::headeronly::detail::GenericPackedTensorAccessor<torch::headeronly::detail::TensorAccessor<c10::ArrayRef<long>, T1, (unsigned long)1, torch::headeronly::DefaultPtrTraits, long>, at::detail::IndexBoundsCheck<(unsigned long)2, long>, T1, (unsigned long)2, torch::headeronly::DefaultPtrTraits, long>, const T1 *, long, long)"
,,1950204,1952247,0,16,53152,3322.0,3344.0,2976,3456,128.1,"void at::native::elementwise_kernel<(int)128, (int)2, void at::native::gpu_kernel_impl_nocast<at::native::direct_copy_kernel_cuda(at::TensorIteratorBase &)::[lambda() (instance 3)]::operator ()() const::[lambda() (instance 7)]::operator ()() const::[lambda(float) (instance 1)]>(at::TensorIteratorBase &, const T1 &)::[lambda(int) (instance 1)]>(int, T3)"
,,1950204,1952247,0,16,49632,3102.0,3120.0,2784,3392,166.3,"void at::native::vectorized_elementwise_kernel<(int)2, at::native::BUnaryFunctor<long, long, long, at::native::binary_internal::div_trunc_kernel_cuda(at::TensorIteratorBase &)::[lambda() (instance 1)]::operator ()() const::[lambda() (instance 4)]::operator ()() const::[lambda(long, long) (instance 1)]>, std::array<char *, (unsigned long)2>>(int, T2, T3)"
,,1950204,1952247,0,16,39136,2446.0,2448.0,2176,2720,142.6,"void at::native::vectorized_elementwise_kernel<(int)2, at::native::CUDAFunctor_add<long>, std::array<char *, (unsigned long)3>>(int, T2, T3)"
,,1950204,1952247,0,16,29855,1865.9,1855.5,1824,1952,47.8,"void <unnamed>::elementwise_kernel_with_index<int, at::native::arange_cuda_out(const c10::Scalar &, const c10::Scalar &, const c10::Scalar &, at::Tensor &)::[lambda() (instance 1)]::operator ()() const::[lambda() (instance 4)]::operator ()() const::[lambda(long) (instance 1)]>(T1, T2, function_traits<T2>::result_type *)"
,,1950204,1952247,0,6,17567,2927.8,2928.0,2848,2976,48.3,"void at::native::unrolled_elementwise_kernel<at::native::BUnaryFunctor<long, long, long, at::native::remainder_kernel_cuda(at::TensorIteratorBase &)::[lambda() (instance 1)]::operator ()() const::[lambda() (instance 4)]::operator ()() const::[lambda(long, long) (instance 1)]>, std::array<char *, (unsigned long)2>, (int)4, TrivialOffsetCalculator<(int)1, unsigned int>, TrivialOffsetCalculator<(int)1, unsigned int>, at::native::memory::LoadWithoutCast, at::native::memory::StoreWithoutCast>(int, T1, T2, T4, T5, T6, T7)"
,,1950204,1953352,0,2,148511,74255.5,74255.5,74240,74271,21.9,"void batched_svd_parallel_jacobi_32x16<double, double>(int, int, int, int, T1 *, unsigned long, int, T2 *, T1 *, unsigned long, int, T1 *, unsigned long, int, T2, int, int *, T2, int, int *, int, T2)"
,,1950204,1953352,0,2,110208,55104.0,55104.0,45632,64576,13395.4,"void batched_svd_parallel_jacobi_32x16<float, float>(int, int, int, int, T1 *, unsigned long, int, T2 *, T1 *, unsigned long, int, T1 *, unsigned long, int, T2, int, int *, T2, int, int *, int, T2)"
,,1950204,1953352,0,2,45216,22608.0,22608.0,20448,24768,3054.7,"void kernel<getrf_wo_pivot_params_<double, (int)0, (int)256, (int)1, (int)64, (int)64, (int)68, (int)16, (int)1, (int)1>>(int, int, void *, int, void *, int, int, int, int, int, int *)"
,,1950204,1953352,0,28,37280,1331.4,1280.0,1216,1792,116.3,"copy_info_kernel(int, int *)"
,,1950204,1953352,0,2,35968,17984.0,17984.0,16544,19424,2036.5,"void kernel<getrf_wo_pivot_params_<float, (int)0, (int)256, (int)1, (int)64, (int)64, (int)68, (int)8, (int)1, (int)1>>(int, int, void *, int, void *, int, int, int, int, int, int *)"
,,1950204,1953352,0,2,25504,12752.0,12752.0,12128,13376,882.5,"void steqr_ker<stedc_params_<double2, double, (int)8, (int)16, (int)128>, double, (int)0>(long, T1::data_type *, T1::data_type *, T2 *, long, int *, int *, long, long, T1::data_type, T1::data_type, int *, int)"
,,1950204,1953352,0,12,25312,2109.3,2096.0,1952,2336,158.2,"void at::native::unrolled_elementwise_kernel<at::native::direct_copy_kernel_cuda(at::TensorIteratorBase &)::[lambda() (instance 3)]::operator ()() const::[lambda() (instance 11)]::operator ()() const::[lambda(bool) (instance 1)], std::array<char *, (unsigned long)2>, (int)4, TrivialOffsetCalculator<(int)1, unsigned int>, TrivialOffsetCalculator<(int)1, unsigned int>, at::native::memory::LoadWithCast<(int)1>, at::native::memory::StoreWithCast<(int)1>>(int, T1, T2, T4, T5, T6, T7)"
,,1950204,1953352,0,16,21984,1374.0,1344.0,1280,1472,63.4,"void at::native::vectorized_elementwise_kernel<(int)4, at::native::FillFunctor<int>, std::array<char *, (unsigned long)1>>(int, T2, T3)"
,,1950204,1953352,0,2,21600,10800.0,10800.0,10560,11040,339.4,"void geqr2_smem<double, double, (int)8, (int)5, (int)5>(int, int, T1 *, unsigned long, T1 *, int)"
,,1950204,1953352,0,2,20544,10272.0,10272.0,10208,10336,90.5,"void steqr_ker<stedc_params_<float2, float, (int)8, (int)16, (int)128>, float, (int)0>(long, T1::data_type *, T1::data_type *, T2 *, long, int *, int *, long, long, T1::data_type, T1::data_type, int *, int)"
,,1950204,1953352,0,2,18304,9152.0,9152.0,8864,9440,407.3,"void geqr2_smem<float, float, (int)8, (int)5, (int)5>(int, int, T1 *, unsigned long, T1 *, int)"
,,1950204,1953352,0,4,17472,4368.0,4368.0,4352,4384,18.5,void svd_music_kernel<(int)32>(int *)
,,1950204,1953352,0,2,16768,8384.0,8384.0,8288,8480,135.8,"void batched_svd_qr_32x16<double, double>(int, int, int, T1 *, unsigned long, int, T1 *, unsigned long, int)"
,,1950204,1953352,0,6,16256,2709.3,2656.0,2528,3136,214.8,"void at::native::<unnamed>::distribution_elementwise_grid_stride_kernel<double, (int)2, void at::native::templates::cuda::normal_and_transform<double, double, at::CUDAGeneratorImpl *, void at::native::templates::cuda::normal_kernel<at::CUDAGeneratorImpl *>(const at::TensorBase &, double, double, T1)::[lambda() (instance 1)]::operator ()() const::[lambda() (instance 1)]::operator ()() const::[lambda(double) (instance 1)]>(at::TensorIteratorBase &, T3, T4)::[lambda(curandStatePhilox4_32_10 *) (instance 1)], void at::native::<unnamed>::distribution_nullary_kernel<double, double, double2, at::CUDAGeneratorImpl *, void at::native::templates::cuda::normal_and_transform<double, double, at::CUDAGeneratorImpl *, void at::native::templates::cuda::normal_kernel<at::CUDAGeneratorImpl *>(const at::TensorBase &, double, double, T1)::[lambda() (instance 1)]::operator ()() const::[lambda() (instance 1)]::operator ()() const::[lambda(double) (instance 1)]>(at::TensorIteratorBase &, T3, T4)::[lambda(curandStatePhilox4_32_10 *) (instance 1)], void at::native::templates::cuda::normal_kernel<at::CUDAGeneratorImpl *>(const at::TensorBase &, double, double, T1)::[lambda() (instance 1)]::operator ()() const::[lambda() (instance 1)]::operator ()() const::[lambda(double) (instance 1)]>(at::TensorIteratorBase &, T4, const T5 &, T6)::[lambda(int, double) (instance 1)]>(long, at::PhiloxCudaState, T3, T4)"
,,1950204,1953352,0,4,15648,3912.0,3888.0,3840,4032,84.2,ampere_sgemm_32x128_tn
,,1950204,1953352,0,8,15456,1932.0,1920.0,1888,1984,48.2,"void at::native::elementwise_kernel<(int)128, (int)2, void at::native::gpu_kernel_impl_nocast<at::native::direct_copy_kernel_cuda(at::TensorIteratorBase &)::[lambda() (instance 3)]::operator ()() const::[lambda() (instance 7)]::operator ()() const::[lambda(float) (instance 1)]>(at::TensorIteratorBase &, const T1 &)::[lambda(int) (instance 1)]>(int, T3)"
,,1950204,1953352,0,2,15168,7584.0,7584.0,7520,7648,90.5,"void batched_svd_qr_32x16<float, float>(int, int, int, T1 *, unsigned long, int, T1 *, unsigned long, int)"
,,1950204,1953352,0,8,15072,1884.0,1888.0,1856,1888,11.3,"void at::native::elementwise_kernel<(int)128, (int)2, void at::native::gpu_kernel_impl_nocast<at::native::direct_copy_kernel_cuda(at::TensorIteratorBase &)::[lambda() (instance 3)]::operator ()() const::[lambda() (instance 6)]::operator ()() const::[lambda(double) (instance 1)]>(at::TensorIteratorBase &, const T1 &)::[lambda(int) (instance 1)]>(int, T3)"
,,1950204,1953352,0,6,13824,2304.0,2304.0,2240,2368,60.7,"void at::native::<unnamed>::distribution_elementwise_grid_stride_kernel<float, (int)4, void at::native::templates::cuda::normal_and_transform<float, float, at::CUDAGeneratorImpl *, void at::native::templates::cuda::normal_kernel<at::CUDAGeneratorImpl *>(const at::TensorBase &, double, double, T1)::[lambda() (instance 1)]::operator ()() const::[lambda() (instance 2)]::operator ()() const::[lambda(float) (instance 1)]>(at::TensorIteratorBase &, T3, T4)::[lambda(curandStatePhilox4_32_10 *) (instance 2)], void at::native::<unnamed>::distribution_nullary_kernel<float, float, float4, at::CUDAGeneratorImpl *, void at::native::templates::cuda::normal_and_transform<float, float, at::CUDAGeneratorImpl *, void at::native::templates::cuda::normal_kernel<at::CUDAGeneratorImpl *>(const at::TensorBase &, double, double, T1)::[lambda() (instance 1)]::operator ()() const::[lambda() (instance 2)]::operator ()() const::[lambda(float) (instance 1)]>(at::TensorIteratorBase &, T3, T4)::[lambda(curandStatePhilox4_32_10 *) (instance 2)], void at::native::templates::cuda::normal_kernel<at::CUDAGeneratorImpl *>(const at::TensorBase &, double, double, T1)::[lambda() (instance 1)]::operator ()() const::[lambda() (instance 2)]::operator ()() const::[lambda(float) (instance 1)]>(at::TensorIteratorBase &, T4, const T5 &, T6)::[lambda(int, float) (instance 1)]>(long, at::PhiloxCudaState, T3, T4)"
,,1950204,1953352,0,4,12928,3232.0,3232.0,3168,3296,58.4,void cutlass::Kernel2<cutlass_80_tensorop_d884gemm_32x32_16x5_nn_align1>(T1::Params)
,,1950204,1953352,0,2,10976,5488.0,5488.0,5472,5504,22.6,"void sytrd4_cta<sytrd_params<double, (int)16, (int)32, (int)32, (int)32, (int)0, (int)1, (int)2>, (int)1>(int, T1::data_type *, int, int, T1::pod_type *, int, T1::pod_type *, int, T1::data_type *, int, int)"
,,1950204,1953352,0,4,10624,2656.0,2656.0,2592,2720,73.9,"void gemmSN_TN_kernel<double, (int)128, (int)16, (int)2, (int)4, (int)4, (int)4, (bool)1, cublasGemvTensorStridedBatched<const double>, cublasGemvTensorStridedBatched<const double>, cublasGemvTensorStridedBatched<double>>(cublasGemmSmallNParams<T9, T10, T11, T1>)"
,,1950204,1953352,0,4,10143,2535.8,2528.0,2527,2560,16.2,"void gemmSN_NN_kernel<float, (int)256, (int)4, (int)2, (int)8, (int)4, (int)4, (bool)0, cublasGemvTensorStridedBatched<const float>, cublasGemvTensorStridedBatched<const float>, cublasGemvTensorStridedBatched<float>>(cublasGemmSmallNParams<T9, T10, T11, T1>)"
,,1950204,1953352,0,2,9472,4736.0,4736.0,4704,4768,45.3,"void sytrd4_cta<sytrd_params<float, (int)16, (int)32, (int)32, (int)32, (int)0, (int)1, (int)2>, (int)1>(int, T1::data_type *, int, int, T1::pod_type *, int, T1::pod_type *, int, T1::data_type *, int, int)"
,,1950204,1953352,0,4,6271,1567.8,1552.0,1535,1632,45.5,"void lacpy_kernel<float, float, (int)5, (int)3>(long, long, const T1 *, long, long, T2 *, long, long, int, int)"
,,1950204,1953352,0,4,6240,1560.0,1568.0,1536,1568,16.0,"void lacpy_kernel<double, double, (int)5, (int)3>(long, long, const T1 *, long, long, T2 *, long, long, int, int)"
,,1950204,1953352,0,2,5664,2832.0,2832.0,2752,2912,113.1,"void at::native::triu_tril_kernel<float, int, (bool)1, (int)2, (bool)0>(at::cuda::detail::TensorInfo<T1, T2>, at::cuda::detail::TensorInfo<const T1, T2>, long, long, T2)"
,,1950204,1953352,0,2,5632,2816.0,2816.0,2688,2944,181.0,"void lansy_M_stage1<float, float, (int)8>(long, const T1 *, long, long, T2 *, long, int)"
,,1950204,1953352,0,2,5599,2799.5,2799.5,2752,2847,67.2,"void lansy_M_stage1<double, double, (int)8>(long, const T1 *, long, long, T2 *, long, int)"
,,1950204,1953352,0,2,5376,2688.0,2688.0,2560,2816,181.0,"void larft_vtv_32<double, (int)128>(long, long, const T1 *, long, long, T1 *, long, long)"
,,1950204,1953352,0,2,5344,2672.0,2672.0,2592,2752,113.1,"void at::native::triu_tril_kernel<double, int, (bool)1, (int)1, (bool)0>(at::cuda::detail::TensorInfo<T1, T2>, at::cuda::detail::TensorInfo<const T1, T2>, long, long, T2)"
,,1950204,1953352,0,2,5344,2672.0,2672.0,2560,2784,158.4,"void larft_vtv_32<float, (int)128>(long, long, const T1 *, long, long, T1 *, long, long)"
,,1950204,1953352,0,4,5248,1312.0,1296.0,1280,1376,45.3,"xxtrf4_set_info_ker(int, int *)"
,,1950204,1953352,0,2,5120,2560.0,2560.0,2560,2560,0.0,"void ormqr_cta_kernel<double, (int)4, (int)1>(long, long, long, const T1 *, long, long, const T1 *, long, T1 *, long, long, long, long, long, int)"
,,1950204,1953352,0,2,5088,2544.0,2544.0,2496,2592,67.9,"void ormqr_cta_kernel<float, (int)4, (int)1>(long, long, long, const T1 *, long, long, const T1 *, long, T1 *, long, long, long, long, long, int)"
,,1950204,1953352,0,4,5088,1272.0,1248.0,1248,1344,48.0,"xx_set_info_ker(int, int *, int)"
,,1950204,1953352,0,2,4992,2496.0,2496.0,2432,2560,90.5,"void larft_T_32<float, (int)256>(int, T1 *, int, long, const T1 *, long)"
,,1950204,1953352,0,2,4928,2464.0,2464.0,2432,2496,45.3,"void larft_T_32<double, (int)256>(int, T1 *, int, long, const T1 *, long)"
,,1950204,1953352,0,2,4896,2448.0,2448.0,2432,2464,22.6,"void scale_max<double, (int)32, (int)32, (int)1>(long, long, T1 *, T1 *, T1 *, int *)"
,,1950204,1953352,0,2,4864,2432.0,2432.0,2272,2592,226.3,"void at::native::triu_tril_kernel<float, int, (bool)0, (int)2, (bool)1>(at::cuda::detail::TensorInfo<T1, T2>, at::cuda::detail::TensorInfo<const T1, T2>, long, long, T2)"
,,1950204,1953352,0,2,4832,2416.0,2416.0,2400,2432,22.6,"void lascl_kernel<double, double, (int)8>(long, long, T1 *, long, long, T2 *, int, int)"
,,1950204,1953352,0,2,4768,2384.0,2384.0,2368,2400,22.6,"void lascl_kernel<float, float, (int)8>(long, long, T1 *, long, long, T2 *, int, int)"
,,1950204,1953352,0,2,4672,2336.0,2336.0,2208,2464,181.0,"void at::native::triu_tril_kernel<double, int, (bool)0, (int)1, (bool)1>(at::cuda::detail::TensorInfo<T1, T2>, at::cuda::detail::TensorInfo<const T1, T2>, long, long, T2)"
,,1950204,1953352,0,2,4576,2288.0,2288.0,2240,2336,67.9,"void scale_max<float, (int)32, (int)32, (int)1>(long, long, T1 *, T1 *, T1 *, int *)"
,,1950204,1953352,0,2,4352,2176.0,2176.0,2176,2176,0.0,"void lansy_M_stage2<double, (int)8>(T1, T1, long, T1 *, long, T1 *, T1 *)"
,,1950204,1953352,0,2,4192,2096.0,2096.0,2048,2144,67.9,"void lansy_M_stage2<float, (int)8>(T1, T1, long, T1 *, long, T1 *, T1 *)"
,,1950204,1953352,0,2,4160,2080.0,2080.0,2080,2080,0.0,"void epilogue<sytrd_params<double, (int)32, (int)8, (int)512, (int)32, (int)16, (int)1, (int)2>, (int)128, (int)1, (int)1>(int, int, T1::data_type *, int, int, T1::pod_type *, int, T1::pod_type *, int, T1::data_type *, int, T1::data_type *, int, int)"
,,1950204,1953352,0,2,4128,2064.0,2064.0,2016,2112,67.9,"void epilogue<sytrd_params<float, (int)32, (int)8, (int)512, (int)32, (int)16, (int)1, (int)2>, (int)128, (int)1, (int)1>(int, int, T1::data_type *, int, int, T1::pod_type *, int, T1::pod_type *, int, T1::data_type *, int, T1::data_type *, int, int)"
,,1950204,1953352,0,2,3424,1712.0,1712.0,1696,1728,22.6,"void at::native::vectorized_elementwise_kernel<(int)2, at::native::CUDAFunctor_add<double>, std::array<char *, (unsigned long)3>>(int, T2, T3)"
,,1950204,1953352,0,2,3360,1680.0,1680.0,1632,1728,67.9,"void scale_max<float, (int)32, (int)128, (int)0>(long, long, T1 *, T1 *, T1 *, int *)"
,,1950204,1953352,0,2,3328,1664.0,1664.0,1600,1728,90.5,"void at::native::elementwise_kernel<(int)128, (int)2, void at::native::gpu_kernel_impl_nocast<at::native::FillFunctor<float>>(at::TensorIteratorBase &, const T1 &)::[lambda(int) (instance 1)]>(int, T3)"
,,1950204,1953352,0,2,3264,1632.0,1632.0,1632,1632,0.0,"void scale_max<double, (int)32, (int)128, (int)0>(long, long, T1 *, T1 *, T1 *, int *)"
,,1950204,1953352,0,2,3232,1616.0,1616.0,1600,1632,22.6,"void at::native::elementwise_kernel<(int)128, (int)2, void at::native::gpu_kernel_impl_nocast<at::native::FillFunctor<double>>(at::TensorIteratorBase &, const T1 &)::[lambda(int) (instance 1)]>(int, T3)"
,,1950204,1953352,0,2,3200,1600.0,1600.0,1600,1600,0.0,"void at::native::vectorized_elementwise_kernel<(int)4, at::native::CUDAFunctor_add<float>, std::array<char *, (unsigned long)3>>(int, T2, T3)"
,,1950204,1953352,0,2,3104,1552.0,1552.0,1504,1600,67.9,"void at::native::vectorized_elementwise_kernel<(int)4, at::native::AUnaryFunctor<float, float, float, at::native::binary_internal::MulFunctor<float>>, std::array<char *, (unsigned long)2>>(int, T2, T3)"
,,1950204,1953352,0,2,3072,1536.0,1536.0,1536,1536,0.0,"void at::native::vectorized_elementwise_kernel<(int)2, at::native::AUnaryFunctor<double, double, double, at::native::binary_internal::MulFunctor<double>>, std::array<char *, (unsigned long)2>>(int, T2, T3)"
,,1950204,1953352,0,2,2976,1488.0,1488.0,1440,1536,67.9,"void batch_eye_kernel<float, (int)5, (int)3>(long, long, T1 *, unsigned long, long long, int)"
,,1950204,1953352,0,2,2912,1456.0,1456.0,1408,1504,67.9,"void cuds_scal_batch_kernel<float, (int)256>(int, const T1 *, T1 *, long long)"
,,1950204,1953352,0,2,2880,1440.0,1440.0,1440,1440,0.0,"void batch_eye_kernel<double, (int)5, (int)3>(long, long, T1 *, unsigned long, long long, int)"
,,1950204,1953352,0,2,2816,1408.0,1408.0,1408,1408,0.0,"void cuds_scal_batch_kernel<double, (int)256>(int, const T1 *, T1 *, long long)"
,,1950204,1953352,0,2,2784,1392.0,1392.0,1344,1440,67.9,"void at::native::vectorized_elementwise_kernel<(int)4, at::native::FillFunctor<float>, std::array<char *, (unsigned long)1>>(int, T2, T3)"
,,1950204,1953352,0,2,2688,1344.0,1344.0,1344,1344,0.0,"void at::native::vectorized_elementwise_kernel<(int)2, at::native::FillFunctor<double>, std::array<char *, (unsigned long)1>>(int, T2, T3)"
,,1950204,1953352,0,2,2656,1328.0,1328.0,1280,1376,67.9,"void orgqr_step1_kernel<float, (int)5, (int)3>(int, int, int, T1 *, int)"
,,1950204,1953352,0,2,2560,1280.0,1280.0,1280,1280,0.0,"void orgqr_step1_kernel<double, (int)5, (int)3>(int, int, int, T1 *, int)"
:qvq_api.qvq_cuda_viterbi,PushPop,1950204,1953352,5120,5120,17176800282,3354843.8,2763204.5,1362459,7281052,1951256.0,"void <unnamed>::qvq_viterbi_kernel<(int)4, (int)2, __half, unsigned char>(const float *, const T3 *, const float *, const long *, const float *, T4 *, long *, float *, int, int, int, bool, bool, bool)"
:qvq_api.qvq_cuda_viterbi,PushPop,1950204,1953352,5120,25600,159520227,6231.3,7232.0,2528,8448,1971.4,"void at::native::reduce_kernel<(int)512, (int)1, at::native::ReduceOp<bool, at::native::func_wrapper_t<bool, at::native::and_kernel_cuda(at::TensorIterator &)::[lambda() (instance 1)]::operator ()() const::[lambda() (instance 12)]::operator ()() const::[lambda(bool, bool) (instance 1)]>, unsigned int, bool, (int)4, (int)4>>(T3)"
:qvq_api.qvq_cuda_viterbi,PushPop,1950204,1953352,5120,10240,83154025,8120.5,8192.0,7424,8608,230.5,"void at::native::reduce_kernel<(int)512, (int)1, at::native::ReduceOp<c10::Half, at::native::func_wrapper_t<c10::Half, at::native::MaxNanFunctor<c10::Half>>, unsigned int, c10::Half, (int)4, (int)4>>(T3)"
:qvq_api.qvq_cuda_viterbi,PushPop,1950204,1953352,5120,10240,72254382,7056.1,7520.0,4352,8672,1198.6,"void at::native::reduce_kernel<(int)512, (int)1, at::native::ReduceOp<float, at::native::func_wrapper_t<float, at::native::MaxNanFunctor<float>>, unsigned int, float, (int)4, (int)4>>(T3)"
:qvq_api.qvq_cuda_viterbi,PushPop,1950204,1953352,5120,20480,43794808,2138.4,2144.0,2111,2240,16.3,"void at::native::vectorized_elementwise_kernel<(int)4, at::native::AbsFunctor<c10::Half>, std::array<char *, (unsigned long)2>>(int, T2, T3)"
:qvq_api.qvq_cuda_viterbi,PushPop,1950204,1953352,5120,20480,43747309,2136.1,2176.0,1984,2304,93.1,"void at::native::vectorized_elementwise_kernel<(int)4, at::native::BinaryFunctor<bool, bool, bool, at::native::binary_internal::MulFunctor<bool>>, std::array<char *, (unsigned long)3>>(int, T2, T3)"
:qvq_api.qvq_cuda_viterbi,PushPop,1950204,1953352,5120,20480,42175355,2059.3,2016.0,1888,2368,105.6,"void at::native::vectorized_elementwise_kernel<(int)4, at::native::AbsFunctor<float>, std::array<char *, (unsigned long)2>>(int, T2, T3)"
:qvq_api.qvq_cuda_viterbi,PushPop,1950204,1953352,5120,10240,23004731,2246.6,2240.0,2207,2336,15.9,"void at::native::vectorized_elementwise_kernel<(int)4, at::native::BinaryFunctor<c10::Half, c10::Half, bool, at::native::<unnamed>::CompareEqFunctor<c10::Half>>, std::array<char *, (unsigned long)3>>(int, T2, T3)"
:qvq_api.qvq_cuda_viterbi,PushPop,1950204,1953352,5120,10240,22782203,2224.8,2208.0,2175,2304,20.7,"void at::native::vectorized_elementwise_kernel<(int)4, at::native::AUnaryFunctor<c10::Half, c10::Half, bool, at::native::<unnamed>::CompareEqFunctor<c10::Half>>, std::array<char *, (unsigned long)2>>(int, T2, T3)"
:qvq_api.qvq_cuda_viterbi,PushPop,1950204,1953352,5120,10240,21420286,2091.8,2048.0,1984,2368,96.0,"void at::native::vectorized_elementwise_kernel<(int)4, at::native::BinaryFunctor<float, float, bool, at::native::<unnamed>::CompareEqFunctor<float>>, std::array<char *, (unsigned long)3>>(int, T2, T3)"
:qvq_api.qvq_cuda_viterbi,PushPop,1950204,1953352,5120,10240,21329537,2083.0,2048.0,1983,2336,96.7,"void at::native::vectorized_elementwise_kernel<(int)4, at::native::AUnaryFunctor<float, float, bool, at::native::<unnamed>::CompareEqFunctor<float>>, std::array<char *, (unsigned long)2>>(int, T2, T3)"
:qvq_api.qvq_cuda_viterbi,PushPop,1950204,1953352,2560,10240,18108065,1768.4,1760.0,1600,1952,72.8,"void at::native::vectorized_elementwise_kernel<(int)4, void at::native::compare_scalar_kernel<long>(at::TensorIteratorBase &, at::native::<unnamed>::OpType, T1)::[lambda(long) (instance 1)], std::array<char *, (unsigned long)2>>(int, T2, T3)"
:qvq_api.qvq_cuda_viterbi,PushPop,1950204,1953352,5120,5120,12953477,2530.0,2528.0,2336,2720,86.0,"void at::native::unrolled_elementwise_kernel<at::native::BinaryFunctor<float, float, float, at::native::maximum_kernel_cuda(at::TensorIteratorBase &)::[lambda() (instance 2)]::operator ()() const::[lambda() (instance 2)]::operator ()() const::[lambda(float, float) (instance 1)]>, std::array<char *, (unsigned long)3>, (int)4, TrivialOffsetCalculator<(int)2, unsigned int>, TrivialOffsetCalculator<(int)1, unsigned int>, at::native::memory::LoadWithCast<(int)2>, at::native::memory::StoreWithCast<(int)1>>(int, T1, T2, T4, T5, T6, T7)"
:qvq_api.qvq_cuda_viterbi,PushPop,1950204,1953352,5120,5120,11736350,2292.3,2304.0,2175,2784,91.5,"<unnamed>::qvq_half2_codebook_norm_pack_kernel(const __half *, unsigned long *, int)"
:qvq_api.qvq_cuda_viterbi,PushPop,1950204,1953352,5120,5120,8596283,1679.0,1664.0,1536,1824,87.7,"void at::native::vectorized_elementwise_kernel<(int)4, void at::native::compare_scalar_kernel<float>(at::TensorIteratorBase &, at::native::<unnamed>::OpType, T1)::[lambda(float) (instance 1)], std::array<char *, (unsigned long)2>>(int, T2, T3)"
:qvq_api.qvq_cuda_viterbi,PushPop,1950204,1953352,2560,2560,8535415,3334.1,3328.0,2976,3712,123.2,"void at::native::reduce_kernel<(int)512, (int)1, at::native::ReduceOp<bool, at::native::func_wrapper_t<bool, at::native::or_kernel_cuda(at::TensorIterator &)::[lambda() (instance 1)]::operator ()() const::[lambda() (instance 12)]::operator ()() const::[lambda(bool, bool) (instance 1)]>, unsigned int, bool, (int)4, (int)4>>(T3)"
:qvq_api.qvq_cuda_viterbi,PushPop,1950204,1953352,2560,2560,4406305,1721.2,1728.0,1568,1920,84.9,"void at::native::vectorized_elementwise_kernel<(int)4, at::native::BinaryFunctor<bool, bool, bool, at::native::BitwiseOrFunctor<bool>>, std::array<char *, (unsigned long)3>>(int, T2, T3)"
:qvq_cuda.viterbi,PushPop,1950204,1953352,5120,5120,17176800282,3354843.8,2763204.5,1362459,7281052,1951256.0,"void <unnamed>::qvq_viterbi_kernel<(int)4, (int)2, __half, unsigned char>(const float *, const T3 *, const float *, const long *, const float *, T4 *, long *, float *, int, int, int, bool, bool, bool)"
:qvq_cuda.viterbi,PushPop,1950204,1953352,5120,15360,86689961,5643.9,7104.0,2528,8448,2238.5,"void at::native::reduce_kernel<(int)512, (int)1, at::native::ReduceOp<bool, at::native::func_wrapper_t<bool, at::native::and_kernel_cuda(at::TensorIterator &)::[lambda() (instance 1)]::operator ()() const::[lambda() (instance 12)]::operator ()() const::[lambda(bool, bool) (instance 1)]>, unsigned int, bool, (int)4, (int)4>>(T3)"
:qvq_cuda.viterbi,PushPop,1950204,1953352,5120,5120,41574949,8120.1,8192.0,7424,8608,226.0,"void at::native::reduce_kernel<(int)512, (int)1, at::native::ReduceOp<c10::Half, at::native::func_wrapper_t<c10::Half, at::native::MaxNanFunctor<c10::Half>>, unsigned int, c10::Half, (int)4, (int)4>>(T3)"
:qvq_cuda.viterbi,PushPop,1950204,1953352,5120,5120,36140212,7058.6,7520.0,4352,8672,1199.7,"void at::native::reduce_kernel<(int)512, (int)1, at::native::ReduceOp<float, at::native::func_wrapper_t<float, at::native::MaxNanFunctor<float>>, unsigned int, float, (int)4, (int)4>>(T3)"
:qvq_cuda.viterbi,PushPop,1950204,1953352,5120,10240,21899167,2138.6,2144.0,2111,2208,16.2,"void at::native::vectorized_elementwise_kernel<(int)4, at::native::AbsFunctor<c10::Half>, std::array<char *, (unsigned long)2>>(int, T2, T3)"
:qvq_cuda.viterbi,PushPop,1950204,1953352,5120,10240,21873931,2136.1,2176.0,1984,2304,93.1,"void at::native::vectorized_elementwise_kernel<(int)4, at::native::BinaryFunctor<bool, bool, bool, at::native::binary_internal::MulFunctor<bool>>, std::array<char *, (unsigned long)3>>(int, T2, T3)"
:qvq_cuda.viterbi,PushPop,1950204,1953352,5120,10240,21096572,2060.2,2016.0,1888,2368,105.4,"void at::native::vectorized_elementwise_kernel<(int)4, at::native::AbsFunctor<float>, std::array<char *, (unsigned long)2>>(int, T2, T3)"
:qvq_cuda.viterbi,PushPop,1950204,1953352,5120,5120,11736350,2292.3,2304.0,2175,2784,91.5,"<unnamed>::qvq_half2_codebook_norm_pack_kernel(const __half *, unsigned long *, int)"
:qvq_cuda.viterbi,PushPop,1950204,1953352,5120,5120,11501279,2246.3,2240.0,2208,2304,15.8,"void at::native::vectorized_elementwise_kernel<(int)4, at::native::BinaryFunctor<c10::Half, c10::Half, bool, at::native::<unnamed>::CompareEqFunctor<c10::Half>>, std::array<char *, (unsigned long)3>>(int, T2, T3)"
:qvq_cuda.viterbi,PushPop,1950204,1953352,5120,5120,11393661,2225.3,2209.0,2175,2304,20.4,"void at::native::vectorized_elementwise_kernel<(int)4, at::native::AUnaryFunctor<c10::Half, c10::Half, bool, at::native::<unnamed>::CompareEqFunctor<c10::Half>>, std::array<char *, (unsigned long)2>>(int, T2, T3)"
:qvq_cuda.viterbi,PushPop,1950204,1953352,5120,5120,10706783,2091.2,2048.0,1984,2368,96.8,"void at::native::vectorized_elementwise_kernel<(int)4, at::native::BinaryFunctor<float, float, bool, at::native::<unnamed>::CompareEqFunctor<float>>, std::array<char *, (unsigned long)3>>(int, T2, T3)"
:qvq_cuda.viterbi,PushPop,1950204,1953352,5120,5120,10665566,2083.1,2048.0,1984,2336,96.7,"void at::native::vectorized_elementwise_kernel<(int)4, at::native::AUnaryFunctor<float, float, bool, at::native::<unnamed>::CompareEqFunctor<float>>, std::array<char *, (unsigned long)2>>(int, T2, T3)"
:qvq_cuda.viterbi,PushPop,1950204,1953352,2560,5120,9003651,1758.5,1760.0,1600,1920,65.8,"void at::native::vectorized_elementwise_kernel<(int)4, void at::native::compare_scalar_kernel<long>(at::TensorIteratorBase &, at::native::<unnamed>::OpType, T1)::[lambda(long) (instance 1)], std::array<char *, (unsigned long)2>>(int, T2, T3)"
:qvq_cuda.viterbi_tail_trusted,PushPop,1950204,1953352,5490,10980,21957240058,1999748.6,1460477.5,1350972,2882340,688668.7,"void <unnamed>::qvq_viterbi_kernel<(int)4, (int)2, __half, unsigned char>(const float *, const T3 *, const float *, const long *, const float *, T4 *, long *, float *, int, int, int, bool, bool, bool)"
:qvq_cuda.viterbi_tail_trusted,PushPop,1950204,1953352,5490,10980,29759695,2710.4,2688.0,2080,506881,5012.2,"<unnamed>::qvq_half2_codebook_norm_pack_kernel(const __half *, unsigned long *, int)"
:qvq_cuda.viterbi_tail_trusted,PushPop,1950204,1953352,5462,5462,17708332,3242.1,3680.0,1824,29440,810.0,"void at::native::elementwise_kernel<(int)128, (int)2, void at::native::gpu_kernel_impl_nocast<at::native::AUnaryFunctor<long, long, long, at::native::BitwiseAndFunctor<long>>>(at::TensorIteratorBase &, const T1 &)::[lambda(int) (instance 1)]>(int, T3)"
:qvq_cuda.viterbi_tail_trusted,PushPop,1950204,1953352,5490,5490,13751074,2504.7,2496.0,1728,10112,187.7,"void at::native::roll_cuda_kernel<float>(const T1 *, T1 *, long, long, long, long, long, long)"
:qvq_cuda.viterbi_tail_trusted,PushPop,1950204,1953352,28,28,52896,1889.1,1664.0,1408,3488,534.3,"void at::native::unrolled_elementwise_kernel<at::native::AUnaryFunctor<long, long, long, at::native::BitwiseAndFunctor<long>>, std::array<char *, (unsigned long)2>, (int)4, TrivialOffsetCalculator<(int)1, unsigned int>, TrivialOffsetCalculator<(int)1, unsigned int>, at::native::memory::LoadWithoutCast, at::native::memory::StoreWithoutCast>(int, T1, T2, T4, T5, T6, T7)"
:qvq_cuda.viterbi_v2_segment_family_grid_trusted,PushPop,1950204,1953352,12788,102304,118029126814,1153709.8,1087266.0,133215,4318471,948268.0,"void <unnamed>::qvq_v2_segment_grid_kernel<(int)4, (int)2, (int)16, (bool)1, (bool)0, __half, unsigned char>(const float *, const T6 *, const float *, const long *, const float *, const float *, float *, T7 *, unsigned char *, int, int, int, bool, bool)"
:qvq_cuda.viterbi_v2_segment_family_grid_trusted,PushPop,1950204,1953352,12788,12788,3796926508,296913.2,289153.0,72640,942466,200269.7,"void <unnamed>::qvq_v2_segment_grid_finalize_kernel<(int)4, (int)2, (int)16, (bool)0, __half, unsigned char>(const float *, const T5 *, const float *, const long *, const float *, const float *, const T6 *, const unsigned char *, long *, unsigned char *, float *, int, int, bool, bool)"
:qvq_cuda.viterbi_v2_segment_family_grid_trusted,PushPop,1950204,1953352,12788,12788,55997525,4378.9,4352.0,3232,10784,438.5,"<unnamed>::qvq_half2_codebook_norm_pack_kernel(const __half *, unsigned long *, int)"
:qvq_cuda.viterbi_v2_segment_tail_trusted,PushPop,1950204,1953352,4968,79488,15713918744,197689.2,148351.0,132288,471263,76085.4,"void <unnamed>::qvq_v2_segment_grid_kernel<(int)4, (int)2, (int)16, (bool)1, (bool)0, __half, unsigned char>(const float *, const T6 *, const float *, const long *, const float *, const float *, float *, T7 *, unsigned char *, int, int, int, bool, bool)"
:qvq_cuda.viterbi_v2_segment_tail_trusted,PushPop,1950204,1953352,4968,9936,867436285,87302.4,82335.0,66208,153664,13124.3,"void <unnamed>::qvq_v2_segment_grid_finalize_kernel<(int)4, (int)2, (int)16, (bool)0, __half, unsigned char>(const float *, const T5 *, const float *, const long *, const float *, const float *, const T6 *, const unsigned char *, long *, unsigned char *, float *, int, int, bool, bool)"
:qvq_cuda.viterbi_v2_segment_tail_trusted,PushPop,1950204,1953352,4968,9936,27774122,2795.3,2848.0,2303,3328,190.2,"<unnamed>::qvq_half2_codebook_norm_pack_kernel(const __half *, unsigned long *, int)"
:qvq_cuda.viterbi_v2_segment_tail_trusted,PushPop,1950204,1953352,4968,4968,12167482,2449.2,2432.0,1760,2656,99.7,"void at::native::roll_cuda_kernel<float>(const T1 *, T1 *, long, long, long, long, long, long)"
:qvq_cuda.viterbi_v2_segment_tail_trusted,PushPop,1950204,1953352,4920,4920,11192668,2274.9,2272.0,1792,2880,145.8,"void at::native::elementwise_kernel<(int)128, (int)2, void at::native::gpu_kernel_impl_nocast<at::native::AUnaryFunctor<long, long, long, at::native::BitwiseAndFunctor<long>>>(at::TensorIteratorBase &, const T1 &)::[lambda(int) (instance 1)]>(int, T3)"
:qvq_cuda.viterbi_v2_segment_tail_trusted,PushPop,1950204,1953352,48,48,72992,1520.7,1536.0,1408,1568,45.7,"void at::native::unrolled_elementwise_kernel<at::native::AUnaryFunctor<long, long, long, at::native::BitwiseAndFunctor<long>>, std::array<char *, (unsigned long)2>, (int)4, TrivialOffsetCalculator<(int)1, unsigned int>, TrivialOffsetCalculator<(int)1, unsigned int>, at::native::memory::LoadWithoutCast, at::native::memory::StoreWithoutCast>(int, T1, T2, T4, T5, T6, T7)"
:qvq_cuda.yaqa_feedback,PushPop,1950204,1953352,7668,7668,12487006784,1628456.8,1228450.5,19200,6022575,1452540.5,void cutlass::Kernel2<cutlass_80_simt_sgemm_grouped_128x128_8x4_align1>(T1::Params)
:qvq_cuda.yaqa_feedback,PushPop,1950204,1953352,7668,7668,27234302,3551.7,3392.0,2112,202912,2356.8,"<unnamed>::qvq_yaqa_feedback_epilogue_kernel(const float *, const float *, const float *, const float *, const float *, float *, int, int, int, int, int)"
:qvq_cuda.yaqa_feedback,PushPop,1950204,1953352,7668,7668,17003501,2217.5,2240.0,1440,75360,848.5,"<unnamed>::qvq_yaqa_grouped_pointers_kernel(const float *, const float *, float *, float **, float **, float **, int, int, int, int, int, int)"
:qvq_cuda.yaqa_feedback_update,PushPop,1950204,1953352,7652,7652,3058408782,399687.5,308000.0,4544,1008706,338742.7,"void gemmSN_NN_kernel<float, (int)128, (int)2, (int)4, (int)8, (int)4, (int)4, (bool)0, cublasGemvTensorBatched<const float>, cublasGemvTensorBatched<const float>, cublasGemvTensorBatched<float>>(cublasGemmSmallNParams<T9, T10, T11, T1>)"
:qvq_cuda.yaqa_feedback_update,PushPop,1950204,1953352,7656,7656,2524881276,329791.2,257696.5,9568,1254018,347136.1,ampere_sgemm_128x128_nt
:qvq_cuda.yaqa_feedback_update,PushPop,1950204,1953352,7668,7668,15114512,1971.1,1952.0,1440,5600,141.9,"<unnamed>::qvq_yaqa_update_grouped_pointers_kernel(float *, float *, const float *, const float *, const float *, float **, float **, float **, int, int, int, int, int, int)"
:qvq_cuda.yaqa_feedback_update,PushPop,1950204,1953352,12,12,278753,23229.4,7872.0,5440,181024,49772.9,ampere_sgemm_32x128_nt
:qvq_cuda.yaqa_feedback_update,PushPop,1950204,1953352,16,16,257185,16074.1,4992.0,4000,165313,39933.7,"void gemmSN_NN_kernel<float, (int)256, (int)4, (int)2, (int)8, (int)4, (int)4, (bool)0, cublasGemvTensorBatched<const float>, cublasGemvTensorBatched<const float>, cublasGemvTensorBatched<float>>(cublasGemmSmallNParams<T9, T10, T11, T1>)"
:qvq_quantize.main,PushPop,1950204,1950204,1,254,603390339,2375552.5,1914131.0,445377,6743249,1342155.5,ampere_sgemm_128x64_nt
:qvq_quantize.main,PushPop,1950204,1950204,1,1358,235313266,173279.3,134048.5,59776,12589599,481359.5,void cutlass::Kernel2<cutlass_80_simt_sgemm_128x32_8x5_nt_align1>(T1::Params)
:qvq_quantize.main,PushPop,1950204,1950204,1,764,174909281,228938.8,138623.0,34112,1219640,285448.3,ampere_fp16_s16816gemm_fp16_128x128_ldg8_f2f_stages_32x5_tn
:qvq_quantize.main,PushPop,1950204,1950204,1,297,172897988,582148.1,409246.0,36640,11395450,1129576.5,ampere_fp16_s16816gemm_fp16_128x256_ldg8_f2f_stages_64x3_tn
:qvq_quantize.main,PushPop,1950204,1950204,1,37,128502542,3473041.7,1519970.0,634337,6809748,2948480.6,"void at::native::<unnamed>::cunn_SoftMaxForward<(int)8, c10::Half, float, float, at::native::<unnamed>::SoftMaxForwardEpilogue>(T4 *, const T2 *, int)"
:qvq_quantize.main,PushPop,1950204,1950204,1,381,109938010,288551.2,165727.0,84704,17413616,977692.1,ampere_fp16_s16816gemm_fp16_256x128_ldg8_f2f_stages_64x3_tn
:qvq_quantize.main,PushPop,1950204,1950204,1,3456,109745775,31755.1,6560.0,3968,1598069,125158.5,"void at::native::elementwise_kernel<(int)128, (int)4, void at::native::gpu_kernel_impl_nocast<at::native::CUDAFunctor_add<c10::Half>>(at::TensorIteratorBase &, const T1 &)::[lambda(int) (instance 1)]>(int, T3)"
:qvq_quantize.main,PushPop,1950204,1950204,1,4294,93955271,21880.6,6208.0,2048,2356723,139814.0,"void at::native::unrolled_elementwise_kernel<at::native::direct_copy_kernel_cuda(at::TensorIteratorBase &)::[lambda() (instance 3)]::operator ()() const::[lambda() (instance 7)]::operator ()() const::[lambda(float) (instance 1)], std::array<char *, (unsigned long)2>, (int)4, TrivialOffsetCalculator<(int)1, unsigned int>, TrivialOffsetCalculator<(int)1, unsigned int>, at::native::memory::LoadWithCast<(int)1>, at::native::memory::StoreWithCast<(int)1>>(int, T1, T2, T4, T5, T6, T7)"
:qvq_quantize.main,PushPop,1950204,1950204,1,3760,77908270,20720.3,3872.0,1888,1141944,86108.3,"void at::native::vectorized_elementwise_kernel<(int)4, at::native::float16_copy_kernel_cuda(at::TensorIteratorBase &)::[lambda(float) (instance 1)], std::array<char *, (unsigned long)2>>(int, T2, T3)"
:qvq_quantize.main,PushPop,1950204,1950204,1,541,77495336,143244.6,30240.0,6464,2016819,362564.0,void cutlass::Kernel2<cutlass_75_tensorop_f16_s1688gemm_f16_64x64_tn_align1>(T1::Params)
:qvq_quantize.main,PushPop,1950204,1950204,1,6928,62662035,9044.8,5504.0,3872,91135,10776.6,"void at::native::elementwise_kernel<(int)128, (int)4, void at::native::gpu_kernel_impl_nocast<at::native::BinaryFunctor<c10::Half, c10::Half, c10::Half, at::native::binary_internal::MulFunctor<float>>>(at::TensorIteratorBase &, const T1 &)::[lambda(int) (instance 1)]>(int, T3)"
:qvq_quantize.main,PushPop,1950204,1950204,1,144,60007658,416719.8,370688.0,318911,838045,137221.3,ampere_sgemm_64x32_sliced1x4_nt
:qvq_quantize.main,PushPop,1950204,1950204,1,492,50961526,103580.3,25408.0,10752,1247064,231982.8,void cutlass::Kernel2<cutlass_75_tensorop_f16_s1688gemm_f16_64x64_nn_align1>(T1::Params)
:qvq_quantize.main,PushPop,1950204,1950204,1,16,47786776,2986673.5,2374676.0,840445,7594479,1908890.4,"void at::native::<unnamed>::cunn_SoftMaxForward<(int)4, float, float, float, at::native::<unnamed>::SoftMaxForwardEpilogue>(T4 *, const T2 *, int)"
:qvq_quantize.main,PushPop,1950204,1950204,1,16,47710839,2981927.4,2313460.5,805244,7909453,2008695.8,"void at::native::index_elementwise_kernel<(int)128, (int)4, void at::native::gpu_index_kernel<void at::native::index_kernel_impl<at::native::OpaqueType<(int)2>>(at::TensorIteratorBase &, c10::ArrayRef<long>, c10::ArrayRef<long>)::[lambda(char *, const char *, long) (instance 1)]>(at::TensorIteratorBase &, c10::ArrayRef<long>, c10::ArrayRef<long>, const T1 &, bool)::[lambda(int) (instance 1)]>(long, T3)"
:qvq_quantize.main,PushPop,1950204,1950204,1,16,47378493,2961155.8,2356612.5,836445,7523664,1885838.6,"void at::native::<unnamed>::cunn_SoftMaxForward<(int)4, float, float, float, at::native::<unnamed>::LogSoftMaxForwardEpilogue>(T4 *, const T2 *, int)"
:qvq_quantize.main,PushPop,1950204,1950204,1,3712,46404925,12501.3,6016.0,4096,91007,14873.8,"void at::native::elementwise_kernel<(int)128, (int)4, void at::native::gpu_kernel_impl_nocast<at::native::direct_copy_kernel_cuda(at::TensorIteratorBase &)::[lambda() (instance 3)]::operator ()() const::[lambda() (instance 10)]::operator ()() const::[lambda(c10::Half) (instance 1)]>(at::TensorIteratorBase &, const T1 &)::[lambda(int) (instance 1)]>(int, T3)"
:qvq_quantize.main,PushPop,1950204,1950204,1,600,41166014,68610.0,66880.5,58592,98624,9118.3,void cutlass::Kernel2<cutlass_80_tensorop_f16_s16816gemm_relu_f16_256x64_32x4_tn_align8>(T1::Params)
:qvq_quantize.main,PushPop,1950204,1950204,1,1152,40535759,35187.3,6368.0,1888,755612,98749.2,"void at::native::vectorized_elementwise_kernel<(int)4, at::native::AUnaryFunctor<c10::Half, c10::Half, c10::Half, at::native::binary_internal::MulFunctor<float>>, std::array<char *, (unsigned long)2>>(int, T2, T3)"
:qvq_quantize.main,PushPop,1950204,1950204,1,4147,40330942,9725.3,8096.0,3392,23648,4048.6,"void at::native::reduce_kernel<(int)512, (int)1, at::native::ReduceOp<bool, at::native::func_wrapper_t<bool, at::native::or_kernel_cuda(at::TensorIterator &)::[lambda() (instance 1)]::operator ()() const::[lambda() (instance 12)]::operator ()() const::[lambda(bool, bool) (instance 1)]>, unsigned int, bool, (int)4, (int)4>>(T3)"
:qvq_quantize.main,PushPop,1950204,1950204,1,400,35905449,89763.6,29392.0,8960,740157,160259.6,void cutlass::Kernel2<cutlass_80_wmma_tensorop_f16_s161616gemm_f16_32x32_32x1_tn_align2>(T1::Params)
:qvq_quantize.main,PushPop,1950204,1950204,1,244,33374048,136778.9,62496.0,42592,584637,158292.1,"void <unnamed>::softmax_warp_forward<c10::Half, float, float, (int)10, (bool)0, (bool)0, (int)32>(T2 *, const T1 *, int, int, int, const bool *, int, bool)"
:qvq_quantize.main,PushPop,1950204,1950204,1,19,33309641,1753139.0,1775734.0,584829,2929807,664471.5,"void at::native::vectorized_elementwise_kernel<(int)4, at::native::BinaryFunctor<float, float, float, at::native::binary_internal::DivFunctor<float>>, std::array<char *, (unsigned long)3>>(int, T2, T3)"
:qvq_quantize.main,PushPop,1950204,1950204,1,2304,30966110,13440.2,8576.0,5568,135871,15748.0,"void at::native::<unnamed>::CatArrayBatchedCopy<at::native::<unnamed>::OpaqueType<(unsigned int)2>, unsigned int, (int)4, (int)64, (int)64>(T1 *, at::native::<unnamed>::CatArrInputTensorMetadata<T1, T2, T4, T5>, at::native::<unnamed>::TensorSizeStride<T2, (unsigned int)4>, int, T2)"
:qvq_quantize.main,PushPop,1950204,1950204,1,2320,26162715,11277.0,9248.0,8032,60064,7120.2,"void at::native::reduce_kernel<(int)512, (int)1, at::native::ReduceOp<float, at::native::MeanOps<float, float, float, float>, unsigned int, float, (int)4, (int)4>>(T3)"
:qvq_quantize.main,PushPop,1950204,1950204,1,2320,25740612,11095.1,5472.0,3617,91840,14498.0,"void at::native::elementwise_kernel<(int)128, (int)2, void at::native::gpu_kernel_impl_nocast<at::native::BinaryFunctor<float, float, float, at::native::binary_internal::MulFunctor<float>>>(at::TensorIteratorBase &, const T1 &)::[lambda(int) (instance 1)]>(int, T3)"
:qvq_quantize.main,PushPop,1950204,1950204,1,478,25268920,52863.8,60112.5,26624,105857,19904.2,ampere_fp16_s16816gemm_fp16_128x128_ldg8_f2f_stages_64x3_tn
:qvq_quantize.main,PushPop,1950204,1950204,1,1310,25257741,19280.7,18240.0,9472,63104,6424.7,ampere_fp16_s16816gemm_fp16_128x64_ldg8_f2f_stages_64x4_tn
:qvq_quantize.main,PushPop,1950204,1950204,1,531,24633487,46390.7,32320.0,8928,141056,28037.5,void cutlass::Kernel2<cutlass_80_tensorop_f16_s16816gemm_relu_f16_128x128_32x5_tn_align8>(T1::Params)
:qvq_quantize.main,PushPop,1950204,1950204,1,640,21124101,33006.4,10416.0,3264,231103,45469.1,"void at::native::vectorized_elementwise_kernel<(int)4, at::native::BinaryFunctor<c10::Half, c10::Half, c10::Half, at::native::binary_internal::MulFunctor<float>>, std::array<char *, (unsigned long)3>>(int, T2, T3)"
:qvq_quantize.main,PushPop,1950204,1950204,1,896,18636793,20800.0,9104.0,3488,155999,27203.2,"void at::native::vectorized_elementwise_kernel<(int)4, at::native::<unnamed>::silu_kernel(at::TensorIteratorBase &)::[lambda() (instance 1)]::operator ()() const::[lambda() (instance 5)]::operator ()() const::[lambda(c10::Half) (instance 1)], std::array<char *, (unsigned long)2>>(int, T2, T3)"
:qvq_quantize.main,PushPop,1950204,1950204,1,2320,17978467,7749.3,3616.0,2368,78943,12100.0,"void at::native::vectorized_elementwise_kernel<(int)4, void at::native::<unnamed>::pow_tensor_scalar_kernel_impl<float, float>(at::TensorIteratorBase &, T2)::[lambda(float) (instance 1)], std::array<char *, (unsigned long)2>>(int, T2, T3)"
:qvq_quantize.main,PushPop,1950204,1950204,1,83,17133458,206427.2,282463.0,55423,336414,121610.2,ampere_fp16_s16816gemm_fp16_256x128_ldg8_f2f_stages_32x3_tn
:qvq_quantize.main,PushPop,1950204,1950204,1,1306,16911105,12948.8,12576.0,11680,40192,1976.4,ampere_fp16_s16816gemm_fp16_64x64_sliced1x2_ldg8_f2f_stages_64x5_tn
:qvq_quantize.main,PushPop,1950204,1950204,1,416,16683784,40105.3,19488.0,12960,186143,46555.3,"void <unnamed>::softmax_warp_forward<c10::Half, float, float, (int)9, (bool)0, (bool)0, (int)32>(T2 *, const T1 *, int, int, int, const bool *, int, bool)"
:qvq_quantize.main,PushPop,1950204,1950204,1,19,15771081,830056.9,864347.0,270591,1391768,323965.1,"void at::native::<unnamed>::distribution_elementwise_grid_stride_kernel<float, (int)4, void at::native::templates::cuda::uniform_and_transform<float, float, at::CUDAGeneratorImpl *, void at::native::templates::cuda::exponential_kernel<at::CUDAGeneratorImpl *>(at::TensorIteratorBase &, double, T1)::[lambda() (instance 1)]::operator ()() const::[lambda() (instance 2)]::operator ()() const::[lambda(float) (instance 1)]>(at::TensorIteratorBase &, T3, T4)::[lambda(curandStatePhilox4_32_10 *) (instance 2)], void at::native::<unnamed>::distribution_nullary_kernel<float, float, float4, at::CUDAGeneratorImpl *, void at::native::templates::cuda::uniform_and_transform<float, float, at::CUDAGeneratorImpl *, void at::native::templates::cuda::exponential_kernel<at::CUDAGeneratorImpl *>(at::TensorIteratorBase &, double, T1)::[lambda() (instance 1)]::operator ()() const::[lambda() (instance 2)]::operator ()() const::[lambda(float) (instance 1)]>(at::TensorIteratorBase &, T3, T4)::[lambda(curandStatePhilox4_32_10 *) (instance 2)], void at::native::templates::cuda::exponential_kernel<at::CUDAGeneratorImpl *>(at::TensorIteratorBase &, double, T1)::[lambda() (instance 1)]::operator ()() const::[lambda() (instance 2)]::operator ()() const::[lambda(float) (instance 1)]>(at::TensorIteratorBase &, T4, const T5 &, T6)::[lambda(int, float) (instance 1)]>(long, at::PhiloxCudaState, T3, T4)"
:qvq_quantize.main,PushPop,1950204,1950204,1,3728,14186813,3805.5,3264.0,2304,35360,2119.8,"void at::native::vectorized_gather_kernel<(int)16, long>(char *, char *, T2 *, int, long, long, long, long, bool)"
:qvq_quantize.main,PushPop,1950204,1950204,1,2304,12693476,5509.3,4352.0,3488,42624,4516.3,"void at::native::elementwise_kernel<(int)128, (int)4, void at::native::gpu_kernel_impl_nocast<at::native::neg_kernel_cuda(at::TensorIteratorBase &)::[lambda() (instance 2)]::operator ()() const::[lambda() (instance 8)]::operator ()() const::[lambda(c10::Half) (instance 1)]>(at::TensorIteratorBase &, const T1 &)::[lambda(int) (instance 1)]>(int, T3)"
:qvq_quantize.main,PushPop,1950204,1950204,1,263,12295496,46750.9,25728.0,9568,249953,63885.4,void cutlass::Kernel2<cutlass_80_tensorop_f16_s16816gemm_f16_64x128_64x3_nn_align2>(T1::Params)
:qvq_quantize.main,PushPop,1950204,1950204,1,1168,12291984,10524.0,2848.0,2336,1417975,75942.8,"void at::native::vectorized_elementwise_kernel<(int)4, at::native::BinaryFunctor<c10::Half, c10::Half, bool, at::native::<unnamed>::CompareEqFunctor<c10::Half>>, std::array<char *, (unsigned long)3>>(int, T2, T3)"
:qvq_quantize.main,PushPop,1950204,1950204,1,19,12093147,636481.4,637981.0,233727,1047770,227547.1,"void at::native::reduce_kernel<(int)512, (int)1, at::native::ReduceOp<float, at::native::ArgMaxOps<float>, unsigned int, long, (int)4, (int)4>>(T3)"
:qvq_quantize.main,PushPop,1950204,1950204,1,19,11684415,614969.2,620157.0,225055,1013978,221532.8,"void at::native::reduce_kernel<(int)512, (int)1, at::native::ReduceOp<float, at::native::MinMaxOps<float, float, int>, unsigned int, float, (int)4, (int)4>>(T3)"
:qvq_quantize.main,PushPop,1950204,1950204,1,35,11560608,330303.1,279423.0,3840,997210,344813.8,"void at::native::reduce_kernel<(int)512, (int)1, at::native::ReduceOp<float, at::native::func_wrapper_t<float, at::native::sum_functor<float, float, float>::operator ()(at::TensorIterator &)::[lambda(float, float) (instance 1)]>, unsigned int, float, (int)4, (int)4>>(T3)"
:qvq_quantize.main,PushPop,1950204,1950204,1,1280,11418395,8920.6,4496.0,2560,61311,10393.3,"void at::native::vectorized_elementwise_kernel<(int)4, at::native::CUDAFunctor_add<c10::Half>, std::array<char *, (unsigned long)3>>(int, T2, T3)"
:qvq_quantize.main,PushPop,1950204,1950204,1,16,11090404,693150.3,549213.0,192352,1775221,445168.3,"void at::native::vectorized_elementwise_kernel<(int)4, at::native::AbsFunctor<c10::Half>, std::array<char *, (unsigned long)2>>(int, T2, T3)"
:qvq_quantize.main,PushPop,1950204,1950204,1,3600,9460003,2627.8,2560.0,2304,4928,200.1,"void at_cuda_detail::cub::detail::select::DeviceSelectSweepKernel<at_cuda_detail::cub::detail::select::policy_hub<long, bool, int, (bool)0, (at_cuda_detail::cub::SelectImpl)0>::Policy1000, thrust::_V_300200_SM_750_800_860_900_1000_1200::counting_iterator<long, thrust::_V_300200_SM_750_800_860_900_1000_1200::use_default, thrust::_V_300200_SM_750_800_860_900_1000_1200::use_default, thrust::_V_300200_SM_750_800_860_900_1000_1200::use_default, thrust::_V_300200_SM_750_800_860_900_1000_1200::compile_time_value<(int)1>>, thrust::_V_300200_SM_750_800_860_900_1000_1200::transform_iterator<at::native::<unnamed>::NonZeroOp<bool>, const bool *, thrust::_V_300200_SM_750_800_860_900_1000_1200::use_default, thrust::_V_300200_SM_750_800_860_900_1000_1200::use_default>, long *, int *, at_cuda_detail::cub::ScanTileState<int, (bool)1>, at_cuda_detail::cub::NullType, at_cuda_detail::cub::NullType, int, at_cuda_detail::cub::detail::select::streaming_context_t<long, (bool)1>, (at_cuda_detail::cub::SelectImpl)0>(T2, T3, T4, T5, T6, T7, T8, T9, int, T10, at_cuda_detail::cub::detail::vsmem_t)"
:qvq_quantize.main,PushPop,1950204,1950204,1,32,9214351,287948.5,81280.0,1792,1461079,386919.0,"void at::native::vectorized_elementwise_kernel<(int)4, at::native::BinaryFunctor<bool, bool, bool, at::native::binary_internal::MulFunctor<bool>>, std::array<char *, (unsigned long)3>>(int, T2, T3)"
:qvq_quantize.main,PushPop,1950204,1950204,1,864,9086268,10516.5,9920.0,8800,13216,1288.1,sm80_xmma_gemm_f16f16_f16f32_f32_tn_n_tilesize32x32x64_stage6_warpsize2x2x1_tensor16x8x16_execute_kernel__5x_cublas
:qvq_quantize.main,PushPop,1950204,1950204,1,16,8892785,555799.1,446430.0,156223,1407639,350979.2,"void at::native::vectorized_elementwise_kernel<(int)4, at::native::AUnaryFunctor<c10::Half, c10::Half, bool, at::native::<unnamed>::CompareEqFunctor<c10::Half>>, std::array<char *, (unsigned long)2>>(int, T2, T3)"
:qvq_quantize.main,PushPop,1950204,1950204,1,3456,8265913,2391.8,2336.0,1856,5728,374.5,"void at::native::vectorized_elementwise_kernel<(int)4, void at::native::compare_scalar_kernel<c10::Half>(at::TensorIteratorBase &, at::native::<unnamed>::OpType, T1)::[lambda(c10::Half) (instance 1)], std::array<char *, (unsigned long)2>>(int, T2, T3)"
:qvq_quantize.main,PushPop,1950204,1950204,1,179,8002823,44708.5,44479.0,26784,90688,15805.5,sm80_xmma_gemm_f16f16_f16f32_f32_tn_n_tilesize96x128x32_stage4_warpsize2x2x1_tensor16x8x16_execute_kernel__5x_cublas
:qvq_quantize.main,PushPop,1950204,1950204,1,3596,7987705,2221.3,1984.0,1600,5024,565.2,"void at_cuda_detail::cub::detail::reduce::DeviceReduceSingleTileKernel<at_cuda_detail::cub::detail::reduce::policy_hub<int, unsigned long long, cuda::std::__4::plus<void>>::Policy1000, thrust::_V_300200_SM_750_800_860_900_1000_1200::transform_iterator<at::native::<unnamed>::NonZeroOp<bool>, const bool *, thrust::_V_300200_SM_750_800_860_900_1000_1200::use_default, thrust::_V_300200_SM_750_800_860_900_1000_1200::use_default>, int *, unsigned long long, cuda::std::__4::plus<void>, int, int, cuda::std::__4::identity>(T2, T3, T4, T5, T6, T8)"
:qvq_quantize.main,PushPop,1950204,1950204,1,390,6887529,17660.3,8720.0,6016,62880,17286.2,"void <unnamed>::softmax_warp_forward<c10::Half, float, float, (int)8, (bool)0, (bool)0, (int)32>(T2 *, const T1 *, int, int, int, const bool *, int, bool)"
:qvq_quantize.main,PushPop,1950204,1950204,1,194,6758144,34835.8,34880.0,31520,40192,2642.8,ampere_fp16_s16816gemm_fp16_256x64_ldg8_f2f_stages_64x3_tn
:qvq_quantize.main,PushPop,1950204,1950204,1,224,5892927,26307.7,22816.0,20640,31712,4443.2,ampere_fp16_s16816gemm_fp16_128x64_ldg8_f2f_stages_64x3_tn
:qvq_quantize.main,PushPop,1950204,1950204,1,32,5112741,159773.2,54559.5,2944,779931,206859.9,"void at::native::reduce_kernel<(int)512, (int)1, at::native::ReduceOp<bool, at::native::func_wrapper_t<bool, at::native::and_kernel_cuda(at::TensorIterator &)::[lambda() (instance 1)]::operator ()() const::[lambda() (instance 12)]::operator ()() const::[lambda(bool, bool) (instance 1)]>, unsigned int, bool, (int)4, (int)4>>(T3)"
:qvq_quantize.main,PushPop,1950204,1950204,1,3600,4953020,1375.8,1344.0,1184,1952,163.4,"void at_cuda_detail::cub::detail::scan::DeviceCompactInitKernel<at_cuda_detail::cub::ScanTileState<int, (bool)1>, int *>(T1, int, T2)"
:qvq_quantize.main,PushPop,1950204,1950204,1,90,4913690,54596.6,45120.5,42912,134657,27934.8,sm80_xmma_gemm_f16f16_f16f32_f32_tn_n_tilesize192x128x32_stage3_warpsize4x2x1_tensor16x8x16_execute_kernel__5x_cublas
:qvq_quantize.main,PushPop,1950204,1950204,1,315,4885826,15510.6,14304.0,8640,25088,4717.1,"void at::native::reduce_kernel<(int)128, (int)4, at::native::ReduceOp<bool, at::native::func_wrapper_t<bool, at::native::or_kernel_cuda(at::TensorIterator &)::[lambda() (instance 1)]::operator ()() const::[lambda() (instance 12)]::operator ()() const::[lambda(bool, bool) (instance 1)]>, unsigned int, bool, (int)4, (int)4>>(T3)"
:qvq_quantize.main,PushPop,1950204,1950204,1,2320,4772923,2057.3,2048.0,1664,2656,172.7,"void at::native::vectorized_elementwise_kernel<(int)4, at::native::rsqrt_kernel_cuda(at::TensorIteratorBase &)::[lambda() (instance 2)]::operator ()() const::[lambda() (instance 2)]::operator ()() const::[lambda(float) (instance 1)], std::array<char *, (unsigned long)2>>(int, T2, T3)"
:qvq_quantize.main,PushPop,1950204,1950204,1,2320,4676471,2015.7,1952.0,1568,3103,238.6,"void at::native::vectorized_elementwise_kernel<(int)4, at::native::CUDAFunctorOnSelf_add<float>, std::array<char *, (unsigned long)2>>(int, T2, T3)"
:qvq_quantize.main,PushPop,1950204,1950204,1,7,4270498,610071.1,609953.0,609793,610686,301.3,"void at::native::<unnamed>::cunn_SoftMaxForwardSmem<(int)8, c10::Half, float, float, at::native::<unnamed>::SoftMaxForwardEpilogue, long>(T4 *, const T2 *, T6)"
:qvq_quantize.main,PushPop,1950204,1950204,1,105,4105830,39103.1,39040.0,38560,41409,385.5,void cutlass::Kernel2<cutlass_80_tensorop_f16_s16816gemm_relu_f16_128x128_32x6_tn_align8>(T1::Params)
:qvq_quantize.main,PushPop,1950204,1950204,1,306,2992067,9778.0,8464.0,6560,30080,4032.3,"void at::native::reduce_kernel<(int)256, (int)2, at::native::ReduceOp<bool, at::native::func_wrapper_t<bool, at::native::or_kernel_cuda(at::TensorIterator &)::[lambda() (instance 1)]::operator ()() const::[lambda() (instance 12)]::operator ()() const::[lambda(bool, bool) (instance 1)]>, unsigned int, bool, (int)4, (int)4>>(T3)"
:qvq_quantize.main,PushPop,1950204,1950204,1,64,2742540,42852.2,41919.5,34208,53408,8326.1,void cutlass::Kernel2<cutlass_80_tensorop_f16_s16816gemm_relu_f16_128x128_32x4_tn_align8>(T1::Params)
:qvq_quantize.main,PushPop,1950204,1950204,1,32,2711120,84722.5,84767.0,83840,85279,330.7,sm80_xmma_gemm_f16f16_f16f32_f32_tn_n_tilesize128x128x32_stage4_warpsize2x2x1_tensor16x8x16_execute_kernel__5x_cublas
:qvq_quantize.main,PushPop,1950204,1950204,1,180,2363998,13133.3,13120.0,12672,13600,166.3,ampere_fp16_s16816gemm_fp16_64x64_ldg8_f2f_stages_64x5_tn
:qvq_quantize.main,PushPop,1950204,1950204,1,179,2277476,12723.3,12448.0,12192,23489,1424.5,ampere_fp16_s16816gemm_fp16_64x64_sliced1x2_ldg8_f2f_stages_64x6_tn
:qvq_quantize.main,PushPop,1950204,1950204,1,32,2276179,71130.6,71087.5,70623,71744,273.4,sm80_xmma_gemm_f16f16_f16f32_f32_tn_n_tilesize160x128x32_stage4_warpsize2x2x1_tensor16x8x16_execute_kernel__5x_cublas
:qvq_quantize.main,PushPop,1950204,1950204,1,72,2172311,30171.0,16432.0,9856,86335,27945.9,ampere_fp16_s16816gemm_fp16_64x128_sliced1x2_ldg8_f2f_stages_64x3_nn
:qvq_quantize.main,PushPop,1950204,1950204,1,56,2144672,38297.7,32640.0,28608,80832,16295.2,ampere_fp16_s1688gemm_fp16_256x64_ldg8_f2f_tn
:qvq_quantize.main,PushPop,1950204,1950204,1,123,1938429,15759.6,11072.0,6528,39904,11064.5,void cutlass::Kernel2<cutlass_80_tensorop_f16_s16816gemm_f16_64x64_32x6_nn_align2>(T1::Params)
:qvq_quantize.main,PushPop,1950204,1950204,1,24,1441948,60081.2,60128.0,59167,61024,531.4,ampere_sgemm_32x128_nt
:qvq_quantize.main,PushPop,1950204,1950204,1,67,1290106,19255.3,11488.0,9312,35871,9729.9,void cutlass::Kernel2<cutlass_80_tensorop_f16_s16816gemm_relu_f16_64x256_32x4_nn_align8>(T1::Params)
:qvq_quantize.main,PushPop,1950204,1950204,1,288,1244250,4320.3,3808.0,3392,43648,2783.8,"void at::native::elementwise_kernel<(int)128, (int)4, void at::native::gpu_kernel_impl_nocast<at::native::BinaryFunctor<bool, bool, bool, at::native::BitwiseAndFunctor<bool>>>(at::TensorIteratorBase &, const T1 &)::[lambda(int) (instance 1)]>(int, T3)"
:qvq_quantize.main,PushPop,1950204,1950204,1,720,1150107,1597.4,1728.0,1248,1920,207.0,"void <unnamed>::elementwise_kernel_with_index<int, at::native::arange_cuda_out(const c10::Scalar &, const c10::Scalar &, const c10::Scalar &, at::Tensor &)::[lambda() (instance 1)]::operator ()() const::[lambda() (instance 4)]::operator ()() const::[lambda(long) (instance 1)]>(T1, T2, function_traits<T2>::result_type *)"
:qvq_quantize.main,PushPop,1950204,1950204,1,14,1108670,79190.7,78959.0,72800,85824,6375.0,void cutlass::Kernel2<cutlass_80_tensorop_f16_s16816gemm_f16_64x128_64x4_nn_align2>(T1::Params)
:qvq_quantize.main,PushPop,1950204,1950204,1,28,1008990,36035.4,31440.0,25504,55552,11528.4,ampere_fp16_s16816gemm_fp16_64x64_sliced1x2_ldg8_f2f_stages_64x5_nn
:qvq_quantize.main,PushPop,1950204,1950204,1,144,827421,5746.0,5712.0,3392,8288,1218.3,"void at::native::index_elementwise_kernel<(int)128, (int)4, void at::native::gpu_index_kernel<void at::native::index_kernel_impl<at::native::OpaqueType<(int)1>>(at::TensorIteratorBase &, c10::ArrayRef<long>, c10::ArrayRef<long>)::[lambda(char *, const char *, long) (instance 1)]>(at::TensorIteratorBase &, c10::ArrayRef<long>, c10::ArrayRef<long>, const T1 &, bool)::[lambda(int) (instance 1)]>(long, T3)"
:qvq_quantize.main,PushPop,1950204,1950204,1,154,795234,5163.9,5248.0,3328,6208,649.5,"void cublasLt::splitKreduce_kernel<(int)32, (int)16, int, __half, __half, float, __half, (bool)0, __half, __half, __half, (bool)1, (bool)0, (bool)0, (bool)0>(cublasLt::cublasSplitKParams<T6>, const T4 *, const T10 *, T9 *, T5 *, const T6 *, const T6 *, const T11 *, const T4 *, T11 *, void *, long, T6 *, int *, T6 *, T6 *, const T6 *, const T6 *, const T6 *, const T6 *, const T6 *)"
:qvq_quantize.main,PushPop,1950204,1950204,1,432,795131,1840.6,1824.0,1504,2688,139.2,"void at::native::vectorized_elementwise_kernel<(int)2, at::native::CUDAFunctorOnSelf_add<long>, std::array<char *, (unsigned long)2>>(int, T2, T3)"
:qvq_quantize.main,PushPop,1950204,1950204,1,144,705884,4902.0,4864.0,4768,5632,111.8,"void at::native::<unnamed>::CatArrayBatchedCopy<at::native::<unnamed>::OpaqueType<(unsigned int)4>, unsigned int, (int)3, (int)64, (int)64>(T1 *, at::native::<unnamed>::CatArrInputTensorMetadata<T1, T2, T4, T5>, at::native::<unnamed>::TensorSizeStride<T2, (unsigned int)4>, int, T2)"
:qvq_quantize.main,PushPop,1950204,1950204,1,30,692350,23078.3,35599.5,8256,36416,14007.5,ampere_fp16_s16816gemm_fp16_64x64_ldg8_f2f_tn
:qvq_quantize.main,PushPop,1950204,1950204,1,144,663295,4606.2,3984.0,3584,38016,3188.9,"void at::native::elementwise_kernel<(int)128, (int)4, void at::native::gpu_kernel_impl_nocast<at::native::<unnamed>::where_kernel_impl(at::TensorIterator &)::[lambda() (instance 1)]::operator ()() const::[lambda() (instance 2)]::operator ()() const::[lambda(bool, unsigned short, unsigned short) (instance 1)]>(at::TensorIteratorBase &, const T1 &)::[lambda(int) (instance 1)]>(int, T3)"
:qvq_quantize.main,PushPop,1950204,1950204,1,144,608539,4226.0,3936.0,3488,16704,1267.1,"void at::native::elementwise_kernel<(int)128, (int)4, void at::native::gpu_kernel_impl_nocast<at::native::<unnamed>::CompareFunctor<long>>(at::TensorIteratorBase &, const T1 &)::[lambda(int) (instance 1)]>(int, T3)"
:qvq_quantize.main,PushPop,1950204,1950204,1,288,594589,2064.5,2048.0,1920,2880,95.6,"void at::native::vectorized_elementwise_kernel<(int)4, at::native::AUnaryFunctor<float, float, float, at::native::binary_internal::MulFunctor<float>>, std::array<char *, (unsigned long)2>>(int, T2, T3)"
:qvq_quantize.main,PushPop,1950204,1950204,1,272,526396,1935.3,1888.0,1600,2592,143.1,"void at::native::vectorized_elementwise_kernel<(int)4, void at::native::compare_scalar_kernel<long>(at::TensorIteratorBase &, at::native::<unnamed>::OpType, T1)::[lambda(long) (instance 1)], std::array<char *, (unsigned long)2>>(int, T2, T3)"
:qvq_quantize.main,PushPop,1950204,1950204,1,51,488189,9572.3,5632.0,5472,18655,5982.2,"void <unnamed>::softmax_warp_forward<c10::Half, float, float, (int)7, (bool)0, (bool)0, (int)32>(T2 *, const T1 *, int, int, int, const bool *, int, bool)"
:qvq_quantize.main,PushPop,1950204,1950204,1,12,480576,40048.0,40208.0,38752,40832,717.8,ampere_sgemm_128x32_nt
:qvq_quantize.main,PushPop,1950204,1950204,1,144,457598,3177.8,3104.0,2944,3808,176.0,"void at::native::vectorized_elementwise_kernel<(int)4, at::native::cos_kernel_cuda(at::TensorIteratorBase &)::[lambda() (instance 2)]::operator ()() const::[lambda() (instance 2)]::operator ()() const::[lambda(float) (instance 1)], std::array<char *, (unsigned long)2>>(int, T2, T3)"
:qvq_quantize.main,PushPop,1950204,1950204,1,12,454720,37893.3,37840.0,37376,38400,286.5,void cutlass::Kernel2<cutlass_80_tensorop_f16_s16816gemm_relu_f16_128x256_32x3_tn_align8>(T1::Params)
:qvq_quantize.main,PushPop,1950204,1950204,1,144,443936,3082.9,3008.0,2816,3776,200.1,"void at::native::vectorized_elementwise_kernel<(int)4, at::native::sin_kernel_cuda(at::TensorIteratorBase &)::[lambda() (instance 2)]::operator ()() const::[lambda() (instance 2)]::operator ()() const::[lambda(float) (instance 1)], std::array<char *, (unsigned long)2>>(int, T2, T3)"
:qvq_quantize.main,PushPop,1950204,1950204,1,30,436798,14559.9,21296.0,5760,21696,7530.0,void cutlass::Kernel2<cutlass_80_wmma_tensorop_f16_s161616gemm_f16_32x32_64x1_tn_align2>(T1::Params)
:qvq_quantize.main,PushPop,1950204,1950204,1,160,408991,2556.2,2720.0,1792,3072,354.6,"void at::native::elementwise_kernel<(int)128, (int)2, void at::native::gpu_kernel_impl_nocast<at::native::direct_copy_kernel_cuda(at::TensorIteratorBase &)::[lambda() (instance 3)]::operator ()() const::[lambda() (instance 4)]::operator ()() const::[lambda(long) (instance 1)]>(at::TensorIteratorBase &, const T1 &)::[lambda(int) (instance 1)]>(int, T3)"
:qvq_quantize.main,PushPop,1950204,1950204,1,144,402240,2793.3,2832.0,1856,3488,192.5,_bmm_outer_product_kernel
:qvq_quantize.main,PushPop,1950204,1950204,1,42,388800,9257.1,9024.0,7648,12032,1569.1,void cutlass::Kernel2<cutlass_75_wmma_tensorop_f16_s161616gemm_f16_32x32_64x1_nn_align1>(T1::Params)
:qvq_quantize.main,PushPop,1950204,1950204,1,46,373889,8128.0,1984.0,1312,111296,22398.2,"void at::native::vectorized_elementwise_kernel<(int)4, at::native::FillFunctor<float>, std::array<char *, (unsigned long)1>>(int, T2, T3)"
:qvq_quantize.main,PushPop,1950204,1950204,1,16,360064,22504.0,22464.0,22304,22880,175.5,void cutlass::Kernel2<cutlass_80_wmma_tensorop_f16_s161616gemm_f16_32x32_64x1_nn_align2>(T1::Params)
:qvq_quantize.main,PushPop,1950204,1950204,1,128,245854,1920.7,1920.0,1600,2592,114.8,"void at::native::vectorized_elementwise_kernel<(int)4, at::native::BinaryFunctor<bool, bool, bool, at::native::BitwiseOrFunctor<bool>>, std::array<char *, (unsigned long)3>>(int, T2, T3)"
:qvq_quantize.main,PushPop,1950204,1950204,1,145,217502,1500.0,1504.0,1408,2272,79.4,"void at::native::vectorized_elementwise_kernel<(int)4, at::native::FillFunctor<bool>, std::array<char *, (unsigned long)1>>(int, T2, T3)"
:qvq_quantize.main,PushPop,1950204,1950204,1,144,212061,1472.6,1504.0,1376,1504,44.7,"void at::native::vectorized_elementwise_kernel<(int)4, at::native::FillFunctor<c10::Half>, std::array<char *, (unsigned long)1>>(int, T2, T3)"
:qvq_quantize.main,PushPop,1950204,1950204,1,32,112864,3527.0,3552.0,3264,3840,155.2,"void at::native::_assert_async_cuda_kernel<bool>(const T1 *, at::native::Msg)"
:qvq_quantize.main,PushPop,1950204,1950204,1,14,103680,7405.7,7408.0,6496,8352,920.8,void cutlass::Kernel2<cutlass_80_wmma_tensorop_f16_s161616gemm_f16_32x32_128x1_nn_align2>(T1::Params)
:qvq_quantize.main,PushPop,1950204,1950204,1,14,84608,6043.4,6048.0,5280,6848,723.2,void cutlass::Kernel2<cutlass_80_wmma_tensorop_f16_s161616gemm_f16_32x32_128x1_nn_align8>(T1::Params)
:qvq_quantize.main,PushPop,1950204,1950204,1,14,79424,5673.1,5680.0,5024,6336,641.0,ampere_fp16_s16816gemm_fp16_128x64_ldg8_f2f_stages_32x6_tn
:qvq_quantize.main,PushPop,1950204,1950204,1,16,78304,4894.0,4880.0,4640,5216,172.7,"void at::native::<unnamed>::write_indices<long>(long *, at::native::<unnamed>::TensorDims<T1>, int, T1, long *, long)"
:qvq_quantize.main,PushPop,1950204,1950204,1,32,76256,2383.0,2384.0,2144,2656,139.6,"void at::native::vectorized_elementwise_kernel<(int)4, void at::native::compare_scalar_kernel<float>(at::TensorIteratorBase &, at::native::<unnamed>::OpType, T1)::[lambda(float) (instance 1)], std::array<char *, (unsigned long)2>>(int, T2, T3)"
:qvq_quantize.main,PushPop,1950204,1950204,1,16,75904,4744.0,4784.0,4320,5184,234.1,"void at::native::unrolled_elementwise_kernel<at::native::AUnaryFunctor<long, long, bool, at::native::<unnamed>::CompareEqFunctor<long>>, std::array<char *, (unsigned long)2>, (int)4, TrivialOffsetCalculator<(int)1, unsigned int>, TrivialOffsetCalculator<(int)1, unsigned int>, at::native::memory::LoadWithCast<(int)1>, at::native::memory::StoreWithCast<(int)1>>(int, T1, T2, T4, T5, T6, T7)"
:qvq_quantize.main,PushPop,1950204,1950204,1,16,75840,4740.0,4720.0,4032,5280,366.1,"void at::native::reduce_kernel<(int)512, (int)1, at::native::ReduceOp<long, at::native::func_wrapper_t<long, at::native::sum_functor<long, long, long>::operator ()(at::TensorIterator &)::[lambda(long, long) (instance 1)]>, unsigned int, long, (int)4, (int)4>>(T3)"
:qvq_quantize.main,PushPop,1950204,1950204,1,32,74592,2331.0,2336.0,1696,3008,449.6,"void at::native::vectorized_elementwise_kernel<(int)4, at::native::AUnaryFunctor<float, float, bool, at::native::<unnamed>::CompareEqFunctor<float>>, std::array<char *, (unsigned long)2>>(int, T2, T3)"
:qvq_quantize.main,PushPop,1950204,1950204,1,16,68480,4280.0,4320.0,3616,4640,271.9,"void at::native::<unnamed>::nll_loss_forward_no_reduce_cuda_kernel<float, long>(long, torch::headeronly::detail::GenericPackedTensorAccessor<torch::headeronly::detail::TensorAccessor<c10::ArrayRef<long>, T1, (unsigned long)1, torch::headeronly::DefaultPtrTraits, long>, at::detail::IndexBoundsCheck<(unsigned long)2, long>, T1, (unsigned long)2, torch::headeronly::DefaultPtrTraits, long>, const T2 *, T1 *, const T1 *, long, long)"
:qvq_quantize.main,PushPop,1950204,1950204,1,16,67808,4238.0,4256.0,3840,4480,167.3,"void at::native::unrolled_elementwise_kernel<at::native::direct_copy_kernel_cuda(at::TensorIteratorBase &)::[lambda() (instance 3)]::operator ()() const::[lambda() (instance 4)]::operator ()() const::[lambda(long) (instance 1)], std::array<char *, (unsigned long)2>, (int)4, TrivialOffsetCalculator<(int)1, unsigned int>, TrivialOffsetCalculator<(int)1, unsigned int>, at::native::memory::LoadWithCast<(int)1>, at::native::memory::StoreWithCast<(int)1>>(int, T1, T2, T4, T5, T6, T7)"
:qvq_quantize.main,PushPop,1950204,1950204,1,7,36000,5142.9,5152.0,5056,5184,47.9,void cutlass::Kernel2<cutlass_75_wmma_tensorop_f16_s161616gemm_f16_32x32_32x1_nn_align1>(T1::Params)
:qvq_quantize.main,PushPop,1950204,1950204,1,16,32608,2038.0,2064.0,1824,2208,106.3,"void at::native::vectorized_elementwise_kernel<(int)4, at::native::bitwise_not_kernel_cuda(at::TensorIteratorBase &)::[lambda(bool) (instance 1)], std::array<char *, (unsigned long)2>>(int, T2, T3)"
:qvq_quantize.main,PushPop,1950204,1950204,1,16,32032,2002.0,2016.0,1728,2144,108.3,"void at::native::vectorized_elementwise_kernel<(int)4, at::native::BinaryFunctor<bool, bool, bool, at::native::BitwiseAndFunctor<bool>>, std::array<char *, (unsigned long)3>>(int, T2, T3)"
:qvq_quantize.main,PushPop,1950204,1950204,1,16,29056,1816.0,1824.0,1632,2080,119.4,"void at::native::vectorized_elementwise_kernel<(int)4, at::native::AbsFunctor<float>, std::array<char *, (unsigned long)2>>(int, T2, T3)"
:qvq_quantize.main,PushPop,1950204,1950204,1,7,26048,3721.1,3712.0,3680,3776,35.6,"void <unnamed>::softmax_warp_forward<c10::Half, float, float, (int)6, (bool)0, (bool)0, (int)32>(T2 *, const T1 *, int, int, int, const bool *, int, bool)"
:qvq_quantize.main,PushPop,1950204,1950204,1,16,26016,1626.0,1632.0,1536,1696,42.5,"void at::native::vectorized_elementwise_kernel<(int)4, at::native::BinaryFunctor<float, float, bool, at::native::<unnamed>::CompareEqFunctor<float>>, std::array<char *, (unsigned long)3>>(int, T2, T3)"
:qvq_quantize.main,PushPop,1950204,1950204,1,4,13984,3496.0,3472.0,2976,4064,454.3,"void at_cuda_detail::cub::detail::reduce::DeviceReduceKernel<at_cuda_detail::cub::detail::reduce::policy_hub<int, unsigned long long, cuda::std::__4::plus<void>>::Policy1000, thrust::_V_300200_SM_750_800_860_900_1000_1200::transform_iterator<at::native::<unnamed>::NonZeroOp<bool>, const bool *, thrust::_V_300200_SM_750_800_860_900_1000_1200::use_default, thrust::_V_300200_SM_750_800_860_900_1000_1200::use_default>, unsigned long long, cuda::std::__4::plus<void>, int, cuda::std::__4::identity>(T2, T5 *, T3, at_cuda_detail::cub::GridEvenShare<T3>, T4, T6)"
:qvq_quantize.main,PushPop,1950204,1950204,1,4,8960,2240.0,2224.0,2144,2368,94.2,"void at_cuda_detail::cub::detail::reduce::DeviceReduceSingleTileKernel<at_cuda_detail::cub::detail::reduce::policy_hub<int, unsigned long long, cuda::std::__4::plus<void>>::Policy1000, int *, int *, int, cuda::std::__4::plus<void>, int, int, cuda::std::__4::identity>(T2, T3, T4, T5, T6, T8)"
:stage.prepare_yaqa,PushPop,1950204,1950204,1,279,171510560,614733.2,409917.0,200671,11395450,1157995.9,ampere_fp16_s16816gemm_fp16_128x256_ldg8_f2f_stages_64x3_tn
:stage.prepare_yaqa,PushPop,1950204,1950204,1,688,164230102,238706.5,138543.5,34112,1219640,298690.5,ampere_fp16_s16816gemm_fp16_128x128_ldg8_f2f_stages_32x5_tn
:stage.prepare_yaqa,PushPop,1950204,1950204,1,16,108584777,6786548.6,6808964.0,6726613,6809748,33695.1,"void at::native::<unnamed>::cunn_SoftMaxForward<(int)8, c10::Half, float, float, at::native::<unnamed>::SoftMaxForwardEpilogue>(T4 *, const T2 *, int)"
:stage.prepare_yaqa,PushPop,1950204,1950204,1,217,92572934,426603.4,222143.0,145343,17413616,1279456.8,ampere_fp16_s16816gemm_fp16_256x128_ldg8_f2f_stages_64x3_tn
:stage.prepare_yaqa,PushPop,1950204,1950204,1,768,75558718,98383.7,23824.0,5280,1598069,248218.4,"void at::native::elementwise_kernel<(int)128, (int)4, void at::native::gpu_kernel_impl_nocast<at::native::CUDAFunctor_add<c10::Half>>(at::TensorIteratorBase &, const T1 &)::[lambda(int) (instance 1)]>(int, T3)"
:stage.prepare_yaqa,PushPop,1950204,1950204,1,582,68453807,117618.2,19808.0,2528,2356723,365670.7,"void at::native::unrolled_elementwise_kernel<at::native::direct_copy_kernel_cuda(at::TensorIteratorBase &)::[lambda() (instance 3)]::operator ()() const::[lambda() (instance 7)]::operator ()() const::[lambda(float) (instance 1)], std::array<char *, (unsigned long)2>, (int)4, TrivialOffsetCalculator<(int)1, unsigned int>, TrivialOffsetCalculator<(int)1, unsigned int>, at::native::memory::LoadWithCast<(int)1>, at::native::memory::StoreWithCast<(int)1>>(int, T1, T2, T4, T5, T6, T7)"
:stage.prepare_yaqa,PushPop,1950204,1950204,1,128,62940545,491723.0,181551.0,47712,2016819,628393.3,void cutlass::Kernel2<cutlass_75_tensorop_f16_s1688gemm_f16_64x64_tn_align1>(T1::Params)
:stage.prepare_yaqa,PushPop,1950204,1950204,1,816,54431300,66705.0,15712.0,1888,1141944,172322.8,"void at::native::vectorized_elementwise_kernel<(int)4, at::native::float16_copy_kernel_cuda(at::TensorIteratorBase &)::[lambda(float) (instance 1)], std::array<char *, (unsigned long)2>>(int, T2, T3)"
:stage.prepare_yaqa,PushPop,1950204,1950204,1,16,47786776,2986673.5,2374676.0,840445,7594479,1908890.4,"void at::native::<unnamed>::cunn_SoftMaxForward<(int)4, float, float, float, at::native::<unnamed>::SoftMaxForwardEpilogue>(T4 *, const T2 *, int)"
:stage.prepare_yaqa,PushPop,1950204,1950204,1,16,47710839,2981927.4,2313460.5,805244,7909453,2008695.8,"void at::native::index_elementwise_kernel<(int)128, (int)4, void at::native::gpu_index_kernel<void at::native::index_kernel_impl<at::native::OpaqueType<(int)2>>(at::TensorIteratorBase &, c10::ArrayRef<long>, c10::ArrayRef<long>)::[lambda(char *, const char *, long) (instance 1)]>(at::TensorIteratorBase &, c10::ArrayRef<long>, c10::ArrayRef<long>, const T1 &, bool)::[lambda(int) (instance 1)]>(long, T3)"
:stage.prepare_yaqa,PushPop,1950204,1950204,1,16,47378493,2961155.8,2356612.5,836445,7523664,1885838.6,"void at::native::<unnamed>::cunn_SoftMaxForward<(int)4, float, float, float, at::native::<unnamed>::LogSoftMaxForwardEpilogue>(T4 *, const T2 *, int)"
:stage.prepare_yaqa,PushPop,1950204,1950204,1,128,39725265,310353.6,126960.0,31840,1247064,384277.3,void cutlass::Kernel2<cutlass_75_tensorop_f16_s1688gemm_f16_64x64_nn_align1>(T1::Params)
:stage.prepare_yaqa,PushPop,1950204,1950204,1,19,33309641,1753139.0,1775734.0,584829,2929807,664471.5,"void at::native::vectorized_elementwise_kernel<(int)4, at::native::BinaryFunctor<float, float, float, at::native::binary_internal::DivFunctor<float>>, std::array<char *, (unsigned long)3>>(int, T2, T3)"
:stage.prepare_yaqa,PushPop,1950204,1950204,1,1552,32891975,21193.3,14800.0,4768,91135,17893.0,"void at::native::elementwise_kernel<(int)128, (int)4, void at::native::gpu_kernel_impl_nocast<at::native::BinaryFunctor<c10::Half, c10::Half, c10::Half, at::native::binary_internal::MulFunctor<float>>>(at::TensorIteratorBase &, const T1 &)::[lambda(int) (instance 1)]>(int, T3)"
:stage.prepare_yaqa,PushPop,1950204,1950204,1,1024,30454268,29740.5,23104.0,9888,91007,19565.9,"void at::native::elementwise_kernel<(int)128, (int)4, void at::native::gpu_kernel_impl_nocast<at::native::direct_copy_kernel_cuda(at::TensorIteratorBase &)::[lambda() (instance 3)]::operator ()() const::[lambda() (instance 10)]::operator ()() const::[lambda(c10::Half) (instance 1)]>(at::TensorIteratorBase &, const T1 &)::[lambda(int) (instance 1)]>(int, T3)"
:stage.prepare_yaqa,PushPop,1950204,1950204,1,256,29535506,115373.1,44239.5,5760,755612,183309.4,"void at::native::vectorized_elementwise_kernel<(int)4, at::native::AUnaryFunctor<c10::Half, c10::Half, c10::Half, at::native::binary_internal::MulFunctor<float>>, std::array<char *, (unsigned long)2>>(int, T2, T3)"
:stage.prepare_yaqa,PushPop,1950204,1950204,1,48,21174270,441130.6,421325.5,318526,584637,103898.8,"void <unnamed>::softmax_warp_forward<c10::Half, float, float, (int)10, (bool)0, (bool)0, (int)32>(T2 *, const T1 *, int, int, int, const bool *, int, bool)"
:stage.prepare_yaqa,PushPop,1950204,1950204,1,256,18091458,70669.8,52127.5,18368,231103,52621.1,"void at::native::vectorized_elementwise_kernel<(int)4, at::native::BinaryFunctor<c10::Half, c10::Half, c10::Half, at::native::binary_internal::MulFunctor<float>>, std::array<char *, (unsigned long)3>>(int, T2, T3)"
:stage.prepare_yaqa,PushPop,1950204,1950204,1,64,17557919,274342.5,196511.0,53280,665948,243662.3,void cutlass::Kernel2<cutlass_80_wmma_tensorop_f16_s161616gemm_f16_32x32_32x1_tn_align2>(T1::Params)
:stage.prepare_yaqa,PushPop,1950204,1950204,1,80,16282545,203531.8,282415.0,55423,336414,122946.0,ampere_fp16_s16816gemm_fp16_256x128_ldg8_f2f_stages_32x3_tn
:stage.prepare_yaqa,PushPop,1950204,1950204,1,528,15849220,30017.5,23759.5,9120,91840,21222.2,"void at::native::elementwise_kernel<(int)128, (int)2, void at::native::gpu_kernel_impl_nocast<at::native::BinaryFunctor<float, float, float, at::native::binary_internal::MulFunctor<float>>>(at::TensorIteratorBase &, const T1 &)::[lambda(int) (instance 1)]>(int, T3)"
:stage.prepare_yaqa,PushPop,1950204,1950204,1,19,15771081,830056.9,864347.0,270591,1391768,323965.1,"void at::native::<unnamed>::distribution_elementwise_grid_stride_kernel<float, (int)4, void at::native::templates::cuda::uniform_and_transform<float, float, at::CUDAGeneratorImpl *, void at::native::templates::cuda::exponential_kernel<at::CUDAGeneratorImpl *>(at::TensorIteratorBase &, double, T1)::[lambda() (instance 1)]::operator ()() const::[lambda() (instance 2)]::operator ()() const::[lambda(float) (instance 1)]>(at::TensorIteratorBase &, T3, T4)::[lambda(curandStatePhilox4_32_10 *) (instance 2)], void at::native::<unnamed>::distribution_nullary_kernel<float, float, float4, at::CUDAGeneratorImpl *, void at::native::templates::cuda::uniform_and_transform<float, float, at::CUDAGeneratorImpl *, void at::native::templates::cuda::exponential_kernel<at::CUDAGeneratorImpl *>(at::TensorIteratorBase &, double, T1)::[lambda() (instance 1)]::operator ()() const::[lambda() (instance 2)]::operator ()() const::[lambda(float) (instance 1)]>(at::TensorIteratorBase &, T3, T4)::[lambda(curandStatePhilox4_32_10 *) (instance 2)], void at::native::templates::cuda::exponential_kernel<at::CUDAGeneratorImpl *>(at::TensorIteratorBase &, double, T1)::[lambda() (instance 1)]::operator ()() const::[lambda() (instance 2)]::operator ()() const::[lambda(float) (instance 1)]>(at::TensorIteratorBase &, T4, const T5 &, T6)::[lambda(int, float) (instance 1)]>(long, at::PhiloxCudaState, T3, T4)"
:stage.prepare_yaqa,PushPop,1950204,1950204,1,512,15525741,30323.7,21584.0,8192,135871,26859.2,"void at::native::<unnamed>::CatArrayBatchedCopy<at::native::<unnamed>::OpaqueType<(unsigned int)2>, unsigned int, (int)4, (int)64, (int)64>(T1 *, at::native::<unnamed>::CatArrInputTensorMetadata<T1, T2, T4, T5>, at::native::<unnamed>::TensorSizeStride<T2, (unsigned int)4>, int, T2)"
:stage.prepare_yaqa,PushPop,1950204,1950204,1,256,13171127,51449.7,39280.0,16128,155999,35144.0,"void at::native::vectorized_elementwise_kernel<(int)4, at::native::<unnamed>::silu_kernel(at::TensorIteratorBase &)::[lambda() (instance 1)]::operator ()() const::[lambda() (instance 5)]::operator ()() const::[lambda(c10::Half) (instance 1)], std::array<char *, (unsigned long)2>>(int, T2, T3)"
:stage.prepare_yaqa,PushPop,1950204,1950204,1,19,12093147,636481.4,637981.0,233727,1047770,227547.1,"void at::native::reduce_kernel<(int)512, (int)1, at::native::ReduceOp<float, at::native::ArgMaxOps<float>, unsigned int, long, (int)4, (int)4>>(T3)"
:stage.prepare_yaqa,PushPop,1950204,1950204,1,19,11684415,614969.2,620157.0,225055,1013978,221532.8,"void at::native::reduce_kernel<(int)512, (int)1, at::native::ReduceOp<float, at::native::MinMaxOps<float, float, int>, unsigned int, float, (int)4, (int)4>>(T3)"
:stage.prepare_yaqa,PushPop,1950204,1950204,1,35,11560608,330303.1,279423.0,3840,997210,344813.8,"void at::native::reduce_kernel<(int)512, (int)1, at::native::ReduceOp<float, at::native::func_wrapper_t<float, at::native::sum_functor<float, float, float>::operator ()(at::TensorIterator &)::[lambda(float, float) (instance 1)]>, unsigned int, float, (int)4, (int)4>>(T3)"
:stage.prepare_yaqa,PushPop,1950204,1950204,1,528,11486655,21755.0,12432.0,5280,78943,19668.6,"void at::native::vectorized_elementwise_kernel<(int)4, void at::native::<unnamed>::pow_tensor_scalar_kernel_impl<float, float>(at::TensorIteratorBase &, T2)::[lambda(float) (instance 1)], std::array<char *, (unsigned long)2>>(int, T2, T3)"
:stage.prepare_yaqa,PushPop,1950204,1950204,1,16,11090404,693150.3,549213.0,192352,1775221,445168.3,"void at::native::vectorized_elementwise_kernel<(int)4, at::native::AbsFunctor<c10::Half>, std::array<char *, (unsigned long)2>>(int, T2, T3)"
:stage.prepare_yaqa,PushPop,1950204,1950204,1,80,10387401,129842.5,122671.0,85152,186143,34621.5,"void <unnamed>::softmax_warp_forward<c10::Half, float, float, (int)9, (bool)0, (bool)0, (int)32>(T2 *, const T1 *, int, int, int, const bool *, int, bool)"
:stage.prepare_yaqa,PushPop,1950204,1950204,1,528,9712909,18395.7,13824.0,9248,60064,12535.2,"void at::native::reduce_kernel<(int)512, (int)1, at::native::ReduceOp<float, at::native::MeanOps<float, float, float, float>, unsigned int, float, (int)4, (int)4>>(T3)"
:stage.prepare_yaqa,PushPop,1950204,1950204,1,32,9214351,287948.5,81280.0,1792,1461079,386919.0,"void at::native::vectorized_elementwise_kernel<(int)4, at::native::BinaryFunctor<bool, bool, bool, at::native::binary_internal::MulFunctor<bool>>, std::array<char *, (unsigned long)3>>(int, T2, T3)"
:stage.prepare_yaqa,PushPop,1950204,1950204,1,16,8907662,556728.9,442429.5,160831,1417975,354989.4,"void at::native::vectorized_elementwise_kernel<(int)4, at::native::BinaryFunctor<c10::Half, c10::Half, bool, at::native::<unnamed>::CompareEqFunctor<c10::Half>>, std::array<char *, (unsigned long)3>>(int, T2, T3)"
:stage.prepare_yaqa,PushPop,1950204,1950204,1,16,8892785,555799.1,446430.0,156223,1407639,350979.2,"void at::native::vectorized_elementwise_kernel<(int)4, at::native::AUnaryFunctor<c10::Half, c10::Half, bool, at::native::<unnamed>::CompareEqFunctor<c10::Half>>, std::array<char *, (unsigned long)2>>(int, T2, T3)"
:stage.prepare_yaqa,PushPop,1950204,1950204,1,512,8533269,16666.5,11119.5,5664,61311,12998.5,"void at::native::vectorized_elementwise_kernel<(int)4, at::native::CUDAFunctor_add<c10::Half>, std::array<char *, (unsigned long)3>>(int, T2, T3)"
:stage.prepare_yaqa,PushPop,1950204,1950204,1,32,5537859,173058.1,172031.0,116767,234367,56761.8,void cutlass::Kernel2<cutlass_80_tensorop_f16_s16816gemm_f16_64x128_64x3_nn_align2>(T1::Params)
:stage.prepare_yaqa,PushPop,1950204,1950204,1,32,5112741,159773.2,54559.5,2944,779931,206859.9,"void at::native::reduce_kernel<(int)512, (int)1, at::native::ReduceOp<bool, at::native::func_wrapper_t<bool, at::native::and_kernel_cuda(at::TensorIterator &)::[lambda() (instance 1)]::operator ()() const::[lambda() (instance 12)]::operator ()() const::[lambda(bool, bool) (instance 1)]>, unsigned int, bool, (int)4, (int)4>>(T3)"
:stage.prepare_yaqa,PushPop,1950204,1950204,1,512,5029605,9823.4,7232.0,4320,42624,8185.6,"void at::native::elementwise_kernel<(int)128, (int)4, void at::native::gpu_kernel_impl_nocast<at::native::neg_kernel_cuda(at::TensorIteratorBase &)::[lambda() (instance 2)]::operator ()() const::[lambda() (instance 8)]::operator ()() const::[lambda(c10::Half) (instance 1)]>(at::TensorIteratorBase &, const T1 &)::[lambda(int) (instance 1)]>(int, T3)"
:stage.prepare_yaqa,PushPop,1950204,1950204,1,96,4922565,51276.7,44672.0,43776,65856,9647.6,sm80_xmma_gemm_f16f16_f16f32_f32_tn_n_tilesize96x128x32_stage4_warpsize2x2x1_tensor16x8x16_execute_kernel__5x_cublas
:stage.prepare_yaqa,PushPop,1950204,1950204,1,96,4407145,45907.8,44976.0,28288,62880,12183.7,"void <unnamed>::softmax_warp_forward<c10::Half, float, float, (int)8, (bool)0, (bool)0, (int)32>(T2 *, const T1 *, int, int, int, const bool *, int, bool)"
:stage.prepare_yaqa,PushPop,1950204,1950204,1,192,3585611,18675.1,18304.0,17888,20608,737.4,ampere_fp16_s16816gemm_fp16_128x64_ldg8_f2f_stages_64x4_tn
:stage.prepare_yaqa,PushPop,1950204,1950204,1,96,2947381,30701.9,30624.0,30272,31520,273.1,ampere_fp16_s16816gemm_fp16_128x128_ldg8_f2f_stages_64x3_tn
:stage.prepare_yaqa,PushPop,1950204,1950204,1,64,2742540,42852.2,41919.5,34208,53408,8326.1,void cutlass::Kernel2<cutlass_80_tensorop_f16_s16816gemm_relu_f16_128x128_32x4_tn_align8>(T1::Params)
:stage.prepare_yaqa,PushPop,1950204,1950204,1,32,2711120,84722.5,84767.0,83840,85279,330.7,sm80_xmma_gemm_f16f16_f16f32_f32_tn_n_tilesize128x128x32_stage4_warpsize2x2x1_tensor16x8x16_execute_kernel__5x_cublas
:stage.prepare_yaqa,PushPop,1950204,1950204,1,32,2276179,71130.6,71087.5,70623,71744,273.4,sm80_xmma_gemm_f16f16_f16f32_f32_tn_n_tilesize160x128x32_stage4_warpsize2x2x1_tensor16x8x16_execute_kernel__5x_cublas
:stage.prepare_yaqa,PushPop,1950204,1950204,1,32,2179098,68096.8,67552.0,32352,105568,35345.9,void cutlass::Kernel2<cutlass_80_tensorop_f16_s16816gemm_relu_f16_128x128_32x5_tn_align8>(T1::Params)
:stage.prepare_yaqa,PushPop,1950204,1950204,1,32,1464217,45756.8,45760.0,44928,46880,439.8,sm80_xmma_gemm_f16f16_f16f32_f32_tn_n_tilesize192x128x32_stage3_warpsize4x2x1_tensor16x8x16_execute_kernel__5x_cublas
:stage.prepare_yaqa,PushPop,1950204,1950204,1,16,1307733,81733.3,81839.5,79039,86335,1897.5,ampere_fp16_s16816gemm_fp16_64x128_sliced1x2_ldg8_f2f_stages_64x3_nn
:stage.prepare_yaqa,PushPop,1950204,1950204,1,528,1240309,2349.1,2336.0,1824,3103,192.9,"void at::native::vectorized_elementwise_kernel<(int)4, at::native::CUDAFunctorOnSelf_add<float>, std::array<char *, (unsigned long)2>>(int, T2, T3)"
:stage.prepare_yaqa,PushPop,1950204,1950204,1,528,1193782,2261.0,2272.0,1824,2656,115.2,"void at::native::vectorized_elementwise_kernel<(int)4, at::native::rsqrt_kernel_cuda(at::TensorIteratorBase &)::[lambda() (instance 2)]::operator ()() const::[lambda() (instance 2)]::operator ()() const::[lambda(float) (instance 1)], std::array<char *, (unsigned long)2>>(int, T2, T3)"
:stage.prepare_yaqa,PushPop,1950204,1950204,1,32,1072509,33515.9,33376.0,27808,39904,5538.3,void cutlass::Kernel2<cutlass_80_tensorop_f16_s16816gemm_f16_64x64_32x6_nn_align2>(T1::Params)
:stage.prepare_yaqa,PushPop,1950204,1950204,1,32,930682,29083.8,30432.0,25792,35871,3158.0,void cutlass::Kernel2<cutlass_80_tensorop_f16_s16816gemm_relu_f16_64x256_32x4_nn_align8>(T1::Params)
:stage.prepare_yaqa,PushPop,1950204,1950204,1,16,575359,35959.9,35984.0,35584,36416,240.8,ampere_fp16_s16816gemm_fp16_64x64_ldg8_f2f_tn
:stage.prepare_yaqa,PushPop,1950204,1950204,1,16,360064,22504.0,22464.0,22304,22880,175.5,void cutlass::Kernel2<cutlass_80_wmma_tensorop_f16_s161616gemm_f16_32x32_64x1_nn_align2>(T1::Params)
:stage.prepare_yaqa,PushPop,1950204,1950204,1,16,343422,21463.9,21440.0,21280,21696,112.4,void cutlass::Kernel2<cutlass_80_wmma_tensorop_f16_s161616gemm_f16_32x32_64x1_tn_align2>(T1::Params)
:stage.prepare_yaqa,PushPop,1950204,1950204,1,16,293309,18331.8,18304.0,18144,18655,143.8,"void <unnamed>::softmax_warp_forward<c10::Half, float, float, (int)7, (bool)0, (bool)0, (int)32>(T2 *, const T1 *, int, int, int, const bool *, int, bool)"
:stage.prepare_yaqa,PushPop,1950204,1950204,1,32,218143,6817.0,4336.0,3552,43648,7531.4,"void at::native::elementwise_kernel<(int)128, (int)4, void at::native::gpu_kernel_impl_nocast<at::native::BinaryFunctor<bool, bool, bool, at::native::BitwiseAndFunctor<bool>>>(at::TensorIteratorBase &, const T1 &)::[lambda(int) (instance 1)]>(int, T3)"
:stage.prepare_yaqa,PushPop,1950204,1950204,1,32,163808,5119.0,5056.0,3968,7296,754.4,"void at::native::reduce_kernel<(int)512, (int)1, at::native::ReduceOp<bool, at::native::func_wrapper_t<bool, at::native::or_kernel_cuda(at::TensorIterator &)::[lambda() (instance 1)]::operator ()() const::[lambda() (instance 12)]::operator ()() const::[lambda(bool, bool) (instance 1)]>, unsigned int, bool, (int)4, (int)4>>(T3)"
:stage.prepare_yaqa,PushPop,1950204,1950204,1,16,158623,9913.9,8592.0,4576,26176,5213.4,"void at::native::vectorized_gather_kernel<(int)16, long>(char *, char *, T2 *, int, long, long, long, long, bool)"
:stage.prepare_yaqa,PushPop,1950204,1950204,1,16,135840,8490.0,5216.0,4160,38016,8489.4,"void at::native::elementwise_kernel<(int)128, (int)4, void at::native::gpu_kernel_impl_nocast<at::native::<unnamed>::where_kernel_impl(at::TensorIterator &)::[lambda() (instance 1)]::operator ()() const::[lambda() (instance 2)]::operator ()() const::[lambda(bool, unsigned short, unsigned short) (instance 1)]>(at::TensorIteratorBase &, const T1 &)::[lambda(int) (instance 1)]>(int, T3)"
:stage.prepare_yaqa,PushPop,1950204,1950204,1,80,129439,1618.0,1760.0,1280,1920,212.7,"void <unnamed>::elementwise_kernel_with_index<int, at::native::arange_cuda_out(const c10::Scalar &, const c10::Scalar &, const c10::Scalar &, at::Tensor &)::[lambda() (instance 1)]::operator ()() const::[lambda() (instance 4)]::operator ()() const::[lambda(long) (instance 1)]>(T1, T2, function_traits<T2>::result_type *)"
:stage.prepare_yaqa,PushPop,1950204,1950204,1,16,122848,7678.0,7648.0,7232,8288,339.2,"void at::native::index_elementwise_kernel<(int)128, (int)4, void at::native::gpu_index_kernel<void at::native::index_kernel_impl<at::native::OpaqueType<(int)1>>(at::TensorIteratorBase &, c10::ArrayRef<long>, c10::ArrayRef<long>)::[lambda(char *, const char *, long) (instance 1)]>(at::TensorIteratorBase &, c10::ArrayRef<long>, c10::ArrayRef<long>, const T1 &, bool)::[lambda(int) (instance 1)]>(long, T3)"
:stage.prepare_yaqa,PushPop,1950204,1950204,1,32,112864,3527.0,3552.0,3264,3840,155.2,"void at::native::_assert_async_cuda_kernel<bool>(const T1 *, at::native::Msg)"
:stage.prepare_yaqa,PushPop,1950204,1950204,1,32,91264,2852.0,2848.0,2688,3072,77.0,"void at::native::elementwise_kernel<(int)128, (int)2, void at::native::gpu_kernel_impl_nocast<at::native::direct_copy_kernel_cuda(at::TensorIteratorBase &)::[lambda() (instance 3)]::operator ()() const::[lambda() (instance 4)]::operator ()() const::[lambda(long) (instance 1)]>(at::TensorIteratorBase &, const T1 &)::[lambda(int) (instance 1)]>(int, T3)"
:stage.prepare_yaqa,PushPop,1950204,1950204,1,48,90208,1879.3,1888.0,1600,2400,173.7,"void at::native::vectorized_elementwise_kernel<(int)2, at::native::CUDAFunctorOnSelf_add<long>, std::array<char *, (unsigned long)2>>(int, T2, T3)"
:stage.prepare_yaqa,PushPop,1950204,1950204,1,16,80224,5014.0,5024.0,4864,5152,70.8,"void at::native::<unnamed>::CatArrayBatchedCopy<at::native::<unnamed>::OpaqueType<(unsigned int)4>, unsigned int, (int)3, (int)64, (int)64>(T1 *, at::native::<unnamed>::CatArrInputTensorMetadata<T1, T2, T4, T5>, at::native::<unnamed>::TensorSizeStride<T2, (unsigned int)4>, int, T2)"
:stage.prepare_yaqa,PushPop,1950204,1950204,1,16,78304,4894.0,4880.0,4640,5216,172.7,"void at::native::<unnamed>::write_indices<long>(long *, at::native::<unnamed>::TensorDims<T1>, int, T1, long *, long)"
:stage.prepare_yaqa,PushPop,1950204,1950204,1,32,76256,2383.0,2384.0,2144,2656,139.6,"void at::native::vectorized_elementwise_kernel<(int)4, void at::native::compare_scalar_kernel<float>(at::TensorIteratorBase &, at::native::<unnamed>::OpType, T1)::[lambda(float) (instance 1)], std::array<char *, (unsigned long)2>>(int, T2, T3)"
:stage.prepare_yaqa,PushPop,1950204,1950204,1,16,75904,4744.0,4784.0,4320,5184,234.1,"void at::native::unrolled_elementwise_kernel<at::native::AUnaryFunctor<long, long, bool, at::native::<unnamed>::CompareEqFunctor<long>>, std::array<char *, (unsigned long)2>, (int)4, TrivialOffsetCalculator<(int)1, unsigned int>, TrivialOffsetCalculator<(int)1, unsigned int>, at::native::memory::LoadWithCast<(int)1>, at::native::memory::StoreWithCast<(int)1>>(int, T1, T2, T4, T5, T6, T7)"
:stage.prepare_yaqa,PushPop,1950204,1950204,1,16,75840,4740.0,4720.0,4032,5280,366.1,"void at::native::reduce_kernel<(int)512, (int)1, at::native::ReduceOp<long, at::native::func_wrapper_t<long, at::native::sum_functor<long, long, long>::operator ()(at::TensorIterator &)::[lambda(long, long) (instance 1)]>, unsigned int, long, (int)4, (int)4>>(T3)"
:stage.prepare_yaqa,PushPop,1950204,1950204,1,32,74592,2331.0,2336.0,1696,3008,449.6,"void at::native::vectorized_elementwise_kernel<(int)4, at::native::AUnaryFunctor<float, float, bool, at::native::<unnamed>::CompareEqFunctor<float>>, std::array<char *, (unsigned long)2>>(int, T2, T3)"
:stage.prepare_yaqa,PushPop,1950204,1950204,1,16,70272,4392.0,4064.0,3648,8288,1144.2,"void at::native::elementwise_kernel<(int)128, (int)4, void at::native::gpu_kernel_impl_nocast<at::native::<unnamed>::CompareFunctor<long>>(at::TensorIteratorBase &, const T1 &)::[lambda(int) (instance 1)]>(int, T3)"
:stage.prepare_yaqa,PushPop,1950204,1950204,1,16,68480,4280.0,4320.0,3616,4640,271.9,"void at::native::<unnamed>::nll_loss_forward_no_reduce_cuda_kernel<float, long>(long, torch::headeronly::detail::GenericPackedTensorAccessor<torch::headeronly::detail::TensorAccessor<c10::ArrayRef<long>, T1, (unsigned long)1, torch::headeronly::DefaultPtrTraits, long>, at::detail::IndexBoundsCheck<(unsigned long)2, long>, T1, (unsigned long)2, torch::headeronly::DefaultPtrTraits, long>, const T2 *, T1 *, const T1 *, long, long)"
:stage.prepare_yaqa,PushPop,1950204,1950204,1,16,67808,4238.0,4256.0,3840,4480,167.3,"void at::native::unrolled_elementwise_kernel<at::native::direct_copy_kernel_cuda(at::TensorIteratorBase &)::[lambda() (instance 3)]::operator ()() const::[lambda() (instance 4)]::operator ()() const::[lambda(long) (instance 1)], std::array<char *, (unsigned long)2>, (int)4, TrivialOffsetCalculator<(int)1, unsigned int>, TrivialOffsetCalculator<(int)1, unsigned int>, at::native::memory::LoadWithCast<(int)1>, at::native::memory::StoreWithCast<(int)1>>(int, T1, T2, T4, T5, T6, T7)"
:stage.prepare_yaqa,PushPop,1950204,1950204,1,32,67615,2113.0,2144.0,1952,2208,76.9,"void at::native::vectorized_elementwise_kernel<(int)4, at::native::AUnaryFunctor<float, float, float, at::native::binary_internal::MulFunctor<float>>, std::array<char *, (unsigned long)2>>(int, T2, T3)"
:stage.prepare_yaqa,PushPop,1950204,1950204,1,16,61215,3825.9,3632.0,2976,4928,760.6,"void at_cuda_detail::cub::detail::select::DeviceSelectSweepKernel<at_cuda_detail::cub::detail::select::policy_hub<long, bool, int, (bool)0, (at_cuda_detail::cub::SelectImpl)0>::Policy1000, thrust::_V_300200_SM_750_800_860_900_1000_1200::counting_iterator<long, thrust::_V_300200_SM_750_800_860_900_1000_1200::use_default, thrust::_V_300200_SM_750_800_860_900_1000_1200::use_default, thrust::_V_300200_SM_750_800_860_900_1000_1200::use_default, thrust::_V_300200_SM_750_800_860_900_1000_1200::compile_time_value<(int)1>>, thrust::_V_300200_SM_750_800_860_900_1000_1200::transform_iterator<at::native::<unnamed>::NonZeroOp<bool>, const bool *, thrust::_V_300200_SM_750_800_860_900_1000_1200::use_default, thrust::_V_300200_SM_750_800_860_900_1000_1200::use_default>, long *, int *, at_cuda_detail::cub::ScanTileState<int, (bool)1>, at_cuda_detail::cub::NullType, at_cuda_detail::cub::NullType, int, at_cuda_detail::cub::detail::select::streaming_context_t<long, (bool)1>, (at_cuda_detail::cub::SelectImpl)0>(T2, T3, T4, T5, T6, T7, T8, T9, int, T10, at_cuda_detail::cub::detail::vsmem_t)"
:stage.prepare_yaqa,PushPop,1950204,1950204,1,16,54559,3409.9,3360.0,3008,3808,195.5,"void at::native::vectorized_elementwise_kernel<(int)4, at::native::cos_kernel_cuda(at::TensorIteratorBase &)::[lambda() (instance 2)]::operator ()() const::[lambda() (instance 2)]::operator ()() const::[lambda(float) (instance 1)], std::array<char *, (unsigned long)2>>(int, T2, T3)"
:stage.prepare_yaqa,PushPop,1950204,1950204,1,32,54272,1696.0,1584.0,1312,2176,316.8,"void at::native::vectorized_elementwise_kernel<(int)4, at::native::FillFunctor<float>, std::array<char *, (unsigned long)1>>(int, T2, T3)"
:stage.prepare_yaqa,PushPop,1950204,1950204,1,16,53152,3322.0,3200.0,3104,3776,218.4,"void at::native::vectorized_elementwise_kernel<(int)4, at::native::sin_kernel_cuda(at::TensorIteratorBase &)::[lambda() (instance 2)]::operator ()() const::[lambda() (instance 2)]::operator ()() const::[lambda(float) (instance 1)], std::array<char *, (unsigned long)2>>(int, T2, T3)"
:stage.prepare_yaqa,PushPop,1950204,1950204,1,16,44800,2800.0,2768.0,2496,3392,187.3,_bmm_outer_product_kernel
:stage.prepare_yaqa,PushPop,1950204,1950204,1,12,35200,2933.3,2944.0,2592,3168,159.9,"void at_cuda_detail::cub::detail::reduce::DeviceReduceSingleTileKernel<at_cuda_detail::cub::detail::reduce::policy_hub<int, unsigned long long, cuda::std::__4::plus<void>>::Policy1000, thrust::_V_300200_SM_750_800_860_900_1000_1200::transform_iterator<at::native::<unnamed>::NonZeroOp<bool>, const bool *, thrust::_V_300200_SM_750_800_860_900_1000_1200::use_default, thrust::_V_300200_SM_750_800_860_900_1000_1200::use_default>, int *, unsigned long long, cuda::std::__4::plus<void>, int, int, cuda::std::__4::identity>(T2, T3, T4, T5, T6, T8)"
:stage.prepare_yaqa,PushPop,1950204,1950204,1,16,32608,2038.0,2064.0,1824,2208,106.3,"void at::native::vectorized_elementwise_kernel<(int)4, at::native::bitwise_not_kernel_cuda(at::TensorIteratorBase &)::[lambda(bool) (instance 1)], std::array<char *, (unsigned long)2>>(int, T2, T3)"
:stage.prepare_yaqa,PushPop,1950204,1950204,1,16,32032,2002.0,2016.0,1728,2144,108.3,"void at::native::vectorized_elementwise_kernel<(int)4, at::native::BinaryFunctor<bool, bool, bool, at::native::BitwiseAndFunctor<bool>>, std::array<char *, (unsigned long)3>>(int, T2, T3)"
:stage.prepare_yaqa,PushPop,1950204,1950204,1,16,29056,1816.0,1824.0,1632,2080,119.4,"void at::native::vectorized_elementwise_kernel<(int)4, at::native::AbsFunctor<float>, std::array<char *, (unsigned long)2>>(int, T2, T3)"
:stage.prepare_yaqa,PushPop,1950204,1950204,1,16,28479,1779.9,1792.0,1696,1824,38.5,"void at::native::vectorized_elementwise_kernel<(int)4, void at::native::compare_scalar_kernel<long>(at::TensorIteratorBase &, at::native::<unnamed>::OpType, T1)::[lambda(long) (instance 1)], std::array<char *, (unsigned long)2>>(int, T2, T3)"
:stage.prepare_yaqa,PushPop,1950204,1950204,1,17,26495,1558.5,1536.0,1408,2272,188.6,"void at::native::vectorized_elementwise_kernel<(int)4, at::native::FillFunctor<bool>, std::array<char *, (unsigned long)1>>(int, T2, T3)"
:stage.prepare_yaqa,PushPop,1950204,1950204,1,16,26016,1626.0,1632.0,1536,1696,42.5,"void at::native::vectorized_elementwise_kernel<(int)4, at::native::BinaryFunctor<float, float, bool, at::native::<unnamed>::CompareEqFunctor<float>>, std::array<char *, (unsigned long)3>>(int, T2, T3)"
:stage.prepare_yaqa,PushPop,1950204,1950204,1,16,23679,1479.9,1488.0,1407,1504,32.2,"void at::native::vectorized_elementwise_kernel<(int)4, at::native::FillFunctor<c10::Half>, std::array<char *, (unsigned long)1>>(int, T2, T3)"
:stage.prepare_yaqa,PushPop,1950204,1950204,1,16,22208,1388.0,1376.0,1312,1504,52.1,"void at_cuda_detail::cub::detail::scan::DeviceCompactInitKernel<at_cuda_detail::cub::ScanTileState<int, (bool)1>, int *>(T1, int, T2)"
:stage.prepare_yaqa,PushPop,1950204,1950204,1,4,13984,3496.0,3472.0,2976,4064,454.3,"void at_cuda_detail::cub::detail::reduce::DeviceReduceKernel<at_cuda_detail::cub::detail::reduce::policy_hub<int, unsigned long long, cuda::std::__4::plus<void>>::Policy1000, thrust::_V_300200_SM_750_800_860_900_1000_1200::transform_iterator<at::native::<unnamed>::NonZeroOp<bool>, const bool *, thrust::_V_300200_SM_750_800_860_900_1000_1200::use_default, thrust::_V_300200_SM_750_800_860_900_1000_1200::use_default>, unsigned long long, cuda::std::__4::plus<void>, int, cuda::std::__4::identity>(T2, T5 *, T3, at_cuda_detail::cub::GridEvenShare<T3>, T4, T6)"
:stage.prepare_yaqa,PushPop,1950204,1950204,1,4,8960,2240.0,2224.0,2144,2368,94.2,"void at_cuda_detail::cub::detail::reduce::DeviceReduceSingleTileKernel<at_cuda_detail::cub::detail::reduce::policy_hub<int, unsigned long long, cuda::std::__4::plus<void>>::Policy1000, int *, int *, int, cuda::std::__4::plus<void>, int, int, cuda::std::__4::identity>(T2, T3, T4, T5, T6, T8)"
:stage.process:model.layers.0.mlp.down_proj,PushPop,1950204,1953352,1,18416,18243280803,990621.2,1109474.0,133312,1160449,263277.4,"void <unnamed>::qvq_v2_segment_grid_kernel<(int)4, (int)2, (int)16, (bool)1, (bool)0, __half, unsigned char>(const float *, const T6 *, const float *, const long *, const float *, const float *, float *, T7 *, unsigned char *, int, int, int, bool, bool)"
:stage.process:model.layers.0.mlp.down_proj,PushPop,1950204,1953352,1,2302,5721588754,2485486.0,2777731.0,1355618,2846725,564896.4,"void <unnamed>::qvq_viterbi_kernel<(int)4, (int)2, __half, unsigned char>(const float *, const T3 *, const float *, const long *, const float *, T4 *, long *, float *, int, int, int, bool, bool, bool)"
:stage.process:model.layers.0.mlp.down_proj,PushPop,1950204,1953352,1,1278,867376168,678698.1,424928.0,19744,1256578,406038.6,void cutlass::Kernel2<cutlass_80_simt_sgemm_grouped_128x128_8x4_align1>(T1::Params)
:stage.process:model.layers.0.mlp.down_proj,PushPop,1950204,1953352,1,1276,832280853,652257.7,398160.5,14080,1254018,429929.8,ampere_sgemm_128x128_nt
:stage.process:model.layers.0.mlp.down_proj,PushPop,1950204,1953352,1,2302,611952602,265835.2,292992.0,72896,454625,60740.8,"void <unnamed>::qvq_v2_segment_grid_finalize_kernel<(int)4, (int)2, (int)16, (bool)0, __half, unsigned char>(const float *, const T5 *, const float *, const long *, const float *, const float *, const T6 *, const unsigned char *, long *, unsigned char *, float *, int, int, bool, bool)"
:stage.process:model.layers.0.mlp.down_proj,PushPop,1950204,1953352,1,1270,186650300,146968.7,92673.0,4608,276737,93152.0,"void gemmSN_NN_kernel<float, (int)128, (int)2, (int)4, (int)8, (int)4, (int)4, (bool)0, cublasGemvTensorBatched<const float>, cublasGemvTensorBatched<const float>, cublasGemvTensorBatched<float>>(cublasGemmSmallNParams<T9, T10, T11, T1>)"
:stage.process:model.layers.0.mlp.down_proj,PushPop,1950204,1953352,1,435,126425537,290633.4,44192.0,17696,14022229,1811522.2,ampere_sgemm_128x32_sliced1x4_nn
:stage.process:model.layers.0.mlp.down_proj,PushPop,1950204,1953352,1,537,70511437,131306.2,131552.0,4416,263872,77461.6,"void gemmSN_NN_kernel<float, (int)256, (int)4, (int)2, (int)8, (int)4, (int)4, (bool)0, cublasGemvTensorStridedBatched<const float>, cublasGemvTensorStridedBatched<const float>, cublasGemvTensorStridedBatched<float>>(cublasGemmSmallNParams<T9, T10, T11, T1>)"
:stage.process:model.layers.0.mlp.down_proj,PushPop,1950204,1953352,1,8982,61062283,6798.3,7168.0,2592,90432,2640.0,"void at::native::reduce_kernel<(int)512, (int)1, at::native::ReduceOp<bool, at::native::func_wrapper_t<bool, at::native::and_kernel_cuda(at::TensorIterator &)::[lambda() (instance 1)]::operator ()() const::[lambda() (instance 12)]::operator ()() const::[lambda(bool, bool) (instance 1)]>, unsigned int, bool, (int)4, (int)4>>(T3)"
:stage.process:model.layers.0.mlp.down_proj,PushPop,1950204,1953352,1,4,52512415,13128103.8,13103432.0,12969111,13336440,184956.9,void cutlass::Kernel2<cutlass_80_simt_sgemm_128x32_8x5_nt_align1>(T1::Params)
:stage.process:model.layers.0.mlp.down_proj,PushPop,1950204,1953352,1,6857,37731084,5502.6,3424.0,2112,708257,22755.8,"void at::native::elementwise_kernel<(int)128, (int)2, void at::native::gpu_kernel_impl_nocast<at::native::direct_copy_kernel_cuda(at::TensorIteratorBase &)::[lambda() (instance 3)]::operator ()() const::[lambda() (instance 7)]::operator ()() const::[lambda(float) (instance 1)]>(at::TensorIteratorBase &, const T1 &)::[lambda(int) (instance 1)]>(int, T3)"
:stage.process:model.layers.0.mlp.down_proj,PushPop,1950204,1953352,1,4350,34531619,7938.3,7872.0,3520,9984,820.1,"void at::native::reduce_kernel<(int)512, (int)1, at::native::ReduceOp<float, at::native::func_wrapper_t<float, at::native::MaxNanFunctor<float>>, unsigned int, float, (int)4, (int)4>>(T3)"
:stage.process:model.layers.0.mlp.down_proj,PushPop,1950204,1953352,1,2815,29732965,10562.3,9024.0,5216,376480,7498.3,"void at::native::index_elementwise_kernel<(int)128, (int)4, void at::native::gpu_index_kernel<void at::native::index_kernel_impl<at::native::OpaqueType<(int)2>>(at::TensorIteratorBase &, c10::ArrayRef<long>, c10::ArrayRef<long>)::[lambda(char *, const char *, long) (instance 1)]>(at::TensorIteratorBase &, c10::ArrayRef<long>, c10::ArrayRef<long>, const T1 &, bool)::[lambda(int) (instance 1)]>(long, T3)"
:stage.process:model.layers.0.mlp.down_proj,PushPop,1950204,1953352,1,2,25776622,12888311.0,12888311.0,12886743,12889879,2217.5,void cutlass::Kernel2<cutlass_80_simt_sgemm_128x64_8x5_nn_align1>(T1::Params)
:stage.process:model.layers.0.mlp.down_proj,PushPop,1950204,1953352,1,2,25753764,12876882.0,12876882.0,12876818,12876946,90.5,void cutlass::Kernel2<cutlass_80_simt_sgemm_64x128_8x5_nt_align1>(T1::Params)
:stage.process:model.layers.0.mlp.down_proj,PushPop,1950204,1953352,1,3074,24121908,7847.1,7840.0,7424,8704,159.3,"void at::native::reduce_kernel<(int)512, (int)1, at::native::ReduceOp<c10::Half, at::native::func_wrapper_t<c10::Half, at::native::MaxNanFunctor<c10::Half>>, unsigned int, c10::Half, (int)4, (int)4>>(T3)"
:stage.process:model.layers.0.mlp.down_proj,PushPop,1950204,1953352,1,1213,21477149,17705.8,4384.0,3168,654017,46255.6,"void at::native::elementwise_kernel<(int)128, (int)2, void at::native::gpu_kernel_impl_nocast<at::native::CUDAFunctor_add<float>>(at::TensorIteratorBase &, const T1 &)::[lambda(int) (instance 1)]>(int, T3)"
:stage.process:model.layers.0.mlp.down_proj,PushPop,1950204,1953352,1,5,19985845,3997169.0,2263266.0,923745,7284552,3037722.3,"void kernel<getrf_wo_pivot_params_<float, (int)0, (int)256, (int)1, (int)64, (int)64, (int)68, (int)8, (int)1, (int)1>>(int, int, void *, int, void *, int, int, int, int, int, int *)"
:stage.process:model.layers.0.mlp.down_proj,PushPop,1950204,1953352,1,8730,19836630,2272.2,2048.0,1504,256129,5611.6,"void at::native::vectorized_elementwise_kernel<(int)4, at::native::AbsFunctor<float>, std::array<char *, (unsigned long)2>>(int, T2, T3)"
:stage.process:model.layers.0.mlp.down_proj,PushPop,1950204,1953352,1,7454,16519732,2216.2,2176.0,1728,100512,2346.7,"void at::native::vectorized_elementwise_kernel<(int)4, at::native::BinaryFunctor<bool, bool, bool, at::native::binary_internal::MulFunctor<bool>>, std::array<char *, (unsigned long)3>>(int, T2, T3)"
:stage.process:model.layers.0.mlp.down_proj,PushPop,1950204,1953352,1,4604,16086933,3494.1,3920.0,2112,109665,1843.0,"<unnamed>::qvq_half2_codebook_norm_pack_kernel(const __half *, unsigned long *, int)"
:stage.process:model.layers.0.mlp.down_proj,PushPop,1950204,1953352,1,21,14010968,667189.0,14944.0,10880,3507846,1380486.2,ampere_sgemm_64x32_sliced1x4_nn
:stage.process:model.layers.0.mlp.down_proj,PushPop,1950204,1953352,1,6148,13652875,2220.7,2144.0,1824,4672,193.3,"void at::native::vectorized_elementwise_kernel<(int)4, at::native::AbsFunctor<c10::Half>, std::array<char *, (unsigned long)2>>(int, T2, T3)"
:stage.process:model.layers.0.mlp.down_proj,PushPop,1950204,1953352,1,1917,13488346,7036.2,6944.0,4384,12416,560.3,"void at::native::index_elementwise_kernel<(int)128, (int)4, void at::native::gpu_index_kernel<void at::native::index_put_kernel_impl<at::native::OpaqueType<(int)4>>(at::TensorIterator &, c10::ArrayRef<long>, c10::ArrayRef<long>)::[lambda(char *, const char *, long) (instance 1)]>(at::TensorIteratorBase &, c10::ArrayRef<long>, c10::ArrayRef<long>, const T1 &, bool)::[lambda(int) (instance 1)]>(long, T3)"
:stage.process:model.layers.0.mlp.down_proj,PushPop,1950204,1953352,1,4381,10253038,2340.3,2080.0,1536,165057,5190.2,"void at::native::vectorized_elementwise_kernel<(int)4, at::native::BinaryFunctor<float, float, bool, at::native::<unnamed>::CompareEqFunctor<float>>, std::array<char *, (unsigned long)3>>(int, T2, T3)"
:stage.process:model.layers.0.mlp.down_proj,PushPop,1950204,1953352,1,4380,10139245,2314.9,2048.0,1600,165184,5207.3,"void at::native::vectorized_elementwise_kernel<(int)4, at::native::AUnaryFunctor<float, float, bool, at::native::<unnamed>::CompareEqFunctor<float>>, std::array<char *, (unsigned long)2>>(int, T2, T3)"
:stage.process:model.layers.0.mlp.down_proj,PushPop,1950204,1953352,1,2311,10025592,4338.2,4128.0,3072,77216,2461.0,"void at::native::unrolled_elementwise_kernel<at::native::direct_copy_kernel_cuda(at::TensorIteratorBase &)::[lambda() (instance 3)]::operator ()() const::[lambda() (instance 7)]::operator ()() const::[lambda(float) (instance 1)], std::array<char *, (unsigned long)2>, (int)4, TrivialOffsetCalculator<(int)1, unsigned int>, TrivialOffsetCalculator<(int)1, unsigned int>, at::native::memory::LoadWithCast<(int)1>, at::native::memory::StoreWithCast<(int)1>>(int, T1, T2, T4, T5, T6, T7)"
:stage.process:model.layers.0.mlp.down_proj,PushPop,1950204,1953352,1,1146,9764875,8520.8,8192.0,7808,10368,777.3,"void batch_trsm_left_kernel<float, (int)64, (int)4, (int)3, (bool)0, (bool)0, (bool)1>(cublasTrsmBatchParams2<T1>, T1, const T1 *, int)"
:stage.process:model.layers.0.mlp.down_proj,PushPop,1950204,1953352,1,2815,9640079,3424.5,3456.0,2528,113376,2088.2,"void at::native::elementwise_kernel<(int)128, (int)2, void at::native::gpu_kernel_impl_nocast<at::native::direct_copy_kernel_cuda(at::TensorIteratorBase &)::[lambda() (instance 3)]::operator ()() const::[lambda() (instance 4)]::operator ()() const::[lambda(long) (instance 1)]>(at::TensorIteratorBase &, const T1 &)::[lambda(int) (instance 1)]>(int, T3)"
:stage.process:model.layers.0.mlp.down_proj,PushPop,1950204,1953352,1,1278,9298795,7276.1,7136.0,4832,12832,447.9,"void at::native::index_elementwise_kernel<(int)128, (int)4, void at::native::gpu_index_kernel<void at::native::index_put_kernel_impl<at::native::OpaqueType<(int)8>>(at::TensorIterator &, c10::ArrayRef<long>, c10::ArrayRef<long>)::[lambda(char *, const char *, long) (instance 1)]>(at::TensorIteratorBase &, c10::ArrayRef<long>, c10::ArrayRef<long>, const T1 &, bool)::[lambda(int) (instance 1)]>(long, T3)"
:stage.process:model.layers.0.mlp.down_proj,PushPop,1950204,1953352,1,2300,7205932,3133.0,3168.0,2016,7776,460.8,"void at::native::elementwise_kernel<(int)128, (int)2, void at::native::gpu_kernel_impl_nocast<at::native::AUnaryFunctor<long, long, long, at::native::BitwiseAndFunctor<long>>>(at::TensorIteratorBase &, const T1 &)::[lambda(int) (instance 1)]>(int, T3)"
:stage.process:model.layers.0.mlp.down_proj,PushPop,1950204,1953352,1,3074,6974951,2269.0,2240.0,1761,2368,38.5,"void at::native::vectorized_elementwise_kernel<(int)4, at::native::BinaryFunctor<c10::Half, c10::Half, bool, at::native::<unnamed>::CompareEqFunctor<c10::Half>>, std::array<char *, (unsigned long)3>>(int, T2, T3)"
:stage.process:model.layers.0.mlp.down_proj,PushPop,1950204,1953352,1,3074,6905637,2246.5,2240.0,1760,2368,40.2,"void at::native::vectorized_elementwise_kernel<(int)4, at::native::AUnaryFunctor<c10::Half, c10::Half, bool, at::native::<unnamed>::CompareEqFunctor<c10::Half>>, std::array<char *, (unsigned long)2>>(int, T2, T3)"
:stage.process:model.layers.0.mlp.down_proj,PushPop,1950204,1953352,1,2,6848200,3424100.0,3424100.0,3423972,3424228,181.0,ampere_sgemm_128x64_lower_nt
:stage.process:model.layers.0.mlp.down_proj,PushPop,1950204,1953352,1,2,6681034,3340517.0,3340517.0,3232901,3448133,152192.0,ampere_sgemm_128x64_nn
:stage.process:model.layers.0.mlp.down_proj,PushPop,1950204,1953352,1,2302,6507433,2826.9,2624.0,2016,3360,308.2,"void at::native::roll_cuda_kernel<float>(const T1 *, T1 *, long, long, long, long, long, long)"
:stage.process:model.layers.0.mlp.down_proj,PushPop,1950204,1953352,1,3328,6160677,1851.2,1792.0,1568,3360,138.7,"void at::native::vectorized_elementwise_kernel<(int)4, void at::native::compare_scalar_kernel<float>(at::TensorIteratorBase &, at::native::<unnamed>::OpType, T1)::[lambda(float) (instance 1)], std::array<char *, (unsigned long)2>>(int, T2, T3)"
:stage.process:model.layers.0.mlp.down_proj,PushPop,1950204,1953352,1,3086,5835684,1891.0,1760.0,1696,46145,1953.7,"void at::native::vectorized_elementwise_kernel<(int)4, void at::native::compare_scalar_kernel<long>(at::TensorIteratorBase &, at::native::<unnamed>::OpType, T1)::[lambda(long) (instance 1)], std::array<char *, (unsigned long)2>>(int, T2, T3)"
:stage.process:model.layers.0.mlp.down_proj,PushPop,1950204,1953352,1,2048,5561414,2715.5,2656.0,2528,3008,118.1,"void at::native::unrolled_elementwise_kernel<at::native::BinaryFunctor<float, float, float, at::native::maximum_kernel_cuda(at::TensorIteratorBase &)::[lambda() (instance 2)]::operator ()() const::[lambda() (instance 2)]::operator ()() const::[lambda(float, float) (instance 1)]>, std::array<char *, (unsigned long)3>, (int)4, TrivialOffsetCalculator<(int)2, unsigned int>, TrivialOffsetCalculator<(int)1, unsigned int>, at::native::memory::LoadWithCast<(int)2>, at::native::memory::StoreWithCast<(int)1>>(int, T1, T2, T4, T5, T6, T7)"
:stage.process:model.layers.0.mlp.down_proj,PushPop,1950204,1953352,1,2558,5407111,2113.8,2080.0,1600,5696,194.5,"void at::native::vectorized_elementwise_kernel<(int)4, at::native::BinaryFunctor<bool, bool, bool, at::native::logical_or_kernel_cuda(at::TensorIterator &)::[lambda() (instance 2)]::operator ()() const::[lambda() (instance 9)]::operator ()() const::[lambda(bool, bool) (instance 1)]>, std::array<char *, (unsigned long)3>>(int, T2, T3)"
:stage.process:model.layers.0.mlp.down_proj,PushPop,1950204,1953352,1,639,5214341,8160.2,8256.0,5632,13344,498.7,"void at::native::index_elementwise_kernel<(int)128, (int)4, void at::native::gpu_index_kernel<void at::native::index_kernel_impl<at::native::OpaqueType<(int)4>>(at::TensorIteratorBase &, c10::ArrayRef<long>, c10::ArrayRef<long>)::[lambda(char *, const char *, long) (instance 1)]>(at::TensorIteratorBase &, c10::ArrayRef<long>, c10::ArrayRef<long>, const T1 &, bool)::[lambda(int) (instance 1)]>(long, T3)"
:stage.process:model.layers.0.mlp.down_proj,PushPop,1950204,1953352,1,3594,4895683,1362.2,1376.0,1248,2304,63.2,"void <unnamed>::elementwise_kernel_with_index<int, at::native::arange_cuda_out(const c10::Scalar &, const c10::Scalar &, const c10::Scalar &, at::Tensor &)::[lambda() (instance 1)]::operator ()() const::[lambda() (instance 4)]::operator ()() const::[lambda(long) (instance 1)]>(T1, T2, function_traits<T2>::result_type *)"
:stage.process:model.layers.0.mlp.down_proj,PushPop,1950204,1953352,1,1154,4654500,4033.4,4032.0,3968,14977,342.5,ampere_sgemm_32x128_nt
:stage.process:model.layers.0.mlp.down_proj,PushPop,1950204,1953352,1,1173,4617258,3936.3,2272.0,1920,192992,12635.5,"void at::native::vectorized_elementwise_kernel<(int)4, at::native::CUDAFunctor_add<float>, std::array<char *, (unsigned long)3>>(int, T2, T3)"
:stage.process:model.layers.0.mlp.down_proj,PushPop,1950204,1953352,1,639,4430884,6934.1,7104.0,3328,7648,641.5,"void at::native::index_elementwise_kernel<(int)128, (int)4, void at::native::gpu_index_kernel<void at::native::index_put_kernel_impl<at::native::OpaqueType<(int)1>>(at::TensorIterator &, c10::ArrayRef<long>, c10::ArrayRef<long>)::[lambda(char *, const char *, long) (instance 1)]>(at::TensorIteratorBase &, c10::ArrayRef<long>, c10::ArrayRef<long>, const T1 &, bool)::[lambda(int) (instance 1)]>(long, T3)"
:stage.process:model.layers.0.mlp.down_proj,PushPop,1950204,1953352,1,1024,4380583,4277.9,4144.0,3904,4832,341.0,"void at::native::elementwise_kernel<(int)128, (int)4, void at::native::gpu_kernel_impl_nocast<at::native::direct_copy_kernel_cuda(at::TensorIteratorBase &)::[lambda() (instance 3)]::operator ()() const::[lambda() (instance 10)]::operator ()() const::[lambda(c10::Half) (instance 1)]>(at::TensorIteratorBase &, const T1 &)::[lambda(int) (instance 1)]>(int, T3)"
:stage.process:model.layers.0.mlp.down_proj,PushPop,1950204,1953352,1,1278,4352807,3406.0,3104.0,2208,5152,623.4,"<unnamed>::qvq_yaqa_feedback_epilogue_kernel(const float *, const float *, const float *, const float *, const float *, float *, int, int, int, int, int)"
:stage.process:model.layers.0.mlp.down_proj,PushPop,1950204,1953352,1,1159,4136516,3569.0,3456.0,1920,55776,2379.1,"void at::native::unrolled_elementwise_kernel<at::native::direct_copy_kernel_cuda(at::TensorIteratorBase &)::[lambda() (instance 3)]::operator ()() const::[lambda() (instance 4)]::operator ()() const::[lambda(long) (instance 1)], std::array<char *, (unsigned long)2>, (int)4, TrivialOffsetCalculator<(int)1, unsigned int>, TrivialOffsetCalculator<(int)1, unsigned int>, at::native::memory::LoadWithCast<(int)1>, at::native::memory::StoreWithCast<(int)1>>(int, T1, T2, T4, T5, T6, T7)"
:stage.process:model.layers.0.mlp.down_proj,PushPop,1950204,1953352,1,1,3807271,3807271.0,3807271.0,3807271,3807271,0.0,ampere_sgemm_32x128_tn
:stage.process:model.layers.0.mlp.down_proj,PushPop,1950204,1953352,1,1280,3735459,2918.3,2944.0,1856,3200,217.9,"void at::native::elementwise_kernel<(int)128, (int)2, void at::native::gpu_kernel_impl_nocast<at::native::CUDAFunctor_add<long>>(at::TensorIteratorBase &, const T1 &)::[lambda(int) (instance 1)]>(int, T3)"
:stage.process:model.layers.0.mlp.down_proj,PushPop,1950204,1953352,1,1032,3471073,3363.4,3296.0,3072,15392,775.7,"void at::native::reduce_kernel<(int)512, (int)1, at::native::ReduceOp<bool, at::native::func_wrapper_t<bool, at::native::or_kernel_cuda(at::TensorIterator &)::[lambda() (instance 1)]::operator ()() const::[lambda() (instance 12)]::operator ()() const::[lambda(bool, bool) (instance 1)]>, unsigned int, bool, (int)4, (int)4>>(T3)"
:stage.process:model.layers.0.mlp.down_proj,PushPop,1950204,1953352,1,1923,3240838,1685.3,1632.0,1504,64800,1441.9,"void at::native::vectorized_elementwise_kernel<(int)2, at::native::AUnaryFunctor<long, long, long, at::native::binary_internal::MulFunctor<long>>, std::array<char *, (unsigned long)2>>(int, T2, T3)"
:stage.process:model.layers.0.mlp.down_proj,PushPop,1950204,1953352,1,512,2932641,5727.8,5728.0,5344,6176,139.9,"void at::native::unrolled_elementwise_kernel<at::native::CUDAFunctor_add<float>, std::array<char *, (unsigned long)3>, (int)4, TrivialOffsetCalculator<(int)2, unsigned int>, TrivialOffsetCalculator<(int)1, unsigned int>, at::native::memory::LoadWithCast<(int)2>, at::native::memory::StoreWithCast<(int)1>>(int, T1, T2, T4, T5, T6, T7)"
:stage.process:model.layers.0.mlp.down_proj,PushPop,1950204,1953352,1,1278,2831045,2215.2,2240.0,1472,3872,148.4,"<unnamed>::qvq_yaqa_grouped_pointers_kernel(const float *, const float *, float *, float **, float **, float **, int, int, int, int, int, int)"
:stage.process:model.layers.0.mlp.down_proj,PushPop,1950204,1953352,1,1278,2736906,2141.6,2112.0,1664,3296,200.3,"void at::native::vectorized_elementwise_kernel<(int)4, at::native::bitwise_not_kernel_cuda(at::TensorIteratorBase &)::[lambda(bool) (instance 1)], std::array<char *, (unsigned long)2>>(int, T2, T3)"
:stage.process:model.layers.0.mlp.down_proj,PushPop,1950204,1953352,1,3,2604964,868321.3,1297922.0,8672,1298370,744478.2,"void at::native::reduce_kernel<(int)512, (int)1, at::native::ReduceOp<long, at::native::func_wrapper_t<long, at::native::sum_functor<long, long, long>::operator ()(at::TensorIterator &)::[lambda(long, long) (instance 1)]>, unsigned int, long, (int)4, (int)4>>(T3)"
:stage.process:model.layers.0.mlp.down_proj,PushPop,1950204,1953352,1,1278,2535332,1983.8,1952.0,1472,3424,147.3,"<unnamed>::qvq_yaqa_update_grouped_pointers_kernel(float *, float *, const float *, const float *, const float *, float **, float **, float **, int, int, int, int, int, int)"
:stage.process:model.layers.0.mlp.down_proj,PushPop,1950204,1953352,1,11,2474180,224925.5,65216.0,5632,1032514,399475.5,"void at::native::vectorized_elementwise_kernel<(int)2, at::native::AUnaryFunctor<long, long, long, at::native::BitwiseAndFunctor<long>>, std::array<char *, (unsigned long)2>>(int, T2, T3)"
:stage.process:model.layers.0.mlp.down_proj,PushPop,1950204,1953352,1,4,2170628,542657.0,558257.0,5024,1049090,585297.3,"void at::native::elementwise_kernel<(int)128, (int)2, void at::native::gpu_kernel_impl_nocast<at::native::BinaryFunctor<long, long, long, at::native::lshift_kernel_cuda(at::TensorIteratorBase &)::[lambda() (instance 1)]::operator ()() const::[lambda() (instance 4)]::operator ()() const::[lambda(long, long) (instance 1)]>>(at::TensorIteratorBase &, const T1 &)::[lambda(int) (instance 1)]>(int, T3)"
:stage.process:model.layers.0.mlp.down_proj,PushPop,1950204,1953352,1,4,2161540,540385.0,540225.0,40928,1040162,576557.1,"void at::native::elementwise_kernel<(int)128, (int)2, void at::native::gpu_kernel_impl_nocast<at::native::BinaryFunctor<long, long, long, at::native::rshift_kernel_cuda(at::TensorIteratorBase &)::[lambda() (instance 1)]::operator ()() const::[lambda() (instance 4)]::operator ()() const::[lambda(long, long) (instance 1)]>>(at::TensorIteratorBase &, const T1 &)::[lambda(int) (instance 1)]>(int, T3)"
:stage.process:model.layers.0.mlp.down_proj,PushPop,1950204,1953352,1,513,2064739,4024.8,3840.0,3488,20736,784.9,"void at::native::elementwise_kernel<(int)128, (int)4, void at::native::gpu_kernel_impl_nocast<at::native::direct_copy_kernel_cuda(at::TensorIteratorBase &)::[lambda() (instance 3)]::operator ()() const::[lambda() (instance 1)]::operator ()() const::[lambda(unsigned char) (instance 1)]>(at::TensorIteratorBase &, const T1 &)::[lambda(int) (instance 1)]>(int, T3)"
:stage.process:model.layers.0.mlp.down_proj,PushPop,1950204,1953352,1,3,1881155,627051.7,903681.0,72608,904866,480162.7,"void at::native::index_elementwise_kernel<(int)128, (int)4, void at::native::gpu_index_kernel<void at::native::index_kernel_impl<at::native::OpaqueType<(int)8>>(at::TensorIteratorBase &, c10::ArrayRef<long>, c10::ArrayRef<long>)::[lambda(char *, const char *, long) (instance 1)]>(at::TensorIteratorBase &, c10::ArrayRef<long>, c10::ArrayRef<long>, const T1 &, bool)::[lambda(int) (instance 1)]>(long, T3)"
:stage.process:model.layers.0.mlp.down_proj,PushPop,1950204,1953352,1,1031,1816192,1761.6,1728.0,1664,15488,675.5,"void at::native::vectorized_elementwise_kernel<(int)4, at::native::BinaryFunctor<bool, bool, bool, at::native::BitwiseOrFunctor<bool>>, std::array<char *, (unsigned long)3>>(int, T2, T3)"
:stage.process:model.layers.0.mlp.down_proj,PushPop,1950204,1953352,1,491,1754433,3573.2,3360.0,2912,15872,1108.0,"void cublasLt::splitKreduce_kernel<(int)32, (int)16, int, float, float, float, float, (bool)0, float, float, float, (bool)1, (bool)0, (bool)0, (bool)0>(cublasLt::cublasSplitKParams<T6>, const T4 *, const T10 *, T9 *, T5 *, const T6 *, const T6 *, const T11 *, const T4 *, T11 *, void *, long, T6 *, int *, T6 *, T6 *, const T6 *, const T6 *, const T6 *, const T6 *, const T6 *)"
:stage.process:model.layers.0.mlp.down_proj,PushPop,1950204,1953352,1,3,1703138,567712.7,824673.0,47456,831009,450566.6,"void at::native::triu_tril_kernel<float, int, (bool)0, (int)2, (bool)1>(at::cuda::detail::TensorInfo<T1, T2>, at::cuda::detail::TensorInfo<const T1, T2>, long, long, T2)"
:stage.process:model.layers.0.mlp.down_proj,PushPop,1950204,1953352,1,641,1210306,1888.2,1792.0,1632,29696,1560.2,"void at::native::vectorized_elementwise_kernel<(int)2, at::native::FillFunctor<long>, std::array<char *, (unsigned long)1>>(int, T2, T3)"
:stage.process:model.layers.0.mlp.down_proj,PushPop,1950204,1953352,1,516,1201057,2327.6,1792.0,1760,72448,6069.8,"void at::native::vectorized_elementwise_kernel<(int)4, at::native::BinaryFunctor<long, long, bool, at::native::<unnamed>::CompareEqFunctor<long>>, std::array<char *, (unsigned long)3>>(int, T2, T3)"
:stage.process:model.layers.0.mlp.down_proj,PushPop,1950204,1953352,1,639,1152353,1803.4,1792.0,1568,2208,124.9,"void at::native::vectorized_elementwise_kernel<(int)2, at::native::CUDAFunctor_add<long>, std::array<char *, (unsigned long)3>>(int, T2, T3)"
:stage.process:model.layers.0.mlp.down_proj,PushPop,1950204,1953352,1,512,1113857,2175.5,2176.0,2144,2208,14.1,"void at::native::elementwise_kernel<(int)128, (int)2, void at::native::gpu_kernel_impl_nocast<at::native::BUnaryFunctor<long, long, long, at::native::rshift_kernel_cuda(at::TensorIteratorBase &)::[lambda() (instance 1)]::operator ()() const::[lambda() (instance 4)]::operator ()() const::[lambda(long, long) (instance 1)]>>(at::TensorIteratorBase &, const T1 &)::[lambda(int) (instance 1)]>(int, T3)"
:stage.process:model.layers.0.mlp.down_proj,PushPop,1950204,1953352,1,10,990274,99027.4,77008.0,3520,294912,105654.4,"void at::native::elementwise_kernel<(int)128, (int)2, void at::native::gpu_kernel_impl_nocast<at::native::BinaryFunctor<float, float, float, at::native::binary_internal::MulFunctor<float>>>(at::TensorIteratorBase &, const T1 &)::[lambda(int) (instance 1)]>(int, T3)"
:stage.process:model.layers.0.mlp.down_proj,PushPop,1950204,1953352,1,9,813602,90400.2,67296.0,1984,258592,99297.8,"void at::native::vectorized_elementwise_kernel<(int)4, at::native::BUnaryFunctor<float, float, float, at::native::binary_internal::MulFunctor<float>>, std::array<char *, (unsigned long)2>>(int, T2, T3)"
:stage.process:model.layers.0.mlp.down_proj,PushPop,1950204,1953352,1,9,776673,86297.0,86016.0,85728,88096,737.6,"void at::native::vectorized_elementwise_kernel<(int)4, at::native::BinaryFunctor<float, float, float, at::native::binary_internal::MulFunctor<float>>, std::array<char *, (unsigned long)3>>(int, T2, T3)"
:stage.process:model.layers.0.mlp.down_proj,PushPop,1950204,1953352,1,13,702723,54055.6,29376.0,1312,113408,50001.5,"void at::native::vectorized_elementwise_kernel<(int)4, at::native::FillFunctor<float>, std::array<char *, (unsigned long)1>>(int, T2, T3)"
:stage.process:model.layers.0.mlp.down_proj,PushPop,1950204,1953352,1,26,486625,18716.3,18656.0,15488,20993,1471.0,ampere_sgemm_128x32_nn
:stage.process:model.layers.0.mlp.down_proj,PushPop,1950204,1953352,1,10,436928,43692.8,46832.0,13856,48064,10493.3,"void at::native::reduce_kernel<(int)512, (int)1, at::native::ReduceOp<float, at::native::func_wrapper_t<float, at::native::sum_functor<float, float, float>::operator ()(at::TensorIterator &)::[lambda(float, float) (instance 1)]>, unsigned int, float, (int)4, (int)4>>(T3)"
:stage.process:model.layers.0.mlp.down_proj,PushPop,1950204,1953352,1,1,338465,338465.0,338465.0,338465,338465,0.0,"void at::native::<unnamed>::CatArrayBatchedCopy_alignedK_contig<at::native::<unnamed>::OpaqueType<(unsigned int)8>, unsigned int, (int)3, (int)128, (int)1, (int)16>(T1 *, at::native::<unnamed>::CatArrInputTensorMetadata<T1, T2, T4, T5>, at::native::<unnamed>::TensorSizeStride<T2, (unsigned int)4>, int, T2)"
:stage.process:model.layers.0.mlp.down_proj,PushPop,1950204,1953352,1,3,296064,98688.0,100352.0,94496,101216,3656.0,"void at::native::vectorized_elementwise_kernel<(int)2, at::native::BinaryFunctor<long, long, long, at::native::BitwiseXorFunctor<long>>, std::array<char *, (unsigned long)3>>(int, T2, T3)"
:stage.process:model.layers.0.mlp.down_proj,PushPop,1950204,1953352,1,6,268992,44832.0,1920.0,1440,250816,100984.1,"void at::native::vectorized_elementwise_kernel<(int)4, at::native::AUnaryFunctor<float, float, float, at::native::binary_internal::MulFunctor<float>>, std::array<char *, (unsigned long)2>>(int, T2, T3)"
:stage.process:model.layers.0.mlp.down_proj,PushPop,1950204,1953352,1,4,257186,64296.5,64128.0,59297,69633,4926.1,"void at::native::vectorized_elementwise_kernel<(int)2, at::native::BUnaryFunctor<long, long, long, at::native::rshift_kernel_cuda(at::TensorIteratorBase &)::[lambda() (instance 1)]::operator ()() const::[lambda() (instance 4)]::operator ()() const::[lambda(long, long) (instance 1)]>, std::array<char *, (unsigned long)2>>(int, T2, T3)"
:stage.process:model.layers.0.mlp.down_proj,PushPop,1950204,1953352,1,10,202016,20201.6,20176.0,20064,20384,111.9,"void at::native::<unnamed>::CatArrayBatchedCopy<at::native::<unnamed>::OpaqueType<(unsigned int)4>, unsigned int, (int)2, (int)64, (int)64>(T1 *, at::native::<unnamed>::CatArrInputTensorMetadata<T1, T2, T4, T5>, at::native::<unnamed>::TensorSizeStride<T2, (unsigned int)4>, int, T2)"
:stage.process:model.layers.0.mlp.down_proj,PushPop,1950204,1953352,1,2,200032,100016.0,100016.0,99456,100576,792.0,"void at::native::vectorized_elementwise_kernel<(int)2, at::native::BinaryFunctor<long, long, long, at::native::BitwiseOrFunctor<long>>, std::array<char *, (unsigned long)3>>(int, T2, T3)"
:stage.process:model.layers.0.mlp.down_proj,PushPop,1950204,1953352,1,16,170656,10666.0,10352.0,9344,12128,873.7,void cutlass::Kernel2<cutlass_80_simt_sgemm_128x32_8x5_nn_align1>(T1::Params)
:stage.process:model.layers.0.mlp.down_proj,PushPop,1950204,1953352,1,10,149120,14912.0,7136.0,3904,49344,14033.6,"void at::native::reduce_kernel<(int)512, (int)1, at::native::ReduceOp<float, at::native::MeanOps<float, float, float, float>, unsigned int, float, (int)4, (int)4>>(T3)"
:stage.process:model.layers.0.mlp.down_proj,PushPop,1950204,1953352,1,6,133280,22213.3,22160.0,16224,28416,6550.5,"void trsm_batch_left_upper_kernel_small<float, (int)16, (int)16, (int)64>(cublasTrsmBatchParams<T1>, const T1 *const *, T1 *const *, const T1 *, T1)"
:stage.process:model.layers.0.mlp.down_proj,PushPop,1950204,1953352,1,2,129088,64544.0,64544.0,64512,64576,45.3,"void at::native::vectorized_elementwise_kernel<(int)2, at::native::BUnaryFunctor<long, long, long, at::native::lshift_kernel_cuda(at::TensorIteratorBase &)::[lambda() (instance 1)]::operator ()() const::[lambda() (instance 4)]::operator ()() const::[lambda(long, long) (instance 1)]>, std::array<char *, (unsigned long)2>>(int, T2, T3)"
:stage.process:model.layers.0.mlp.down_proj,PushPop,1950204,1953352,1,3,115008,38336.0,54560.0,5728,54720,28239.5,"void at::native::unrolled_elementwise_kernel<at::native::direct_copy_kernel_cuda(at::TensorIteratorBase &)::[lambda() (instance 3)]::operator ()() const::[lambda() (instance 3)]::operator ()() const::[lambda(int) (instance 1)], std::array<char *, (unsigned long)2>, (int)4, TrivialOffsetCalculator<(int)1, unsigned int>, TrivialOffsetCalculator<(int)1, unsigned int>, at::native::memory::LoadWithCast<(int)1>, at::native::memory::StoreWithCast<(int)1>>(int, T1, T2, T4, T5, T6, T7)"
:stage.process:model.layers.0.mlp.down_proj,PushPop,1950204,1953352,1,4,85952,21488.0,21632.0,20960,21728,358.7,"std::enable_if<!T7, void>::type internal::gemvx::kernel<int, int, float, float, float, float, (bool)0, (bool)1, (bool)1, (bool)0, (int)7, (bool)0, cublasGemvParamsEx<int, cublasGemvTensorStridedBatched<const float>, cublasGemvTensorStridedBatched<const float>, cublasGemvTensorStridedBatched<float>, float>>(T13)"
:stage.process:model.layers.0.mlp.down_proj,PushPop,1950204,1953352,1,5,75744,15148.8,1664.0,1536,69248,30242.4,"void at::native::vectorized_elementwise_kernel<(int)2, at::native::CUDAFunctorOnSelf_add<long>, std::array<char *, (unsigned long)2>>(int, T2, T3)"
:stage.process:model.layers.0.mlp.down_proj,PushPop,1950204,1953352,1,1,73248,73248.0,73248.0,73248,73248,0.0,"void at::native::elementwise_kernel<(int)128, (int)2, void at::native::gpu_kernel_impl_nocast<at::native::BinaryFunctor<float, float, float, at::native::binary_internal::DivFunctor<float>>>(at::TensorIteratorBase &, const T1 &)::[lambda(int) (instance 1)]>(int, T3)"
:stage.process:model.layers.0.mlp.down_proj,PushPop,1950204,1953352,1,1,62304,62304.0,62304.0,62304,62304,0.0,"void at::native::vectorized_elementwise_kernel<(int)4, void at::native::<unnamed>::pow_tensor_scalar_kernel_impl<float, float>(at::TensorIteratorBase &, T2)::[lambda(float) (instance 1)], std::array<char *, (unsigned long)2>>(int, T2, T3)"
:stage.process:model.layers.0.mlp.down_proj,PushPop,1950204,1953352,1,8,58048,7256.0,5440.0,4000,17120,4468.4,"void gemmSN_NN_kernel<float, (int)256, (int)4, (int)2, (int)8, (int)4, (int)4, (bool)0, cublasGemvTensorBatched<const float>, cublasGemvTensorBatched<const float>, cublasGemvTensorBatched<float>>(cublasGemmSmallNParams<T9, T10, T11, T1>)"
:stage.process:model.layers.0.mlp.down_proj,PushPop,1950204,1953352,1,1,48288,48288.0,48288.0,48288,48288,0.0,"void at::native::vectorized_elementwise_kernel<(int)4, at::native::float16_copy_kernel_cuda(at::TensorIteratorBase &)::[lambda(float) (instance 1)], std::array<char *, (unsigned long)2>>(int, T2, T3)"
:stage.process:model.layers.0.mlp.down_proj,PushPop,1950204,1953352,1,1,48160,48160.0,48160.0,48160,48160,0.0,"void at::native::reduce_kernel<(int)128, (int)4, at::native::ReduceOp<long, at::native::func_wrapper_t<long, at::native::sum_functor<long, long, long>::operator ()(at::TensorIterator &)::[lambda(long, long) (instance 1)]>, unsigned int, long, (int)4, (int)4>>(T3)"
:stage.process:model.layers.0.mlp.down_proj,PushPop,1950204,1953352,1,6,28256,4709.3,5024.0,3840,5152,582.2,"void at::native::elementwise_kernel<(int)128, (int)2, void at::native::gpu_kernel_impl_nocast<at::native::CUDAFunctorOnSelf_add<float>>(at::TensorIteratorBase &, const T1 &)::[lambda(int) (instance 1)]>(int, T3)"
:stage.process:model.layers.0.mlp.down_proj,PushPop,1950204,1953352,1,3,27584,9194.7,9984.0,7008,10592,1918.0,"void at::native::elementwise_kernel<(int)128, (int)2, void at::native::gpu_kernel_impl_nocast<at::native::direct_copy_kernel_cuda(at::TensorIteratorBase &)::[lambda() (instance 3)]::operator ()() const::[lambda() (instance 3)]::operator ()() const::[lambda(int) (instance 1)]>(at::TensorIteratorBase &, const T1 &)::[lambda(int) (instance 1)]>(int, T3)"
:stage.process:model.layers.0.mlp.down_proj,PushPop,1950204,1953352,1,4,14368,3592.0,3584.0,3456,3744,157.6,"void at::native::vectorized_elementwise_kernel<(int)2, at::native::BUnaryFunctor<long, long, long, at::native::remainder_kernel_cuda(at::TensorIteratorBase &)::[lambda() (instance 1)]::operator ()() const::[lambda() (instance 4)]::operator ()() const::[lambda(long, long) (instance 1)]>, std::array<char *, (unsigned long)2>>(int, T2, T3)"
:stage.process:model.layers.0.mlp.down_proj,PushPop,1950204,1953352,1,6,12288,2048.0,1952.0,1856,2528,242.9,"void at::native::vectorized_elementwise_kernel<(int)4, at::native::<unnamed>::CompareFunctor<float>, std::array<char *, (unsigned long)3>>(int, T2, T3)"
:stage.process:model.layers.0.mlp.down_proj,PushPop,1950204,1953352,1,3,11744,3914.7,4064.0,3584,4096,286.8,"void at::native::unrolled_elementwise_kernel<at::native::direct_copy_kernel_cuda(at::TensorIteratorBase &)::[lambda() (instance 3)]::operator ()() const::[lambda() (instance 1)]::operator ()() const::[lambda(unsigned char) (instance 1)], std::array<char *, (unsigned long)2>, (int)4, TrivialOffsetCalculator<(int)1, unsigned int>, TrivialOffsetCalculator<(int)1, unsigned int>, at::native::memory::LoadWithCast<(int)1>, at::native::memory::StoreWithCast<(int)1>>(int, T1, T2, T4, T5, T6, T7)"
:stage.process:model.layers.0.mlp.down_proj,PushPop,1950204,1953352,1,2,10432,5216.0,5216.0,4960,5472,362.0,"void at::native::<unnamed>::CatArrayBatchedCopy_vectorized<at::native::<unnamed>::OpaqueType<(unsigned int)2>, unsigned int, (int)1, (int)128, (int)1, (int)16, (int)8>(char *, at::native::<unnamed>::CatArrInputTensorMetadata<T1, T2, T4, T5>, at::native::<unnamed>::TensorSizeStride<T2, (unsigned int)4>, int, T2)"
:stage.process:model.layers.0.mlp.down_proj,PushPop,1950204,1953352,1,3,9440,3146.7,3168.0,3072,3200,66.6,"void at::native::vectorized_elementwise_kernel<(int)4, at::native::AUnaryFunctor<unsigned char, unsigned char, bool, at::native::<unnamed>::CompareEqFunctor<unsigned char>>, std::array<char *, (unsigned long)2>>(int, T2, T3)"
:stage.process:model.layers.0.mlp.down_proj,PushPop,1950204,1953352,1,1,9120,9120.0,9120.0,9120,9120,0.0,ampere_sgemm_32x32_sliced1x4_nn
:stage.process:model.layers.0.mlp.down_proj,PushPop,1950204,1953352,1,2,8160,4080.0,4080.0,3232,4928,1199.3,"void at::native::elementwise_kernel<(int)128, (int)2, void at::native::gpu_kernel_impl_nocast<at::native::AbsFunctor<float>>(at::TensorIteratorBase &, const T1 &)::[lambda(int) (instance 1)]>(int, T3)"
:stage.process:model.layers.0.mlp.down_proj,PushPop,1950204,1953352,1,1,8160,8160.0,8160.0,8160,8160,0.0,"void at::native::vectorized_elementwise_kernel<(int)4, at::native::AUnaryFunctor<unsigned char, unsigned char, unsigned char, at::native::binary_internal::MulFunctor<unsigned char>>, std::array<char *, (unsigned long)2>>(int, T2, T3)"
:stage.process:model.layers.0.mlp.down_proj,PushPop,1950204,1953352,1,2,7424,3712.0,3712.0,3680,3744,45.3,"void at::native::vectorized_elementwise_kernel<(int)2, at::native::BUnaryFunctor<long, long, long, at::native::binary_internal::div_floor_kernel_cuda(at::TensorIteratorBase &)::[lambda() (instance 1)]::operator ()() const::[lambda() (instance 4)]::operator ()() const::[lambda(long, long) (instance 1)]>, std::array<char *, (unsigned long)2>>(int, T2, T3)"
:stage.process:model.layers.0.mlp.down_proj,PushPop,1950204,1953352,1,3,7296,2432.0,2144.0,1952,3200,672.0,"void at::native::vectorized_elementwise_kernel<(int)4, at::native::FillFunctor<unsigned char>, std::array<char *, (unsigned long)1>>(int, T2, T3)"
:stage.process:model.layers.0.mlp.down_proj,PushPop,1950204,1953352,1,3,5856,1952.0,1856.0,1664,2336,346.1,"void at::native::vectorized_elementwise_kernel<(int)4, at::native::BinaryFunctor<float, float, float, at::native::maximum_kernel_cuda(at::TensorIteratorBase &)::[lambda() (instance 2)]::operator ()() const::[lambda() (instance 2)]::operator ()() const::[lambda(float, float) (instance 1)]>, std::array<char *, (unsigned long)3>>(int, T2, T3)"
:stage.process:model.layers.0.mlp.down_proj,PushPop,1950204,1953352,1,2,5824,2912.0,2912.0,2400,3424,724.1,"void at::native::vectorized_elementwise_kernel<(int)2, at::native::CUDAFunctorOnOther_add<long>, std::array<char *, (unsigned long)2>>(int, T2, T3)"
:stage.process:model.layers.0.mlp.down_proj,PushPop,1950204,1953352,1,2,5760,2880.0,2880.0,2688,3072,271.5,"void at::native::<unnamed>::CatArrayBatchedCopy_alignedK_contig<at::native::<unnamed>::OpaqueType<(unsigned int)4>, unsigned int, (int)1, (int)128, (int)1, (int)16>(T1 *, at::native::<unnamed>::CatArrInputTensorMetadata<T1, T2, T4, T5>, at::native::<unnamed>::TensorSizeStride<T2, (unsigned int)4>, int, T2)"
:stage.process:model.layers.0.mlp.down_proj,PushPop,1950204,1953352,1,3,5344,1781.3,1824.0,1568,1952,195.5,"xxtrf4_set_info_ker(int, int *)"
:stage.process:model.layers.0.mlp.down_proj,PushPop,1950204,1953352,1,1,4992,4992.0,4992.0,4992,4992,0.0,"void at::native::reduce_kernel<(int)512, (int)1, at::native::ReduceOp<float, at::native::ArgMinOps<float>, unsigned int, long, (int)4, (int)4>>(T3)"
:stage.process:model.layers.0.mlp.down_proj,PushPop,1950204,1953352,1,2,4704,2352.0,2352.0,2080,2624,384.7,"void at::native::vectorized_elementwise_kernel<(int)4, at::native::FillFunctor<bool>, std::array<char *, (unsigned long)1>>(int, T2, T3)"
:stage.process:model.layers.0.mlp.down_proj,PushPop,1950204,1953352,1,2,4416,2208.0,2208.0,2176,2240,45.3,"void at::native::vectorized_elementwise_kernel<(int)4, void at::native::compare_scalar_kernel<c10::Half>(at::TensorIteratorBase &, at::native::<unnamed>::OpType, T1)::[lambda(c10::Half) (instance 1)], std::array<char *, (unsigned long)2>>(int, T2, T3)"
:stage.process:model.layers.0.mlp.down_proj,PushPop,1950204,1953352,1,2,4320,2160.0,2160.0,1888,2432,384.7,"void at::native::unrolled_elementwise_kernel<at::native::AUnaryFunctor<long, long, long, at::native::BitwiseAndFunctor<long>>, std::array<char *, (unsigned long)2>, (int)4, TrivialOffsetCalculator<(int)1, unsigned int>, TrivialOffsetCalculator<(int)1, unsigned int>, at::native::memory::LoadWithoutCast, at::native::memory::StoreWithoutCast>(int, T1, T2, T4, T5, T6, T7)"
:stage.process:model.layers.0.mlp.down_proj,PushPop,1950204,1953352,1,1,3424,3424.0,3424.0,3424,3424,0.0,"void at::native::vectorized_elementwise_kernel<(int)4, at::native::BinaryFunctor<unsigned char, unsigned char, bool, at::native::<unnamed>::CompareEqFunctor<unsigned char>>, std::array<char *, (unsigned long)3>>(int, T2, T3)"
:stage.process:model.layers.0.mlp.down_proj,PushPop,1950204,1953352,1,1,3360,3360.0,3360.0,3360,3360,0.0,"void at::native::<unnamed>::CatArrayBatchedCopy_contig<at::native::<unnamed>::OpaqueType<(unsigned int)1>, unsigned int, (int)1, (int)128, (int)1>(T1 *, at::native::<unnamed>::CatArrInputTensorMetadata<T1, T2, T4, T5>, at::native::<unnamed>::TensorSizeStride<T2, (unsigned int)4>, int, T2)"
:stage.process:model.layers.0.mlp.down_proj,PushPop,1950204,1953352,1,1,2880,2880.0,2880.0,2880,2880,0.0,"void at::native::unrolled_elementwise_kernel<at::native::direct_copy_kernel_cuda(at::TensorIteratorBase &)::[lambda() (instance 3)]::operator ()() const::[lambda() (instance 11)]::operator ()() const::[lambda(bool) (instance 1)], std::array<char *, (unsigned long)2>, (int)4, TrivialOffsetCalculator<(int)1, unsigned int>, TrivialOffsetCalculator<(int)1, unsigned int>, at::native::memory::LoadWithCast<(int)1>, at::native::memory::StoreWithCast<(int)1>>(int, T1, T2, T4, T5, T6, T7)"
:stage.process:model.layers.0.mlp.down_proj,PushPop,1950204,1953352,1,1,2592,2592.0,2592.0,2592,2592,0.0,"void at::native::elementwise_kernel<(int)128, (int)2, void at::native::gpu_kernel_impl_nocast<at::native::<unnamed>::where_kernel_impl(at::TensorIterator &)::[lambda() (instance 1)]::operator ()() const::[lambda() (instance 3)]::operator ()() const::[lambda(bool, unsigned int, unsigned int) (instance 1)]>(at::TensorIteratorBase &, const T1 &)::[lambda(int) (instance 1)]>(int, T3)"
:stage.process:model.layers.0.mlp.down_proj,PushPop,1950204,1953352,1,1,2496,2496.0,2496.0,2496,2496,0.0,"void at::native::vectorized_elementwise_kernel<(int)4, at::native::sqrt_kernel_cuda(at::TensorIteratorBase &)::[lambda() (instance 2)]::operator ()() const::[lambda() (instance 2)]::operator ()() const::[lambda(float) (instance 1)], std::array<char *, (unsigned long)2>>(int, T2, T3)"
:stage.process:model.layers.0.mlp.down_proj,PushPop,1950204,1953352,1,1,2112,2112.0,2112.0,2112,2112,0.0,"void at::native::unrolled_elementwise_kernel<at::native::<unnamed>::CompareFunctor<c10::Half>, std::array<char *, (unsigned long)3>, (int)4, TrivialOffsetCalculator<(int)2, unsigned int>, TrivialOffsetCalculator<(int)1, unsigned int>, at::native::memory::LoadWithoutCast, at::native::memory::StoreWithoutCast>(int, T1, T2, T4, T5, T6, T7)"
:stage.process:model.layers.0.mlp.down_proj,PushPop,1950204,1953352,1,1,1920,1920.0,1920.0,1920,1920,0.0,"void at::native::vectorized_elementwise_kernel<(int)4, at::native::<unnamed>::launch_clamp_scalar(at::TensorIteratorBase &, c10::Scalar, c10::Scalar, at::native::detail::ClampLimits)::[lambda() (instance 1)]::operator ()() const::[lambda() (instance 7)]::operator ()() const::[lambda(float) (instance 1)], std::array<char *, (unsigned long)2>>(int, T2, T3)"
:stage.process:model.layers.0.mlp.gate_proj,PushPop,1950204,1953352,1,12272,17400993656,1417942.8,1072126.0,133215,4276438,1258374.4,"void <unnamed>::qvq_v2_segment_grid_kernel<(int)4, (int)2, (int)16, (bool)1, (bool)0, __half, unsigned char>(const float *, const T6 *, const float *, const long *, const float *, const float *, float *, T7 *, unsigned char *, int, int, int, bool, bool)"
:stage.process:model.layers.0.mlp.gate_proj,PushPop,1950204,1953352,1,1534,4699516357,3063570.0,2784412.5,1355678,7199630,1912939.2,"void <unnamed>::qvq_viterbi_kernel<(int)4, (int)2, __half, unsigned char>(const float *, const T3 *, const float *, const long *, const float *, T4 *, long *, float *, int, int, int, bool, bool, bool)"
:stage.process:model.layers.0.mlp.gate_proj,PushPop,1950204,1953352,1,1278,2678433724,2095801.0,1616269.5,20064,5995708,1541766.0,void cutlass::Kernel2<cutlass_80_simt_sgemm_grouped_128x128_8x4_align1>(T1::Params)
:stage.process:model.layers.0.mlp.gate_proj,PushPop,1950204,1953352,1,1278,669965667,524229.8,323424.0,5632,999167,344321.6,"void gemmSN_NN_kernel<float, (int)128, (int)2, (int)4, (int)8, (int)4, (int)4, (bool)0, cublasGemvTensorBatched<const float>, cublasGemvTensorBatched<const float>, cublasGemvTensorBatched<float>>(cublasGemmSmallNParams<T9, T10, T11, T1>)"
:stage.process:model.layers.0.mlp.gate_proj,PushPop,1950204,1953352,1,1534,540509670,352353.1,285695.5,74304,936670,264459.8,"void <unnamed>::qvq_v2_segment_grid_finalize_kernel<(int)4, (int)2, (int)16, (bool)0, __half, unsigned char>(const float *, const T5 *, const float *, const long *, const float *, const float *, const T6 *, const unsigned char *, long *, unsigned char *, float *, int, int, bool, bool)"
:stage.process:model.layers.0.mlp.gate_proj,PushPop,1950204,1953352,1,1276,215328713,168752.9,109120.0,9856,337312,103831.4,ampere_sgemm_128x128_nt
:stage.process:model.layers.0.mlp.gate_proj,PushPop,1950204,1953352,1,14,85157556,6082682.6,3539979.0,3233982,12677337,4325254.5,ampere_sgemm_128x64_nn
:stage.process:model.layers.0.mlp.gate_proj,PushPop,1950204,1953352,1,3785,29774516,7866.5,3232.0,2143,710815,35077.8,"void at::native::elementwise_kernel<(int)128, (int)2, void at::native::gpu_kernel_impl_nocast<at::native::direct_copy_kernel_cuda(at::TensorIteratorBase &)::[lambda() (instance 3)]::operator ()() const::[lambda() (instance 7)]::operator ()() const::[lambda(float) (instance 1)]>(at::TensorIteratorBase &, const T1 &)::[lambda(int) (instance 1)]>(int, T3)"
:stage.process:model.layers.0.mlp.gate_proj,PushPop,1950204,1953352,1,2,25800890,12900445.0,12900445.0,12889391,12911499,15632.7,void cutlass::Kernel2<cutlass_80_simt_sgemm_128x64_8x5_nn_align1>(T1::Params)
:stage.process:model.layers.0.mlp.gate_proj,PushPop,1950204,1953352,1,3222,23319241,7237.5,7328.0,2592,90463,3188.0,"void at::native::reduce_kernel<(int)512, (int)1, at::native::ReduceOp<bool, at::native::func_wrapper_t<bool, at::native::and_kernel_cuda(at::TensorIterator &)::[lambda() (instance 1)]::operator ()() const::[lambda() (instance 12)]::operator ()() const::[lambda(bool, bool) (instance 1)]>, unsigned int, bool, (int)4, (int)4>>(T3)"
:stage.process:model.layers.0.mlp.gate_proj,PushPop,1950204,1953352,1,445,18458613,41480.0,6112.0,3264,665470,70609.9,"void at::native::elementwise_kernel<(int)128, (int)2, void at::native::gpu_kernel_impl_nocast<at::native::CUDAFunctor_add<float>>(at::TensorIteratorBase &, const T1 &)::[lambda(int) (instance 1)]>(int, T3)"
:stage.process:model.layers.0.mlp.gate_proj,PushPop,1950204,1953352,1,1663,18392489,11059.8,9408.0,5216,511391,12743.2,"void at::native::index_elementwise_kernel<(int)128, (int)4, void at::native::gpu_index_kernel<void at::native::index_kernel_impl<at::native::OpaqueType<(int)2>>(at::TensorIteratorBase &, c10::ArrayRef<long>, c10::ArrayRef<long>)::[lambda(char *, const char *, long) (instance 1)]>(at::TensorIteratorBase &, c10::ArrayRef<long>, c10::ArrayRef<long>, const T1 &, bool)::[lambda(int) (instance 1)]>(long, T3)"
:stage.process:model.layers.0.mlp.gate_proj,PushPop,1950204,1953352,1,130,16237289,124902.2,123871.0,5184,240896,68671.4,"void gemmSN_NN_kernel<float, (int)128, (int)2, (int)4, (int)8, (int)4, (int)4, (bool)0, cublasGemvTensorStridedBatched<const float>, cublasGemvTensorStridedBatched<const float>, cublasGemvTensorStridedBatched<float>>(cublasGemmSmallNParams<T9, T10, T11, T1>)"
:stage.process:model.layers.0.mlp.gate_proj,PushPop,1950204,1953352,1,2046,16104682,7871.3,7648.0,3328,11456,1131.2,"void at::native::reduce_kernel<(int)512, (int)1, at::native::ReduceOp<float, at::native::func_wrapper_t<float, at::native::MaxNanFunctor<float>>, unsigned int, float, (int)4, (int)4>>(T3)"
:stage.process:model.layers.0.mlp.gate_proj,PushPop,1950204,1953352,1,1917,13863628,7231.9,6944.0,4416,224639,6849.7,"void at::native::index_elementwise_kernel<(int)128, (int)4, void at::native::gpu_index_kernel<void at::native::index_put_kernel_impl<at::native::OpaqueType<(int)4>>(at::TensorIterator &, c10::ArrayRef<long>, c10::ArrayRef<long>)::[lambda(char *, const char *, long) (instance 1)]>(at::TensorIteratorBase &, c10::ArrayRef<long>, c10::ArrayRef<long>, const T1 &, bool)::[lambda(int) (instance 1)]>(long, T3)"
:stage.process:model.layers.0.mlp.gate_proj,PushPop,1950204,1953352,1,4,12918297,3229574.3,3229502.0,3229055,3230238,581.8,ampere_sgemm_128x64_nt
:stage.process:model.layers.0.mlp.gate_proj,PushPop,1950204,1953352,1,1,12697784,12697784.0,12697784.0,12697784,12697784,0.0,ampere_sgemm_128x64_tn
:stage.process:model.layers.0.mlp.gate_proj,PushPop,1950204,1953352,1,4,11420035,2855008.8,1599148.0,927838,7293901,3025909.0,"void kernel<getrf_wo_pivot_params_<float, (int)0, (int)256, (int)1, (int)64, (int)64, (int)68, (int)8, (int)1, (int)1>>(int, int, void *, int, void *, int, int, int, int, int, int *)"
:stage.process:model.layers.0.mlp.gate_proj,PushPop,1950204,1953352,1,3068,10799632,3520.1,3904.0,2080,97952,1973.7,"<unnamed>::qvq_half2_codebook_norm_pack_kernel(const __half *, unsigned long *, int)"
:stage.process:model.layers.0.mlp.gate_proj,PushPop,1950204,1953352,1,4122,10452649,2535.8,2271.0,1632,256575,7196.6,"void at::native::vectorized_elementwise_kernel<(int)4, at::native::AbsFunctor<float>, std::array<char *, (unsigned long)2>>(int, T2, T3)"
:stage.process:model.layers.0.mlp.gate_proj,PushPop,1950204,1953352,1,1278,9217754,7212.6,7104.0,4672,20448,521.0,"void at::native::index_elementwise_kernel<(int)128, (int)4, void at::native::gpu_index_kernel<void at::native::index_put_kernel_impl<at::native::OpaqueType<(int)8>>(at::TensorIterator &, c10::ArrayRef<long>, c10::ArrayRef<long>)::[lambda(char *, const char *, long) (instance 1)]>(at::TensorIteratorBase &, c10::ArrayRef<long>, c10::ArrayRef<long>, const T1 &, bool)::[lambda(int) (instance 1)]>(long, T3)"
:stage.process:model.layers.0.mlp.gate_proj,PushPop,1950204,1953352,1,1543,6885561,4462.5,4224.0,3040,110208,4020.0,"void at::native::unrolled_elementwise_kernel<at::native::direct_copy_kernel_cuda(at::TensorIteratorBase &)::[lambda() (instance 3)]::operator ()() const::[lambda() (instance 7)]::operator ()() const::[lambda(float) (instance 1)], std::array<char *, (unsigned long)2>, (int)4, TrivialOffsetCalculator<(int)1, unsigned int>, TrivialOffsetCalculator<(int)1, unsigned int>, at::native::memory::LoadWithCast<(int)1>, at::native::memory::StoreWithCast<(int)1>>(int, T1, T2, T4, T5, T6, T7)"
:stage.process:model.layers.0.mlp.gate_proj,PushPop,1950204,1953352,1,2,6726678,3363339.0,3363339.0,3262203,3464475,143027.9,void cutlass::Kernel2<cutlass_80_simt_sgemm_128x32_8x5_nt_align1>(T1::Params)
:stage.process:model.layers.0.mlp.gate_proj,PushPop,1950204,1953352,1,2846,6719475,2361.0,2208.0,1760,104928,3352.3,"void at::native::vectorized_elementwise_kernel<(int)4, at::native::BinaryFunctor<bool, bool, bool, at::native::binary_internal::MulFunctor<bool>>, std::array<char *, (unsigned long)3>>(int, T2, T3)"
:stage.process:model.layers.0.mlp.gate_proj,PushPop,1950204,1953352,1,762,6445389,8458.5,8224.0,7840,10272,673.0,"void batch_trsm_left_kernel<float, (int)64, (int)4, (int)3, (bool)0, (bool)0, (bool)1>(cublasTrsmBatchParams2<T1>, T1, const T1 *, int)"
:stage.process:model.layers.0.mlp.gate_proj,PushPop,1950204,1953352,1,770,6412500,8327.9,8320.0,7936,8736,164.0,"void at::native::reduce_kernel<(int)512, (int)1, at::native::ReduceOp<c10::Half, at::native::func_wrapper_t<c10::Half, at::native::MaxNanFunctor<c10::Half>>, unsigned int, c10::Half, (int)4, (int)4>>(T3)"
:stage.process:model.layers.0.mlp.gate_proj,PushPop,1950204,1953352,1,1663,5776957,3473.8,3392.0,2528,113664,2737.6,"void at::native::elementwise_kernel<(int)128, (int)2, void at::native::gpu_kernel_impl_nocast<at::native::direct_copy_kernel_cuda(at::TensorIteratorBase &)::[lambda() (instance 3)]::operator ()() const::[lambda() (instance 4)]::operator ()() const::[lambda(long) (instance 1)]>(at::TensorIteratorBase &, const T1 &)::[lambda(int) (instance 1)]>(int, T3)"
:stage.process:model.layers.0.mlp.gate_proj,PushPop,1950204,1953352,1,2077,5485081,2640.9,2272.0,1504,163008,6699.0,"void at::native::vectorized_elementwise_kernel<(int)4, at::native::BinaryFunctor<float, float, bool, at::native::<unnamed>::CompareEqFunctor<float>>, std::array<char *, (unsigned long)3>>(int, T2, T3)"
:stage.process:model.layers.0.mlp.gate_proj,PushPop,1950204,1953352,1,2558,5424664,2120.7,2048.0,1600,5920,231.2,"void at::native::vectorized_elementwise_kernel<(int)4, at::native::BinaryFunctor<bool, bool, bool, at::native::logical_or_kernel_cuda(at::TensorIterator &)::[lambda() (instance 2)]::operator ()() const::[lambda() (instance 9)]::operator ()() const::[lambda(bool, bool) (instance 1)]>, std::array<char *, (unsigned long)3>>(int, T2, T3)"
:stage.process:model.layers.0.mlp.gate_proj,PushPop,1950204,1953352,1,639,5381178,8421.2,8160.0,5600,241024,9230.2,"void at::native::index_elementwise_kernel<(int)128, (int)4, void at::native::gpu_index_kernel<void at::native::index_kernel_impl<at::native::OpaqueType<(int)4>>(at::TensorIteratorBase &, c10::ArrayRef<long>, c10::ArrayRef<long>)::[lambda(char *, const char *, long) (instance 1)]>(at::TensorIteratorBase &, c10::ArrayRef<long>, c10::ArrayRef<long>, const T1 &, bool)::[lambda(int) (instance 1)]>(long, T3)"
:stage.process:model.layers.0.mlp.gate_proj,PushPop,1950204,1953352,1,2076,5373494,2588.4,2272.0,1504,165824,6652.5,"void at::native::vectorized_elementwise_kernel<(int)4, at::native::AUnaryFunctor<float, float, bool, at::native::<unnamed>::CompareEqFunctor<float>>, std::array<char *, (unsigned long)2>>(int, T2, T3)"
:stage.process:model.layers.0.mlp.gate_proj,PushPop,1950204,1953352,1,1532,5270489,3440.3,3360.0,2048,29440,873.8,"void at::native::elementwise_kernel<(int)128, (int)2, void at::native::gpu_kernel_impl_nocast<at::native::AUnaryFunctor<long, long, long, at::native::BitwiseAndFunctor<long>>>(at::TensorIteratorBase &, const T1 &)::[lambda(int) (instance 1)]>(int, T3)"
:stage.process:model.layers.0.mlp.gate_proj,PushPop,1950204,1953352,1,55,4702133,85493.3,69760.0,17760,136576,44957.6,void cutlass::Kernel2<cutlass_80_simt_sgemm_128x32_8x5_nn_align1>(T1::Params)
:stage.process:model.layers.0.mlp.gate_proj,PushPop,1950204,1953352,1,1278,4586810,3589.1,3424.0,2112,5472,589.1,"<unnamed>::qvq_yaqa_feedback_epilogue_kernel(const float *, const float *, const float *, const float *, const float *, float *, int, int, int, int, int)"
:stage.process:model.layers.0.mlp.gate_proj,PushPop,1950204,1953352,1,1534,4562937,2974.5,2768.0,1984,5696,704.9,"void at::native::roll_cuda_kernel<float>(const T1 *, T1 *, long, long, long, long, long, long)"
:stage.process:model.layers.0.mlp.gate_proj,PushPop,1950204,1953352,1,639,4347804,6804.1,6976.0,3456,7680,616.6,"void at::native::index_elementwise_kernel<(int)128, (int)4, void at::native::gpu_index_kernel<void at::native::index_put_kernel_impl<at::native::OpaqueType<(int)1>>(at::TensorIterator &, c10::ArrayRef<long>, c10::ArrayRef<long>)::[lambda(char *, const char *, long) (instance 1)]>(at::TensorIteratorBase &, c10::ArrayRef<long>, c10::ArrayRef<long>, const T1 &, bool)::[lambda(int) (instance 1)]>(long, T3)"
:stage.process:model.layers.0.mlp.gate_proj,PushPop,1950204,1953352,1,2826,3837046,1357.8,1376.0,1247,2112,66.6,"void <unnamed>::elementwise_kernel_with_index<int, at::native::arange_cuda_out(const c10::Scalar &, const c10::Scalar &, const c10::Scalar &, at::Tensor &)::[lambda() (instance 1)]::operator ()() const::[lambda() (instance 4)]::operator ()() const::[lambda(long) (instance 1)]>(T1, T2, function_traits<T2>::result_type *)"
:stage.process:model.layers.0.mlp.gate_proj,PushPop,1950204,1953352,1,1280,3764347,2940.9,2976.0,1824,3392,218.9,"void at::native::elementwise_kernel<(int)128, (int)2, void at::native::gpu_kernel_impl_nocast<at::native::CUDAFunctor_add<long>>(at::TensorIteratorBase &, const T1 &)::[lambda(int) (instance 1)]>(int, T3)"
:stage.process:model.layers.0.mlp.gate_proj,PushPop,1950204,1953352,1,789,3671837,4653.8,2208.0,1984,192544,15215.6,"void at::native::vectorized_elementwise_kernel<(int)4, at::native::CUDAFunctor_add<float>, std::array<char *, (unsigned long)3>>(int, T2, T3)"
:stage.process:model.layers.0.mlp.gate_proj,PushPop,1950204,1953352,1,1,3430583,3430583.0,3430583.0,3430583,3430583,0.0,ampere_sgemm_128x64_lower_nt
:stage.process:model.layers.0.mlp.gate_proj,PushPop,1950204,1953352,1,1540,3384185,2197.5,2144.0,1952,4544,156.0,"void at::native::vectorized_elementwise_kernel<(int)4, at::native::AbsFunctor<c10::Half>, std::array<char *, (unsigned long)2>>(int, T2, T3)"
:stage.process:model.layers.0.mlp.gate_proj,PushPop,1950204,1953352,1,1792,3281339,1831.1,1824.0,1536,4256,222.2,"void at::native::vectorized_elementwise_kernel<(int)4, void at::native::compare_scalar_kernel<float>(at::TensorIteratorBase &, at::native::<unnamed>::OpType, T1)::[lambda(float) (instance 1)], std::array<char *, (unsigned long)2>>(int, T2, T3)"
:stage.process:model.layers.0.mlp.gate_proj,PushPop,1950204,1953352,1,1923,3266910,1698.9,1664.0,1504,63776,1418.3,"void at::native::vectorized_elementwise_kernel<(int)2, at::native::AUnaryFunctor<long, long, long, at::native::binary_internal::MulFunctor<long>>, std::array<char *, (unsigned long)2>>(int, T2, T3)"
:stage.process:model.layers.0.mlp.gate_proj,PushPop,1950204,1953352,1,770,3112604,4042.3,4032.0,3968,14336,392.9,ampere_sgemm_32x128_nt
:stage.process:model.layers.0.mlp.gate_proj,PushPop,1950204,1953352,1,1278,2815645,2203.2,2208.0,1472,3168,141.3,"<unnamed>::qvq_yaqa_grouped_pointers_kernel(const float *, const float *, float *, float **, float **, float **, int, int, int, int, int, int)"
:stage.process:model.layers.0.mlp.gate_proj,PushPop,1950204,1953352,1,775,2793723,3604.8,3360.0,1824,51648,2786.4,"void at::native::unrolled_elementwise_kernel<at::native::direct_copy_kernel_cuda(at::TensorIteratorBase &)::[lambda() (instance 3)]::operator ()() const::[lambda() (instance 4)]::operator ()() const::[lambda(long) (instance 1)], std::array<char *, (unsigned long)2>, (int)4, TrivialOffsetCalculator<(int)1, unsigned int>, TrivialOffsetCalculator<(int)1, unsigned int>, at::native::memory::LoadWithCast<(int)1>, at::native::memory::StoreWithCast<(int)1>>(int, T1, T2, T4, T5, T6, T7)"
:stage.process:model.layers.0.mlp.gate_proj,PushPop,1950204,1953352,1,1278,2741531,2145.2,2112.0,1632,4064,219.3,"void at::native::vectorized_elementwise_kernel<(int)4, at::native::bitwise_not_kernel_cuda(at::TensorIteratorBase &)::[lambda(bool) (instance 1)], std::array<char *, (unsigned long)2>>(int, T2, T3)"
:stage.process:model.layers.0.mlp.gate_proj,PushPop,1950204,1953352,1,3,2605278,868426.0,1298207.0,8640,1298431,744596.5,"void at::native::reduce_kernel<(int)512, (int)1, at::native::ReduceOp<long, at::native::func_wrapper_t<long, at::native::sum_functor<long, long, long>::operator ()(at::TensorIterator &)::[lambda(long, long) (instance 1)]>, unsigned int, long, (int)4, (int)4>>(T3)"
:stage.process:model.layers.0.mlp.gate_proj,PushPop,1950204,1953352,1,1278,2516062,1968.7,1952.0,1440,4128,151.3,"<unnamed>::qvq_yaqa_update_grouped_pointers_kernel(float *, float *, const float *, const float *, const float *, float **, float **, float **, int, int, int, int, int, int)"
:stage.process:model.layers.0.mlp.gate_proj,PushPop,1950204,1953352,1,11,2469023,224456.6,65248.0,5696,1028927,396982.4,"void at::native::vectorized_elementwise_kernel<(int)2, at::native::AUnaryFunctor<long, long, long, at::native::BitwiseAndFunctor<long>>, std::array<char *, (unsigned long)2>>(int, T2, T3)"
:stage.process:model.layers.0.mlp.gate_proj,PushPop,1950204,1953352,1,4,2178014,544503.5,560815.0,4928,1051456,585055.5,"void at::native::elementwise_kernel<(int)128, (int)2, void at::native::gpu_kernel_impl_nocast<at::native::BinaryFunctor<long, long, long, at::native::lshift_kernel_cuda(at::TensorIteratorBase &)::[lambda() (instance 1)]::operator ()() const::[lambda() (instance 4)]::operator ()() const::[lambda(long, long) (instance 1)]>>(at::TensorIteratorBase &, const T1 &)::[lambda(int) (instance 1)]>(int, T3)"
:stage.process:model.layers.0.mlp.gate_proj,PushPop,1950204,1953352,1,4,2172831,543207.8,542367.5,40704,1047392,579984.8,"void at::native::elementwise_kernel<(int)128, (int)2, void at::native::gpu_kernel_impl_nocast<at::native::BinaryFunctor<long, long, long, at::native::rshift_kernel_cuda(at::TensorIteratorBase &)::[lambda() (instance 1)]::operator ()() const::[lambda() (instance 4)]::operator ()() const::[lambda(long, long) (instance 1)]>>(at::TensorIteratorBase &, const T1 &)::[lambda(int) (instance 1)]>(int, T3)"
:stage.process:model.layers.0.mlp.gate_proj,PushPop,1950204,1953352,1,3,1881183,627061.0,903935.0,72864,904384,479948.7,"void at::native::index_elementwise_kernel<(int)128, (int)4, void at::native::gpu_index_kernel<void at::native::index_kernel_impl<at::native::OpaqueType<(int)8>>(at::TensorIteratorBase &, c10::ArrayRef<long>, c10::ArrayRef<long>)::[lambda(char *, const char *, long) (instance 1)]>(at::TensorIteratorBase &, c10::ArrayRef<long>, c10::ArrayRef<long>, const T1 &, bool)::[lambda(int) (instance 1)]>(long, T3)"
:stage.process:model.layers.0.mlp.gate_proj,PushPop,1950204,1953352,1,770,1748412,2270.7,2272.0,1760,2368,41.0,"void at::native::vectorized_elementwise_kernel<(int)4, at::native::BinaryFunctor<c10::Half, c10::Half, bool, at::native::<unnamed>::CompareEqFunctor<c10::Half>>, std::array<char *, (unsigned long)3>>(int, T2, T3)"
:stage.process:model.layers.0.mlp.gate_proj,PushPop,1950204,1953352,1,782,1740730,2226.0,1824.0,1696,45344,3844.5,"void at::native::vectorized_elementwise_kernel<(int)4, void at::native::compare_scalar_kernel<long>(at::TensorIteratorBase &, at::native::<unnamed>::OpType, T1)::[lambda(long) (instance 1)], std::array<char *, (unsigned long)2>>(int, T2, T3)"
:stage.process:model.layers.0.mlp.gate_proj,PushPop,1950204,1953352,1,770,1734367,2252.4,2240.0,1792,2336,36.5,"void at::native::vectorized_elementwise_kernel<(int)4, at::native::AUnaryFunctor<c10::Half, c10::Half, bool, at::native::<unnamed>::CompareEqFunctor<c10::Half>>, std::array<char *, (unsigned long)2>>(int, T2, T3)"
:stage.process:model.layers.0.mlp.gate_proj,PushPop,1950204,1953352,1,10,1602431,160243.1,78560.0,3648,662592,205108.8,"void at::native::elementwise_kernel<(int)128, (int)2, void at::native::gpu_kernel_impl_nocast<at::native::BinaryFunctor<float, float, float, at::native::binary_internal::MulFunctor<float>>>(at::TensorIteratorBase &, const T1 &)::[lambda(int) (instance 1)]>(int, T3)"
:stage.process:model.layers.0.mlp.gate_proj,PushPop,1950204,1953352,1,512,1389246,2713.4,2656.0,2560,2944,116.0,"void at::native::unrolled_elementwise_kernel<at::native::BinaryFunctor<float, float, float, at::native::maximum_kernel_cuda(at::TensorIteratorBase &)::[lambda() (instance 2)]::operator ()() const::[lambda() (instance 2)]::operator ()() const::[lambda(float, float) (instance 1)]>, std::array<char *, (unsigned long)3>, (int)4, TrivialOffsetCalculator<(int)2, unsigned int>, TrivialOffsetCalculator<(int)1, unsigned int>, at::native::memory::LoadWithCast<(int)2>, at::native::memory::StoreWithCast<(int)1>>(int, T1, T2, T4, T5, T6, T7)"
:stage.process:model.layers.0.mlp.gate_proj,PushPop,1950204,1953352,1,45,1380344,30674.3,32576.0,6656,54975,15863.1,"void gemmSN_NN_kernel<float, (int)256, (int)4, (int)2, (int)8, (int)4, (int)4, (bool)0, cublasGemvTensorStridedBatched<const float>, cublasGemvTensorStridedBatched<const float>, cublasGemvTensorStridedBatched<float>>(cublasGemmSmallNParams<T9, T10, T11, T1>)"
:stage.process:model.layers.0.mlp.gate_proj,PushPop,1950204,1953352,1,4,1279231,319807.8,321008.0,315904,321311,2615.9,"std::enable_if<!T7, void>::type internal::gemvx::kernel<int, int, float, float, float, float, (bool)0, (bool)1, (bool)1, (bool)0, (int)7, (bool)0, cublasGemvParamsEx<int, cublasGemvTensorStridedBatched<const float>, cublasGemvTensorStridedBatched<const float>, cublasGemvTensorStridedBatched<float>, float>>(T13)"
:stage.process:model.layers.0.mlp.gate_proj,PushPop,1950204,1953352,1,641,1216510,1897.8,1792.0,1536,30208,1571.7,"void at::native::vectorized_elementwise_kernel<(int)2, at::native::FillFunctor<long>, std::array<char *, (unsigned long)1>>(int, T2, T3)"
:stage.process:model.layers.0.mlp.gate_proj,PushPop,1950204,1953352,1,256,1200541,4689.6,4672.0,4064,5376,566.8,"void at::native::elementwise_kernel<(int)128, (int)4, void at::native::gpu_kernel_impl_nocast<at::native::direct_copy_kernel_cuda(at::TensorIteratorBase &)::[lambda() (instance 3)]::operator ()() const::[lambda() (instance 10)]::operator ()() const::[lambda(c10::Half) (instance 1)]>(at::TensorIteratorBase &, const T1 &)::[lambda(int) (instance 1)]>(int, T3)"
:stage.process:model.layers.0.mlp.gate_proj,PushPop,1950204,1953352,1,639,1163327,1820.5,1824.0,1568,2240,133.4,"void at::native::vectorized_elementwise_kernel<(int)2, at::native::CUDAFunctor_add<long>, std::array<char *, (unsigned long)3>>(int, T2, T3)"
:stage.process:model.layers.0.mlp.gate_proj,PushPop,1950204,1953352,1,26,1149851,44225.0,45136.0,35584,50559,4544.9,ampere_sgemm_128x32_nn
:stage.process:model.layers.0.mlp.gate_proj,PushPop,1950204,1953352,1,264,965854,3658.5,3456.0,3136,15008,1462.0,"void at::native::reduce_kernel<(int)512, (int)1, at::native::ReduceOp<bool, at::native::func_wrapper_t<bool, at::native::or_kernel_cuda(at::TensorIterator &)::[lambda() (instance 1)]::operator ()() const::[lambda() (instance 12)]::operator ()() const::[lambda(bool, bool) (instance 1)]>, unsigned int, bool, (int)4, (int)4>>(T3)"
:stage.process:model.layers.0.mlp.gate_proj,PushPop,1950204,1953352,1,3,925022,308340.7,47296.0,46912,830814,452475.2,"void at::native::triu_tril_kernel<float, int, (bool)0, (int)2, (bool)1>(at::cuda::detail::TensorInfo<T1, T2>, at::cuda::detail::TensorInfo<const T1, T2>, long, long, T2)"
:stage.process:model.layers.0.mlp.gate_proj,PushPop,1950204,1953352,1,9,812160,90240.0,66432.0,1984,259680,99485.5,"void at::native::vectorized_elementwise_kernel<(int)4, at::native::BUnaryFunctor<float, float, float, at::native::binary_internal::MulFunctor<float>>, std::array<char *, (unsigned long)2>>(int, T2, T3)"
:stage.process:model.layers.0.mlp.gate_proj,PushPop,1950204,1953352,1,9,782368,86929.8,86528.0,86240,89184,901.7,"void at::native::vectorized_elementwise_kernel<(int)4, at::native::BinaryFunctor<float, float, float, at::native::binary_internal::MulFunctor<float>>, std::array<char *, (unsigned long)3>>(int, T2, T3)"
:stage.process:model.layers.0.mlp.gate_proj,PushPop,1950204,1953352,1,128,758461,5925.5,5920.0,5599,6368,155.4,"void at::native::unrolled_elementwise_kernel<at::native::CUDAFunctor_add<float>, std::array<char *, (unsigned long)3>, (int)4, TrivialOffsetCalculator<(int)2, unsigned int>, TrivialOffsetCalculator<(int)1, unsigned int>, at::native::memory::LoadWithCast<(int)2>, at::native::memory::StoreWithCast<(int)1>>(int, T1, T2, T4, T5, T6, T7)"
:stage.process:model.layers.0.mlp.gate_proj,PushPop,1950204,1953352,1,129,587166,4551.7,4416.0,4351,20800,1442.8,"void at::native::elementwise_kernel<(int)128, (int)4, void at::native::gpu_kernel_impl_nocast<at::native::direct_copy_kernel_cuda(at::TensorIteratorBase &)::[lambda() (instance 3)]::operator ()() const::[lambda() (instance 1)]::operator ()() const::[lambda(unsigned char) (instance 1)]>(at::TensorIteratorBase &, const T1 &)::[lambda(int) (instance 1)]>(int, T3)"
:stage.process:model.layers.0.mlp.gate_proj,PushPop,1950204,1953352,1,10,578528,57852.8,47168.0,46560,154784,34060.1,"void at::native::reduce_kernel<(int)512, (int)1, at::native::ReduceOp<float, at::native::func_wrapper_t<float, at::native::sum_functor<float, float, float>::operator ()(at::TensorIterator &)::[lambda(float, float) (instance 1)]>, unsigned int, float, (int)4, (int)4>>(T3)"
:stage.process:model.layers.0.mlp.gate_proj,PushPop,1950204,1953352,1,263,537054,2042.0,1888.0,1856,11648,1177.7,"void at::native::vectorized_elementwise_kernel<(int)4, at::native::BinaryFunctor<bool, bool, bool, at::native::BitwiseOrFunctor<bool>>, std::array<char *, (unsigned long)3>>(int, T2, T3)"
:stage.process:model.layers.0.mlp.gate_proj,PushPop,1950204,1953352,1,132,508960,3855.8,1792.0,1728,71616,11642.1,"void at::native::vectorized_elementwise_kernel<(int)4, at::native::BinaryFunctor<long, long, bool, at::native::<unnamed>::CompareEqFunctor<long>>, std::array<char *, (unsigned long)3>>(int, T2, T3)"
:stage.process:model.layers.0.mlp.gate_proj,PushPop,1950204,1953352,1,13,494526,38040.5,8512.0,1312,113024,44838.1,"void at::native::vectorized_elementwise_kernel<(int)4, at::native::FillFunctor<float>, std::array<char *, (unsigned long)1>>(int, T2, T3)"
:stage.process:model.layers.0.mlp.gate_proj,PushPop,1950204,1953352,1,128,413888,3233.5,3232.0,3200,3264,15.5,"void at::native::elementwise_kernel<(int)128, (int)2, void at::native::gpu_kernel_impl_nocast<at::native::BUnaryFunctor<long, long, long, at::native::rshift_kernel_cuda(at::TensorIteratorBase &)::[lambda() (instance 1)]::operator ()() const::[lambda() (instance 4)]::operator ()() const::[lambda(long, long) (instance 1)]>>(at::TensorIteratorBase &, const T1 &)::[lambda(int) (instance 1)]>(int, T3)"
:stage.process:model.layers.0.mlp.gate_proj,PushPop,1950204,1953352,1,1,335808,335808.0,335808.0,335808,335808,0.0,"void at::native::<unnamed>::CatArrayBatchedCopy_alignedK_contig<at::native::<unnamed>::OpaqueType<(unsigned int)8>, unsigned int, (int)3, (int)128, (int)1, (int)16>(T1 *, at::native::<unnamed>::CatArrInputTensorMetadata<T1, T2, T4, T5>, at::native::<unnamed>::TensorSizeStride<T2, (unsigned int)4>, int, T2)"
:stage.process:model.layers.0.mlp.gate_proj,PushPop,1950204,1953352,1,58,324927,5602.2,5216.0,3424,16000,2947.6,"void cublasLt::splitKreduce_kernel<(int)32, (int)16, int, float, float, float, float, (bool)0, float, float, float, (bool)1, (bool)0, (bool)0, (bool)0>(cublasLt::cublasSplitKParams<T6>, const T4 *, const T10 *, T9 *, T5 *, const T6 *, const T6 *, const T11 *, const T4 *, T11 *, void *, long, T6 *, int *, T6 *, T6 *, const T6 *, const T6 *, const T6 *, const T6 *, const T6 *)"
:stage.process:model.layers.0.mlp.gate_proj,PushPop,1950204,1953352,1,3,297056,99018.7,100480.0,94752,101824,3755.7,"void at::native::vectorized_elementwise_kernel<(int)2, at::native::BinaryFunctor<long, long, long, at::native::BitwiseXorFunctor<long>>, std::array<char *, (unsigned long)3>>(int, T2, T3)"
:stage.process:model.layers.0.mlp.gate_proj,PushPop,1950204,1953352,1,6,268415,44735.8,1712.0,1472,250495,100876.6,"void at::native::vectorized_elementwise_kernel<(int)4, at::native::AUnaryFunctor<float, float, float, at::native::binary_internal::MulFunctor<float>>, std::array<char *, (unsigned long)2>>(int, T2, T3)"
:stage.process:model.layers.0.mlp.gate_proj,PushPop,1950204,1953352,1,4,256896,64224.0,64288.0,59456,68864,4159.0,"void at::native::vectorized_elementwise_kernel<(int)2, at::native::BUnaryFunctor<long, long, long, at::native::rshift_kernel_cuda(at::TensorIteratorBase &)::[lambda() (instance 1)]::operator ()() const::[lambda() (instance 4)]::operator ()() const::[lambda(long, long) (instance 1)]>, std::array<char *, (unsigned long)2>>(int, T2, T3)"
:stage.process:model.layers.0.mlp.gate_proj,PushPop,1950204,1953352,1,10,202272,20227.2,20192.0,20000,20544,169.0,"void at::native::<unnamed>::CatArrayBatchedCopy<at::native::<unnamed>::OpaqueType<(unsigned int)4>, unsigned int, (int)2, (int)64, (int)64>(T1 *, at::native::<unnamed>::CatArrInputTensorMetadata<T1, T2, T4, T5>, at::native::<unnamed>::TensorSizeStride<T2, (unsigned int)4>, int, T2)"
:stage.process:model.layers.0.mlp.gate_proj,PushPop,1950204,1953352,1,2,200928,100464.0,100464.0,100000,100928,656.2,"void at::native::vectorized_elementwise_kernel<(int)2, at::native::BinaryFunctor<long, long, long, at::native::BitwiseOrFunctor<long>>, std::array<char *, (unsigned long)3>>(int, T2, T3)"
:stage.process:model.layers.0.mlp.gate_proj,PushPop,1950204,1953352,1,10,148864,14886.4,7312.0,3744,49024,13898.5,"void at::native::reduce_kernel<(int)512, (int)1, at::native::ReduceOp<float, at::native::MeanOps<float, float, float, float>, unsigned int, float, (int)4, (int)4>>(T3)"
:stage.process:model.layers.0.mlp.gate_proj,PushPop,1950204,1953352,1,6,132896,22149.3,22080.0,16224,28320,6457.7,"void trsm_batch_left_upper_kernel_small<float, (int)16, (int)16, (int)64>(cublasTrsmBatchParams<T1>, const T1 *const *, T1 *const *, const T1 *, T1)"
:stage.process:model.layers.0.mlp.gate_proj,PushPop,1950204,1953352,1,2,130112,65056.0,65056.0,64928,65184,181.0,"void at::native::vectorized_elementwise_kernel<(int)2, at::native::BUnaryFunctor<long, long, long, at::native::lshift_kernel_cuda(at::TensorIteratorBase &)::[lambda() (instance 1)]::operator ()() const::[lambda() (instance 4)]::operator ()() const::[lambda(long, long) (instance 1)]>, std::array<char *, (unsigned long)2>>(int, T2, T3)"
:stage.process:model.layers.0.mlp.gate_proj,PushPop,1950204,1953352,1,3,116000,38666.7,54336.0,5856,55808,28424.4,"void at::native::unrolled_elementwise_kernel<at::native::direct_copy_kernel_cuda(at::TensorIteratorBase &)::[lambda() (instance 3)]::operator ()() const::[lambda() (instance 3)]::operator ()() const::[lambda(int) (instance 1)], std::array<char *, (unsigned long)2>, (int)4, TrivialOffsetCalculator<(int)1, unsigned int>, TrivialOffsetCalculator<(int)1, unsigned int>, at::native::memory::LoadWithCast<(int)1>, at::native::memory::StoreWithCast<(int)1>>(int, T1, T2, T4, T5, T6, T7)"
:stage.process:model.layers.0.mlp.gate_proj,PushPop,1950204,1953352,1,5,75200,15040.0,1824.0,1600,68352,29802.5,"void at::native::vectorized_elementwise_kernel<(int)2, at::native::CUDAFunctorOnSelf_add<long>, std::array<char *, (unsigned long)2>>(int, T2, T3)"
:stage.process:model.layers.0.mlp.gate_proj,PushPop,1950204,1953352,1,1,73343,73343.0,73343.0,73343,73343,0.0,"void at::native::elementwise_kernel<(int)128, (int)2, void at::native::gpu_kernel_impl_nocast<at::native::BinaryFunctor<float, float, float, at::native::binary_internal::DivFunctor<float>>>(at::TensorIteratorBase &, const T1 &)::[lambda(int) (instance 1)]>(int, T3)"
:stage.process:model.layers.0.mlp.gate_proj,PushPop,1950204,1953352,1,1,59872,59872.0,59872.0,59872,59872,0.0,"void at::native::vectorized_elementwise_kernel<(int)4, void at::native::<unnamed>::pow_tensor_scalar_kernel_impl<float, float>(at::TensorIteratorBase &, T2)::[lambda(float) (instance 1)], std::array<char *, (unsigned long)2>>(int, T2, T3)"
:stage.process:model.layers.0.mlp.gate_proj,PushPop,1950204,1953352,1,1,53984,53984.0,53984.0,53984,53984,0.0,"void at::native::reduce_kernel<(int)128, (int)4, at::native::ReduceOp<long, at::native::func_wrapper_t<long, at::native::sum_functor<long, long, long>::operator ()(at::TensorIterator &)::[lambda(long, long) (instance 1)]>, unsigned int, long, (int)4, (int)4>>(T3)"
:stage.process:model.layers.0.mlp.gate_proj,PushPop,1950204,1953352,1,1,45408,45408.0,45408.0,45408,45408,0.0,"void at::native::vectorized_elementwise_kernel<(int)4, at::native::float16_copy_kernel_cuda(at::TensorIteratorBase &)::[lambda(float) (instance 1)], std::array<char *, (unsigned long)2>>(int, T2, T3)"
:stage.process:model.layers.0.mlp.gate_proj,PushPop,1950204,1953352,1,6,28640,4773.3,4640.0,3360,6592,1327.5,"void at::native::elementwise_kernel<(int)128, (int)2, void at::native::gpu_kernel_impl_nocast<at::native::CUDAFunctorOnSelf_add<float>>(at::TensorIteratorBase &, const T1 &)::[lambda(int) (instance 1)]>(int, T3)"
:stage.process:model.layers.0.mlp.gate_proj,PushPop,1950204,1953352,1,3,27584,9194.7,10048.0,6944,10592,1968.0,"void at::native::elementwise_kernel<(int)128, (int)2, void at::native::gpu_kernel_impl_nocast<at::native::direct_copy_kernel_cuda(at::TensorIteratorBase &)::[lambda() (instance 3)]::operator ()() const::[lambda() (instance 3)]::operator ()() const::[lambda(int) (instance 1)]>(at::TensorIteratorBase &, const T1 &)::[lambda(int) (instance 1)]>(int, T3)"
:stage.process:model.layers.0.mlp.gate_proj,PushPop,1950204,1953352,1,4,14016,3504.0,3488.0,3360,3680,168.3,"void at::native::vectorized_elementwise_kernel<(int)2, at::native::BUnaryFunctor<long, long, long, at::native::remainder_kernel_cuda(at::TensorIteratorBase &)::[lambda() (instance 1)]::operator ()() const::[lambda() (instance 4)]::operator ()() const::[lambda(long, long) (instance 1)]>, std::array<char *, (unsigned long)2>>(int, T2, T3)"
:stage.process:model.layers.0.mlp.gate_proj,PushPop,1950204,1953352,1,6,12480,2080.0,2000.0,1984,2400,164.4,"void at::native::vectorized_elementwise_kernel<(int)4, at::native::<unnamed>::CompareFunctor<float>, std::array<char *, (unsigned long)3>>(int, T2, T3)"
:stage.process:model.layers.0.mlp.gate_proj,PushPop,1950204,1953352,1,3,11744,3914.7,4096.0,3552,4096,314.1,"void at::native::unrolled_elementwise_kernel<at::native::direct_copy_kernel_cuda(at::TensorIteratorBase &)::[lambda() (instance 3)]::operator ()() const::[lambda() (instance 1)]::operator ()() const::[lambda(unsigned char) (instance 1)], std::array<char *, (unsigned long)2>, (int)4, TrivialOffsetCalculator<(int)1, unsigned int>, TrivialOffsetCalculator<(int)1, unsigned int>, at::native::memory::LoadWithCast<(int)1>, at::native::memory::StoreWithCast<(int)1>>(int, T1, T2, T4, T5, T6, T7)"
:stage.process:model.layers.0.mlp.gate_proj,PushPop,1950204,1953352,1,2,11232,5616.0,5616.0,5120,6112,701.4,"void at::native::<unnamed>::CatArrayBatchedCopy_vectorized<at::native::<unnamed>::OpaqueType<(unsigned int)2>, unsigned int, (int)1, (int)128, (int)1, (int)16, (int)8>(char *, at::native::<unnamed>::CatArrInputTensorMetadata<T1, T2, T4, T5>, at::native::<unnamed>::TensorSizeStride<T2, (unsigned int)4>, int, T2)"
:stage.process:model.layers.0.mlp.gate_proj,PushPop,1950204,1953352,1,3,9184,3061.3,3072.0,3040,3072,18.5,"void at::native::vectorized_elementwise_kernel<(int)4, at::native::AUnaryFunctor<unsigned char, unsigned char, bool, at::native::<unnamed>::CompareEqFunctor<unsigned char>>, std::array<char *, (unsigned long)2>>(int, T2, T3)"
:stage.process:model.layers.0.mlp.gate_proj,PushPop,1950204,1953352,1,2,8352,4176.0,4176.0,3392,4960,1108.7,"void at::native::elementwise_kernel<(int)128, (int)2, void at::native::gpu_kernel_impl_nocast<at::native::AbsFunctor<float>>(at::TensorIteratorBase &, const T1 &)::[lambda(int) (instance 1)]>(int, T3)"
:stage.process:model.layers.0.mlp.gate_proj,PushPop,1950204,1953352,1,1,8160,8160.0,8160.0,8160,8160,0.0,"void at::native::vectorized_elementwise_kernel<(int)4, at::native::AUnaryFunctor<unsigned char, unsigned char, unsigned char, at::native::binary_internal::MulFunctor<unsigned char>>, std::array<char *, (unsigned long)2>>(int, T2, T3)"
:stage.process:model.layers.0.mlp.gate_proj,PushPop,1950204,1953352,1,2,7488,3744.0,3744.0,3712,3776,45.3,"void at::native::vectorized_elementwise_kernel<(int)2, at::native::BUnaryFunctor<long, long, long, at::native::binary_internal::div_floor_kernel_cuda(at::TensorIteratorBase &)::[lambda() (instance 1)]::operator ()() const::[lambda() (instance 4)]::operator ()() const::[lambda(long, long) (instance 1)]>, std::array<char *, (unsigned long)2>>(int, T2, T3)"
:stage.process:model.layers.0.mlp.gate_proj,PushPop,1950204,1953352,1,3,7104,2368.0,2112.0,1984,3008,557.9,"void at::native::vectorized_elementwise_kernel<(int)4, at::native::FillFunctor<unsigned char>, std::array<char *, (unsigned long)1>>(int, T2, T3)"
:stage.process:model.layers.0.mlp.gate_proj,PushPop,1950204,1953352,1,3,5696,1898.7,1888.0,1664,2144,240.2,"void at::native::vectorized_elementwise_kernel<(int)4, at::native::BinaryFunctor<float, float, float, at::native::maximum_kernel_cuda(at::TensorIteratorBase &)::[lambda() (instance 2)]::operator ()() const::[lambda() (instance 2)]::operator ()() const::[lambda(float, float) (instance 1)]>, std::array<char *, (unsigned long)3>>(int, T2, T3)"
:stage.process:model.layers.0.mlp.gate_proj,PushPop,1950204,1953352,1,2,5504,2752.0,2752.0,2560,2944,271.5,"void at::native::<unnamed>::CatArrayBatchedCopy_alignedK_contig<at::native::<unnamed>::OpaqueType<(unsigned int)4>, unsigned int, (int)1, (int)128, (int)1, (int)16>(T1 *, at::native::<unnamed>::CatArrInputTensorMetadata<T1, T2, T4, T5>, at::native::<unnamed>::TensorSizeStride<T2, (unsigned int)4>, int, T2)"
:stage.process:model.layers.0.mlp.gate_proj,PushPop,1950204,1953352,1,2,5088,2544.0,2544.0,1888,3200,927.7,"void at::native::unrolled_elementwise_kernel<at::native::AUnaryFunctor<long, long, long, at::native::BitwiseAndFunctor<long>>, std::array<char *, (unsigned long)2>, (int)4, TrivialOffsetCalculator<(int)1, unsigned int>, TrivialOffsetCalculator<(int)1, unsigned int>, at::native::memory::LoadWithoutCast, at::native::memory::StoreWithoutCast>(int, T1, T2, T4, T5, T6, T7)"
:stage.process:model.layers.0.mlp.gate_proj,PushPop,1950204,1953352,1,3,5056,1685.3,1632.0,1440,1984,275.9,"xxtrf4_set_info_ker(int, int *)"
:stage.process:model.layers.0.mlp.gate_proj,PushPop,1950204,1953352,1,2,4832,2416.0,2416.0,2368,2464,67.9,"void at::native::vectorized_elementwise_kernel<(int)2, at::native::CUDAFunctorOnOther_add<long>, std::array<char *, (unsigned long)2>>(int, T2, T3)"
:stage.process:model.layers.0.mlp.gate_proj,PushPop,1950204,1953352,1,2,4736,2368.0,2368.0,2240,2496,181.0,"void at::native::vectorized_elementwise_kernel<(int)4, at::native::FillFunctor<bool>, std::array<char *, (unsigned long)1>>(int, T2, T3)"
:stage.process:model.layers.0.mlp.gate_proj,PushPop,1950204,1953352,1,2,4288,2144.0,2144.0,2080,2208,90.5,"void at::native::vectorized_elementwise_kernel<(int)4, void at::native::compare_scalar_kernel<c10::Half>(at::TensorIteratorBase &, at::native::<unnamed>::OpType, T1)::[lambda(c10::Half) (instance 1)], std::array<char *, (unsigned long)2>>(int, T2, T3)"
:stage.process:model.layers.0.mlp.gate_proj,PushPop,1950204,1953352,1,1,4064,4064.0,4064.0,4064,4064,0.0,"void at::native::reduce_kernel<(int)512, (int)1, at::native::ReduceOp<float, at::native::ArgMinOps<float>, unsigned int, long, (int)4, (int)4>>(T3)"
:stage.process:model.layers.0.mlp.gate_proj,PushPop,1950204,1953352,1,1,3808,3808.0,3808.0,3808,3808,0.0,"void at::native::vectorized_elementwise_kernel<(int)4, at::native::BinaryFunctor<unsigned char, unsigned char, bool, at::native::<unnamed>::CompareEqFunctor<unsigned char>>, std::array<char *, (unsigned long)3>>(int, T2, T3)"
:stage.process:model.layers.0.mlp.gate_proj,PushPop,1950204,1953352,1,1,3328,3328.0,3328.0,3328,3328,0.0,"void at::native::<unnamed>::CatArrayBatchedCopy_contig<at::native::<unnamed>::OpaqueType<(unsigned int)1>, unsigned int, (int)1, (int)128, (int)1>(T1 *, at::native::<unnamed>::CatArrInputTensorMetadata<T1, T2, T4, T5>, at::native::<unnamed>::TensorSizeStride<T2, (unsigned int)4>, int, T2)"
:stage.process:model.layers.0.mlp.gate_proj,PushPop,1950204,1953352,1,1,2496,2496.0,2496.0,2496,2496,0.0,"void at::native::vectorized_elementwise_kernel<(int)4, at::native::sqrt_kernel_cuda(at::TensorIteratorBase &)::[lambda() (instance 2)]::operator ()() const::[lambda() (instance 2)]::operator ()() const::[lambda(float) (instance 1)], std::array<char *, (unsigned long)2>>(int, T2, T3)"
:stage.process:model.layers.0.mlp.gate_proj,PushPop,1950204,1953352,1,1,2336,2336.0,2336.0,2336,2336,0.0,"void at::native::unrolled_elementwise_kernel<at::native::direct_copy_kernel_cuda(at::TensorIteratorBase &)::[lambda() (instance 3)]::operator ()() const::[lambda() (instance 11)]::operator ()() const::[lambda(bool) (instance 1)], std::array<char *, (unsigned long)2>, (int)4, TrivialOffsetCalculator<(int)1, unsigned int>, TrivialOffsetCalculator<(int)1, unsigned int>, at::native::memory::LoadWithCast<(int)1>, at::native::memory::StoreWithCast<(int)1>>(int, T1, T2, T4, T5, T6, T7)"
:stage.process:model.layers.0.mlp.gate_proj,PushPop,1950204,1953352,1,1,2240,2240.0,2240.0,2240,2240,0.0,"void at::native::elementwise_kernel<(int)128, (int)2, void at::native::gpu_kernel_impl_nocast<at::native::<unnamed>::where_kernel_impl(at::TensorIterator &)::[lambda() (instance 1)]::operator ()() const::[lambda() (instance 3)]::operator ()() const::[lambda(bool, unsigned int, unsigned int) (instance 1)]>(at::TensorIteratorBase &, const T1 &)::[lambda(int) (instance 1)]>(int, T3)"
:stage.process:model.layers.0.mlp.gate_proj,PushPop,1950204,1953352,1,1,2080,2080.0,2080.0,2080,2080,0.0,"void at::native::unrolled_elementwise_kernel<at::native::<unnamed>::CompareFunctor<c10::Half>, std::array<char *, (unsigned long)3>, (int)4, TrivialOffsetCalculator<(int)2, unsigned int>, TrivialOffsetCalculator<(int)1, unsigned int>, at::native::memory::LoadWithoutCast, at::native::memory::StoreWithoutCast>(int, T1, T2, T4, T5, T6, T7)"
:stage.process:model.layers.0.mlp.gate_proj,PushPop,1950204,1953352,1,1,1920,1920.0,1920.0,1920,1920,0.0,"void at::native::vectorized_elementwise_kernel<(int)4, at::native::<unnamed>::launch_clamp_scalar(at::TensorIteratorBase &, c10::Scalar, c10::Scalar, at::native::detail::ClampLimits)::[lambda() (instance 1)]::operator ()() const::[lambda() (instance 7)]::operator ()() const::[lambda(float) (instance 1)], std::array<char *, (unsigned long)2>>(int, T2, T3)"
:stage.process:model.layers.0.mlp.up_proj,PushPop,1950204,1953352,1,12272,17550547259,1430129.3,1083681.0,133440,4298623,1266224.4,"void <unnamed>::qvq_v2_segment_grid_kernel<(int)4, (int)2, (int)16, (bool)1, (bool)0, __half, unsigned char>(const float *, const T6 *, const float *, const long *, const float *, const float *, float *, T7 *, unsigned char *, int, int, int, bool, bool)"
:stage.process:model.layers.0.mlp.up_proj,PushPop,1950204,1953352,1,1534,4699931805,3063840.8,2784785.0,1363809,7281052,1911626.2,"void <unnamed>::qvq_viterbi_kernel<(int)4, (int)2, __half, unsigned char>(const float *, const T3 *, const float *, const long *, const float *, T4 *, long *, float *, int, int, int, bool, bool, bool)"
:stage.process:model.layers.0.mlp.up_proj,PushPop,1950204,1953352,1,1278,2692644458,2106920.5,1627777.5,22304,6002663,1552571.8,void cutlass::Kernel2<cutlass_80_simt_sgemm_grouped_128x128_8x4_align1>(T1::Params)
:stage.process:model.layers.0.mlp.up_proj,PushPop,1950204,1953352,1,1278,672338596,526086.5,323200.0,5600,1008321,346846.1,"void gemmSN_NN_kernel<float, (int)128, (int)2, (int)4, (int)8, (int)4, (int)4, (bool)0, cublasGemvTensorBatched<const float>, cublasGemvTensorBatched<const float>, cublasGemvTensorBatched<float>>(cublasGemmSmallNParams<T9, T10, T11, T1>)"
:stage.process:model.layers.0.mlp.up_proj,PushPop,1950204,1953352,1,1534,542420544,353598.8,286992.5,73856,940000,264975.2,"void <unnamed>::qvq_v2_segment_grid_finalize_kernel<(int)4, (int)2, (int)16, (bool)0, __half, unsigned char>(const float *, const T5 *, const float *, const long *, const float *, const float *, const T6 *, const unsigned char *, long *, unsigned char *, float *, int, int, bool, bool)"
:stage.process:model.layers.0.mlp.up_proj,PushPop,1950204,1953352,1,1276,216126614,169378.2,109088.0,10080,316800,104525.6,ampere_sgemm_128x128_nt
:stage.process:model.layers.0.mlp.up_proj,PushPop,1950204,1953352,1,14,85102275,6078733.9,3567057.0,3233571,12674094,4329895.2,ampere_sgemm_128x64_nn
:stage.process:model.layers.0.mlp.up_proj,PushPop,1950204,1953352,1,3785,29794294,7871.7,3264.0,2144,663616,35061.3,"void at::native::elementwise_kernel<(int)128, (int)2, void at::native::gpu_kernel_impl_nocast<at::native::direct_copy_kernel_cuda(at::TensorIteratorBase &)::[lambda() (instance 3)]::operator ()() const::[lambda() (instance 7)]::operator ()() const::[lambda(float) (instance 1)]>(at::TensorIteratorBase &, const T1 &)::[lambda(int) (instance 1)]>(int, T3)"
:stage.process:model.layers.0.mlp.up_proj,PushPop,1950204,1953352,1,2,26208808,13104404.0,13104404.0,12892548,13316260,299609.6,void cutlass::Kernel2<cutlass_80_simt_sgemm_128x64_8x5_nn_align1>(T1::Params)
:stage.process:model.layers.0.mlp.up_proj,PushPop,1950204,1953352,1,3222,23064640,7158.5,7136.0,2656,90496,3196.9,"void at::native::reduce_kernel<(int)512, (int)1, at::native::ReduceOp<bool, at::native::func_wrapper_t<bool, at::native::and_kernel_cuda(at::TensorIterator &)::[lambda() (instance 1)]::operator ()() const::[lambda() (instance 12)]::operator ()() const::[lambda(bool, bool) (instance 1)]>, unsigned int, bool, (int)4, (int)4>>(T3)"
:stage.process:model.layers.0.mlp.up_proj,PushPop,1950204,1953352,1,445,18479133,41526.1,6112.0,3264,665632,70553.6,"void at::native::elementwise_kernel<(int)128, (int)2, void at::native::gpu_kernel_impl_nocast<at::native::CUDAFunctor_add<float>>(at::TensorIteratorBase &, const T1 &)::[lambda(int) (instance 1)]>(int, T3)"
:stage.process:model.layers.0.mlp.up_proj,PushPop,1950204,1953352,1,1663,18234309,10964.7,9440.0,5408,288384,7645.1,"void at::native::index_elementwise_kernel<(int)128, (int)4, void at::native::gpu_index_kernel<void at::native::index_kernel_impl<at::native::OpaqueType<(int)2>>(at::TensorIteratorBase &, c10::ArrayRef<long>, c10::ArrayRef<long>)::[lambda(char *, const char *, long) (instance 1)]>(at::TensorIteratorBase &, c10::ArrayRef<long>, c10::ArrayRef<long>, const T1 &, bool)::[lambda(int) (instance 1)]>(long, T3)"
:stage.process:model.layers.0.mlp.up_proj,PushPop,1950204,1953352,1,130,16294146,125339.6,123824.0,5472,241888,68954.0,"void gemmSN_NN_kernel<float, (int)128, (int)2, (int)4, (int)8, (int)4, (int)4, (bool)0, cublasGemvTensorStridedBatched<const float>, cublasGemvTensorStridedBatched<const float>, cublasGemvTensorStridedBatched<float>>(cublasGemmSmallNParams<T9, T10, T11, T1>)"
:stage.process:model.layers.0.mlp.up_proj,PushPop,1950204,1953352,1,2046,15999646,7820.0,7488.0,3936,9920,1177.6,"void at::native::reduce_kernel<(int)512, (int)1, at::native::ReduceOp<float, at::native::func_wrapper_t<float, at::native::MaxNanFunctor<float>>, unsigned int, float, (int)4, (int)4>>(T3)"
:stage.process:model.layers.0.mlp.up_proj,PushPop,1950204,1953352,1,1917,13460387,7021.6,6944.0,4448,33728,797.1,"void at::native::index_elementwise_kernel<(int)128, (int)4, void at::native::gpu_index_kernel<void at::native::index_put_kernel_impl<at::native::OpaqueType<(int)4>>(at::TensorIterator &, c10::ArrayRef<long>, c10::ArrayRef<long>)::[lambda(char *, const char *, long) (instance 1)]>(at::TensorIteratorBase &, c10::ArrayRef<long>, c10::ArrayRef<long>, const T1 &, bool)::[lambda(int) (instance 1)]>(long, T3)"
:stage.process:model.layers.0.mlp.up_proj,PushPop,1950204,1953352,1,4,12927149,3231787.3,3231555.5,3231395,3232643,580.8,ampere_sgemm_128x64_nt
:stage.process:model.layers.0.mlp.up_proj,PushPop,1950204,1953352,1,1,12697358,12697358.0,12697358.0,12697358,12697358,0.0,ampere_sgemm_128x64_tn
:stage.process:model.layers.0.mlp.up_proj,PushPop,1950204,1953352,1,4,11402554,2850638.5,1590911.5,923999,7296732,3029738.1,"void kernel<getrf_wo_pivot_params_<float, (int)0, (int)256, (int)1, (int)64, (int)64, (int)68, (int)8, (int)1, (int)1>>(int, int, void *, int, void *, int, int, int, int, int, int *)"
:stage.process:model.layers.0.mlp.up_proj,PushPop,1950204,1953352,1,3068,10749543,3503.8,3872.0,2112,10976,1042.9,"<unnamed>::qvq_half2_codebook_norm_pack_kernel(const __half *, unsigned long *, int)"
:stage.process:model.layers.0.mlp.up_proj,PushPop,1950204,1953352,1,4122,10477631,2541.9,2272.0,1664,254560,7155.5,"void at::native::vectorized_elementwise_kernel<(int)4, at::native::AbsFunctor<float>, std::array<char *, (unsigned long)2>>(int, T2, T3)"
:stage.process:model.layers.0.mlp.up_proj,PushPop,1950204,1953352,1,1278,9242082,7231.7,7136.0,4896,8800,377.6,"void at::native::index_elementwise_kernel<(int)128, (int)4, void at::native::gpu_index_kernel<void at::native::index_put_kernel_impl<at::native::OpaqueType<(int)8>>(at::TensorIterator &, c10::ArrayRef<long>, c10::ArrayRef<long>)::[lambda(char *, const char *, long) (instance 1)]>(at::TensorIteratorBase &, c10::ArrayRef<long>, c10::ArrayRef<long>, const T1 &, bool)::[lambda(int) (instance 1)]>(long, T3)"
:stage.process:model.layers.0.mlp.up_proj,PushPop,1950204,1953352,1,2,7140225,3570112.5,3570112.5,3370656,3769569,282074.1,void cutlass::Kernel2<cutlass_80_simt_sgemm_128x32_8x5_nt_align1>(T1::Params)
:stage.process:model.layers.0.mlp.up_proj,PushPop,1950204,1953352,1,1543,6803076,4409.0,4224.0,3072,76960,2988.1,"void at::native::unrolled_elementwise_kernel<at::native::direct_copy_kernel_cuda(at::TensorIteratorBase &)::[lambda() (instance 3)]::operator ()() const::[lambda() (instance 7)]::operator ()() const::[lambda(float) (instance 1)], std::array<char *, (unsigned long)2>, (int)4, TrivialOffsetCalculator<(int)1, unsigned int>, TrivialOffsetCalculator<(int)1, unsigned int>, at::native::memory::LoadWithCast<(int)1>, at::native::memory::StoreWithCast<(int)1>>(int, T1, T2, T4, T5, T6, T7)"
:stage.process:model.layers.0.mlp.up_proj,PushPop,1950204,1953352,1,2846,6737694,2367.4,2240.0,1760,98208,3290.6,"void at::native::vectorized_elementwise_kernel<(int)4, at::native::BinaryFunctor<bool, bool, bool, at::native::binary_internal::MulFunctor<bool>>, std::array<char *, (unsigned long)3>>(int, T2, T3)"
:stage.process:model.layers.0.mlp.up_proj,PushPop,1950204,1953352,1,762,6436061,8446.3,8192.0,7840,10496,695.4,"void batch_trsm_left_kernel<float, (int)64, (int)4, (int)3, (bool)0, (bool)0, (bool)1>(cublasTrsmBatchParams2<T1>, T1, const T1 *, int)"
:stage.process:model.layers.0.mlp.up_proj,PushPop,1950204,1953352,1,770,6149565,7986.4,8000.0,7424,8512,235.3,"void at::native::reduce_kernel<(int)512, (int)1, at::native::ReduceOp<c10::Half, at::native::func_wrapper_t<c10::Half, at::native::MaxNanFunctor<c10::Half>>, unsigned int, c10::Half, (int)4, (int)4>>(T3)"
:stage.process:model.layers.0.mlp.up_proj,PushPop,1950204,1953352,1,1663,5818179,3498.6,3424.0,2496,112800,2717.0,"void at::native::elementwise_kernel<(int)128, (int)2, void at::native::gpu_kernel_impl_nocast<at::native::direct_copy_kernel_cuda(at::TensorIteratorBase &)::[lambda() (instance 3)]::operator ()() const::[lambda() (instance 4)]::operator ()() const::[lambda(long) (instance 1)]>(at::TensorIteratorBase &, const T1 &)::[lambda(int) (instance 1)]>(int, T3)"
:stage.process:model.layers.0.mlp.up_proj,PushPop,1950204,1953352,1,2077,5503998,2650.0,2272.0,1568,163648,6709.2,"void at::native::vectorized_elementwise_kernel<(int)4, at::native::BinaryFunctor<float, float, bool, at::native::<unnamed>::CompareEqFunctor<float>>, std::array<char *, (unsigned long)3>>(int, T2, T3)"
:stage.process:model.layers.0.mlp.up_proj,PushPop,1950204,1953352,1,2558,5439971,2126.7,2080.0,1600,5216,225.5,"void at::native::vectorized_elementwise_kernel<(int)4, at::native::BinaryFunctor<bool, bool, bool, at::native::logical_or_kernel_cuda(at::TensorIterator &)::[lambda() (instance 2)]::operator ()() const::[lambda() (instance 9)]::operator ()() const::[lambda(bool, bool) (instance 1)]>, std::array<char *, (unsigned long)3>>(int, T2, T3)"
:stage.process:model.layers.0.mlp.up_proj,PushPop,1950204,1953352,1,2076,5388513,2595.6,2272.0,1568,164864,6648.9,"void at::native::vectorized_elementwise_kernel<(int)4, at::native::AUnaryFunctor<float, float, bool, at::native::<unnamed>::CompareEqFunctor<float>>, std::array<char *, (unsigned long)2>>(int, T2, T3)"
:stage.process:model.layers.0.mlp.up_proj,PushPop,1950204,1953352,1,1532,5266210,3437.5,3360.0,2016,5056,563.3,"void at::native::elementwise_kernel<(int)128, (int)2, void at::native::gpu_kernel_impl_nocast<at::native::AUnaryFunctor<long, long, long, at::native::BitwiseAndFunctor<long>>>(at::TensorIteratorBase &, const T1 &)::[lambda(int) (instance 1)]>(int, T3)"
:stage.process:model.layers.0.mlp.up_proj,PushPop,1950204,1953352,1,639,5138849,8042.0,8128.0,5728,14016,527.5,"void at::native::index_elementwise_kernel<(int)128, (int)4, void at::native::gpu_index_kernel<void at::native::index_kernel_impl<at::native::OpaqueType<(int)4>>(at::TensorIteratorBase &, c10::ArrayRef<long>, c10::ArrayRef<long>)::[lambda(char *, const char *, long) (instance 1)]>(at::TensorIteratorBase &, c10::ArrayRef<long>, c10::ArrayRef<long>, const T1 &, bool)::[lambda(int) (instance 1)]>(long, T3)"
:stage.process:model.layers.0.mlp.up_proj,PushPop,1950204,1953352,1,55,4732063,86037.5,69632.0,17504,139296,45385.4,void cutlass::Kernel2<cutlass_80_simt_sgemm_128x32_8x5_nn_align1>(T1::Params)
:stage.process:model.layers.0.mlp.up_proj,PushPop,1950204,1953352,1,1278,4591522,3592.7,3424.0,2176,5568,592.6,"<unnamed>::qvq_yaqa_feedback_epilogue_kernel(const float *, const float *, const float *, const float *, const float *, float *, int, int, int, int, int)"
:stage.process:model.layers.0.mlp.up_proj,PushPop,1950204,1953352,1,1534,4578754,2984.8,2784.0,2272,5728,713.5,"void at::native::roll_cuda_kernel<float>(const T1 *, T1 *, long, long, long, long, long, long)"
:stage.process:model.layers.0.mlp.up_proj,PushPop,1950204,1953352,1,639,4387682,6866.5,7040.0,3488,8000,623.1,"void at::native::index_elementwise_kernel<(int)128, (int)4, void at::native::gpu_index_kernel<void at::native::index_put_kernel_impl<at::native::OpaqueType<(int)1>>(at::TensorIterator &, c10::ArrayRef<long>, c10::ArrayRef<long>)::[lambda(char *, const char *, long) (instance 1)]>(at::TensorIteratorBase &, c10::ArrayRef<long>, c10::ArrayRef<long>, const T1 &, bool)::[lambda(int) (instance 1)]>(long, T3)"
:stage.process:model.layers.0.mlp.up_proj,PushPop,1950204,1953352,1,789,3644545,4619.2,2176.0,1888,192928,15204.8,"void at::native::vectorized_elementwise_kernel<(int)4, at::native::CUDAFunctor_add<float>, std::array<char *, (unsigned long)3>>(int, T2, T3)"
:stage.process:model.layers.0.mlp.up_proj,PushPop,1950204,1953352,1,1,3429310,3429310.0,3429310.0,3429310,3429310,0.0,ampere_sgemm_128x64_lower_nt
:stage.process:model.layers.0.mlp.up_proj,PushPop,1950204,1953352,1,1792,3409440,1902.6,1920.0,1568,4544,182.2,"void at::native::vectorized_elementwise_kernel<(int)4, void at::native::compare_scalar_kernel<float>(at::TensorIteratorBase &, at::native::<unnamed>::OpType, T1)::[lambda(float) (instance 1)], std::array<char *, (unsigned long)2>>(int, T2, T3)"
:stage.process:model.layers.0.mlp.up_proj,PushPop,1950204,1953352,1,1540,3384415,2197.7,2144.0,1952,4064,149.5,"void at::native::vectorized_elementwise_kernel<(int)4, at::native::AbsFunctor<c10::Half>, std::array<char *, (unsigned long)2>>(int, T2, T3)"
:stage.process:model.layers.0.mlp.up_proj,PushPop,1950204,1953352,1,770,3103423,4030.4,4032.0,3968,8736,211.5,ampere_sgemm_32x128_nt
:stage.process:model.layers.0.mlp.up_proj,PushPop,1950204,1953352,1,1278,2907745,2275.2,2240.0,1440,75360,2052.1,"<unnamed>::qvq_yaqa_grouped_pointers_kernel(const float *, const float *, float *, float **, float **, float **, int, int, int, int, int, int)"
:stage.process:model.layers.0.mlp.up_proj,PushPop,1950204,1953352,1,775,2807394,3622.4,3392.0,1792,51840,2793.0,"void at::native::unrolled_elementwise_kernel<at::native::direct_copy_kernel_cuda(at::TensorIteratorBase &)::[lambda() (instance 3)]::operator ()() const::[lambda() (instance 4)]::operator ()() const::[lambda(long) (instance 1)], std::array<char *, (unsigned long)2>, (int)4, TrivialOffsetCalculator<(int)1, unsigned int>, TrivialOffsetCalculator<(int)1, unsigned int>, at::native::memory::LoadWithCast<(int)1>, at::native::memory::StoreWithCast<(int)1>>(int, T1, T2, T4, T5, T6, T7)"
:stage.process:model.layers.0.mlp.up_proj,PushPop,1950204,1953352,1,1278,2752610,2153.8,2112.0,1632,3776,223.7,"void at::native::vectorized_elementwise_kernel<(int)4, at::native::bitwise_not_kernel_cuda(at::TensorIteratorBase &)::[lambda(bool) (instance 1)], std::array<char *, (unsigned long)2>>(int, T2, T3)"
:stage.process:model.layers.0.mlp.up_proj,PushPop,1950204,1953352,1,3,2605924,868641.3,1298562.0,8672,1298690,744755.3,"void at::native::reduce_kernel<(int)512, (int)1, at::native::ReduceOp<long, at::native::func_wrapper_t<long, at::native::sum_functor<long, long, long>::operator ()(at::TensorIterator &)::[lambda(long, long) (instance 1)]>, unsigned int, long, (int)4, (int)4>>(T3)"
:stage.process:model.layers.0.mlp.up_proj,PushPop,1950204,1953352,1,1278,2522689,1973.9,1952.0,1440,2912,130.2,"<unnamed>::qvq_yaqa_update_grouped_pointers_kernel(float *, float *, const float *, const float *, const float *, float **, float **, float **, int, int, int, int, int, int)"
:stage.process:model.layers.0.mlp.up_proj,PushPop,1950204,1953352,1,11,2465250,224113.6,65120.0,5536,1025921,396449.7,"void at::native::vectorized_elementwise_kernel<(int)2, at::native::AUnaryFunctor<long, long, long, at::native::BitwiseAndFunctor<long>>, std::array<char *, (unsigned long)2>>(int, T2, T3)"
:stage.process:model.layers.0.mlp.up_proj,PushPop,1950204,1953352,1,4,2172610,543152.5,559568.5,5024,1048449,583938.8,"void at::native::elementwise_kernel<(int)128, (int)2, void at::native::gpu_kernel_impl_nocast<at::native::BinaryFunctor<long, long, long, at::native::lshift_kernel_cuda(at::TensorIteratorBase &)::[lambda() (instance 1)]::operator ()() const::[lambda() (instance 4)]::operator ()() const::[lambda(long, long) (instance 1)]>>(at::TensorIteratorBase &, const T1 &)::[lambda(int) (instance 1)]>(int, T3)"
:stage.process:model.layers.0.mlp.up_proj,PushPop,1950204,1953352,1,4,2165986,541496.5,541440.5,40736,1042369,578136.1,"void at::native::elementwise_kernel<(int)128, (int)2, void at::native::gpu_kernel_impl_nocast<at::native::BinaryFunctor<long, long, long, at::native::rshift_kernel_cuda(at::TensorIteratorBase &)::[lambda() (instance 1)]::operator ()() const::[lambda() (instance 4)]::operator ()() const::[lambda(long, long) (instance 1)]>>(at::TensorIteratorBase &, const T1 &)::[lambda(int) (instance 1)]>(int, T3)"
:stage.process:model.layers.0.mlp.up_proj,PushPop,1950204,1953352,1,1548,2106815,1361.0,1376.0,1248,2208,70.7,"void <unnamed>::elementwise_kernel_with_index<int, at::native::arange_cuda_out(const c10::Scalar &, const c10::Scalar &, const c10::Scalar &, at::Tensor &)::[lambda() (instance 1)]::operator ()() const::[lambda() (instance 4)]::operator ()() const::[lambda(long) (instance 1)]>(T1, T2, function_traits<T2>::result_type *)"
:stage.process:model.layers.0.mlp.up_proj,PushPop,1950204,1953352,1,3,1881026,627008.7,903489.0,73056,904481,479737.3,"void at::native::index_elementwise_kernel<(int)128, (int)4, void at::native::gpu_index_kernel<void at::native::index_kernel_impl<at::native::OpaqueType<(int)8>>(at::TensorIteratorBase &, c10::ArrayRef<long>, c10::ArrayRef<long>)::[lambda(char *, const char *, long) (instance 1)]>(at::TensorIteratorBase &, c10::ArrayRef<long>, c10::ArrayRef<long>, const T1 &, bool)::[lambda(int) (instance 1)]>(long, T3)"
:stage.process:model.layers.0.mlp.up_proj,PushPop,1950204,1953352,1,782,1767840,2260.7,1856.0,1696,46560,3876.0,"void at::native::vectorized_elementwise_kernel<(int)4, void at::native::compare_scalar_kernel<long>(at::TensorIteratorBase &, at::native::<unnamed>::OpType, T1)::[lambda(long) (instance 1)], std::array<char *, (unsigned long)2>>(int, T2, T3)"
:stage.process:model.layers.0.mlp.up_proj,PushPop,1950204,1953352,1,770,1750655,2273.6,2272.0,1760,2368,42.2,"void at::native::vectorized_elementwise_kernel<(int)4, at::native::BinaryFunctor<c10::Half, c10::Half, bool, at::native::<unnamed>::CompareEqFunctor<c10::Half>>, std::array<char *, (unsigned long)3>>(int, T2, T3)"
:stage.process:model.layers.0.mlp.up_proj,PushPop,1950204,1953352,1,770,1735871,2254.4,2240.0,1760,2336,36.0,"void at::native::vectorized_elementwise_kernel<(int)4, at::native::AUnaryFunctor<c10::Half, c10::Half, bool, at::native::<unnamed>::CompareEqFunctor<c10::Half>>, std::array<char *, (unsigned long)2>>(int, T2, T3)"
:stage.process:model.layers.0.mlp.up_proj,PushPop,1950204,1953352,1,10,1606593,160659.3,80192.0,3680,662465,204842.1,"void at::native::elementwise_kernel<(int)128, (int)2, void at::native::gpu_kernel_impl_nocast<at::native::BinaryFunctor<float, float, float, at::native::binary_internal::MulFunctor<float>>>(at::TensorIteratorBase &, const T1 &)::[lambda(int) (instance 1)]>(int, T3)"
:stage.process:model.layers.0.mlp.up_proj,PushPop,1950204,1953352,1,512,1386367,2707.7,2656.0,2528,2944,115.3,"void at::native::unrolled_elementwise_kernel<at::native::BinaryFunctor<float, float, float, at::native::maximum_kernel_cuda(at::TensorIteratorBase &)::[lambda() (instance 2)]::operator ()() const::[lambda() (instance 2)]::operator ()() const::[lambda(float, float) (instance 1)]>, std::array<char *, (unsigned long)3>, (int)4, TrivialOffsetCalculator<(int)2, unsigned int>, TrivialOffsetCalculator<(int)1, unsigned int>, at::native::memory::LoadWithCast<(int)2>, at::native::memory::StoreWithCast<(int)1>>(int, T1, T2, T4, T5, T6, T7)"
:stage.process:model.layers.0.mlp.up_proj,PushPop,1950204,1953352,1,45,1386048,30801.1,32544.0,6624,56064,15960.8,"void gemmSN_NN_kernel<float, (int)256, (int)4, (int)2, (int)8, (int)4, (int)4, (bool)0, cublasGemvTensorStridedBatched<const float>, cublasGemvTensorStridedBatched<const float>, cublasGemvTensorStridedBatched<float>>(cublasGemmSmallNParams<T9, T10, T11, T1>)"
:stage.process:model.layers.0.mlp.up_proj,PushPop,1950204,1953352,1,4,1291264,322816.0,322640.0,318400,327584,3861.5,"std::enable_if<!T7, void>::type internal::gemvx::kernel<int, int, float, float, float, float, (bool)0, (bool)1, (bool)1, (bool)0, (int)7, (bool)0, cublasGemvParamsEx<int, cublasGemvTensorStridedBatched<const float>, cublasGemvTensorStridedBatched<const float>, cublasGemvTensorStridedBatched<float>, float>>(T13)"
:stage.process:model.layers.0.mlp.up_proj,PushPop,1950204,1953352,1,641,1215488,1896.2,1792.0,1632,29824,1552.2,"void at::native::vectorized_elementwise_kernel<(int)2, at::native::FillFunctor<long>, std::array<char *, (unsigned long)1>>(int, T2, T3)"
:stage.process:model.layers.0.mlp.up_proj,PushPop,1950204,1953352,1,256,1198784,4682.8,4720.0,4064,5376,530.6,"void at::native::elementwise_kernel<(int)128, (int)4, void at::native::gpu_kernel_impl_nocast<at::native::direct_copy_kernel_cuda(at::TensorIteratorBase &)::[lambda() (instance 3)]::operator ()() const::[lambda() (instance 10)]::operator ()() const::[lambda(c10::Half) (instance 1)]>(at::TensorIteratorBase &, const T1 &)::[lambda(int) (instance 1)]>(int, T3)"
:stage.process:model.layers.0.mlp.up_proj,PushPop,1950204,1953352,1,26,1146144,44082.5,44832.0,35616,50656,4706.5,ampere_sgemm_128x32_nn
:stage.process:model.layers.0.mlp.up_proj,PushPop,1950204,1953352,1,264,963999,3651.5,3424.0,3200,15072,1458.7,"void at::native::reduce_kernel<(int)512, (int)1, at::native::ReduceOp<bool, at::native::func_wrapper_t<bool, at::native::or_kernel_cuda(at::TensorIterator &)::[lambda() (instance 1)]::operator ()() const::[lambda() (instance 12)]::operator ()() const::[lambda(bool, bool) (instance 1)]>, unsigned int, bool, (int)4, (int)4>>(T3)"
:stage.process:model.layers.0.mlp.up_proj,PushPop,1950204,1953352,1,3,927519,309173.0,45888.0,45568,836063,456300.2,"void at::native::triu_tril_kernel<float, int, (bool)0, (int)2, (bool)1>(at::cuda::detail::TensorInfo<T1, T2>, at::cuda::detail::TensorInfo<const T1, T2>, long, long, T2)"
:stage.process:model.layers.0.mlp.up_proj,PushPop,1950204,1953352,1,9,808320,89813.3,66656.0,1952,257920,99049.2,"void at::native::vectorized_elementwise_kernel<(int)4, at::native::BUnaryFunctor<float, float, float, at::native::binary_internal::MulFunctor<float>>, std::array<char *, (unsigned long)2>>(int, T2, T3)"
:stage.process:model.layers.0.mlp.up_proj,PushPop,1950204,1953352,1,9,783200,87022.2,86528.0,86240,89504,1028.6,"void at::native::vectorized_elementwise_kernel<(int)4, at::native::BinaryFunctor<float, float, float, at::native::binary_internal::MulFunctor<float>>, std::array<char *, (unsigned long)3>>(int, T2, T3)"
:stage.process:model.layers.0.mlp.up_proj,PushPop,1950204,1953352,1,128,761951,5952.7,5952.0,5664,6336,142.0,"void at::native::unrolled_elementwise_kernel<at::native::CUDAFunctor_add<float>, std::array<char *, (unsigned long)3>, (int)4, TrivialOffsetCalculator<(int)2, unsigned int>, TrivialOffsetCalculator<(int)1, unsigned int>, at::native::memory::LoadWithCast<(int)2>, at::native::memory::StoreWithCast<(int)1>>(int, T1, T2, T4, T5, T6, T7)"
:stage.process:model.layers.0.mlp.up_proj,PushPop,1950204,1953352,1,129,593888,4603.8,4480.0,4384,20768,1434.9,"void at::native::elementwise_kernel<(int)128, (int)4, void at::native::gpu_kernel_impl_nocast<at::native::direct_copy_kernel_cuda(at::TensorIteratorBase &)::[lambda() (instance 3)]::operator ()() const::[lambda() (instance 1)]::operator ()() const::[lambda(unsigned char) (instance 1)]>(at::TensorIteratorBase &, const T1 &)::[lambda(int) (instance 1)]>(int, T3)"
:stage.process:model.layers.0.mlp.up_proj,PushPop,1950204,1953352,1,10,578752,57875.2,47024.0,46720,155008,34131.0,"void at::native::reduce_kernel<(int)512, (int)1, at::native::ReduceOp<float, at::native::func_wrapper_t<float, at::native::sum_functor<float, float, float>::operator ()(at::TensorIterator &)::[lambda(float, float) (instance 1)]>, unsigned int, float, (int)4, (int)4>>(T3)"
:stage.process:model.layers.0.mlp.up_proj,PushPop,1950204,1953352,1,263,536191,2038.7,1888.0,1856,13664,1251.5,"void at::native::vectorized_elementwise_kernel<(int)4, at::native::BinaryFunctor<bool, bool, bool, at::native::BitwiseOrFunctor<bool>>, std::array<char *, (unsigned long)3>>(int, T2, T3)"
:stage.process:model.layers.0.mlp.up_proj,PushPop,1950204,1953352,1,132,527712,3997.8,1952.0,1824,71680,11617.4,"void at::native::vectorized_elementwise_kernel<(int)4, at::native::BinaryFunctor<long, long, bool, at::native::<unnamed>::CompareEqFunctor<long>>, std::array<char *, (unsigned long)3>>(int, T2, T3)"
:stage.process:model.layers.0.mlp.up_proj,PushPop,1950204,1953352,1,13,495712,38131.7,8384.0,1440,113056,44850.5,"void at::native::vectorized_elementwise_kernel<(int)4, at::native::FillFunctor<float>, std::array<char *, (unsigned long)1>>(int, T2, T3)"
:stage.process:model.layers.0.mlp.up_proj,PushPop,1950204,1953352,1,128,413440,3230.0,3232.0,3200,3296,18.3,"void at::native::elementwise_kernel<(int)128, (int)2, void at::native::gpu_kernel_impl_nocast<at::native::BUnaryFunctor<long, long, long, at::native::rshift_kernel_cuda(at::TensorIteratorBase &)::[lambda() (instance 1)]::operator ()() const::[lambda() (instance 4)]::operator ()() const::[lambda(long, long) (instance 1)]>>(at::TensorIteratorBase &, const T1 &)::[lambda(int) (instance 1)]>(int, T3)"
:stage.process:model.layers.0.mlp.up_proj,PushPop,1950204,1953352,1,1,340481,340481.0,340481.0,340481,340481,0.0,"void at::native::<unnamed>::CatArrayBatchedCopy_alignedK_contig<at::native::<unnamed>::OpaqueType<(unsigned int)8>, unsigned int, (int)3, (int)128, (int)1, (int)16>(T1 *, at::native::<unnamed>::CatArrInputTensorMetadata<T1, T2, T4, T5>, at::native::<unnamed>::TensorSizeStride<T2, (unsigned int)4>, int, T2)"
:stage.process:model.layers.0.mlp.up_proj,PushPop,1950204,1953352,1,58,324097,5587.9,5168.0,3392,16064,2994.2,"void cublasLt::splitKreduce_kernel<(int)32, (int)16, int, float, float, float, float, (bool)0, float, float, float, (bool)1, (bool)0, (bool)0, (bool)0>(cublasLt::cublasSplitKParams<T6>, const T4 *, const T10 *, T9 *, T5 *, const T6 *, const T6 *, const T11 *, const T4 *, T11 *, void *, long, T6 *, int *, T6 *, T6 *, const T6 *, const T6 *, const T6 *, const T6 *, const T6 *)"
:stage.process:model.layers.0.mlp.up_proj,PushPop,1950204,1953352,1,3,297249,99083.0,100224.0,95136,101889,3518.1,"void at::native::vectorized_elementwise_kernel<(int)2, at::native::BinaryFunctor<long, long, long, at::native::BitwiseXorFunctor<long>>, std::array<char *, (unsigned long)3>>(int, T2, T3)"
:stage.process:model.layers.0.mlp.up_proj,PushPop,1950204,1953352,1,6,271584,45264.0,1776.0,1568,252768,101740.5,"void at::native::vectorized_elementwise_kernel<(int)4, at::native::AUnaryFunctor<float, float, float, at::native::binary_internal::MulFunctor<float>>, std::array<char *, (unsigned long)2>>(int, T2, T3)"
:stage.process:model.layers.0.mlp.up_proj,PushPop,1950204,1953352,1,4,261057,65264.3,65152.0,59873,70880,4681.4,"void at::native::vectorized_elementwise_kernel<(int)2, at::native::BUnaryFunctor<long, long, long, at::native::rshift_kernel_cuda(at::TensorIteratorBase &)::[lambda() (instance 1)]::operator ()() const::[lambda() (instance 4)]::operator ()() const::[lambda(long, long) (instance 1)]>, std::array<char *, (unsigned long)2>>(int, T2, T3)"
:stage.process:model.layers.0.mlp.up_proj,PushPop,1950204,1953352,1,10,209664,20966.4,20800.0,20704,21856,408.6,"void at::native::<unnamed>::CatArrayBatchedCopy<at::native::<unnamed>::OpaqueType<(unsigned int)4>, unsigned int, (int)2, (int)64, (int)64>(T1 *, at::native::<unnamed>::CatArrInputTensorMetadata<T1, T2, T4, T5>, at::native::<unnamed>::TensorSizeStride<T2, (unsigned int)4>, int, T2)"
:stage.process:model.layers.0.mlp.up_proj,PushPop,1950204,1953352,1,2,200449,100224.5,100224.5,99904,100545,453.3,"void at::native::vectorized_elementwise_kernel<(int)2, at::native::BinaryFunctor<long, long, long, at::native::BitwiseOrFunctor<long>>, std::array<char *, (unsigned long)3>>(int, T2, T3)"
:stage.process:model.layers.0.mlp.up_proj,PushPop,1950204,1953352,1,10,148928,14892.8,7296.0,4096,49184,13913.7,"void at::native::reduce_kernel<(int)512, (int)1, at::native::ReduceOp<float, at::native::MeanOps<float, float, float, float>, unsigned int, float, (int)4, (int)4>>(T3)"
:stage.process:model.layers.0.mlp.up_proj,PushPop,1950204,1953352,1,6,133344,22224.0,22160.0,16224,28448,6550.7,"void trsm_batch_left_upper_kernel_small<float, (int)16, (int)16, (int)64>(cublasTrsmBatchParams<T1>, const T1 *const *, T1 *const *, const T1 *, T1)"
:stage.process:model.layers.0.mlp.up_proj,PushPop,1950204,1953352,1,2,128480,64240.0,64240.0,64128,64352,158.4,"void at::native::vectorized_elementwise_kernel<(int)2, at::native::BUnaryFunctor<long, long, long, at::native::lshift_kernel_cuda(at::TensorIteratorBase &)::[lambda() (instance 1)]::operator ()() const::[lambda() (instance 4)]::operator ()() const::[lambda(long, long) (instance 1)]>, std::array<char *, (unsigned long)2>>(int, T2, T3)"
:stage.process:model.layers.0.mlp.up_proj,PushPop,1950204,1953352,1,3,114528,38176.0,54368.0,5568,54592,28239.6,"void at::native::unrolled_elementwise_kernel<at::native::direct_copy_kernel_cuda(at::TensorIteratorBase &)::[lambda() (instance 3)]::operator ()() const::[lambda() (instance 3)]::operator ()() const::[lambda(int) (instance 1)], std::array<char *, (unsigned long)2>, (int)4, TrivialOffsetCalculator<(int)1, unsigned int>, TrivialOffsetCalculator<(int)1, unsigned int>, at::native::memory::LoadWithCast<(int)1>, at::native::memory::StoreWithCast<(int)1>>(int, T1, T2, T4, T5, T6, T7)"
:stage.process:model.layers.0.mlp.up_proj,PushPop,1950204,1953352,1,5,77152,15430.4,1792.0,1600,70304,30675.4,"void at::native::vectorized_elementwise_kernel<(int)2, at::native::CUDAFunctorOnSelf_add<long>, std::array<char *, (unsigned long)2>>(int, T2, T3)"
:stage.process:model.layers.0.mlp.up_proj,PushPop,1950204,1953352,1,1,73536,73536.0,73536.0,73536,73536,0.0,"void at::native::elementwise_kernel<(int)128, (int)2, void at::native::gpu_kernel_impl_nocast<at::native::BinaryFunctor<float, float, float, at::native::binary_internal::DivFunctor<float>>>(at::TensorIteratorBase &, const T1 &)::[lambda(int) (instance 1)]>(int, T3)"
:stage.process:model.layers.0.mlp.up_proj,PushPop,1950204,1953352,1,6,70816,11802.7,2016.0,1664,61408,24302.1,"void at::native::vectorized_elementwise_kernel<(int)2, at::native::AUnaryFunctor<long, long, long, at::native::binary_internal::MulFunctor<long>>, std::array<char *, (unsigned long)2>>(int, T2, T3)"
:stage.process:model.layers.0.mlp.up_proj,PushPop,1950204,1953352,1,1,60352,60352.0,60352.0,60352,60352,0.0,"void at::native::vectorized_elementwise_kernel<(int)4, void at::native::<unnamed>::pow_tensor_scalar_kernel_impl<float, float>(at::TensorIteratorBase &, T2)::[lambda(float) (instance 1)], std::array<char *, (unsigned long)2>>(int, T2, T3)"
:stage.process:model.layers.0.mlp.up_proj,PushPop,1950204,1953352,1,1,51904,51904.0,51904.0,51904,51904,0.0,"void at::native::reduce_kernel<(int)128, (int)4, at::native::ReduceOp<long, at::native::func_wrapper_t<long, at::native::sum_functor<long, long, long>::operator ()(at::TensorIterator &)::[lambda(long, long) (instance 1)]>, unsigned int, long, (int)4, (int)4>>(T3)"
:stage.process:model.layers.0.mlp.up_proj,PushPop,1950204,1953352,1,1,45664,45664.0,45664.0,45664,45664,0.0,"void at::native::vectorized_elementwise_kernel<(int)4, at::native::float16_copy_kernel_cuda(at::TensorIteratorBase &)::[lambda(float) (instance 1)], std::array<char *, (unsigned long)2>>(int, T2, T3)"
:stage.process:model.layers.0.mlp.up_proj,PushPop,1950204,1953352,1,3,27936,9312.0,10272.0,7008,10656,2004.5,"void at::native::elementwise_kernel<(int)128, (int)2, void at::native::gpu_kernel_impl_nocast<at::native::direct_copy_kernel_cuda(at::TensorIteratorBase &)::[lambda() (instance 3)]::operator ()() const::[lambda() (instance 3)]::operator ()() const::[lambda(int) (instance 1)]>(at::TensorIteratorBase &, const T1 &)::[lambda(int) (instance 1)]>(int, T3)"
:stage.process:model.layers.0.mlp.up_proj,PushPop,1950204,1953352,1,6,26368,4394.7,4800.0,3360,5056,814.3,"void at::native::elementwise_kernel<(int)128, (int)2, void at::native::gpu_kernel_impl_nocast<at::native::CUDAFunctorOnSelf_add<float>>(at::TensorIteratorBase &, const T1 &)::[lambda(int) (instance 1)]>(int, T3)"
:stage.process:model.layers.0.mlp.up_proj,PushPop,1950204,1953352,1,4,14144,3536.0,3520.0,3328,3776,211.5,"void at::native::vectorized_elementwise_kernel<(int)2, at::native::BUnaryFunctor<long, long, long, at::native::remainder_kernel_cuda(at::TensorIteratorBase &)::[lambda() (instance 1)]::operator ()() const::[lambda() (instance 4)]::operator ()() const::[lambda(long, long) (instance 1)]>, std::array<char *, (unsigned long)2>>(int, T2, T3)"
:stage.process:model.layers.0.mlp.up_proj,PushPop,1950204,1953352,1,6,12704,2117.3,2048.0,1920,2464,220.2,"void at::native::vectorized_elementwise_kernel<(int)4, at::native::<unnamed>::CompareFunctor<float>, std::array<char *, (unsigned long)3>>(int, T2, T3)"
:stage.process:model.layers.0.mlp.up_proj,PushPop,1950204,1953352,1,3,11648,3882.7,4096.0,3424,4128,397.5,"void at::native::unrolled_elementwise_kernel<at::native::direct_copy_kernel_cuda(at::TensorIteratorBase &)::[lambda() (instance 3)]::operator ()() const::[lambda() (instance 1)]::operator ()() const::[lambda(unsigned char) (instance 1)], std::array<char *, (unsigned long)2>, (int)4, TrivialOffsetCalculator<(int)1, unsigned int>, TrivialOffsetCalculator<(int)1, unsigned int>, at::native::memory::LoadWithCast<(int)1>, at::native::memory::StoreWithCast<(int)1>>(int, T1, T2, T4, T5, T6, T7)"
:stage.process:model.layers.0.mlp.up_proj,PushPop,1950204,1953352,1,2,10912,5456.0,5456.0,4960,5952,701.4,"void at::native::<unnamed>::CatArrayBatchedCopy_vectorized<at::native::<unnamed>::OpaqueType<(unsigned int)2>, unsigned int, (int)1, (int)128, (int)1, (int)16, (int)8>(char *, at::native::<unnamed>::CatArrInputTensorMetadata<T1, T2, T4, T5>, at::native::<unnamed>::TensorSizeStride<T2, (unsigned int)4>, int, T2)"
:stage.process:model.layers.0.mlp.up_proj,PushPop,1950204,1953352,1,3,9280,3093.3,3136.0,2976,3168,102.9,"void at::native::vectorized_elementwise_kernel<(int)4, at::native::AUnaryFunctor<unsigned char, unsigned char, bool, at::native::<unnamed>::CompareEqFunctor<unsigned char>>, std::array<char *, (unsigned long)2>>(int, T2, T3)"
:stage.process:model.layers.0.mlp.up_proj,PushPop,1950204,1953352,1,2,8352,4176.0,4176.0,3328,5024,1199.3,"void at::native::elementwise_kernel<(int)128, (int)2, void at::native::gpu_kernel_impl_nocast<at::native::AbsFunctor<float>>(at::TensorIteratorBase &, const T1 &)::[lambda(int) (instance 1)]>(int, T3)"
:stage.process:model.layers.0.mlp.up_proj,PushPop,1950204,1953352,1,1,8192,8192.0,8192.0,8192,8192,0.0,"void at::native::vectorized_elementwise_kernel<(int)4, at::native::AUnaryFunctor<unsigned char, unsigned char, unsigned char, at::native::binary_internal::MulFunctor<unsigned char>>, std::array<char *, (unsigned long)2>>(int, T2, T3)"
:stage.process:model.layers.0.mlp.up_proj,PushPop,1950204,1953352,1,2,7520,3760.0,3760.0,3744,3776,22.6,"void at::native::vectorized_elementwise_kernel<(int)2, at::native::BUnaryFunctor<long, long, long, at::native::binary_internal::div_floor_kernel_cuda(at::TensorIteratorBase &)::[lambda() (instance 1)]::operator ()() const::[lambda() (instance 4)]::operator ()() const::[lambda(long, long) (instance 1)]>, std::array<char *, (unsigned long)2>>(int, T2, T3)"
:stage.process:model.layers.0.mlp.up_proj,PushPop,1950204,1953352,1,3,7136,2378.7,2112.0,2048,2976,518.3,"void at::native::vectorized_elementwise_kernel<(int)4, at::native::FillFunctor<unsigned char>, std::array<char *, (unsigned long)1>>(int, T2, T3)"
:stage.process:model.layers.0.mlp.up_proj,PushPop,1950204,1953352,1,2,6368,3184.0,3184.0,3168,3200,22.6,"void at::native::elementwise_kernel<(int)128, (int)2, void at::native::gpu_kernel_impl_nocast<at::native::CUDAFunctor_add<long>>(at::TensorIteratorBase &, const T1 &)::[lambda(int) (instance 1)]>(int, T3)"
:stage.process:model.layers.0.mlp.up_proj,PushPop,1950204,1953352,1,3,6144,2048.0,2016.0,1920,2208,146.6,"void at::native::vectorized_elementwise_kernel<(int)4, at::native::BinaryFunctor<float, float, float, at::native::maximum_kernel_cuda(at::TensorIteratorBase &)::[lambda() (instance 2)]::operator ()() const::[lambda() (instance 2)]::operator ()() const::[lambda(float, float) (instance 1)]>, std::array<char *, (unsigned long)3>>(int, T2, T3)"
:stage.process:model.layers.0.mlp.up_proj,PushPop,1950204,1953352,1,2,5504,2752.0,2752.0,2560,2944,271.5,"void at::native::<unnamed>::CatArrayBatchedCopy_alignedK_contig<at::native::<unnamed>::OpaqueType<(unsigned int)4>, unsigned int, (int)1, (int)128, (int)1, (int)16>(T1 *, at::native::<unnamed>::CatArrInputTensorMetadata<T1, T2, T4, T5>, at::native::<unnamed>::TensorSizeStride<T2, (unsigned int)4>, int, T2)"
:stage.process:model.layers.0.mlp.up_proj,PushPop,1950204,1953352,1,3,5088,1696.0,1568.0,1536,1984,249.9,"xxtrf4_set_info_ker(int, int *)"
:stage.process:model.layers.0.mlp.up_proj,PushPop,1950204,1953352,1,2,4864,2432.0,2432.0,2368,2496,90.5,"void at::native::vectorized_elementwise_kernel<(int)4, at::native::FillFunctor<bool>, std::array<char *, (unsigned long)1>>(int, T2, T3)"
:stage.process:model.layers.0.mlp.up_proj,PushPop,1950204,1953352,1,2,4736,2368.0,2368.0,2336,2400,45.3,"void at::native::vectorized_elementwise_kernel<(int)2, at::native::CUDAFunctorOnOther_add<long>, std::array<char *, (unsigned long)2>>(int, T2, T3)"
:stage.process:model.layers.0.mlp.up_proj,PushPop,1950204,1953352,1,1,4672,4672.0,4672.0,4672,4672,0.0,"void at::native::reduce_kernel<(int)512, (int)1, at::native::ReduceOp<float, at::native::ArgMinOps<float>, unsigned int, long, (int)4, (int)4>>(T3)"
:stage.process:model.layers.0.mlp.up_proj,PushPop,1950204,1953352,1,2,4608,2304.0,2304.0,1952,2656,497.8,"void at::native::unrolled_elementwise_kernel<at::native::AUnaryFunctor<long, long, long, at::native::BitwiseAndFunctor<long>>, std::array<char *, (unsigned long)2>, (int)4, TrivialOffsetCalculator<(int)1, unsigned int>, TrivialOffsetCalculator<(int)1, unsigned int>, at::native::memory::LoadWithoutCast, at::native::memory::StoreWithoutCast>(int, T1, T2, T4, T5, T6, T7)"
:stage.process:model.layers.0.mlp.up_proj,PushPop,1950204,1953352,1,2,4352,2176.0,2176.0,2048,2304,181.0,"void at::native::vectorized_elementwise_kernel<(int)4, void at::native::compare_scalar_kernel<c10::Half>(at::TensorIteratorBase &, at::native::<unnamed>::OpType, T1)::[lambda(c10::Half) (instance 1)], std::array<char *, (unsigned long)2>>(int, T2, T3)"
:stage.process:model.layers.0.mlp.up_proj,PushPop,1950204,1953352,1,1,3584,3584.0,3584.0,3584,3584,0.0,"void at::native::<unnamed>::CatArrayBatchedCopy_contig<at::native::<unnamed>::OpaqueType<(unsigned int)1>, unsigned int, (int)1, (int)128, (int)1>(T1 *, at::native::<unnamed>::CatArrInputTensorMetadata<T1, T2, T4, T5>, at::native::<unnamed>::TensorSizeStride<T2, (unsigned int)4>, int, T2)"
:stage.process:model.layers.0.mlp.up_proj,PushPop,1950204,1953352,1,1,3361,3361.0,3361.0,3361,3361,0.0,"void at::native::vectorized_elementwise_kernel<(int)4, at::native::BinaryFunctor<unsigned char, unsigned char, bool, at::native::<unnamed>::CompareEqFunctor<unsigned char>>, std::array<char *, (unsigned long)3>>(int, T2, T3)"
:stage.process:model.layers.0.mlp.up_proj,PushPop,1950204,1953352,1,1,2720,2720.0,2720.0,2720,2720,0.0,"void at::native::vectorized_elementwise_kernel<(int)4, at::native::sqrt_kernel_cuda(at::TensorIteratorBase &)::[lambda() (instance 2)]::operator ()() const::[lambda() (instance 2)]::operator ()() const::[lambda(float) (instance 1)], std::array<char *, (unsigned long)2>>(int, T2, T3)"
:stage.process:model.layers.0.mlp.up_proj,PushPop,1950204,1953352,1,1,2304,2304.0,2304.0,2304,2304,0.0,"void at::native::unrolled_elementwise_kernel<at::native::direct_copy_kernel_cuda(at::TensorIteratorBase &)::[lambda() (instance 3)]::operator ()() const::[lambda() (instance 11)]::operator ()() const::[lambda(bool) (instance 1)], std::array<char *, (unsigned long)2>, (int)4, TrivialOffsetCalculator<(int)1, unsigned int>, TrivialOffsetCalculator<(int)1, unsigned int>, at::native::memory::LoadWithCast<(int)1>, at::native::memory::StoreWithCast<(int)1>>(int, T1, T2, T4, T5, T6, T7)"
:stage.process:model.layers.0.mlp.up_proj,PushPop,1950204,1953352,1,1,2272,2272.0,2272.0,2272,2272,0.0,"void at::native::elementwise_kernel<(int)128, (int)2, void at::native::gpu_kernel_impl_nocast<at::native::<unnamed>::where_kernel_impl(at::TensorIterator &)::[lambda() (instance 1)]::operator ()() const::[lambda() (instance 3)]::operator ()() const::[lambda(bool, unsigned int, unsigned int) (instance 1)]>(at::TensorIteratorBase &, const T1 &)::[lambda(int) (instance 1)]>(int, T3)"
:stage.process:model.layers.0.mlp.up_proj,PushPop,1950204,1953352,1,1,2272,2272.0,2272.0,2272,2272,0.0,"void at::native::unrolled_elementwise_kernel<at::native::<unnamed>::CompareFunctor<c10::Half>, std::array<char *, (unsigned long)3>, (int)4, TrivialOffsetCalculator<(int)2, unsigned int>, TrivialOffsetCalculator<(int)1, unsigned int>, at::native::memory::LoadWithoutCast, at::native::memory::StoreWithoutCast>(int, T1, T2, T4, T5, T6, T7)"
:stage.process:model.layers.0.mlp.up_proj,PushPop,1950204,1953352,1,1,1952,1952.0,1952.0,1952,1952,0.0,"void at::native::vectorized_elementwise_kernel<(int)4, at::native::<unnamed>::launch_clamp_scalar(at::TensorIteratorBase &, c10::Scalar, c10::Scalar, at::native::detail::ClampLimits)::[lambda() (instance 1)]::operator ()() const::[lambda() (instance 7)]::operator ()() const::[lambda(float) (instance 1)], std::array<char *, (unsigned long)2>>(int, T2, T3)"
:stage.process:model.layers.0.self_attn.k_proj,PushPop,1950204,1953352,1,9680,1707181626,176361.7,147552.0,132672,299199,59845.9,"void <unnamed>::qvq_v2_segment_grid_kernel<(int)4, (int)2, (int)16, (bool)1, (bool)0, __half, unsigned char>(const float *, const T6 *, const float *, const long *, const float *, const float *, float *, T7 *, unsigned char *, int, int, int, bool, bool)"
:stage.process:model.layers.0.self_attn.k_proj,PushPop,1950204,1953352,1,574,789065465,1374678.5,1376331.0,1354971,1394331,5436.7,"void <unnamed>::qvq_viterbi_kernel<(int)4, (int)2, __half, unsigned char>(const float *, const T3 *, const float *, const long *, const float *, T4 *, long *, float *, int, int, int, bool, bool, bool)"
:stage.process:model.layers.0.self_attn.k_proj,PushPop,1950204,1953352,1,1210,101040148,83504.3,80703.0,67327,102976,9595.9,"void <unnamed>::qvq_v2_segment_grid_finalize_kernel<(int)4, (int)2, (int)16, (bool)0, __half, unsigned char>(const float *, const T5 *, const float *, const long *, const float *, const float *, const T6 *, const unsigned char *, long *, unsigned char *, float *, int, int, bool, bool)"
:stage.process:model.layers.0.self_attn.k_proj,PushPop,1950204,1953352,1,468,30179325,64485.7,70687.0,20864,71775,14750.1,void cutlass::Kernel2<cutlass_80_simt_sgemm_128x32_8x5_nt_align1>(T1::Params)
:stage.process:model.layers.0.self_attn.k_proj,PushPop,1950204,1953352,1,2544,23468595,9225.1,7712.0,3968,18944,4122.1,"void at::native::index_elementwise_kernel<(int)128, (int)4, void at::native::gpu_index_kernel<void at::native::index_kernel_impl<at::native::OpaqueType<(int)4>>(at::TensorIteratorBase &, c10::ArrayRef<long>, c10::ArrayRef<long>)::[lambda(char *, const char *, long) (instance 1)]>(at::TensorIteratorBase &, c10::ArrayRef<long>, c10::ArrayRef<long>, const T1 &, bool)::[lambda(int) (instance 1)]>(long, T3)"
:stage.process:model.layers.0.self_attn.k_proj,PushPop,1950204,1953352,1,2580,13138346,5092.4,4576.0,2656,11552,1559.6,"void at::native::reduce_kernel<(int)512, (int)1, at::native::ReduceOp<bool, at::native::func_wrapper_t<bool, at::native::and_kernel_cuda(at::TensorIterator &)::[lambda() (instance 1)]::operator ()() const::[lambda() (instance 12)]::operator ()() const::[lambda(bool, bool) (instance 1)]>, unsigned int, bool, (int)4, (int)4>>(T3)"
:stage.process:model.layers.0.self_attn.k_proj,PushPop,1950204,1953352,1,1021,8826847,8645.3,8512.0,4480,12768,1780.1,"void at::native::index_elementwise_kernel<(int)128, (int)4, void at::native::gpu_index_kernel<void at::native::index_kernel_impl<at::native::OpaqueType<(int)2>>(at::TensorIteratorBase &, c10::ArrayRef<long>, c10::ArrayRef<long>)::[lambda(char *, const char *, long) (instance 1)]>(at::TensorIteratorBase &, c10::ArrayRef<long>, c10::ArrayRef<long>, const T1 &, bool)::[lambda(int) (instance 1)]>(long, T3)"
:stage.process:model.layers.0.self_attn.k_proj,PushPop,1950204,1953352,1,1272,8262475,6495.7,6592.0,3488,7008,367.7,"void at::native::index_elementwise_kernel<(int)128, (int)4, void at::native::gpu_index_kernel<void at::native::index_put_kernel_impl<at::native::OpaqueType<(int)4>>(at::TensorIterator &, c10::ArrayRef<long>, c10::ArrayRef<long>)::[lambda(char *, const char *, long) (instance 1)]>(at::TensorIteratorBase &, c10::ArrayRef<long>, c10::ArrayRef<long>, const T1 &, bool)::[lambda(int) (instance 1)]>(long, T3)"
:stage.process:model.layers.0.self_attn.k_proj,PushPop,1950204,1953352,1,1404,6452363,4595.7,4640.0,3136,5056,319.5,"void at::native::reduce_kernel<(int)512, (int)1, at::native::ReduceOp<float, at::native::func_wrapper_t<float, at::native::MaxNanFunctor<float>>, unsigned int, float, (int)4, (int)4>>(T3)"
:stage.process:model.layers.0.self_attn.k_proj,PushPop,1950204,1953352,1,772,6421936,8318.6,8367.5,7872,9088,161.8,"void at::native::reduce_kernel<(int)512, (int)1, at::native::ReduceOp<c10::Half, at::native::func_wrapper_t<c10::Half, at::native::MaxNanFunctor<c10::Half>>, unsigned int, c10::Half, (int)4, (int)4>>(T3)"
:stage.process:model.layers.0.self_attn.k_proj,PushPop,1950204,1953352,1,1841,6029291,3275.0,3104.0,2112,48608,2797.5,"void at::native::elementwise_kernel<(int)128, (int)2, void at::native::gpu_kernel_impl_nocast<at::native::direct_copy_kernel_cuda(at::TensorIteratorBase &)::[lambda() (instance 3)]::operator ()() const::[lambda() (instance 7)]::operator ()() const::[lambda(float) (instance 1)]>(at::TensorIteratorBase &, const T1 &)::[lambda(int) (instance 1)]>(int, T3)"
:stage.process:model.layers.0.self_attn.k_proj,PushPop,1950204,1953352,1,2843,5798644,2039.6,1984.0,1440,17728,540.3,"void at::native::vectorized_elementwise_kernel<(int)4, at::native::AbsFunctor<float>, std::array<char *, (unsigned long)2>>(int, T2, T3)"
:stage.process:model.layers.0.self_attn.k_proj,PushPop,1950204,1953352,1,400,5798058,14495.1,4032.0,4000,66432,20329.3,ampere_sgemm_32x128_nt
:stage.process:model.layers.0.self_attn.k_proj,PushPop,1950204,1953352,1,66,5004845,75831.0,46816.0,39039,245376,71415.3,ampere_sgemm_32x32_sliced1x4_nt
:stage.process:model.layers.0.self_attn.k_proj,PushPop,1950204,1953352,1,1784,5004042,2805.0,2752.0,2175,4544,646.3,"<unnamed>::qvq_half2_codebook_norm_pack_kernel(const __half *, unsigned long *, int)"
:stage.process:model.layers.0.self_attn.k_proj,PushPop,1950204,1953352,1,2209,4664496,2111.6,2048.0,1536,6624,218.8,"void at::native::vectorized_elementwise_kernel<(int)4, at::native::BinaryFunctor<bool, bool, bool, at::native::binary_internal::MulFunctor<bool>>, std::array<char *, (unsigned long)3>>(int, T2, T3)"
:stage.process:model.layers.0.self_attn.k_proj,PushPop,1950204,1953352,1,262,4559561,17402.9,5056.0,3328,59136,17419.0,"void gemmSN_NN_kernel<float, (int)256, (int)4, (int)2, (int)8, (int)4, (int)4, (bool)0, cublasGemvTensorStridedBatched<const float>, cublasGemvTensorStridedBatched<const float>, cublasGemvTensorStridedBatched<float>>(cublasGemmSmallNParams<T9, T10, T11, T1>)"
:stage.process:model.layers.0.self_attn.k_proj,PushPop,1950204,1953352,1,636,4288434,6742.8,6880.0,3392,7264,579.8,"void at::native::index_elementwise_kernel<(int)128, (int)4, void at::native::gpu_index_kernel<void at::native::index_put_kernel_impl<at::native::OpaqueType<(int)8>>(at::TensorIterator &, c10::ArrayRef<long>, c10::ArrayRef<long>)::[lambda(char *, const char *, long) (instance 1)]>(at::TensorIteratorBase &, c10::ArrayRef<long>, c10::ArrayRef<long>, const T1 &, bool)::[lambda(int) (instance 1)]>(long, T3)"
:stage.process:model.layers.0.self_attn.k_proj,PushPop,1950204,1953352,1,901,3501967,3886.8,3840.0,2560,7168,239.3,"void at::native::unrolled_elementwise_kernel<at::native::direct_copy_kernel_cuda(at::TensorIteratorBase &)::[lambda() (instance 3)]::operator ()() const::[lambda() (instance 7)]::operator ()() const::[lambda(float) (instance 1)], std::array<char *, (unsigned long)2>, (int)4, TrivialOffsetCalculator<(int)1, unsigned int>, TrivialOffsetCalculator<(int)1, unsigned int>, at::native::memory::LoadWithCast<(int)1>, at::native::memory::StoreWithCast<(int)1>>(int, T1, T2, T4, T5, T6, T7)"
:stage.process:model.layers.0.self_attn.k_proj,PushPop,1950204,1953352,1,1542,3305905,2143.9,2144.0,1760,2784,44.7,"void at::native::vectorized_elementwise_kernel<(int)4, at::native::AbsFunctor<c10::Half>, std::array<char *, (unsigned long)2>>(int, T2, T3)"
:stage.process:model.layers.0.self_attn.k_proj,PushPop,1950204,1953352,1,516,3150649,6105.9,6368.0,4320,6848,667.8,"void gemmSN_NN_kernel<float, (int)128, (int)2, (int)4, (int)8, (int)4, (int)4, (bool)0, cublasGemvTensorStridedBatched<const float>, cublasGemvTensorStridedBatched<const float>, cublasGemvTensorStridedBatched<float>>(cublasGemmSmallNParams<T9, T10, T11, T1>)"
:stage.process:model.layers.0.self_attn.k_proj,PushPop,1950204,1953352,1,1440,3006035,2087.5,2048.0,1504,13056,570.7,"void at::native::vectorized_elementwise_kernel<(int)4, at::native::BinaryFunctor<float, float, bool, at::native::<unnamed>::CompareEqFunctor<float>>, std::array<char *, (unsigned long)3>>(int, T2, T3)"
:stage.process:model.layers.0.self_attn.k_proj,PushPop,1950204,1953352,1,1439,2948209,2048.8,2048.0,1536,6208,239.2,"void at::native::vectorized_elementwise_kernel<(int)4, at::native::AUnaryFunctor<float, float, bool, at::native::<unnamed>::CompareEqFunctor<float>>, std::array<char *, (unsigned long)2>>(int, T2, T3)"
:stage.process:model.layers.0.self_attn.k_proj,PushPop,1950204,1953352,1,12,2838199,236516.6,238879.5,231264,239391,3737.8,ampere_sgemm_128x64_nn
:stage.process:model.layers.0.self_attn.k_proj,PushPop,1950204,1953352,1,862,2626902,3047.5,2944.0,1888,8768,297.3,"void at::native::elementwise_kernel<(int)128, (int)2, void at::native::gpu_kernel_impl_nocast<at::native::direct_copy_kernel_cuda(at::TensorIteratorBase &)::[lambda() (instance 3)]::operator ()() const::[lambda() (instance 4)]::operator ()() const::[lambda(long) (instance 1)]>(at::TensorIteratorBase &, const T1 &)::[lambda(int) (instance 1)]>(int, T3)"
:stage.process:model.layers.0.self_attn.k_proj,PushPop,1950204,1953352,1,282,2331257,8266.9,8256.0,7840,8576,75.3,"void batch_trsm_left_kernel<float, (int)64, (int)4, (int)3, (bool)0, (bool)0, (bool)1>(cublasTrsmBatchParams2<T1>, T1, const T1 *, int)"
:stage.process:model.layers.0.self_attn.k_proj,PushPop,1950204,1953352,1,1276,2250583,1763.8,1760.0,1536,2240,116.0,"void at::native::vectorized_elementwise_kernel<(int)4, at::native::BinaryFunctor<bool, bool, bool, at::native::logical_or_kernel_cuda(at::TensorIterator &)::[lambda() (instance 2)]::operator ()() const::[lambda() (instance 9)]::operator ()() const::[lambda(bool, bool) (instance 1)]>, std::array<char *, (unsigned long)3>>(int, T2, T3)"
:stage.process:model.layers.0.self_attn.k_proj,PushPop,1950204,1953352,1,892,2196375,2462.3,2432.0,1760,2720,115.7,"void at::native::roll_cuda_kernel<float>(const T1 *, T1 *, long, long, long, long, long, long)"
:stage.process:model.layers.0.self_attn.k_proj,PushPop,1950204,1953352,1,477,2193208,4597.9,4832.0,3200,5536,569.8,"void at::native::index_elementwise_kernel<(int)128, (int)4, void at::native::gpu_index_kernel<void at::native::index_put_kernel_impl<at::native::OpaqueType<(int)1>>(at::TensorIterator &, c10::ArrayRef<long>, c10::ArrayRef<long>)::[lambda(char *, const char *, long) (instance 1)]>(at::TensorIteratorBase &, c10::ArrayRef<long>, c10::ArrayRef<long>, const T1 &, bool)::[lambda(int) (instance 1)]>(long, T3)"
:stage.process:model.layers.0.self_attn.k_proj,PushPop,1950204,1953352,1,3,2081368,693789.3,923036.0,233791,924541,398371.0,"void kernel<getrf_wo_pivot_params_<float, (int)0, (int)256, (int)1, (int)64, (int)64, (int)68, (int)8, (int)1, (int)1>>(int, int, void *, int, void *, int, int, int, int, int, int *)"
:stage.process:model.layers.0.self_attn.k_proj,PushPop,1950204,1953352,1,413,2002745,4849.3,3776.0,3168,48544,3370.8,"void at::native::elementwise_kernel<(int)128, (int)2, void at::native::gpu_kernel_impl_nocast<at::native::CUDAFunctor_add<float>>(at::TensorIteratorBase &, const T1 &)::[lambda(int) (instance 1)]>(int, T3)"
:stage.process:model.layers.0.self_attn.k_proj,PushPop,1950204,1953352,1,884,1955609,2212.2,2240.0,1824,2816,162.3,"void at::native::elementwise_kernel<(int)128, (int)2, void at::native::gpu_kernel_impl_nocast<at::native::AUnaryFunctor<long, long, long, at::native::BitwiseAndFunctor<long>>>(at::TensorIteratorBase &, const T1 &)::[lambda(int) (instance 1)]>(int, T3)"
:stage.process:model.layers.0.self_attn.k_proj,PushPop,1950204,1953352,1,1150,1901524,1653.5,1664.0,1536,2016,72.4,"void at::native::vectorized_elementwise_kernel<(int)4, void at::native::compare_scalar_kernel<float>(at::TensorIteratorBase &, at::native::<unnamed>::OpType, T1)::[lambda(float) (instance 1)], std::array<char *, (unsigned long)2>>(int, T2, T3)"
:stage.process:model.layers.0.self_attn.k_proj,PushPop,1950204,1953352,1,792,1853432,2340.2,2176.0,1600,9184,845.0,"void at::native::vectorized_elementwise_kernel<(int)4, at::native::CUDAFunctor_add<float>, std::array<char *, (unsigned long)3>>(int, T2, T3)"
:stage.process:model.layers.0.self_attn.k_proj,PushPop,1950204,1953352,1,770,1734713,2252.9,2240.0,1760,2336,24.8,"void at::native::vectorized_elementwise_kernel<(int)4, at::native::BinaryFunctor<c10::Half, c10::Half, bool, at::native::<unnamed>::CompareEqFunctor<c10::Half>>, std::array<char *, (unsigned long)3>>(int, T2, T3)"
:stage.process:model.layers.0.self_attn.k_proj,PushPop,1950204,1953352,1,770,1706773,2216.6,2208.0,1632,2304,28.3,"void at::native::vectorized_elementwise_kernel<(int)4, at::native::AUnaryFunctor<c10::Half, c10::Half, bool, at::native::<unnamed>::CompareEqFunctor<c10::Half>>, std::array<char *, (unsigned long)2>>(int, T2, T3)"
:stage.process:model.layers.0.self_attn.k_proj,PushPop,1950204,1953352,1,613,1593949,2600.2,2560.0,1760,4928,424.1,"void at::native::unrolled_elementwise_kernel<at::native::direct_copy_kernel_cuda(at::TensorIteratorBase &)::[lambda() (instance 3)]::operator ()() const::[lambda() (instance 4)]::operator ()() const::[lambda(long) (instance 1)], std::array<char *, (unsigned long)2>, (int)4, TrivialOffsetCalculator<(int)1, unsigned int>, TrivialOffsetCalculator<(int)1, unsigned int>, at::native::memory::LoadWithCast<(int)1>, at::native::memory::StoreWithCast<(int)1>>(int, T1, T2, T4, T5, T6, T7)"
:stage.process:model.layers.0.self_attn.k_proj,PushPop,1950204,1953352,1,82,1500474,18298.5,9728.0,6016,88799,26132.6,ampere_sgemm_32x32_sliced1x4_nn
:stage.process:model.layers.0.self_attn.k_proj,PushPop,1950204,1953352,1,782,1388347,1775.4,1728.0,1696,4896,197.2,"void at::native::vectorized_elementwise_kernel<(int)4, void at::native::compare_scalar_kernel<long>(at::TensorIteratorBase &, at::native::<unnamed>::OpType, T1)::[lambda(long) (instance 1)], std::array<char *, (unsigned long)2>>(int, T2, T3)"
:stage.process:model.layers.0.self_attn.k_proj,PushPop,1950204,1953352,1,512,1319547,2577.2,2592.0,2400,2752,69.4,"void at::native::unrolled_elementwise_kernel<at::native::BinaryFunctor<float, float, float, at::native::maximum_kernel_cuda(at::TensorIteratorBase &)::[lambda() (instance 2)]::operator ()() const::[lambda() (instance 2)]::operator ()() const::[lambda(float, float) (instance 1)]>, std::array<char *, (unsigned long)3>, (int)4, TrivialOffsetCalculator<(int)2, unsigned int>, TrivialOffsetCalculator<(int)1, unsigned int>, at::native::memory::LoadWithCast<(int)2>, at::native::memory::StoreWithCast<(int)1>>(int, T1, T2, T4, T5, T6, T7)"
:stage.process:model.layers.0.self_attn.k_proj,PushPop,1950204,1953352,1,905,1248157,1379.2,1376.0,1248,1952,60.8,"void <unnamed>::elementwise_kernel_with_index<int, at::native::arange_cuda_out(const c10::Scalar &, const c10::Scalar &, const c10::Scalar &, at::Tensor &)::[lambda() (instance 1)]::operator ()() const::[lambda() (instance 4)]::operator ()() const::[lambda(long) (instance 1)]>(T1, T2, function_traits<T2>::result_type *)"
:stage.process:model.layers.0.self_attn.k_proj,PushPop,1950204,1953352,1,636,1166879,1834.7,1824.0,1632,2176,105.9,"void at::native::vectorized_elementwise_kernel<(int)4, at::native::bitwise_not_kernel_cuda(at::TensorIteratorBase &)::[lambda(bool) (instance 1)], std::array<char *, (unsigned long)2>>(int, T2, T3)"
:stage.process:model.layers.0.self_attn.k_proj,PushPop,1950204,1953352,1,256,1023484,3998.0,3984.0,3808,4384,155.5,"void at::native::elementwise_kernel<(int)128, (int)4, void at::native::gpu_kernel_impl_nocast<at::native::direct_copy_kernel_cuda(at::TensorIteratorBase &)::[lambda() (instance 3)]::operator ()() const::[lambda() (instance 10)]::operator ()() const::[lambda(c10::Half) (instance 1)]>(at::TensorIteratorBase &, const T1 &)::[lambda(int) (instance 1)]>(int, T3)"
:stage.process:model.layers.0.self_attn.k_proj,PushPop,1950204,1953352,1,263,964701,3668.1,3552.0,3296,8576,731.4,"void at::native::reduce_kernel<(int)512, (int)1, at::native::ReduceOp<bool, at::native::func_wrapper_t<bool, at::native::or_kernel_cuda(at::TensorIterator &)::[lambda() (instance 1)]::operator ()() const::[lambda() (instance 12)]::operator ()() const::[lambda(bool, bool) (instance 1)]>, unsigned int, bool, (int)4, (int)4>>(T3)"
:stage.process:model.layers.0.self_attn.k_proj,PushPop,1950204,1953352,1,638,893184,1400.0,1408.0,1312,3296,118.3,"void at::native::vectorized_elementwise_kernel<(int)2, at::native::FillFunctor<long>, std::array<char *, (unsigned long)1>>(int, T2, T3)"
:stage.process:model.layers.0.self_attn.k_proj,PushPop,1950204,1953352,1,320,888507,2776.6,2880.0,1856,3232,380.0,"void at::native::elementwise_kernel<(int)128, (int)2, void at::native::gpu_kernel_impl_nocast<at::native::CUDAFunctor_add<long>>(at::TensorIteratorBase &, const T1 &)::[lambda(int) (instance 1)]>(int, T3)"
:stage.process:model.layers.0.self_attn.k_proj,PushPop,1950204,1953352,1,483,813403,1684.1,1664.0,1536,3744,111.7,"void at::native::vectorized_elementwise_kernel<(int)2, at::native::AUnaryFunctor<long, long, long, at::native::binary_internal::MulFunctor<long>>, std::array<char *, (unsigned long)2>>(int, T2, T3)"
:stage.process:model.layers.0.self_attn.k_proj,PushPop,1950204,1953352,1,128,574302,4486.7,4448.0,4352,5120,92.7,"void at::native::unrolled_elementwise_kernel<at::native::CUDAFunctor_add<float>, std::array<char *, (unsigned long)3>, (int)4, TrivialOffsetCalculator<(int)2, unsigned int>, TrivialOffsetCalculator<(int)1, unsigned int>, at::native::memory::LoadWithCast<(int)2>, at::native::memory::StoreWithCast<(int)1>>(int, T1, T2, T4, T5, T6, T7)"
:stage.process:model.layers.0.self_attn.k_proj,PushPop,1950204,1953352,1,2,449183,224591.5,224591.5,224512,224671,112.4,ampere_sgemm_128x32_nn
:stage.process:model.layers.0.self_attn.k_proj,PushPop,1950204,1953352,1,263,443870,1687.7,1696.0,1568,2624,129.8,"void at::native::vectorized_elementwise_kernel<(int)4, at::native::BinaryFunctor<bool, bool, bool, at::native::BitwiseOrFunctor<bool>>, std::array<char *, (unsigned long)3>>(int, T2, T3)"
:stage.process:model.layers.0.self_attn.k_proj,PushPop,1950204,1953352,1,129,427232,3311.9,3328.0,3200,3968,70.0,"void at::native::elementwise_kernel<(int)128, (int)4, void at::native::gpu_kernel_impl_nocast<at::native::direct_copy_kernel_cuda(at::TensorIteratorBase &)::[lambda() (instance 3)]::operator ()() const::[lambda() (instance 1)]::operator ()() const::[lambda(unsigned char) (instance 1)]>(at::TensorIteratorBase &, const T1 &)::[lambda(int) (instance 1)]>(int, T3)"
:stage.process:model.layers.0.self_attn.k_proj,PushPop,1950204,1953352,1,42,379519,9036.2,8528.0,7456,11200,1273.4,ampere_sgemm_64x32_sliced1x4_nn
:stage.process:model.layers.0.self_attn.k_proj,PushPop,1950204,1953352,1,114,350014,3070.3,3008.0,2496,3648,253.5,"void cublasLt::splitKreduce_kernel<(int)32, (int)16, int, float, float, float, float, (bool)0, float, float, float, (bool)1, (bool)0, (bool)0, (bool)0>(cublasLt::cublasSplitKParams<T6>, const T4 *, const T10 *, T9 *, T5 *, const T6 *, const T6 *, const T11 *, const T4 *, T11 *, void *, long, T6 *, int *, T6 *, T6 *, const T6 *, const T6 *, const T6 *, const T6 *, const T6 *)"
:stage.process:model.layers.0.self_attn.k_proj,PushPop,1950204,1953352,1,4,290078,72519.5,72079.5,71712,74207,1138.9,ampere_sgemm_32x128_tn
:stage.process:model.layers.0.self_attn.k_proj,PushPop,1950204,1953352,1,159,287005,1805.1,1824.0,1599,2112,94.4,"void at::native::vectorized_elementwise_kernel<(int)2, at::native::CUDAFunctor_add<long>, std::array<char *, (unsigned long)3>>(int, T2, T3)"
:stage.process:model.layers.0.self_attn.k_proj,PushPop,1950204,1953352,1,128,265310,2072.7,2080.0,2047,2112,14.6,"void at::native::elementwise_kernel<(int)128, (int)2, void at::native::gpu_kernel_impl_nocast<at::native::BUnaryFunctor<long, long, long, at::native::rshift_kernel_cuda(at::TensorIteratorBase &)::[lambda() (instance 1)]::operator ()() const::[lambda() (instance 4)]::operator ()() const::[lambda(long, long) (instance 1)]>>(at::TensorIteratorBase &, const T1 &)::[lambda(int) (instance 1)]>(int, T3)"
:stage.process:model.layers.0.self_attn.k_proj,PushPop,1950204,1953352,1,132,250688,1899.2,1760.0,1728,6624,806.2,"void at::native::vectorized_elementwise_kernel<(int)4, at::native::BinaryFunctor<long, long, bool, at::native::<unnamed>::CompareEqFunctor<long>>, std::array<char *, (unsigned long)3>>(int, T2, T3)"
:stage.process:model.layers.0.self_attn.k_proj,PushPop,1950204,1953352,1,12,209664,17472.0,20240.0,11200,21184,4501.4,"void at::native::<unnamed>::CatArrayBatchedCopy<at::native::<unnamed>::OpaqueType<(unsigned int)4>, unsigned int, (int)2, (int)64, (int)64>(T1 *, at::native::<unnamed>::CatArrInputTensorMetadata<T1, T2, T4, T5>, at::native::<unnamed>::TensorSizeStride<T2, (unsigned int)4>, int, T2)"
:stage.process:model.layers.0.self_attn.k_proj,PushPop,1950204,1953352,1,3,180415,60138.3,87743.0,4800,87872,47924.4,"void at::native::reduce_kernel<(int)512, (int)1, at::native::ReduceOp<long, at::native::func_wrapper_t<long, at::native::sum_functor<long, long, long>::operator ()(at::TensorIterator &)::[lambda(long, long) (instance 1)]>, unsigned int, long, (int)4, (int)4>>(T3)"
:stage.process:model.layers.0.self_attn.k_proj,PushPop,1950204,1953352,1,11,155360,14123.6,3808.0,2336,62720,23980.6,"void at::native::vectorized_elementwise_kernel<(int)2, at::native::AUnaryFunctor<long, long, long, at::native::BitwiseAndFunctor<long>>, std::array<char *, (unsigned long)2>>(int, T2, T3)"
:stage.process:model.layers.0.self_attn.k_proj,PushPop,1950204,1953352,1,4,145663,36415.8,36415.5,5120,67712,36118.7,"void at::native::elementwise_kernel<(int)128, (int)2, void at::native::gpu_kernel_impl_nocast<at::native::BinaryFunctor<long, long, long, at::native::rshift_kernel_cuda(at::TensorIteratorBase &)::[lambda() (instance 1)]::operator ()() const::[lambda() (instance 4)]::operator ()() const::[lambda(long, long) (instance 1)]>>(at::TensorIteratorBase &, const T1 &)::[lambda(int) (instance 1)]>(int, T3)"
:stage.process:model.layers.0.self_attn.k_proj,PushPop,1950204,1953352,1,4,143424,35856.0,36224.0,3520,67456,36420.5,"void at::native::elementwise_kernel<(int)128, (int)2, void at::native::gpu_kernel_impl_nocast<at::native::BinaryFunctor<long, long, long, at::native::lshift_kernel_cuda(at::TensorIteratorBase &)::[lambda() (instance 1)]::operator ()() const::[lambda() (instance 4)]::operator ()() const::[lambda(long, long) (instance 1)]>>(at::TensorIteratorBase &, const T1 &)::[lambda(int) (instance 1)]>(int, T3)"
:stage.process:model.layers.0.self_attn.k_proj,PushPop,1950204,1953352,1,6,132544,22090.7,22032.0,16192,28160,6427.7,"void trsm_batch_left_upper_kernel_small<float, (int)16, (int)16, (int)64>(cublasTrsmBatchParams<T1>, const T1 *const *, T1 *const *, const T1 *, T1)"
:stage.process:model.layers.0.self_attn.k_proj,PushPop,1950204,1953352,1,1,131615,131615.0,131615.0,131615,131615,0.0,ampere_sgemm_128x32_tn
:stage.process:model.layers.0.self_attn.k_proj,PushPop,1950204,1953352,1,3,120736,40245.3,56544.0,7392,56800,28452.1,"void at::native::index_elementwise_kernel<(int)128, (int)4, void at::native::gpu_index_kernel<void at::native::index_kernel_impl<at::native::OpaqueType<(int)8>>(at::TensorIteratorBase &, c10::ArrayRef<long>, c10::ArrayRef<long>)::[lambda(char *, const char *, long) (instance 1)]>(at::TensorIteratorBase &, c10::ArrayRef<long>, c10::ArrayRef<long>, const T1 &, bool)::[lambda(int) (instance 1)]>(long, T3)"
:stage.process:model.layers.0.self_attn.k_proj,PushPop,1950204,1953352,1,3,101087,33695.7,47423.0,6240,47424,23777.3,"void at::native::triu_tril_kernel<float, int, (bool)0, (int)2, (bool)1>(at::cuda::detail::TensorInfo<T1, T2>, at::cuda::detail::TensorInfo<const T1, T2>, long, long, T2)"
:stage.process:model.layers.0.self_attn.k_proj,PushPop,1950204,1953352,1,10,81120,8112.0,6128.0,3456,20736,6150.5,"void at::native::elementwise_kernel<(int)128, (int)2, void at::native::gpu_kernel_impl_nocast<at::native::BinaryFunctor<float, float, float, at::native::binary_internal::MulFunctor<float>>>(at::TensorIteratorBase &, const T1 &)::[lambda(int) (instance 1)]>(int, T3)"
:stage.process:model.layers.0.self_attn.k_proj,PushPop,1950204,1953352,1,10,78720,7872.0,7840.0,7520,8448,268.2,"void at::native::reduce_kernel<(int)512, (int)1, at::native::ReduceOp<float, at::native::func_wrapper_t<float, at::native::sum_functor<float, float, float>::operator ()(at::TensorIterator &)::[lambda(float, float) (instance 1)]>, unsigned int, float, (int)4, (int)4>>(T3)"
:stage.process:model.layers.0.self_attn.k_proj,PushPop,1950204,1953352,1,10,67264,6726.4,7232.0,3360,8128,1653.7,"void at::native::reduce_kernel<(int)512, (int)1, at::native::ReduceOp<float, at::native::MeanOps<float, float, float, float>, unsigned int, float, (int)4, (int)4>>(T3)"
:stage.process:model.layers.0.self_attn.k_proj,PushPop,1950204,1953352,1,14,60704,4336.0,3296.0,1344,8480,2561.3,"void at::native::vectorized_elementwise_kernel<(int)4, at::native::FillFunctor<float>, std::array<char *, (unsigned long)1>>(int, T2, T3)"
:stage.process:model.layers.0.self_attn.k_proj,PushPop,1950204,1953352,1,9,45183,5020.3,3712.0,1632,11712,3746.1,"void at::native::vectorized_elementwise_kernel<(int)4, at::native::BUnaryFunctor<float, float, float, at::native::binary_internal::MulFunctor<float>>, std::array<char *, (unsigned long)2>>(int, T2, T3)"
:stage.process:model.layers.0.self_attn.k_proj,PushPop,1950204,1953352,1,9,39040,4337.8,4384.0,4128,4480,142.3,"void at::native::vectorized_elementwise_kernel<(int)4, at::native::BinaryFunctor<float, float, float, at::native::binary_internal::MulFunctor<float>>, std::array<char *, (unsigned long)3>>(int, T2, T3)"
:stage.process:model.layers.0.self_attn.k_proj,PushPop,1950204,1953352,1,10,38656,3865.6,3872.0,3808,3904,33.0,"void dot_kernel<float, (int)128, (int)0, cublasDotParams<cublasGemvTensorStridedBatched<const float>, cublasGemvTensorStridedBatched<float>>>(T4)"
:stage.process:model.layers.0.self_attn.k_proj,PushPop,1950204,1953352,1,10,35968,3596.8,3360.0,3200,4256,421.4,"void at::native::elementwise_kernel<(int)128, (int)2, void at::native::gpu_kernel_impl_nocast<at::native::CUDAFunctorOnSelf_add<float>>(at::TensorIteratorBase &, const T1 &)::[lambda(int) (instance 1)]>(int, T3)"
:stage.process:model.layers.0.self_attn.k_proj,PushPop,1950204,1953352,1,10,28032,2803.2,2816.0,2784,2816,16.5,"void reduce_1Block_kernel<float, (int)128, (int)7, cublasGemvTensorStridedBatched<float>, cublasGemvTensorStridedBatched<const float>, cublasGemvTensorStridedBatched<float>>(const T1 *, T1, T4, int, const T1 *, T1, T5, T6, cublasPointerMode_t, cublasLtEpilogue_t, cublasGemvTensorStridedBatched<const biasType<T6::value_type, T1>::type>)"
:stage.process:model.layers.0.self_attn.k_proj,PushPop,1950204,1953352,1,12,25152,2096.0,2224.0,1856,2368,198.9,"void at::native::vectorized_elementwise_kernel<(int)4, at::native::<unnamed>::CompareFunctor<float>, std::array<char *, (unsigned long)3>>(int, T2, T3)"
:stage.process:model.layers.0.self_attn.k_proj,PushPop,1950204,1953352,1,6,20512,3418.7,1696.0,1568,11392,3924.0,"void at::native::vectorized_elementwise_kernel<(int)4, at::native::AUnaryFunctor<float, float, float, at::native::binary_internal::MulFunctor<float>>, std::array<char *, (unsigned long)2>>(int, T2, T3)"
:stage.process:model.layers.0.self_attn.k_proj,PushPop,1950204,1953352,1,1,15296,15296.0,15296.0,15296,15296,0.0,"void at::native::<unnamed>::CatArrayBatchedCopy_alignedK_contig<at::native::<unnamed>::OpaqueType<(unsigned int)8>, unsigned int, (int)3, (int)128, (int)1, (int)16>(T1 *, at::native::<unnamed>::CatArrInputTensorMetadata<T1, T2, T4, T5>, at::native::<unnamed>::TensorSizeStride<T2, (unsigned int)4>, int, T2)"
:stage.process:model.layers.0.self_attn.k_proj,PushPop,1950204,1953352,1,4,14816,3704.0,3712.0,3616,3776,71.0,"void at::native::vectorized_elementwise_kernel<(int)2, at::native::BUnaryFunctor<long, long, long, at::native::rshift_kernel_cuda(at::TensorIteratorBase &)::[lambda() (instance 1)]::operator ()() const::[lambda() (instance 4)]::operator ()() const::[lambda(long, long) (instance 1)]>, std::array<char *, (unsigned long)2>>(int, T2, T3)"
:stage.process:model.layers.0.self_attn.k_proj,PushPop,1950204,1953352,1,4,14432,3608.0,3600.0,3488,3744,123.6,"void at::native::vectorized_elementwise_kernel<(int)2, at::native::BUnaryFunctor<long, long, long, at::native::remainder_kernel_cuda(at::TensorIteratorBase &)::[lambda() (instance 1)]::operator ()() const::[lambda() (instance 4)]::operator ()() const::[lambda(long, long) (instance 1)]>, std::array<char *, (unsigned long)2>>(int, T2, T3)"
:stage.process:model.layers.0.self_attn.k_proj,PushPop,1950204,1953352,1,3,13920,4640.0,4224.0,4192,5504,748.4,"void at::native::vectorized_elementwise_kernel<(int)2, at::native::BinaryFunctor<long, long, long, at::native::BitwiseXorFunctor<long>>, std::array<char *, (unsigned long)3>>(int, T2, T3)"
:stage.process:model.layers.0.self_attn.k_proj,PushPop,1950204,1953352,1,8,12384,1548.0,1536.0,1536,1568,16.6,"void at::native::unrolled_elementwise_kernel<at::native::AUnaryFunctor<long, long, long, at::native::BitwiseAndFunctor<long>>, std::array<char *, (unsigned long)2>, (int)4, TrivialOffsetCalculator<(int)1, unsigned int>, TrivialOffsetCalculator<(int)1, unsigned int>, at::native::memory::LoadWithoutCast, at::native::memory::StoreWithoutCast>(int, T1, T2, T4, T5, T6, T7)"
:stage.process:model.layers.0.self_attn.k_proj,PushPop,1950204,1953352,1,3,11840,3946.7,4032.0,3552,4256,359.7,"void at::native::unrolled_elementwise_kernel<at::native::direct_copy_kernel_cuda(at::TensorIteratorBase &)::[lambda() (instance 3)]::operator ()() const::[lambda() (instance 3)]::operator ()() const::[lambda(int) (instance 1)], std::array<char *, (unsigned long)2>, (int)4, TrivialOffsetCalculator<(int)1, unsigned int>, TrivialOffsetCalculator<(int)1, unsigned int>, at::native::memory::LoadWithCast<(int)1>, at::native::memory::StoreWithCast<(int)1>>(int, T1, T2, T4, T5, T6, T7)"
:stage.process:model.layers.0.self_attn.k_proj,PushPop,1950204,1953352,1,6,11040,1840.0,1824.0,1824,1888,26.8,"void at::native::vectorized_elementwise_kernel<(int)4, at::native::FillFunctor<unsigned char>, std::array<char *, (unsigned long)1>>(int, T2, T3)"
:stage.process:model.layers.0.self_attn.k_proj,PushPop,1950204,1953352,1,3,10656,3552.0,3488.0,3488,3680,110.9,"void at::native::elementwise_kernel<(int)128, (int)2, void at::native::gpu_kernel_impl_nocast<at::native::direct_copy_kernel_cuda(at::TensorIteratorBase &)::[lambda() (instance 3)]::operator ()() const::[lambda() (instance 3)]::operator ()() const::[lambda(int) (instance 1)]>(at::TensorIteratorBase &, const T1 &)::[lambda(int) (instance 1)]>(int, T3)"
:stage.process:model.layers.0.self_attn.k_proj,PushPop,1950204,1953352,1,5,10143,2028.6,1600.0,1568,3743,959.2,"void at::native::vectorized_elementwise_kernel<(int)2, at::native::CUDAFunctorOnSelf_add<long>, std::array<char *, (unsigned long)2>>(int, T2, T3)"
:stage.process:model.layers.0.self_attn.k_proj,PushPop,1950204,1953352,1,3,9888,3296.0,3360.0,3136,3392,139.5,"void at::native::unrolled_elementwise_kernel<at::native::direct_copy_kernel_cuda(at::TensorIteratorBase &)::[lambda() (instance 3)]::operator ()() const::[lambda() (instance 1)]::operator ()() const::[lambda(unsigned char) (instance 1)], std::array<char *, (unsigned long)2>, (int)4, TrivialOffsetCalculator<(int)1, unsigned int>, TrivialOffsetCalculator<(int)1, unsigned int>, at::native::memory::LoadWithCast<(int)1>, at::native::memory::StoreWithCast<(int)1>>(int, T1, T2, T4, T5, T6, T7)"
:stage.process:model.layers.0.self_attn.k_proj,PushPop,1950204,1953352,1,2,8288,4144.0,4144.0,4096,4192,67.9,"void at::native::vectorized_elementwise_kernel<(int)2, at::native::BinaryFunctor<long, long, long, at::native::BitwiseOrFunctor<long>>, std::array<char *, (unsigned long)3>>(int, T2, T3)"
:stage.process:model.layers.0.self_attn.k_proj,PushPop,1950204,1953352,1,1,7872,7872.0,7872.0,7872,7872,0.0,"void at::native::reduce_kernel<(int)128, (int)4, at::native::ReduceOp<long, at::native::func_wrapper_t<long, at::native::sum_functor<long, long, long>::operator ()(at::TensorIterator &)::[lambda(long, long) (instance 1)]>, unsigned int, long, (int)4, (int)4>>(T3)"
:stage.process:model.layers.0.self_attn.k_proj,PushPop,1950204,1953352,1,4,7648,1912.0,1872.0,1856,2048,91.9,"void at::native::vectorized_elementwise_kernel<(int)4, void at::native::compare_scalar_kernel<c10::Half>(at::TensorIteratorBase &, at::native::<unnamed>::OpType, T1)::[lambda(c10::Half) (instance 1)], std::array<char *, (unsigned long)2>>(int, T2, T3)"
:stage.process:model.layers.0.self_attn.k_proj,PushPop,1950204,1953352,1,3,7584,2528.0,2528.0,2496,2560,32.0,"void at::native::vectorized_elementwise_kernel<(int)4, at::native::AUnaryFunctor<unsigned char, unsigned char, bool, at::native::<unnamed>::CompareEqFunctor<unsigned char>>, std::array<char *, (unsigned long)2>>(int, T2, T3)"
:stage.process:model.layers.0.self_attn.k_proj,PushPop,1950204,1953352,1,2,7552,3776.0,3776.0,3744,3808,45.3,"void at::native::vectorized_elementwise_kernel<(int)2, at::native::BUnaryFunctor<long, long, long, at::native::lshift_kernel_cuda(at::TensorIteratorBase &)::[lambda() (instance 1)]::operator ()() const::[lambda() (instance 4)]::operator ()() const::[lambda(long, long) (instance 1)]>, std::array<char *, (unsigned long)2>>(int, T2, T3)"
:stage.process:model.layers.0.self_attn.k_proj,PushPop,1950204,1953352,1,2,7424,3712.0,3712.0,3648,3776,90.5,"void at::native::vectorized_elementwise_kernel<(int)2, at::native::BUnaryFunctor<long, long, long, at::native::binary_internal::div_floor_kernel_cuda(at::TensorIteratorBase &)::[lambda() (instance 1)]::operator ()() const::[lambda() (instance 4)]::operator ()() const::[lambda(long, long) (instance 1)]>, std::array<char *, (unsigned long)2>>(int, T2, T3)"
:stage.process:model.layers.0.self_attn.k_proj,PushPop,1950204,1953352,1,4,7264,1816.0,1712.0,1696,2144,219.2,"void at::native::vectorized_elementwise_kernel<(int)4, at::native::FillFunctor<bool>, std::array<char *, (unsigned long)1>>(int, T2, T3)"
:stage.process:model.layers.0.self_attn.k_proj,PushPop,1950204,1953352,1,2,6560,3280.0,3280.0,3200,3360,113.1,"void at::native::elementwise_kernel<(int)128, (int)2, void at::native::gpu_kernel_impl_nocast<at::native::AbsFunctor<float>>(at::TensorIteratorBase &, const T1 &)::[lambda(int) (instance 1)]>(int, T3)"
:stage.process:model.layers.0.self_attn.k_proj,PushPop,1950204,1953352,1,1,6144,6144.0,6144.0,6144,6144,0.0,"void at::native::elementwise_kernel<(int)128, (int)2, void at::native::gpu_kernel_impl_nocast<at::native::BinaryFunctor<float, float, float, at::native::binary_internal::DivFunctor<float>>>(at::TensorIteratorBase &, const T1 &)::[lambda(int) (instance 1)]>(int, T3)"
:stage.process:model.layers.0.self_attn.k_proj,PushPop,1950204,1953352,1,3,5952,1984.0,2016.0,1792,2144,178.2,"void at::native::vectorized_elementwise_kernel<(int)4, at::native::BinaryFunctor<float, float, float, at::native::maximum_kernel_cuda(at::TensorIteratorBase &)::[lambda() (instance 2)]::operator ()() const::[lambda() (instance 2)]::operator ()() const::[lambda(float, float) (instance 1)]>, std::array<char *, (unsigned long)3>>(int, T2, T3)"
:stage.process:model.layers.0.self_attn.k_proj,PushPop,1950204,1953352,1,1,5856,5856.0,5856.0,5856,5856,0.0,"void at::native::vectorized_elementwise_kernel<(int)4, void at::native::<unnamed>::pow_tensor_scalar_kernel_impl<float, float>(at::TensorIteratorBase &, T2)::[lambda(float) (instance 1)], std::array<char *, (unsigned long)2>>(int, T2, T3)"
:stage.process:model.layers.0.self_attn.k_proj,PushPop,1950204,1953352,1,2,4799,2399.5,2399.5,2368,2431,44.5,"void at::native::vectorized_elementwise_kernel<(int)2, at::native::CUDAFunctorOnOther_add<long>, std::array<char *, (unsigned long)2>>(int, T2, T3)"
:stage.process:model.layers.0.self_attn.k_proj,PushPop,1950204,1953352,1,3,4704,1568.0,1472.0,1408,1824,224.0,"xxtrf4_set_info_ker(int, int *)"
:stage.process:model.layers.0.self_attn.k_proj,PushPop,1950204,1953352,1,1,4480,4480.0,4480.0,4480,4480,0.0,"void at::native::vectorized_elementwise_kernel<(int)4, at::native::float16_copy_kernel_cuda(at::TensorIteratorBase &)::[lambda(float) (instance 1)], std::array<char *, (unsigned long)2>>(int, T2, T3)"
:stage.process:model.layers.0.self_attn.k_proj,PushPop,1950204,1953352,1,1,4447,4447.0,4447.0,4447,4447,0.0,"void at::native::<unnamed>::CatArrayBatchedCopy_vectorized<at::native::<unnamed>::OpaqueType<(unsigned int)2>, unsigned int, (int)1, (int)128, (int)1, (int)16, (int)8>(char *, at::native::<unnamed>::CatArrInputTensorMetadata<T1, T2, T4, T5>, at::native::<unnamed>::TensorSizeStride<T2, (unsigned int)4>, int, T2)"
:stage.process:model.layers.0.self_attn.k_proj,PushPop,1950204,1953352,1,1,2592,2592.0,2592.0,2592,2592,0.0,"void at::native::vectorized_elementwise_kernel<(int)4, at::native::AUnaryFunctor<unsigned char, unsigned char, unsigned char, at::native::binary_internal::MulFunctor<unsigned char>>, std::array<char *, (unsigned long)2>>(int, T2, T3)"
:stage.process:model.layers.0.self_attn.k_proj,PushPop,1950204,1953352,1,1,2496,2496.0,2496.0,2496,2496,0.0,"void at::native::vectorized_elementwise_kernel<(int)4, at::native::BinaryFunctor<unsigned char, unsigned char, bool, at::native::<unnamed>::CompareEqFunctor<unsigned char>>, std::array<char *, (unsigned long)3>>(int, T2, T3)"
:stage.process:model.layers.0.self_attn.k_proj,PushPop,1950204,1953352,1,1,2208,2208.0,2208.0,2208,2208,0.0,"void at::native::unrolled_elementwise_kernel<at::native::<unnamed>::CompareFunctor<c10::Half>, std::array<char *, (unsigned long)3>, (int)4, TrivialOffsetCalculator<(int)2, unsigned int>, TrivialOffsetCalculator<(int)1, unsigned int>, at::native::memory::LoadWithoutCast, at::native::memory::StoreWithoutCast>(int, T1, T2, T4, T5, T6, T7)"
:stage.process:model.layers.0.self_attn.k_proj,PushPop,1950204,1953352,1,1,2144,2144.0,2144.0,2144,2144,0.0,"void at::native::unrolled_elementwise_kernel<at::native::direct_copy_kernel_cuda(at::TensorIteratorBase &)::[lambda() (instance 3)]::operator ()() const::[lambda() (instance 11)]::operator ()() const::[lambda(bool) (instance 1)], std::array<char *, (unsigned long)2>, (int)4, TrivialOffsetCalculator<(int)1, unsigned int>, TrivialOffsetCalculator<(int)1, unsigned int>, at::native::memory::LoadWithCast<(int)1>, at::native::memory::StoreWithCast<(int)1>>(int, T1, T2, T4, T5, T6, T7)"
:stage.process:model.layers.0.self_attn.k_proj,PushPop,1950204,1953352,1,1,2144,2144.0,2144.0,2144,2144,0.0,"void at::native::vectorized_elementwise_kernel<(int)4, at::native::sqrt_kernel_cuda(at::TensorIteratorBase &)::[lambda() (instance 2)]::operator ()() const::[lambda() (instance 2)]::operator ()() const::[lambda(float) (instance 1)], std::array<char *, (unsigned long)2>>(int, T2, T3)"
:stage.process:model.layers.0.self_attn.k_proj,PushPop,1950204,1953352,1,1,1760,1760.0,1760.0,1760,1760,0.0,"void at::native::vectorized_elementwise_kernel<(int)4, at::native::<unnamed>::launch_clamp_scalar(at::TensorIteratorBase &, c10::Scalar, c10::Scalar, at::native::detail::ClampLimits)::[lambda() (instance 1)]::operator ()() const::[lambda() (instance 7)]::operator ()() const::[lambda(float) (instance 1)], std::array<char *, (unsigned long)2>>(int, T2, T3)"
:stage.process:model.layers.0.self_attn.o_proj,PushPop,1950204,1953352,1,14288,5109562861,357612.2,280927.0,132351,1145244,316013.5,"void <unnamed>::qvq_v2_segment_grid_kernel<(int)4, (int)2, (int)16, (bool)1, (bool)0, __half, unsigned char>(const float *, const T6 *, const float *, const long *, const float *, const float *, float *, T7 *, unsigned char *, int, int, int, bool, bool)"
:stage.process:model.layers.0.self_attn.o_proj,PushPop,1950204,1953352,1,766,1444648482,1885964.1,1436764.0,1356028,2846840,653787.0,"void <unnamed>::qvq_viterbi_kernel<(int)4, (int)2, __half, unsigned char>(const float *, const T3 *, const float *, const long *, const float *, T4 *, long *, float *, int, int, int, bool, bool, bool)"
:stage.process:model.layers.0.self_attn.o_proj,PushPop,1950204,1953352,1,694,407132129,586645.7,581006.5,307167,875326,168468.0,ampere_sgemm_64x32_sliced1x4_nt
:stage.process:model.layers.0.self_attn.o_proj,PushPop,1950204,1953352,1,1786,216254998,121083.4,95008.0,67200,299743,71843.6,"void <unnamed>::qvq_v2_segment_grid_finalize_kernel<(int)4, (int)2, (int)16, (bool)0, __half, unsigned char>(const float *, const T5 *, const float *, const long *, const float *, const float *, const T6 *, const unsigned char *, long *, unsigned char *, float *, int, int, bool, bool)"
:stage.process:model.layers.0.self_attn.o_proj,PushPop,1950204,1953352,1,4080,72982586,17887.9,8352.0,4352,52288,13785.1,"void at::native::index_elementwise_kernel<(int)128, (int)4, void at::native::gpu_index_kernel<void at::native::index_kernel_impl<at::native::OpaqueType<(int)4>>(at::TensorIteratorBase &, c10::ArrayRef<long>, c10::ArrayRef<long>)::[lambda(char *, const char *, long) (instance 1)]>(at::TensorIteratorBase &, c10::ArrayRef<long>, c10::ArrayRef<long>, const T1 &, bool)::[lambda(int) (instance 1)]>(long, T3)"
:stage.process:model.layers.0.self_attn.o_proj,PushPop,1950204,1953352,1,288,51267633,178012.6,179231.5,59168,298687,69851.2,void cutlass::Kernel2<cutlass_80_simt_sgemm_128x32_8x5_nt_align1>(T1::Params)
:stage.process:model.layers.0.self_attn.o_proj,PushPop,1950204,1953352,1,996,30202511,30323.8,30128.0,4288,60767,15938.9,"void gemmSN_NN_kernel<float, (int)128, (int)2, (int)4, (int)8, (int)4, (int)4, (bool)0, cublasGemvTensorStridedBatched<const float>, cublasGemvTensorStridedBatched<const float>, cublasGemvTensorStridedBatched<float>>(cublasGemmSmallNParams<T9, T10, T11, T1>)"
:stage.process:model.layers.0.self_attn.o_proj,PushPop,1950204,1953352,1,50,20816998,416340.0,20896.0,15584,877214,418400.3,ampere_sgemm_128x32_nn
:stage.process:model.layers.0.self_attn.o_proj,PushPop,1950204,1953352,1,2964,19292991,6509.1,7360.0,2528,11616,1800.8,"void at::native::reduce_kernel<(int)512, (int)1, at::native::ReduceOp<bool, at::native::func_wrapper_t<bool, at::native::and_kernel_cuda(at::TensorIterator &)::[lambda() (instance 1)]::operator ()() const::[lambda() (instance 12)]::operator ()() const::[lambda(bool, bool) (instance 1)]>, unsigned int, bool, (int)4, (int)4>>(T3)"
:stage.process:model.layers.0.self_attn.o_proj,PushPop,1950204,1953352,1,2040,13506330,6620.8,6656.0,3520,7296,348.6,"void at::native::index_elementwise_kernel<(int)128, (int)4, void at::native::gpu_index_kernel<void at::native::index_put_kernel_impl<at::native::OpaqueType<(int)4>>(at::TensorIterator &, c10::ArrayRef<long>, c10::ArrayRef<long>)::[lambda(char *, const char *, long) (instance 1)]>(at::TensorIteratorBase &, c10::ArrayRef<long>, c10::ArrayRef<long>, const T1 &, bool)::[lambda(int) (instance 1)]>(long, T3)"
:stage.process:model.layers.0.self_attn.o_proj,PushPop,1950204,1953352,1,1405,13466396,9584.6,9568.0,4416,34048,1563.2,"void at::native::index_elementwise_kernel<(int)128, (int)4, void at::native::gpu_index_kernel<void at::native::index_kernel_impl<at::native::OpaqueType<(int)2>>(at::TensorIteratorBase &, c10::ArrayRef<long>, c10::ArrayRef<long>)::[lambda(char *, const char *, long) (instance 1)]>(at::TensorIteratorBase &, c10::ArrayRef<long>, c10::ArrayRef<long>, const T1 &, bool)::[lambda(int) (instance 1)]>(long, T3)"
:stage.process:model.layers.0.self_attn.o_proj,PushPop,1950204,1953352,1,1788,12003833,6713.6,7488.0,3200,8704,1442.2,"void at::native::reduce_kernel<(int)512, (int)1, at::native::ReduceOp<float, at::native::func_wrapper_t<float, at::native::MaxNanFunctor<float>>, unsigned int, float, (int)4, (int)4>>(T3)"
:stage.process:model.layers.0.self_attn.o_proj,PushPop,1950204,1953352,1,2241,8793578,3924.0,3232.0,2143,54783,4866.2,"void at::native::elementwise_kernel<(int)128, (int)2, void at::native::gpu_kernel_impl_nocast<at::native::direct_copy_kernel_cuda(at::TensorIteratorBase &)::[lambda() (instance 3)]::operator ()() const::[lambda() (instance 7)]::operator ()() const::[lambda(float) (instance 1)]>(at::TensorIteratorBase &, const T1 &)::[lambda(int) (instance 1)]>(int, T3)"
:stage.process:model.layers.0.self_attn.o_proj,PushPop,1950204,1953352,1,3611,7766211,2150.7,2048.0,1536,18880,837.3,"void at::native::vectorized_elementwise_kernel<(int)4, at::native::AbsFunctor<float>, std::array<char *, (unsigned long)2>>(int, T2, T3)"
:stage.process:model.layers.0.self_attn.o_proj,PushPop,1950204,1953352,1,2552,7398346,2899.0,2848.0,2176,4992,550.4,"<unnamed>::qvq_half2_codebook_norm_pack_kernel(const __half *, unsigned long *, int)"
:stage.process:model.layers.0.self_attn.o_proj,PushPop,1950204,1953352,1,1020,7067183,6928.6,7008.0,3584,7808,485.1,"void at::native::index_elementwise_kernel<(int)128, (int)4, void at::native::gpu_index_kernel<void at::native::index_put_kernel_impl<at::native::OpaqueType<(int)8>>(at::TensorIterator &, c10::ArrayRef<long>, c10::ArrayRef<long>)::[lambda(char *, const char *, long) (instance 1)]>(at::TensorIteratorBase &, c10::ArrayRef<long>, c10::ArrayRef<long>, const T1 &, bool)::[lambda(int) (instance 1)]>(long, T3)"
:stage.process:model.layers.0.self_attn.o_proj,PushPop,1950204,1953352,1,772,6325068,8193.1,8192.0,7872,8928,122.6,"void at::native::reduce_kernel<(int)512, (int)1, at::native::ReduceOp<c10::Half, at::native::func_wrapper_t<c10::Half, at::native::MaxNanFunctor<c10::Half>>, unsigned int, c10::Half, (int)4, (int)4>>(T3)"
:stage.process:model.layers.0.self_attn.o_proj,PushPop,1950204,1953352,1,2593,5596782,2158.4,2112.0,1536,6592,320.6,"void at::native::vectorized_elementwise_kernel<(int)4, at::native::BinaryFunctor<bool, bool, bool, at::native::binary_internal::MulFunctor<bool>>, std::array<char *, (unsigned long)3>>(int, T2, T3)"
:stage.process:model.layers.0.self_attn.o_proj,PushPop,1950204,1953352,1,177,5469301,30900.0,26976.0,3904,72160,22248.9,"void gemmSN_NN_kernel<float, (int)256, (int)4, (int)2, (int)8, (int)4, (int)4, (bool)0, cublasGemvTensorStridedBatched<const float>, cublasGemvTensorStridedBatched<const float>, cublasGemvTensorStridedBatched<float>>(cublasGemmSmallNParams<T9, T10, T11, T1>)"
:stage.process:model.layers.0.self_attn.o_proj,PushPop,1950204,1953352,1,1285,5195345,4043.1,4000.0,2624,19552,635.3,"void at::native::unrolled_elementwise_kernel<at::native::direct_copy_kernel_cuda(at::TensorIteratorBase &)::[lambda() (instance 3)]::operator ()() const::[lambda() (instance 7)]::operator ()() const::[lambda(float) (instance 1)], std::array<char *, (unsigned long)2>, (int)4, TrivialOffsetCalculator<(int)1, unsigned int>, TrivialOffsetCalculator<(int)1, unsigned int>, at::native::memory::LoadWithCast<(int)1>, at::native::memory::StoreWithCast<(int)1>>(int, T1, T2, T4, T5, T6, T7)"
:stage.process:model.layers.0.self_attn.o_proj,PushPop,1950204,1953352,1,5,4723154,944630.8,934653.0,933853,985437,22814.1,ampere_sgemm_128x32_tn
:stage.process:model.layers.0.self_attn.o_proj,PushPop,1950204,1953352,1,765,4721554,6172.0,6528.0,3232,8384,1270.8,"void at::native::index_elementwise_kernel<(int)128, (int)4, void at::native::gpu_index_kernel<void at::native::index_put_kernel_impl<at::native::OpaqueType<(int)1>>(at::TensorIterator &, c10::ArrayRef<long>, c10::ArrayRef<long>)::[lambda(char *, const char *, long) (instance 1)]>(at::TensorIteratorBase &, c10::ArrayRef<long>, c10::ArrayRef<long>, const T1 &, bool)::[lambda(int) (instance 1)]>(long, T3)"
:stage.process:model.layers.0.self_attn.o_proj,PushPop,1950204,1953352,1,1824,3989304,2187.1,2112.0,1504,16608,960.0,"void at::native::vectorized_elementwise_kernel<(int)4, at::native::BinaryFunctor<float, float, bool, at::native::<unnamed>::CompareEqFunctor<float>>, std::array<char *, (unsigned long)3>>(int, T2, T3)"
:stage.process:model.layers.0.self_attn.o_proj,PushPop,1950204,1953352,1,1823,3867670,2121.6,2080.0,1568,6368,349.5,"void at::native::vectorized_elementwise_kernel<(int)4, at::native::AUnaryFunctor<float, float, bool, at::native::<unnamed>::CompareEqFunctor<float>>, std::array<char *, (unsigned long)2>>(int, T2, T3)"
:stage.process:model.layers.0.self_attn.o_proj,PushPop,1950204,1953352,1,2044,3833906,1875.7,1856.0,1536,2240,110.3,"void at::native::vectorized_elementwise_kernel<(int)4, at::native::BinaryFunctor<bool, bool, bool, at::native::logical_or_kernel_cuda(at::TensorIterator &)::[lambda() (instance 2)]::operator ()() const::[lambda() (instance 9)]::operator ()() const::[lambda(bool, bool) (instance 1)]>, std::array<char *, (unsigned long)3>>(int, T2, T3)"
:stage.process:model.layers.0.self_attn.o_proj,PushPop,1950204,1953352,1,1150,3778260,3285.4,3232.0,1888,24384,660.0,"void at::native::elementwise_kernel<(int)128, (int)2, void at::native::gpu_kernel_impl_nocast<at::native::direct_copy_kernel_cuda(at::TensorIteratorBase &)::[lambda() (instance 3)]::operator ()() const::[lambda() (instance 4)]::operator ()() const::[lambda(long) (instance 1)]>(at::TensorIteratorBase &, const T1 &)::[lambda(int) (instance 1)]>(int, T3)"
:stage.process:model.layers.0.self_attn.o_proj,PushPop,1950204,1953352,1,1542,3417303,2216.1,2144.0,1792,3040,178.2,"void at::native::vectorized_elementwise_kernel<(int)4, at::native::AbsFunctor<c10::Half>, std::array<char *, (unsigned long)2>>(int, T2, T3)"
:stage.process:model.layers.0.self_attn.o_proj,PushPop,1950204,1953352,1,429,3271761,7626.5,4416.0,3168,47296,4876.4,"void at::native::elementwise_kernel<(int)128, (int)2, void at::native::gpu_kernel_impl_nocast<at::native::CUDAFunctor_add<float>>(at::TensorIteratorBase &, const T1 &)::[lambda(int) (instance 1)]>(int, T3)"
:stage.process:model.layers.0.self_attn.o_proj,PushPop,1950204,1953352,1,1276,3260506,2555.3,2496.0,1760,3264,226.0,"void at::native::roll_cuda_kernel<float>(const T1 *, T1 *, long, long, long, long, long, long)"
:stage.process:model.layers.0.self_attn.o_proj,PushPop,1950204,1953352,1,1176,3169659,2695.3,2240.0,1504,27392,2974.4,"void at::native::vectorized_elementwise_kernel<(int)4, at::native::CUDAFunctor_add<float>, std::array<char *, (unsigned long)3>>(int, T2, T3)"
:stage.process:model.layers.0.self_attn.o_proj,PushPop,1950204,1953352,1,1268,3160375,2492.4,2368.0,1824,3680,383.7,"void at::native::elementwise_kernel<(int)128, (int)2, void at::native::gpu_kernel_impl_nocast<at::native::AUnaryFunctor<long, long, long, at::native::BitwiseAndFunctor<long>>>(at::TensorIteratorBase &, const T1 &)::[lambda(int) (instance 1)]>(int, T3)"
:stage.process:model.layers.0.self_attn.o_proj,PushPop,1950204,1953352,1,378,3123067,8262.1,8256.0,7872,8448,64.4,"void batch_trsm_left_kernel<float, (int)64, (int)4, (int)3, (bool)0, (bool)0, (bool)1>(cublasTrsmBatchParams2<T1>, T1, const T1 *, int)"
:stage.process:model.layers.0.self_attn.o_proj,PushPop,1950204,1953352,1,3,2781623,927207.7,927389.0,926333,927901,799.6,"void kernel<getrf_wo_pivot_params_<float, (int)0, (int)256, (int)1, (int)64, (int)64, (int)68, (int)8, (int)1, (int)1>>(int, int, void *, int, void *, int, int, int, int, int, int *)"
:stage.process:model.layers.0.self_attn.o_proj,PushPop,1950204,1953352,1,901,2644280,2934.8,2912.0,1760,11872,651.1,"void at::native::unrolled_elementwise_kernel<at::native::direct_copy_kernel_cuda(at::TensorIteratorBase &)::[lambda() (instance 3)]::operator ()() const::[lambda() (instance 4)]::operator ()() const::[lambda(long) (instance 1)], std::array<char *, (unsigned long)2>, (int)4, TrivialOffsetCalculator<(int)1, unsigned int>, TrivialOffsetCalculator<(int)1, unsigned int>, at::native::memory::LoadWithCast<(int)1>, at::native::memory::StoreWithCast<(int)1>>(int, T1, T2, T4, T5, T6, T7)"
:stage.process:model.layers.0.self_attn.o_proj,PushPop,1950204,1953352,1,1534,2570170,1675.5,1664.0,1536,2176,95.9,"void at::native::vectorized_elementwise_kernel<(int)4, void at::native::compare_scalar_kernel<float>(at::TensorIteratorBase &, at::native::<unnamed>::OpType, T1)::[lambda(float) (instance 1)], std::array<char *, (unsigned long)2>>(int, T2, T3)"
:stage.process:model.layers.0.self_attn.o_proj,PushPop,1950204,1953352,1,400,2329879,5824.7,4032.0,3999,55200,8855.4,ampere_sgemm_32x128_nt
:stage.process:model.layers.0.self_attn.o_proj,PushPop,1950204,1953352,1,1020,1945979,1907.8,1920.0,1632,2336,95.2,"void at::native::vectorized_elementwise_kernel<(int)4, at::native::bitwise_not_kernel_cuda(at::TensorIteratorBase &)::[lambda(bool) (instance 1)], std::array<char *, (unsigned long)2>>(int, T2, T3)"
:stage.process:model.layers.0.self_attn.o_proj,PushPop,1950204,1953352,1,770,1748376,2270.6,2240.0,1792,2368,41.7,"void at::native::vectorized_elementwise_kernel<(int)4, at::native::BinaryFunctor<c10::Half, c10::Half, bool, at::native::<unnamed>::CompareEqFunctor<c10::Half>>, std::array<char *, (unsigned long)3>>(int, T2, T3)"
:stage.process:model.layers.0.self_attn.o_proj,PushPop,1950204,1953352,1,770,1727737,2243.8,2240.0,1760,2368,40.0,"void at::native::vectorized_elementwise_kernel<(int)4, at::native::AUnaryFunctor<c10::Half, c10::Half, bool, at::native::<unnamed>::CompareEqFunctor<c10::Half>>, std::array<char *, (unsigned long)2>>(int, T2, T3)"
:stage.process:model.layers.0.self_attn.o_proj,PushPop,1950204,1953352,1,1022,1447610,1416.4,1408.0,1312,7456,261.7,"void at::native::vectorized_elementwise_kernel<(int)2, at::native::FillFunctor<long>, std::array<char *, (unsigned long)1>>(int, T2, T3)"
:stage.process:model.layers.0.self_attn.o_proj,PushPop,1950204,1953352,1,782,1414427,1808.7,1760.0,1631,11776,539.6,"void at::native::vectorized_elementwise_kernel<(int)4, void at::native::compare_scalar_kernel<long>(at::TensorIteratorBase &, at::native::<unnamed>::OpType, T1)::[lambda(long) (instance 1)], std::array<char *, (unsigned long)2>>(int, T2, T3)"
:stage.process:model.layers.0.self_attn.o_proj,PushPop,1950204,1953352,1,512,1336219,2609.8,2592.0,2336,2944,145.6,"void at::native::unrolled_elementwise_kernel<at::native::BinaryFunctor<float, float, float, at::native::maximum_kernel_cuda(at::TensorIteratorBase &)::[lambda() (instance 2)]::operator ()() const::[lambda() (instance 2)]::operator ()() const::[lambda(float, float) (instance 1)]>, std::array<char *, (unsigned long)3>, (int)4, TrivialOffsetCalculator<(int)2, unsigned int>, TrivialOffsetCalculator<(int)1, unsigned int>, at::native::memory::LoadWithCast<(int)2>, at::native::memory::StoreWithCast<(int)1>>(int, T1, T2, T4, T5, T6, T7)"
:stage.process:model.layers.0.self_attn.o_proj,PushPop,1950204,1953352,1,256,1076122,4203.6,4144.0,3904,4576,258.0,"void at::native::elementwise_kernel<(int)128, (int)4, void at::native::gpu_kernel_impl_nocast<at::native::direct_copy_kernel_cuda(at::TensorIteratorBase &)::[lambda() (instance 3)]::operator ()() const::[lambda() (instance 10)]::operator ()() const::[lambda(c10::Half) (instance 1)]>(at::TensorIteratorBase &, const T1 &)::[lambda(int) (instance 1)]>(int, T3)"
:stage.process:model.layers.0.self_attn.o_proj,PushPop,1950204,1953352,1,779,1067161,1369.9,1376.0,1248,1984,69.4,"void <unnamed>::elementwise_kernel_with_index<int, at::native::arange_cuda_out(const c10::Scalar &, const c10::Scalar &, const c10::Scalar &, at::Tensor &)::[lambda() (instance 1)]::operator ()() const::[lambda() (instance 4)]::operator ()() const::[lambda(long) (instance 1)]>(T1, T2, function_traits<T2>::result_type *)"
:stage.process:model.layers.0.self_attn.o_proj,PushPop,1950204,1953352,1,32,936219,29256.8,29328.0,19968,39359,6907.2,ampere_sgemm_128x32_nt
:stage.process:model.layers.0.self_attn.o_proj,PushPop,1950204,1953352,1,263,932477,3545.5,3392.0,3072,10336,955.0,"void at::native::reduce_kernel<(int)512, (int)1, at::native::ReduceOp<bool, at::native::func_wrapper_t<bool, at::native::or_kernel_cuda(at::TensorIterator &)::[lambda() (instance 1)]::operator ()() const::[lambda() (instance 12)]::operator ()() const::[lambda(bool, bool) (instance 1)]>, unsigned int, bool, (int)4, (int)4>>(T3)"
:stage.process:model.layers.0.self_attn.o_proj,PushPop,1950204,1953352,1,43,852800,19832.6,19648.0,17696,23040,1566.3,ampere_sgemm_128x32_sliced1x4_nn
:stage.process:model.layers.0.self_attn.o_proj,PushPop,1950204,1953352,1,128,706525,5519.7,5504.0,5216,6080,131.1,"void at::native::unrolled_elementwise_kernel<at::native::CUDAFunctor_add<float>, std::array<char *, (unsigned long)3>, (int)4, TrivialOffsetCalculator<(int)2, unsigned int>, TrivialOffsetCalculator<(int)1, unsigned int>, at::native::memory::LoadWithCast<(int)2>, at::native::memory::StoreWithCast<(int)1>>(int, T1, T2, T4, T5, T6, T7)"
:stage.process:model.layers.0.self_attn.o_proj,PushPop,1950204,1953352,1,3,665758,221919.3,329823.0,5632,330303,187310.5,"void at::native::reduce_kernel<(int)512, (int)1, at::native::ReduceOp<long, at::native::func_wrapper_t<long, at::native::sum_functor<long, long, long>::operator ()(at::TensorIterator &)::[lambda(long, long) (instance 1)]>, unsigned int, long, (int)4, (int)4>>(T3)"
:stage.process:model.layers.0.self_attn.o_proj,PushPop,1950204,1953352,1,11,587040,53367.3,10208.0,3232,257376,100667.0,"void at::native::vectorized_elementwise_kernel<(int)2, at::native::AUnaryFunctor<long, long, long, at::native::BitwiseAndFunctor<long>>, std::array<char *, (unsigned long)2>>(int, T2, T3)"
:stage.process:model.layers.0.self_attn.o_proj,PushPop,1950204,1953352,1,4,556126,139031.5,140735.5,3712,270943,151543.7,"void at::native::elementwise_kernel<(int)128, (int)2, void at::native::gpu_kernel_impl_nocast<at::native::BinaryFunctor<long, long, long, at::native::lshift_kernel_cuda(at::TensorIteratorBase &)::[lambda() (instance 1)]::operator ()() const::[lambda() (instance 4)]::operator ()() const::[lambda(long, long) (instance 1)]>>(at::TensorIteratorBase &, const T1 &)::[lambda(int) (instance 1)]>(int, T3)"
:stage.process:model.layers.0.self_attn.o_proj,PushPop,1950204,1953352,1,4,536669,134167.3,133919.0,11424,257407,141640.7,"void at::native::elementwise_kernel<(int)128, (int)2, void at::native::gpu_kernel_impl_nocast<at::native::BinaryFunctor<long, long, long, at::native::rshift_kernel_cuda(at::TensorIteratorBase &)::[lambda() (instance 1)]::operator ()() const::[lambda() (instance 4)]::operator ()() const::[lambda(long, long) (instance 1)]>>(at::TensorIteratorBase &, const T1 &)::[lambda(int) (instance 1)]>(int, T3)"
:stage.process:model.layers.0.self_attn.o_proj,PushPop,1950204,1953352,1,129,509120,3946.7,3744.0,3488,7072,368.4,"void at::native::elementwise_kernel<(int)128, (int)4, void at::native::gpu_kernel_impl_nocast<at::native::direct_copy_kernel_cuda(at::TensorIteratorBase &)::[lambda() (instance 3)]::operator ()() const::[lambda() (instance 1)]::operator ()() const::[lambda(unsigned char) (instance 1)]>(at::TensorIteratorBase &, const T1 &)::[lambda(int) (instance 1)]>(int, T3)"
:stage.process:model.layers.0.self_attn.o_proj,PushPop,1950204,1953352,1,113,508158,4497.0,3392.0,2944,15584,3424.8,"void cublasLt::splitKreduce_kernel<(int)32, (int)16, int, float, float, float, float, (bool)0, float, float, float, (bool)1, (bool)0, (bool)0, (bool)0>(cublasLt::cublasSplitKParams<T6>, const T4 *, const T10 *, T9 *, T5 *, const T6 *, const T6 *, const T11 *, const T4 *, T11 *, void *, long, T6 *, int *, T6 *, T6 *, const T6 *, const T6 *, const T6 *, const T6 *, const T6 *)"
:stage.process:model.layers.0.self_attn.o_proj,PushPop,1950204,1953352,1,3,469887,156629.0,225567.0,18240,226080,119848.7,"void at::native::index_elementwise_kernel<(int)128, (int)4, void at::native::gpu_index_kernel<void at::native::index_kernel_impl<at::native::OpaqueType<(int)8>>(at::TensorIteratorBase &, c10::ArrayRef<long>, c10::ArrayRef<long>)::[lambda(char *, const char *, long) (instance 1)]>(at::TensorIteratorBase &, c10::ArrayRef<long>, c10::ArrayRef<long>, const T1 &, bool)::[lambda(int) (instance 1)]>(long, T3)"
:stage.process:model.layers.0.self_attn.o_proj,PushPop,1950204,1953352,1,263,453343,1723.7,1696.0,1600,3712,259.3,"void at::native::vectorized_elementwise_kernel<(int)4, at::native::BinaryFunctor<bool, bool, bool, at::native::BitwiseOrFunctor<bool>>, std::array<char *, (unsigned long)3>>(int, T2, T3)"
:stage.process:model.layers.0.self_attn.o_proj,PushPop,1950204,1953352,1,16,328159,20509.9,20304.0,20000,21728,499.4,"void at::native::<unnamed>::CatArrayBatchedCopy<at::native::<unnamed>::OpaqueType<(unsigned int)4>, unsigned int, (int)2, (int)64, (int)64>(T1 *, at::native::<unnamed>::CatArrInputTensorMetadata<T1, T2, T4, T5>, at::native::<unnamed>::TensorSizeStride<T2, (unsigned int)4>, int, T2)"
:stage.process:model.layers.0.self_attn.o_proj,PushPop,1950204,1953352,1,132,310495,2352.2,1760.0,1664,22112,3401.6,"void at::native::vectorized_elementwise_kernel<(int)4, at::native::BinaryFunctor<long, long, bool, at::native::<unnamed>::CompareEqFunctor<long>>, std::array<char *, (unsigned long)3>>(int, T2, T3)"
:stage.process:model.layers.0.self_attn.o_proj,PushPop,1950204,1953352,1,128,279614,2184.5,2176.0,2144,2208,16.8,"void at::native::elementwise_kernel<(int)128, (int)2, void at::native::gpu_kernel_impl_nocast<at::native::BUnaryFunctor<long, long, long, at::native::rshift_kernel_cuda(at::TensorIteratorBase &)::[lambda() (instance 1)]::operator ()() const::[lambda() (instance 4)]::operator ()() const::[lambda(long, long) (instance 1)]>>(at::TensorIteratorBase &, const T1 &)::[lambda(int) (instance 1)]>(int, T3)"
:stage.process:model.layers.0.self_attn.o_proj,PushPop,1950204,1953352,1,17,233725,13748.5,14656.0,11072,15104,1389.0,ampere_sgemm_64x32_sliced1x4_nn
:stage.process:model.layers.0.self_attn.o_proj,PushPop,1950204,1953352,1,10,214848,21484.8,21440.0,21184,22048,251.6,"std::enable_if<!T7, void>::type internal::gemvx::kernel<int, int, float, float, float, float, (bool)0, (bool)1, (bool)1, (bool)0, (int)7, (bool)0, cublasGemvParamsEx<int, cublasGemvTensorStridedBatched<const float>, cublasGemvTensorStridedBatched<const float>, cublasGemvTensorStridedBatched<float>, float>>(T13)"
:stage.process:model.layers.0.self_attn.o_proj,PushPop,1950204,1953352,1,10,202207,20220.7,18048.0,3488,48288,11064.7,"void at::native::elementwise_kernel<(int)128, (int)2, void at::native::gpu_kernel_impl_nocast<at::native::BinaryFunctor<float, float, float, at::native::binary_internal::MulFunctor<float>>>(at::TensorIteratorBase &, const T1 &)::[lambda(int) (instance 1)]>(int, T3)"
:stage.process:model.layers.0.self_attn.o_proj,PushPop,1950204,1953352,1,9,178525,19836.1,19904.0,19200,20223,299.7,"void at::native::vectorized_elementwise_kernel<(int)4, at::native::BinaryFunctor<float, float, float, at::native::binary_internal::MulFunctor<float>>, std::array<char *, (unsigned long)3>>(int, T2, T3)"
:stage.process:model.layers.0.self_attn.o_proj,PushPop,1950204,1953352,1,16,168606,10537.9,10240.0,9024,12224,966.3,void cutlass::Kernel2<cutlass_80_simt_sgemm_128x32_8x5_nn_align1>(T1::Params)
:stage.process:model.layers.0.self_attn.o_proj,PushPop,1950204,1953352,1,3,141184,47061.3,47040.0,45696,48448,1376.1,"void at::native::triu_tril_kernel<float, int, (bool)0, (int)2, (bool)1>(at::cuda::detail::TensorInfo<T1, T2>, at::cuda::detail::TensorInfo<const T1, T2>, long, long, T2)"
:stage.process:model.layers.0.self_attn.o_proj,PushPop,1950204,1953352,1,6,132992,22165.3,22096.0,16224,28384,6498.7,"void trsm_batch_left_upper_kernel_small<float, (int)16, (int)16, (int)64>(cublasTrsmBatchParams<T1>, const T1 *const *, T1 *const *, const T1 *, T1)"
:stage.process:model.layers.0.self_attn.o_proj,PushPop,1950204,1953352,1,10,121344,12134.4,11952.0,11296,14336,847.6,"void at::native::reduce_kernel<(int)512, (int)1, at::native::ReduceOp<float, at::native::func_wrapper_t<float, at::native::sum_functor<float, float, float>::operator ()(at::TensorIterator &)::[lambda(float, float) (instance 1)]>, unsigned int, float, (int)4, (int)4>>(T3)"
:stage.process:model.layers.0.self_attn.o_proj,PushPop,1950204,1953352,1,14,108384,7741.7,7440.0,1408,21472,4570.3,"void at::native::vectorized_elementwise_kernel<(int)4, at::native::FillFunctor<float>, std::array<char *, (unsigned long)1>>(int, T2, T3)"
:stage.process:model.layers.0.self_attn.o_proj,PushPop,1950204,1953352,1,9,94880,10542.2,11648.0,1632,12160,3356.2,"void at::native::vectorized_elementwise_kernel<(int)4, at::native::BUnaryFunctor<float, float, float, at::native::binary_internal::MulFunctor<float>>, std::array<char *, (unsigned long)2>>(int, T2, T3)"
:stage.process:model.layers.0.self_attn.o_proj,PushPop,1950204,1953352,1,10,76000,7600.0,7664.0,4032,11232,2186.9,"void at::native::reduce_kernel<(int)512, (int)1, at::native::ReduceOp<float, at::native::MeanOps<float, float, float, float>, unsigned int, float, (int)4, (int)4>>(T3)"
:stage.process:model.layers.0.self_attn.o_proj,PushPop,1950204,1953352,1,1,75296,75296.0,75296.0,75296,75296,0.0,"void at::native::<unnamed>::CatArrayBatchedCopy_alignedK_contig<at::native::<unnamed>::OpaqueType<(unsigned int)8>, unsigned int, (int)3, (int)128, (int)1, (int)16>(T1 *, at::native::<unnamed>::CatArrInputTensorMetadata<T1, T2, T4, T5>, at::native::<unnamed>::TensorSizeStride<T2, (unsigned int)4>, int, T2)"
:stage.process:model.layers.0.self_attn.o_proj,PushPop,1950204,1953352,1,3,53759,17919.7,16928.0,16832,19999,1801.4,"void at::native::vectorized_elementwise_kernel<(int)2, at::native::BinaryFunctor<long, long, long, at::native::BitwiseXorFunctor<long>>, std::array<char *, (unsigned long)3>>(int, T2, T3)"
:stage.process:model.layers.0.self_attn.o_proj,PushPop,1950204,1953352,1,10,41024,4102.4,4208.0,3360,4992,507.3,"void at::native::elementwise_kernel<(int)128, (int)2, void at::native::gpu_kernel_impl_nocast<at::native::CUDAFunctorOnSelf_add<float>>(at::TensorIteratorBase &, const T1 &)::[lambda(int) (instance 1)]>(int, T3)"
:stage.process:model.layers.0.self_attn.o_proj,PushPop,1950204,1953352,1,4,40960,10240.0,10256.0,10176,10272,45.3,"void at::native::vectorized_elementwise_kernel<(int)2, at::native::BUnaryFunctor<long, long, long, at::native::rshift_kernel_cuda(at::TensorIteratorBase &)::[lambda() (instance 1)]::operator ()() const::[lambda() (instance 4)]::operator ()() const::[lambda(long, long) (instance 1)]>, std::array<char *, (unsigned long)2>>(int, T2, T3)"
:stage.process:model.layers.0.self_attn.o_proj,PushPop,1950204,1953352,1,2,38368,19184.0,19184.0,19104,19264,113.1,"void at::native::vectorized_elementwise_kernel<(int)2, at::native::BinaryFunctor<long, long, long, at::native::BitwiseOrFunctor<long>>, std::array<char *, (unsigned long)3>>(int, T2, T3)"
:stage.process:model.layers.0.self_attn.o_proj,PushPop,1950204,1953352,1,6,29408,4901.3,1696.0,1568,11648,5067.0,"void at::native::vectorized_elementwise_kernel<(int)4, at::native::AUnaryFunctor<float, float, float, at::native::binary_internal::MulFunctor<float>>, std::array<char *, (unsigned long)2>>(int, T2, T3)"
:stage.process:model.layers.0.self_attn.o_proj,PushPop,1950204,1953352,1,12,25376,2114.7,2208.0,1792,2272,160.6,"void at::native::vectorized_elementwise_kernel<(int)4, at::native::<unnamed>::CompareFunctor<float>, std::array<char *, (unsigned long)3>>(int, T2, T3)"
:stage.process:model.layers.0.self_attn.o_proj,PushPop,1950204,1953352,1,3,20032,6677.3,8064.0,3872,8096,2429.5,"void at::native::unrolled_elementwise_kernel<at::native::direct_copy_kernel_cuda(at::TensorIteratorBase &)::[lambda() (instance 3)]::operator ()() const::[lambda() (instance 3)]::operator ()() const::[lambda(int) (instance 1)], std::array<char *, (unsigned long)2>, (int)4, TrivialOffsetCalculator<(int)1, unsigned int>, TrivialOffsetCalculator<(int)1, unsigned int>, at::native::memory::LoadWithCast<(int)1>, at::native::memory::StoreWithCast<(int)1>>(int, T1, T2, T4, T5, T6, T7)"
:stage.process:model.layers.0.self_attn.o_proj,PushPop,1950204,1953352,1,2,19712,9856.0,9856.0,9760,9952,135.8,"void at::native::vectorized_elementwise_kernel<(int)2, at::native::BUnaryFunctor<long, long, long, at::native::lshift_kernel_cuda(at::TensorIteratorBase &)::[lambda() (instance 1)]::operator ()() const::[lambda() (instance 4)]::operator ()() const::[lambda(long, long) (instance 1)]>, std::array<char *, (unsigned long)2>>(int, T2, T3)"
:stage.process:model.layers.0.self_attn.o_proj,PushPop,1950204,1953352,1,1,19423,19423.0,19423.0,19423,19423,0.0,"void at::native::elementwise_kernel<(int)128, (int)2, void at::native::gpu_kernel_impl_nocast<at::native::BinaryFunctor<float, float, float, at::native::binary_internal::DivFunctor<float>>>(at::TensorIteratorBase &, const T1 &)::[lambda(int) (instance 1)]>(int, T3)"
:stage.process:model.layers.0.self_attn.o_proj,PushPop,1950204,1953352,1,6,18624,3104.0,1680.0,1664,10240,3495.9,"void at::native::vectorized_elementwise_kernel<(int)2, at::native::AUnaryFunctor<long, long, long, at::native::binary_internal::MulFunctor<long>>, std::array<char *, (unsigned long)2>>(int, T2, T3)"
:stage.process:model.layers.0.self_attn.o_proj,PushPop,1950204,1953352,1,5,16768,3353.6,1632.0,1568,10368,3921.3,"void at::native::vectorized_elementwise_kernel<(int)2, at::native::CUDAFunctorOnSelf_add<long>, std::array<char *, (unsigned long)2>>(int, T2, T3)"
:stage.process:model.layers.0.self_attn.o_proj,PushPop,1950204,1953352,1,1,16544,16544.0,16544.0,16544,16544,0.0,"void at::native::vectorized_elementwise_kernel<(int)4, void at::native::<unnamed>::pow_tensor_scalar_kernel_impl<float, float>(at::TensorIteratorBase &, T2)::[lambda(float) (instance 1)], std::array<char *, (unsigned long)2>>(int, T2, T3)"
:stage.process:model.layers.0.self_attn.o_proj,PushPop,1950204,1953352,1,4,14688,3672.0,3664.0,3456,3904,232.8,"void at::native::vectorized_elementwise_kernel<(int)2, at::native::BUnaryFunctor<long, long, long, at::native::remainder_kernel_cuda(at::TensorIteratorBase &)::[lambda() (instance 1)]::operator ()() const::[lambda() (instance 4)]::operator ()() const::[lambda(long, long) (instance 1)]>, std::array<char *, (unsigned long)2>>(int, T2, T3)"
:stage.process:model.layers.0.self_attn.o_proj,PushPop,1950204,1953352,1,3,13536,4512.0,4576.0,4160,4800,324.8,"void at::native::elementwise_kernel<(int)128, (int)2, void at::native::gpu_kernel_impl_nocast<at::native::direct_copy_kernel_cuda(at::TensorIteratorBase &)::[lambda() (instance 3)]::operator ()() const::[lambda() (instance 3)]::operator ()() const::[lambda(int) (instance 1)]>(at::TensorIteratorBase &, const T1 &)::[lambda(int) (instance 1)]>(int, T3)"
:stage.process:model.layers.0.self_attn.o_proj,PushPop,1950204,1953352,1,8,12576,1572.0,1552.0,1536,1728,65.0,"void at::native::unrolled_elementwise_kernel<at::native::AUnaryFunctor<long, long, long, at::native::BitwiseAndFunctor<long>>, std::array<char *, (unsigned long)2>, (int)4, TrivialOffsetCalculator<(int)1, unsigned int>, TrivialOffsetCalculator<(int)1, unsigned int>, at::native::memory::LoadWithoutCast, at::native::memory::StoreWithoutCast>(int, T1, T2, T4, T5, T6, T7)"
:stage.process:model.layers.0.self_attn.o_proj,PushPop,1950204,1953352,1,1,11552,11552.0,11552.0,11552,11552,0.0,"void at::native::vectorized_elementwise_kernel<(int)4, at::native::float16_copy_kernel_cuda(at::TensorIteratorBase &)::[lambda(float) (instance 1)], std::array<char *, (unsigned long)2>>(int, T2, T3)"
:stage.process:model.layers.0.self_attn.o_proj,PushPop,1950204,1953352,1,6,11488,1914.7,1904.0,1888,1952,31.5,"void at::native::vectorized_elementwise_kernel<(int)4, at::native::FillFunctor<unsigned char>, std::array<char *, (unsigned long)1>>(int, T2, T3)"
:stage.process:model.layers.0.self_attn.o_proj,PushPop,1950204,1953352,1,1,10976,10976.0,10976.0,10976,10976,0.0,"void at::native::reduce_kernel<(int)128, (int)4, at::native::ReduceOp<long, at::native::func_wrapper_t<long, at::native::sum_functor<long, long, long>::operator ()(at::TensorIterator &)::[lambda(long, long) (instance 1)]>, unsigned int, long, (int)4, (int)4>>(T3)"
:stage.process:model.layers.0.self_attn.o_proj,PushPop,1950204,1953352,1,3,10336,3445.3,3552.0,3168,3616,242.3,"void at::native::unrolled_elementwise_kernel<at::native::direct_copy_kernel_cuda(at::TensorIteratorBase &)::[lambda() (instance 3)]::operator ()() const::[lambda() (instance 1)]::operator ()() const::[lambda(unsigned char) (instance 1)], std::array<char *, (unsigned long)2>, (int)4, TrivialOffsetCalculator<(int)1, unsigned int>, TrivialOffsetCalculator<(int)1, unsigned int>, at::native::memory::LoadWithCast<(int)1>, at::native::memory::StoreWithCast<(int)1>>(int, T1, T2, T4, T5, T6, T7)"
:stage.process:model.layers.0.self_attn.o_proj,PushPop,1950204,1953352,1,1,9184,9184.0,9184.0,9184,9184,0.0,ampere_sgemm_32x32_sliced1x4_nn
:stage.process:model.layers.0.self_attn.o_proj,PushPop,1950204,1953352,1,4,8608,2152.0,2112.0,2080,2304,105.7,"void at::native::vectorized_elementwise_kernel<(int)4, at::native::FillFunctor<bool>, std::array<char *, (unsigned long)1>>(int, T2, T3)"
:stage.process:model.layers.0.self_attn.o_proj,PushPop,1950204,1953352,1,3,7968,2656.0,2656.0,2624,2688,32.0,"void at::native::vectorized_elementwise_kernel<(int)4, at::native::AUnaryFunctor<unsigned char, unsigned char, bool, at::native::<unnamed>::CompareEqFunctor<unsigned char>>, std::array<char *, (unsigned long)2>>(int, T2, T3)"
:stage.process:model.layers.0.self_attn.o_proj,PushPop,1950204,1953352,1,2,7616,3808.0,3808.0,3744,3872,90.5,"void at::native::vectorized_elementwise_kernel<(int)2, at::native::BUnaryFunctor<long, long, long, at::native::binary_internal::div_floor_kernel_cuda(at::TensorIteratorBase &)::[lambda() (instance 1)]::operator ()() const::[lambda() (instance 4)]::operator ()() const::[lambda(long, long) (instance 1)]>, std::array<char *, (unsigned long)2>>(int, T2, T3)"
:stage.process:model.layers.0.self_attn.o_proj,PushPop,1950204,1953352,1,4,7552,1888.0,1872.0,1760,2048,119.7,"void at::native::vectorized_elementwise_kernel<(int)4, void at::native::compare_scalar_kernel<c10::Half>(at::TensorIteratorBase &, at::native::<unnamed>::OpType, T1)::[lambda(c10::Half) (instance 1)], std::array<char *, (unsigned long)2>>(int, T2, T3)"
:stage.process:model.layers.0.self_attn.o_proj,PushPop,1950204,1953352,1,2,6784,3392.0,3392.0,3264,3520,181.0,"void at::native::elementwise_kernel<(int)128, (int)2, void at::native::gpu_kernel_impl_nocast<at::native::AbsFunctor<float>>(at::TensorIteratorBase &, const T1 &)::[lambda(int) (instance 1)]>(int, T3)"
:stage.process:model.layers.0.self_attn.o_proj,PushPop,1950204,1953352,1,2,6400,3200.0,3200.0,3200,3200,0.0,"void at::native::elementwise_kernel<(int)128, (int)2, void at::native::gpu_kernel_impl_nocast<at::native::CUDAFunctor_add<long>>(at::TensorIteratorBase &, const T1 &)::[lambda(int) (instance 1)]>(int, T3)"
:stage.process:model.layers.0.self_attn.o_proj,PushPop,1950204,1953352,1,3,5792,1930.7,1952.0,1728,2112,192.9,"void at::native::vectorized_elementwise_kernel<(int)4, at::native::BinaryFunctor<float, float, float, at::native::maximum_kernel_cuda(at::TensorIteratorBase &)::[lambda() (instance 2)]::operator ()() const::[lambda() (instance 2)]::operator ()() const::[lambda(float, float) (instance 1)]>, std::array<char *, (unsigned long)3>>(int, T2, T3)"
:stage.process:model.layers.0.self_attn.o_proj,PushPop,1950204,1953352,1,3,4928,1642.7,1728.0,1440,1760,176.2,"xxtrf4_set_info_ker(int, int *)"
:stage.process:model.layers.0.self_attn.o_proj,PushPop,1950204,1953352,1,2,4736,2368.0,2368.0,2368,2368,0.0,"void at::native::vectorized_elementwise_kernel<(int)2, at::native::CUDAFunctorOnOther_add<long>, std::array<char *, (unsigned long)2>>(int, T2, T3)"
:stage.process:model.layers.0.self_attn.o_proj,PushPop,1950204,1953352,1,1,4448,4448.0,4448.0,4448,4448,0.0,"void at::native::<unnamed>::CatArrayBatchedCopy_vectorized<at::native::<unnamed>::OpaqueType<(unsigned int)2>, unsigned int, (int)1, (int)128, (int)1, (int)16, (int)8>(char *, at::native::<unnamed>::CatArrInputTensorMetadata<T1, T2, T4, T5>, at::native::<unnamed>::TensorSizeStride<T2, (unsigned int)4>, int, T2)"
:stage.process:model.layers.0.self_attn.o_proj,PushPop,1950204,1953352,1,1,3648,3648.0,3648.0,3648,3648,0.0,"void at::native::vectorized_elementwise_kernel<(int)4, at::native::AUnaryFunctor<unsigned char, unsigned char, unsigned char, at::native::binary_internal::MulFunctor<unsigned char>>, std::array<char *, (unsigned long)2>>(int, T2, T3)"
:stage.process:model.layers.0.self_attn.o_proj,PushPop,1950204,1953352,1,1,2784,2784.0,2784.0,2784,2784,0.0,"void at::native::vectorized_elementwise_kernel<(int)4, at::native::BinaryFunctor<unsigned char, unsigned char, bool, at::native::<unnamed>::CompareEqFunctor<unsigned char>>, std::array<char *, (unsigned long)3>>(int, T2, T3)"
:stage.process:model.layers.0.self_attn.o_proj,PushPop,1950204,1953352,1,1,2336,2336.0,2336.0,2336,2336,0.0,"void at::native::vectorized_elementwise_kernel<(int)4, at::native::sqrt_kernel_cuda(at::TensorIteratorBase &)::[lambda() (instance 2)]::operator ()() const::[lambda() (instance 2)]::operator ()() const::[lambda(float) (instance 1)], std::array<char *, (unsigned long)2>>(int, T2, T3)"
:stage.process:model.layers.0.self_attn.o_proj,PushPop,1950204,1953352,1,1,2240,2240.0,2240.0,2240,2240,0.0,"void at::native::unrolled_elementwise_kernel<at::native::direct_copy_kernel_cuda(at::TensorIteratorBase &)::[lambda() (instance 3)]::operator ()() const::[lambda() (instance 11)]::operator ()() const::[lambda(bool) (instance 1)], std::array<char *, (unsigned long)2>, (int)4, TrivialOffsetCalculator<(int)1, unsigned int>, TrivialOffsetCalculator<(int)1, unsigned int>, at::native::memory::LoadWithCast<(int)1>, at::native::memory::StoreWithCast<(int)1>>(int, T1, T2, T4, T5, T6, T7)"
:stage.process:model.layers.0.self_attn.o_proj,PushPop,1950204,1953352,1,1,2112,2112.0,2112.0,2112,2112,0.0,"void at::native::unrolled_elementwise_kernel<at::native::<unnamed>::CompareFunctor<c10::Half>, std::array<char *, (unsigned long)3>, (int)4, TrivialOffsetCalculator<(int)2, unsigned int>, TrivialOffsetCalculator<(int)1, unsigned int>, at::native::memory::LoadWithoutCast, at::native::memory::StoreWithoutCast>(int, T1, T2, T4, T5, T6, T7)"
:stage.process:model.layers.0.self_attn.o_proj,PushPop,1950204,1953352,1,1,1760,1760.0,1760.0,1760,1760,0.0,"void at::native::vectorized_elementwise_kernel<(int)4, at::native::<unnamed>::launch_clamp_scalar(at::TensorIteratorBase &, c10::Scalar, c10::Scalar, at::native::detail::ClampLimits)::[lambda() (instance 1)]::operator ()() const::[lambda() (instance 7)]::operator ()() const::[lambda(float) (instance 1)], std::array<char *, (unsigned long)2>>(int, T2, T3)"
:stage.process:model.layers.0.self_attn.q_proj,PushPop,1950204,1953352,1,14288,5059357914,354098.4,279391.0,132320,1132092,313287.4,"void <unnamed>::qvq_v2_segment_grid_kernel<(int)4, (int)2, (int)16, (bool)1, (bool)0, __half, unsigned char>(const float *, const T6 *, const float *, const long *, const float *, const float *, float *, T7 *, unsigned char *, int, int, int, bool, bool)"
:stage.process:model.layers.0.self_attn.q_proj,PushPop,1950204,1953352,1,766,1441948895,1882439.8,1419354.0,1356891,2864532,659983.7,"void <unnamed>::qvq_viterbi_kernel<(int)4, (int)2, __half, unsigned char>(const float *, const T3 *, const float *, const long *, const float *, T4 *, long *, float *, int, int, int, bool, bool, bool)"
:stage.process:model.layers.0.self_attn.q_proj,PushPop,1950204,1953352,1,694,407211548,586760.2,581069.5,308031,876669,168142.4,ampere_sgemm_64x32_sliced1x4_nt
:stage.process:model.layers.0.self_attn.q_proj,PushPop,1950204,1953352,1,1786,217212836,121619.7,96015.0,67104,300127,72205.2,"void <unnamed>::qvq_v2_segment_grid_finalize_kernel<(int)4, (int)2, (int)16, (bool)0, __half, unsigned char>(const float *, const T5 *, const float *, const long *, const float *, const float *, const T6 *, const unsigned char *, long *, unsigned char *, float *, int, int, bool, bool)"
:stage.process:model.layers.0.self_attn.q_proj,PushPop,1950204,1953352,1,4080,73576616,18033.5,8256.0,4320,53248,13982.4,"void at::native::index_elementwise_kernel<(int)128, (int)4, void at::native::gpu_index_kernel<void at::native::index_kernel_impl<at::native::OpaqueType<(int)4>>(at::TensorIteratorBase &, c10::ArrayRef<long>, c10::ArrayRef<long>)::[lambda(char *, const char *, long) (instance 1)]>(at::TensorIteratorBase &, c10::ArrayRef<long>, c10::ArrayRef<long>, const T1 &, bool)::[lambda(int) (instance 1)]>(long, T3)"
:stage.process:model.layers.0.self_attn.q_proj,PushPop,1950204,1953352,1,288,51203587,177790.2,177727.0,58592,297887,70231.2,void cutlass::Kernel2<cutlass_80_simt_sgemm_128x32_8x5_nt_align1>(T1::Params)
:stage.process:model.layers.0.self_attn.q_proj,PushPop,1950204,1953352,1,996,30167528,30288.7,30367.5,4320,61088,15972.3,"void gemmSN_NN_kernel<float, (int)128, (int)2, (int)4, (int)8, (int)4, (int)4, (bool)0, cublasGemvTensorStridedBatched<const float>, cublasGemvTensorStridedBatched<const float>, cublasGemvTensorStridedBatched<float>>(cublasGemmSmallNParams<T9, T10, T11, T1>)"
:stage.process:model.layers.0.self_attn.q_proj,PushPop,1950204,1953352,1,50,20916559,418331.2,20848.0,15680,887837,420633.7,ampere_sgemm_128x32_nn
:stage.process:model.layers.0.self_attn.q_proj,PushPop,1950204,1953352,1,2974,19031339,6399.2,7200.0,2528,11712,1792.6,"void at::native::reduce_kernel<(int)512, (int)1, at::native::ReduceOp<bool, at::native::func_wrapper_t<bool, at::native::and_kernel_cuda(at::TensorIterator &)::[lambda() (instance 1)]::operator ()() const::[lambda() (instance 12)]::operator ()() const::[lambda(bool, bool) (instance 1)]>, unsigned int, bool, (int)4, (int)4>>(T3)"
:stage.process:model.layers.0.self_attn.q_proj,PushPop,1950204,1953352,1,2040,13522927,6628.9,6656.0,3488,7264,376.2,"void at::native::index_elementwise_kernel<(int)128, (int)4, void at::native::gpu_index_kernel<void at::native::index_put_kernel_impl<at::native::OpaqueType<(int)4>>(at::TensorIterator &, c10::ArrayRef<long>, c10::ArrayRef<long>)::[lambda(char *, const char *, long) (instance 1)]>(at::TensorIteratorBase &, c10::ArrayRef<long>, c10::ArrayRef<long>, const T1 &, bool)::[lambda(int) (instance 1)]>(long, T3)"
:stage.process:model.layers.0.self_attn.q_proj,PushPop,1950204,1953352,1,1410,13357178,9473.2,9488.0,4640,33952,1568.4,"void at::native::index_elementwise_kernel<(int)128, (int)4, void at::native::gpu_index_kernel<void at::native::index_kernel_impl<at::native::OpaqueType<(int)2>>(at::TensorIteratorBase &, c10::ArrayRef<long>, c10::ArrayRef<long>)::[lambda(char *, const char *, long) (instance 1)]>(at::TensorIteratorBase &, c10::ArrayRef<long>, c10::ArrayRef<long>, const T1 &, bool)::[lambda(int) (instance 1)]>(long, T3)"
:stage.process:model.layers.0.self_attn.q_proj,PushPop,1950204,1953352,1,1788,11844967,6624.7,7200.0,3296,8576,1283.6,"void at::native::reduce_kernel<(int)512, (int)1, at::native::ReduceOp<float, at::native::func_wrapper_t<float, at::native::MaxNanFunctor<float>>, unsigned int, float, (int)4, (int)4>>(T3)"
:stage.process:model.layers.0.self_attn.q_proj,PushPop,1950204,1953352,1,2241,8801383,3927.4,3232.0,2144,54880,4955.3,"void at::native::elementwise_kernel<(int)128, (int)2, void at::native::gpu_kernel_impl_nocast<at::native::direct_copy_kernel_cuda(at::TensorIteratorBase &)::[lambda() (instance 3)]::operator ()() const::[lambda() (instance 7)]::operator ()() const::[lambda(float) (instance 1)]>(at::TensorIteratorBase &, const T1 &)::[lambda(int) (instance 1)]>(int, T3)"
:stage.process:model.layers.0.self_attn.q_proj,PushPop,1950204,1953352,1,3611,7765249,2150.4,2048.0,1536,18784,824.6,"void at::native::vectorized_elementwise_kernel<(int)4, at::native::AbsFunctor<float>, std::array<char *, (unsigned long)2>>(int, T2, T3)"
:stage.process:model.layers.0.self_attn.q_proj,PushPop,1950204,1953352,1,2552,7342692,2877.2,2816.0,2144,4864,536.1,"<unnamed>::qvq_half2_codebook_norm_pack_kernel(const __half *, unsigned long *, int)"
:stage.process:model.layers.0.self_attn.q_proj,PushPop,1950204,1953352,1,1020,6963140,6826.6,6912.0,3392,7424,479.6,"void at::native::index_elementwise_kernel<(int)128, (int)4, void at::native::gpu_index_kernel<void at::native::index_put_kernel_impl<at::native::OpaqueType<(int)8>>(at::TensorIterator &, c10::ArrayRef<long>, c10::ArrayRef<long>)::[lambda(char *, const char *, long) (instance 1)]>(at::TensorIteratorBase &, c10::ArrayRef<long>, c10::ArrayRef<long>, const T1 &, bool)::[lambda(int) (instance 1)]>(long, T3)"
:stage.process:model.layers.0.self_attn.q_proj,PushPop,1950204,1953352,1,772,6218724,8055.3,8064.0,7552,8832,186.0,"void at::native::reduce_kernel<(int)512, (int)1, at::native::ReduceOp<c10::Half, at::native::func_wrapper_t<c10::Half, at::native::MaxNanFunctor<c10::Half>>, unsigned int, c10::Half, (int)4, (int)4>>(T3)"
:stage.process:model.layers.0.self_attn.q_proj,PushPop,1950204,1953352,1,2598,5595944,2153.9,2112.0,1536,6624,325.5,"void at::native::vectorized_elementwise_kernel<(int)4, at::native::BinaryFunctor<bool, bool, bool, at::native::binary_internal::MulFunctor<bool>>, std::array<char *, (unsigned long)3>>(int, T2, T3)"
:stage.process:model.layers.0.self_attn.q_proj,PushPop,1950204,1953352,1,177,5481188,30967.2,26944.0,3840,72480,22341.2,"void gemmSN_NN_kernel<float, (int)256, (int)4, (int)2, (int)8, (int)4, (int)4, (bool)0, cublasGemvTensorStridedBatched<const float>, cublasGemvTensorStridedBatched<const float>, cublasGemvTensorStridedBatched<float>>(cublasGemmSmallNParams<T9, T10, T11, T1>)"
:stage.process:model.layers.0.self_attn.q_proj,PushPop,1950204,1953352,1,1285,5323632,4142.9,4096.0,2688,18880,615.8,"void at::native::unrolled_elementwise_kernel<at::native::direct_copy_kernel_cuda(at::TensorIteratorBase &)::[lambda() (instance 3)]::operator ()() const::[lambda() (instance 7)]::operator ()() const::[lambda(float) (instance 1)], std::array<char *, (unsigned long)2>, (int)4, TrivialOffsetCalculator<(int)1, unsigned int>, TrivialOffsetCalculator<(int)1, unsigned int>, at::native::memory::LoadWithCast<(int)1>, at::native::memory::StoreWithCast<(int)1>>(int, T1, T2, T4, T5, T6, T7)"
:stage.process:model.layers.0.self_attn.q_proj,PushPop,1950204,1953352,1,765,4868561,6364.1,6720.0,3392,8512,1256.0,"void at::native::index_elementwise_kernel<(int)128, (int)4, void at::native::gpu_index_kernel<void at::native::index_put_kernel_impl<at::native::OpaqueType<(int)1>>(at::TensorIterator &, c10::ArrayRef<long>, c10::ArrayRef<long>)::[lambda(char *, const char *, long) (instance 1)]>(at::TensorIteratorBase &, c10::ArrayRef<long>, c10::ArrayRef<long>, const T1 &, bool)::[lambda(int) (instance 1)]>(long, T3)"
:stage.process:model.layers.0.self_attn.q_proj,PushPop,1950204,1953352,1,5,4737262,947452.4,935964.0,933565,995900,27106.4,ampere_sgemm_128x32_tn
:stage.process:model.layers.0.self_attn.q_proj,PushPop,1950204,1953352,1,1824,3993428,2189.4,2112.0,1504,16864,961.4,"void at::native::vectorized_elementwise_kernel<(int)4, at::native::BinaryFunctor<float, float, bool, at::native::<unnamed>::CompareEqFunctor<float>>, std::array<char *, (unsigned long)3>>(int, T2, T3)"
:stage.process:model.layers.0.self_attn.q_proj,PushPop,1950204,1953352,1,2044,3903695,1909.8,1920.0,1568,2240,110.9,"void at::native::vectorized_elementwise_kernel<(int)4, at::native::BinaryFunctor<bool, bool, bool, at::native::logical_or_kernel_cuda(at::TensorIterator &)::[lambda() (instance 2)]::operator ()() const::[lambda() (instance 9)]::operator ()() const::[lambda(bool, bool) (instance 1)]>, std::array<char *, (unsigned long)3>>(int, T2, T3)"
:stage.process:model.layers.0.self_attn.q_proj,PushPop,1950204,1953352,1,1823,3867687,2121.6,2080.0,1472,6464,352.0,"void at::native::vectorized_elementwise_kernel<(int)4, at::native::AUnaryFunctor<float, float, bool, at::native::<unnamed>::CompareEqFunctor<float>>, std::array<char *, (unsigned long)2>>(int, T2, T3)"
:stage.process:model.layers.0.self_attn.q_proj,PushPop,1950204,1953352,1,1150,3700595,3217.9,3200.0,1952,24320,662.5,"void at::native::elementwise_kernel<(int)128, (int)2, void at::native::gpu_kernel_impl_nocast<at::native::direct_copy_kernel_cuda(at::TensorIteratorBase &)::[lambda() (instance 3)]::operator ()() const::[lambda() (instance 4)]::operator ()() const::[lambda(long) (instance 1)]>(at::TensorIteratorBase &, const T1 &)::[lambda(int) (instance 1)]>(int, T3)"
:stage.process:model.layers.0.self_attn.q_proj,PushPop,1950204,1953352,1,1547,3422093,2212.1,2144.0,1632,3072,183.6,"void at::native::vectorized_elementwise_kernel<(int)4, at::native::AbsFunctor<c10::Half>, std::array<char *, (unsigned long)2>>(int, T2, T3)"
:stage.process:model.layers.0.self_attn.q_proj,PushPop,1950204,1953352,1,1276,3253649,2549.9,2496.0,1728,3232,225.2,"void at::native::roll_cuda_kernel<float>(const T1 *, T1 *, long, long, long, long, long, long)"
:stage.process:model.layers.0.self_attn.q_proj,PushPop,1950204,1953352,1,429,3244823,7563.7,4384.0,3168,48288,4880.8,"void at::native::elementwise_kernel<(int)128, (int)2, void at::native::gpu_kernel_impl_nocast<at::native::CUDAFunctor_add<float>>(at::TensorIteratorBase &, const T1 &)::[lambda(int) (instance 1)]>(int, T3)"
:stage.process:model.layers.0.self_attn.q_proj,PushPop,1950204,1953352,1,1176,3158838,2686.1,2240.0,1536,27200,2976.1,"void at::native::vectorized_elementwise_kernel<(int)4, at::native::CUDAFunctor_add<float>, std::array<char *, (unsigned long)3>>(int, T2, T3)"
:stage.process:model.layers.0.self_attn.q_proj,PushPop,1950204,1953352,1,1268,3147544,2482.3,2336.0,1824,3424,385.3,"void at::native::elementwise_kernel<(int)128, (int)2, void at::native::gpu_kernel_impl_nocast<at::native::AUnaryFunctor<long, long, long, at::native::BitwiseAndFunctor<long>>>(at::TensorIteratorBase &, const T1 &)::[lambda(int) (instance 1)]>(int, T3)"
:stage.process:model.layers.0.self_attn.q_proj,PushPop,1950204,1953352,1,378,3123090,8262.1,8256.0,7808,8480,71.0,"void batch_trsm_left_kernel<float, (int)64, (int)4, (int)3, (bool)0, (bool)0, (bool)1>(cublasTrsmBatchParams2<T1>, T1, const T1 *, int)"
:stage.process:model.layers.0.self_attn.q_proj,PushPop,1950204,1953352,1,905,2776213,3067.6,3072.0,1920,11776,611.2,"void at::native::unrolled_elementwise_kernel<at::native::direct_copy_kernel_cuda(at::TensorIteratorBase &)::[lambda() (instance 3)]::operator ()() const::[lambda() (instance 4)]::operator ()() const::[lambda(long) (instance 1)], std::array<char *, (unsigned long)2>, (int)4, TrivialOffsetCalculator<(int)1, unsigned int>, TrivialOffsetCalculator<(int)1, unsigned int>, at::native::memory::LoadWithCast<(int)1>, at::native::memory::StoreWithCast<(int)1>>(int, T1, T2, T4, T5, T6, T7)"
:stage.process:model.layers.0.self_attn.q_proj,PushPop,1950204,1953352,1,3,2775732,925244.0,925372.0,924892,925468,308.6,"void kernel<getrf_wo_pivot_params_<float, (int)0, (int)256, (int)1, (int)64, (int)64, (int)68, (int)8, (int)1, (int)1>>(int, int, void *, int, void *, int, int, int, int, int, int *)"
:stage.process:model.layers.0.self_attn.q_proj,PushPop,1950204,1953352,1,1534,2642968,1722.9,1696.0,1536,2176,115.4,"void at::native::vectorized_elementwise_kernel<(int)4, void at::native::compare_scalar_kernel<float>(at::TensorIteratorBase &, at::native::<unnamed>::OpType, T1)::[lambda(float) (instance 1)], std::array<char *, (unsigned long)2>>(int, T2, T3)"
:stage.process:model.layers.0.self_attn.q_proj,PushPop,1950204,1953352,1,400,2321199,5803.0,4032.0,3999,53216,8782.5,ampere_sgemm_32x128_nt
:stage.process:model.layers.0.self_attn.q_proj,PushPop,1950204,1953352,1,1020,2049178,2009.0,2048.0,1632,2336,118.5,"void at::native::vectorized_elementwise_kernel<(int)4, at::native::bitwise_not_kernel_cuda(at::TensorIteratorBase &)::[lambda(bool) (instance 1)], std::array<char *, (unsigned long)2>>(int, T2, T3)"
:stage.process:model.layers.0.self_attn.q_proj,PushPop,1950204,1953352,1,1294,1792090,1384.9,1376.0,1248,2528,97.2,"void <unnamed>::elementwise_kernel_with_index<int, at::native::arange_cuda_out(const c10::Scalar &, const c10::Scalar &, const c10::Scalar &, at::Tensor &)::[lambda() (instance 1)]::operator ()() const::[lambda() (instance 4)]::operator ()() const::[lambda(long) (instance 1)]>(T1, T2, function_traits<T2>::result_type *)"
:stage.process:model.layers.0.self_attn.q_proj,PushPop,1950204,1953352,1,775,1754745,2264.2,2240.0,1760,2368,57.7,"void at::native::vectorized_elementwise_kernel<(int)4, at::native::BinaryFunctor<c10::Half, c10::Half, bool, at::native::<unnamed>::CompareEqFunctor<c10::Half>>, std::array<char *, (unsigned long)3>>(int, T2, T3)"
:stage.process:model.layers.0.self_attn.q_proj,PushPop,1950204,1953352,1,775,1747288,2254.6,2272.0,1760,2336,57.4,"void at::native::vectorized_elementwise_kernel<(int)4, at::native::AUnaryFunctor<c10::Half, c10::Half, bool, at::native::<unnamed>::CompareEqFunctor<c10::Half>>, std::array<char *, (unsigned long)2>>(int, T2, T3)"
:stage.process:model.layers.0.self_attn.q_proj,PushPop,1950204,1953352,1,512,1484345,2899.1,3008.0,1856,3392,324.7,"void at::native::elementwise_kernel<(int)128, (int)2, void at::native::gpu_kernel_impl_nocast<at::native::CUDAFunctor_add<long>>(at::TensorIteratorBase &, const T1 &)::[lambda(int) (instance 1)]>(int, T3)"
:stage.process:model.layers.0.self_attn.q_proj,PushPop,1950204,1953352,1,1022,1478553,1446.7,1440.0,1312,7200,259.4,"void at::native::vectorized_elementwise_kernel<(int)2, at::native::FillFunctor<long>, std::array<char *, (unsigned long)1>>(int, T2, T3)"
:stage.process:model.layers.0.self_attn.q_proj,PushPop,1950204,1953352,1,800,1467866,1834.8,1760.0,1632,11968,538.6,"void at::native::vectorized_elementwise_kernel<(int)4, void at::native::compare_scalar_kernel<long>(at::TensorIteratorBase &, at::native::<unnamed>::OpType, T1)::[lambda(long) (instance 1)], std::array<char *, (unsigned long)2>>(int, T2, T3)"
:stage.process:model.layers.0.self_attn.q_proj,PushPop,1950204,1953352,1,512,1339834,2616.9,2592.0,2336,2912,129.3,"void at::native::unrolled_elementwise_kernel<at::native::BinaryFunctor<float, float, float, at::native::maximum_kernel_cuda(at::TensorIteratorBase &)::[lambda() (instance 2)]::operator ()() const::[lambda() (instance 2)]::operator ()() const::[lambda(float, float) (instance 1)]>, std::array<char *, (unsigned long)3>, (int)4, TrivialOffsetCalculator<(int)2, unsigned int>, TrivialOffsetCalculator<(int)1, unsigned int>, at::native::memory::LoadWithCast<(int)2>, at::native::memory::StoreWithCast<(int)1>>(int, T1, T2, T4, T5, T6, T7)"
:stage.process:model.layers.0.self_attn.q_proj,PushPop,1950204,1953352,1,776,1324413,1706.7,1664.0,1504,10080,316.6,"void at::native::vectorized_elementwise_kernel<(int)2, at::native::AUnaryFunctor<long, long, long, at::native::binary_internal::MulFunctor<long>>, std::array<char *, (unsigned long)2>>(int, T2, T3)"
:stage.process:model.layers.0.self_attn.q_proj,PushPop,1950204,1953352,1,256,1082047,4226.7,4112.0,3904,4704,302.3,"void at::native::elementwise_kernel<(int)128, (int)4, void at::native::gpu_kernel_impl_nocast<at::native::direct_copy_kernel_cuda(at::TensorIteratorBase &)::[lambda() (instance 3)]::operator ()() const::[lambda() (instance 10)]::operator ()() const::[lambda(c10::Half) (instance 1)]>(at::TensorIteratorBase &, const T1 &)::[lambda(int) (instance 1)]>(int, T3)"
:stage.process:model.layers.0.self_attn.q_proj,PushPop,1950204,1953352,1,272,1030103,3787.1,3328.0,3136,14048,1958.9,"void at::native::reduce_kernel<(int)512, (int)1, at::native::ReduceOp<bool, at::native::func_wrapper_t<bool, at::native::or_kernel_cuda(at::TensorIterator &)::[lambda() (instance 1)]::operator ()() const::[lambda() (instance 12)]::operator ()() const::[lambda(bool, bool) (instance 1)]>, unsigned int, bool, (int)4, (int)4>>(T3)"
:stage.process:model.layers.0.self_attn.q_proj,PushPop,1950204,1953352,1,32,933183,29162.0,29216.0,19392,39040,6983.9,ampere_sgemm_128x32_nt
:stage.process:model.layers.0.self_attn.q_proj,PushPop,1950204,1953352,1,43,856444,19917.3,19744.0,17696,23487,1611.0,ampere_sgemm_128x32_sliced1x4_nn
:stage.process:model.layers.0.self_attn.q_proj,PushPop,1950204,1953352,1,128,731485,5714.7,5728.0,5312,6112,144.1,"void at::native::unrolled_elementwise_kernel<at::native::CUDAFunctor_add<float>, std::array<char *, (unsigned long)3>, (int)4, TrivialOffsetCalculator<(int)2, unsigned int>, TrivialOffsetCalculator<(int)1, unsigned int>, at::native::memory::LoadWithCast<(int)2>, at::native::memory::StoreWithCast<(int)1>>(int, T1, T2, T4, T5, T6, T7)"
:stage.process:model.layers.0.self_attn.q_proj,PushPop,1950204,1953352,1,3,666365,222121.7,330398.0,5408,330559,187679.6,"void at::native::reduce_kernel<(int)512, (int)1, at::native::ReduceOp<long, at::native::func_wrapper_t<long, at::native::sum_functor<long, long, long>::operator ()(at::TensorIterator &)::[lambda(long, long) (instance 1)]>, unsigned int, long, (int)4, (int)4>>(T3)"
:stage.process:model.layers.0.self_attn.q_proj,PushPop,1950204,1953352,1,21,604798,28799.9,3232.0,2176,256255,75307.3,"void at::native::vectorized_elementwise_kernel<(int)2, at::native::AUnaryFunctor<long, long, long, at::native::BitwiseAndFunctor<long>>, std::array<char *, (unsigned long)2>>(int, T2, T3)"
:stage.process:model.layers.0.self_attn.q_proj,PushPop,1950204,1953352,1,4,547486,136871.5,137103.5,3776,269503,148915.4,"void at::native::elementwise_kernel<(int)128, (int)2, void at::native::gpu_kernel_impl_nocast<at::native::BinaryFunctor<long, long, long, at::native::lshift_kernel_cuda(at::TensorIteratorBase &)::[lambda() (instance 1)]::operator ()() const::[lambda() (instance 4)]::operator ()() const::[lambda(long, long) (instance 1)]>>(at::TensorIteratorBase &, const T1 &)::[lambda(int) (instance 1)]>(int, T3)"
:stage.process:model.layers.0.self_attn.q_proj,PushPop,1950204,1953352,1,129,541534,4197.9,4192.0,3872,7104,260.6,"void at::native::elementwise_kernel<(int)128, (int)4, void at::native::gpu_kernel_impl_nocast<at::native::direct_copy_kernel_cuda(at::TensorIteratorBase &)::[lambda() (instance 3)]::operator ()() const::[lambda() (instance 1)]::operator ()() const::[lambda(unsigned char) (instance 1)]>(at::TensorIteratorBase &, const T1 &)::[lambda(int) (instance 1)]>(int, T3)"
:stage.process:model.layers.0.self_attn.q_proj,PushPop,1950204,1953352,1,4,538751,134687.8,134432.0,11616,258271,141982.6,"void at::native::elementwise_kernel<(int)128, (int)2, void at::native::gpu_kernel_impl_nocast<at::native::BinaryFunctor<long, long, long, at::native::rshift_kernel_cuda(at::TensorIteratorBase &)::[lambda() (instance 1)]::operator ()() const::[lambda() (instance 4)]::operator ()() const::[lambda(long, long) (instance 1)]>>(at::TensorIteratorBase &, const T1 &)::[lambda(int) (instance 1)]>(int, T3)"
:stage.process:model.layers.0.self_attn.q_proj,PushPop,1950204,1953352,1,113,507806,4493.9,3360.0,2944,15744,3462.1,"void cublasLt::splitKreduce_kernel<(int)32, (int)16, int, float, float, float, float, (bool)0, float, float, float, (bool)1, (bool)0, (bool)0, (bool)0>(cublasLt::cublasSplitKParams<T6>, const T4 *, const T10 *, T9 *, T5 *, const T6 *, const T6 *, const T11 *, const T4 *, T11 *, void *, long, T6 *, int *, T6 *, T6 *, const T6 *, const T6 *, const T6 *, const T6 *, const T6 *)"
:stage.process:model.layers.0.self_attn.q_proj,PushPop,1950204,1953352,1,7,494238,70605.4,6144.0,5792,226143,106244.2,"void at::native::index_elementwise_kernel<(int)128, (int)4, void at::native::gpu_index_kernel<void at::native::index_kernel_impl<at::native::OpaqueType<(int)8>>(at::TensorIteratorBase &, c10::ArrayRef<long>, c10::ArrayRef<long>)::[lambda(char *, const char *, long) (instance 1)]>(at::TensorIteratorBase &, c10::ArrayRef<long>, c10::ArrayRef<long>, const T1 &, bool)::[lambda(int) (instance 1)]>(long, T3)"
:stage.process:model.layers.0.self_attn.q_proj,PushPop,1950204,1953352,1,255,491680,1928.2,1952.0,1600,2272,130.0,"void at::native::vectorized_elementwise_kernel<(int)2, at::native::CUDAFunctor_add<long>, std::array<char *, (unsigned long)3>>(int, T2, T3)"
:stage.process:model.layers.0.self_attn.q_proj,PushPop,1950204,1953352,1,272,480319,1765.9,1728.0,1695,3744,254.3,"void at::native::vectorized_elementwise_kernel<(int)4, at::native::BinaryFunctor<bool, bool, bool, at::native::BitwiseOrFunctor<bool>>, std::array<char *, (unsigned long)3>>(int, T2, T3)"
:stage.process:model.layers.0.self_attn.q_proj,PushPop,1950204,1953352,1,16,328832,20552.0,20384.0,20000,21792,607.6,"void at::native::<unnamed>::CatArrayBatchedCopy<at::native::<unnamed>::OpaqueType<(unsigned int)4>, unsigned int, (int)2, (int)64, (int)64>(T1 *, at::native::<unnamed>::CatArrInputTensorMetadata<T1, T2, T4, T5>, at::native::<unnamed>::TensorSizeStride<T2, (unsigned int)4>, int, T2)"
:stage.process:model.layers.0.self_attn.q_proj,PushPop,1950204,1953352,1,132,312384,2366.5,1792.0,1664,22176,3396.5,"void at::native::vectorized_elementwise_kernel<(int)4, at::native::BinaryFunctor<long, long, bool, at::native::<unnamed>::CompareEqFunctor<long>>, std::array<char *, (unsigned long)3>>(int, T2, T3)"
:stage.process:model.layers.0.self_attn.q_proj,PushPop,1950204,1953352,1,128,279806,2186.0,2176.0,2144,2240,15.9,"void at::native::elementwise_kernel<(int)128, (int)2, void at::native::gpu_kernel_impl_nocast<at::native::BUnaryFunctor<long, long, long, at::native::rshift_kernel_cuda(at::TensorIteratorBase &)::[lambda() (instance 1)]::operator ()() const::[lambda() (instance 4)]::operator ()() const::[lambda(long, long) (instance 1)]>>(at::TensorIteratorBase &, const T1 &)::[lambda(int) (instance 1)]>(int, T3)"
:stage.process:model.layers.0.self_attn.q_proj,PushPop,1950204,1953352,1,17,235135,13831.5,14784.0,11360,15135,1313.0,ampere_sgemm_64x32_sliced1x4_nn
:stage.process:model.layers.0.self_attn.q_proj,PushPop,1950204,1953352,1,10,213598,21359.8,21327.5,21088,21664,163.4,"std::enable_if<!T7, void>::type internal::gemvx::kernel<int, int, float, float, float, float, (bool)0, (bool)1, (bool)1, (bool)0, (int)7, (bool)0, cublasGemvParamsEx<int, cublasGemvTensorStridedBatched<const float>, cublasGemvTensorStridedBatched<const float>, cublasGemvTensorStridedBatched<float>, float>>(T13)"
:stage.process:model.layers.0.self_attn.q_proj,PushPop,1950204,1953352,1,10,206976,20697.6,18352.0,3520,52000,12092.4,"void at::native::elementwise_kernel<(int)128, (int)2, void at::native::gpu_kernel_impl_nocast<at::native::BinaryFunctor<float, float, float, at::native::binary_internal::MulFunctor<float>>>(at::TensorIteratorBase &, const T1 &)::[lambda(int) (instance 1)]>(int, T3)"
:stage.process:model.layers.0.self_attn.q_proj,PushPop,1950204,1953352,1,9,180640,20071.1,20000.0,19392,20736,490.2,"void at::native::vectorized_elementwise_kernel<(int)4, at::native::BinaryFunctor<float, float, float, at::native::binary_internal::MulFunctor<float>>, std::array<char *, (unsigned long)3>>(int, T2, T3)"
:stage.process:model.layers.0.self_attn.q_proj,PushPop,1950204,1953352,1,16,170462,10653.9,10384.0,9184,12160,935.1,void cutlass::Kernel2<cutlass_80_simt_sgemm_128x32_8x5_nn_align1>(T1::Params)
:stage.process:model.layers.0.self_attn.q_proj,PushPop,1950204,1953352,1,3,141151,47050.3,46848.0,46847,47456,351.3,"void at::native::triu_tril_kernel<float, int, (bool)0, (int)2, (bool)1>(at::cuda::detail::TensorInfo<T1, T2>, at::cuda::detail::TensorInfo<const T1, T2>, long, long, T2)"
:stage.process:model.layers.0.self_attn.q_proj,PushPop,1950204,1953352,1,6,132704,22117.3,22064.0,16192,28096,6467.8,"void trsm_batch_left_upper_kernel_small<float, (int)16, (int)16, (int)64>(cublasTrsmBatchParams<T1>, const T1 *const *, T1 *const *, const T1 *, T1)"
:stage.process:model.layers.0.self_attn.q_proj,PushPop,1950204,1953352,1,10,119071,11907.1,11840.0,11008,13600,730.7,"void at::native::reduce_kernel<(int)512, (int)1, at::native::ReduceOp<float, at::native::func_wrapper_t<float, at::native::sum_functor<float, float, float>::operator ()(at::TensorIterator &)::[lambda(float, float) (instance 1)]>, unsigned int, float, (int)4, (int)4>>(T3)"
:stage.process:model.layers.0.self_attn.q_proj,PushPop,1950204,1953352,1,14,109087,7791.9,7488.0,1344,21664,4630.0,"void at::native::vectorized_elementwise_kernel<(int)4, at::native::FillFunctor<float>, std::array<char *, (unsigned long)1>>(int, T2, T3)"
:stage.process:model.layers.0.self_attn.q_proj,PushPop,1950204,1953352,1,9,93408,10378.7,11552.0,1760,11776,3243.3,"void at::native::vectorized_elementwise_kernel<(int)4, at::native::BUnaryFunctor<float, float, float, at::native::binary_internal::MulFunctor<float>>, std::array<char *, (unsigned long)2>>(int, T2, T3)"
:stage.process:model.layers.0.self_attn.q_proj,PushPop,1950204,1953352,1,17,88608,5212.2,2464.0,2368,20320,6097.7,"void at::native::vectorized_elementwise_kernel<(int)2, at::native::BinaryFunctor<long, long, long, at::native::BitwiseXorFunctor<long>>, std::array<char *, (unsigned long)3>>(int, T2, T3)"
:stage.process:model.layers.0.self_attn.q_proj,PushPop,1950204,1953352,1,19,75296,3962.9,2304.0,2176,10592,3408.1,"void at::native::vectorized_elementwise_kernel<(int)2, at::native::BUnaryFunctor<long, long, long, at::native::rshift_kernel_cuda(at::TensorIteratorBase &)::[lambda() (instance 1)]::operator ()() const::[lambda() (instance 4)]::operator ()() const::[lambda(long, long) (instance 1)]>, std::array<char *, (unsigned long)2>>(int, T2, T3)"
:stage.process:model.layers.0.self_attn.q_proj,PushPop,1950204,1953352,1,1,74367,74367.0,74367.0,74367,74367,0.0,"void at::native::<unnamed>::CatArrayBatchedCopy_alignedK_contig<at::native::<unnamed>::OpaqueType<(unsigned int)8>, unsigned int, (int)3, (int)128, (int)1, (int)16>(T1 *, at::native::<unnamed>::CatArrInputTensorMetadata<T1, T2, T4, T5>, at::native::<unnamed>::TensorSizeStride<T2, (unsigned int)4>, int, T2)"
:stage.process:model.layers.0.self_attn.q_proj,PushPop,1950204,1953352,1,10,73439,7343.9,7392.0,3968,10944,2100.6,"void at::native::reduce_kernel<(int)512, (int)1, at::native::ReduceOp<float, at::native::MeanOps<float, float, float, float>, unsigned int, float, (int)4, (int)4>>(T3)"
:stage.process:model.layers.0.self_attn.q_proj,PushPop,1950204,1953352,1,10,40160,4016.0,4160.0,3264,4544,406.8,"void at::native::elementwise_kernel<(int)128, (int)2, void at::native::gpu_kernel_impl_nocast<at::native::CUDAFunctorOnSelf_add<float>>(at::TensorIteratorBase &, const T1 &)::[lambda(int) (instance 1)]>(int, T3)"
:stage.process:model.layers.0.self_attn.q_proj,PushPop,1950204,1953352,1,2,38528,19264.0,19264.0,19264,19264,0.0,"void at::native::vectorized_elementwise_kernel<(int)2, at::native::BinaryFunctor<long, long, long, at::native::BitwiseOrFunctor<long>>, std::array<char *, (unsigned long)3>>(int, T2, T3)"
:stage.process:model.layers.0.self_attn.q_proj,PushPop,1950204,1953352,1,6,30176,5029.3,1824.0,1600,11872,5142.5,"void at::native::vectorized_elementwise_kernel<(int)4, at::native::AUnaryFunctor<float, float, float, at::native::binary_internal::MulFunctor<float>>, std::array<char *, (unsigned long)2>>(int, T2, T3)"
:stage.process:model.layers.0.self_attn.q_proj,PushPop,1950204,1953352,1,10,28767,2876.7,2335.5,1632,10240,2606.2,"void at::native::vectorized_elementwise_kernel<(int)2, at::native::CUDAFunctorOnSelf_add<long>, std::array<char *, (unsigned long)2>>(int, T2, T3)"
:stage.process:model.layers.0.self_attn.q_proj,PushPop,1950204,1953352,1,12,25599,2133.3,2208.0,1920,2400,156.3,"void at::native::vectorized_elementwise_kernel<(int)4, at::native::<unnamed>::CompareFunctor<float>, std::array<char *, (unsigned long)3>>(int, T2, T3)"
:stage.process:model.layers.0.self_attn.q_proj,PushPop,1950204,1953352,1,5,22528,4505.6,4512.0,4352,4704,155.8,"void at::native::<unnamed>::CatArrayBatchedCopy_alignedK_contig<at::native::<unnamed>::OpaqueType<(unsigned int)8>, unsigned int, (int)2, (int)128, (int)1, (int)16>(T1 *, at::native::<unnamed>::CatArrInputTensorMetadata<T1, T2, T4, T5>, at::native::<unnamed>::TensorSizeStride<T2, (unsigned int)4>, int, T2)"
:stage.process:model.layers.0.self_attn.q_proj,PushPop,1950204,1953352,1,3,20736,6912.0,8416.0,3648,8672,2829.6,"void at::native::unrolled_elementwise_kernel<at::native::direct_copy_kernel_cuda(at::TensorIteratorBase &)::[lambda() (instance 3)]::operator ()() const::[lambda() (instance 3)]::operator ()() const::[lambda(int) (instance 1)], std::array<char *, (unsigned long)2>, (int)4, TrivialOffsetCalculator<(int)1, unsigned int>, TrivialOffsetCalculator<(int)1, unsigned int>, at::native::memory::LoadWithCast<(int)1>, at::native::memory::StoreWithCast<(int)1>>(int, T1, T2, T4, T5, T6, T7)"
:stage.process:model.layers.0.self_attn.q_proj,PushPop,1950204,1953352,1,2,19743,9871.5,9871.5,9728,10015,202.9,"void at::native::vectorized_elementwise_kernel<(int)2, at::native::BUnaryFunctor<long, long, long, at::native::lshift_kernel_cuda(at::TensorIteratorBase &)::[lambda() (instance 1)]::operator ()() const::[lambda() (instance 4)]::operator ()() const::[lambda(long, long) (instance 1)]>, std::array<char *, (unsigned long)2>>(int, T2, T3)"
:stage.process:model.layers.0.self_attn.q_proj,PushPop,1950204,1953352,1,1,19200,19200.0,19200.0,19200,19200,0.0,"void at::native::elementwise_kernel<(int)128, (int)2, void at::native::gpu_kernel_impl_nocast<at::native::BinaryFunctor<float, float, float, at::native::binary_internal::DivFunctor<float>>>(at::TensorIteratorBase &, const T1 &)::[lambda(int) (instance 1)]>(int, T3)"
:stage.process:model.layers.0.self_attn.q_proj,PushPop,1950204,1953352,1,10,18912,1891.2,1888.0,1856,1984,38.3,"void at::native::vectorized_elementwise_kernel<(int)4, at::native::FillFunctor<unsigned char>, std::array<char *, (unsigned long)1>>(int, T2, T3)"
:stage.process:model.layers.0.self_attn.q_proj,PushPop,1950204,1953352,1,5,16736,3347.2,2944.0,2912,4448,660.7,"void at::native::<unnamed>::CatArrayBatchedCopy_vectorized<at::native::<unnamed>::OpaqueType<(unsigned int)2>, unsigned int, (int)1, (int)128, (int)1, (int)16, (int)8>(char *, at::native::<unnamed>::CatArrInputTensorMetadata<T1, T2, T4, T5>, at::native::<unnamed>::TensorSizeStride<T2, (unsigned int)4>, int, T2)"
:stage.process:model.layers.0.self_attn.q_proj,PushPop,1950204,1953352,1,1,16256,16256.0,16256.0,16256,16256,0.0,"void at::native::vectorized_elementwise_kernel<(int)4, void at::native::<unnamed>::pow_tensor_scalar_kernel_impl<float, float>(at::TensorIteratorBase &, T2)::[lambda(float) (instance 1)], std::array<char *, (unsigned long)2>>(int, T2, T3)"
:stage.process:model.layers.0.self_attn.q_proj,PushPop,1950204,1953352,1,4,14304,3576.0,3552.0,3424,3776,155.4,"void at::native::vectorized_elementwise_kernel<(int)2, at::native::BUnaryFunctor<long, long, long, at::native::remainder_kernel_cuda(at::TensorIteratorBase &)::[lambda() (instance 1)]::operator ()() const::[lambda() (instance 4)]::operator ()() const::[lambda(long, long) (instance 1)]>, std::array<char *, (unsigned long)2>>(int, T2, T3)"
:stage.process:model.layers.0.self_attn.q_proj,PushPop,1950204,1953352,1,3,13536,4512.0,4672.0,4096,4768,363.5,"void at::native::elementwise_kernel<(int)128, (int)2, void at::native::gpu_kernel_impl_nocast<at::native::direct_copy_kernel_cuda(at::TensorIteratorBase &)::[lambda() (instance 3)]::operator ()() const::[lambda() (instance 3)]::operator ()() const::[lambda(int) (instance 1)]>(at::TensorIteratorBase &, const T1 &)::[lambda(int) (instance 1)]>(int, T3)"
:stage.process:model.layers.0.self_attn.q_proj,PushPop,1950204,1953352,1,8,11968,1496.0,1520.0,1408,1536,50.6,"void at::native::unrolled_elementwise_kernel<at::native::AUnaryFunctor<long, long, long, at::native::BitwiseAndFunctor<long>>, std::array<char *, (unsigned long)2>, (int)4, TrivialOffsetCalculator<(int)1, unsigned int>, TrivialOffsetCalculator<(int)1, unsigned int>, at::native::memory::LoadWithoutCast, at::native::memory::StoreWithoutCast>(int, T1, T2, T4, T5, T6, T7)"
:stage.process:model.layers.0.self_attn.q_proj,PushPop,1950204,1953352,1,1,11424,11424.0,11424.0,11424,11424,0.0,"void at::native::vectorized_elementwise_kernel<(int)4, at::native::float16_copy_kernel_cuda(at::TensorIteratorBase &)::[lambda(float) (instance 1)], std::array<char *, (unsigned long)2>>(int, T2, T3)"
:stage.process:model.layers.0.self_attn.q_proj,PushPop,1950204,1953352,1,6,11328,1888.0,1792.0,1760,2112,161.9,"void at::native::unrolled_elementwise_kernel<at::native::<unnamed>::CompareFunctor<c10::Half>, std::array<char *, (unsigned long)3>, (int)4, TrivialOffsetCalculator<(int)2, unsigned int>, TrivialOffsetCalculator<(int)1, unsigned int>, at::native::memory::LoadWithoutCast, at::native::memory::StoreWithoutCast>(int, T1, T2, T4, T5, T6, T7)"
:stage.process:model.layers.0.self_attn.q_proj,PushPop,1950204,1953352,1,1,10848,10848.0,10848.0,10848,10848,0.0,"void at::native::reduce_kernel<(int)128, (int)4, at::native::ReduceOp<long, at::native::func_wrapper_t<long, at::native::sum_functor<long, long, long>::operator ()(at::TensorIterator &)::[lambda(long, long) (instance 1)]>, unsigned int, long, (int)4, (int)4>>(T3)"
:stage.process:model.layers.0.self_attn.q_proj,PushPop,1950204,1953352,1,3,10175,3391.7,3328.0,3295,3552,139.8,"void at::native::unrolled_elementwise_kernel<at::native::direct_copy_kernel_cuda(at::TensorIteratorBase &)::[lambda() (instance 3)]::operator ()() const::[lambda() (instance 1)]::operator ()() const::[lambda(unsigned char) (instance 1)], std::array<char *, (unsigned long)2>, (int)4, TrivialOffsetCalculator<(int)1, unsigned int>, TrivialOffsetCalculator<(int)1, unsigned int>, at::native::memory::LoadWithCast<(int)1>, at::native::memory::StoreWithCast<(int)1>>(int, T1, T2, T4, T5, T6, T7)"
:stage.process:model.layers.0.self_attn.q_proj,PushPop,1950204,1953352,1,1,9088,9088.0,9088.0,9088,9088,0.0,ampere_sgemm_32x32_sliced1x4_nn
:stage.process:model.layers.0.self_attn.q_proj,PushPop,1950204,1953352,1,4,8512,2128.0,2128.0,2048,2208,76.2,"void at::native::vectorized_elementwise_kernel<(int)4, at::native::FillFunctor<bool>, std::array<char *, (unsigned long)1>>(int, T2, T3)"
:stage.process:model.layers.0.self_attn.q_proj,PushPop,1950204,1953352,1,4,8064,2016.0,2064.0,1760,2176,182.9,"void at::native::vectorized_elementwise_kernel<(int)4, void at::native::compare_scalar_kernel<c10::Half>(at::TensorIteratorBase &, at::native::<unnamed>::OpType, T1)::[lambda(c10::Half) (instance 1)], std::array<char *, (unsigned long)2>>(int, T2, T3)"
:stage.process:model.layers.0.self_attn.q_proj,PushPop,1950204,1953352,1,3,7936,2645.3,2624.0,2592,2720,66.6,"void at::native::vectorized_elementwise_kernel<(int)4, at::native::AUnaryFunctor<unsigned char, unsigned char, bool, at::native::<unnamed>::CompareEqFunctor<unsigned char>>, std::array<char *, (unsigned long)2>>(int, T2, T3)"
:stage.process:model.layers.0.self_attn.q_proj,PushPop,1950204,1953352,1,2,7168,3584.0,3584.0,3552,3616,45.3,"void at::native::vectorized_elementwise_kernel<(int)2, at::native::BUnaryFunctor<long, long, long, at::native::binary_internal::div_floor_kernel_cuda(at::TensorIteratorBase &)::[lambda() (instance 1)]::operator ()() const::[lambda() (instance 4)]::operator ()() const::[lambda(long, long) (instance 1)]>, std::array<char *, (unsigned long)2>>(int, T2, T3)"
:stage.process:model.layers.0.self_attn.q_proj,PushPop,1950204,1953352,1,2,6624,3312.0,3312.0,3296,3328,22.6,"void at::native::elementwise_kernel<(int)128, (int)2, void at::native::gpu_kernel_impl_nocast<at::native::AbsFunctor<float>>(at::TensorIteratorBase &, const T1 &)::[lambda(int) (instance 1)]>(int, T3)"
:stage.process:model.layers.0.self_attn.q_proj,PushPop,1950204,1953352,1,3,5568,1856.0,1856.0,1760,1952,96.0,"void at::native::vectorized_elementwise_kernel<(int)4, at::native::BinaryFunctor<float, float, float, at::native::maximum_kernel_cuda(at::TensorIteratorBase &)::[lambda() (instance 2)]::operator ()() const::[lambda() (instance 2)]::operator ()() const::[lambda(float, float) (instance 1)]>, std::array<char *, (unsigned long)3>>(int, T2, T3)"
:stage.process:model.layers.0.self_attn.q_proj,PushPop,1950204,1953352,1,3,4992,1664.0,1632.0,1568,1792,115.4,"xxtrf4_set_info_ker(int, int *)"
:stage.process:model.layers.0.self_attn.q_proj,PushPop,1950204,1953352,1,2,4704,2352.0,2352.0,2304,2400,67.9,"void at::native::vectorized_elementwise_kernel<(int)2, at::native::CUDAFunctorOnOther_add<long>, std::array<char *, (unsigned long)2>>(int, T2, T3)"
:stage.process:model.layers.0.self_attn.q_proj,PushPop,1950204,1953352,1,1,3647,3647.0,3647.0,3647,3647,0.0,"void at::native::vectorized_elementwise_kernel<(int)4, at::native::AUnaryFunctor<unsigned char, unsigned char, unsigned char, at::native::binary_internal::MulFunctor<unsigned char>>, std::array<char *, (unsigned long)2>>(int, T2, T3)"
:stage.process:model.layers.0.self_attn.q_proj,PushPop,1950204,1953352,1,1,2752,2752.0,2752.0,2752,2752,0.0,"void at::native::vectorized_elementwise_kernel<(int)4, at::native::BinaryFunctor<unsigned char, unsigned char, bool, at::native::<unnamed>::CompareEqFunctor<unsigned char>>, std::array<char *, (unsigned long)3>>(int, T2, T3)"
:stage.process:model.layers.0.self_attn.q_proj,PushPop,1950204,1953352,1,1,2400,2400.0,2400.0,2400,2400,0.0,"void at::native::unrolled_elementwise_kernel<at::native::direct_copy_kernel_cuda(at::TensorIteratorBase &)::[lambda() (instance 3)]::operator ()() const::[lambda() (instance 11)]::operator ()() const::[lambda(bool) (instance 1)], std::array<char *, (unsigned long)2>, (int)4, TrivialOffsetCalculator<(int)1, unsigned int>, TrivialOffsetCalculator<(int)1, unsigned int>, at::native::memory::LoadWithCast<(int)1>, at::native::memory::StoreWithCast<(int)1>>(int, T1, T2, T4, T5, T6, T7)"
:stage.process:model.layers.0.self_attn.q_proj,PushPop,1950204,1953352,1,1,2080,2080.0,2080.0,2080,2080,0.0,"void at::native::vectorized_elementwise_kernel<(int)4, at::native::sqrt_kernel_cuda(at::TensorIteratorBase &)::[lambda() (instance 2)]::operator ()() const::[lambda() (instance 2)]::operator ()() const::[lambda(float) (instance 1)], std::array<char *, (unsigned long)2>>(int, T2, T3)"
:stage.process:model.layers.0.self_attn.q_proj,PushPop,1950204,1953352,1,1,1920,1920.0,1920.0,1920,1920,0.0,"void at::native::vectorized_elementwise_kernel<(int)4, at::native::<unnamed>::launch_clamp_scalar(at::TensorIteratorBase &, c10::Scalar, c10::Scalar, at::native::detail::ClampLimits)::[lambda() (instance 1)]::operator ()() const::[lambda() (instance 7)]::operator ()() const::[lambda(float) (instance 1)], std::array<char *, (unsigned long)2>>(int, T2, T3)"
:stage.process:model.layers.0.self_attn.v_proj,PushPop,1950204,1953352,1,9680,1707387785,176383.0,147551.0,132544,298623,59922.1,"void <unnamed>::qvq_v2_segment_grid_kernel<(int)4, (int)2, (int)16, (bool)1, (bool)0, __half, unsigned char>(const float *, const T6 *, const float *, const long *, const float *, const float *, float *, T7 *, unsigned char *, int, int, int, bool, bool)"
:stage.process:model.layers.0.self_attn.v_proj,PushPop,1950204,1953352,1,574,786509954,1370226.4,1369259.0,1350972,1401115,6615.2,"void <unnamed>::qvq_viterbi_kernel<(int)4, (int)2, __half, unsigned char>(const float *, const T3 *, const float *, const long *, const float *, T4 *, long *, float *, int, int, int, bool, bool, bool)"
:stage.process:model.layers.0.self_attn.v_proj,PushPop,1950204,1953352,1,1210,101227033,83658.7,80960.0,67231,103072,9560.3,"void <unnamed>::qvq_v2_segment_grid_finalize_kernel<(int)4, (int)2, (int)16, (bool)0, __half, unsigned char>(const float *, const T5 *, const float *, const long *, const float *, const float *, const T6 *, const unsigned char *, long *, unsigned char *, float *, int, int, bool, bool)"
:stage.process:model.layers.0.self_attn.v_proj,PushPop,1950204,1953352,1,468,30198580,64526.9,70688.0,20768,72031,14748.1,void cutlass::Kernel2<cutlass_80_simt_sgemm_128x32_8x5_nt_align1>(T1::Params)
:stage.process:model.layers.0.self_attn.v_proj,PushPop,1950204,1953352,1,2544,23471182,9226.1,7648.0,3968,18752,4126.8,"void at::native::index_elementwise_kernel<(int)128, (int)4, void at::native::gpu_index_kernel<void at::native::index_kernel_impl<at::native::OpaqueType<(int)4>>(at::TensorIteratorBase &, c10::ArrayRef<long>, c10::ArrayRef<long>)::[lambda(char *, const char *, long) (instance 1)]>(at::TensorIteratorBase &, c10::ArrayRef<long>, c10::ArrayRef<long>, const T1 &, bool)::[lambda(int) (instance 1)]>(long, T3)"
:stage.process:model.layers.0.self_attn.v_proj,PushPop,1950204,1953352,1,2580,13126360,5087.7,4575.5,2656,11904,1600.5,"void at::native::reduce_kernel<(int)512, (int)1, at::native::ReduceOp<bool, at::native::func_wrapper_t<bool, at::native::and_kernel_cuda(at::TensorIterator &)::[lambda() (instance 1)]::operator ()() const::[lambda() (instance 12)]::operator ()() const::[lambda(bool, bool) (instance 1)]>, unsigned int, bool, (int)4, (int)4>>(T3)"
:stage.process:model.layers.0.self_attn.v_proj,PushPop,1950204,1953352,1,1021,8755469,8575.4,8384.0,4288,12544,1794.6,"void at::native::index_elementwise_kernel<(int)128, (int)4, void at::native::gpu_index_kernel<void at::native::index_kernel_impl<at::native::OpaqueType<(int)2>>(at::TensorIteratorBase &, c10::ArrayRef<long>, c10::ArrayRef<long>)::[lambda(char *, const char *, long) (instance 1)]>(at::TensorIteratorBase &, c10::ArrayRef<long>, c10::ArrayRef<long>, const T1 &, bool)::[lambda(int) (instance 1)]>(long, T3)"
:stage.process:model.layers.0.self_attn.v_proj,PushPop,1950204,1953352,1,1272,8270593,6502.0,6592.0,3520,7008,370.5,"void at::native::index_elementwise_kernel<(int)128, (int)4, void at::native::gpu_index_kernel<void at::native::index_put_kernel_impl<at::native::OpaqueType<(int)4>>(at::TensorIterator &, c10::ArrayRef<long>, c10::ArrayRef<long>)::[lambda(char *, const char *, long) (instance 1)]>(at::TensorIteratorBase &, c10::ArrayRef<long>, c10::ArrayRef<long>, const T1 &, bool)::[lambda(int) (instance 1)]>(long, T3)"
:stage.process:model.layers.0.self_attn.v_proj,PushPop,1950204,1953352,1,1404,6562729,4674.3,4735.5,3072,5152,297.3,"void at::native::reduce_kernel<(int)512, (int)1, at::native::ReduceOp<float, at::native::func_wrapper_t<float, at::native::MaxNanFunctor<float>>, unsigned int, float, (int)4, (int)4>>(T3)"
:stage.process:model.layers.0.self_attn.v_proj,PushPop,1950204,1953352,1,772,6442450,8345.1,8352.0,8064,8640,88.8,"void at::native::reduce_kernel<(int)512, (int)1, at::native::ReduceOp<c10::Half, at::native::func_wrapper_t<c10::Half, at::native::MaxNanFunctor<c10::Half>>, unsigned int, c10::Half, (int)4, (int)4>>(T3)"
:stage.process:model.layers.0.self_attn.v_proj,PushPop,1950204,1953352,1,1841,6029167,3274.9,3104.0,2112,48416,2800.3,"void at::native::elementwise_kernel<(int)128, (int)2, void at::native::gpu_kernel_impl_nocast<at::native::direct_copy_kernel_cuda(at::TensorIteratorBase &)::[lambda() (instance 3)]::operator ()() const::[lambda() (instance 7)]::operator ()() const::[lambda(float) (instance 1)]>(at::TensorIteratorBase &, const T1 &)::[lambda(int) (instance 1)]>(int, T3)"
:stage.process:model.layers.0.self_attn.v_proj,PushPop,1950204,1953352,1,2843,5809323,2043.4,1984.0,1504,18368,544.4,"void at::native::vectorized_elementwise_kernel<(int)4, at::native::AbsFunctor<float>, std::array<char *, (unsigned long)2>>(int, T2, T3)"
:stage.process:model.layers.0.self_attn.v_proj,PushPop,1950204,1953352,1,400,5808937,14522.3,4032.0,3999,66176,20364.5,ampere_sgemm_32x128_nt
:stage.process:model.layers.0.self_attn.v_proj,PushPop,1950204,1953352,1,66,5006703,75859.1,46447.5,39296,245183,71474.9,ampere_sgemm_32x32_sliced1x4_nt
:stage.process:model.layers.0.self_attn.v_proj,PushPop,1950204,1953352,1,1784,4990767,2797.5,2752.0,2175,4512,624.0,"<unnamed>::qvq_half2_codebook_norm_pack_kernel(const __half *, unsigned long *, int)"
:stage.process:model.layers.0.self_attn.v_proj,PushPop,1950204,1953352,1,2209,4682097,2119.6,2048.0,1600,6464,218.4,"void at::native::vectorized_elementwise_kernel<(int)4, at::native::BinaryFunctor<bool, bool, bool, at::native::binary_internal::MulFunctor<bool>>, std::array<char *, (unsigned long)3>>(int, T2, T3)"
:stage.process:model.layers.0.self_attn.v_proj,PushPop,1950204,1953352,1,262,4555665,17388.0,5168.0,3328,57856,17356.3,"void gemmSN_NN_kernel<float, (int)256, (int)4, (int)2, (int)8, (int)4, (int)4, (bool)0, cublasGemvTensorStridedBatched<const float>, cublasGemvTensorStridedBatched<const float>, cublasGemvTensorStridedBatched<float>>(cublasGemmSmallNParams<T9, T10, T11, T1>)"
:stage.process:model.layers.0.self_attn.v_proj,PushPop,1950204,1953352,1,636,4299437,6760.1,6880.0,3296,7424,572.4,"void at::native::index_elementwise_kernel<(int)128, (int)4, void at::native::gpu_index_kernel<void at::native::index_put_kernel_impl<at::native::OpaqueType<(int)8>>(at::TensorIterator &, c10::ArrayRef<long>, c10::ArrayRef<long>)::[lambda(char *, const char *, long) (instance 1)]>(at::TensorIteratorBase &, c10::ArrayRef<long>, c10::ArrayRef<long>, const T1 &, bool)::[lambda(int) (instance 1)]>(long, T3)"
:stage.process:model.layers.0.self_attn.v_proj,PushPop,1950204,1953352,1,901,3494261,3878.2,3840.0,2528,7136,249.3,"void at::native::unrolled_elementwise_kernel<at::native::direct_copy_kernel_cuda(at::TensorIteratorBase &)::[lambda() (instance 3)]::operator ()() const::[lambda() (instance 7)]::operator ()() const::[lambda(float) (instance 1)], std::array<char *, (unsigned long)2>, (int)4, TrivialOffsetCalculator<(int)1, unsigned int>, TrivialOffsetCalculator<(int)1, unsigned int>, at::native::memory::LoadWithCast<(int)1>, at::native::memory::StoreWithCast<(int)1>>(int, T1, T2, T4, T5, T6, T7)"
:stage.process:model.layers.0.self_attn.v_proj,PushPop,1950204,1953352,1,1542,3310801,2147.1,2144.0,1568,2880,54.9,"void at::native::vectorized_elementwise_kernel<(int)4, at::native::AbsFunctor<c10::Half>, std::array<char *, (unsigned long)2>>(int, T2, T3)"
:stage.process:model.layers.0.self_attn.v_proj,PushPop,1950204,1953352,1,516,3145687,6096.3,6368.0,4352,6848,661.1,"void gemmSN_NN_kernel<float, (int)128, (int)2, (int)4, (int)8, (int)4, (int)4, (bool)0, cublasGemvTensorStridedBatched<const float>, cublasGemvTensorStridedBatched<const float>, cublasGemvTensorStridedBatched<float>>(cublasGemmSmallNParams<T9, T10, T11, T1>)"
:stage.process:model.layers.0.self_attn.v_proj,PushPop,1950204,1953352,1,1440,3005784,2087.3,2048.0,1504,13024,569.2,"void at::native::vectorized_elementwise_kernel<(int)4, at::native::BinaryFunctor<float, float, bool, at::native::<unnamed>::CompareEqFunctor<float>>, std::array<char *, (unsigned long)3>>(int, T2, T3)"
:stage.process:model.layers.0.self_attn.v_proj,PushPop,1950204,1953352,1,1439,2941942,2044.4,2048.0,1504,6176,240.9,"void at::native::vectorized_elementwise_kernel<(int)4, at::native::AUnaryFunctor<float, float, bool, at::native::<unnamed>::CompareEqFunctor<float>>, std::array<char *, (unsigned long)2>>(int, T2, T3)"
:stage.process:model.layers.0.self_attn.v_proj,PushPop,1950204,1953352,1,12,2839223,236601.9,239007.5,231359,239296,3630.5,ampere_sgemm_128x64_nn
:stage.process:model.layers.0.self_attn.v_proj,PushPop,1950204,1953352,1,862,2618843,3038.1,2944.0,1888,8608,290.3,"void at::native::elementwise_kernel<(int)128, (int)2, void at::native::gpu_kernel_impl_nocast<at::native::direct_copy_kernel_cuda(at::TensorIteratorBase &)::[lambda() (instance 3)]::operator ()() const::[lambda() (instance 4)]::operator ()() const::[lambda(long) (instance 1)]>(at::TensorIteratorBase &, const T1 &)::[lambda(int) (instance 1)]>(int, T3)"
:stage.process:model.layers.0.self_attn.v_proj,PushPop,1950204,1953352,1,282,2330748,8265.1,8288.0,7872,8544,68.0,"void batch_trsm_left_kernel<float, (int)64, (int)4, (int)3, (bool)0, (bool)0, (bool)1>(cublasTrsmBatchParams2<T1>, T1, const T1 *, int)"
:stage.process:model.layers.0.self_attn.v_proj,PushPop,1950204,1953352,1,1276,2279672,1786.6,1760.0,1536,2240,123.3,"void at::native::vectorized_elementwise_kernel<(int)4, at::native::BinaryFunctor<bool, bool, bool, at::native::logical_or_kernel_cuda(at::TensorIterator &)::[lambda() (instance 2)]::operator ()() const::[lambda() (instance 9)]::operator ()() const::[lambda(bool, bool) (instance 1)]>, std::array<char *, (unsigned long)3>>(int, T2, T3)"
:stage.process:model.layers.0.self_attn.v_proj,PushPop,1950204,1953352,1,477,2201849,4616.0,4832.0,3232,5440,589.4,"void at::native::index_elementwise_kernel<(int)128, (int)4, void at::native::gpu_index_kernel<void at::native::index_put_kernel_impl<at::native::OpaqueType<(int)1>>(at::TensorIterator &, c10::ArrayRef<long>, c10::ArrayRef<long>)::[lambda(char *, const char *, long) (instance 1)]>(at::TensorIteratorBase &, c10::ArrayRef<long>, c10::ArrayRef<long>, const T1 &, bool)::[lambda(int) (instance 1)]>(long, T3)"
:stage.process:model.layers.0.self_attn.v_proj,PushPop,1950204,1953352,1,892,2194104,2459.8,2432.0,1728,2720,117.7,"void at::native::roll_cuda_kernel<float>(const T1 *, T1 *, long, long, long, long, long, long)"
:stage.process:model.layers.0.self_attn.v_proj,PushPop,1950204,1953352,1,3,2082329,694109.7,923132.0,234944,924253,397649.5,"void kernel<getrf_wo_pivot_params_<float, (int)0, (int)256, (int)1, (int)64, (int)64, (int)68, (int)8, (int)1, (int)1>>(int, int, void *, int, void *, int, int, int, int, int, int *)"
:stage.process:model.layers.0.self_attn.v_proj,PushPop,1950204,1953352,1,413,2009338,4865.2,3808.0,3168,48159,3371.8,"void at::native::elementwise_kernel<(int)128, (int)2, void at::native::gpu_kernel_impl_nocast<at::native::CUDAFunctor_add<float>>(at::TensorIteratorBase &, const T1 &)::[lambda(int) (instance 1)]>(int, T3)"
:stage.process:model.layers.0.self_attn.v_proj,PushPop,1950204,1953352,1,884,1953498,2209.8,2240.0,1792,2816,163.7,"void at::native::elementwise_kernel<(int)128, (int)2, void at::native::gpu_kernel_impl_nocast<at::native::AUnaryFunctor<long, long, long, at::native::BitwiseAndFunctor<long>>>(at::TensorIteratorBase &, const T1 &)::[lambda(int) (instance 1)]>(int, T3)"
:stage.process:model.layers.0.self_attn.v_proj,PushPop,1950204,1953352,1,1150,1876732,1631.9,1664.0,1536,1952,56.3,"void at::native::vectorized_elementwise_kernel<(int)4, void at::native::compare_scalar_kernel<float>(at::TensorIteratorBase &, at::native::<unnamed>::OpType, T1)::[lambda(float) (instance 1)], std::array<char *, (unsigned long)2>>(int, T2, T3)"
:stage.process:model.layers.0.self_attn.v_proj,PushPop,1950204,1953352,1,792,1850491,2336.5,2176.0,1504,9504,836.9,"void at::native::vectorized_elementwise_kernel<(int)4, at::native::CUDAFunctor_add<float>, std::array<char *, (unsigned long)3>>(int, T2, T3)"
:stage.process:model.layers.0.self_attn.v_proj,PushPop,1950204,1953352,1,770,1732700,2250.3,2240.0,1664,2336,27.2,"void at::native::vectorized_elementwise_kernel<(int)4, at::native::BinaryFunctor<c10::Half, c10::Half, bool, at::native::<unnamed>::CompareEqFunctor<c10::Half>>, std::array<char *, (unsigned long)3>>(int, T2, T3)"
:stage.process:model.layers.0.self_attn.v_proj,PushPop,1950204,1953352,1,770,1718680,2232.1,2240.0,1664,2304,28.7,"void at::native::vectorized_elementwise_kernel<(int)4, at::native::AUnaryFunctor<c10::Half, c10::Half, bool, at::native::<unnamed>::CompareEqFunctor<c10::Half>>, std::array<char *, (unsigned long)2>>(int, T2, T3)"
:stage.process:model.layers.0.self_attn.v_proj,PushPop,1950204,1953352,1,613,1619676,2642.2,2656.0,1792,4864,404.8,"void at::native::unrolled_elementwise_kernel<at::native::direct_copy_kernel_cuda(at::TensorIteratorBase &)::[lambda() (instance 3)]::operator ()() const::[lambda() (instance 4)]::operator ()() const::[lambda(long) (instance 1)], std::array<char *, (unsigned long)2>, (int)4, TrivialOffsetCalculator<(int)1, unsigned int>, TrivialOffsetCalculator<(int)1, unsigned int>, at::native::memory::LoadWithCast<(int)1>, at::native::memory::StoreWithCast<(int)1>>(int, T1, T2, T4, T5, T6, T7)"
:stage.process:model.layers.0.self_attn.v_proj,PushPop,1950204,1953352,1,82,1503646,18337.1,9744.0,6048,89056,26186.3,ampere_sgemm_32x32_sliced1x4_nn
:stage.process:model.layers.0.self_attn.v_proj,PushPop,1950204,1953352,1,782,1403705,1795.0,1760.0,1696,4960,197.9,"void at::native::vectorized_elementwise_kernel<(int)4, void at::native::compare_scalar_kernel<long>(at::TensorIteratorBase &, at::native::<unnamed>::OpType, T1)::[lambda(long) (instance 1)], std::array<char *, (unsigned long)2>>(int, T2, T3)"
:stage.process:model.layers.0.self_attn.v_proj,PushPop,1950204,1953352,1,512,1315707,2569.7,2592.0,2368,2912,92.0,"void at::native::unrolled_elementwise_kernel<at::native::BinaryFunctor<float, float, float, at::native::maximum_kernel_cuda(at::TensorIteratorBase &)::[lambda() (instance 2)]::operator ()() const::[lambda() (instance 2)]::operator ()() const::[lambda(float, float) (instance 1)]>, std::array<char *, (unsigned long)3>, (int)4, TrivialOffsetCalculator<(int)2, unsigned int>, TrivialOffsetCalculator<(int)1, unsigned int>, at::native::memory::LoadWithCast<(int)2>, at::native::memory::StoreWithCast<(int)1>>(int, T1, T2, T4, T5, T6, T7)"
:stage.process:model.layers.0.self_attn.v_proj,PushPop,1950204,1953352,1,636,1171102,1841.4,1824.0,1632,2272,115.4,"void at::native::vectorized_elementwise_kernel<(int)4, at::native::bitwise_not_kernel_cuda(at::TensorIteratorBase &)::[lambda(bool) (instance 1)], std::array<char *, (unsigned long)2>>(int, T2, T3)"
:stage.process:model.layers.0.self_attn.v_proj,PushPop,1950204,1953352,1,256,1019680,3983.1,3920.0,3808,4192,149.1,"void at::native::elementwise_kernel<(int)128, (int)4, void at::native::gpu_kernel_impl_nocast<at::native::direct_copy_kernel_cuda(at::TensorIteratorBase &)::[lambda() (instance 3)]::operator ()() const::[lambda() (instance 10)]::operator ()() const::[lambda(c10::Half) (instance 1)]>(at::TensorIteratorBase &, const T1 &)::[lambda(int) (instance 1)]>(int, T3)"
:stage.process:model.layers.0.self_attn.v_proj,PushPop,1950204,1953352,1,263,928189,3529.2,3392.0,3168,8864,788.7,"void at::native::reduce_kernel<(int)512, (int)1, at::native::ReduceOp<bool, at::native::func_wrapper_t<bool, at::native::or_kernel_cuda(at::TensorIterator &)::[lambda() (instance 1)]::operator ()() const::[lambda() (instance 12)]::operator ()() const::[lambda(bool, bool) (instance 1)]>, unsigned int, bool, (int)4, (int)4>>(T3)"
:stage.process:model.layers.0.self_attn.v_proj,PushPop,1950204,1953352,1,638,892863,1399.5,1408.0,1312,3296,117.3,"void at::native::vectorized_elementwise_kernel<(int)2, at::native::FillFunctor<long>, std::array<char *, (unsigned long)1>>(int, T2, T3)"
:stage.process:model.layers.0.self_attn.v_proj,PushPop,1950204,1953352,1,587,807100,1375.0,1376.0,1248,1888,62.1,"void <unnamed>::elementwise_kernel_with_index<int, at::native::arange_cuda_out(const c10::Scalar &, const c10::Scalar &, const c10::Scalar &, at::Tensor &)::[lambda() (instance 1)]::operator ()() const::[lambda() (instance 4)]::operator ()() const::[lambda(long) (instance 1)]>(T1, T2, function_traits<T2>::result_type *)"
:stage.process:model.layers.0.self_attn.v_proj,PushPop,1950204,1953352,1,128,595772,4654.5,4672.0,4416,4896,63.5,"void at::native::unrolled_elementwise_kernel<at::native::CUDAFunctor_add<float>, std::array<char *, (unsigned long)3>, (int)4, TrivialOffsetCalculator<(int)2, unsigned int>, TrivialOffsetCalculator<(int)1, unsigned int>, at::native::memory::LoadWithCast<(int)2>, at::native::memory::StoreWithCast<(int)1>>(int, T1, T2, T4, T5, T6, T7)"
:stage.process:model.layers.0.self_attn.v_proj,PushPop,1950204,1953352,1,2,448319,224159.5,224159.5,224095,224224,91.2,ampere_sgemm_128x32_nn
:stage.process:model.layers.0.self_attn.v_proj,PushPop,1950204,1953352,1,263,439968,1672.9,1632.0,1568,2656,136.0,"void at::native::vectorized_elementwise_kernel<(int)4, at::native::BinaryFunctor<bool, bool, bool, at::native::BitwiseOrFunctor<bool>>, std::array<char *, (unsigned long)3>>(int, T2, T3)"
:stage.process:model.layers.0.self_attn.v_proj,PushPop,1950204,1953352,1,129,426591,3306.9,3296.0,3200,3968,67.0,"void at::native::elementwise_kernel<(int)128, (int)4, void at::native::gpu_kernel_impl_nocast<at::native::direct_copy_kernel_cuda(at::TensorIteratorBase &)::[lambda() (instance 3)]::operator ()() const::[lambda() (instance 1)]::operator ()() const::[lambda(unsigned char) (instance 1)]>(at::TensorIteratorBase &, const T1 &)::[lambda(int) (instance 1)]>(int, T3)"
:stage.process:model.layers.0.self_attn.v_proj,PushPop,1950204,1953352,1,42,382206,9100.1,8544.0,7456,11264,1336.9,ampere_sgemm_64x32_sliced1x4_nn
:stage.process:model.layers.0.self_attn.v_proj,PushPop,1950204,1953352,1,114,352096,3088.6,3104.0,2496,3840,265.1,"void cublasLt::splitKreduce_kernel<(int)32, (int)16, int, float, float, float, float, (bool)0, float, float, float, (bool)1, (bool)0, (bool)0, (bool)0>(cublasLt::cublasSplitKParams<T6>, const T4 *, const T10 *, T9 *, T5 *, const T6 *, const T6 *, const T11 *, const T4 *, T11 *, void *, long, T6 *, int *, T6 *, T6 *, const T6 *, const T6 *, const T6 *, const T6 *, const T6 *)"
:stage.process:model.layers.0.self_attn.v_proj,PushPop,1950204,1953352,1,4,289504,72376.0,71952.0,71616,73984,1087.5,ampere_sgemm_32x128_tn
:stage.process:model.layers.0.self_attn.v_proj,PushPop,1950204,1953352,1,128,263487,2058.5,2048.0,2016,2080,15.6,"void at::native::elementwise_kernel<(int)128, (int)2, void at::native::gpu_kernel_impl_nocast<at::native::BUnaryFunctor<long, long, long, at::native::rshift_kernel_cuda(at::TensorIteratorBase &)::[lambda() (instance 1)]::operator ()() const::[lambda() (instance 4)]::operator ()() const::[lambda(long, long) (instance 1)]>>(at::TensorIteratorBase &, const T1 &)::[lambda(int) (instance 1)]>(int, T3)"
:stage.process:model.layers.0.self_attn.v_proj,PushPop,1950204,1953352,1,132,252415,1912.2,1760.0,1759,6432,789.5,"void at::native::vectorized_elementwise_kernel<(int)4, at::native::BinaryFunctor<long, long, bool, at::native::<unnamed>::CompareEqFunctor<long>>, std::array<char *, (unsigned long)3>>(int, T2, T3)"
:stage.process:model.layers.0.self_attn.v_proj,PushPop,1950204,1953352,1,12,209406,17450.5,20143.0,11040,21248,4529.0,"void at::native::<unnamed>::CatArrayBatchedCopy<at::native::<unnamed>::OpaqueType<(unsigned int)4>, unsigned int, (int)2, (int)64, (int)64>(T1 *, at::native::<unnamed>::CatArrInputTensorMetadata<T1, T2, T4, T5>, at::native::<unnamed>::TensorSizeStride<T2, (unsigned int)4>, int, T2)"
:stage.process:model.layers.0.self_attn.v_proj,PushPop,1950204,1953352,1,3,180223,60074.3,87711.0,4768,87744,47896.7,"void at::native::reduce_kernel<(int)512, (int)1, at::native::ReduceOp<long, at::native::func_wrapper_t<long, at::native::sum_functor<long, long, long>::operator ()(at::TensorIterator &)::[lambda(long, long) (instance 1)]>, unsigned int, long, (int)4, (int)4>>(T3)"
:stage.process:model.layers.0.self_attn.v_proj,PushPop,1950204,1953352,1,11,155744,14158.5,3744.0,2400,62784,24018.3,"void at::native::vectorized_elementwise_kernel<(int)2, at::native::AUnaryFunctor<long, long, long, at::native::BitwiseAndFunctor<long>>, std::array<char *, (unsigned long)2>>(int, T2, T3)"
:stage.process:model.layers.0.self_attn.v_proj,PushPop,1950204,1953352,1,1,145407,145407.0,145407.0,145407,145407,0.0,ampere_sgemm_128x32_tn
:stage.process:model.layers.0.self_attn.v_proj,PushPop,1950204,1953352,1,4,145344,36336.0,36352.0,4992,67648,36156.0,"void at::native::elementwise_kernel<(int)128, (int)2, void at::native::gpu_kernel_impl_nocast<at::native::BinaryFunctor<long, long, long, at::native::rshift_kernel_cuda(at::TensorIteratorBase &)::[lambda() (instance 1)]::operator ()() const::[lambda() (instance 4)]::operator ()() const::[lambda(long, long) (instance 1)]>>(at::TensorIteratorBase &, const T1 &)::[lambda(int) (instance 1)]>(int, T3)"
:stage.process:model.layers.0.self_attn.v_proj,PushPop,1950204,1953352,1,4,143263,35815.8,36192.0,3520,67359,36392.3,"void at::native::elementwise_kernel<(int)128, (int)2, void at::native::gpu_kernel_impl_nocast<at::native::BinaryFunctor<long, long, long, at::native::lshift_kernel_cuda(at::TensorIteratorBase &)::[lambda() (instance 1)]::operator ()() const::[lambda() (instance 4)]::operator ()() const::[lambda(long, long) (instance 1)]>>(at::TensorIteratorBase &, const T1 &)::[lambda(int) (instance 1)]>(int, T3)"
:stage.process:model.layers.0.self_attn.v_proj,PushPop,1950204,1953352,1,6,132352,22058.7,22016.0,16224,27968,6368.5,"void trsm_batch_left_upper_kernel_small<float, (int)16, (int)16, (int)64>(cublasTrsmBatchParams<T1>, const T1 *const *, T1 *const *, const T1 *, T1)"
:stage.process:model.layers.0.self_attn.v_proj,PushPop,1950204,1953352,1,3,120448,40149.3,56576.0,7296,56576,28451.8,"void at::native::index_elementwise_kernel<(int)128, (int)4, void at::native::gpu_index_kernel<void at::native::index_kernel_impl<at::native::OpaqueType<(int)8>>(at::TensorIteratorBase &, c10::ArrayRef<long>, c10::ArrayRef<long>)::[lambda(char *, const char *, long) (instance 1)]>(at::TensorIteratorBase &, c10::ArrayRef<long>, c10::ArrayRef<long>, const T1 &, bool)::[lambda(int) (instance 1)]>(long, T3)"
:stage.process:model.layers.0.self_attn.v_proj,PushPop,1950204,1953352,1,3,100704,33568.0,47136.0,6112,47456,23778.1,"void at::native::triu_tril_kernel<float, int, (bool)0, (int)2, (bool)1>(at::cuda::detail::TensorInfo<T1, T2>, at::cuda::detail::TensorInfo<const T1, T2>, long, long, T2)"
:stage.process:model.layers.0.self_attn.v_proj,PushPop,1950204,1953352,1,10,80352,8035.2,6096.0,3456,20832,6089.5,"void at::native::elementwise_kernel<(int)128, (int)2, void at::native::gpu_kernel_impl_nocast<at::native::BinaryFunctor<float, float, float, at::native::binary_internal::MulFunctor<float>>>(at::TensorIteratorBase &, const T1 &)::[lambda(int) (instance 1)]>(int, T3)"
:stage.process:model.layers.0.self_attn.v_proj,PushPop,1950204,1953352,1,10,79744,7974.4,8032.0,7328,8448,277.7,"void at::native::reduce_kernel<(int)512, (int)1, at::native::ReduceOp<float, at::native::func_wrapper_t<float, at::native::sum_functor<float, float, float>::operator ()(at::TensorIterator &)::[lambda(float, float) (instance 1)]>, unsigned int, float, (int)4, (int)4>>(T3)"
:stage.process:model.layers.0.self_attn.v_proj,PushPop,1950204,1953352,1,10,68512,6851.2,7504.0,3296,7968,1724.6,"void at::native::reduce_kernel<(int)512, (int)1, at::native::ReduceOp<float, at::native::MeanOps<float, float, float, float>, unsigned int, float, (int)4, (int)4>>(T3)"
:stage.process:model.layers.0.self_attn.v_proj,PushPop,1950204,1953352,1,14,60864,4347.4,3232.0,1312,8576,2631.5,"void at::native::vectorized_elementwise_kernel<(int)4, at::native::FillFunctor<float>, std::array<char *, (unsigned long)1>>(int, T2, T3)"
:stage.process:model.layers.0.self_attn.v_proj,PushPop,1950204,1953352,1,9,45216,5024.0,3648.0,1632,12000,3853.0,"void at::native::vectorized_elementwise_kernel<(int)4, at::native::BUnaryFunctor<float, float, float, at::native::binary_internal::MulFunctor<float>>, std::array<char *, (unsigned long)2>>(int, T2, T3)"
:stage.process:model.layers.0.self_attn.v_proj,PushPop,1950204,1953352,1,9,39392,4376.9,4352.0,4096,4608,170.7,"void at::native::vectorized_elementwise_kernel<(int)4, at::native::BinaryFunctor<float, float, float, at::native::binary_internal::MulFunctor<float>>, std::array<char *, (unsigned long)3>>(int, T2, T3)"
:stage.process:model.layers.0.self_attn.v_proj,PushPop,1950204,1953352,1,10,39360,3936.0,3888.0,3840,4256,134.1,"void dot_kernel<float, (int)128, (int)0, cublasDotParams<cublasGemvTensorStridedBatched<const float>, cublasGemvTensorStridedBatched<float>>>(T4)"
:stage.process:model.layers.0.self_attn.v_proj,PushPop,1950204,1953352,1,10,35904,3590.4,3376.0,3232,4128,369.8,"void at::native::elementwise_kernel<(int)128, (int)2, void at::native::gpu_kernel_impl_nocast<at::native::CUDAFunctorOnSelf_add<float>>(at::TensorIteratorBase &, const T1 &)::[lambda(int) (instance 1)]>(int, T3)"
:stage.process:model.layers.0.self_attn.v_proj,PushPop,1950204,1953352,1,10,27680,2768.0,2784.0,2688,2816,50.6,"void reduce_1Block_kernel<float, (int)128, (int)7, cublasGemvTensorStridedBatched<float>, cublasGemvTensorStridedBatched<const float>, cublasGemvTensorStridedBatched<float>>(const T1 *, T1, T4, int, const T1 *, T1, T5, T6, cublasPointerMode_t, cublasLtEpilogue_t, cublasGemvTensorStridedBatched<const biasType<T6::value_type, T1>::type>)"
:stage.process:model.layers.0.self_attn.v_proj,PushPop,1950204,1953352,1,12,24704,2058.7,2192.0,1760,2240,194.6,"void at::native::vectorized_elementwise_kernel<(int)4, at::native::<unnamed>::CompareFunctor<float>, std::array<char *, (unsigned long)3>>(int, T2, T3)"
:stage.process:model.layers.0.self_attn.v_proj,PushPop,1950204,1953352,1,6,21696,3616.0,1760.0,1472,12352,4306.3,"void at::native::vectorized_elementwise_kernel<(int)4, at::native::AUnaryFunctor<float, float, float, at::native::binary_internal::MulFunctor<float>>, std::array<char *, (unsigned long)2>>(int, T2, T3)"
:stage.process:model.layers.0.self_attn.v_proj,PushPop,1950204,1953352,1,1,15168,15168.0,15168.0,15168,15168,0.0,"void at::native::<unnamed>::CatArrayBatchedCopy_alignedK_contig<at::native::<unnamed>::OpaqueType<(unsigned int)8>, unsigned int, (int)3, (int)128, (int)1, (int)16>(T1 *, at::native::<unnamed>::CatArrInputTensorMetadata<T1, T2, T4, T5>, at::native::<unnamed>::TensorSizeStride<T2, (unsigned int)4>, int, T2)"
:stage.process:model.layers.0.self_attn.v_proj,PushPop,1950204,1953352,1,4,14784,3696.0,3712.0,3616,3744,55.4,"void at::native::vectorized_elementwise_kernel<(int)2, at::native::BUnaryFunctor<long, long, long, at::native::rshift_kernel_cuda(at::TensorIteratorBase &)::[lambda() (instance 1)]::operator ()() const::[lambda() (instance 4)]::operator ()() const::[lambda(long, long) (instance 1)]>, std::array<char *, (unsigned long)2>>(int, T2, T3)"
:stage.process:model.layers.0.self_attn.v_proj,PushPop,1950204,1953352,1,4,14240,3560.0,3536.0,3456,3712,108.9,"void at::native::vectorized_elementwise_kernel<(int)2, at::native::BUnaryFunctor<long, long, long, at::native::remainder_kernel_cuda(at::TensorIteratorBase &)::[lambda() (instance 1)]::operator ()() const::[lambda() (instance 4)]::operator ()() const::[lambda(long, long) (instance 1)]>, std::array<char *, (unsigned long)2>>(int, T2, T3)"
:stage.process:model.layers.0.self_attn.v_proj,PushPop,1950204,1953352,1,3,13760,4586.7,4128.0,4096,5536,822.3,"void at::native::vectorized_elementwise_kernel<(int)2, at::native::BinaryFunctor<long, long, long, at::native::BitwiseXorFunctor<long>>, std::array<char *, (unsigned long)3>>(int, T2, T3)"
:stage.process:model.layers.0.self_attn.v_proj,PushPop,1950204,1953352,1,3,12160,4053.3,4064.0,3648,4448,400.1,"void at::native::unrolled_elementwise_kernel<at::native::direct_copy_kernel_cuda(at::TensorIteratorBase &)::[lambda() (instance 3)]::operator ()() const::[lambda() (instance 3)]::operator ()() const::[lambda(int) (instance 1)], std::array<char *, (unsigned long)2>, (int)4, TrivialOffsetCalculator<(int)1, unsigned int>, TrivialOffsetCalculator<(int)1, unsigned int>, at::native::memory::LoadWithCast<(int)1>, at::native::memory::StoreWithCast<(int)1>>(int, T1, T2, T4, T5, T6, T7)"
:stage.process:model.layers.0.self_attn.v_proj,PushPop,1950204,1953352,1,8,11936,1492.0,1488.0,1408,1568,66.1,"void at::native::unrolled_elementwise_kernel<at::native::AUnaryFunctor<long, long, long, at::native::BitwiseAndFunctor<long>>, std::array<char *, (unsigned long)2>, (int)4, TrivialOffsetCalculator<(int)1, unsigned int>, TrivialOffsetCalculator<(int)1, unsigned int>, at::native::memory::LoadWithoutCast, at::native::memory::StoreWithoutCast>(int, T1, T2, T4, T5, T6, T7)"
:stage.process:model.layers.0.self_attn.v_proj,PushPop,1950204,1953352,1,6,11680,1946.7,1568.0,1568,3744,881.3,"void at::native::vectorized_elementwise_kernel<(int)2, at::native::AUnaryFunctor<long, long, long, at::native::binary_internal::MulFunctor<long>>, std::array<char *, (unsigned long)2>>(int, T2, T3)"
:stage.process:model.layers.0.self_attn.v_proj,PushPop,1950204,1953352,1,6,11008,1834.7,1824.0,1824,1888,26.1,"void at::native::vectorized_elementwise_kernel<(int)4, at::native::FillFunctor<unsigned char>, std::array<char *, (unsigned long)1>>(int, T2, T3)"
:stage.process:model.layers.0.self_attn.v_proj,PushPop,1950204,1953352,1,3,10624,3541.3,3488.0,3456,3680,121.2,"void at::native::elementwise_kernel<(int)128, (int)2, void at::native::gpu_kernel_impl_nocast<at::native::direct_copy_kernel_cuda(at::TensorIteratorBase &)::[lambda() (instance 3)]::operator ()() const::[lambda() (instance 3)]::operator ()() const::[lambda(int) (instance 1)]>(at::TensorIteratorBase &, const T1 &)::[lambda(int) (instance 1)]>(int, T3)"
:stage.process:model.layers.0.self_attn.v_proj,PushPop,1950204,1953352,1,5,10143,2028.6,1600.0,1536,3775,977.4,"void at::native::vectorized_elementwise_kernel<(int)2, at::native::CUDAFunctorOnSelf_add<long>, std::array<char *, (unsigned long)2>>(int, T2, T3)"
:stage.process:model.layers.0.self_attn.v_proj,PushPop,1950204,1953352,1,3,9728,3242.7,3232.0,3232,3264,18.5,"void at::native::unrolled_elementwise_kernel<at::native::direct_copy_kernel_cuda(at::TensorIteratorBase &)::[lambda() (instance 3)]::operator ()() const::[lambda() (instance 1)]::operator ()() const::[lambda(unsigned char) (instance 1)], std::array<char *, (unsigned long)2>, (int)4, TrivialOffsetCalculator<(int)1, unsigned int>, TrivialOffsetCalculator<(int)1, unsigned int>, at::native::memory::LoadWithCast<(int)1>, at::native::memory::StoreWithCast<(int)1>>(int, T1, T2, T4, T5, T6, T7)"
:stage.process:model.layers.0.self_attn.v_proj,PushPop,1950204,1953352,1,2,8416,4208.0,4208.0,4192,4224,22.6,"void at::native::vectorized_elementwise_kernel<(int)2, at::native::BinaryFunctor<long, long, long, at::native::BitwiseOrFunctor<long>>, std::array<char *, (unsigned long)3>>(int, T2, T3)"
:stage.process:model.layers.0.self_attn.v_proj,PushPop,1950204,1953352,1,1,7808,7808.0,7808.0,7808,7808,0.0,"void at::native::reduce_kernel<(int)128, (int)4, at::native::ReduceOp<long, at::native::func_wrapper_t<long, at::native::sum_functor<long, long, long>::operator ()(at::TensorIterator &)::[lambda(long, long) (instance 1)]>, unsigned int, long, (int)4, (int)4>>(T3)"
:stage.process:model.layers.0.self_attn.v_proj,PushPop,1950204,1953352,1,2,7648,3824.0,3824.0,3808,3840,22.6,"void at::native::vectorized_elementwise_kernel<(int)2, at::native::BUnaryFunctor<long, long, long, at::native::lshift_kernel_cuda(at::TensorIteratorBase &)::[lambda() (instance 1)]::operator ()() const::[lambda() (instance 4)]::operator ()() const::[lambda(long, long) (instance 1)]>, std::array<char *, (unsigned long)2>>(int, T2, T3)"
:stage.process:model.layers.0.self_attn.v_proj,PushPop,1950204,1953352,1,3,7488,2496.0,2496.0,2432,2560,64.0,"void at::native::vectorized_elementwise_kernel<(int)4, at::native::AUnaryFunctor<unsigned char, unsigned char, bool, at::native::<unnamed>::CompareEqFunctor<unsigned char>>, std::array<char *, (unsigned long)2>>(int, T2, T3)"
:stage.process:model.layers.0.self_attn.v_proj,PushPop,1950204,1953352,1,2,7456,3728.0,3728.0,3712,3744,22.6,"void at::native::vectorized_elementwise_kernel<(int)2, at::native::BUnaryFunctor<long, long, long, at::native::binary_internal::div_floor_kernel_cuda(at::TensorIteratorBase &)::[lambda() (instance 1)]::operator ()() const::[lambda() (instance 4)]::operator ()() const::[lambda(long, long) (instance 1)]>, std::array<char *, (unsigned long)2>>(int, T2, T3)"
:stage.process:model.layers.0.self_attn.v_proj,PushPop,1950204,1953352,1,4,7296,1824.0,1792.0,1760,1952,86.7,"void at::native::vectorized_elementwise_kernel<(int)4, void at::native::compare_scalar_kernel<c10::Half>(at::TensorIteratorBase &, at::native::<unnamed>::OpType, T1)::[lambda(c10::Half) (instance 1)], std::array<char *, (unsigned long)2>>(int, T2, T3)"
:stage.process:model.layers.0.self_attn.v_proj,PushPop,1950204,1953352,1,2,6496,3248.0,3248.0,3168,3328,113.1,"void at::native::elementwise_kernel<(int)128, (int)2, void at::native::gpu_kernel_impl_nocast<at::native::AbsFunctor<float>>(at::TensorIteratorBase &, const T1 &)::[lambda(int) (instance 1)]>(int, T3)"
:stage.process:model.layers.0.self_attn.v_proj,PushPop,1950204,1953352,1,2,6400,3200.0,3200.0,3200,3200,0.0,"void at::native::elementwise_kernel<(int)128, (int)2, void at::native::gpu_kernel_impl_nocast<at::native::CUDAFunctor_add<long>>(at::TensorIteratorBase &, const T1 &)::[lambda(int) (instance 1)]>(int, T3)"
:stage.process:model.layers.0.self_attn.v_proj,PushPop,1950204,1953352,1,4,6240,1560.0,1536.0,1408,1760,148.7,"void at::native::vectorized_elementwise_kernel<(int)4, at::native::FillFunctor<bool>, std::array<char *, (unsigned long)1>>(int, T2, T3)"
:stage.process:model.layers.0.self_attn.v_proj,PushPop,1950204,1953352,1,1,5984,5984.0,5984.0,5984,5984,0.0,"void at::native::elementwise_kernel<(int)128, (int)2, void at::native::gpu_kernel_impl_nocast<at::native::BinaryFunctor<float, float, float, at::native::binary_internal::DivFunctor<float>>>(at::TensorIteratorBase &, const T1 &)::[lambda(int) (instance 1)]>(int, T3)"
:stage.process:model.layers.0.self_attn.v_proj,PushPop,1950204,1953352,1,1,5760,5760.0,5760.0,5760,5760,0.0,"void at::native::vectorized_elementwise_kernel<(int)4, void at::native::<unnamed>::pow_tensor_scalar_kernel_impl<float, float>(at::TensorIteratorBase &, T2)::[lambda(float) (instance 1)], std::array<char *, (unsigned long)2>>(int, T2, T3)"
:stage.process:model.layers.0.self_attn.v_proj,PushPop,1950204,1953352,1,3,5407,1802.3,1727.0,1696,1984,158.1,"void at::native::vectorized_elementwise_kernel<(int)4, at::native::BinaryFunctor<float, float, float, at::native::maximum_kernel_cuda(at::TensorIteratorBase &)::[lambda() (instance 2)]::operator ()() const::[lambda() (instance 2)]::operator ()() const::[lambda(float, float) (instance 1)]>, std::array<char *, (unsigned long)3>>(int, T2, T3)"
:stage.process:model.layers.0.self_attn.v_proj,PushPop,1950204,1953352,1,2,4736,2368.0,2368.0,2368,2368,0.0,"void at::native::vectorized_elementwise_kernel<(int)2, at::native::CUDAFunctorOnOther_add<long>, std::array<char *, (unsigned long)2>>(int, T2, T3)"
:stage.process:model.layers.0.self_attn.v_proj,PushPop,1950204,1953352,1,3,4544,1514.7,1536.0,1376,1632,129.3,"xxtrf4_set_info_ker(int, int *)"
:stage.process:model.layers.0.self_attn.v_proj,PushPop,1950204,1953352,1,1,4448,4448.0,4448.0,4448,4448,0.0,"void at::native::vectorized_elementwise_kernel<(int)4, at::native::float16_copy_kernel_cuda(at::TensorIteratorBase &)::[lambda(float) (instance 1)], std::array<char *, (unsigned long)2>>(int, T2, T3)"
:stage.process:model.layers.0.self_attn.v_proj,PushPop,1950204,1953352,1,1,4352,4352.0,4352.0,4352,4352,0.0,"void at::native::<unnamed>::CatArrayBatchedCopy_vectorized<at::native::<unnamed>::OpaqueType<(unsigned int)2>, unsigned int, (int)1, (int)128, (int)1, (int)16, (int)8>(char *, at::native::<unnamed>::CatArrInputTensorMetadata<T1, T2, T4, T5>, at::native::<unnamed>::TensorSizeStride<T2, (unsigned int)4>, int, T2)"
:stage.process:model.layers.0.self_attn.v_proj,PushPop,1950204,1953352,1,1,2656,2656.0,2656.0,2656,2656,0.0,"void at::native::vectorized_elementwise_kernel<(int)4, at::native::BinaryFunctor<unsigned char, unsigned char, bool, at::native::<unnamed>::CompareEqFunctor<unsigned char>>, std::array<char *, (unsigned long)3>>(int, T2, T3)"
:stage.process:model.layers.0.self_attn.v_proj,PushPop,1950204,1953352,1,1,2560,2560.0,2560.0,2560,2560,0.0,"void at::native::vectorized_elementwise_kernel<(int)4, at::native::AUnaryFunctor<unsigned char, unsigned char, unsigned char, at::native::binary_internal::MulFunctor<unsigned char>>, std::array<char *, (unsigned long)2>>(int, T2, T3)"
:stage.process:model.layers.0.self_attn.v_proj,PushPop,1950204,1953352,1,1,2368,2368.0,2368.0,2368,2368,0.0,"void at::native::unrolled_elementwise_kernel<at::native::direct_copy_kernel_cuda(at::TensorIteratorBase &)::[lambda() (instance 3)]::operator ()() const::[lambda() (instance 11)]::operator ()() const::[lambda(bool) (instance 1)], std::array<char *, (unsigned long)2>, (int)4, TrivialOffsetCalculator<(int)1, unsigned int>, TrivialOffsetCalculator<(int)1, unsigned int>, at::native::memory::LoadWithCast<(int)1>, at::native::memory::StoreWithCast<(int)1>>(int, T1, T2, T4, T5, T6, T7)"
:stage.process:model.layers.0.self_attn.v_proj,PushPop,1950204,1953352,1,1,2112,2112.0,2112.0,2112,2112,0.0,"void at::native::vectorized_elementwise_kernel<(int)4, at::native::sqrt_kernel_cuda(at::TensorIteratorBase &)::[lambda() (instance 2)]::operator ()() const::[lambda() (instance 2)]::operator ()() const::[lambda(float) (instance 1)], std::array<char *, (unsigned long)2>>(int, T2, T3)"
:stage.process:model.layers.0.self_attn.v_proj,PushPop,1950204,1953352,1,1,1984,1984.0,1984.0,1984,1984,0.0,"void at::native::unrolled_elementwise_kernel<at::native::<unnamed>::CompareFunctor<c10::Half>, std::array<char *, (unsigned long)3>, (int)4, TrivialOffsetCalculator<(int)2, unsigned int>, TrivialOffsetCalculator<(int)1, unsigned int>, at::native::memory::LoadWithoutCast, at::native::memory::StoreWithoutCast>(int, T1, T2, T4, T5, T6, T7)"
:stage.process:model.layers.0.self_attn.v_proj,PushPop,1950204,1953352,1,1,1760,1760.0,1760.0,1760,1760,0.0,"void at::native::vectorized_elementwise_kernel<(int)4, at::native::<unnamed>::launch_clamp_scalar(at::TensorIteratorBase &, c10::Scalar, c10::Scalar, at::native::detail::ClampLimits)::[lambda() (instance 1)]::operator ()() const::[lambda() (instance 7)]::operator ()() const::[lambda(float) (instance 1)], std::array<char *, (unsigned long)2>>(int, T2, T3)"
:stage.process:model.layers.1.mlp.down_proj,PushPop,1950204,1953352,1,18416,18239649410,990424.1,1107186.0,133600,1172707,264959.3,"void <unnamed>::qvq_v2_segment_grid_kernel<(int)4, (int)2, (int)16, (bool)1, (bool)0, __half, unsigned char>(const float *, const T6 *, const float *, const long *, const float *, const float *, float *, T7 *, unsigned char *, int, int, int, bool, bool)"
:stage.process:model.layers.1.mlp.down_proj,PushPop,1950204,1953352,1,2302,5699310191,2475808.1,2759175.0,1356515,2851400,561713.0,"void <unnamed>::qvq_viterbi_kernel<(int)4, (int)2, __half, unsigned char>(const float *, const T3 *, const float *, const long *, const float *, T4 *, long *, float *, int, int, int, bool, bool, bool)"
:stage.process:model.layers.1.mlp.down_proj,PushPop,1950204,1953352,1,1278,865411827,677161.1,424865.0,19200,1259491,405059.8,void cutlass::Kernel2<cutlass_80_simt_sgemm_grouped_128x128_8x4_align1>(T1::Params)
:stage.process:model.layers.1.mlp.down_proj,PushPop,1950204,1953352,1,1276,829989960,650462.4,398241.0,13792,1253731,429521.8,ampere_sgemm_128x128_nt
:stage.process:model.layers.1.mlp.down_proj,PushPop,1950204,1953352,1,2302,610055959,265011.3,292577.0,74432,304672,60881.0,"void <unnamed>::qvq_v2_segment_grid_finalize_kernel<(int)4, (int)2, (int)16, (bool)0, __half, unsigned char>(const float *, const T5 *, const float *, const long *, const float *, const float *, const T6 *, const unsigned char *, long *, unsigned char *, float *, int, int, bool, bool)"
:stage.process:model.layers.1.mlp.down_proj,PushPop,1950204,1953352,1,1270,186062948,146506.3,92704.0,4544,276064,93222.1,"void gemmSN_NN_kernel<float, (int)128, (int)2, (int)4, (int)8, (int)4, (int)4, (bool)0, cublasGemvTensorBatched<const float>, cublasGemvTensorBatched<const float>, cublasGemvTensorBatched<float>>(cublasGemmSmallNParams<T9, T10, T11, T1>)"
:stage.process:model.layers.1.mlp.down_proj,PushPop,1950204,1953352,1,435,125780093,289149.6,44001.0,17696,14003780,1800871.9,ampere_sgemm_128x32_sliced1x4_nn
:stage.process:model.layers.1.mlp.down_proj,PushPop,1950204,1953352,1,537,70665447,131593.0,131776.0,4416,268001,77654.2,"void gemmSN_NN_kernel<float, (int)256, (int)4, (int)2, (int)8, (int)4, (int)4, (bool)0, cublasGemvTensorStridedBatched<const float>, cublasGemvTensorStridedBatched<const float>, cublasGemvTensorStridedBatched<float>>(cublasGemmSmallNParams<T9, T10, T11, T1>)"
:stage.process:model.layers.1.mlp.down_proj,PushPop,1950204,1953352,1,8982,62037060,6906.8,7488.0,2528,90720,2658.5,"void at::native::reduce_kernel<(int)512, (int)1, at::native::ReduceOp<bool, at::native::func_wrapper_t<bool, at::native::and_kernel_cuda(at::TensorIterator &)::[lambda() (instance 1)]::operator ()() const::[lambda() (instance 12)]::operator ()() const::[lambda(bool, bool) (instance 1)]>, unsigned int, bool, (int)4, (int)4>>(T3)"
:stage.process:model.layers.1.mlp.down_proj,PushPop,1950204,1953352,1,4,52422707,13105676.8,13018764.5,12979037,13406141,201311.8,void cutlass::Kernel2<cutlass_80_simt_sgemm_128x32_8x5_nt_align1>(T1::Params)
:stage.process:model.layers.1.mlp.down_proj,PushPop,1950204,1953352,1,6857,37642516,5489.6,3424.0,2112,623617,22357.1,"void at::native::elementwise_kernel<(int)128, (int)2, void at::native::gpu_kernel_impl_nocast<at::native::direct_copy_kernel_cuda(at::TensorIteratorBase &)::[lambda() (instance 3)]::operator ()() const::[lambda() (instance 7)]::operator ()() const::[lambda(float) (instance 1)]>(at::TensorIteratorBase &, const T1 &)::[lambda(int) (instance 1)]>(int, T3)"
:stage.process:model.layers.1.mlp.down_proj,PushPop,1950204,1953352,1,4350,33634672,7732.1,7584.0,3840,9920,849.8,"void at::native::reduce_kernel<(int)512, (int)1, at::native::ReduceOp<float, at::native::func_wrapper_t<float, at::native::MaxNanFunctor<float>>, unsigned int, float, (int)4, (int)4>>(T3)"
:stage.process:model.layers.1.mlp.down_proj,PushPop,1950204,1953352,1,2815,29425058,10453.0,8992.0,5344,239104,5220.9,"void at::native::index_elementwise_kernel<(int)128, (int)4, void at::native::gpu_index_kernel<void at::native::index_kernel_impl<at::native::OpaqueType<(int)2>>(at::TensorIteratorBase &, c10::ArrayRef<long>, c10::ArrayRef<long>)::[lambda(char *, const char *, long) (instance 1)]>(at::TensorIteratorBase &, c10::ArrayRef<long>, c10::ArrayRef<long>, const T1 &, bool)::[lambda(int) (instance 1)]>(long, T3)"
:stage.process:model.layers.1.mlp.down_proj,PushPop,1950204,1953352,1,2,25901530,12950765.0,12950765.0,12899704,13001826,72211.2,void cutlass::Kernel2<cutlass_80_simt_sgemm_64x128_8x5_nt_align1>(T1::Params)
:stage.process:model.layers.1.mlp.down_proj,PushPop,1950204,1953352,1,2,25782649,12891324.5,12891324.5,12888125,12894524,4524.8,void cutlass::Kernel2<cutlass_80_simt_sgemm_128x64_8x5_nn_align1>(T1::Params)
:stage.process:model.layers.1.mlp.down_proj,PushPop,1950204,1953352,1,3074,25395632,8261.4,8256.0,7968,8928,119.3,"void at::native::reduce_kernel<(int)512, (int)1, at::native::ReduceOp<c10::Half, at::native::func_wrapper_t<c10::Half, at::native::MaxNanFunctor<c10::Half>>, unsigned int, c10::Half, (int)4, (int)4>>(T3)"
:stage.process:model.layers.1.mlp.down_proj,PushPop,1950204,1953352,1,1213,21518867,17740.2,4416.0,3200,654529,46267.5,"void at::native::elementwise_kernel<(int)128, (int)2, void at::native::gpu_kernel_impl_nocast<at::native::CUDAFunctor_add<float>>(at::TensorIteratorBase &, const T1 &)::[lambda(int) (instance 1)]>(int, T3)"
:stage.process:model.layers.1.mlp.down_proj,PushPop,1950204,1953352,1,5,19987150,3997430.0,2259461.0,929602,7270705,3035933.5,"void kernel<getrf_wo_pivot_params_<float, (int)0, (int)256, (int)1, (int)64, (int)64, (int)68, (int)8, (int)1, (int)1>>(int, int, void *, int, void *, int, int, int, int, int, int *)"
:stage.process:model.layers.1.mlp.down_proj,PushPop,1950204,1953352,1,8730,19842358,2272.9,2048.0,1600,254624,5591.7,"void at::native::vectorized_elementwise_kernel<(int)4, at::native::AbsFunctor<float>, std::array<char *, (unsigned long)2>>(int, T2, T3)"
:stage.process:model.layers.1.mlp.down_proj,PushPop,1950204,1953352,1,7454,16454442,2207.5,2144.0,1632,99136,2339.9,"void at::native::vectorized_elementwise_kernel<(int)4, at::native::BinaryFunctor<bool, bool, bool, at::native::binary_internal::MulFunctor<bool>>, std::array<char *, (unsigned long)3>>(int, T2, T3)"
:stage.process:model.layers.1.mlp.down_proj,PushPop,1950204,1953352,1,4604,16006180,3476.6,3264.0,2080,5120,977.4,"<unnamed>::qvq_half2_codebook_norm_pack_kernel(const __half *, unsigned long *, int)"
:stage.process:model.layers.1.mlp.down_proj,PushPop,1950204,1953352,1,21,14067870,669898.6,14880.0,11072,3523176,1386300.1,ampere_sgemm_64x32_sliced1x4_nn
:stage.process:model.layers.1.mlp.down_proj,PushPop,1950204,1953352,1,1917,13630557,7110.4,6880.0,4384,108256,3014.2,"void at::native::index_elementwise_kernel<(int)128, (int)4, void at::native::gpu_index_kernel<void at::native::index_put_kernel_impl<at::native::OpaqueType<(int)4>>(at::TensorIterator &, c10::ArrayRef<long>, c10::ArrayRef<long>)::[lambda(char *, const char *, long) (instance 1)]>(at::TensorIteratorBase &, c10::ArrayRef<long>, c10::ArrayRef<long>, const T1 &, bool)::[lambda(int) (instance 1)]>(long, T3)"
:stage.process:model.layers.1.mlp.down_proj,PushPop,1950204,1953352,1,6148,13613592,2214.3,2144.0,1824,4288,188.4,"void at::native::vectorized_elementwise_kernel<(int)4, at::native::AbsFunctor<c10::Half>, std::array<char *, (unsigned long)2>>(int, T2, T3)"
:stage.process:model.layers.1.mlp.down_proj,PushPop,1950204,1953352,1,4381,10235918,2336.4,2080.0,1504,164288,5202.0,"void at::native::vectorized_elementwise_kernel<(int)4, at::native::BinaryFunctor<float, float, bool, at::native::<unnamed>::CompareEqFunctor<float>>, std::array<char *, (unsigned long)3>>(int, T2, T3)"
:stage.process:model.layers.1.mlp.down_proj,PushPop,1950204,1953352,1,4380,10126710,2312.0,2048.0,1600,165152,5201.0,"void at::native::vectorized_elementwise_kernel<(int)4, at::native::AUnaryFunctor<float, float, bool, at::native::<unnamed>::CompareEqFunctor<float>>, std::array<char *, (unsigned long)2>>(int, T2, T3)"
:stage.process:model.layers.1.mlp.down_proj,PushPop,1950204,1953352,1,2311,10049049,4348.4,4096.0,3040,77537,2554.9,"void at::native::unrolled_elementwise_kernel<at::native::direct_copy_kernel_cuda(at::TensorIteratorBase &)::[lambda() (instance 3)]::operator ()() const::[lambda() (instance 7)]::operator ()() const::[lambda(float) (instance 1)], std::array<char *, (unsigned long)2>, (int)4, TrivialOffsetCalculator<(int)1, unsigned int>, TrivialOffsetCalculator<(int)1, unsigned int>, at::native::memory::LoadWithCast<(int)1>, at::native::memory::StoreWithCast<(int)1>>(int, T1, T2, T4, T5, T6, T7)"
:stage.process:model.layers.1.mlp.down_proj,PushPop,1950204,1953352,1,1146,9782872,8536.5,8224.0,7840,10496,767.9,"void batch_trsm_left_kernel<float, (int)64, (int)4, (int)3, (bool)0, (bool)0, (bool)1>(cublasTrsmBatchParams2<T1>, T1, const T1 *, int)"
:stage.process:model.layers.1.mlp.down_proj,PushPop,1950204,1953352,1,2815,9645057,3426.3,3456.0,2496,114400,2106.1,"void at::native::elementwise_kernel<(int)128, (int)2, void at::native::gpu_kernel_impl_nocast<at::native::direct_copy_kernel_cuda(at::TensorIteratorBase &)::[lambda() (instance 3)]::operator ()() const::[lambda() (instance 4)]::operator ()() const::[lambda(long) (instance 1)]>(at::TensorIteratorBase &, const T1 &)::[lambda(int) (instance 1)]>(int, T3)"
:stage.process:model.layers.1.mlp.down_proj,PushPop,1950204,1953352,1,1278,9256596,7243.0,7136.0,4704,8320,401.8,"void at::native::index_elementwise_kernel<(int)128, (int)4, void at::native::gpu_index_kernel<void at::native::index_put_kernel_impl<at::native::OpaqueType<(int)8>>(at::TensorIterator &, c10::ArrayRef<long>, c10::ArrayRef<long>)::[lambda(char *, const char *, long) (instance 1)]>(at::TensorIteratorBase &, c10::ArrayRef<long>, c10::ArrayRef<long>, const T1 &, bool)::[lambda(int) (instance 1)]>(long, T3)"
:stage.process:model.layers.1.mlp.down_proj,PushPop,1950204,1953352,1,2300,7145897,3106.9,3168.0,1920,3968,443.3,"void at::native::elementwise_kernel<(int)128, (int)2, void at::native::gpu_kernel_impl_nocast<at::native::AUnaryFunctor<long, long, long, at::native::BitwiseAndFunctor<long>>>(at::TensorIteratorBase &, const T1 &)::[lambda(int) (instance 1)]>(int, T3)"
:stage.process:model.layers.1.mlp.down_proj,PushPop,1950204,1953352,1,3074,6971346,2267.8,2240.0,1760,2368,38.7,"void at::native::vectorized_elementwise_kernel<(int)4, at::native::BinaryFunctor<c10::Half, c10::Half, bool, at::native::<unnamed>::CompareEqFunctor<c10::Half>>, std::array<char *, (unsigned long)3>>(int, T2, T3)"
:stage.process:model.layers.1.mlp.down_proj,PushPop,1950204,1953352,1,3074,6880782,2238.4,2240.0,1760,2305,35.2,"void at::native::vectorized_elementwise_kernel<(int)4, at::native::AUnaryFunctor<c10::Half, c10::Half, bool, at::native::<unnamed>::CompareEqFunctor<c10::Half>>, std::array<char *, (unsigned long)2>>(int, T2, T3)"
:stage.process:model.layers.1.mlp.down_proj,PushPop,1950204,1953352,1,2,6849137,3424568.5,3424568.5,3423720,3425417,1200.0,ampere_sgemm_128x64_lower_nt
:stage.process:model.layers.1.mlp.down_proj,PushPop,1950204,1953352,1,2,6503214,3251607.0,3251607.0,3234150,3269064,24687.9,ampere_sgemm_128x64_nn
:stage.process:model.layers.1.mlp.down_proj,PushPop,1950204,1953352,1,2302,6498122,2822.8,2624.0,2208,3360,313.3,"void at::native::roll_cuda_kernel<float>(const T1 *, T1 *, long, long, long, long, long, long)"
:stage.process:model.layers.1.mlp.down_proj,PushPop,1950204,1953352,1,3328,5771594,1734.3,1664.0,1536,2336,174.5,"void at::native::vectorized_elementwise_kernel<(int)4, void at::native::compare_scalar_kernel<float>(at::TensorIteratorBase &, at::native::<unnamed>::OpType, T1)::[lambda(float) (instance 1)], std::array<char *, (unsigned long)2>>(int, T2, T3)"
:stage.process:model.layers.1.mlp.down_proj,PushPop,1950204,1953352,1,3086,5671727,1837.9,1728.0,1600,45440,1951.1,"void at::native::vectorized_elementwise_kernel<(int)4, void at::native::compare_scalar_kernel<long>(at::TensorIteratorBase &, at::native::<unnamed>::OpType, T1)::[lambda(long) (instance 1)], std::array<char *, (unsigned long)2>>(int, T2, T3)"
:stage.process:model.layers.1.mlp.down_proj,PushPop,1950204,1953352,1,2558,5384427,2104.9,2080.0,1600,2592,181.0,"void at::native::vectorized_elementwise_kernel<(int)4, at::native::BinaryFunctor<bool, bool, bool, at::native::logical_or_kernel_cuda(at::TensorIterator &)::[lambda() (instance 2)]::operator ()() const::[lambda() (instance 9)]::operator ()() const::[lambda(bool, bool) (instance 1)]>, std::array<char *, (unsigned long)3>>(int, T2, T3)"
:stage.process:model.layers.1.mlp.down_proj,PushPop,1950204,1953352,1,639,5290604,8279.5,8256.0,5536,121953,4530.1,"void at::native::index_elementwise_kernel<(int)128, (int)4, void at::native::gpu_index_kernel<void at::native::index_kernel_impl<at::native::OpaqueType<(int)4>>(at::TensorIteratorBase &, c10::ArrayRef<long>, c10::ArrayRef<long>)::[lambda(char *, const char *, long) (instance 1)]>(at::TensorIteratorBase &, c10::ArrayRef<long>, c10::ArrayRef<long>, const T1 &, bool)::[lambda(int) (instance 1)]>(long, T3)"
:stage.process:model.layers.1.mlp.down_proj,PushPop,1950204,1953352,1,2048,5233290,2555.3,2528.0,2336,2848,126.6,"void at::native::unrolled_elementwise_kernel<at::native::BinaryFunctor<float, float, float, at::native::maximum_kernel_cuda(at::TensorIteratorBase &)::[lambda() (instance 2)]::operator ()() const::[lambda() (instance 2)]::operator ()() const::[lambda(float, float) (instance 1)]>, std::array<char *, (unsigned long)3>, (int)4, TrivialOffsetCalculator<(int)2, unsigned int>, TrivialOffsetCalculator<(int)1, unsigned int>, at::native::memory::LoadWithCast<(int)2>, at::native::memory::StoreWithCast<(int)1>>(int, T1, T2, T4, T5, T6, T7)"
:stage.process:model.layers.1.mlp.down_proj,PushPop,1950204,1953352,1,1154,4819535,4176.4,4032.0,3968,181024,5211.7,ampere_sgemm_32x128_nt
:stage.process:model.layers.1.mlp.down_proj,PushPop,1950204,1953352,1,1173,4668460,3979.9,2272.0,1984,192993,12741.4,"void at::native::vectorized_elementwise_kernel<(int)4, at::native::CUDAFunctor_add<float>, std::array<char *, (unsigned long)3>>(int, T2, T3)"
:stage.process:model.layers.1.mlp.down_proj,PushPop,1950204,1953352,1,639,4405936,6895.0,7072.0,3360,7616,662.8,"void at::native::index_elementwise_kernel<(int)128, (int)4, void at::native::gpu_index_kernel<void at::native::index_put_kernel_impl<at::native::OpaqueType<(int)1>>(at::TensorIterator &, c10::ArrayRef<long>, c10::ArrayRef<long>)::[lambda(char *, const char *, long) (instance 1)]>(at::TensorIteratorBase &, c10::ArrayRef<long>, c10::ArrayRef<long>, const T1 &, bool)::[lambda(int) (instance 1)]>(long, T3)"
:stage.process:model.layers.1.mlp.down_proj,PushPop,1950204,1953352,1,1278,4343019,3398.3,3104.0,2208,4672,619.6,"<unnamed>::qvq_yaqa_feedback_epilogue_kernel(const float *, const float *, const float *, const float *, const float *, float *, int, int, int, int, int)"
:stage.process:model.layers.1.mlp.down_proj,PushPop,1950204,1953352,1,1024,4305098,4204.2,4064.0,3904,4672,282.6,"void at::native::elementwise_kernel<(int)128, (int)4, void at::native::gpu_kernel_impl_nocast<at::native::direct_copy_kernel_cuda(at::TensorIteratorBase &)::[lambda() (instance 3)]::operator ()() const::[lambda() (instance 10)]::operator ()() const::[lambda(c10::Half) (instance 1)]>(at::TensorIteratorBase &, const T1 &)::[lambda(int) (instance 1)]>(int, T3)"
:stage.process:model.layers.1.mlp.down_proj,PushPop,1950204,1953352,1,1159,4124430,3558.6,3456.0,1920,52160,2291.7,"void at::native::unrolled_elementwise_kernel<at::native::direct_copy_kernel_cuda(at::TensorIteratorBase &)::[lambda() (instance 3)]::operator ()() const::[lambda() (instance 4)]::operator ()() const::[lambda(long) (instance 1)], std::array<char *, (unsigned long)2>, (int)4, TrivialOffsetCalculator<(int)1, unsigned int>, TrivialOffsetCalculator<(int)1, unsigned int>, at::native::memory::LoadWithCast<(int)1>, at::native::memory::StoreWithCast<(int)1>>(int, T1, T2, T4, T5, T6, T7)"
:stage.process:model.layers.1.mlp.down_proj,PushPop,1950204,1953352,1,1,3826248,3826248.0,3826248.0,3826248,3826248,0.0,ampere_sgemm_32x128_tn
:stage.process:model.layers.1.mlp.down_proj,PushPop,1950204,1953352,1,1032,3415462,3309.6,3264.0,2976,15424,793.5,"void at::native::reduce_kernel<(int)512, (int)1, at::native::ReduceOp<bool, at::native::func_wrapper_t<bool, at::native::or_kernel_cuda(at::TensorIterator &)::[lambda() (instance 1)]::operator ()() const::[lambda() (instance 12)]::operator ()() const::[lambda(bool, bool) (instance 1)]>, unsigned int, bool, (int)4, (int)4>>(T3)"
:stage.process:model.layers.1.mlp.down_proj,PushPop,1950204,1953352,1,2316,3158380,1363.7,1376.0,1248,2176,68.9,"void <unnamed>::elementwise_kernel_with_index<int, at::native::arange_cuda_out(const c10::Scalar &, const c10::Scalar &, const c10::Scalar &, at::Tensor &)::[lambda() (instance 1)]::operator ()() const::[lambda() (instance 4)]::operator ()() const::[lambda(long) (instance 1)]>(T1, T2, function_traits<T2>::result_type *)"
:stage.process:model.layers.1.mlp.down_proj,PushPop,1950204,1953352,1,512,2929828,5722.3,5696.0,5216,6208,138.1,"void at::native::unrolled_elementwise_kernel<at::native::CUDAFunctor_add<float>, std::array<char *, (unsigned long)3>, (int)4, TrivialOffsetCalculator<(int)2, unsigned int>, TrivialOffsetCalculator<(int)1, unsigned int>, at::native::memory::LoadWithCast<(int)2>, at::native::memory::StoreWithCast<(int)1>>(int, T1, T2, T4, T5, T6, T7)"
:stage.process:model.layers.1.mlp.down_proj,PushPop,1950204,1953352,1,1278,2816261,2203.6,2240.0,1472,2528,154.7,"<unnamed>::qvq_yaqa_grouped_pointers_kernel(const float *, const float *, float *, float **, float **, float **, int, int, int, int, int, int)"
:stage.process:model.layers.1.mlp.down_proj,PushPop,1950204,1953352,1,1278,2721992,2129.9,2112.0,1632,2624,189.1,"void at::native::vectorized_elementwise_kernel<(int)4, at::native::bitwise_not_kernel_cuda(at::TensorIteratorBase &)::[lambda(bool) (instance 1)], std::array<char *, (unsigned long)2>>(int, T2, T3)"
:stage.process:model.layers.1.mlp.down_proj,PushPop,1950204,1953352,1,3,2605413,868471.0,1298242.0,8800,1298371,744496.9,"void at::native::reduce_kernel<(int)512, (int)1, at::native::ReduceOp<long, at::native::func_wrapper_t<long, at::native::sum_functor<long, long, long>::operator ()(at::TensorIterator &)::[lambda(long, long) (instance 1)]>, unsigned int, long, (int)4, (int)4>>(T3)"
:stage.process:model.layers.1.mlp.down_proj,PushPop,1950204,1953352,1,1278,2519394,1971.4,1952.0,1472,5600,166.7,"<unnamed>::qvq_yaqa_update_grouped_pointers_kernel(float *, float *, const float *, const float *, const float *, float **, float **, float **, int, int, int, int, int, int)"
:stage.process:model.layers.1.mlp.down_proj,PushPop,1950204,1953352,1,11,2468390,224399.1,65345.0,5536,1028066,397626.5,"void at::native::vectorized_elementwise_kernel<(int)2, at::native::AUnaryFunctor<long, long, long, at::native::BitwiseAndFunctor<long>>, std::array<char *, (unsigned long)2>>(int, T2, T3)"
:stage.process:model.layers.1.mlp.down_proj,PushPop,1950204,1953352,1,513,2184099,4257.5,4224.0,3744,20704,729.8,"void at::native::elementwise_kernel<(int)128, (int)4, void at::native::gpu_kernel_impl_nocast<at::native::direct_copy_kernel_cuda(at::TensorIteratorBase &)::[lambda() (instance 3)]::operator ()() const::[lambda() (instance 1)]::operator ()() const::[lambda(unsigned char) (instance 1)]>(at::TensorIteratorBase &, const T1 &)::[lambda(int) (instance 1)]>(int, T3)"
:stage.process:model.layers.1.mlp.down_proj,PushPop,1950204,1953352,1,4,2167781,541945.3,558049.0,5088,1046595,583240.4,"void at::native::elementwise_kernel<(int)128, (int)2, void at::native::gpu_kernel_impl_nocast<at::native::BinaryFunctor<long, long, long, at::native::lshift_kernel_cuda(at::TensorIteratorBase &)::[lambda() (instance 1)]::operator ()() const::[lambda() (instance 4)]::operator ()() const::[lambda(long, long) (instance 1)]>>(at::TensorIteratorBase &, const T1 &)::[lambda(int) (instance 1)]>(int, T3)"
:stage.process:model.layers.1.mlp.down_proj,PushPop,1950204,1953352,1,4,2164868,541217.0,541089.0,40864,1041826,577721.0,"void at::native::elementwise_kernel<(int)128, (int)2, void at::native::gpu_kernel_impl_nocast<at::native::BinaryFunctor<long, long, long, at::native::rshift_kernel_cuda(at::TensorIteratorBase &)::[lambda() (instance 1)]::operator ()() const::[lambda() (instance 4)]::operator ()() const::[lambda(long, long) (instance 1)]>>(at::TensorIteratorBase &, const T1 &)::[lambda(int) (instance 1)]>(int, T3)"
:stage.process:model.layers.1.mlp.down_proj,PushPop,1950204,1953352,1,3,1882884,627628.0,904450.0,72896,905538,480412.3,"void at::native::index_elementwise_kernel<(int)128, (int)4, void at::native::gpu_index_kernel<void at::native::index_kernel_impl<at::native::OpaqueType<(int)8>>(at::TensorIteratorBase &, c10::ArrayRef<long>, c10::ArrayRef<long>)::[lambda(char *, const char *, long) (instance 1)]>(at::TensorIteratorBase &, c10::ArrayRef<long>, c10::ArrayRef<long>, const T1 &, bool)::[lambda(int) (instance 1)]>(long, T3)"
:stage.process:model.layers.1.mlp.down_proj,PushPop,1950204,1953352,1,1031,1761186,1708.2,1696.0,1600,11520,612.2,"void at::native::vectorized_elementwise_kernel<(int)4, at::native::BinaryFunctor<bool, bool, bool, at::native::BitwiseOrFunctor<bool>>, std::array<char *, (unsigned long)3>>(int, T2, T3)"
:stage.process:model.layers.1.mlp.down_proj,PushPop,1950204,1953352,1,491,1744837,3553.6,3360.0,2912,16192,1116.0,"void cublasLt::splitKreduce_kernel<(int)32, (int)16, int, float, float, float, float, (bool)0, float, float, float, (bool)1, (bool)0, (bool)0, (bool)0>(cublasLt::cublasSplitKParams<T6>, const T4 *, const T10 *, T9 *, T5 *, const T6 *, const T6 *, const T11 *, const T4 *, T11 *, void *, long, T6 *, int *, T6 *, T6 *, const T6 *, const T6 *, const T6 *, const T6 *, const T6 *)"
:stage.process:model.layers.1.mlp.down_proj,PushPop,1950204,1953352,1,3,1694628,564876.0,823906.0,43680,827042,451371.7,"void at::native::triu_tril_kernel<float, int, (bool)0, (int)2, (bool)1>(at::cuda::detail::TensorInfo<T1, T2>, at::cuda::detail::TensorInfo<const T1, T2>, long, long, T2)"
:stage.process:model.layers.1.mlp.down_proj,PushPop,1950204,1953352,1,641,1204864,1879.7,1792.0,1664,29248,1526.1,"void at::native::vectorized_elementwise_kernel<(int)2, at::native::FillFunctor<long>, std::array<char *, (unsigned long)1>>(int, T2, T3)"
:stage.process:model.layers.1.mlp.down_proj,PushPop,1950204,1953352,1,516,1175426,2278.0,1760.0,1664,72608,6068.7,"void at::native::vectorized_elementwise_kernel<(int)4, at::native::BinaryFunctor<long, long, bool, at::native::<unnamed>::CompareEqFunctor<long>>, std::array<char *, (unsigned long)3>>(int, T2, T3)"
:stage.process:model.layers.1.mlp.down_proj,PushPop,1950204,1953352,1,512,1114819,2177.4,2176.0,2144,2208,12.6,"void at::native::elementwise_kernel<(int)128, (int)2, void at::native::gpu_kernel_impl_nocast<at::native::BUnaryFunctor<long, long, long, at::native::rshift_kernel_cuda(at::TensorIteratorBase &)::[lambda() (instance 1)]::operator ()() const::[lambda() (instance 4)]::operator ()() const::[lambda(long, long) (instance 1)]>>(at::TensorIteratorBase &, const T1 &)::[lambda(int) (instance 1)]>(int, T3)"
:stage.process:model.layers.1.mlp.down_proj,PushPop,1950204,1953352,1,10,991617,99161.7,76880.0,3552,294688,105515.0,"void at::native::elementwise_kernel<(int)128, (int)2, void at::native::gpu_kernel_impl_nocast<at::native::BinaryFunctor<float, float, float, at::native::binary_internal::MulFunctor<float>>>(at::TensorIteratorBase &, const T1 &)::[lambda(int) (instance 1)]>(int, T3)"
:stage.process:model.layers.1.mlp.down_proj,PushPop,1950204,1953352,1,9,809795,89977.2,66400.0,1952,258657,99335.3,"void at::native::vectorized_elementwise_kernel<(int)4, at::native::BUnaryFunctor<float, float, float, at::native::binary_internal::MulFunctor<float>>, std::array<char *, (unsigned long)2>>(int, T2, T3)"
:stage.process:model.layers.1.mlp.down_proj,PushPop,1950204,1953352,1,9,775361,86151.2,85952.0,85472,87745,688.6,"void at::native::vectorized_elementwise_kernel<(int)4, at::native::BinaryFunctor<float, float, float, at::native::binary_internal::MulFunctor<float>>, std::array<char *, (unsigned long)3>>(int, T2, T3)"
:stage.process:model.layers.1.mlp.down_proj,PushPop,1950204,1953352,1,13,704804,54215.7,29121.0,1344,113440,50076.9,"void at::native::vectorized_elementwise_kernel<(int)4, at::native::FillFunctor<float>, std::array<char *, (unsigned long)1>>(int, T2, T3)"
:stage.process:model.layers.1.mlp.down_proj,PushPop,1950204,1953352,1,26,487072,18733.5,18816.0,15520,21248,1421.4,ampere_sgemm_128x32_nn
:stage.process:model.layers.1.mlp.down_proj,PushPop,1950204,1953352,1,10,436771,43677.1,46944.5,14048,47296,10415.5,"void at::native::reduce_kernel<(int)512, (int)1, at::native::ReduceOp<float, at::native::func_wrapper_t<float, at::native::sum_functor<float, float, float>::operator ()(at::TensorIterator &)::[lambda(float, float) (instance 1)]>, unsigned int, float, (int)4, (int)4>>(T3)"
:stage.process:model.layers.1.mlp.down_proj,PushPop,1950204,1953352,1,1,337281,337281.0,337281.0,337281,337281,0.0,"void at::native::<unnamed>::CatArrayBatchedCopy_alignedK_contig<at::native::<unnamed>::OpaqueType<(unsigned int)8>, unsigned int, (int)3, (int)128, (int)1, (int)16>(T1 *, at::native::<unnamed>::CatArrInputTensorMetadata<T1, T2, T4, T5>, at::native::<unnamed>::TensorSizeStride<T2, (unsigned int)4>, int, T2)"
:stage.process:model.layers.1.mlp.down_proj,PushPop,1950204,1953352,1,3,297280,99093.3,100256.0,95232,101792,3431.1,"void at::native::vectorized_elementwise_kernel<(int)2, at::native::BinaryFunctor<long, long, long, at::native::BitwiseXorFunctor<long>>, std::array<char *, (unsigned long)3>>(int, T2, T3)"
:stage.process:model.layers.1.mlp.down_proj,PushPop,1950204,1953352,1,6,268386,44731.0,2016.0,1536,249889,100578.6,"void at::native::vectorized_elementwise_kernel<(int)4, at::native::AUnaryFunctor<float, float, float, at::native::binary_internal::MulFunctor<float>>, std::array<char *, (unsigned long)2>>(int, T2, T3)"
:stage.process:model.layers.1.mlp.down_proj,PushPop,1950204,1953352,1,4,257888,64472.0,65072.0,59136,68608,4361.4,"void at::native::vectorized_elementwise_kernel<(int)2, at::native::BUnaryFunctor<long, long, long, at::native::rshift_kernel_cuda(at::TensorIteratorBase &)::[lambda() (instance 1)]::operator ()() const::[lambda() (instance 4)]::operator ()() const::[lambda(long, long) (instance 1)]>, std::array<char *, (unsigned long)2>>(int, T2, T3)"
:stage.process:model.layers.1.mlp.down_proj,PushPop,1950204,1953352,1,10,204129,20412.9,20384.5,20224,20768,145.0,"void at::native::<unnamed>::CatArrayBatchedCopy<at::native::<unnamed>::OpaqueType<(unsigned int)4>, unsigned int, (int)2, (int)64, (int)64>(T1 *, at::native::<unnamed>::CatArrInputTensorMetadata<T1, T2, T4, T5>, at::native::<unnamed>::TensorSizeStride<T2, (unsigned int)4>, int, T2)"
:stage.process:model.layers.1.mlp.down_proj,PushPop,1950204,1953352,1,2,200320,100160.0,100160.0,99680,100640,678.8,"void at::native::vectorized_elementwise_kernel<(int)2, at::native::BinaryFunctor<long, long, long, at::native::BitwiseOrFunctor<long>>, std::array<char *, (unsigned long)3>>(int, T2, T3)"
:stage.process:model.layers.1.mlp.down_proj,PushPop,1950204,1953352,1,8,199137,24892.1,4976.0,4032,165313,56740.8,"void gemmSN_NN_kernel<float, (int)256, (int)4, (int)2, (int)8, (int)4, (int)4, (bool)0, cublasGemvTensorBatched<const float>, cublasGemvTensorBatched<const float>, cublasGemvTensorBatched<float>>(cublasGemmSmallNParams<T9, T10, T11, T1>)"
:stage.process:model.layers.1.mlp.down_proj,PushPop,1950204,1953352,1,16,170496,10656.0,10304.0,9120,12064,905.4,void cutlass::Kernel2<cutlass_80_simt_sgemm_128x32_8x5_nn_align1>(T1::Params)
:stage.process:model.layers.1.mlp.down_proj,PushPop,1950204,1953352,1,10,152320,15232.0,7824.0,4096,49760,13973.1,"void at::native::reduce_kernel<(int)512, (int)1, at::native::ReduceOp<float, at::native::MeanOps<float, float, float, float>, unsigned int, float, (int)4, (int)4>>(T3)"
:stage.process:model.layers.1.mlp.down_proj,PushPop,1950204,1953352,1,6,132512,22085.3,22096.0,16224,27936,6409.1,"void trsm_batch_left_upper_kernel_small<float, (int)16, (int)16, (int)64>(cublasTrsmBatchParams<T1>, const T1 *const *, T1 *const *, const T1 *, T1)"
:stage.process:model.layers.1.mlp.down_proj,PushPop,1950204,1953352,1,2,129056,64528.0,64528.0,64352,64704,248.9,"void at::native::vectorized_elementwise_kernel<(int)2, at::native::BUnaryFunctor<long, long, long, at::native::lshift_kernel_cuda(at::TensorIteratorBase &)::[lambda() (instance 1)]::operator ()() const::[lambda() (instance 4)]::operator ()() const::[lambda(long, long) (instance 1)]>, std::array<char *, (unsigned long)2>>(int, T2, T3)"
:stage.process:model.layers.1.mlp.down_proj,PushPop,1950204,1953352,1,3,114753,38251.0,54465.0,5600,54688,28276.8,"void at::native::unrolled_elementwise_kernel<at::native::direct_copy_kernel_cuda(at::TensorIteratorBase &)::[lambda() (instance 3)]::operator ()() const::[lambda() (instance 3)]::operator ()() const::[lambda(int) (instance 1)], std::array<char *, (unsigned long)2>, (int)4, TrivialOffsetCalculator<(int)1, unsigned int>, TrivialOffsetCalculator<(int)1, unsigned int>, at::native::memory::LoadWithCast<(int)1>, at::native::memory::StoreWithCast<(int)1>>(int, T1, T2, T4, T5, T6, T7)"
:stage.process:model.layers.1.mlp.down_proj,PushPop,1950204,1953352,1,4,86592,21648.0,21680.0,21184,22048,464.8,"std::enable_if<!T7, void>::type internal::gemvx::kernel<int, int, float, float, float, float, (bool)0, (bool)1, (bool)1, (bool)0, (int)7, (bool)0, cublasGemvParamsEx<int, cublasGemvTensorStridedBatched<const float>, cublasGemvTensorStridedBatched<const float>, cublasGemvTensorStridedBatched<float>, float>>(T13)"
:stage.process:model.layers.1.mlp.down_proj,PushPop,1950204,1953352,1,5,75808,15161.6,1568.0,1536,69600,30432.0,"void at::native::vectorized_elementwise_kernel<(int)2, at::native::CUDAFunctorOnSelf_add<long>, std::array<char *, (unsigned long)2>>(int, T2, T3)"
:stage.process:model.layers.1.mlp.down_proj,PushPop,1950204,1953352,1,1,73312,73312.0,73312.0,73312,73312,0.0,"void at::native::elementwise_kernel<(int)128, (int)2, void at::native::gpu_kernel_impl_nocast<at::native::BinaryFunctor<float, float, float, at::native::binary_internal::DivFunctor<float>>>(at::TensorIteratorBase &, const T1 &)::[lambda(int) (instance 1)]>(int, T3)"
:stage.process:model.layers.1.mlp.down_proj,PushPop,1950204,1953352,1,6,72320,12053.3,1920.0,1568,63360,25135.7,"void at::native::vectorized_elementwise_kernel<(int)2, at::native::AUnaryFunctor<long, long, long, at::native::binary_internal::MulFunctor<long>>, std::array<char *, (unsigned long)2>>(int, T2, T3)"
:stage.process:model.layers.1.mlp.down_proj,PushPop,1950204,1953352,1,1,62240,62240.0,62240.0,62240,62240,0.0,"void at::native::vectorized_elementwise_kernel<(int)4, void at::native::<unnamed>::pow_tensor_scalar_kernel_impl<float, float>(at::TensorIteratorBase &, T2)::[lambda(float) (instance 1)], std::array<char *, (unsigned long)2>>(int, T2, T3)"
:stage.process:model.layers.1.mlp.down_proj,PushPop,1950204,1953352,1,1,51840,51840.0,51840.0,51840,51840,0.0,"void at::native::reduce_kernel<(int)128, (int)4, at::native::ReduceOp<long, at::native::func_wrapper_t<long, at::native::sum_functor<long, long, long>::operator ()(at::TensorIterator &)::[lambda(long, long) (instance 1)]>, unsigned int, long, (int)4, (int)4>>(T3)"
:stage.process:model.layers.1.mlp.down_proj,PushPop,1950204,1953352,1,1,47360,47360.0,47360.0,47360,47360,0.0,"void at::native::vectorized_elementwise_kernel<(int)4, at::native::float16_copy_kernel_cuda(at::TensorIteratorBase &)::[lambda(float) (instance 1)], std::array<char *, (unsigned long)2>>(int, T2, T3)"
:stage.process:model.layers.1.mlp.down_proj,PushPop,1950204,1953352,1,6,28704,4784.0,5072.0,4000,5312,577.7,"void at::native::elementwise_kernel<(int)128, (int)2, void at::native::gpu_kernel_impl_nocast<at::native::CUDAFunctorOnSelf_add<float>>(at::TensorIteratorBase &, const T1 &)::[lambda(int) (instance 1)]>(int, T3)"
:stage.process:model.layers.1.mlp.down_proj,PushPop,1950204,1953352,1,3,27616,9205.3,10080.0,7040,10496,1886.7,"void at::native::elementwise_kernel<(int)128, (int)2, void at::native::gpu_kernel_impl_nocast<at::native::direct_copy_kernel_cuda(at::TensorIteratorBase &)::[lambda() (instance 3)]::operator ()() const::[lambda() (instance 3)]::operator ()() const::[lambda(int) (instance 1)]>(at::TensorIteratorBase &, const T1 &)::[lambda(int) (instance 1)]>(int, T3)"
:stage.process:model.layers.1.mlp.down_proj,PushPop,1950204,1953352,1,4,14400,3600.0,3600.0,3456,3744,166.3,"void at::native::vectorized_elementwise_kernel<(int)2, at::native::BUnaryFunctor<long, long, long, at::native::remainder_kernel_cuda(at::TensorIteratorBase &)::[lambda() (instance 1)]::operator ()() const::[lambda() (instance 4)]::operator ()() const::[lambda(long, long) (instance 1)]>, std::array<char *, (unsigned long)2>>(int, T2, T3)"
:stage.process:model.layers.1.mlp.down_proj,PushPop,1950204,1953352,1,6,11904,1984.0,1936.0,1856,2336,182.1,"void at::native::vectorized_elementwise_kernel<(int)4, at::native::<unnamed>::CompareFunctor<float>, std::array<char *, (unsigned long)3>>(int, T2, T3)"
:stage.process:model.layers.1.mlp.down_proj,PushPop,1950204,1953352,1,3,11744,3914.7,4096.0,3520,4128,342.2,"void at::native::unrolled_elementwise_kernel<at::native::direct_copy_kernel_cuda(at::TensorIteratorBase &)::[lambda() (instance 3)]::operator ()() const::[lambda() (instance 1)]::operator ()() const::[lambda(unsigned char) (instance 1)], std::array<char *, (unsigned long)2>, (int)4, TrivialOffsetCalculator<(int)1, unsigned int>, TrivialOffsetCalculator<(int)1, unsigned int>, at::native::memory::LoadWithCast<(int)1>, at::native::memory::StoreWithCast<(int)1>>(int, T1, T2, T4, T5, T6, T7)"
:stage.process:model.layers.1.mlp.down_proj,PushPop,1950204,1953352,1,2,9824,4912.0,4912.0,4736,5088,248.9,"void at::native::<unnamed>::CatArrayBatchedCopy_vectorized<at::native::<unnamed>::OpaqueType<(unsigned int)2>, unsigned int, (int)1, (int)128, (int)1, (int)16, (int)8>(char *, at::native::<unnamed>::CatArrInputTensorMetadata<T1, T2, T4, T5>, at::native::<unnamed>::TensorSizeStride<T2, (unsigned int)4>, int, T2)"
:stage.process:model.layers.1.mlp.down_proj,PushPop,1950204,1953352,1,3,9504,3168.0,3168.0,3072,3264,96.0,"void at::native::vectorized_elementwise_kernel<(int)4, at::native::AUnaryFunctor<unsigned char, unsigned char, bool, at::native::<unnamed>::CompareEqFunctor<unsigned char>>, std::array<char *, (unsigned long)2>>(int, T2, T3)"
:stage.process:model.layers.1.mlp.down_proj,PushPop,1950204,1953352,1,1,9184,9184.0,9184.0,9184,9184,0.0,ampere_sgemm_32x32_sliced1x4_nn
:stage.process:model.layers.1.mlp.down_proj,PushPop,1950204,1953352,1,2,8320,4160.0,4160.0,3360,4960,1131.4,"void at::native::elementwise_kernel<(int)128, (int)2, void at::native::gpu_kernel_impl_nocast<at::native::AbsFunctor<float>>(at::TensorIteratorBase &, const T1 &)::[lambda(int) (instance 1)]>(int, T3)"
:stage.process:model.layers.1.mlp.down_proj,PushPop,1950204,1953352,1,1,8192,8192.0,8192.0,8192,8192,0.0,"void at::native::vectorized_elementwise_kernel<(int)4, at::native::AUnaryFunctor<unsigned char, unsigned char, unsigned char, at::native::binary_internal::MulFunctor<unsigned char>>, std::array<char *, (unsigned long)2>>(int, T2, T3)"
:stage.process:model.layers.1.mlp.down_proj,PushPop,1950204,1953352,1,2,7456,3728.0,3728.0,3712,3744,22.6,"void at::native::vectorized_elementwise_kernel<(int)2, at::native::BUnaryFunctor<long, long, long, at::native::binary_internal::div_floor_kernel_cuda(at::TensorIteratorBase &)::[lambda() (instance 1)]::operator ()() const::[lambda() (instance 4)]::operator ()() const::[lambda(long, long) (instance 1)]>, std::array<char *, (unsigned long)2>>(int, T2, T3)"
:stage.process:model.layers.1.mlp.down_proj,PushPop,1950204,1953352,1,3,6496,2165.3,2144.0,2048,2304,129.3,"void at::native::vectorized_elementwise_kernel<(int)4, at::native::FillFunctor<unsigned char>, std::array<char *, (unsigned long)1>>(int, T2, T3)"
:stage.process:model.layers.1.mlp.down_proj,PushPop,1950204,1953352,1,2,6368,3184.0,3184.0,3168,3200,22.6,"void at::native::elementwise_kernel<(int)128, (int)2, void at::native::gpu_kernel_impl_nocast<at::native::CUDAFunctor_add<long>>(at::TensorIteratorBase &, const T1 &)::[lambda(int) (instance 1)]>(int, T3)"
:stage.process:model.layers.1.mlp.down_proj,PushPop,1950204,1953352,1,2,5984,2992.0,2992.0,2848,3136,203.6,"void at::native::<unnamed>::CatArrayBatchedCopy_alignedK_contig<at::native::<unnamed>::OpaqueType<(unsigned int)4>, unsigned int, (int)1, (int)128, (int)1, (int)16>(T1 *, at::native::<unnamed>::CatArrInputTensorMetadata<T1, T2, T4, T5>, at::native::<unnamed>::TensorSizeStride<T2, (unsigned int)4>, int, T2)"
:stage.process:model.layers.1.mlp.down_proj,PushPop,1950204,1953352,1,3,5984,1994.7,1920.0,1760,2304,279.6,"void at::native::vectorized_elementwise_kernel<(int)4, at::native::BinaryFunctor<float, float, float, at::native::maximum_kernel_cuda(at::TensorIteratorBase &)::[lambda() (instance 2)]::operator ()() const::[lambda() (instance 2)]::operator ()() const::[lambda(float, float) (instance 1)]>, std::array<char *, (unsigned long)3>>(int, T2, T3)"
:stage.process:model.layers.1.mlp.down_proj,PushPop,1950204,1953352,1,3,5696,1898.7,1952.0,1760,1984,121.2,"xxtrf4_set_info_ker(int, int *)"
:stage.process:model.layers.1.mlp.down_proj,PushPop,1950204,1953352,1,2,5408,2704.0,2704.0,1920,3488,1108.7,"void at::native::unrolled_elementwise_kernel<at::native::AUnaryFunctor<long, long, long, at::native::BitwiseAndFunctor<long>>, std::array<char *, (unsigned long)2>, (int)4, TrivialOffsetCalculator<(int)1, unsigned int>, TrivialOffsetCalculator<(int)1, unsigned int>, at::native::memory::LoadWithoutCast, at::native::memory::StoreWithoutCast>(int, T1, T2, T4, T5, T6, T7)"
:stage.process:model.layers.1.mlp.down_proj,PushPop,1950204,1953352,1,1,4992,4992.0,4992.0,4992,4992,0.0,"void at::native::reduce_kernel<(int)512, (int)1, at::native::ReduceOp<float, at::native::ArgMinOps<float>, unsigned int, long, (int)4, (int)4>>(T3)"
:stage.process:model.layers.1.mlp.down_proj,PushPop,1950204,1953352,1,2,4704,2352.0,2352.0,2336,2368,22.6,"void at::native::vectorized_elementwise_kernel<(int)2, at::native::CUDAFunctorOnOther_add<long>, std::array<char *, (unsigned long)2>>(int, T2, T3)"
:stage.process:model.layers.1.mlp.down_proj,PushPop,1950204,1953352,1,2,4512,2256.0,2256.0,2048,2464,294.2,"void at::native::vectorized_elementwise_kernel<(int)4, at::native::FillFunctor<bool>, std::array<char *, (unsigned long)1>>(int, T2, T3)"
:stage.process:model.layers.1.mlp.down_proj,PushPop,1950204,1953352,1,2,4256,2128.0,2128.0,1984,2272,203.6,"void at::native::vectorized_elementwise_kernel<(int)4, void at::native::compare_scalar_kernel<c10::Half>(at::TensorIteratorBase &, at::native::<unnamed>::OpType, T1)::[lambda(c10::Half) (instance 1)], std::array<char *, (unsigned long)2>>(int, T2, T3)"
:stage.process:model.layers.1.mlp.down_proj,PushPop,1950204,1953352,1,1,3488,3488.0,3488.0,3488,3488,0.0,"void at::native::vectorized_elementwise_kernel<(int)4, at::native::BinaryFunctor<unsigned char, unsigned char, bool, at::native::<unnamed>::CompareEqFunctor<unsigned char>>, std::array<char *, (unsigned long)3>>(int, T2, T3)"
:stage.process:model.layers.1.mlp.down_proj,PushPop,1950204,1953352,1,1,3456,3456.0,3456.0,3456,3456,0.0,"void at::native::<unnamed>::CatArrayBatchedCopy_contig<at::native::<unnamed>::OpaqueType<(unsigned int)1>, unsigned int, (int)1, (int)128, (int)1>(T1 *, at::native::<unnamed>::CatArrInputTensorMetadata<T1, T2, T4, T5>, at::native::<unnamed>::TensorSizeStride<T2, (unsigned int)4>, int, T2)"
:stage.process:model.layers.1.mlp.down_proj,PushPop,1950204,1953352,1,1,2912,2912.0,2912.0,2912,2912,0.0,"void at::native::unrolled_elementwise_kernel<at::native::direct_copy_kernel_cuda(at::TensorIteratorBase &)::[lambda() (instance 3)]::operator ()() const::[lambda() (instance 11)]::operator ()() const::[lambda(bool) (instance 1)], std::array<char *, (unsigned long)2>, (int)4, TrivialOffsetCalculator<(int)1, unsigned int>, TrivialOffsetCalculator<(int)1, unsigned int>, at::native::memory::LoadWithCast<(int)1>, at::native::memory::StoreWithCast<(int)1>>(int, T1, T2, T4, T5, T6, T7)"
:stage.process:model.layers.1.mlp.down_proj,PushPop,1950204,1953352,1,1,2496,2496.0,2496.0,2496,2496,0.0,"void at::native::vectorized_elementwise_kernel<(int)4, at::native::sqrt_kernel_cuda(at::TensorIteratorBase &)::[lambda() (instance 2)]::operator ()() const::[lambda() (instance 2)]::operator ()() const::[lambda(float) (instance 1)], std::array<char *, (unsigned long)2>>(int, T2, T3)"
:stage.process:model.layers.1.mlp.down_proj,PushPop,1950204,1953352,1,1,2336,2336.0,2336.0,2336,2336,0.0,"void at::native::elementwise_kernel<(int)128, (int)2, void at::native::gpu_kernel_impl_nocast<at::native::<unnamed>::where_kernel_impl(at::TensorIterator &)::[lambda() (instance 1)]::operator ()() const::[lambda() (instance 3)]::operator ()() const::[lambda(bool, unsigned int, unsigned int) (instance 1)]>(at::TensorIteratorBase &, const T1 &)::[lambda(int) (instance 1)]>(int, T3)"
:stage.process:model.layers.1.mlp.down_proj,PushPop,1950204,1953352,1,1,2080,2080.0,2080.0,2080,2080,0.0,"void at::native::unrolled_elementwise_kernel<at::native::<unnamed>::CompareFunctor<c10::Half>, std::array<char *, (unsigned long)3>, (int)4, TrivialOffsetCalculator<(int)2, unsigned int>, TrivialOffsetCalculator<(int)1, unsigned int>, at::native::memory::LoadWithoutCast, at::native::memory::StoreWithoutCast>(int, T1, T2, T4, T5, T6, T7)"
:stage.process:model.layers.1.mlp.down_proj,PushPop,1950204,1953352,1,1,2048,2048.0,2048.0,2048,2048,0.0,"void at::native::vectorized_elementwise_kernel<(int)4, at::native::<unnamed>::launch_clamp_scalar(at::TensorIteratorBase &, c10::Scalar, c10::Scalar, at::native::detail::ClampLimits)::[lambda() (instance 1)]::operator ()() const::[lambda() (instance 7)]::operator ()() const::[lambda(float) (instance 1)], std::array<char *, (unsigned long)2>>(int, T2, T3)"
:stage.process:model.layers.1.mlp.gate_proj,PushPop,1950204,1953352,1,12272,17496486012,1425724.1,1078193.5,133568,4318471,1270450.3,"void <unnamed>::qvq_v2_segment_grid_kernel<(int)4, (int)2, (int)16, (bool)1, (bool)0, __half, unsigned char>(const float *, const T6 *, const float *, const long *, const float *, const float *, float *, T7 *, unsigned char *, int, int, int, bool, bool)"
:stage.process:model.layers.1.mlp.gate_proj,PushPop,1950204,1953352,1,1534,4697559254,3062294.2,2785093.0,1354562,7196171,1912950.0,"void <unnamed>::qvq_viterbi_kernel<(int)4, (int)2, __half, unsigned char>(const float *, const T3 *, const float *, const long *, const float *, T4 *, long *, float *, int, int, int, bool, bool, bool)"
:stage.process:model.layers.1.mlp.gate_proj,PushPop,1950204,1953352,1,1278,2684314405,2100402.5,1610499.0,19232,6018604,1551013.2,void cutlass::Kernel2<cutlass_80_simt_sgemm_grouped_128x128_8x4_align1>(T1::Params)
:stage.process:model.layers.1.mlp.gate_proj,PushPop,1950204,1953352,1,1278,669623223,523961.8,323233.0,4576,1007874,346305.3,"void gemmSN_NN_kernel<float, (int)128, (int)2, (int)4, (int)8, (int)4, (int)4, (bool)0, cublasGemvTensorBatched<const float>, cublasGemvTensorBatched<const float>, cublasGemvTensorBatched<float>>(cublasGemmSmallNParams<T9, T10, T11, T1>)"
:stage.process:model.layers.1.mlp.gate_proj,PushPop,1950204,1953352,1,1534,541691115,353123.3,286113.0,74529,941826,266532.0,"void <unnamed>::qvq_v2_segment_grid_finalize_kernel<(int)4, (int)2, (int)16, (bool)0, __half, unsigned char>(const float *, const T5 *, const float *, const long *, const float *, const float *, const T6 *, const unsigned char *, long *, unsigned char *, float *, int, int, bool, bool)"
:stage.process:model.layers.1.mlp.gate_proj,PushPop,1950204,1953352,1,1276,214888098,168407.6,109120.0,9568,316704,104575.8,ampere_sgemm_128x128_nt
:stage.process:model.layers.1.mlp.gate_proj,PushPop,1950204,1953352,1,14,85312034,6093716.7,3597302.5,3233766,12675160,4321087.1,ampere_sgemm_128x64_nn
:stage.process:model.layers.1.mlp.gate_proj,PushPop,1950204,1953352,1,3785,29641195,7831.2,3232.0,2112,662273,34720.3,"void at::native::elementwise_kernel<(int)128, (int)2, void at::native::gpu_kernel_impl_nocast<at::native::direct_copy_kernel_cuda(at::TensorIteratorBase &)::[lambda() (instance 3)]::operator ()() const::[lambda() (instance 7)]::operator ()() const::[lambda(float) (instance 1)]>(at::TensorIteratorBase &, const T1 &)::[lambda(int) (instance 1)]>(int, T3)"
:stage.process:model.layers.1.mlp.gate_proj,PushPop,1950204,1953352,1,2,26322286,13161143.0,13161143.0,12916022,13406264,346653.4,void cutlass::Kernel2<cutlass_80_simt_sgemm_128x64_8x5_nn_align1>(T1::Params)
:stage.process:model.layers.1.mlp.gate_proj,PushPop,1950204,1953352,1,3222,23585674,7320.2,7520.0,2592,90208,3196.6,"void at::native::reduce_kernel<(int)512, (int)1, at::native::ReduceOp<bool, at::native::func_wrapper_t<bool, at::native::and_kernel_cuda(at::TensorIterator &)::[lambda() (instance 1)]::operator ()() const::[lambda() (instance 12)]::operator ()() const::[lambda(bool, bool) (instance 1)]>, unsigned int, bool, (int)4, (int)4>>(T3)"
:stage.process:model.layers.1.mlp.gate_proj,PushPop,1950204,1953352,1,445,18483937,41536.9,6112.0,3264,665153,70525.0,"void at::native::elementwise_kernel<(int)128, (int)2, void at::native::gpu_kernel_impl_nocast<at::native::CUDAFunctor_add<float>>(at::TensorIteratorBase &, const T1 &)::[lambda(int) (instance 1)]>(int, T3)"
:stage.process:model.layers.1.mlp.gate_proj,PushPop,1950204,1953352,1,1663,17810401,10709.8,9408.0,5120,118560,3435.3,"void at::native::index_elementwise_kernel<(int)128, (int)4, void at::native::gpu_index_kernel<void at::native::index_kernel_impl<at::native::OpaqueType<(int)2>>(at::TensorIteratorBase &, c10::ArrayRef<long>, c10::ArrayRef<long>)::[lambda(char *, const char *, long) (instance 1)]>(at::TensorIteratorBase &, c10::ArrayRef<long>, c10::ArrayRef<long>, const T1 &, bool)::[lambda(int) (instance 1)]>(long, T3)"
:stage.process:model.layers.1.mlp.gate_proj,PushPop,1950204,1953352,1,130,16332766,125636.7,126112.0,5312,246848,69034.2,"void gemmSN_NN_kernel<float, (int)128, (int)2, (int)4, (int)8, (int)4, (int)4, (bool)0, cublasGemvTensorStridedBatched<const float>, cublasGemvTensorStridedBatched<const float>, cublasGemvTensorStridedBatched<float>>(cublasGemmSmallNParams<T9, T10, T11, T1>)"
:stage.process:model.layers.1.mlp.gate_proj,PushPop,1950204,1953352,1,2046,16313591,7973.4,7936.0,3936,10016,1125.9,"void at::native::reduce_kernel<(int)512, (int)1, at::native::ReduceOp<float, at::native::func_wrapper_t<float, at::native::MaxNanFunctor<float>>, unsigned int, float, (int)4, (int)4>>(T3)"
:stage.process:model.layers.1.mlp.gate_proj,PushPop,1950204,1953352,1,1917,13385818,6982.7,6912.0,4384,8160,484.4,"void at::native::index_elementwise_kernel<(int)128, (int)4, void at::native::gpu_index_kernel<void at::native::index_put_kernel_impl<at::native::OpaqueType<(int)4>>(at::TensorIterator &, c10::ArrayRef<long>, c10::ArrayRef<long>)::[lambda(char *, const char *, long) (instance 1)]>(at::TensorIteratorBase &, c10::ArrayRef<long>, c10::ArrayRef<long>, const T1 &, bool)::[lambda(int) (instance 1)]>(long, T3)"
:stage.process:model.layers.1.mlp.gate_proj,PushPop,1950204,1953352,1,4,12926586,3231646.5,3231671.0,3230822,3232422,783.1,ampere_sgemm_128x64_nt
:stage.process:model.layers.1.mlp.gate_proj,PushPop,1950204,1953352,1,1,12695385,12695385.0,12695385.0,12695385,12695385,0.0,ampere_sgemm_128x64_tn
:stage.process:model.layers.1.mlp.gate_proj,PushPop,1950204,1953352,1,4,11389711,2847427.8,1595298.0,925089,7274026,3017738.4,"void kernel<getrf_wo_pivot_params_<float, (int)0, (int)256, (int)1, (int)64, (int)64, (int)68, (int)8, (int)1, (int)1>>(int, int, void *, int, void *, int, int, int, int, int, int *)"
:stage.process:model.layers.1.mlp.gate_proj,PushPop,1950204,1953352,1,3068,10632332,3465.6,3232.0,2080,5024,912.4,"<unnamed>::qvq_half2_codebook_norm_pack_kernel(const __half *, unsigned long *, int)"
:stage.process:model.layers.1.mlp.gate_proj,PushPop,1950204,1953352,1,4122,10433903,2531.3,2272.0,1504,254369,7152.4,"void at::native::vectorized_elementwise_kernel<(int)4, at::native::AbsFunctor<float>, std::array<char *, (unsigned long)2>>(int, T2, T3)"
:stage.process:model.layers.1.mlp.gate_proj,PushPop,1950204,1953352,1,1278,9194163,7194.2,7104.0,4320,8000,363.4,"void at::native::index_elementwise_kernel<(int)128, (int)4, void at::native::gpu_index_kernel<void at::native::index_put_kernel_impl<at::native::OpaqueType<(int)8>>(at::TensorIterator &, c10::ArrayRef<long>, c10::ArrayRef<long>)::[lambda(char *, const char *, long) (instance 1)]>(at::TensorIteratorBase &, c10::ArrayRef<long>, c10::ArrayRef<long>, const T1 &, bool)::[lambda(int) (instance 1)]>(long, T3)"
:stage.process:model.layers.1.mlp.gate_proj,PushPop,1950204,1953352,1,1543,6768174,4386.4,4192.0,2976,76768,2980.8,"void at::native::unrolled_elementwise_kernel<at::native::direct_copy_kernel_cuda(at::TensorIteratorBase &)::[lambda() (instance 3)]::operator ()() const::[lambda() (instance 7)]::operator ()() const::[lambda(float) (instance 1)], std::array<char *, (unsigned long)2>, (int)4, TrivialOffsetCalculator<(int)1, unsigned int>, TrivialOffsetCalculator<(int)1, unsigned int>, at::native::memory::LoadWithCast<(int)1>, at::native::memory::StoreWithCast<(int)1>>(int, T1, T2, T4, T5, T6, T7)"
:stage.process:model.layers.1.mlp.gate_proj,PushPop,1950204,1953352,1,2846,6711655,2358.3,2208.0,1632,98432,3293.6,"void at::native::vectorized_elementwise_kernel<(int)4, at::native::BinaryFunctor<bool, bool, bool, at::native::binary_internal::MulFunctor<bool>>, std::array<char *, (unsigned long)3>>(int, T2, T3)"
:stage.process:model.layers.1.mlp.gate_proj,PushPop,1950204,1953352,1,2,6653420,3326710.0,3326710.0,3260902,3392518,93066.6,void cutlass::Kernel2<cutlass_80_simt_sgemm_128x32_8x5_nt_align1>(T1::Params)
:stage.process:model.layers.1.mlp.gate_proj,PushPop,1950204,1953352,1,762,6462951,8481.6,8256.0,7840,10464,670.0,"void batch_trsm_left_kernel<float, (int)64, (int)4, (int)3, (bool)0, (bool)0, (bool)1>(cublasTrsmBatchParams2<T1>, T1, const T1 *, int)"
:stage.process:model.layers.1.mlp.gate_proj,PushPop,1950204,1953352,1,770,6401924,8314.2,8320.0,7936,8704,146.8,"void at::native::reduce_kernel<(int)512, (int)1, at::native::ReduceOp<c10::Half, at::native::func_wrapper_t<c10::Half, at::native::MaxNanFunctor<c10::Half>>, unsigned int, c10::Half, (int)4, (int)4>>(T3)"
:stage.process:model.layers.1.mlp.gate_proj,PushPop,1950204,1953352,1,1663,5799978,3487.7,3424.0,2496,115392,2782.0,"void at::native::elementwise_kernel<(int)128, (int)2, void at::native::gpu_kernel_impl_nocast<at::native::direct_copy_kernel_cuda(at::TensorIteratorBase &)::[lambda() (instance 3)]::operator ()() const::[lambda() (instance 4)]::operator ()() const::[lambda(long) (instance 1)]>(at::TensorIteratorBase &, const T1 &)::[lambda(int) (instance 1)]>(int, T3)"
:stage.process:model.layers.1.mlp.gate_proj,PushPop,1950204,1953352,1,2077,5481378,2639.1,2272.0,1504,162176,6676.7,"void at::native::vectorized_elementwise_kernel<(int)4, at::native::BinaryFunctor<float, float, bool, at::native::<unnamed>::CompareEqFunctor<float>>, std::array<char *, (unsigned long)3>>(int, T2, T3)"
:stage.process:model.layers.1.mlp.gate_proj,PushPop,1950204,1953352,1,2558,5388237,2106.4,2048.0,1568,2592,190.5,"void at::native::vectorized_elementwise_kernel<(int)4, at::native::BinaryFunctor<bool, bool, bool, at::native::logical_or_kernel_cuda(at::TensorIterator &)::[lambda() (instance 2)]::operator ()() const::[lambda() (instance 9)]::operator ()() const::[lambda(bool, bool) (instance 1)]>, std::array<char *, (unsigned long)3>>(int, T2, T3)"
:stage.process:model.layers.1.mlp.gate_proj,PushPop,1950204,1953352,1,2076,5366118,2584.8,2272.0,1504,164065,6621.5,"void at::native::vectorized_elementwise_kernel<(int)4, at::native::AUnaryFunctor<float, float, bool, at::native::<unnamed>::CompareEqFunctor<float>>, std::array<char *, (unsigned long)2>>(int, T2, T3)"
:stage.process:model.layers.1.mlp.gate_proj,PushPop,1950204,1953352,1,1532,5213227,3402.9,3360.0,1952,4992,577.0,"void at::native::elementwise_kernel<(int)128, (int)2, void at::native::gpu_kernel_impl_nocast<at::native::AUnaryFunctor<long, long, long, at::native::BitwiseAndFunctor<long>>>(at::TensorIteratorBase &, const T1 &)::[lambda(int) (instance 1)]>(int, T3)"
:stage.process:model.layers.1.mlp.gate_proj,PushPop,1950204,1953352,1,639,5099241,7980.0,8128.0,4928,8672,507.2,"void at::native::index_elementwise_kernel<(int)128, (int)4, void at::native::gpu_index_kernel<void at::native::index_kernel_impl<at::native::OpaqueType<(int)4>>(at::TensorIteratorBase &, c10::ArrayRef<long>, c10::ArrayRef<long>)::[lambda(char *, const char *, long) (instance 1)]>(at::TensorIteratorBase &, c10::ArrayRef<long>, c10::ArrayRef<long>, const T1 &, bool)::[lambda(int) (instance 1)]>(long, T3)"
:stage.process:model.layers.1.mlp.gate_proj,PushPop,1950204,1953352,1,55,4737126,86129.6,70592.0,17408,138848,45478.7,void cutlass::Kernel2<cutlass_80_simt_sgemm_128x32_8x5_nn_align1>(T1::Params)
:stage.process:model.layers.1.mlp.gate_proj,PushPop,1950204,1953352,1,1278,4563205,3570.6,3424.0,2240,4736,596.9,"<unnamed>::qvq_yaqa_feedback_epilogue_kernel(const float *, const float *, const float *, const float *, const float *, float *, int, int, int, int, int)"
:stage.process:model.layers.1.mlp.gate_proj,PushPop,1950204,1953352,1,1534,4546823,2964.0,2688.0,2240,5376,696.4,"void at::native::roll_cuda_kernel<float>(const T1 *, T1 *, long, long, long, long, long, long)"
:stage.process:model.layers.1.mlp.gate_proj,PushPop,1950204,1953352,1,639,4354307,6814.3,7008.0,3264,7808,646.9,"void at::native::index_elementwise_kernel<(int)128, (int)4, void at::native::gpu_index_kernel<void at::native::index_put_kernel_impl<at::native::OpaqueType<(int)1>>(at::TensorIterator &, c10::ArrayRef<long>, c10::ArrayRef<long>)::[lambda(char *, const char *, long) (instance 1)]>(at::TensorIteratorBase &, c10::ArrayRef<long>, c10::ArrayRef<long>, const T1 &, bool)::[lambda(int) (instance 1)]>(long, T3)"
:stage.process:model.layers.1.mlp.gate_proj,PushPop,1950204,1953352,1,789,3636678,4609.2,2176.0,1984,193152,15220.9,"void at::native::vectorized_elementwise_kernel<(int)4, at::native::CUDAFunctor_add<float>, std::array<char *, (unsigned long)3>>(int, T2, T3)"
:stage.process:model.layers.1.mlp.gate_proj,PushPop,1950204,1953352,1,1,3428741,3428741.0,3428741.0,3428741,3428741,0.0,ampere_sgemm_128x64_lower_nt
:stage.process:model.layers.1.mlp.gate_proj,PushPop,1950204,1953352,1,1540,3391748,2202.4,2144.0,1824,4256,149.2,"void at::native::vectorized_elementwise_kernel<(int)4, at::native::AbsFunctor<c10::Half>, std::array<char *, (unsigned long)2>>(int, T2, T3)"
:stage.process:model.layers.1.mlp.gate_proj,PushPop,1950204,1953352,1,1792,3263687,1821.3,1792.0,1536,2400,187.0,"void at::native::vectorized_elementwise_kernel<(int)4, void at::native::compare_scalar_kernel<float>(at::TensorIteratorBase &, at::native::<unnamed>::OpType, T1)::[lambda(float) (instance 1)], std::array<char *, (unsigned long)2>>(int, T2, T3)"
:stage.process:model.layers.1.mlp.gate_proj,PushPop,1950204,1953352,1,770,3104581,4031.9,4032.0,3968,7648,141.1,ampere_sgemm_32x128_nt
:stage.process:model.layers.1.mlp.gate_proj,PushPop,1950204,1953352,1,1278,2799042,2190.2,2208.0,1440,2496,146.9,"<unnamed>::qvq_yaqa_grouped_pointers_kernel(const float *, const float *, float *, float **, float **, float **, int, int, int, int, int, int)"
:stage.process:model.layers.1.mlp.gate_proj,PushPop,1950204,1953352,1,775,2786598,3595.6,3360.0,1792,54752,2863.2,"void at::native::unrolled_elementwise_kernel<at::native::direct_copy_kernel_cuda(at::TensorIteratorBase &)::[lambda() (instance 3)]::operator ()() const::[lambda() (instance 4)]::operator ()() const::[lambda(long) (instance 1)], std::array<char *, (unsigned long)2>, (int)4, TrivialOffsetCalculator<(int)1, unsigned int>, TrivialOffsetCalculator<(int)1, unsigned int>, at::native::memory::LoadWithCast<(int)1>, at::native::memory::StoreWithCast<(int)1>>(int, T1, T2, T4, T5, T6, T7)"
:stage.process:model.layers.1.mlp.gate_proj,PushPop,1950204,1953352,1,1278,2725635,2132.7,2112.0,1632,2656,201.9,"void at::native::vectorized_elementwise_kernel<(int)4, at::native::bitwise_not_kernel_cuda(at::TensorIteratorBase &)::[lambda(bool) (instance 1)], std::array<char *, (unsigned long)2>>(int, T2, T3)"
:stage.process:model.layers.1.mlp.gate_proj,PushPop,1950204,1953352,1,3,2605060,868353.3,1298018.0,8672,1298370,744505.9,"void at::native::reduce_kernel<(int)512, (int)1, at::native::ReduceOp<long, at::native::func_wrapper_t<long, at::native::sum_functor<long, long, long>::operator ()(at::TensorIterator &)::[lambda(long, long) (instance 1)]>, unsigned int, long, (int)4, (int)4>>(T3)"
:stage.process:model.layers.1.mlp.gate_proj,PushPop,1950204,1953352,1,1278,2498626,1955.1,1952.0,1440,2144,124.2,"<unnamed>::qvq_yaqa_update_grouped_pointers_kernel(float *, float *, const float *, const float *, const float *, float **, float **, float **, int, int, int, int, int, int)"
:stage.process:model.layers.1.mlp.gate_proj,PushPop,1950204,1953352,1,11,2476198,225108.9,65089.0,5536,1032322,399612.3,"void at::native::vectorized_elementwise_kernel<(int)2, at::native::AUnaryFunctor<long, long, long, at::native::BitwiseAndFunctor<long>>, std::array<char *, (unsigned long)2>>(int, T2, T3)"
:stage.process:model.layers.1.mlp.gate_proj,PushPop,1950204,1953352,1,4,2176964,544241.0,559761.0,5024,1052418,587196.2,"void at::native::elementwise_kernel<(int)128, (int)2, void at::native::gpu_kernel_impl_nocast<at::native::BinaryFunctor<long, long, long, at::native::lshift_kernel_cuda(at::TensorIteratorBase &)::[lambda() (instance 1)]::operator ()() const::[lambda() (instance 4)]::operator ()() const::[lambda(long, long) (instance 1)]>>(at::TensorIteratorBase &, const T1 &)::[lambda(int) (instance 1)]>(int, T3)"
:stage.process:model.layers.1.mlp.gate_proj,PushPop,1950204,1953352,1,4,2167076,541769.0,541425.0,40864,1043362,578395.5,"void at::native::elementwise_kernel<(int)128, (int)2, void at::native::gpu_kernel_impl_nocast<at::native::BinaryFunctor<long, long, long, at::native::rshift_kernel_cuda(at::TensorIteratorBase &)::[lambda() (instance 1)]::operator ()() const::[lambda() (instance 4)]::operator ()() const::[lambda(long, long) (instance 1)]>>(at::TensorIteratorBase &, const T1 &)::[lambda(int) (instance 1)]>(int, T3)"
:stage.process:model.layers.1.mlp.gate_proj,PushPop,1950204,1953352,1,1548,2100994,1357.2,1376.0,1248,2176,74.7,"void <unnamed>::elementwise_kernel_with_index<int, at::native::arange_cuda_out(const c10::Scalar &, const c10::Scalar &, const c10::Scalar &, at::Tensor &)::[lambda() (instance 1)]::operator ()() const::[lambda() (instance 4)]::operator ()() const::[lambda(long) (instance 1)]>(T1, T2, function_traits<T2>::result_type *)"
:stage.process:model.layers.1.mlp.gate_proj,PushPop,1950204,1953352,1,3,1882309,627436.3,904866.0,72257,905186,480799.4,"void at::native::index_elementwise_kernel<(int)128, (int)4, void at::native::gpu_index_kernel<void at::native::index_kernel_impl<at::native::OpaqueType<(int)8>>(at::TensorIteratorBase &, c10::ArrayRef<long>, c10::ArrayRef<long>)::[lambda(char *, const char *, long) (instance 1)]>(at::TensorIteratorBase &, c10::ArrayRef<long>, c10::ArrayRef<long>, const T1 &, bool)::[lambda(int) (instance 1)]>(long, T3)"
:stage.process:model.layers.1.mlp.gate_proj,PushPop,1950204,1953352,1,782,1778339,2274.1,1856.0,1792,45440,3832.2,"void at::native::vectorized_elementwise_kernel<(int)4, void at::native::compare_scalar_kernel<long>(at::TensorIteratorBase &, at::native::<unnamed>::OpType, T1)::[lambda(long) (instance 1)], std::array<char *, (unsigned long)2>>(int, T2, T3)"
:stage.process:model.layers.1.mlp.gate_proj,PushPop,1950204,1953352,1,770,1754080,2278.0,2272.0,1760,2368,42.8,"void at::native::vectorized_elementwise_kernel<(int)4, at::native::BinaryFunctor<c10::Half, c10::Half, bool, at::native::<unnamed>::CompareEqFunctor<c10::Half>>, std::array<char *, (unsigned long)3>>(int, T2, T3)"
:stage.process:model.layers.1.mlp.gate_proj,PushPop,1950204,1953352,1,770,1738883,2258.3,2240.0,1760,2336,35.4,"void at::native::vectorized_elementwise_kernel<(int)4, at::native::AUnaryFunctor<c10::Half, c10::Half, bool, at::native::<unnamed>::CompareEqFunctor<c10::Half>>, std::array<char *, (unsigned long)2>>(int, T2, T3)"
:stage.process:model.layers.1.mlp.gate_proj,PushPop,1950204,1953352,1,10,1599906,159990.6,77952.5,3584,662561,205119.8,"void at::native::elementwise_kernel<(int)128, (int)2, void at::native::gpu_kernel_impl_nocast<at::native::BinaryFunctor<float, float, float, at::native::binary_internal::MulFunctor<float>>>(at::TensorIteratorBase &, const T1 &)::[lambda(int) (instance 1)]>(int, T3)"
:stage.process:model.layers.1.mlp.gate_proj,PushPop,1950204,1953352,1,45,1382308,30718.0,32704.0,6592,55776,15868.0,"void gemmSN_NN_kernel<float, (int)256, (int)4, (int)2, (int)8, (int)4, (int)4, (bool)0, cublasGemvTensorStridedBatched<const float>, cublasGemvTensorStridedBatched<const float>, cublasGemvTensorStridedBatched<float>>(cublasGemmSmallNParams<T9, T10, T11, T1>)"
:stage.process:model.layers.1.mlp.gate_proj,PushPop,1950204,1953352,1,512,1307488,2553.7,2528.0,2336,2848,127.6,"void at::native::unrolled_elementwise_kernel<at::native::BinaryFunctor<float, float, float, at::native::maximum_kernel_cuda(at::TensorIteratorBase &)::[lambda() (instance 2)]::operator ()() const::[lambda() (instance 2)]::operator ()() const::[lambda(float, float) (instance 1)]>, std::array<char *, (unsigned long)3>, (int)4, TrivialOffsetCalculator<(int)2, unsigned int>, TrivialOffsetCalculator<(int)1, unsigned int>, at::native::memory::LoadWithCast<(int)2>, at::native::memory::StoreWithCast<(int)1>>(int, T1, T2, T4, T5, T6, T7)"
:stage.process:model.layers.1.mlp.gate_proj,PushPop,1950204,1953352,1,4,1272802,318200.5,317968.5,317408,319457,937.2,"std::enable_if<!T7, void>::type internal::gemvx::kernel<int, int, float, float, float, float, (bool)0, (bool)1, (bool)1, (bool)0, (int)7, (bool)0, cublasGemvParamsEx<int, cublasGemvTensorStridedBatched<const float>, cublasGemvTensorStridedBatched<const float>, cublasGemvTensorStridedBatched<float>, float>>(T13)"
:stage.process:model.layers.1.mlp.gate_proj,PushPop,1950204,1953352,1,256,1227938,4796.6,4768.0,4160,5472,543.7,"void at::native::elementwise_kernel<(int)128, (int)4, void at::native::gpu_kernel_impl_nocast<at::native::direct_copy_kernel_cuda(at::TensorIteratorBase &)::[lambda() (instance 3)]::operator ()() const::[lambda() (instance 10)]::operator ()() const::[lambda(c10::Half) (instance 1)]>(at::TensorIteratorBase &, const T1 &)::[lambda(int) (instance 1)]>(int, T3)"
:stage.process:model.layers.1.mlp.gate_proj,PushPop,1950204,1953352,1,641,1203428,1877.4,1792.0,1664,30144,1553.9,"void at::native::vectorized_elementwise_kernel<(int)2, at::native::FillFunctor<long>, std::array<char *, (unsigned long)1>>(int, T2, T3)"
:stage.process:model.layers.1.mlp.gate_proj,PushPop,1950204,1953352,1,26,1151810,44300.4,45360.0,35232,51008,4760.1,ampere_sgemm_128x32_nn
:stage.process:model.layers.1.mlp.gate_proj,PushPop,1950204,1953352,1,264,969729,3673.2,3456.0,3136,15456,1527.6,"void at::native::reduce_kernel<(int)512, (int)1, at::native::ReduceOp<bool, at::native::func_wrapper_t<bool, at::native::or_kernel_cuda(at::TensorIterator &)::[lambda() (instance 1)]::operator ()() const::[lambda() (instance 12)]::operator ()() const::[lambda(bool, bool) (instance 1)]>, unsigned int, bool, (int)4, (int)4>>(T3)"
:stage.process:model.layers.1.mlp.gate_proj,PushPop,1950204,1953352,1,3,920321,306773.7,45376.0,44864,830081,453197.5,"void at::native::triu_tril_kernel<float, int, (bool)0, (int)2, (bool)1>(at::cuda::detail::TensorInfo<T1, T2>, at::cuda::detail::TensorInfo<const T1, T2>, long, long, T2)"
:stage.process:model.layers.1.mlp.gate_proj,PushPop,1950204,1953352,1,9,805857,89539.7,67296.0,1952,259136,99143.4,"void at::native::vectorized_elementwise_kernel<(int)4, at::native::BUnaryFunctor<float, float, float, at::native::binary_internal::MulFunctor<float>>, std::array<char *, (unsigned long)2>>(int, T2, T3)"
:stage.process:model.layers.1.mlp.gate_proj,PushPop,1950204,1953352,1,9,784193,87132.6,86976.0,86400,88865,736.0,"void at::native::vectorized_elementwise_kernel<(int)4, at::native::BinaryFunctor<float, float, float, at::native::binary_internal::MulFunctor<float>>, std::array<char *, (unsigned long)3>>(int, T2, T3)"
:stage.process:model.layers.1.mlp.gate_proj,PushPop,1950204,1953352,1,128,759042,5930.0,5920.0,5600,6304,136.8,"void at::native::unrolled_elementwise_kernel<at::native::CUDAFunctor_add<float>, std::array<char *, (unsigned long)3>, (int)4, TrivialOffsetCalculator<(int)2, unsigned int>, TrivialOffsetCalculator<(int)1, unsigned int>, at::native::memory::LoadWithCast<(int)2>, at::native::memory::StoreWithCast<(int)1>>(int, T1, T2, T4, T5, T6, T7)"
:stage.process:model.layers.1.mlp.gate_proj,PushPop,1950204,1953352,1,129,590688,4579.0,4448.0,4352,20832,1442.9,"void at::native::elementwise_kernel<(int)128, (int)4, void at::native::gpu_kernel_impl_nocast<at::native::direct_copy_kernel_cuda(at::TensorIteratorBase &)::[lambda() (instance 3)]::operator ()() const::[lambda() (instance 1)]::operator ()() const::[lambda(unsigned char) (instance 1)]>(at::TensorIteratorBase &, const T1 &)::[lambda(int) (instance 1)]>(int, T3)"
:stage.process:model.layers.1.mlp.gate_proj,PushPop,1950204,1953352,1,10,582785,58278.5,47408.0,46944,156577,34539.2,"void at::native::reduce_kernel<(int)512, (int)1, at::native::ReduceOp<float, at::native::func_wrapper_t<float, at::native::sum_functor<float, float, float>::operator ()(at::TensorIterator &)::[lambda(float, float) (instance 1)]>, unsigned int, float, (int)4, (int)4>>(T3)"
:stage.process:model.layers.1.mlp.gate_proj,PushPop,1950204,1953352,1,132,527458,3995.9,1952.0,1920,71713,11614.1,"void at::native::vectorized_elementwise_kernel<(int)4, at::native::BinaryFunctor<long, long, bool, at::native::<unnamed>::CompareEqFunctor<long>>, std::array<char *, (unsigned long)3>>(int, T2, T3)"
:stage.process:model.layers.1.mlp.gate_proj,PushPop,1950204,1953352,1,263,525985,1999.9,1856.0,1760,13728,1243.2,"void at::native::vectorized_elementwise_kernel<(int)4, at::native::BinaryFunctor<bool, bool, bool, at::native::BitwiseOrFunctor<bool>>, std::array<char *, (unsigned long)3>>(int, T2, T3)"
:stage.process:model.layers.1.mlp.gate_proj,PushPop,1950204,1953352,1,13,488800,37600.0,8480.0,1312,113024,44310.7,"void at::native::vectorized_elementwise_kernel<(int)4, at::native::FillFunctor<float>, std::array<char *, (unsigned long)1>>(int, T2, T3)"
:stage.process:model.layers.1.mlp.gate_proj,PushPop,1950204,1953352,1,128,416097,3250.8,3264.0,3200,3296,21.5,"void at::native::elementwise_kernel<(int)128, (int)2, void at::native::gpu_kernel_impl_nocast<at::native::BUnaryFunctor<long, long, long, at::native::rshift_kernel_cuda(at::TensorIteratorBase &)::[lambda() (instance 1)]::operator ()() const::[lambda() (instance 4)]::operator ()() const::[lambda(long, long) (instance 1)]>>(at::TensorIteratorBase &, const T1 &)::[lambda(int) (instance 1)]>(int, T3)"
:stage.process:model.layers.1.mlp.gate_proj,PushPop,1950204,1953352,1,1,342657,342657.0,342657.0,342657,342657,0.0,"void at::native::<unnamed>::CatArrayBatchedCopy_alignedK_contig<at::native::<unnamed>::OpaqueType<(unsigned int)8>, unsigned int, (int)3, (int)128, (int)1, (int)16>(T1 *, at::native::<unnamed>::CatArrInputTensorMetadata<T1, T2, T4, T5>, at::native::<unnamed>::TensorSizeStride<T2, (unsigned int)4>, int, T2)"
:stage.process:model.layers.1.mlp.gate_proj,PushPop,1950204,1953352,1,58,324608,5596.7,5136.0,3424,16416,3000.9,"void cublasLt::splitKreduce_kernel<(int)32, (int)16, int, float, float, float, float, (bool)0, float, float, float, (bool)1, (bool)0, (bool)0, (bool)0>(cublasLt::cublasSplitKParams<T6>, const T4 *, const T10 *, T9 *, T5 *, const T6 *, const T6 *, const T11 *, const T4 *, T11 *, void *, long, T6 *, int *, T6 *, T6 *, const T6 *, const T6 *, const T6 *, const T6 *, const T6 *)"
:stage.process:model.layers.1.mlp.gate_proj,PushPop,1950204,1953352,1,3,295520,98506.7,99872.0,94688,100960,3351.5,"void at::native::vectorized_elementwise_kernel<(int)2, at::native::BinaryFunctor<long, long, long, at::native::BitwiseXorFunctor<long>>, std::array<char *, (unsigned long)3>>(int, T2, T3)"
:stage.process:model.layers.1.mlp.gate_proj,PushPop,1950204,1953352,1,6,269249,44874.8,1744.0,1472,250977,101048.8,"void at::native::vectorized_elementwise_kernel<(int)4, at::native::AUnaryFunctor<float, float, float, at::native::binary_internal::MulFunctor<float>>, std::array<char *, (unsigned long)2>>(int, T2, T3)"
:stage.process:model.layers.1.mlp.gate_proj,PushPop,1950204,1953352,1,4,261344,65336.0,65776.0,59840,69952,4709.0,"void at::native::vectorized_elementwise_kernel<(int)2, at::native::BUnaryFunctor<long, long, long, at::native::rshift_kernel_cuda(at::TensorIteratorBase &)::[lambda() (instance 1)]::operator ()() const::[lambda() (instance 4)]::operator ()() const::[lambda(long, long) (instance 1)]>, std::array<char *, (unsigned long)2>>(int, T2, T3)"
:stage.process:model.layers.1.mlp.gate_proj,PushPop,1950204,1953352,1,10,216672,21667.2,21632.0,21472,22016,163.5,"void at::native::<unnamed>::CatArrayBatchedCopy<at::native::<unnamed>::OpaqueType<(unsigned int)4>, unsigned int, (int)2, (int)64, (int)64>(T1 *, at::native::<unnamed>::CatArrInputTensorMetadata<T1, T2, T4, T5>, at::native::<unnamed>::TensorSizeStride<T2, (unsigned int)4>, int, T2)"
:stage.process:model.layers.1.mlp.gate_proj,PushPop,1950204,1953352,1,2,200224,100112.0,100112.0,99584,100640,746.7,"void at::native::vectorized_elementwise_kernel<(int)2, at::native::BinaryFunctor<long, long, long, at::native::BitwiseOrFunctor<long>>, std::array<char *, (unsigned long)3>>(int, T2, T3)"
:stage.process:model.layers.1.mlp.gate_proj,PushPop,1950204,1953352,1,10,148546,14854.6,7424.5,4224,49281,13824.9,"void at::native::reduce_kernel<(int)512, (int)1, at::native::ReduceOp<float, at::native::MeanOps<float, float, float, float>, unsigned int, float, (int)4, (int)4>>(T3)"
:stage.process:model.layers.1.mlp.gate_proj,PushPop,1950204,1953352,1,6,132321,22053.5,22048.0,16129,27936,6397.5,"void trsm_batch_left_upper_kernel_small<float, (int)16, (int)16, (int)64>(cublasTrsmBatchParams<T1>, const T1 *const *, T1 *const *, const T1 *, T1)"
:stage.process:model.layers.1.mlp.gate_proj,PushPop,1950204,1953352,1,2,129248,64624.0,64624.0,64480,64768,203.6,"void at::native::vectorized_elementwise_kernel<(int)2, at::native::BUnaryFunctor<long, long, long, at::native::lshift_kernel_cuda(at::TensorIteratorBase &)::[lambda() (instance 1)]::operator ()() const::[lambda() (instance 4)]::operator ()() const::[lambda(long, long) (instance 1)]>, std::array<char *, (unsigned long)2>>(int, T2, T3)"
:stage.process:model.layers.1.mlp.gate_proj,PushPop,1950204,1953352,1,3,115808,38602.7,54880.0,5888,55040,28331.8,"void at::native::unrolled_elementwise_kernel<at::native::direct_copy_kernel_cuda(at::TensorIteratorBase &)::[lambda() (instance 3)]::operator ()() const::[lambda() (instance 3)]::operator ()() const::[lambda(int) (instance 1)], std::array<char *, (unsigned long)2>, (int)4, TrivialOffsetCalculator<(int)1, unsigned int>, TrivialOffsetCalculator<(int)1, unsigned int>, at::native::memory::LoadWithCast<(int)1>, at::native::memory::StoreWithCast<(int)1>>(int, T1, T2, T4, T5, T6, T7)"
:stage.process:model.layers.1.mlp.gate_proj,PushPop,1950204,1953352,1,5,77056,15411.2,1696.0,1632,70400,30739.7,"void at::native::vectorized_elementwise_kernel<(int)2, at::native::CUDAFunctorOnSelf_add<long>, std::array<char *, (unsigned long)2>>(int, T2, T3)"
:stage.process:model.layers.1.mlp.gate_proj,PushPop,1950204,1953352,1,6,73249,12208.2,2000.0,1696,63841,25295.3,"void at::native::vectorized_elementwise_kernel<(int)2, at::native::AUnaryFunctor<long, long, long, at::native::binary_internal::MulFunctor<long>>, std::array<char *, (unsigned long)2>>(int, T2, T3)"
:stage.process:model.layers.1.mlp.gate_proj,PushPop,1950204,1953352,1,1,73184,73184.0,73184.0,73184,73184,0.0,"void at::native::elementwise_kernel<(int)128, (int)2, void at::native::gpu_kernel_impl_nocast<at::native::BinaryFunctor<float, float, float, at::native::binary_internal::DivFunctor<float>>>(at::TensorIteratorBase &, const T1 &)::[lambda(int) (instance 1)]>(int, T3)"
:stage.process:model.layers.1.mlp.gate_proj,PushPop,1950204,1953352,1,1,59712,59712.0,59712.0,59712,59712,0.0,"void at::native::vectorized_elementwise_kernel<(int)4, void at::native::<unnamed>::pow_tensor_scalar_kernel_impl<float, float>(at::TensorIteratorBase &, T2)::[lambda(float) (instance 1)], std::array<char *, (unsigned long)2>>(int, T2, T3)"
:stage.process:model.layers.1.mlp.gate_proj,PushPop,1950204,1953352,1,1,48704,48704.0,48704.0,48704,48704,0.0,"void at::native::reduce_kernel<(int)128, (int)4, at::native::ReduceOp<long, at::native::func_wrapper_t<long, at::native::sum_functor<long, long, long>::operator ()(at::TensorIterator &)::[lambda(long, long) (instance 1)]>, unsigned int, long, (int)4, (int)4>>(T3)"
:stage.process:model.layers.1.mlp.gate_proj,PushPop,1950204,1953352,1,1,44896,44896.0,44896.0,44896,44896,0.0,"void at::native::vectorized_elementwise_kernel<(int)4, at::native::float16_copy_kernel_cuda(at::TensorIteratorBase &)::[lambda(float) (instance 1)], std::array<char *, (unsigned long)2>>(int, T2, T3)"
:stage.process:model.layers.1.mlp.gate_proj,PushPop,1950204,1953352,1,3,28160,9386.7,10400.0,7040,10720,2038.6,"void at::native::elementwise_kernel<(int)128, (int)2, void at::native::gpu_kernel_impl_nocast<at::native::direct_copy_kernel_cuda(at::TensorIteratorBase &)::[lambda() (instance 3)]::operator ()() const::[lambda() (instance 3)]::operator ()() const::[lambda(int) (instance 1)]>(at::TensorIteratorBase &, const T1 &)::[lambda(int) (instance 1)]>(int, T3)"
:stage.process:model.layers.1.mlp.gate_proj,PushPop,1950204,1953352,1,6,25792,4298.7,4592.0,3360,4960,681.4,"void at::native::elementwise_kernel<(int)128, (int)2, void at::native::gpu_kernel_impl_nocast<at::native::CUDAFunctorOnSelf_add<float>>(at::TensorIteratorBase &, const T1 &)::[lambda(int) (instance 1)]>(int, T3)"
:stage.process:model.layers.1.mlp.gate_proj,PushPop,1950204,1953352,1,4,14272,3568.0,3536.0,3456,3744,129.3,"void at::native::vectorized_elementwise_kernel<(int)2, at::native::BUnaryFunctor<long, long, long, at::native::remainder_kernel_cuda(at::TensorIteratorBase &)::[lambda() (instance 1)]::operator ()() const::[lambda() (instance 4)]::operator ()() const::[lambda(long, long) (instance 1)]>, std::array<char *, (unsigned long)2>>(int, T2, T3)"
:stage.process:model.layers.1.mlp.gate_proj,PushPop,1950204,1953352,1,3,11744,3914.7,4096.0,3552,4096,314.1,"void at::native::unrolled_elementwise_kernel<at::native::direct_copy_kernel_cuda(at::TensorIteratorBase &)::[lambda() (instance 3)]::operator ()() const::[lambda() (instance 1)]::operator ()() const::[lambda(unsigned char) (instance 1)], std::array<char *, (unsigned long)2>, (int)4, TrivialOffsetCalculator<(int)1, unsigned int>, TrivialOffsetCalculator<(int)1, unsigned int>, at::native::memory::LoadWithCast<(int)1>, at::native::memory::StoreWithCast<(int)1>>(int, T1, T2, T4, T5, T6, T7)"
:stage.process:model.layers.1.mlp.gate_proj,PushPop,1950204,1953352,1,6,11648,1941.3,1856.0,1824,2336,195.9,"void at::native::vectorized_elementwise_kernel<(int)4, at::native::<unnamed>::CompareFunctor<float>, std::array<char *, (unsigned long)3>>(int, T2, T3)"
:stage.process:model.layers.1.mlp.gate_proj,PushPop,1950204,1953352,1,2,9696,4848.0,4848.0,4800,4896,67.9,"void at::native::<unnamed>::CatArrayBatchedCopy_vectorized<at::native::<unnamed>::OpaqueType<(unsigned int)2>, unsigned int, (int)1, (int)128, (int)1, (int)16, (int)8>(char *, at::native::<unnamed>::CatArrInputTensorMetadata<T1, T2, T4, T5>, at::native::<unnamed>::TensorSizeStride<T2, (unsigned int)4>, int, T2)"
:stage.process:model.layers.1.mlp.gate_proj,PushPop,1950204,1953352,1,3,9120,3040.0,3040.0,2912,3168,128.0,"void at::native::vectorized_elementwise_kernel<(int)4, at::native::AUnaryFunctor<unsigned char, unsigned char, bool, at::native::<unnamed>::CompareEqFunctor<unsigned char>>, std::array<char *, (unsigned long)2>>(int, T2, T3)"
:stage.process:model.layers.1.mlp.gate_proj,PushPop,1950204,1953352,1,2,8288,4144.0,4144.0,3328,4960,1154.0,"void at::native::elementwise_kernel<(int)128, (int)2, void at::native::gpu_kernel_impl_nocast<at::native::AbsFunctor<float>>(at::TensorIteratorBase &, const T1 &)::[lambda(int) (instance 1)]>(int, T3)"
:stage.process:model.layers.1.mlp.gate_proj,PushPop,1950204,1953352,1,1,8224,8224.0,8224.0,8224,8224,0.0,"void at::native::vectorized_elementwise_kernel<(int)4, at::native::AUnaryFunctor<unsigned char, unsigned char, unsigned char, at::native::binary_internal::MulFunctor<unsigned char>>, std::array<char *, (unsigned long)2>>(int, T2, T3)"
:stage.process:model.layers.1.mlp.gate_proj,PushPop,1950204,1953352,1,2,7424,3712.0,3712.0,3680,3744,45.3,"void at::native::vectorized_elementwise_kernel<(int)2, at::native::BUnaryFunctor<long, long, long, at::native::binary_internal::div_floor_kernel_cuda(at::TensorIteratorBase &)::[lambda() (instance 1)]::operator ()() const::[lambda() (instance 4)]::operator ()() const::[lambda(long, long) (instance 1)]>, std::array<char *, (unsigned long)2>>(int, T2, T3)"
:stage.process:model.layers.1.mlp.gate_proj,PushPop,1950204,1953352,1,3,6592,2197.3,2176.0,2144,2272,66.6,"void at::native::vectorized_elementwise_kernel<(int)4, at::native::FillFunctor<unsigned char>, std::array<char *, (unsigned long)1>>(int, T2, T3)"
:stage.process:model.layers.1.mlp.gate_proj,PushPop,1950204,1953352,1,2,6368,3184.0,3184.0,3168,3200,22.6,"void at::native::elementwise_kernel<(int)128, (int)2, void at::native::gpu_kernel_impl_nocast<at::native::CUDAFunctor_add<long>>(at::TensorIteratorBase &, const T1 &)::[lambda(int) (instance 1)]>(int, T3)"
:stage.process:model.layers.1.mlp.gate_proj,PushPop,1950204,1953352,1,2,5696,2848.0,2848.0,2720,2976,181.0,"void at::native::<unnamed>::CatArrayBatchedCopy_alignedK_contig<at::native::<unnamed>::OpaqueType<(unsigned int)4>, unsigned int, (int)1, (int)128, (int)1, (int)16>(T1 *, at::native::<unnamed>::CatArrInputTensorMetadata<T1, T2, T4, T5>, at::native::<unnamed>::TensorSizeStride<T2, (unsigned int)4>, int, T2)"
:stage.process:model.layers.1.mlp.gate_proj,PushPop,1950204,1953352,1,3,5568,1856.0,1952.0,1632,1984,194.6,"void at::native::vectorized_elementwise_kernel<(int)4, at::native::BinaryFunctor<float, float, float, at::native::maximum_kernel_cuda(at::TensorIteratorBase &)::[lambda() (instance 2)]::operator ()() const::[lambda() (instance 2)]::operator ()() const::[lambda(float, float) (instance 1)]>, std::array<char *, (unsigned long)3>>(int, T2, T3)"
:stage.process:model.layers.1.mlp.gate_proj,PushPop,1950204,1953352,1,3,5056,1685.3,1632.0,1504,1920,213.1,"xxtrf4_set_info_ker(int, int *)"
:stage.process:model.layers.1.mlp.gate_proj,PushPop,1950204,1953352,1,2,4832,2416.0,2416.0,2400,2432,22.6,"void at::native::vectorized_elementwise_kernel<(int)2, at::native::CUDAFunctorOnOther_add<long>, std::array<char *, (unsigned long)2>>(int, T2, T3)"
:stage.process:model.layers.1.mlp.gate_proj,PushPop,1950204,1953352,1,1,4704,4704.0,4704.0,4704,4704,0.0,"void at::native::reduce_kernel<(int)512, (int)1, at::native::ReduceOp<float, at::native::ArgMinOps<float>, unsigned int, long, (int)4, (int)4>>(T3)"
:stage.process:model.layers.1.mlp.gate_proj,PushPop,1950204,1953352,1,2,4640,2320.0,2320.0,2048,2592,384.7,"void at::native::vectorized_elementwise_kernel<(int)4, at::native::FillFunctor<bool>, std::array<char *, (unsigned long)1>>(int, T2, T3)"
:stage.process:model.layers.1.mlp.gate_proj,PushPop,1950204,1953352,1,2,4256,2128.0,2128.0,1952,2304,248.9,"void at::native::vectorized_elementwise_kernel<(int)4, void at::native::compare_scalar_kernel<c10::Half>(at::TensorIteratorBase &, at::native::<unnamed>::OpType, T1)::[lambda(c10::Half) (instance 1)], std::array<char *, (unsigned long)2>>(int, T2, T3)"
:stage.process:model.layers.1.mlp.gate_proj,PushPop,1950204,1953352,1,2,3872,1936.0,1936.0,1888,1984,67.9,"void at::native::unrolled_elementwise_kernel<at::native::AUnaryFunctor<long, long, long, at::native::BitwiseAndFunctor<long>>, std::array<char *, (unsigned long)2>, (int)4, TrivialOffsetCalculator<(int)1, unsigned int>, TrivialOffsetCalculator<(int)1, unsigned int>, at::native::memory::LoadWithoutCast, at::native::memory::StoreWithoutCast>(int, T1, T2, T4, T5, T6, T7)"
:stage.process:model.layers.1.mlp.gate_proj,PushPop,1950204,1953352,1,1,3361,3361.0,3361.0,3361,3361,0.0,"void at::native::<unnamed>::CatArrayBatchedCopy_contig<at::native::<unnamed>::OpaqueType<(unsigned int)1>, unsigned int, (int)1, (int)128, (int)1>(T1 *, at::native::<unnamed>::CatArrInputTensorMetadata<T1, T2, T4, T5>, at::native::<unnamed>::TensorSizeStride<T2, (unsigned int)4>, int, T2)"
:stage.process:model.layers.1.mlp.gate_proj,PushPop,1950204,1953352,1,1,3328,3328.0,3328.0,3328,3328,0.0,"void at::native::vectorized_elementwise_kernel<(int)4, at::native::BinaryFunctor<unsigned char, unsigned char, bool, at::native::<unnamed>::CompareEqFunctor<unsigned char>>, std::array<char *, (unsigned long)3>>(int, T2, T3)"
:stage.process:model.layers.1.mlp.gate_proj,PushPop,1950204,1953352,1,1,2496,2496.0,2496.0,2496,2496,0.0,"void at::native::vectorized_elementwise_kernel<(int)4, at::native::sqrt_kernel_cuda(at::TensorIteratorBase &)::[lambda() (instance 2)]::operator ()() const::[lambda() (instance 2)]::operator ()() const::[lambda(float) (instance 1)], std::array<char *, (unsigned long)2>>(int, T2, T3)"
:stage.process:model.layers.1.mlp.gate_proj,PushPop,1950204,1953352,1,1,2304,2304.0,2304.0,2304,2304,0.0,"void at::native::unrolled_elementwise_kernel<at::native::direct_copy_kernel_cuda(at::TensorIteratorBase &)::[lambda() (instance 3)]::operator ()() const::[lambda() (instance 11)]::operator ()() const::[lambda(bool) (instance 1)], std::array<char *, (unsigned long)2>, (int)4, TrivialOffsetCalculator<(int)1, unsigned int>, TrivialOffsetCalculator<(int)1, unsigned int>, at::native::memory::LoadWithCast<(int)1>, at::native::memory::StoreWithCast<(int)1>>(int, T1, T2, T4, T5, T6, T7)"
:stage.process:model.layers.1.mlp.gate_proj,PushPop,1950204,1953352,1,1,2144,2144.0,2144.0,2144,2144,0.0,"void at::native::elementwise_kernel<(int)128, (int)2, void at::native::gpu_kernel_impl_nocast<at::native::<unnamed>::where_kernel_impl(at::TensorIterator &)::[lambda() (instance 1)]::operator ()() const::[lambda() (instance 3)]::operator ()() const::[lambda(bool, unsigned int, unsigned int) (instance 1)]>(at::TensorIteratorBase &, const T1 &)::[lambda(int) (instance 1)]>(int, T3)"
:stage.process:model.layers.1.mlp.gate_proj,PushPop,1950204,1953352,1,1,2080,2080.0,2080.0,2080,2080,0.0,"void at::native::unrolled_elementwise_kernel<at::native::<unnamed>::CompareFunctor<c10::Half>, std::array<char *, (unsigned long)3>, (int)4, TrivialOffsetCalculator<(int)2, unsigned int>, TrivialOffsetCalculator<(int)1, unsigned int>, at::native::memory::LoadWithoutCast, at::native::memory::StoreWithoutCast>(int, T1, T2, T4, T5, T6, T7)"
:stage.process:model.layers.1.mlp.gate_proj,PushPop,1950204,1953352,1,1,2080,2080.0,2080.0,2080,2080,0.0,"void at::native::vectorized_elementwise_kernel<(int)4, at::native::<unnamed>::launch_clamp_scalar(at::TensorIteratorBase &, c10::Scalar, c10::Scalar, at::native::detail::ClampLimits)::[lambda() (instance 1)]::operator ()() const::[lambda() (instance 7)]::operator ()() const::[lambda(float) (instance 1)], std::array<char *, (unsigned long)2>>(int, T2, T3)"
:stage.process:model.layers.1.mlp.up_proj,PushPop,1950204,1953352,1,12272,17604139007,1434496.3,1086194.5,133312,4316489,1269419.9,"void <unnamed>::qvq_v2_segment_grid_kernel<(int)4, (int)2, (int)16, (bool)1, (bool)0, __half, unsigned char>(const float *, const T6 *, const float *, const long *, const float *, const float *, float *, T7 *, unsigned char *, int, int, int, bool, bool)"
:stage.process:model.layers.1.mlp.up_proj,PushPop,1950204,1953352,1,1534,4696668980,3061713.8,2784774.0,1362915,7187502,1904496.5,"void <unnamed>::qvq_viterbi_kernel<(int)4, (int)2, __half, unsigned char>(const float *, const T3 *, const float *, const long *, const float *, T4 *, long *, float *, int, int, int, bool, bool, bool)"
:stage.process:model.layers.1.mlp.up_proj,PushPop,1950204,1953352,1,1278,2698826202,2111757.6,1628644.0,22112,6022575,1559686.2,void cutlass::Kernel2<cutlass_80_simt_sgemm_grouped_128x128_8x4_align1>(T1::Params)
:stage.process:model.layers.1.mlp.up_proj,PushPop,1950204,1953352,1,1278,673768048,527205.0,323233.0,5696,1008706,347760.9,"void gemmSN_NN_kernel<float, (int)128, (int)2, (int)4, (int)8, (int)4, (int)4, (bool)0, cublasGemvTensorBatched<const float>, cublasGemvTensorBatched<const float>, cublasGemvTensorBatched<float>>(cublasGemmSmallNParams<T9, T10, T11, T1>)"
:stage.process:model.layers.1.mlp.up_proj,PushPop,1950204,1953352,1,1534,544249741,354791.2,287601.0,72640,942466,266155.5,"void <unnamed>::qvq_v2_segment_grid_finalize_kernel<(int)4, (int)2, (int)16, (bool)0, __half, unsigned char>(const float *, const T5 *, const float *, const long *, const float *, const float *, const T6 *, const unsigned char *, long *, unsigned char *, float *, int, int, bool, bool)"
:stage.process:model.layers.1.mlp.up_proj,PushPop,1950204,1953352,1,1276,216267038,169488.3,109120.5,10016,316577,105151.5,ampere_sgemm_128x128_nt
:stage.process:model.layers.1.mlp.up_proj,PushPop,1950204,1953352,1,14,85257582,6089827.3,3582392.0,3233576,12676256,4321099.5,ampere_sgemm_128x64_nn
:stage.process:model.layers.1.mlp.up_proj,PushPop,1950204,1953352,1,3785,29742048,7857.9,3232.0,2112,675426,35098.6,"void at::native::elementwise_kernel<(int)128, (int)2, void at::native::gpu_kernel_impl_nocast<at::native::direct_copy_kernel_cuda(at::TensorIteratorBase &)::[lambda() (instance 3)]::operator ()() const::[lambda() (instance 7)]::operator ()() const::[lambda(float) (instance 1)]>(at::TensorIteratorBase &, const T1 &)::[lambda(int) (instance 1)]>(int, T3)"
:stage.process:model.layers.1.mlp.up_proj,PushPop,1950204,1953352,1,2,26362969,13181484.5,13181484.5,12889595,13473374,412794.1,void cutlass::Kernel2<cutlass_80_simt_sgemm_128x64_8x5_nn_align1>(T1::Params)
:stage.process:model.layers.1.mlp.up_proj,PushPop,1950204,1953352,1,3222,23607917,7327.1,7488.0,2560,90624,3217.1,"void at::native::reduce_kernel<(int)512, (int)1, at::native::ReduceOp<bool, at::native::func_wrapper_t<bool, at::native::and_kernel_cuda(at::TensorIterator &)::[lambda() (instance 1)]::operator ()() const::[lambda() (instance 12)]::operator ()() const::[lambda(bool, bool) (instance 1)]>, unsigned int, bool, (int)4, (int)4>>(T3)"
:stage.process:model.layers.1.mlp.up_proj,PushPop,1950204,1953352,1,445,18469191,41503.8,6112.0,3264,665473,70609.9,"void at::native::elementwise_kernel<(int)128, (int)2, void at::native::gpu_kernel_impl_nocast<at::native::CUDAFunctor_add<float>>(at::TensorIteratorBase &, const T1 &)::[lambda(int) (instance 1)]>(int, T3)"
:stage.process:model.layers.1.mlp.up_proj,PushPop,1950204,1953352,1,1663,17939513,10787.4,9440.0,5440,119968,3461.9,"void at::native::index_elementwise_kernel<(int)128, (int)4, void at::native::gpu_index_kernel<void at::native::index_kernel_impl<at::native::OpaqueType<(int)2>>(at::TensorIteratorBase &, c10::ArrayRef<long>, c10::ArrayRef<long>)::[lambda(char *, const char *, long) (instance 1)]>(at::TensorIteratorBase &, c10::ArrayRef<long>, c10::ArrayRef<long>, const T1 &, bool)::[lambda(int) (instance 1)]>(long, T3)"
:stage.process:model.layers.1.mlp.up_proj,PushPop,1950204,1953352,1,2046,16374404,8003.1,7936.0,3648,12000,1117.8,"void at::native::reduce_kernel<(int)512, (int)1, at::native::ReduceOp<float, at::native::func_wrapper_t<float, at::native::MaxNanFunctor<float>>, unsigned int, float, (int)4, (int)4>>(T3)"
:stage.process:model.layers.1.mlp.up_proj,PushPop,1950204,1953352,1,130,16346437,125741.8,125089.0,5280,247200,69166.4,"void gemmSN_NN_kernel<float, (int)128, (int)2, (int)4, (int)8, (int)4, (int)4, (bool)0, cublasGemvTensorStridedBatched<const float>, cublasGemvTensorStridedBatched<const float>, cublasGemvTensorStridedBatched<float>>(cublasGemmSmallNParams<T9, T10, T11, T1>)"
:stage.process:model.layers.1.mlp.up_proj,PushPop,1950204,1953352,1,1917,13454370,7018.5,6912.0,3808,13536,548.3,"void at::native::index_elementwise_kernel<(int)128, (int)4, void at::native::gpu_index_kernel<void at::native::index_put_kernel_impl<at::native::OpaqueType<(int)4>>(at::TensorIterator &, c10::ArrayRef<long>, c10::ArrayRef<long>)::[lambda(char *, const char *, long) (instance 1)]>(at::TensorIteratorBase &, c10::ArrayRef<long>, c10::ArrayRef<long>, const T1 &, bool)::[lambda(int) (instance 1)]>(long, T3)"
:stage.process:model.layers.1.mlp.up_proj,PushPop,1950204,1953352,1,4,12919328,3229832.0,3229496.0,3228488,3231848,1456.8,ampere_sgemm_128x64_nt
:stage.process:model.layers.1.mlp.up_proj,PushPop,1950204,1953352,1,1,12692320,12692320.0,12692320.0,12692320,12692320,0.0,ampere_sgemm_128x64_tn
:stage.process:model.layers.1.mlp.up_proj,PushPop,1950204,1953352,1,4,11391864,2847966.0,1595219.5,925250,7276175,3018944.6,"void kernel<getrf_wo_pivot_params_<float, (int)0, (int)256, (int)1, (int)64, (int)64, (int)68, (int)8, (int)1, (int)1>>(int, int, void *, int, void *, int, int, int, int, int, int *)"
:stage.process:model.layers.1.mlp.up_proj,PushPop,1950204,1953352,1,3068,11353313,3700.6,3968.0,2112,506881,9147.6,"<unnamed>::qvq_half2_codebook_norm_pack_kernel(const __half *, unsigned long *, int)"
:stage.process:model.layers.1.mlp.up_proj,PushPop,1950204,1953352,1,4122,10542977,2557.7,2272.0,1536,255169,7228.4,"void at::native::vectorized_elementwise_kernel<(int)4, at::native::AbsFunctor<float>, std::array<char *, (unsigned long)2>>(int, T2, T3)"
:stage.process:model.layers.1.mlp.up_proj,PushPop,1950204,1953352,1,1278,9262638,7247.8,7168.0,4544,15424,451.5,"void at::native::index_elementwise_kernel<(int)128, (int)4, void at::native::gpu_index_kernel<void at::native::index_put_kernel_impl<at::native::OpaqueType<(int)8>>(at::TensorIterator &, c10::ArrayRef<long>, c10::ArrayRef<long>)::[lambda(char *, const char *, long) (instance 1)]>(at::TensorIteratorBase &, c10::ArrayRef<long>, c10::ArrayRef<long>, const T1 &, bool)::[lambda(int) (instance 1)]>(long, T3)"
:stage.process:model.layers.1.mlp.up_proj,PushPop,1950204,1953352,1,1543,6808941,4412.8,4224.0,3328,77152,2989.9,"void at::native::unrolled_elementwise_kernel<at::native::direct_copy_kernel_cuda(at::TensorIteratorBase &)::[lambda() (instance 3)]::operator ()() const::[lambda() (instance 7)]::operator ()() const::[lambda(float) (instance 1)], std::array<char *, (unsigned long)2>, (int)4, TrivialOffsetCalculator<(int)1, unsigned int>, TrivialOffsetCalculator<(int)1, unsigned int>, at::native::memory::LoadWithCast<(int)1>, at::native::memory::StoreWithCast<(int)1>>(int, T1, T2, T4, T5, T6, T7)"
:stage.process:model.layers.1.mlp.up_proj,PushPop,1950204,1953352,1,2,6784911,3392455.5,3392455.5,3261671,3523240,184957.2,void cutlass::Kernel2<cutlass_80_simt_sgemm_128x32_8x5_nt_align1>(T1::Params)
:stage.process:model.layers.1.mlp.up_proj,PushPop,1950204,1953352,1,2846,6729484,2364.5,2208.0,1632,101984,3347.3,"void at::native::vectorized_elementwise_kernel<(int)4, at::native::BinaryFunctor<bool, bool, bool, at::native::binary_internal::MulFunctor<bool>>, std::array<char *, (unsigned long)3>>(int, T2, T3)"
:stage.process:model.layers.1.mlp.up_proj,PushPop,1950204,1953352,1,762,6448332,8462.4,8224.0,7840,10368,682.3,"void batch_trsm_left_kernel<float, (int)64, (int)4, (int)3, (bool)0, (bool)0, (bool)1>(cublasTrsmBatchParams2<T1>, T1, const T1 *, int)"
:stage.process:model.layers.1.mlp.up_proj,PushPop,1950204,1953352,1,770,6385547,8292.9,8288.0,7840,8736,149.0,"void at::native::reduce_kernel<(int)512, (int)1, at::native::ReduceOp<c10::Half, at::native::func_wrapper_t<c10::Half, at::native::MaxNanFunctor<c10::Half>>, unsigned int, c10::Half, (int)4, (int)4>>(T3)"
:stage.process:model.layers.1.mlp.up_proj,PushPop,1950204,1953352,1,1663,5842289,3513.1,3424.0,2496,114624,2761.1,"void at::native::elementwise_kernel<(int)128, (int)2, void at::native::gpu_kernel_impl_nocast<at::native::direct_copy_kernel_cuda(at::TensorIteratorBase &)::[lambda() (instance 3)]::operator ()() const::[lambda() (instance 4)]::operator ()() const::[lambda(long) (instance 1)]>(at::TensorIteratorBase &, const T1 &)::[lambda(int) (instance 1)]>(int, T3)"
:stage.process:model.layers.1.mlp.up_proj,PushPop,1950204,1953352,1,2077,5498000,2647.1,2272.0,1504,163200,6686.5,"void at::native::vectorized_elementwise_kernel<(int)4, at::native::BinaryFunctor<float, float, bool, at::native::<unnamed>::CompareEqFunctor<float>>, std::array<char *, (unsigned long)3>>(int, T2, T3)"
:stage.process:model.layers.1.mlp.up_proj,PushPop,1950204,1953352,1,2558,5461868,2135.2,2080.0,1600,7297,263.4,"void at::native::vectorized_elementwise_kernel<(int)4, at::native::BinaryFunctor<bool, bool, bool, at::native::logical_or_kernel_cuda(at::TensorIterator &)::[lambda() (instance 2)]::operator ()() const::[lambda() (instance 9)]::operator ()() const::[lambda(bool, bool) (instance 1)]>, std::array<char *, (unsigned long)3>>(int, T2, T3)"
:stage.process:model.layers.1.mlp.up_proj,PushPop,1950204,1953352,1,2076,5404912,2603.5,2272.0,1600,165920,6662.7,"void at::native::vectorized_elementwise_kernel<(int)4, at::native::AUnaryFunctor<float, float, bool, at::native::<unnamed>::CompareEqFunctor<float>>, std::array<char *, (unsigned long)2>>(int, T2, T3)"
:stage.process:model.layers.1.mlp.up_proj,PushPop,1950204,1953352,1,1532,5293226,3455.1,3360.0,2048,21184,722.1,"void at::native::elementwise_kernel<(int)128, (int)2, void at::native::gpu_kernel_impl_nocast<at::native::AUnaryFunctor<long, long, long, at::native::BitwiseAndFunctor<long>>>(at::TensorIteratorBase &, const T1 &)::[lambda(int) (instance 1)]>(int, T3)"
:stage.process:model.layers.1.mlp.up_proj,PushPop,1950204,1953352,1,639,5139913,8043.7,8128.0,5792,14720,525.3,"void at::native::index_elementwise_kernel<(int)128, (int)4, void at::native::gpu_index_kernel<void at::native::index_kernel_impl<at::native::OpaqueType<(int)4>>(at::TensorIteratorBase &, c10::ArrayRef<long>, c10::ArrayRef<long>)::[lambda(char *, const char *, long) (instance 1)]>(at::TensorIteratorBase &, c10::ArrayRef<long>, c10::ArrayRef<long>, const T1 &, bool)::[lambda(int) (instance 1)]>(long, T3)"
:stage.process:model.layers.1.mlp.up_proj,PushPop,1950204,1953352,1,1278,4796939,3753.5,3456.0,2240,202912,5606.4,"<unnamed>::qvq_yaqa_feedback_epilogue_kernel(const float *, const float *, const float *, const float *, const float *, float *, int, int, int, int, int)"
:stage.process:model.layers.1.mlp.up_proj,PushPop,1950204,1953352,1,55,4733199,86058.2,69632.0,17408,137184,45370.2,void cutlass::Kernel2<cutlass_80_simt_sgemm_128x32_8x5_nn_align1>(T1::Params)
:stage.process:model.layers.1.mlp.up_proj,PushPop,1950204,1953352,1,1534,4596614,2996.5,2784.0,2272,10112,728.8,"void at::native::roll_cuda_kernel<float>(const T1 *, T1 *, long, long, long, long, long, long)"
:stage.process:model.layers.1.mlp.up_proj,PushPop,1950204,1953352,1,639,4397616,6882.0,7040.0,3392,7744,621.0,"void at::native::index_elementwise_kernel<(int)128, (int)4, void at::native::gpu_index_kernel<void at::native::index_put_kernel_impl<at::native::OpaqueType<(int)1>>(at::TensorIterator &, c10::ArrayRef<long>, c10::ArrayRef<long>)::[lambda(char *, const char *, long) (instance 1)]>(at::TensorIteratorBase &, c10::ArrayRef<long>, c10::ArrayRef<long>, const T1 &, bool)::[lambda(int) (instance 1)]>(long, T3)"
:stage.process:model.layers.1.mlp.up_proj,PushPop,1950204,1953352,1,789,3641353,4615.1,2208.0,2048,193056,15202.5,"void at::native::vectorized_elementwise_kernel<(int)4, at::native::CUDAFunctor_add<float>, std::array<char *, (unsigned long)3>>(int, T2, T3)"
:stage.process:model.layers.1.mlp.up_proj,PushPop,1950204,1953352,1,1,3423174,3423174.0,3423174.0,3423174,3423174,0.0,ampere_sgemm_128x64_lower_nt
:stage.process:model.layers.1.mlp.up_proj,PushPop,1950204,1953352,1,1540,3384390,2197.7,2144.0,2112,4032,149.3,"void at::native::vectorized_elementwise_kernel<(int)4, at::native::AbsFunctor<c10::Half>, std::array<char *, (unsigned long)2>>(int, T2, T3)"
:stage.process:model.layers.1.mlp.up_proj,PushPop,1950204,1953352,1,1792,3297704,1840.2,1824.0,1536,6016,242.6,"void at::native::vectorized_elementwise_kernel<(int)4, void at::native::compare_scalar_kernel<float>(at::TensorIteratorBase &, at::native::<unnamed>::OpType, T1)::[lambda(float) (instance 1)], std::array<char *, (unsigned long)2>>(int, T2, T3)"
:stage.process:model.layers.1.mlp.up_proj,PushPop,1950204,1953352,1,770,3099908,4025.9,4000.0,3968,8160,199.2,ampere_sgemm_32x128_nt
:stage.process:model.layers.1.mlp.up_proj,PushPop,1950204,1953352,1,1278,2833763,2217.3,2240.0,1440,3456,140.0,"<unnamed>::qvq_yaqa_grouped_pointers_kernel(const float *, const float *, float *, float **, float **, float **, int, int, int, int, int, int)"
:stage.process:model.layers.1.mlp.up_proj,PushPop,1950204,1953352,1,775,2807816,3623.0,3392.0,1888,55008,2869.2,"void at::native::unrolled_elementwise_kernel<at::native::direct_copy_kernel_cuda(at::TensorIteratorBase &)::[lambda() (instance 3)]::operator ()() const::[lambda() (instance 4)]::operator ()() const::[lambda(long) (instance 1)], std::array<char *, (unsigned long)2>, (int)4, TrivialOffsetCalculator<(int)1, unsigned int>, TrivialOffsetCalculator<(int)1, unsigned int>, at::native::memory::LoadWithCast<(int)1>, at::native::memory::StoreWithCast<(int)1>>(int, T1, T2, T4, T5, T6, T7)"
:stage.process:model.layers.1.mlp.up_proj,PushPop,1950204,1953352,1,1278,2765507,2163.9,2112.0,1664,6656,264.4,"void at::native::vectorized_elementwise_kernel<(int)4, at::native::bitwise_not_kernel_cuda(at::TensorIteratorBase &)::[lambda(bool) (instance 1)], std::array<char *, (unsigned long)2>>(int, T2, T3)"
:stage.process:model.layers.1.mlp.up_proj,PushPop,1950204,1953352,1,3,2606054,868684.7,1298371.0,8704,1298979,744765.2,"void at::native::reduce_kernel<(int)512, (int)1, at::native::ReduceOp<long, at::native::func_wrapper_t<long, at::native::sum_functor<long, long, long>::operator ()(at::TensorIterator &)::[lambda(long, long) (instance 1)]>, unsigned int, long, (int)4, (int)4>>(T3)"
:stage.process:model.layers.1.mlp.up_proj,PushPop,1950204,1953352,1,1278,2522409,1973.7,1952.0,1440,2880,125.5,"<unnamed>::qvq_yaqa_update_grouped_pointers_kernel(float *, float *, const float *, const float *, const float *, float **, float **, float **, int, int, int, int, int, int)"
:stage.process:model.layers.1.mlp.up_proj,PushPop,1950204,1953352,1,11,2475526,225047.8,65600.0,5664,1032194,398792.9,"void at::native::vectorized_elementwise_kernel<(int)2, at::native::AUnaryFunctor<long, long, long, at::native::BitwiseAndFunctor<long>>, std::array<char *, (unsigned long)2>>(int, T2, T3)"
:stage.process:model.layers.1.mlp.up_proj,PushPop,1950204,1953352,1,4,2171877,542969.3,558465.0,4928,1050019,584732.0,"void at::native::elementwise_kernel<(int)128, (int)2, void at::native::gpu_kernel_impl_nocast<at::native::BinaryFunctor<long, long, long, at::native::lshift_kernel_cuda(at::TensorIteratorBase &)::[lambda() (instance 1)]::operator ()() const::[lambda() (instance 4)]::operator ()() const::[lambda(long, long) (instance 1)]>>(at::TensorIteratorBase &, const T1 &)::[lambda(int) (instance 1)]>(int, T3)"
:stage.process:model.layers.1.mlp.up_proj,PushPop,1950204,1953352,1,4,2163206,540801.5,540705.5,40800,1040995,577296.6,"void at::native::elementwise_kernel<(int)128, (int)2, void at::native::gpu_kernel_impl_nocast<at::native::BinaryFunctor<long, long, long, at::native::rshift_kernel_cuda(at::TensorIteratorBase &)::[lambda() (instance 1)]::operator ()() const::[lambda() (instance 4)]::operator ()() const::[lambda(long, long) (instance 1)]>>(at::TensorIteratorBase &, const T1 &)::[lambda(int) (instance 1)]>(int, T3)"
:stage.process:model.layers.1.mlp.up_proj,PushPop,1950204,1953352,1,1548,2096006,1354.0,1376.0,1248,2112,69.2,"void <unnamed>::elementwise_kernel_with_index<int, at::native::arange_cuda_out(const c10::Scalar &, const c10::Scalar &, const c10::Scalar &, at::Tensor &)::[lambda() (instance 1)]::operator ()() const::[lambda() (instance 4)]::operator ()() const::[lambda(long) (instance 1)]>(T1, T2, function_traits<T2>::result_type *)"
:stage.process:model.layers.1.mlp.up_proj,PushPop,1950204,1953352,1,3,1881380,627126.7,903874.0,72288,905218,480504.9,"void at::native::index_elementwise_kernel<(int)128, (int)4, void at::native::gpu_index_kernel<void at::native::index_kernel_impl<at::native::OpaqueType<(int)8>>(at::TensorIteratorBase &, c10::ArrayRef<long>, c10::ArrayRef<long>)::[lambda(char *, const char *, long) (instance 1)]>(at::TensorIteratorBase &, c10::ArrayRef<long>, c10::ArrayRef<long>, const T1 &, bool)::[lambda(int) (instance 1)]>(long, T3)"
:stage.process:model.layers.1.mlp.up_proj,PushPop,1950204,1953352,1,782,1776163,2271.3,1856.0,1792,45600,3836.3,"void at::native::vectorized_elementwise_kernel<(int)4, void at::native::compare_scalar_kernel<long>(at::TensorIteratorBase &, at::native::<unnamed>::OpType, T1)::[lambda(long) (instance 1)], std::array<char *, (unsigned long)2>>(int, T2, T3)"
:stage.process:model.layers.1.mlp.up_proj,PushPop,1950204,1953352,1,770,1748161,2270.3,2272.0,1664,2368,42.9,"void at::native::vectorized_elementwise_kernel<(int)4, at::native::BinaryFunctor<c10::Half, c10::Half, bool, at::native::<unnamed>::CompareEqFunctor<c10::Half>>, std::array<char *, (unsigned long)3>>(int, T2, T3)"
:stage.process:model.layers.1.mlp.up_proj,PushPop,1950204,1953352,1,770,1734049,2252.0,2240.0,1664,2336,36.1,"void at::native::vectorized_elementwise_kernel<(int)4, at::native::AUnaryFunctor<c10::Half, c10::Half, bool, at::native::<unnamed>::CompareEqFunctor<c10::Half>>, std::array<char *, (unsigned long)2>>(int, T2, T3)"
:stage.process:model.layers.1.mlp.up_proj,PushPop,1950204,1953352,1,10,1602852,160285.2,79184.0,3648,662338,204936.1,"void at::native::elementwise_kernel<(int)128, (int)2, void at::native::gpu_kernel_impl_nocast<at::native::BinaryFunctor<float, float, float, at::native::binary_internal::MulFunctor<float>>>(at::TensorIteratorBase &, const T1 &)::[lambda(int) (instance 1)]>(int, T3)"
:stage.process:model.layers.1.mlp.up_proj,PushPop,1950204,1953352,1,45,1385859,30796.9,32641.0,6496,55104,15933.6,"void gemmSN_NN_kernel<float, (int)256, (int)4, (int)2, (int)8, (int)4, (int)4, (bool)0, cublasGemvTensorStridedBatched<const float>, cublasGemvTensorStridedBatched<const float>, cublasGemvTensorStridedBatched<float>>(cublasGemmSmallNParams<T9, T10, T11, T1>)"
:stage.process:model.layers.1.mlp.up_proj,PushPop,1950204,1953352,1,512,1305057,2548.9,2528.0,2336,2848,127.9,"void at::native::unrolled_elementwise_kernel<at::native::BinaryFunctor<float, float, float, at::native::maximum_kernel_cuda(at::TensorIteratorBase &)::[lambda() (instance 2)]::operator ()() const::[lambda() (instance 2)]::operator ()() const::[lambda(float, float) (instance 1)]>, std::array<char *, (unsigned long)3>, (int)4, TrivialOffsetCalculator<(int)2, unsigned int>, TrivialOffsetCalculator<(int)1, unsigned int>, at::native::memory::LoadWithCast<(int)2>, at::native::memory::StoreWithCast<(int)1>>(int, T1, T2, T4, T5, T6, T7)"
:stage.process:model.layers.1.mlp.up_proj,PushPop,1950204,1953352,1,4,1277571,319392.8,319345.0,317248,321633,1811.9,"std::enable_if<!T7, void>::type internal::gemvx::kernel<int, int, float, float, float, float, (bool)0, (bool)1, (bool)1, (bool)0, (int)7, (bool)0, cublasGemvParamsEx<int, cublasGemvTensorStridedBatched<const float>, cublasGemvTensorStridedBatched<const float>, cublasGemvTensorStridedBatched<float>, float>>(T13)"
:stage.process:model.layers.1.mlp.up_proj,PushPop,1950204,1953352,1,256,1224993,4785.1,4768.0,4160,5440,551.5,"void at::native::elementwise_kernel<(int)128, (int)4, void at::native::gpu_kernel_impl_nocast<at::native::direct_copy_kernel_cuda(at::TensorIteratorBase &)::[lambda() (instance 3)]::operator ()() const::[lambda() (instance 10)]::operator ()() const::[lambda(c10::Half) (instance 1)]>(at::TensorIteratorBase &, const T1 &)::[lambda(int) (instance 1)]>(int, T3)"
:stage.process:model.layers.1.mlp.up_proj,PushPop,1950204,1953352,1,641,1209536,1887.0,1792.0,1568,29152,1526.7,"void at::native::vectorized_elementwise_kernel<(int)2, at::native::FillFunctor<long>, std::array<char *, (unsigned long)1>>(int, T2, T3)"
:stage.process:model.layers.1.mlp.up_proj,PushPop,1950204,1953352,1,26,1148420,44170.0,45136.0,35424,50625,4710.1,ampere_sgemm_128x32_nn
:stage.process:model.layers.1.mlp.up_proj,PushPop,1950204,1953352,1,264,953696,3612.5,3392.0,3072,15680,1542.0,"void at::native::reduce_kernel<(int)512, (int)1, at::native::ReduceOp<bool, at::native::func_wrapper_t<bool, at::native::or_kernel_cuda(at::TensorIterator &)::[lambda() (instance 1)]::operator ()() const::[lambda() (instance 12)]::operator ()() const::[lambda(bool, bool) (instance 1)]>, unsigned int, bool, (int)4, (int)4>>(T3)"
:stage.process:model.layers.1.mlp.up_proj,PushPop,1950204,1953352,1,3,915361,305120.3,45632.0,45184,824545,449835.0,"void at::native::triu_tril_kernel<float, int, (bool)0, (int)2, (bool)1>(at::cuda::detail::TensorInfo<T1, T2>, at::cuda::detail::TensorInfo<const T1, T2>, long, long, T2)"
:stage.process:model.layers.1.mlp.up_proj,PushPop,1950204,1953352,1,9,810816,90090.7,67680.0,2144,257824,98787.1,"void at::native::vectorized_elementwise_kernel<(int)4, at::native::BUnaryFunctor<float, float, float, at::native::binary_internal::MulFunctor<float>>, std::array<char *, (unsigned long)2>>(int, T2, T3)"
:stage.process:model.layers.1.mlp.up_proj,PushPop,1950204,1953352,1,9,782978,86997.6,86880.0,86112,89632,1064.1,"void at::native::vectorized_elementwise_kernel<(int)4, at::native::BinaryFunctor<float, float, float, at::native::binary_internal::MulFunctor<float>>, std::array<char *, (unsigned long)3>>(int, T2, T3)"
:stage.process:model.layers.1.mlp.up_proj,PushPop,1950204,1953352,1,128,763137,5962.0,5984.0,5600,6336,163.5,"void at::native::unrolled_elementwise_kernel<at::native::CUDAFunctor_add<float>, std::array<char *, (unsigned long)3>, (int)4, TrivialOffsetCalculator<(int)2, unsigned int>, TrivialOffsetCalculator<(int)1, unsigned int>, at::native::memory::LoadWithCast<(int)2>, at::native::memory::StoreWithCast<(int)1>>(int, T1, T2, T4, T5, T6, T7)"
:stage.process:model.layers.1.mlp.up_proj,PushPop,1950204,1953352,1,129,591424,4584.7,4448.0,4384,20704,1430.7,"void at::native::elementwise_kernel<(int)128, (int)4, void at::native::gpu_kernel_impl_nocast<at::native::direct_copy_kernel_cuda(at::TensorIteratorBase &)::[lambda() (instance 3)]::operator ()() const::[lambda() (instance 1)]::operator ()() const::[lambda(unsigned char) (instance 1)]>(at::TensorIteratorBase &, const T1 &)::[lambda(int) (instance 1)]>(int, T3)"
:stage.process:model.layers.1.mlp.up_proj,PushPop,1950204,1953352,1,10,580768,58076.8,47360.0,46976,155104,34092.4,"void at::native::reduce_kernel<(int)512, (int)1, at::native::ReduceOp<float, at::native::func_wrapper_t<float, at::native::sum_functor<float, float, float>::operator ()(at::TensorIterator &)::[lambda(float, float) (instance 1)]>, unsigned int, float, (int)4, (int)4>>(T3)"
:stage.process:model.layers.1.mlp.up_proj,PushPop,1950204,1953352,1,132,526625,3989.6,1952.0,1920,71360,11594.1,"void at::native::vectorized_elementwise_kernel<(int)4, at::native::BinaryFunctor<long, long, bool, at::native::<unnamed>::CompareEqFunctor<long>>, std::array<char *, (unsigned long)3>>(int, T2, T3)"
:stage.process:model.layers.1.mlp.up_proj,PushPop,1950204,1953352,1,263,525473,1998.0,1856.0,1760,12704,1215.7,"void at::native::vectorized_elementwise_kernel<(int)4, at::native::BinaryFunctor<bool, bool, bool, at::native::BitwiseOrFunctor<bool>>, std::array<char *, (unsigned long)3>>(int, T2, T3)"
:stage.process:model.layers.1.mlp.up_proj,PushPop,1950204,1953352,1,13,488674,37590.3,8352.0,1408,113089,44293.8,"void at::native::vectorized_elementwise_kernel<(int)4, at::native::FillFunctor<float>, std::array<char *, (unsigned long)1>>(int, T2, T3)"
:stage.process:model.layers.1.mlp.up_proj,PushPop,1950204,1953352,1,128,414914,3241.5,3232.0,3200,3296,19.4,"void at::native::elementwise_kernel<(int)128, (int)2, void at::native::gpu_kernel_impl_nocast<at::native::BUnaryFunctor<long, long, long, at::native::rshift_kernel_cuda(at::TensorIteratorBase &)::[lambda() (instance 1)]::operator ()() const::[lambda() (instance 4)]::operator ()() const::[lambda(long, long) (instance 1)]>>(at::TensorIteratorBase &, const T1 &)::[lambda(int) (instance 1)]>(int, T3)"
:stage.process:model.layers.1.mlp.up_proj,PushPop,1950204,1953352,1,1,341441,341441.0,341441.0,341441,341441,0.0,"void at::native::<unnamed>::CatArrayBatchedCopy_alignedK_contig<at::native::<unnamed>::OpaqueType<(unsigned int)8>, unsigned int, (int)3, (int)128, (int)1, (int)16>(T1 *, at::native::<unnamed>::CatArrInputTensorMetadata<T1, T2, T4, T5>, at::native::<unnamed>::TensorSizeStride<T2, (unsigned int)4>, int, T2)"
:stage.process:model.layers.1.mlp.up_proj,PushPop,1950204,1953352,1,58,321443,5542.1,5136.0,3392,16224,2996.5,"void cublasLt::splitKreduce_kernel<(int)32, (int)16, int, float, float, float, float, (bool)0, float, float, float, (bool)1, (bool)0, (bool)0, (bool)0>(cublasLt::cublasSplitKParams<T6>, const T4 *, const T10 *, T9 *, T5 *, const T6 *, const T6 *, const T11 *, const T4 *, T11 *, void *, long, T6 *, int *, T6 *, T6 *, const T6 *, const T6 *, const T6 *, const T6 *, const T6 *)"
:stage.process:model.layers.1.mlp.up_proj,PushPop,1950204,1953352,1,3,295393,98464.3,99456.0,94593,101344,3483.0,"void at::native::vectorized_elementwise_kernel<(int)2, at::native::BinaryFunctor<long, long, long, at::native::BitwiseXorFunctor<long>>, std::array<char *, (unsigned long)3>>(int, T2, T3)"
:stage.process:model.layers.1.mlp.up_proj,PushPop,1950204,1953352,1,6,269761,44960.2,1808.0,1568,251841,101420.9,"void at::native::vectorized_elementwise_kernel<(int)4, at::native::AUnaryFunctor<float, float, float, at::native::binary_internal::MulFunctor<float>>, std::array<char *, (unsigned long)2>>(int, T2, T3)"
:stage.process:model.layers.1.mlp.up_proj,PushPop,1950204,1953352,1,4,262242,65560.5,66048.5,59585,70560,4806.6,"void at::native::vectorized_elementwise_kernel<(int)2, at::native::BUnaryFunctor<long, long, long, at::native::rshift_kernel_cuda(at::TensorIteratorBase &)::[lambda() (instance 1)]::operator ()() const::[lambda() (instance 4)]::operator ()() const::[lambda(long, long) (instance 1)]>, std::array<char *, (unsigned long)2>>(int, T2, T3)"
:stage.process:model.layers.1.mlp.up_proj,PushPop,1950204,1953352,1,10,217120,21712.0,21616.0,21536,22176,205.9,"void at::native::<unnamed>::CatArrayBatchedCopy<at::native::<unnamed>::OpaqueType<(unsigned int)4>, unsigned int, (int)2, (int)64, (int)64>(T1 *, at::native::<unnamed>::CatArrInputTensorMetadata<T1, T2, T4, T5>, at::native::<unnamed>::TensorSizeStride<T2, (unsigned int)4>, int, T2)"
:stage.process:model.layers.1.mlp.up_proj,PushPop,1950204,1953352,1,2,201665,100832.5,100832.5,100224,101441,860.5,"void at::native::vectorized_elementwise_kernel<(int)2, at::native::BinaryFunctor<long, long, long, at::native::BitwiseOrFunctor<long>>, std::array<char *, (unsigned long)3>>(int, T2, T3)"
:stage.process:model.layers.1.mlp.up_proj,PushPop,1950204,1953352,1,10,148960,14896.0,7344.0,4096,49312,13912.6,"void at::native::reduce_kernel<(int)512, (int)1, at::native::ReduceOp<float, at::native::MeanOps<float, float, float, float>, unsigned int, float, (int)4, (int)4>>(T3)"
:stage.process:model.layers.1.mlp.up_proj,PushPop,1950204,1953352,1,6,132417,22069.5,22032.0,16225,27936,6379.9,"void trsm_batch_left_upper_kernel_small<float, (int)16, (int)16, (int)64>(cublasTrsmBatchParams<T1>, const T1 *const *, T1 *const *, const T1 *, T1)"
:stage.process:model.layers.1.mlp.up_proj,PushPop,1950204,1953352,1,2,128736,64368.0,64368.0,64096,64640,384.7,"void at::native::vectorized_elementwise_kernel<(int)2, at::native::BUnaryFunctor<long, long, long, at::native::lshift_kernel_cuda(at::TensorIteratorBase &)::[lambda() (instance 1)]::operator ()() const::[lambda() (instance 4)]::operator ()() const::[lambda(long, long) (instance 1)]>, std::array<char *, (unsigned long)2>>(int, T2, T3)"
:stage.process:model.layers.1.mlp.up_proj,PushPop,1950204,1953352,1,3,115169,38389.7,54720.0,5697,54752,28312.7,"void at::native::unrolled_elementwise_kernel<at::native::direct_copy_kernel_cuda(at::TensorIteratorBase &)::[lambda() (instance 3)]::operator ()() const::[lambda() (instance 3)]::operator ()() const::[lambda(int) (instance 1)], std::array<char *, (unsigned long)2>, (int)4, TrivialOffsetCalculator<(int)1, unsigned int>, TrivialOffsetCalculator<(int)1, unsigned int>, at::native::memory::LoadWithCast<(int)1>, at::native::memory::StoreWithCast<(int)1>>(int, T1, T2, T4, T5, T6, T7)"
:stage.process:model.layers.1.mlp.up_proj,PushPop,1950204,1953352,1,5,75936,15187.2,1568.0,1504,69728,30489.3,"void at::native::vectorized_elementwise_kernel<(int)2, at::native::CUDAFunctorOnSelf_add<long>, std::array<char *, (unsigned long)2>>(int, T2, T3)"
:stage.process:model.layers.1.mlp.up_proj,PushPop,1950204,1953352,1,1,73216,73216.0,73216.0,73216,73216,0.0,"void at::native::elementwise_kernel<(int)128, (int)2, void at::native::gpu_kernel_impl_nocast<at::native::BinaryFunctor<float, float, float, at::native::binary_internal::DivFunctor<float>>>(at::TensorIteratorBase &, const T1 &)::[lambda(int) (instance 1)]>(int, T3)"
:stage.process:model.layers.1.mlp.up_proj,PushPop,1950204,1953352,1,6,71778,11963.0,1920.0,1568,62849,24929.5,"void at::native::vectorized_elementwise_kernel<(int)2, at::native::AUnaryFunctor<long, long, long, at::native::binary_internal::MulFunctor<long>>, std::array<char *, (unsigned long)2>>(int, T2, T3)"
:stage.process:model.layers.1.mlp.up_proj,PushPop,1950204,1953352,1,1,60256,60256.0,60256.0,60256,60256,0.0,"void at::native::vectorized_elementwise_kernel<(int)4, void at::native::<unnamed>::pow_tensor_scalar_kernel_impl<float, float>(at::TensorIteratorBase &, T2)::[lambda(float) (instance 1)], std::array<char *, (unsigned long)2>>(int, T2, T3)"
:stage.process:model.layers.1.mlp.up_proj,PushPop,1950204,1953352,1,1,52416,52416.0,52416.0,52416,52416,0.0,"void at::native::reduce_kernel<(int)128, (int)4, at::native::ReduceOp<long, at::native::func_wrapper_t<long, at::native::sum_functor<long, long, long>::operator ()(at::TensorIterator &)::[lambda(long, long) (instance 1)]>, unsigned int, long, (int)4, (int)4>>(T3)"
:stage.process:model.layers.1.mlp.up_proj,PushPop,1950204,1953352,1,1,44608,44608.0,44608.0,44608,44608,0.0,"void at::native::vectorized_elementwise_kernel<(int)4, at::native::float16_copy_kernel_cuda(at::TensorIteratorBase &)::[lambda(float) (instance 1)], std::array<char *, (unsigned long)2>>(int, T2, T3)"
:stage.process:model.layers.1.mlp.up_proj,PushPop,1950204,1953352,1,3,28032,9344.0,10240.0,7168,10624,1894.2,"void at::native::elementwise_kernel<(int)128, (int)2, void at::native::gpu_kernel_impl_nocast<at::native::direct_copy_kernel_cuda(at::TensorIteratorBase &)::[lambda() (instance 3)]::operator ()() const::[lambda() (instance 3)]::operator ()() const::[lambda(int) (instance 1)]>(at::TensorIteratorBase &, const T1 &)::[lambda(int) (instance 1)]>(int, T3)"
:stage.process:model.layers.1.mlp.up_proj,PushPop,1950204,1953352,1,6,26592,4432.0,4624.0,3360,4992,612.8,"void at::native::elementwise_kernel<(int)128, (int)2, void at::native::gpu_kernel_impl_nocast<at::native::CUDAFunctorOnSelf_add<float>>(at::TensorIteratorBase &, const T1 &)::[lambda(int) (instance 1)]>(int, T3)"
:stage.process:model.layers.1.mlp.up_proj,PushPop,1950204,1953352,1,4,14624,3656.0,3600.0,3488,3936,204.7,"void at::native::vectorized_elementwise_kernel<(int)2, at::native::BUnaryFunctor<long, long, long, at::native::remainder_kernel_cuda(at::TensorIteratorBase &)::[lambda() (instance 1)]::operator ()() const::[lambda() (instance 4)]::operator ()() const::[lambda(long, long) (instance 1)]>, std::array<char *, (unsigned long)2>>(int, T2, T3)"
:stage.process:model.layers.1.mlp.up_proj,PushPop,1950204,1953352,1,6,12320,2053.3,1968.0,1952,2464,202.8,"void at::native::vectorized_elementwise_kernel<(int)4, at::native::<unnamed>::CompareFunctor<float>, std::array<char *, (unsigned long)3>>(int, T2, T3)"
:stage.process:model.layers.1.mlp.up_proj,PushPop,1950204,1953352,1,3,11808,3936.0,4128.0,3552,4128,332.6,"void at::native::unrolled_elementwise_kernel<at::native::direct_copy_kernel_cuda(at::TensorIteratorBase &)::[lambda() (instance 3)]::operator ()() const::[lambda() (instance 1)]::operator ()() const::[lambda(unsigned char) (instance 1)], std::array<char *, (unsigned long)2>, (int)4, TrivialOffsetCalculator<(int)1, unsigned int>, TrivialOffsetCalculator<(int)1, unsigned int>, at::native::memory::LoadWithCast<(int)1>, at::native::memory::StoreWithCast<(int)1>>(int, T1, T2, T4, T5, T6, T7)"
:stage.process:model.layers.1.mlp.up_proj,PushPop,1950204,1953352,1,2,11264,5632.0,5632.0,5088,6176,769.3,"void at::native::<unnamed>::CatArrayBatchedCopy_vectorized<at::native::<unnamed>::OpaqueType<(unsigned int)2>, unsigned int, (int)1, (int)128, (int)1, (int)16, (int)8>(char *, at::native::<unnamed>::CatArrInputTensorMetadata<T1, T2, T4, T5>, at::native::<unnamed>::TensorSizeStride<T2, (unsigned int)4>, int, T2)"
:stage.process:model.layers.1.mlp.up_proj,PushPop,1950204,1953352,1,3,9216,3072.0,3072.0,2976,3168,96.0,"void at::native::vectorized_elementwise_kernel<(int)4, at::native::AUnaryFunctor<unsigned char, unsigned char, bool, at::native::<unnamed>::CompareEqFunctor<unsigned char>>, std::array<char *, (unsigned long)2>>(int, T2, T3)"
:stage.process:model.layers.1.mlp.up_proj,PushPop,1950204,1953352,1,2,8480,4240.0,4240.0,3360,5120,1244.5,"void at::native::elementwise_kernel<(int)128, (int)2, void at::native::gpu_kernel_impl_nocast<at::native::AbsFunctor<float>>(at::TensorIteratorBase &, const T1 &)::[lambda(int) (instance 1)]>(int, T3)"
:stage.process:model.layers.1.mlp.up_proj,PushPop,1950204,1953352,1,1,8192,8192.0,8192.0,8192,8192,0.0,"void at::native::vectorized_elementwise_kernel<(int)4, at::native::AUnaryFunctor<unsigned char, unsigned char, unsigned char, at::native::binary_internal::MulFunctor<unsigned char>>, std::array<char *, (unsigned long)2>>(int, T2, T3)"
:stage.process:model.layers.1.mlp.up_proj,PushPop,1950204,1953352,1,2,7392,3696.0,3696.0,3680,3712,22.6,"void at::native::vectorized_elementwise_kernel<(int)2, at::native::BUnaryFunctor<long, long, long, at::native::binary_internal::div_floor_kernel_cuda(at::TensorIteratorBase &)::[lambda() (instance 1)]::operator ()() const::[lambda() (instance 4)]::operator ()() const::[lambda(long, long) (instance 1)]>, std::array<char *, (unsigned long)2>>(int, T2, T3)"
:stage.process:model.layers.1.mlp.up_proj,PushPop,1950204,1953352,1,3,7360,2453.3,2208.0,2144,3008,481.4,"void at::native::vectorized_elementwise_kernel<(int)4, at::native::FillFunctor<unsigned char>, std::array<char *, (unsigned long)1>>(int, T2, T3)"
:stage.process:model.layers.1.mlp.up_proj,PushPop,1950204,1953352,1,2,6432,3216.0,3216.0,3200,3232,22.6,"void at::native::elementwise_kernel<(int)128, (int)2, void at::native::gpu_kernel_impl_nocast<at::native::CUDAFunctor_add<long>>(at::TensorIteratorBase &, const T1 &)::[lambda(int) (instance 1)]>(int, T3)"
:stage.process:model.layers.1.mlp.up_proj,PushPop,1950204,1953352,1,2,5696,2848.0,2848.0,2720,2976,181.0,"void at::native::<unnamed>::CatArrayBatchedCopy_alignedK_contig<at::native::<unnamed>::OpaqueType<(unsigned int)4>, unsigned int, (int)1, (int)128, (int)1, (int)16>(T1 *, at::native::<unnamed>::CatArrInputTensorMetadata<T1, T2, T4, T5>, at::native::<unnamed>::TensorSizeStride<T2, (unsigned int)4>, int, T2)"
:stage.process:model.layers.1.mlp.up_proj,PushPop,1950204,1953352,1,3,5664,1888.0,1952.0,1760,1952,110.9,"void at::native::vectorized_elementwise_kernel<(int)4, at::native::BinaryFunctor<float, float, float, at::native::maximum_kernel_cuda(at::TensorIteratorBase &)::[lambda() (instance 2)]::operator ()() const::[lambda() (instance 2)]::operator ()() const::[lambda(float, float) (instance 1)]>, std::array<char *, (unsigned long)3>>(int, T2, T3)"
:stage.process:model.layers.1.mlp.up_proj,PushPop,1950204,1953352,1,3,5440,1813.3,1760.0,1728,1952,121.2,"xxtrf4_set_info_ker(int, int *)"
:stage.process:model.layers.1.mlp.up_proj,PushPop,1950204,1953352,1,2,5120,2560.0,2560.0,2528,2592,45.3,"void at::native::vectorized_elementwise_kernel<(int)4, at::native::FillFunctor<bool>, std::array<char *, (unsigned long)1>>(int, T2, T3)"
:stage.process:model.layers.1.mlp.up_proj,PushPop,1950204,1953352,1,2,4896,2448.0,2448.0,2304,2592,203.6,"void at::native::vectorized_elementwise_kernel<(int)4, void at::native::compare_scalar_kernel<c10::Half>(at::TensorIteratorBase &, at::native::<unnamed>::OpType, T1)::[lambda(c10::Half) (instance 1)], std::array<char *, (unsigned long)2>>(int, T2, T3)"
:stage.process:model.layers.1.mlp.up_proj,PushPop,1950204,1953352,1,2,4768,2384.0,2384.0,2368,2400,22.6,"void at::native::vectorized_elementwise_kernel<(int)2, at::native::CUDAFunctorOnOther_add<long>, std::array<char *, (unsigned long)2>>(int, T2, T3)"
:stage.process:model.layers.1.mlp.up_proj,PushPop,1950204,1953352,1,2,4672,2336.0,2336.0,1952,2720,543.1,"void at::native::unrolled_elementwise_kernel<at::native::AUnaryFunctor<long, long, long, at::native::BitwiseAndFunctor<long>>, std::array<char *, (unsigned long)2>, (int)4, TrivialOffsetCalculator<(int)1, unsigned int>, TrivialOffsetCalculator<(int)1, unsigned int>, at::native::memory::LoadWithoutCast, at::native::memory::StoreWithoutCast>(int, T1, T2, T4, T5, T6, T7)"
:stage.process:model.layers.1.mlp.up_proj,PushPop,1950204,1953352,1,1,4352,4352.0,4352.0,4352,4352,0.0,"void at::native::reduce_kernel<(int)512, (int)1, at::native::ReduceOp<float, at::native::ArgMinOps<float>, unsigned int, long, (int)4, (int)4>>(T3)"
:stage.process:model.layers.1.mlp.up_proj,PushPop,1950204,1953352,1,1,3456,3456.0,3456.0,3456,3456,0.0,"void at::native::<unnamed>::CatArrayBatchedCopy_contig<at::native::<unnamed>::OpaqueType<(unsigned int)1>, unsigned int, (int)1, (int)128, (int)1>(T1 *, at::native::<unnamed>::CatArrInputTensorMetadata<T1, T2, T4, T5>, at::native::<unnamed>::TensorSizeStride<T2, (unsigned int)4>, int, T2)"
:stage.process:model.layers.1.mlp.up_proj,PushPop,1950204,1953352,1,1,3392,3392.0,3392.0,3392,3392,0.0,"void at::native::vectorized_elementwise_kernel<(int)4, at::native::BinaryFunctor<unsigned char, unsigned char, bool, at::native::<unnamed>::CompareEqFunctor<unsigned char>>, std::array<char *, (unsigned long)3>>(int, T2, T3)"
:stage.process:model.layers.1.mlp.up_proj,PushPop,1950204,1953352,1,1,2496,2496.0,2496.0,2496,2496,0.0,"void at::native::vectorized_elementwise_kernel<(int)4, at::native::sqrt_kernel_cuda(at::TensorIteratorBase &)::[lambda() (instance 2)]::operator ()() const::[lambda() (instance 2)]::operator ()() const::[lambda(float) (instance 1)], std::array<char *, (unsigned long)2>>(int, T2, T3)"
:stage.process:model.layers.1.mlp.up_proj,PushPop,1950204,1953352,1,1,2400,2400.0,2400.0,2400,2400,0.0,"void at::native::elementwise_kernel<(int)128, (int)2, void at::native::gpu_kernel_impl_nocast<at::native::<unnamed>::where_kernel_impl(at::TensorIterator &)::[lambda() (instance 1)]::operator ()() const::[lambda() (instance 3)]::operator ()() const::[lambda(bool, unsigned int, unsigned int) (instance 1)]>(at::TensorIteratorBase &, const T1 &)::[lambda(int) (instance 1)]>(int, T3)"
:stage.process:model.layers.1.mlp.up_proj,PushPop,1950204,1953352,1,1,2176,2176.0,2176.0,2176,2176,0.0,"void at::native::unrolled_elementwise_kernel<at::native::direct_copy_kernel_cuda(at::TensorIteratorBase &)::[lambda() (instance 3)]::operator ()() const::[lambda() (instance 11)]::operator ()() const::[lambda(bool) (instance 1)], std::array<char *, (unsigned long)2>, (int)4, TrivialOffsetCalculator<(int)1, unsigned int>, TrivialOffsetCalculator<(int)1, unsigned int>, at::native::memory::LoadWithCast<(int)1>, at::native::memory::StoreWithCast<(int)1>>(int, T1, T2, T4, T5, T6, T7)"
:stage.process:model.layers.1.mlp.up_proj,PushPop,1950204,1953352,1,1,1984,1984.0,1984.0,1984,1984,0.0,"void at::native::unrolled_elementwise_kernel<at::native::<unnamed>::CompareFunctor<c10::Half>, std::array<char *, (unsigned long)3>, (int)4, TrivialOffsetCalculator<(int)2, unsigned int>, TrivialOffsetCalculator<(int)1, unsigned int>, at::native::memory::LoadWithoutCast, at::native::memory::StoreWithoutCast>(int, T1, T2, T4, T5, T6, T7)"
:stage.process:model.layers.1.mlp.up_proj,PushPop,1950204,1953352,1,1,1920,1920.0,1920.0,1920,1920,0.0,"void at::native::vectorized_elementwise_kernel<(int)4, at::native::<unnamed>::launch_clamp_scalar(at::TensorIteratorBase &, c10::Scalar, c10::Scalar, at::native::detail::ClampLimits)::[lambda() (instance 1)]::operator ()() const::[lambda() (instance 7)]::operator ()() const::[lambda(float) (instance 1)], std::array<char *, (unsigned long)2>>(int, T2, T3)"
:stage.process:model.layers.1.self_attn.k_proj,PushPop,1950204,1953352,1,9680,1714947425,177164.0,147648.0,132576,301664,61269.4,"void <unnamed>::qvq_v2_segment_grid_kernel<(int)4, (int)2, (int)16, (bool)1, (bool)0, __half, unsigned char>(const float *, const T6 *, const float *, const long *, const float *, const float *, float *, T7 *, unsigned char *, int, int, int, bool, bool)"
:stage.process:model.layers.1.self_attn.k_proj,PushPop,1950204,1953352,1,574,787220899,1371465.0,1370306.0,1354370,1414306,6436.8,"void <unnamed>::qvq_viterbi_kernel<(int)4, (int)2, __half, unsigned char>(const float *, const T3 *, const float *, const long *, const float *, T4 *, long *, float *, int, int, int, bool, bool, bool)"
:stage.process:model.layers.1.self_attn.k_proj,PushPop,1950204,1953352,1,1210,101220080,83653.0,80768.0,66240,102304,9527.0,"void <unnamed>::qvq_v2_segment_grid_finalize_kernel<(int)4, (int)2, (int)16, (bool)0, __half, unsigned char>(const float *, const T5 *, const float *, const long *, const float *, const float *, const T6 *, const unsigned char *, long *, unsigned char *, float *, int, int, bool, bool)"
:stage.process:model.layers.1.self_attn.k_proj,PushPop,1950204,1953352,1,468,30203535,64537.5,70688.0,20832,72032,14671.7,void cutlass::Kernel2<cutlass_80_simt_sgemm_128x32_8x5_nt_align1>(T1::Params)
:stage.process:model.layers.1.self_attn.k_proj,PushPop,1950204,1953352,1,2544,23138636,9095.4,7712.0,4000,18336,3866.8,"void at::native::index_elementwise_kernel<(int)128, (int)4, void at::native::gpu_index_kernel<void at::native::index_kernel_impl<at::native::OpaqueType<(int)4>>(at::TensorIteratorBase &, c10::ArrayRef<long>, c10::ArrayRef<long>)::[lambda(char *, const char *, long) (instance 1)]>(at::TensorIteratorBase &, c10::ArrayRef<long>, c10::ArrayRef<long>, const T1 &, bool)::[lambda(int) (instance 1)]>(long, T3)"
:stage.process:model.layers.1.self_attn.k_proj,PushPop,1950204,1953352,1,2580,13234743,5129.7,4608.0,2656,11680,1577.2,"void at::native::reduce_kernel<(int)512, (int)1, at::native::ReduceOp<bool, at::native::func_wrapper_t<bool, at::native::and_kernel_cuda(at::TensorIterator &)::[lambda() (instance 1)]::operator ()() const::[lambda() (instance 12)]::operator ()() const::[lambda(bool, bool) (instance 1)]>, unsigned int, bool, (int)4, (int)4>>(T3)"
:stage.process:model.layers.1.self_attn.k_proj,PushPop,1950204,1953352,1,1021,8857707,8675.5,8768.0,4448,12640,1740.6,"void at::native::index_elementwise_kernel<(int)128, (int)4, void at::native::gpu_index_kernel<void at::native::index_kernel_impl<at::native::OpaqueType<(int)2>>(at::TensorIteratorBase &, c10::ArrayRef<long>, c10::ArrayRef<long>)::[lambda(char *, const char *, long) (instance 1)]>(at::TensorIteratorBase &, c10::ArrayRef<long>, c10::ArrayRef<long>, const T1 &, bool)::[lambda(int) (instance 1)]>(long, T3)"
:stage.process:model.layers.1.self_attn.k_proj,PushPop,1950204,1953352,1,1272,8131687,6392.8,6496.0,3488,6976,381.8,"void at::native::index_elementwise_kernel<(int)128, (int)4, void at::native::gpu_index_kernel<void at::native::index_put_kernel_impl<at::native::OpaqueType<(int)4>>(at::TensorIterator &, c10::ArrayRef<long>, c10::ArrayRef<long>)::[lambda(char *, const char *, long) (instance 1)]>(at::TensorIteratorBase &, c10::ArrayRef<long>, c10::ArrayRef<long>, const T1 &, bool)::[lambda(int) (instance 1)]>(long, T3)"
:stage.process:model.layers.1.self_attn.k_proj,PushPop,1950204,1953352,1,772,6459080,8366.7,8384.0,8032,9056,110.1,"void at::native::reduce_kernel<(int)512, (int)1, at::native::ReduceOp<c10::Half, at::native::func_wrapper_t<c10::Half, at::native::MaxNanFunctor<c10::Half>>, unsigned int, c10::Half, (int)4, (int)4>>(T3)"
:stage.process:model.layers.1.self_attn.k_proj,PushPop,1950204,1953352,1,1404,6402442,4560.1,4608.0,3104,4960,293.3,"void at::native::reduce_kernel<(int)512, (int)1, at::native::ReduceOp<float, at::native::func_wrapper_t<float, at::native::MaxNanFunctor<float>>, unsigned int, float, (int)4, (int)4>>(T3)"
:stage.process:model.layers.1.self_attn.k_proj,PushPop,1950204,1953352,1,1841,6043883,3282.9,3104.0,2144,46208,2724.4,"void at::native::elementwise_kernel<(int)128, (int)2, void at::native::gpu_kernel_impl_nocast<at::native::direct_copy_kernel_cuda(at::TensorIteratorBase &)::[lambda() (instance 3)]::operator ()() const::[lambda() (instance 7)]::operator ()() const::[lambda(float) (instance 1)]>(at::TensorIteratorBase &, const T1 &)::[lambda(int) (instance 1)]>(int, T3)"
:stage.process:model.layers.1.self_attn.k_proj,PushPop,1950204,1953352,1,400,5833164,14582.9,4032.0,4000,66688,20399.0,ampere_sgemm_32x128_nt
:stage.process:model.layers.1.self_attn.k_proj,PushPop,1950204,1953352,1,2843,5775046,2031.3,1984.0,1472,17888,548.5,"void at::native::vectorized_elementwise_kernel<(int)4, at::native::AbsFunctor<float>, std::array<char *, (unsigned long)2>>(int, T2, T3)"
:stage.process:model.layers.1.self_attn.k_proj,PushPop,1950204,1953352,1,1784,5025158,2816.8,2752.0,2176,4544,653.9,"<unnamed>::qvq_half2_codebook_norm_pack_kernel(const __half *, unsigned long *, int)"
:stage.process:model.layers.1.self_attn.k_proj,PushPop,1950204,1953352,1,66,5008326,75883.7,47536.0,38688,244832,71135.0,ampere_sgemm_32x32_sliced1x4_nt
:stage.process:model.layers.1.self_attn.k_proj,PushPop,1950204,1953352,1,2209,4662214,2110.6,2048.0,1600,6752,219.2,"void at::native::vectorized_elementwise_kernel<(int)4, at::native::BinaryFunctor<bool, bool, bool, at::native::binary_internal::MulFunctor<bool>>, std::array<char *, (unsigned long)3>>(int, T2, T3)"
:stage.process:model.layers.1.self_attn.k_proj,PushPop,1950204,1953352,1,262,4563657,17418.5,5056.0,3360,59136,17393.3,"void gemmSN_NN_kernel<float, (int)256, (int)4, (int)2, (int)8, (int)4, (int)4, (bool)0, cublasGemvTensorStridedBatched<const float>, cublasGemvTensorStridedBatched<const float>, cublasGemvTensorStridedBatched<float>>(cublasGemmSmallNParams<T9, T10, T11, T1>)"
:stage.process:model.layers.1.self_attn.k_proj,PushPop,1950204,1953352,1,636,4286436,6739.7,6880.0,3328,7392,574.6,"void at::native::index_elementwise_kernel<(int)128, (int)4, void at::native::gpu_index_kernel<void at::native::index_put_kernel_impl<at::native::OpaqueType<(int)8>>(at::TensorIterator &, c10::ArrayRef<long>, c10::ArrayRef<long>)::[lambda(char *, const char *, long) (instance 1)]>(at::TensorIteratorBase &, c10::ArrayRef<long>, c10::ArrayRef<long>, const T1 &, bool)::[lambda(int) (instance 1)]>(long, T3)"
:stage.process:model.layers.1.self_attn.k_proj,PushPop,1950204,1953352,1,901,3514147,3900.3,3872.0,2528,7104,238.2,"void at::native::unrolled_elementwise_kernel<at::native::direct_copy_kernel_cuda(at::TensorIteratorBase &)::[lambda() (instance 3)]::operator ()() const::[lambda() (instance 7)]::operator ()() const::[lambda(float) (instance 1)], std::array<char *, (unsigned long)2>, (int)4, TrivialOffsetCalculator<(int)1, unsigned int>, TrivialOffsetCalculator<(int)1, unsigned int>, at::native::memory::LoadWithCast<(int)1>, at::native::memory::StoreWithCast<(int)1>>(int, T1, T2, T4, T5, T6, T7)"
:stage.process:model.layers.1.self_attn.k_proj,PushPop,1950204,1953352,1,1542,3308323,2145.5,2144.0,1664,2912,55.6,"void at::native::vectorized_elementwise_kernel<(int)4, at::native::AbsFunctor<c10::Half>, std::array<char *, (unsigned long)2>>(int, T2, T3)"
:stage.process:model.layers.1.self_attn.k_proj,PushPop,1950204,1953352,1,516,3186182,6174.8,6432.0,4352,6944,702.8,"void gemmSN_NN_kernel<float, (int)128, (int)2, (int)4, (int)8, (int)4, (int)4, (bool)0, cublasGemvTensorStridedBatched<const float>, cublasGemvTensorStridedBatched<const float>, cublasGemvTensorStridedBatched<float>>(cublasGemmSmallNParams<T9, T10, T11, T1>)"
:stage.process:model.layers.1.self_attn.k_proj,PushPop,1950204,1953352,1,1440,3007234,2088.4,2048.0,1472,12992,587.7,"void at::native::vectorized_elementwise_kernel<(int)4, at::native::BinaryFunctor<float, float, bool, at::native::<unnamed>::CompareEqFunctor<float>>, std::array<char *, (unsigned long)3>>(int, T2, T3)"
:stage.process:model.layers.1.self_attn.k_proj,PushPop,1950204,1953352,1,1439,2946466,2047.6,2048.0,1472,6176,241.0,"void at::native::vectorized_elementwise_kernel<(int)4, at::native::AUnaryFunctor<float, float, bool, at::native::<unnamed>::CompareEqFunctor<float>>, std::array<char *, (unsigned long)2>>(int, T2, T3)"
:stage.process:model.layers.1.self_attn.k_proj,PushPop,1950204,1953352,1,12,2837861,236488.4,238704.5,231456,239264,3575.3,ampere_sgemm_128x64_nn
:stage.process:model.layers.1.self_attn.k_proj,PushPop,1950204,1953352,1,862,2635170,3057.0,2976.0,1856,8896,286.2,"void at::native::elementwise_kernel<(int)128, (int)2, void at::native::gpu_kernel_impl_nocast<at::native::direct_copy_kernel_cuda(at::TensorIteratorBase &)::[lambda() (instance 3)]::operator ()() const::[lambda() (instance 4)]::operator ()() const::[lambda(long) (instance 1)]>(at::TensorIteratorBase &, const T1 &)::[lambda(int) (instance 1)]>(int, T3)"
:stage.process:model.layers.1.self_attn.k_proj,PushPop,1950204,1953352,1,282,2323779,8240.4,8224.0,7872,8576,67.6,"void batch_trsm_left_kernel<float, (int)64, (int)4, (int)3, (bool)0, (bool)0, (bool)1>(cublasTrsmBatchParams2<T1>, T1, const T1 *, int)"
:stage.process:model.layers.1.self_attn.k_proj,PushPop,1950204,1953352,1,1276,2265799,1775.7,1760.0,1536,2208,112.9,"void at::native::vectorized_elementwise_kernel<(int)4, at::native::BinaryFunctor<bool, bool, bool, at::native::logical_or_kernel_cuda(at::TensorIterator &)::[lambda() (instance 2)]::operator ()() const::[lambda() (instance 9)]::operator ()() const::[lambda(bool, bool) (instance 1)]>, std::array<char *, (unsigned long)3>>(int, T2, T3)"
:stage.process:model.layers.1.self_attn.k_proj,PushPop,1950204,1953352,1,477,2197570,4607.1,4832.0,3168,5408,572.0,"void at::native::index_elementwise_kernel<(int)128, (int)4, void at::native::gpu_index_kernel<void at::native::index_put_kernel_impl<at::native::OpaqueType<(int)1>>(at::TensorIterator &, c10::ArrayRef<long>, c10::ArrayRef<long>)::[lambda(char *, const char *, long) (instance 1)]>(at::TensorIteratorBase &, c10::ArrayRef<long>, c10::ArrayRef<long>, const T1 &, bool)::[lambda(int) (instance 1)]>(long, T3)"
:stage.process:model.layers.1.self_attn.k_proj,PushPop,1950204,1953352,1,892,2197122,2463.1,2432.0,1760,2688,121.2,"void at::native::roll_cuda_kernel<float>(const T1 *, T1 *, long, long, long, long, long, long)"
:stage.process:model.layers.1.self_attn.k_proj,PushPop,1950204,1953352,1,3,2084579,694859.7,921057.0,235297,928225,398009.1,"void kernel<getrf_wo_pivot_params_<float, (int)0, (int)256, (int)1, (int)64, (int)64, (int)68, (int)8, (int)1, (int)1>>(int, int, void *, int, void *, int, int, int, int, int, int *)"
:stage.process:model.layers.1.self_attn.k_proj,PushPop,1950204,1953352,1,413,2022979,4898.3,3872.0,3200,45920,3284.3,"void at::native::elementwise_kernel<(int)128, (int)2, void at::native::gpu_kernel_impl_nocast<at::native::CUDAFunctor_add<float>>(at::TensorIteratorBase &, const T1 &)::[lambda(int) (instance 1)]>(int, T3)"
:stage.process:model.layers.1.self_attn.k_proj,PushPop,1950204,1953352,1,884,1950852,2206.8,2240.0,1824,2592,138.9,"void at::native::elementwise_kernel<(int)128, (int)2, void at::native::gpu_kernel_impl_nocast<at::native::AUnaryFunctor<long, long, long, at::native::BitwiseAndFunctor<long>>>(at::TensorIteratorBase &, const T1 &)::[lambda(int) (instance 1)]>(int, T3)"
:stage.process:model.layers.1.self_attn.k_proj,PushPop,1950204,1953352,1,1150,1889282,1642.9,1664.0,1536,1984,55.0,"void at::native::vectorized_elementwise_kernel<(int)4, void at::native::compare_scalar_kernel<float>(at::TensorIteratorBase &, at::native::<unnamed>::OpType, T1)::[lambda(float) (instance 1)], std::array<char *, (unsigned long)2>>(int, T2, T3)"
:stage.process:model.layers.1.self_attn.k_proj,PushPop,1950204,1953352,1,792,1862593,2351.8,2208.0,1504,9504,860.3,"void at::native::vectorized_elementwise_kernel<(int)4, at::native::CUDAFunctor_add<float>, std::array<char *, (unsigned long)3>>(int, T2, T3)"
:stage.process:model.layers.1.self_attn.k_proj,PushPop,1950204,1953352,1,770,1731588,2248.8,2240.0,1760,2304,24.1,"void at::native::vectorized_elementwise_kernel<(int)4, at::native::BinaryFunctor<c10::Half, c10::Half, bool, at::native::<unnamed>::CompareEqFunctor<c10::Half>>, std::array<char *, (unsigned long)3>>(int, T2, T3)"
:stage.process:model.layers.1.self_attn.k_proj,PushPop,1950204,1953352,1,770,1712578,2224.1,2208.0,1760,2272,25.5,"void at::native::vectorized_elementwise_kernel<(int)4, at::native::AUnaryFunctor<c10::Half, c10::Half, bool, at::native::<unnamed>::CompareEqFunctor<c10::Half>>, std::array<char *, (unsigned long)2>>(int, T2, T3)"
:stage.process:model.layers.1.self_attn.k_proj,PushPop,1950204,1953352,1,613,1583233,2582.8,2560.0,1760,4864,392.9,"void at::native::unrolled_elementwise_kernel<at::native::direct_copy_kernel_cuda(at::TensorIteratorBase &)::[lambda() (instance 3)]::operator ()() const::[lambda() (instance 4)]::operator ()() const::[lambda(long) (instance 1)], std::array<char *, (unsigned long)2>, (int)4, TrivialOffsetCalculator<(int)1, unsigned int>, TrivialOffsetCalculator<(int)1, unsigned int>, at::native::memory::LoadWithCast<(int)1>, at::native::memory::StoreWithCast<(int)1>>(int, T1, T2, T4, T5, T6, T7)"
:stage.process:model.layers.1.self_attn.k_proj,PushPop,1950204,1953352,1,82,1505348,18357.9,9696.0,6048,90752,26233.4,ampere_sgemm_32x32_sliced1x4_nn
:stage.process:model.layers.1.self_attn.k_proj,PushPop,1950204,1953352,1,782,1360386,1739.6,1728.0,1600,4896,206.8,"void at::native::vectorized_elementwise_kernel<(int)4, void at::native::compare_scalar_kernel<long>(at::TensorIteratorBase &, at::native::<unnamed>::OpType, T1)::[lambda(long) (instance 1)], std::array<char *, (unsigned long)2>>(int, T2, T3)"
:stage.process:model.layers.1.self_attn.k_proj,PushPop,1950204,1953352,1,512,1279840,2499.7,2496.0,2368,2656,57.9,"void at::native::unrolled_elementwise_kernel<at::native::BinaryFunctor<float, float, float, at::native::maximum_kernel_cuda(at::TensorIteratorBase &)::[lambda() (instance 2)]::operator ()() const::[lambda() (instance 2)]::operator ()() const::[lambda(float, float) (instance 1)]>, std::array<char *, (unsigned long)3>, (int)4, TrivialOffsetCalculator<(int)2, unsigned int>, TrivialOffsetCalculator<(int)1, unsigned int>, at::native::memory::LoadWithCast<(int)2>, at::native::memory::StoreWithCast<(int)1>>(int, T1, T2, T4, T5, T6, T7)"
:stage.process:model.layers.1.self_attn.k_proj,PushPop,1950204,1953352,1,636,1186721,1865.9,1856.0,1600,2240,107.6,"void at::native::vectorized_elementwise_kernel<(int)4, at::native::bitwise_not_kernel_cuda(at::TensorIteratorBase &)::[lambda(bool) (instance 1)], std::array<char *, (unsigned long)2>>(int, T2, T3)"
:stage.process:model.layers.1.self_attn.k_proj,PushPop,1950204,1953352,1,256,1022499,3994.1,3936.5,3808,4192,150.3,"void at::native::elementwise_kernel<(int)128, (int)4, void at::native::gpu_kernel_impl_nocast<at::native::direct_copy_kernel_cuda(at::TensorIteratorBase &)::[lambda() (instance 3)]::operator ()() const::[lambda() (instance 10)]::operator ()() const::[lambda(c10::Half) (instance 1)]>(at::TensorIteratorBase &, const T1 &)::[lambda(int) (instance 1)]>(int, T3)"
:stage.process:model.layers.1.self_attn.k_proj,PushPop,1950204,1953352,1,263,962753,3660.7,3552.0,3328,8800,747.2,"void at::native::reduce_kernel<(int)512, (int)1, at::native::ReduceOp<bool, at::native::func_wrapper_t<bool, at::native::or_kernel_cuda(at::TensorIterator &)::[lambda() (instance 1)]::operator ()() const::[lambda() (instance 12)]::operator ()() const::[lambda(bool, bool) (instance 1)]>, unsigned int, bool, (int)4, (int)4>>(T3)"
:stage.process:model.layers.1.self_attn.k_proj,PushPop,1950204,1953352,1,638,896066,1404.5,1408.0,1312,3296,115.7,"void at::native::vectorized_elementwise_kernel<(int)2, at::native::FillFunctor<long>, std::array<char *, (unsigned long)1>>(int, T2, T3)"
:stage.process:model.layers.1.self_attn.k_proj,PushPop,1950204,1953352,1,587,800545,1363.8,1376.0,1248,1984,72.9,"void <unnamed>::elementwise_kernel_with_index<int, at::native::arange_cuda_out(const c10::Scalar &, const c10::Scalar &, const c10::Scalar &, at::Tensor &)::[lambda() (instance 1)]::operator ()() const::[lambda() (instance 4)]::operator ()() const::[lambda(long) (instance 1)]>(T1, T2, function_traits<T2>::result_type *)"
:stage.process:model.layers.1.self_attn.k_proj,PushPop,1950204,1953352,1,128,573856,4483.3,4448.0,4384,5024,103.3,"void at::native::unrolled_elementwise_kernel<at::native::CUDAFunctor_add<float>, std::array<char *, (unsigned long)3>, (int)4, TrivialOffsetCalculator<(int)2, unsigned int>, TrivialOffsetCalculator<(int)1, unsigned int>, at::native::memory::LoadWithCast<(int)2>, at::native::memory::StoreWithCast<(int)1>>(int, T1, T2, T4, T5, T6, T7)"
:stage.process:model.layers.1.self_attn.k_proj,PushPop,1950204,1953352,1,2,448705,224352.5,224352.5,224225,224480,180.3,ampere_sgemm_128x32_nn
:stage.process:model.layers.1.self_attn.k_proj,PushPop,1950204,1953352,1,263,439554,1671.3,1664.0,1568,2624,131.4,"void at::native::vectorized_elementwise_kernel<(int)4, at::native::BinaryFunctor<bool, bool, bool, at::native::BitwiseOrFunctor<bool>>, std::array<char *, (unsigned long)3>>(int, T2, T3)"
:stage.process:model.layers.1.self_attn.k_proj,PushPop,1950204,1953352,1,129,409858,3177.2,3104.0,2944,4000,147.3,"void at::native::elementwise_kernel<(int)128, (int)4, void at::native::gpu_kernel_impl_nocast<at::native::direct_copy_kernel_cuda(at::TensorIteratorBase &)::[lambda() (instance 3)]::operator ()() const::[lambda() (instance 1)]::operator ()() const::[lambda(unsigned char) (instance 1)]>(at::TensorIteratorBase &, const T1 &)::[lambda(int) (instance 1)]>(int, T3)"
:stage.process:model.layers.1.self_attn.k_proj,PushPop,1950204,1953352,1,42,381888,9092.6,8528.0,7424,11392,1304.9,ampere_sgemm_64x32_sliced1x4_nn
:stage.process:model.layers.1.self_attn.k_proj,PushPop,1950204,1953352,1,114,349440,3065.3,3040.0,2496,3712,255.3,"void cublasLt::splitKreduce_kernel<(int)32, (int)16, int, float, float, float, float, (bool)0, float, float, float, (bool)1, (bool)0, (bool)0, (bool)0>(cublasLt::cublasSplitKParams<T6>, const T4 *, const T10 *, T9 *, T5 *, const T6 *, const T6 *, const T11 *, const T4 *, T11 *, void *, long, T6 *, int *, T6 *, T6 *, const T6 *, const T6 *, const T6 *, const T6 *, const T6 *)"
:stage.process:model.layers.1.self_attn.k_proj,PushPop,1950204,1953352,1,4,288898,72224.5,71681.0,71456,74080,1242.6,ampere_sgemm_32x128_tn
:stage.process:model.layers.1.self_attn.k_proj,PushPop,1950204,1953352,1,128,265920,2077.5,2080.0,2048,2112,14.3,"void at::native::elementwise_kernel<(int)128, (int)2, void at::native::gpu_kernel_impl_nocast<at::native::BUnaryFunctor<long, long, long, at::native::rshift_kernel_cuda(at::TensorIteratorBase &)::[lambda() (instance 1)]::operator ()() const::[lambda() (instance 4)]::operator ()() const::[lambda(long, long) (instance 1)]>>(at::TensorIteratorBase &, const T1 &)::[lambda(int) (instance 1)]>(int, T3)"
:stage.process:model.layers.1.self_attn.k_proj,PushPop,1950204,1953352,1,132,245280,1858.2,1728.0,1664,6624,805.1,"void at::native::vectorized_elementwise_kernel<(int)4, at::native::BinaryFunctor<long, long, bool, at::native::<unnamed>::CompareEqFunctor<long>>, std::array<char *, (unsigned long)3>>(int, T2, T3)"
:stage.process:model.layers.1.self_attn.k_proj,PushPop,1950204,1953352,1,12,208737,17394.8,20112.5,11168,21056,4431.0,"void at::native::<unnamed>::CatArrayBatchedCopy<at::native::<unnamed>::OpaqueType<(unsigned int)4>, unsigned int, (int)2, (int)64, (int)64>(T1 *, at::native::<unnamed>::CatArrInputTensorMetadata<T1, T2, T4, T5>, at::native::<unnamed>::TensorSizeStride<T2, (unsigned int)4>, int, T2)"
:stage.process:model.layers.1.self_attn.k_proj,PushPop,1950204,1953352,1,3,180384,60128.0,87648.0,4640,88096,48054.5,"void at::native::reduce_kernel<(int)512, (int)1, at::native::ReduceOp<long, at::native::func_wrapper_t<long, at::native::sum_functor<long, long, long>::operator ()(at::TensorIterator &)::[lambda(long, long) (instance 1)]>, unsigned int, long, (int)4, (int)4>>(T3)"
:stage.process:model.layers.1.self_attn.k_proj,PushPop,1950204,1953352,1,11,156225,14202.3,3776.0,2336,63169,24132.3,"void at::native::vectorized_elementwise_kernel<(int)2, at::native::AUnaryFunctor<long, long, long, at::native::BitwiseAndFunctor<long>>, std::array<char *, (unsigned long)2>>(int, T2, T3)"
:stage.process:model.layers.1.self_attn.k_proj,PushPop,1950204,1953352,1,4,145505,36376.3,36368.5,4928,67840,36202.7,"void at::native::elementwise_kernel<(int)128, (int)2, void at::native::gpu_kernel_impl_nocast<at::native::BinaryFunctor<long, long, long, at::native::rshift_kernel_cuda(at::TensorIteratorBase &)::[lambda() (instance 1)]::operator ()() const::[lambda() (instance 4)]::operator ()() const::[lambda(long, long) (instance 1)]>>(at::TensorIteratorBase &, const T1 &)::[lambda(int) (instance 1)]>(int, T3)"
:stage.process:model.layers.1.self_attn.k_proj,PushPop,1950204,1953352,1,4,143392,35848.0,36272.0,3424,67424,36431.0,"void at::native::elementwise_kernel<(int)128, (int)2, void at::native::gpu_kernel_impl_nocast<at::native::BinaryFunctor<long, long, long, at::native::lshift_kernel_cuda(at::TensorIteratorBase &)::[lambda() (instance 1)]::operator ()() const::[lambda() (instance 4)]::operator ()() const::[lambda(long, long) (instance 1)]>>(at::TensorIteratorBase &, const T1 &)::[lambda(int) (instance 1)]>(int, T3)"
:stage.process:model.layers.1.self_attn.k_proj,PushPop,1950204,1953352,1,1,138368,138368.0,138368.0,138368,138368,0.0,ampere_sgemm_128x32_tn
:stage.process:model.layers.1.self_attn.k_proj,PushPop,1950204,1953352,1,6,132192,22032.0,21984.0,16192,27936,6397.6,"void trsm_batch_left_upper_kernel_small<float, (int)16, (int)16, (int)64>(cublasTrsmBatchParams<T1>, const T1 *const *, T1 *const *, const T1 *, T1)"
:stage.process:model.layers.1.self_attn.k_proj,PushPop,1950204,1953352,1,3,120960,40320.0,56256.0,7392,57312,28521.4,"void at::native::index_elementwise_kernel<(int)128, (int)4, void at::native::gpu_index_kernel<void at::native::index_kernel_impl<at::native::OpaqueType<(int)8>>(at::TensorIteratorBase &, c10::ArrayRef<long>, c10::ArrayRef<long>)::[lambda(char *, const char *, long) (instance 1)]>(at::TensorIteratorBase &, c10::ArrayRef<long>, c10::ArrayRef<long>, const T1 &, bool)::[lambda(int) (instance 1)]>(long, T3)"
:stage.process:model.layers.1.self_attn.k_proj,PushPop,1950204,1953352,1,3,97856,32618.7,45792.0,6208,45856,22872.3,"void at::native::triu_tril_kernel<float, int, (bool)0, (int)2, (bool)1>(at::cuda::detail::TensorInfo<T1, T2>, at::cuda::detail::TensorInfo<const T1, T2>, long, long, T2)"
:stage.process:model.layers.1.self_attn.k_proj,PushPop,1950204,1953352,1,10,80416,8041.6,8016.0,7776,8288,153.1,"void at::native::reduce_kernel<(int)512, (int)1, at::native::ReduceOp<float, at::native::func_wrapper_t<float, at::native::sum_functor<float, float, float>::operator ()(at::TensorIterator &)::[lambda(float, float) (instance 1)]>, unsigned int, float, (int)4, (int)4>>(T3)"
:stage.process:model.layers.1.self_attn.k_proj,PushPop,1950204,1953352,1,10,80192,8019.2,6080.0,3584,20640,6008.8,"void at::native::elementwise_kernel<(int)128, (int)2, void at::native::gpu_kernel_impl_nocast<at::native::BinaryFunctor<float, float, float, at::native::binary_internal::MulFunctor<float>>>(at::TensorIteratorBase &, const T1 &)::[lambda(int) (instance 1)]>(int, T3)"
:stage.process:model.layers.1.self_attn.k_proj,PushPop,1950204,1953352,1,10,68800,6880.0,7552.0,3104,8192,1789.7,"void at::native::reduce_kernel<(int)512, (int)1, at::native::ReduceOp<float, at::native::MeanOps<float, float, float, float>, unsigned int, float, (int)4, (int)4>>(T3)"
:stage.process:model.layers.1.self_attn.k_proj,PushPop,1950204,1953352,1,14,60320,4308.6,3264.0,1344,8352,2522.8,"void at::native::vectorized_elementwise_kernel<(int)4, at::native::FillFunctor<float>, std::array<char *, (unsigned long)1>>(int, T2, T3)"
:stage.process:model.layers.1.self_attn.k_proj,PushPop,1950204,1953352,1,9,45312,5034.7,3648.0,1632,11552,3723.7,"void at::native::vectorized_elementwise_kernel<(int)4, at::native::BUnaryFunctor<float, float, float, at::native::binary_internal::MulFunctor<float>>, std::array<char *, (unsigned long)2>>(int, T2, T3)"
:stage.process:model.layers.1.self_attn.k_proj,PushPop,1950204,1953352,1,9,39840,4426.7,4416.0,4256,4640,119.7,"void at::native::vectorized_elementwise_kernel<(int)4, at::native::BinaryFunctor<float, float, float, at::native::binary_internal::MulFunctor<float>>, std::array<char *, (unsigned long)3>>(int, T2, T3)"
:stage.process:model.layers.1.self_attn.k_proj,PushPop,1950204,1953352,1,10,38912,3891.2,3888.0,3872,3936,22.4,"void dot_kernel<float, (int)128, (int)0, cublasDotParams<cublasGemvTensorStridedBatched<const float>, cublasGemvTensorStridedBatched<float>>>(T4)"
:stage.process:model.layers.1.self_attn.k_proj,PushPop,1950204,1953352,1,10,36096,3609.6,3408.0,3168,4128,400.8,"void at::native::elementwise_kernel<(int)128, (int)2, void at::native::gpu_kernel_impl_nocast<at::native::CUDAFunctorOnSelf_add<float>>(at::TensorIteratorBase &, const T1 &)::[lambda(int) (instance 1)]>(int, T3)"
:stage.process:model.layers.1.self_attn.k_proj,PushPop,1950204,1953352,1,10,27136,2713.6,2720.0,2688,2784,29.4,"void reduce_1Block_kernel<float, (int)128, (int)7, cublasGemvTensorStridedBatched<float>, cublasGemvTensorStridedBatched<const float>, cublasGemvTensorStridedBatched<float>>(const T1 *, T1, T4, int, const T1 *, T1, T5, T6, cublasPointerMode_t, cublasLtEpilogue_t, cublasGemvTensorStridedBatched<const biasType<T6::value_type, T1>::type>)"
:stage.process:model.layers.1.self_attn.k_proj,PushPop,1950204,1953352,1,12,24736,2061.3,2112.0,1856,2304,147.2,"void at::native::vectorized_elementwise_kernel<(int)4, at::native::<unnamed>::CompareFunctor<float>, std::array<char *, (unsigned long)3>>(int, T2, T3)"
:stage.process:model.layers.1.self_attn.k_proj,PushPop,1950204,1953352,1,6,21088,3514.7,2064.0,1568,11232,3799.9,"void at::native::vectorized_elementwise_kernel<(int)4, at::native::AUnaryFunctor<float, float, float, at::native::binary_internal::MulFunctor<float>>, std::array<char *, (unsigned long)2>>(int, T2, T3)"
:stage.process:model.layers.1.self_attn.k_proj,PushPop,1950204,1953352,1,4,15041,3760.3,3776.0,3712,3777,32.2,"void at::native::vectorized_elementwise_kernel<(int)2, at::native::BUnaryFunctor<long, long, long, at::native::rshift_kernel_cuda(at::TensorIteratorBase &)::[lambda() (instance 1)]::operator ()() const::[lambda() (instance 4)]::operator ()() const::[lambda(long, long) (instance 1)]>, std::array<char *, (unsigned long)2>>(int, T2, T3)"
:stage.process:model.layers.1.self_attn.k_proj,PushPop,1950204,1953352,1,1,14848,14848.0,14848.0,14848,14848,0.0,"void at::native::<unnamed>::CatArrayBatchedCopy_alignedK_contig<at::native::<unnamed>::OpaqueType<(unsigned int)8>, unsigned int, (int)3, (int)128, (int)1, (int)16>(T1 *, at::native::<unnamed>::CatArrInputTensorMetadata<T1, T2, T4, T5>, at::native::<unnamed>::TensorSizeStride<T2, (unsigned int)4>, int, T2)"
:stage.process:model.layers.1.self_attn.k_proj,PushPop,1950204,1953352,1,4,14272,3568.0,3552.0,3488,3680,80.5,"void at::native::vectorized_elementwise_kernel<(int)2, at::native::BUnaryFunctor<long, long, long, at::native::remainder_kernel_cuda(at::TensorIteratorBase &)::[lambda() (instance 1)]::operator ()() const::[lambda() (instance 4)]::operator ()() const::[lambda(long, long) (instance 1)]>, std::array<char *, (unsigned long)2>>(int, T2, T3)"
:stage.process:model.layers.1.self_attn.k_proj,PushPop,1950204,1953352,1,3,13696,4565.3,4096.0,4032,5568,868.9,"void at::native::vectorized_elementwise_kernel<(int)2, at::native::BinaryFunctor<long, long, long, at::native::BitwiseXorFunctor<long>>, std::array<char *, (unsigned long)3>>(int, T2, T3)"
:stage.process:model.layers.1.self_attn.k_proj,PushPop,1950204,1953352,1,6,12128,2021.3,1696.0,1664,3712,828.4,"void at::native::vectorized_elementwise_kernel<(int)2, at::native::AUnaryFunctor<long, long, long, at::native::binary_internal::MulFunctor<long>>, std::array<char *, (unsigned long)2>>(int, T2, T3)"
:stage.process:model.layers.1.self_attn.k_proj,PushPop,1950204,1953352,1,8,12064,1508.0,1520.0,1408,1568,57.8,"void at::native::unrolled_elementwise_kernel<at::native::AUnaryFunctor<long, long, long, at::native::BitwiseAndFunctor<long>>, std::array<char *, (unsigned long)2>, (int)4, TrivialOffsetCalculator<(int)1, unsigned int>, TrivialOffsetCalculator<(int)1, unsigned int>, at::native::memory::LoadWithoutCast, at::native::memory::StoreWithoutCast>(int, T1, T2, T4, T5, T6, T7)"
:stage.process:model.layers.1.self_attn.k_proj,PushPop,1950204,1953352,1,3,11840,3946.7,4000.0,3584,4256,339.2,"void at::native::unrolled_elementwise_kernel<at::native::direct_copy_kernel_cuda(at::TensorIteratorBase &)::[lambda() (instance 3)]::operator ()() const::[lambda() (instance 3)]::operator ()() const::[lambda(int) (instance 1)], std::array<char *, (unsigned long)2>, (int)4, TrivialOffsetCalculator<(int)1, unsigned int>, TrivialOffsetCalculator<(int)1, unsigned int>, at::native::memory::LoadWithCast<(int)1>, at::native::memory::StoreWithCast<(int)1>>(int, T1, T2, T4, T5, T6, T7)"
:stage.process:model.layers.1.self_attn.k_proj,PushPop,1950204,1953352,1,6,11008,1834.7,1824.0,1824,1856,16.5,"void at::native::vectorized_elementwise_kernel<(int)4, at::native::FillFunctor<unsigned char>, std::array<char *, (unsigned long)1>>(int, T2, T3)"
:stage.process:model.layers.1.self_attn.k_proj,PushPop,1950204,1953352,1,3,10688,3562.7,3552.0,3424,3712,144.3,"void at::native::elementwise_kernel<(int)128, (int)2, void at::native::gpu_kernel_impl_nocast<at::native::direct_copy_kernel_cuda(at::TensorIteratorBase &)::[lambda() (instance 3)]::operator ()() const::[lambda() (instance 3)]::operator ()() const::[lambda(int) (instance 1)]>(at::TensorIteratorBase &, const T1 &)::[lambda(int) (instance 1)]>(int, T3)"
:stage.process:model.layers.1.self_attn.k_proj,PushPop,1950204,1953352,1,5,10304,2060.8,1664.0,1600,3744,941.3,"void at::native::vectorized_elementwise_kernel<(int)2, at::native::CUDAFunctorOnSelf_add<long>, std::array<char *, (unsigned long)2>>(int, T2, T3)"
:stage.process:model.layers.1.self_attn.k_proj,PushPop,1950204,1953352,1,3,9952,3317.3,3360.0,3200,3392,102.9,"void at::native::unrolled_elementwise_kernel<at::native::direct_copy_kernel_cuda(at::TensorIteratorBase &)::[lambda() (instance 3)]::operator ()() const::[lambda() (instance 1)]::operator ()() const::[lambda(unsigned char) (instance 1)], std::array<char *, (unsigned long)2>, (int)4, TrivialOffsetCalculator<(int)1, unsigned int>, TrivialOffsetCalculator<(int)1, unsigned int>, at::native::memory::LoadWithCast<(int)1>, at::native::memory::StoreWithCast<(int)1>>(int, T1, T2, T4, T5, T6, T7)"
:stage.process:model.layers.1.self_attn.k_proj,PushPop,1950204,1953352,1,2,8448,4224.0,4224.0,4096,4352,181.0,"void at::native::vectorized_elementwise_kernel<(int)2, at::native::BinaryFunctor<long, long, long, at::native::BitwiseOrFunctor<long>>, std::array<char *, (unsigned long)3>>(int, T2, T3)"
:stage.process:model.layers.1.self_attn.k_proj,PushPop,1950204,1953352,1,1,7936,7936.0,7936.0,7936,7936,0.0,"void at::native::reduce_kernel<(int)128, (int)4, at::native::ReduceOp<long, at::native::func_wrapper_t<long, at::native::sum_functor<long, long, long>::operator ()(at::TensorIterator &)::[lambda(long, long) (instance 1)]>, unsigned int, long, (int)4, (int)4>>(T3)"
:stage.process:model.layers.1.self_attn.k_proj,PushPop,1950204,1953352,1,2,7744,3872.0,3872.0,3840,3904,45.3,"void at::native::vectorized_elementwise_kernel<(int)2, at::native::BUnaryFunctor<long, long, long, at::native::lshift_kernel_cuda(at::TensorIteratorBase &)::[lambda() (instance 1)]::operator ()() const::[lambda() (instance 4)]::operator ()() const::[lambda(long, long) (instance 1)]>, std::array<char *, (unsigned long)2>>(int, T2, T3)"
:stage.process:model.layers.1.self_attn.k_proj,PushPop,1950204,1953352,1,3,7456,2485.3,2464.0,2432,2560,66.6,"void at::native::vectorized_elementwise_kernel<(int)4, at::native::AUnaryFunctor<unsigned char, unsigned char, bool, at::native::<unnamed>::CompareEqFunctor<unsigned char>>, std::array<char *, (unsigned long)2>>(int, T2, T3)"
:stage.process:model.layers.1.self_attn.k_proj,PushPop,1950204,1953352,1,2,7424,3712.0,3712.0,3648,3776,90.5,"void at::native::vectorized_elementwise_kernel<(int)2, at::native::BUnaryFunctor<long, long, long, at::native::binary_internal::div_floor_kernel_cuda(at::TensorIteratorBase &)::[lambda() (instance 1)]::operator ()() const::[lambda() (instance 4)]::operator ()() const::[lambda(long, long) (instance 1)]>, std::array<char *, (unsigned long)2>>(int, T2, T3)"
:stage.process:model.layers.1.self_attn.k_proj,PushPop,1950204,1953352,1,4,7136,1784.0,1776.0,1760,1824,30.6,"void at::native::vectorized_elementwise_kernel<(int)4, void at::native::compare_scalar_kernel<c10::Half>(at::TensorIteratorBase &, at::native::<unnamed>::OpType, T1)::[lambda(c10::Half) (instance 1)], std::array<char *, (unsigned long)2>>(int, T2, T3)"
:stage.process:model.layers.1.self_attn.k_proj,PushPop,1950204,1953352,1,2,6560,3280.0,3280.0,3232,3328,67.9,"void at::native::elementwise_kernel<(int)128, (int)2, void at::native::gpu_kernel_impl_nocast<at::native::AbsFunctor<float>>(at::TensorIteratorBase &, const T1 &)::[lambda(int) (instance 1)]>(int, T3)"
:stage.process:model.layers.1.self_attn.k_proj,PushPop,1950204,1953352,1,4,6464,1616.0,1632.0,1440,1760,134.5,"void at::native::vectorized_elementwise_kernel<(int)4, at::native::FillFunctor<bool>, std::array<char *, (unsigned long)1>>(int, T2, T3)"
:stage.process:model.layers.1.self_attn.k_proj,PushPop,1950204,1953352,1,2,6400,3200.0,3200.0,3200,3200,0.0,"void at::native::elementwise_kernel<(int)128, (int)2, void at::native::gpu_kernel_impl_nocast<at::native::CUDAFunctor_add<long>>(at::TensorIteratorBase &, const T1 &)::[lambda(int) (instance 1)]>(int, T3)"
:stage.process:model.layers.1.self_attn.k_proj,PushPop,1950204,1953352,1,1,6176,6176.0,6176.0,6176,6176,0.0,"void at::native::elementwise_kernel<(int)128, (int)2, void at::native::gpu_kernel_impl_nocast<at::native::BinaryFunctor<float, float, float, at::native::binary_internal::DivFunctor<float>>>(at::TensorIteratorBase &, const T1 &)::[lambda(int) (instance 1)]>(int, T3)"
:stage.process:model.layers.1.self_attn.k_proj,PushPop,1950204,1953352,1,1,5856,5856.0,5856.0,5856,5856,0.0,"void at::native::vectorized_elementwise_kernel<(int)4, void at::native::<unnamed>::pow_tensor_scalar_kernel_impl<float, float>(at::TensorIteratorBase &, T2)::[lambda(float) (instance 1)], std::array<char *, (unsigned long)2>>(int, T2, T3)"
:stage.process:model.layers.1.self_attn.k_proj,PushPop,1950204,1953352,1,3,5408,1802.7,1760.0,1696,1952,133.2,"void at::native::vectorized_elementwise_kernel<(int)4, at::native::BinaryFunctor<float, float, float, at::native::maximum_kernel_cuda(at::TensorIteratorBase &)::[lambda() (instance 2)]::operator ()() const::[lambda() (instance 2)]::operator ()() const::[lambda(float, float) (instance 1)]>, std::array<char *, (unsigned long)3>>(int, T2, T3)"
:stage.process:model.layers.1.self_attn.k_proj,PushPop,1950204,1953352,1,3,4992,1664.0,1792.0,1408,1792,221.7,"xxtrf4_set_info_ker(int, int *)"
:stage.process:model.layers.1.self_attn.k_proj,PushPop,1950204,1953352,1,2,4768,2384.0,2384.0,2368,2400,22.6,"void at::native::vectorized_elementwise_kernel<(int)2, at::native::CUDAFunctorOnOther_add<long>, std::array<char *, (unsigned long)2>>(int, T2, T3)"
:stage.process:model.layers.1.self_attn.k_proj,PushPop,1950204,1953352,1,1,4512,4512.0,4512.0,4512,4512,0.0,"void at::native::vectorized_elementwise_kernel<(int)4, at::native::float16_copy_kernel_cuda(at::TensorIteratorBase &)::[lambda(float) (instance 1)], std::array<char *, (unsigned long)2>>(int, T2, T3)"
:stage.process:model.layers.1.self_attn.k_proj,PushPop,1950204,1953352,1,1,4320,4320.0,4320.0,4320,4320,0.0,"void at::native::<unnamed>::CatArrayBatchedCopy_vectorized<at::native::<unnamed>::OpaqueType<(unsigned int)2>, unsigned int, (int)1, (int)128, (int)1, (int)16, (int)8>(char *, at::native::<unnamed>::CatArrInputTensorMetadata<T1, T2, T4, T5>, at::native::<unnamed>::TensorSizeStride<T2, (unsigned int)4>, int, T2)"
:stage.process:model.layers.1.self_attn.k_proj,PushPop,1950204,1953352,1,1,2656,2656.0,2656.0,2656,2656,0.0,"void at::native::vectorized_elementwise_kernel<(int)4, at::native::BinaryFunctor<unsigned char, unsigned char, bool, at::native::<unnamed>::CompareEqFunctor<unsigned char>>, std::array<char *, (unsigned long)3>>(int, T2, T3)"
:stage.process:model.layers.1.self_attn.k_proj,PushPop,1950204,1953352,1,1,2528,2528.0,2528.0,2528,2528,0.0,"void at::native::vectorized_elementwise_kernel<(int)4, at::native::AUnaryFunctor<unsigned char, unsigned char, unsigned char, at::native::binary_internal::MulFunctor<unsigned char>>, std::array<char *, (unsigned long)2>>(int, T2, T3)"
:stage.process:model.layers.1.self_attn.k_proj,PushPop,1950204,1953352,1,1,2336,2336.0,2336.0,2336,2336,0.0,"void at::native::unrolled_elementwise_kernel<at::native::direct_copy_kernel_cuda(at::TensorIteratorBase &)::[lambda() (instance 3)]::operator ()() const::[lambda() (instance 11)]::operator ()() const::[lambda(bool) (instance 1)], std::array<char *, (unsigned long)2>, (int)4, TrivialOffsetCalculator<(int)1, unsigned int>, TrivialOffsetCalculator<(int)1, unsigned int>, at::native::memory::LoadWithCast<(int)1>, at::native::memory::StoreWithCast<(int)1>>(int, T1, T2, T4, T5, T6, T7)"
:stage.process:model.layers.1.self_attn.k_proj,PushPop,1950204,1953352,1,1,2080,2080.0,2080.0,2080,2080,0.0,"void at::native::unrolled_elementwise_kernel<at::native::<unnamed>::CompareFunctor<c10::Half>, std::array<char *, (unsigned long)3>, (int)4, TrivialOffsetCalculator<(int)2, unsigned int>, TrivialOffsetCalculator<(int)1, unsigned int>, at::native::memory::LoadWithoutCast, at::native::memory::StoreWithoutCast>(int, T1, T2, T4, T5, T6, T7)"
:stage.process:model.layers.1.self_attn.k_proj,PushPop,1950204,1953352,1,1,1952,1952.0,1952.0,1952,1952,0.0,"void at::native::vectorized_elementwise_kernel<(int)4, at::native::sqrt_kernel_cuda(at::TensorIteratorBase &)::[lambda() (instance 2)]::operator ()() const::[lambda() (instance 2)]::operator ()() const::[lambda(float) (instance 1)], std::array<char *, (unsigned long)2>>(int, T2, T3)"
:stage.process:model.layers.1.self_attn.k_proj,PushPop,1950204,1953352,1,1,1760,1760.0,1760.0,1760,1760,0.0,"void at::native::vectorized_elementwise_kernel<(int)4, at::native::<unnamed>::launch_clamp_scalar(at::TensorIteratorBase &, c10::Scalar, c10::Scalar, at::native::detail::ClampLimits)::[lambda() (instance 1)]::operator ()() const::[lambda() (instance 7)]::operator ()() const::[lambda(float) (instance 1)], std::array<char *, (unsigned long)2>>(int, T2, T3)"
:stage.process:model.layers.1.self_attn.o_proj,PushPop,1950204,1953352,1,14288,5095557011,356631.9,280896.0,132416,1160097,319642.0,"void <unnamed>::qvq_v2_segment_grid_kernel<(int)4, (int)2, (int)16, (bool)1, (bool)0, __half, unsigned char>(const float *, const T6 *, const float *, const long *, const float *, const float *, float *, T7 *, unsigned char *, int, int, int, bool, bool)"
:stage.process:model.layers.1.self_attn.o_proj,PushPop,1950204,1953352,1,766,1440020262,1879922.0,1425889.5,1355554,2882340,651512.7,"void <unnamed>::qvq_viterbi_kernel<(int)4, (int)2, __half, unsigned char>(const float *, const T3 *, const float *, const long *, const float *, T4 *, long *, float *, int, int, int, bool, bool, bool)"
:stage.process:model.layers.1.self_attn.o_proj,PushPop,1950204,1953352,1,694,409788710,590473.6,587025.0,307328,885953,170592.2,ampere_sgemm_64x32_sliced1x4_nt
:stage.process:model.layers.1.self_attn.o_proj,PushPop,1950204,1953352,1,1786,217484053,121771.6,95952.0,66240,301376,72362.1,"void <unnamed>::qvq_v2_segment_grid_finalize_kernel<(int)4, (int)2, (int)16, (bool)0, __half, unsigned char>(const float *, const T5 *, const float *, const long *, const float *, const float *, const T6 *, const unsigned char *, long *, unsigned char *, float *, int, int, bool, bool)"
:stage.process:model.layers.1.self_attn.o_proj,PushPop,1950204,1953352,1,4080,72497270,17768.9,8352.0,4736,51904,13661.9,"void at::native::index_elementwise_kernel<(int)128, (int)4, void at::native::gpu_index_kernel<void at::native::index_kernel_impl<at::native::OpaqueType<(int)4>>(at::TensorIteratorBase &, c10::ArrayRef<long>, c10::ArrayRef<long>)::[lambda(char *, const char *, long) (instance 1)]>(at::TensorIteratorBase &, c10::ArrayRef<long>, c10::ArrayRef<long>, const T1 &, bool)::[lambda(int) (instance 1)]>(long, T3)"
:stage.process:model.layers.1.self_attn.o_proj,PushPop,1950204,1953352,1,288,51297138,178115.1,178208.0,59424,298817,70258.5,void cutlass::Kernel2<cutlass_80_simt_sgemm_128x32_8x5_nt_align1>(T1::Params)
:stage.process:model.layers.1.self_attn.o_proj,PushPop,1950204,1953352,1,996,30326738,30448.5,30256.0,4352,61472,16127.5,"void gemmSN_NN_kernel<float, (int)128, (int)2, (int)4, (int)8, (int)4, (int)4, (bool)0, cublasGemvTensorStridedBatched<const float>, cublasGemvTensorStridedBatched<const float>, cublasGemvTensorStridedBatched<float>>(cublasGemmSmallNParams<T9, T10, T11, T1>)"
:stage.process:model.layers.1.self_attn.o_proj,PushPop,1950204,1953352,1,50,20893596,417871.9,21264.0,15776,887201,420083.4,ampere_sgemm_128x32_nn
:stage.process:model.layers.1.self_attn.o_proj,PushPop,1950204,1953352,1,2964,19294332,6509.6,7360.0,2528,11808,1809.0,"void at::native::reduce_kernel<(int)512, (int)1, at::native::ReduceOp<bool, at::native::func_wrapper_t<bool, at::native::and_kernel_cuda(at::TensorIterator &)::[lambda() (instance 1)]::operator ()() const::[lambda() (instance 12)]::operator ()() const::[lambda(bool, bool) (instance 1)]>, unsigned int, bool, (int)4, (int)4>>(T3)"
:stage.process:model.layers.1.self_attn.o_proj,PushPop,1950204,1953352,1,2040,13522762,6628.8,6656.0,3520,7392,362.2,"void at::native::index_elementwise_kernel<(int)128, (int)4, void at::native::gpu_index_kernel<void at::native::index_put_kernel_impl<at::native::OpaqueType<(int)4>>(at::TensorIterator &, c10::ArrayRef<long>, c10::ArrayRef<long>)::[lambda(char *, const char *, long) (instance 1)]>(at::TensorIteratorBase &, c10::ArrayRef<long>, c10::ArrayRef<long>, const T1 &, bool)::[lambda(int) (instance 1)]>(long, T3)"
:stage.process:model.layers.1.self_attn.o_proj,PushPop,1950204,1953352,1,1405,13480593,9594.7,9664.0,4416,32480,1566.6,"void at::native::index_elementwise_kernel<(int)128, (int)4, void at::native::gpu_index_kernel<void at::native::index_kernel_impl<at::native::OpaqueType<(int)2>>(at::TensorIteratorBase &, c10::ArrayRef<long>, c10::ArrayRef<long>)::[lambda(char *, const char *, long) (instance 1)]>(at::TensorIteratorBase &, c10::ArrayRef<long>, c10::ArrayRef<long>, const T1 &, bool)::[lambda(int) (instance 1)]>(long, T3)"
:stage.process:model.layers.1.self_attn.o_proj,PushPop,1950204,1953352,1,1788,11686768,6536.2,7200.0,3168,8640,1317.5,"void at::native::reduce_kernel<(int)512, (int)1, at::native::ReduceOp<float, at::native::func_wrapper_t<float, at::native::MaxNanFunctor<float>>, unsigned int, float, (int)4, (int)4>>(T3)"
:stage.process:model.layers.1.self_attn.o_proj,PushPop,1950204,1953352,1,2241,8798287,3926.1,3232.0,2144,55072,4838.2,"void at::native::elementwise_kernel<(int)128, (int)2, void at::native::gpu_kernel_impl_nocast<at::native::direct_copy_kernel_cuda(at::TensorIteratorBase &)::[lambda() (instance 3)]::operator ()() const::[lambda() (instance 7)]::operator ()() const::[lambda(float) (instance 1)]>(at::TensorIteratorBase &, const T1 &)::[lambda(int) (instance 1)]>(int, T3)"
:stage.process:model.layers.1.self_attn.o_proj,PushPop,1950204,1953352,1,3611,7807782,2162.2,2048.0,1440,18048,822.0,"void at::native::vectorized_elementwise_kernel<(int)4, at::native::AbsFunctor<float>, std::array<char *, (unsigned long)2>>(int, T2, T3)"
:stage.process:model.layers.1.self_attn.o_proj,PushPop,1950204,1953352,1,2552,7436111,2913.8,2848.0,2176,5056,560.7,"<unnamed>::qvq_half2_codebook_norm_pack_kernel(const __half *, unsigned long *, int)"
:stage.process:model.layers.1.self_attn.o_proj,PushPop,1950204,1953352,1,1020,7102762,6963.5,7040.0,3584,7552,485.7,"void at::native::index_elementwise_kernel<(int)128, (int)4, void at::native::gpu_index_kernel<void at::native::index_put_kernel_impl<at::native::OpaqueType<(int)8>>(at::TensorIterator &, c10::ArrayRef<long>, c10::ArrayRef<long>)::[lambda(char *, const char *, long) (instance 1)]>(at::TensorIteratorBase &, c10::ArrayRef<long>, c10::ArrayRef<long>, const T1 &, bool)::[lambda(int) (instance 1)]>(long, T3)"
:stage.process:model.layers.1.self_attn.o_proj,PushPop,1950204,1953352,1,772,6390792,8278.2,8288.0,7968,8672,124.5,"void at::native::reduce_kernel<(int)512, (int)1, at::native::ReduceOp<c10::Half, at::native::func_wrapper_t<c10::Half, at::native::MaxNanFunctor<c10::Half>>, unsigned int, c10::Half, (int)4, (int)4>>(T3)"
:stage.process:model.layers.1.self_attn.o_proj,PushPop,1950204,1953352,1,2593,5601671,2160.3,2144.0,1504,6720,324.1,"void at::native::vectorized_elementwise_kernel<(int)4, at::native::BinaryFunctor<bool, bool, bool, at::native::binary_internal::MulFunctor<bool>>, std::array<char *, (unsigned long)3>>(int, T2, T3)"
:stage.process:model.layers.1.self_attn.o_proj,PushPop,1950204,1953352,1,177,5499532,31070.8,26912.0,3872,72032,22431.2,"void gemmSN_NN_kernel<float, (int)256, (int)4, (int)2, (int)8, (int)4, (int)4, (bool)0, cublasGemvTensorStridedBatched<const float>, cublasGemvTensorStridedBatched<const float>, cublasGemvTensorStridedBatched<float>>(cublasGemmSmallNParams<T9, T10, T11, T1>)"
:stage.process:model.layers.1.self_attn.o_proj,PushPop,1950204,1953352,1,1285,5213064,4056.9,4000.0,2656,18464,615.3,"void at::native::unrolled_elementwise_kernel<at::native::direct_copy_kernel_cuda(at::TensorIteratorBase &)::[lambda() (instance 3)]::operator ()() const::[lambda() (instance 7)]::operator ()() const::[lambda(float) (instance 1)], std::array<char *, (unsigned long)2>, (int)4, TrivialOffsetCalculator<(int)1, unsigned int>, TrivialOffsetCalculator<(int)1, unsigned int>, at::native::memory::LoadWithCast<(int)1>, at::native::memory::StoreWithCast<(int)1>>(int, T1, T2, T4, T5, T6, T7)"
:stage.process:model.layers.1.self_attn.o_proj,PushPop,1950204,1953352,1,765,4731976,6185.6,6592.0,3328,8192,1206.6,"void at::native::index_elementwise_kernel<(int)128, (int)4, void at::native::gpu_index_kernel<void at::native::index_put_kernel_impl<at::native::OpaqueType<(int)1>>(at::TensorIterator &, c10::ArrayRef<long>, c10::ArrayRef<long>)::[lambda(char *, const char *, long) (instance 1)]>(at::TensorIteratorBase &, c10::ArrayRef<long>, c10::ArrayRef<long>, const T1 &, bool)::[lambda(int) (instance 1)]>(long, T3)"
:stage.process:model.layers.1.self_attn.o_proj,PushPop,1950204,1953352,1,5,4685605,937121.0,925569.0,923521,985761,27206.8,ampere_sgemm_128x32_tn
:stage.process:model.layers.1.self_attn.o_proj,PushPop,1950204,1953352,1,1824,3999971,2193.0,2112.0,1536,16768,949.0,"void at::native::vectorized_elementwise_kernel<(int)4, at::native::BinaryFunctor<float, float, bool, at::native::<unnamed>::CompareEqFunctor<float>>, std::array<char *, (unsigned long)3>>(int, T2, T3)"
:stage.process:model.layers.1.self_attn.o_proj,PushPop,1950204,1953352,1,1823,3881894,2129.4,2080.0,1504,6464,353.2,"void at::native::vectorized_elementwise_kernel<(int)4, at::native::AUnaryFunctor<float, float, bool, at::native::<unnamed>::CompareEqFunctor<float>>, std::array<char *, (unsigned long)2>>(int, T2, T3)"
:stage.process:model.layers.1.self_attn.o_proj,PushPop,1950204,1953352,1,2044,3864166,1890.5,1888.0,1536,2304,123.9,"void at::native::vectorized_elementwise_kernel<(int)4, at::native::BinaryFunctor<bool, bool, bool, at::native::logical_or_kernel_cuda(at::TensorIterator &)::[lambda() (instance 2)]::operator ()() const::[lambda() (instance 9)]::operator ()() const::[lambda(bool, bool) (instance 1)]>, std::array<char *, (unsigned long)3>>(int, T2, T3)"
:stage.process:model.layers.1.self_attn.o_proj,PushPop,1950204,1953352,1,1150,3732708,3245.8,3232.0,1888,24224,664.1,"void at::native::elementwise_kernel<(int)128, (int)2, void at::native::gpu_kernel_impl_nocast<at::native::direct_copy_kernel_cuda(at::TensorIteratorBase &)::[lambda() (instance 3)]::operator ()() const::[lambda() (instance 4)]::operator ()() const::[lambda(long) (instance 1)]>(at::TensorIteratorBase &, const T1 &)::[lambda(int) (instance 1)]>(int, T3)"
:stage.process:model.layers.1.self_attn.o_proj,PushPop,1950204,1953352,1,1542,3418980,2217.2,2144.0,1664,3008,184.6,"void at::native::vectorized_elementwise_kernel<(int)4, at::native::AbsFunctor<c10::Half>, std::array<char *, (unsigned long)2>>(int, T2, T3)"
:stage.process:model.layers.1.self_attn.o_proj,PushPop,1950204,1953352,1,1276,3282822,2572.7,2496.0,1856,3392,241.9,"void at::native::roll_cuda_kernel<float>(const T1 *, T1 *, long, long, long, long, long, long)"
:stage.process:model.layers.1.self_attn.o_proj,PushPop,1950204,1953352,1,429,3276549,7637.6,4448.0,3200,47168,4833.7,"void at::native::elementwise_kernel<(int)128, (int)2, void at::native::gpu_kernel_impl_nocast<at::native::CUDAFunctor_add<float>>(at::TensorIteratorBase &, const T1 &)::[lambda(int) (instance 1)]>(int, T3)"
:stage.process:model.layers.1.self_attn.o_proj,PushPop,1950204,1953352,1,1268,3196134,2520.6,2400.0,1824,3616,382.6,"void at::native::elementwise_kernel<(int)128, (int)2, void at::native::gpu_kernel_impl_nocast<at::native::AUnaryFunctor<long, long, long, at::native::BitwiseAndFunctor<long>>>(at::TensorIteratorBase &, const T1 &)::[lambda(int) (instance 1)]>(int, T3)"
:stage.process:model.layers.1.self_attn.o_proj,PushPop,1950204,1953352,1,1176,3186883,2709.9,2272.0,1600,27232,2991.0,"void at::native::vectorized_elementwise_kernel<(int)4, at::native::CUDAFunctor_add<float>, std::array<char *, (unsigned long)3>>(int, T2, T3)"
:stage.process:model.layers.1.self_attn.o_proj,PushPop,1950204,1953352,1,378,3097730,8195.1,8224.0,7872,8384,90.4,"void batch_trsm_left_kernel<float, (int)64, (int)4, (int)3, (bool)0, (bool)0, (bool)1>(cublasTrsmBatchParams2<T1>, T1, const T1 *, int)"
:stage.process:model.layers.1.self_attn.o_proj,PushPop,1950204,1953352,1,3,2779908,926636.0,926817.0,924417,928674,2134.3,"void kernel<getrf_wo_pivot_params_<float, (int)0, (int)256, (int)1, (int)64, (int)64, (int)68, (int)8, (int)1, (int)1>>(int, int, void *, int, void *, int, int, int, int, int, int *)"
:stage.process:model.layers.1.self_attn.o_proj,PushPop,1950204,1953352,1,901,2663939,2956.6,2976.0,1760,11552,639.6,"void at::native::unrolled_elementwise_kernel<at::native::direct_copy_kernel_cuda(at::TensorIteratorBase &)::[lambda() (instance 3)]::operator ()() const::[lambda() (instance 4)]::operator ()() const::[lambda(long) (instance 1)], std::array<char *, (unsigned long)2>, (int)4, TrivialOffsetCalculator<(int)1, unsigned int>, TrivialOffsetCalculator<(int)1, unsigned int>, at::native::memory::LoadWithCast<(int)1>, at::native::memory::StoreWithCast<(int)1>>(int, T1, T2, T4, T5, T6, T7)"
:stage.process:model.layers.1.self_attn.o_proj,PushPop,1950204,1953352,1,1534,2601698,1696.0,1696.0,1536,2208,108.0,"void at::native::vectorized_elementwise_kernel<(int)4, void at::native::compare_scalar_kernel<float>(at::TensorIteratorBase &, at::native::<unnamed>::OpType, T1)::[lambda(float) (instance 1)], std::array<char *, (unsigned long)2>>(int, T2, T3)"
:stage.process:model.layers.1.self_attn.o_proj,PushPop,1950204,1953352,1,400,2330563,5826.4,4032.0,3968,53984,8866.7,ampere_sgemm_32x128_nt
:stage.process:model.layers.1.self_attn.o_proj,PushPop,1950204,1953352,1,1020,2028257,1988.5,1984.0,1632,2368,118.3,"void at::native::vectorized_elementwise_kernel<(int)4, at::native::bitwise_not_kernel_cuda(at::TensorIteratorBase &)::[lambda(bool) (instance 1)], std::array<char *, (unsigned long)2>>(int, T2, T3)"
:stage.process:model.layers.1.self_attn.o_proj,PushPop,1950204,1953352,1,770,1747810,2269.9,2240.0,1760,2368,41.9,"void at::native::vectorized_elementwise_kernel<(int)4, at::native::BinaryFunctor<c10::Half, c10::Half, bool, at::native::<unnamed>::CompareEqFunctor<c10::Half>>, std::array<char *, (unsigned long)3>>(int, T2, T3)"
:stage.process:model.layers.1.self_attn.o_proj,PushPop,1950204,1953352,1,770,1727744,2243.8,2240.0,1760,2336,39.6,"void at::native::vectorized_elementwise_kernel<(int)4, at::native::AUnaryFunctor<c10::Half, c10::Half, bool, at::native::<unnamed>::CompareEqFunctor<c10::Half>>, std::array<char *, (unsigned long)2>>(int, T2, T3)"
:stage.process:model.layers.1.self_attn.o_proj,PushPop,1950204,1953352,1,1022,1481922,1450.0,1440.0,1312,6976,248.6,"void at::native::vectorized_elementwise_kernel<(int)2, at::native::FillFunctor<long>, std::array<char *, (unsigned long)1>>(int, T2, T3)"
:stage.process:model.layers.1.self_attn.o_proj,PushPop,1950204,1953352,1,782,1398081,1787.8,1728.0,1600,11776,545.9,"void at::native::vectorized_elementwise_kernel<(int)4, void at::native::compare_scalar_kernel<long>(at::TensorIteratorBase &, at::native::<unnamed>::OpType, T1)::[lambda(long) (instance 1)], std::array<char *, (unsigned long)2>>(int, T2, T3)"
:stage.process:model.layers.1.self_attn.o_proj,PushPop,1950204,1953352,1,512,1310338,2559.3,2528.0,2368,2816,120.8,"void at::native::unrolled_elementwise_kernel<at::native::BinaryFunctor<float, float, float, at::native::maximum_kernel_cuda(at::TensorIteratorBase &)::[lambda() (instance 2)]::operator ()() const::[lambda() (instance 2)]::operator ()() const::[lambda(float, float) (instance 1)]>, std::array<char *, (unsigned long)3>, (int)4, TrivialOffsetCalculator<(int)2, unsigned int>, TrivialOffsetCalculator<(int)1, unsigned int>, at::native::memory::LoadWithCast<(int)2>, at::native::memory::StoreWithCast<(int)1>>(int, T1, T2, T4, T5, T6, T7)"
:stage.process:model.layers.1.self_attn.o_proj,PushPop,1950204,1953352,1,256,1073409,4193.0,4064.0,3904,4608,257.5,"void at::native::elementwise_kernel<(int)128, (int)4, void at::native::gpu_kernel_impl_nocast<at::native::direct_copy_kernel_cuda(at::TensorIteratorBase &)::[lambda() (instance 3)]::operator ()() const::[lambda() (instance 10)]::operator ()() const::[lambda(c10::Half) (instance 1)]>(at::TensorIteratorBase &, const T1 &)::[lambda(int) (instance 1)]>(int, T3)"
:stage.process:model.layers.1.self_attn.o_proj,PushPop,1950204,1953352,1,779,1060836,1361.8,1376.0,1248,1984,73.0,"void <unnamed>::elementwise_kernel_with_index<int, at::native::arange_cuda_out(const c10::Scalar &, const c10::Scalar &, const c10::Scalar &, at::Tensor &)::[lambda() (instance 1)]::operator ()() const::[lambda() (instance 4)]::operator ()() const::[lambda(long) (instance 1)]>(T1, T2, function_traits<T2>::result_type *)"
:stage.process:model.layers.1.self_attn.o_proj,PushPop,1950204,1953352,1,32,953088,29784.0,29552.0,19808,40064,6923.5,ampere_sgemm_128x32_nt
:stage.process:model.layers.1.self_attn.o_proj,PushPop,1950204,1953352,1,263,933216,3548.3,3392.0,3104,9888,907.5,"void at::native::reduce_kernel<(int)512, (int)1, at::native::ReduceOp<bool, at::native::func_wrapper_t<bool, at::native::or_kernel_cuda(at::TensorIterator &)::[lambda() (instance 1)]::operator ()() const::[lambda() (instance 12)]::operator ()() const::[lambda(bool, bool) (instance 1)]>, unsigned int, bool, (int)4, (int)4>>(T3)"
:stage.process:model.layers.1.self_attn.o_proj,PushPop,1950204,1953352,1,43,855777,19901.8,19712.0,17696,23040,1584.2,ampere_sgemm_128x32_sliced1x4_nn
:stage.process:model.layers.1.self_attn.o_proj,PushPop,1950204,1953352,1,128,704706,5505.5,5472.0,5248,5888,131.2,"void at::native::unrolled_elementwise_kernel<at::native::CUDAFunctor_add<float>, std::array<char *, (unsigned long)3>, (int)4, TrivialOffsetCalculator<(int)2, unsigned int>, TrivialOffsetCalculator<(int)1, unsigned int>, at::native::memory::LoadWithCast<(int)2>, at::native::memory::StoreWithCast<(int)1>>(int, T1, T2, T4, T5, T6, T7)"
:stage.process:model.layers.1.self_attn.o_proj,PushPop,1950204,1953352,1,3,665857,221952.3,330241.0,5312,330304,187616.0,"void at::native::reduce_kernel<(int)512, (int)1, at::native::ReduceOp<long, at::native::func_wrapper_t<long, at::native::sum_functor<long, long, long>::operator ()(at::TensorIterator &)::[lambda(long, long) (instance 1)]>, unsigned int, long, (int)4, (int)4>>(T3)"
:stage.process:model.layers.1.self_attn.o_proj,PushPop,1950204,1953352,1,11,586753,53341.2,10144.0,3232,256673,100585.6,"void at::native::vectorized_elementwise_kernel<(int)2, at::native::AUnaryFunctor<long, long, long, at::native::BitwiseAndFunctor<long>>, std::array<char *, (unsigned long)2>>(int, T2, T3)"
:stage.process:model.layers.1.self_attn.o_proj,PushPop,1950204,1953352,1,4,556545,139136.3,141168.0,3744,270465,151535.7,"void at::native::elementwise_kernel<(int)128, (int)2, void at::native::gpu_kernel_impl_nocast<at::native::BinaryFunctor<long, long, long, at::native::lshift_kernel_cuda(at::TensorIteratorBase &)::[lambda() (instance 1)]::operator ()() const::[lambda() (instance 4)]::operator ()() const::[lambda(long, long) (instance 1)]>>(at::TensorIteratorBase &, const T1 &)::[lambda(int) (instance 1)]>(int, T3)"
:stage.process:model.layers.1.self_attn.o_proj,PushPop,1950204,1953352,1,4,535840,133960.0,133888.0,11104,256960,141714.3,"void at::native::elementwise_kernel<(int)128, (int)2, void at::native::gpu_kernel_impl_nocast<at::native::BinaryFunctor<long, long, long, at::native::rshift_kernel_cuda(at::TensorIteratorBase &)::[lambda() (instance 1)]::operator ()() const::[lambda() (instance 4)]::operator ()() const::[lambda(long, long) (instance 1)]>>(at::TensorIteratorBase &, const T1 &)::[lambda(int) (instance 1)]>(int, T3)"
:stage.process:model.layers.1.self_attn.o_proj,PushPop,1950204,1953352,1,113,506176,4479.4,3360.0,2848,15840,3458.7,"void cublasLt::splitKreduce_kernel<(int)32, (int)16, int, float, float, float, float, (bool)0, float, float, float, (bool)1, (bool)0, (bool)0, (bool)0>(cublasLt::cublasSplitKParams<T6>, const T4 *, const T10 *, T9 *, T5 *, const T6 *, const T6 *, const T11 *, const T4 *, T11 *, void *, long, T6 *, int *, T6 *, T6 *, const T6 *, const T6 *, const T6 *, const T6 *, const T6 *)"
:stage.process:model.layers.1.self_attn.o_proj,PushPop,1950204,1953352,1,129,489408,3793.9,3776.0,3488,7072,294.9,"void at::native::elementwise_kernel<(int)128, (int)4, void at::native::gpu_kernel_impl_nocast<at::native::direct_copy_kernel_cuda(at::TensorIteratorBase &)::[lambda() (instance 3)]::operator ()() const::[lambda() (instance 1)]::operator ()() const::[lambda(unsigned char) (instance 1)]>(at::TensorIteratorBase &, const T1 &)::[lambda(int) (instance 1)]>(int, T3)"
:stage.process:model.layers.1.self_attn.o_proj,PushPop,1950204,1953352,1,3,470465,156821.7,225664.0,18304,226497,119960.5,"void at::native::index_elementwise_kernel<(int)128, (int)4, void at::native::gpu_index_kernel<void at::native::index_kernel_impl<at::native::OpaqueType<(int)8>>(at::TensorIteratorBase &, c10::ArrayRef<long>, c10::ArrayRef<long>)::[lambda(char *, const char *, long) (instance 1)]>(at::TensorIteratorBase &, c10::ArrayRef<long>, c10::ArrayRef<long>, const T1 &, bool)::[lambda(int) (instance 1)]>(long, T3)"
:stage.process:model.layers.1.self_attn.o_proj,PushPop,1950204,1953352,1,263,448384,1704.9,1696.0,1600,3744,265.4,"void at::native::vectorized_elementwise_kernel<(int)4, at::native::BinaryFunctor<bool, bool, bool, at::native::BitwiseOrFunctor<bool>>, std::array<char *, (unsigned long)3>>(int, T2, T3)"
:stage.process:model.layers.1.self_attn.o_proj,PushPop,1950204,1953352,1,16,328864,20554.0,20240.0,20000,21856,601.9,"void at::native::<unnamed>::CatArrayBatchedCopy<at::native::<unnamed>::OpaqueType<(unsigned int)4>, unsigned int, (int)2, (int)64, (int)64>(T1 *, at::native::<unnamed>::CatArrInputTensorMetadata<T1, T2, T4, T5>, at::native::<unnamed>::TensorSizeStride<T2, (unsigned int)4>, int, T2)"
:stage.process:model.layers.1.self_attn.o_proj,PushPop,1950204,1953352,1,132,308289,2335.5,1760.0,1664,22208,3395.5,"void at::native::vectorized_elementwise_kernel<(int)4, at::native::BinaryFunctor<long, long, bool, at::native::<unnamed>::CompareEqFunctor<long>>, std::array<char *, (unsigned long)3>>(int, T2, T3)"
:stage.process:model.layers.1.self_attn.o_proj,PushPop,1950204,1953352,1,128,280160,2188.8,2176.0,2176,2208,15.7,"void at::native::elementwise_kernel<(int)128, (int)2, void at::native::gpu_kernel_impl_nocast<at::native::BUnaryFunctor<long, long, long, at::native::rshift_kernel_cuda(at::TensorIteratorBase &)::[lambda() (instance 1)]::operator ()() const::[lambda() (instance 4)]::operator ()() const::[lambda(long, long) (instance 1)]>>(at::TensorIteratorBase &, const T1 &)::[lambda(int) (instance 1)]>(int, T3)"
:stage.process:model.layers.1.self_attn.o_proj,PushPop,1950204,1953352,1,17,234816,13812.7,14816.0,11136,15168,1358.2,ampere_sgemm_64x32_sliced1x4_nn
:stage.process:model.layers.1.self_attn.o_proj,PushPop,1950204,1953352,1,10,215072,21507.2,21504.0,21248,21792,195.8,"std::enable_if<!T7, void>::type internal::gemvx::kernel<int, int, float, float, float, float, (bool)0, (bool)1, (bool)1, (bool)0, (int)7, (bool)0, cublasGemvParamsEx<int, cublasGemvTensorStridedBatched<const float>, cublasGemvTensorStridedBatched<const float>, cublasGemvTensorStridedBatched<float>, float>>(T13)"
:stage.process:model.layers.1.self_attn.o_proj,PushPop,1950204,1953352,1,10,203552,20355.2,18288.0,3424,48224,11022.6,"void at::native::elementwise_kernel<(int)128, (int)2, void at::native::gpu_kernel_impl_nocast<at::native::BinaryFunctor<float, float, float, at::native::binary_internal::MulFunctor<float>>>(at::TensorIteratorBase &, const T1 &)::[lambda(int) (instance 1)]>(int, T3)"
:stage.process:model.layers.1.self_attn.o_proj,PushPop,1950204,1953352,1,9,177760,19751.1,19808.0,19200,20064,254.4,"void at::native::vectorized_elementwise_kernel<(int)4, at::native::BinaryFunctor<float, float, float, at::native::binary_internal::MulFunctor<float>>, std::array<char *, (unsigned long)3>>(int, T2, T3)"
:stage.process:model.layers.1.self_attn.o_proj,PushPop,1950204,1953352,1,16,171296,10706.0,10368.0,9248,12288,950.3,void cutlass::Kernel2<cutlass_80_simt_sgemm_128x32_8x5_nn_align1>(T1::Params)
:stage.process:model.layers.1.self_attn.o_proj,PushPop,1950204,1953352,1,3,140033,46677.7,45696.0,45344,48993,2012.8,"void at::native::triu_tril_kernel<float, int, (bool)0, (int)2, (bool)1>(at::cuda::detail::TensorInfo<T1, T2>, at::cuda::detail::TensorInfo<const T1, T2>, long, long, T2)"
:stage.process:model.layers.1.self_attn.o_proj,PushPop,1950204,1953352,1,6,132960,22160.0,22144.0,16288,28096,6420.9,"void trsm_batch_left_upper_kernel_small<float, (int)16, (int)16, (int)64>(cublasTrsmBatchParams<T1>, const T1 *const *, T1 *const *, const T1 *, T1)"
:stage.process:model.layers.1.self_attn.o_proj,PushPop,1950204,1953352,1,10,118624,11862.4,11632.0,11232,14144,837.7,"void at::native::reduce_kernel<(int)512, (int)1, at::native::ReduceOp<float, at::native::func_wrapper_t<float, at::native::sum_functor<float, float, float>::operator ()(at::TensorIterator &)::[lambda(float, float) (instance 1)]>, unsigned int, float, (int)4, (int)4>>(T3)"
:stage.process:model.layers.1.self_attn.o_proj,PushPop,1950204,1953352,1,14,107616,7686.9,7264.0,1344,21472,4571.6,"void at::native::vectorized_elementwise_kernel<(int)4, at::native::FillFunctor<float>, std::array<char *, (unsigned long)1>>(int, T2, T3)"
:stage.process:model.layers.1.self_attn.o_proj,PushPop,1950204,1953352,1,9,94305,10478.3,11392.0,1632,12032,3330.5,"void at::native::vectorized_elementwise_kernel<(int)4, at::native::BUnaryFunctor<float, float, float, at::native::binary_internal::MulFunctor<float>>, std::array<char *, (unsigned long)2>>(int, T2, T3)"
:stage.process:model.layers.1.self_attn.o_proj,PushPop,1950204,1953352,1,1,76608,76608.0,76608.0,76608,76608,0.0,"void at::native::<unnamed>::CatArrayBatchedCopy_alignedK_contig<at::native::<unnamed>::OpaqueType<(unsigned int)8>, unsigned int, (int)3, (int)128, (int)1, (int)16>(T1 *, at::native::<unnamed>::CatArrInputTensorMetadata<T1, T2, T4, T5>, at::native::<unnamed>::TensorSizeStride<T2, (unsigned int)4>, int, T2)"
:stage.process:model.layers.1.self_attn.o_proj,PushPop,1950204,1953352,1,10,72896,7289.6,7232.0,3872,10752,2062.9,"void at::native::reduce_kernel<(int)512, (int)1, at::native::ReduceOp<float, at::native::MeanOps<float, float, float, float>, unsigned int, float, (int)4, (int)4>>(T3)"
:stage.process:model.layers.1.self_attn.o_proj,PushPop,1950204,1953352,1,3,54080,18026.7,16704.0,16704,20672,2290.9,"void at::native::vectorized_elementwise_kernel<(int)2, at::native::BinaryFunctor<long, long, long, at::native::BitwiseXorFunctor<long>>, std::array<char *, (unsigned long)3>>(int, T2, T3)"
:stage.process:model.layers.1.self_attn.o_proj,PushPop,1950204,1953352,1,4,41696,10424.0,10448.0,10272,10528,108.9,"void at::native::vectorized_elementwise_kernel<(int)2, at::native::BUnaryFunctor<long, long, long, at::native::rshift_kernel_cuda(at::TensorIteratorBase &)::[lambda() (instance 1)]::operator ()() const::[lambda() (instance 4)]::operator ()() const::[lambda(long, long) (instance 1)]>, std::array<char *, (unsigned long)2>>(int, T2, T3)"
:stage.process:model.layers.1.self_attn.o_proj,PushPop,1950204,1953352,1,10,40864,4086.4,4128.0,3360,4672,466.2,"void at::native::elementwise_kernel<(int)128, (int)2, void at::native::gpu_kernel_impl_nocast<at::native::CUDAFunctorOnSelf_add<float>>(at::TensorIteratorBase &, const T1 &)::[lambda(int) (instance 1)]>(int, T3)"
:stage.process:model.layers.1.self_attn.o_proj,PushPop,1950204,1953352,1,2,38048,19024.0,19024.0,18784,19264,339.4,"void at::native::vectorized_elementwise_kernel<(int)2, at::native::BinaryFunctor<long, long, long, at::native::BitwiseOrFunctor<long>>, std::array<char *, (unsigned long)3>>(int, T2, T3)"
:stage.process:model.layers.1.self_attn.o_proj,PushPop,1950204,1953352,1,6,29696,4949.3,1712.0,1472,11680,5140.4,"void at::native::vectorized_elementwise_kernel<(int)4, at::native::AUnaryFunctor<float, float, float, at::native::binary_internal::MulFunctor<float>>, std::array<char *, (unsigned long)2>>(int, T2, T3)"
:stage.process:model.layers.1.self_attn.o_proj,PushPop,1950204,1953352,1,12,24992,2082.7,2208.0,1824,2368,201.7,"void at::native::vectorized_elementwise_kernel<(int)4, at::native::<unnamed>::CompareFunctor<float>, std::array<char *, (unsigned long)3>>(int, T2, T3)"
:stage.process:model.layers.1.self_attn.o_proj,PushPop,1950204,1953352,1,3,20256,6752.0,8160.0,3776,8320,2578.5,"void at::native::unrolled_elementwise_kernel<at::native::direct_copy_kernel_cuda(at::TensorIteratorBase &)::[lambda() (instance 3)]::operator ()() const::[lambda() (instance 3)]::operator ()() const::[lambda(int) (instance 1)], std::array<char *, (unsigned long)2>, (int)4, TrivialOffsetCalculator<(int)1, unsigned int>, TrivialOffsetCalculator<(int)1, unsigned int>, at::native::memory::LoadWithCast<(int)1>, at::native::memory::StoreWithCast<(int)1>>(int, T1, T2, T4, T5, T6, T7)"
:stage.process:model.layers.1.self_attn.o_proj,PushPop,1950204,1953352,1,2,20160,10080.0,10080.0,9984,10176,135.8,"void at::native::vectorized_elementwise_kernel<(int)2, at::native::BUnaryFunctor<long, long, long, at::native::lshift_kernel_cuda(at::TensorIteratorBase &)::[lambda() (instance 1)]::operator ()() const::[lambda() (instance 4)]::operator ()() const::[lambda(long, long) (instance 1)]>, std::array<char *, (unsigned long)2>>(int, T2, T3)"
:stage.process:model.layers.1.self_attn.o_proj,PushPop,1950204,1953352,1,1,19520,19520.0,19520.0,19520,19520,0.0,"void at::native::elementwise_kernel<(int)128, (int)2, void at::native::gpu_kernel_impl_nocast<at::native::BinaryFunctor<float, float, float, at::native::binary_internal::DivFunctor<float>>>(at::TensorIteratorBase &, const T1 &)::[lambda(int) (instance 1)]>(int, T3)"
:stage.process:model.layers.1.self_attn.o_proj,PushPop,1950204,1953352,1,6,18560,3093.3,1712.0,1600,10080,3423.2,"void at::native::vectorized_elementwise_kernel<(int)2, at::native::AUnaryFunctor<long, long, long, at::native::binary_internal::MulFunctor<long>>, std::array<char *, (unsigned long)2>>(int, T2, T3)"
:stage.process:model.layers.1.self_attn.o_proj,PushPop,1950204,1953352,1,5,17312,3462.4,1792.0,1600,10464,3915.2,"void at::native::vectorized_elementwise_kernel<(int)2, at::native::CUDAFunctorOnSelf_add<long>, std::array<char *, (unsigned long)2>>(int, T2, T3)"
:stage.process:model.layers.1.self_attn.o_proj,PushPop,1950204,1953352,1,1,16416,16416.0,16416.0,16416,16416,0.0,"void at::native::vectorized_elementwise_kernel<(int)4, void at::native::<unnamed>::pow_tensor_scalar_kernel_impl<float, float>(at::TensorIteratorBase &, T2)::[lambda(float) (instance 1)], std::array<char *, (unsigned long)2>>(int, T2, T3)"
:stage.process:model.layers.1.self_attn.o_proj,PushPop,1950204,1953352,1,4,14368,3592.0,3568.0,3392,3840,234.2,"void at::native::vectorized_elementwise_kernel<(int)2, at::native::BUnaryFunctor<long, long, long, at::native::remainder_kernel_cuda(at::TensorIteratorBase &)::[lambda() (instance 1)]::operator ()() const::[lambda() (instance 4)]::operator ()() const::[lambda(long, long) (instance 1)]>, std::array<char *, (unsigned long)2>>(int, T2, T3)"
:stage.process:model.layers.1.self_attn.o_proj,PushPop,1950204,1953352,1,3,13472,4490.7,4480.0,4192,4800,304.1,"void at::native::elementwise_kernel<(int)128, (int)2, void at::native::gpu_kernel_impl_nocast<at::native::direct_copy_kernel_cuda(at::TensorIteratorBase &)::[lambda() (instance 3)]::operator ()() const::[lambda() (instance 3)]::operator ()() const::[lambda(int) (instance 1)]>(at::TensorIteratorBase &, const T1 &)::[lambda(int) (instance 1)]>(int, T3)"
:stage.process:model.layers.1.self_attn.o_proj,PushPop,1950204,1953352,1,8,12448,1556.0,1536.0,1536,1664,45.1,"void at::native::unrolled_elementwise_kernel<at::native::AUnaryFunctor<long, long, long, at::native::BitwiseAndFunctor<long>>, std::array<char *, (unsigned long)2>, (int)4, TrivialOffsetCalculator<(int)1, unsigned int>, TrivialOffsetCalculator<(int)1, unsigned int>, at::native::memory::LoadWithoutCast, at::native::memory::StoreWithoutCast>(int, T1, T2, T4, T5, T6, T7)"
:stage.process:model.layers.1.self_attn.o_proj,PushPop,1950204,1953352,1,1,11488,11488.0,11488.0,11488,11488,0.0,"void at::native::reduce_kernel<(int)128, (int)4, at::native::ReduceOp<long, at::native::func_wrapper_t<long, at::native::sum_functor<long, long, long>::operator ()(at::TensorIterator &)::[lambda(long, long) (instance 1)]>, unsigned int, long, (int)4, (int)4>>(T3)"
:stage.process:model.layers.1.self_attn.o_proj,PushPop,1950204,1953352,1,6,11456,1909.3,1904.0,1888,1952,26.1,"void at::native::vectorized_elementwise_kernel<(int)4, at::native::FillFunctor<unsigned char>, std::array<char *, (unsigned long)1>>(int, T2, T3)"
:stage.process:model.layers.1.self_attn.o_proj,PushPop,1950204,1953352,1,1,11424,11424.0,11424.0,11424,11424,0.0,"void at::native::vectorized_elementwise_kernel<(int)4, at::native::float16_copy_kernel_cuda(at::TensorIteratorBase &)::[lambda(float) (instance 1)], std::array<char *, (unsigned long)2>>(int, T2, T3)"
:stage.process:model.layers.1.self_attn.o_proj,PushPop,1950204,1953352,1,3,10400,3466.7,3616.0,3168,3616,258.7,"void at::native::unrolled_elementwise_kernel<at::native::direct_copy_kernel_cuda(at::TensorIteratorBase &)::[lambda() (instance 3)]::operator ()() const::[lambda() (instance 1)]::operator ()() const::[lambda(unsigned char) (instance 1)], std::array<char *, (unsigned long)2>, (int)4, TrivialOffsetCalculator<(int)1, unsigned int>, TrivialOffsetCalculator<(int)1, unsigned int>, at::native::memory::LoadWithCast<(int)1>, at::native::memory::StoreWithCast<(int)1>>(int, T1, T2, T4, T5, T6, T7)"
:stage.process:model.layers.1.self_attn.o_proj,PushPop,1950204,1953352,1,1,9120,9120.0,9120.0,9120,9120,0.0,ampere_sgemm_32x32_sliced1x4_nn
:stage.process:model.layers.1.self_attn.o_proj,PushPop,1950204,1953352,1,4,8224,2056.0,2016.0,1984,2208,105.7,"void at::native::vectorized_elementwise_kernel<(int)4, at::native::FillFunctor<bool>, std::array<char *, (unsigned long)1>>(int, T2, T3)"
:stage.process:model.layers.1.self_attn.o_proj,PushPop,1950204,1953352,1,3,7968,2656.0,2624.0,2592,2752,84.7,"void at::native::vectorized_elementwise_kernel<(int)4, at::native::AUnaryFunctor<unsigned char, unsigned char, bool, at::native::<unnamed>::CompareEqFunctor<unsigned char>>, std::array<char *, (unsigned long)2>>(int, T2, T3)"
:stage.process:model.layers.1.self_attn.o_proj,PushPop,1950204,1953352,1,4,7872,1968.0,1968.0,1920,2016,41.3,"void at::native::vectorized_elementwise_kernel<(int)4, void at::native::compare_scalar_kernel<c10::Half>(at::TensorIteratorBase &, at::native::<unnamed>::OpType, T1)::[lambda(c10::Half) (instance 1)], std::array<char *, (unsigned long)2>>(int, T2, T3)"
:stage.process:model.layers.1.self_attn.o_proj,PushPop,1950204,1953352,1,2,7552,3776.0,3776.0,3744,3808,45.3,"void at::native::vectorized_elementwise_kernel<(int)2, at::native::BUnaryFunctor<long, long, long, at::native::binary_internal::div_floor_kernel_cuda(at::TensorIteratorBase &)::[lambda() (instance 1)]::operator ()() const::[lambda() (instance 4)]::operator ()() const::[lambda(long, long) (instance 1)]>, std::array<char *, (unsigned long)2>>(int, T2, T3)"
:stage.process:model.layers.1.self_attn.o_proj,PushPop,1950204,1953352,1,2,6592,3296.0,3296.0,3232,3360,90.5,"void at::native::elementwise_kernel<(int)128, (int)2, void at::native::gpu_kernel_impl_nocast<at::native::AbsFunctor<float>>(at::TensorIteratorBase &, const T1 &)::[lambda(int) (instance 1)]>(int, T3)"
:stage.process:model.layers.1.self_attn.o_proj,PushPop,1950204,1953352,1,2,6145,3072.5,3072.5,3072,3073,0.7,"void at::native::elementwise_kernel<(int)128, (int)2, void at::native::gpu_kernel_impl_nocast<at::native::CUDAFunctor_add<long>>(at::TensorIteratorBase &, const T1 &)::[lambda(int) (instance 1)]>(int, T3)"
:stage.process:model.layers.1.self_attn.o_proj,PushPop,1950204,1953352,1,3,5760,1920.0,1952.0,1664,2144,241.6,"void at::native::vectorized_elementwise_kernel<(int)4, at::native::BinaryFunctor<float, float, float, at::native::maximum_kernel_cuda(at::TensorIteratorBase &)::[lambda() (instance 2)]::operator ()() const::[lambda() (instance 2)]::operator ()() const::[lambda(float, float) (instance 1)]>, std::array<char *, (unsigned long)3>>(int, T2, T3)"
:stage.process:model.layers.1.self_attn.o_proj,PushPop,1950204,1953352,1,2,4736,2368.0,2368.0,2368,2368,0.0,"void at::native::vectorized_elementwise_kernel<(int)2, at::native::CUDAFunctorOnOther_add<long>, std::array<char *, (unsigned long)2>>(int, T2, T3)"
:stage.process:model.layers.1.self_attn.o_proj,PushPop,1950204,1953352,1,3,4736,1578.7,1568.0,1536,1632,48.9,"xxtrf4_set_info_ker(int, int *)"
:stage.process:model.layers.1.self_attn.o_proj,PushPop,1950204,1953352,1,1,4672,4672.0,4672.0,4672,4672,0.0,"void at::native::<unnamed>::CatArrayBatchedCopy_vectorized<at::native::<unnamed>::OpaqueType<(unsigned int)2>, unsigned int, (int)1, (int)128, (int)1, (int)16, (int)8>(char *, at::native::<unnamed>::CatArrInputTensorMetadata<T1, T2, T4, T5>, at::native::<unnamed>::TensorSizeStride<T2, (unsigned int)4>, int, T2)"
:stage.process:model.layers.1.self_attn.o_proj,PushPop,1950204,1953352,1,1,3648,3648.0,3648.0,3648,3648,0.0,"void at::native::vectorized_elementwise_kernel<(int)4, at::native::AUnaryFunctor<unsigned char, unsigned char, unsigned char, at::native::binary_internal::MulFunctor<unsigned char>>, std::array<char *, (unsigned long)2>>(int, T2, T3)"
:stage.process:model.layers.1.self_attn.o_proj,PushPop,1950204,1953352,1,1,2752,2752.0,2752.0,2752,2752,0.0,"void at::native::vectorized_elementwise_kernel<(int)4, at::native::BinaryFunctor<unsigned char, unsigned char, bool, at::native::<unnamed>::CompareEqFunctor<unsigned char>>, std::array<char *, (unsigned long)3>>(int, T2, T3)"
:stage.process:model.layers.1.self_attn.o_proj,PushPop,1950204,1953352,1,1,2304,2304.0,2304.0,2304,2304,0.0,"void at::native::unrolled_elementwise_kernel<at::native::direct_copy_kernel_cuda(at::TensorIteratorBase &)::[lambda() (instance 3)]::operator ()() const::[lambda() (instance 11)]::operator ()() const::[lambda(bool) (instance 1)], std::array<char *, (unsigned long)2>, (int)4, TrivialOffsetCalculator<(int)1, unsigned int>, TrivialOffsetCalculator<(int)1, unsigned int>, at::native::memory::LoadWithCast<(int)1>, at::native::memory::StoreWithCast<(int)1>>(int, T1, T2, T4, T5, T6, T7)"
:stage.process:model.layers.1.self_attn.o_proj,PushPop,1950204,1953352,1,1,2144,2144.0,2144.0,2144,2144,0.0,"void at::native::vectorized_elementwise_kernel<(int)4, at::native::sqrt_kernel_cuda(at::TensorIteratorBase &)::[lambda() (instance 2)]::operator ()() const::[lambda() (instance 2)]::operator ()() const::[lambda(float) (instance 1)], std::array<char *, (unsigned long)2>>(int, T2, T3)"
:stage.process:model.layers.1.self_attn.o_proj,PushPop,1950204,1953352,1,1,2048,2048.0,2048.0,2048,2048,0.0,"void at::native::unrolled_elementwise_kernel<at::native::<unnamed>::CompareFunctor<c10::Half>, std::array<char *, (unsigned long)3>, (int)4, TrivialOffsetCalculator<(int)2, unsigned int>, TrivialOffsetCalculator<(int)1, unsigned int>, at::native::memory::LoadWithoutCast, at::native::memory::StoreWithoutCast>(int, T1, T2, T4, T5, T6, T7)"
:stage.process:model.layers.1.self_attn.o_proj,PushPop,1950204,1953352,1,1,1760,1760.0,1760.0,1760,1760,0.0,"void at::native::vectorized_elementwise_kernel<(int)4, at::native::<unnamed>::launch_clamp_scalar(at::TensorIteratorBase &, c10::Scalar, c10::Scalar, at::native::detail::ClampLimits)::[lambda() (instance 1)]::operator ()() const::[lambda() (instance 7)]::operator ()() const::[lambda(float) (instance 1)], std::array<char *, (unsigned long)2>>(int, T2, T3)"
:stage.process:model.layers.1.self_attn.q_proj,PushPop,1950204,1953352,1,14288,5100909925,357006.6,280257.0,132288,1161698,320768.5,"void <unnamed>::qvq_v2_segment_grid_kernel<(int)4, (int)2, (int)16, (bool)1, (bool)0, __half, unsigned char>(const float *, const T6 *, const float *, const long *, const float *, const float *, float *, T7 *, unsigned char *, int, int, int, bool, bool)"
:stage.process:model.layers.1.self_attn.q_proj,PushPop,1950204,1953352,1,766,1442548852,1883223.0,1424674.5,1353507,2848837,652147.4,"void <unnamed>::qvq_viterbi_kernel<(int)4, (int)2, __half, unsigned char>(const float *, const T3 *, const float *, const long *, const float *, T4 *, long *, float *, int, int, int, bool, bool, bool)"
:stage.process:model.layers.1.self_attn.q_proj,PushPop,1950204,1953352,1,694,409292081,589758.0,584513.0,307745,893665,170032.5,ampere_sgemm_64x32_sliced1x4_nt
:stage.process:model.layers.1.self_attn.q_proj,PushPop,1950204,1953352,1,1786,217802851,121950.1,95456.0,66304,304609,73006.9,"void <unnamed>::qvq_v2_segment_grid_finalize_kernel<(int)4, (int)2, (int)16, (bool)0, __half, unsigned char>(const float *, const T5 *, const float *, const long *, const float *, const float *, const T6 *, const unsigned char *, long *, unsigned char *, float *, int, int, bool, bool)"
:stage.process:model.layers.1.self_attn.q_proj,PushPop,1950204,1953352,1,4080,72315492,17724.4,8320.0,4416,52000,13634.3,"void at::native::index_elementwise_kernel<(int)128, (int)4, void at::native::gpu_index_kernel<void at::native::index_kernel_impl<at::native::OpaqueType<(int)4>>(at::TensorIteratorBase &, c10::ArrayRef<long>, c10::ArrayRef<long>)::[lambda(char *, const char *, long) (instance 1)]>(at::TensorIteratorBase &, c10::ArrayRef<long>, c10::ArrayRef<long>, const T1 &, bool)::[lambda(int) (instance 1)]>(long, T3)"
:stage.process:model.layers.1.self_attn.q_proj,PushPop,1950204,1953352,1,288,51223657,177859.9,177936.5,59136,300288,70206.2,void cutlass::Kernel2<cutlass_80_simt_sgemm_128x32_8x5_nt_align1>(T1::Params)
:stage.process:model.layers.1.self_attn.q_proj,PushPop,1950204,1953352,1,996,30282328,30403.9,30192.0,4352,61185,16155.4,"void gemmSN_NN_kernel<float, (int)128, (int)2, (int)4, (int)8, (int)4, (int)4, (bool)0, cublasGemvTensorStridedBatched<const float>, cublasGemvTensorStridedBatched<const float>, cublasGemvTensorStridedBatched<float>>(cublasGemmSmallNParams<T9, T10, T11, T1>)"
:stage.process:model.layers.1.self_attn.q_proj,PushPop,1950204,1953352,1,50,20889540,417790.8,21136.0,15904,887009,420014.5,ampere_sgemm_128x32_nn
:stage.process:model.layers.1.self_attn.q_proj,PushPop,1950204,1953352,1,2964,18864515,6364.5,6976.0,2624,11776,1766.4,"void at::native::reduce_kernel<(int)512, (int)1, at::native::ReduceOp<bool, at::native::func_wrapper_t<bool, at::native::and_kernel_cuda(at::TensorIterator &)::[lambda() (instance 1)]::operator ()() const::[lambda() (instance 12)]::operator ()() const::[lambda(bool, bool) (instance 1)]>, unsigned int, bool, (int)4, (int)4>>(T3)"
:stage.process:model.layers.1.self_attn.q_proj,PushPop,1950204,1953352,1,2040,13559952,6647.0,6688.0,3456,7360,391.1,"void at::native::index_elementwise_kernel<(int)128, (int)4, void at::native::gpu_index_kernel<void at::native::index_put_kernel_impl<at::native::OpaqueType<(int)4>>(at::TensorIterator &, c10::ArrayRef<long>, c10::ArrayRef<long>)::[lambda(char *, const char *, long) (instance 1)]>(at::TensorIteratorBase &, c10::ArrayRef<long>, c10::ArrayRef<long>, const T1 &, bool)::[lambda(int) (instance 1)]>(long, T3)"
:stage.process:model.layers.1.self_attn.q_proj,PushPop,1950204,1953352,1,1405,13415095,9548.1,9568.0,4480,33664,1557.1,"void at::native::index_elementwise_kernel<(int)128, (int)4, void at::native::gpu_index_kernel<void at::native::index_kernel_impl<at::native::OpaqueType<(int)2>>(at::TensorIteratorBase &, c10::ArrayRef<long>, c10::ArrayRef<long>)::[lambda(char *, const char *, long) (instance 1)]>(at::TensorIteratorBase &, c10::ArrayRef<long>, c10::ArrayRef<long>, const T1 &, bool)::[lambda(int) (instance 1)]>(long, T3)"
:stage.process:model.layers.1.self_attn.q_proj,PushPop,1950204,1953352,1,1788,11789329,6593.6,7168.0,3264,8864,1274.0,"void at::native::reduce_kernel<(int)512, (int)1, at::native::ReduceOp<float, at::native::func_wrapper_t<float, at::native::MaxNanFunctor<float>>, unsigned int, float, (int)4, (int)4>>(T3)"
:stage.process:model.layers.1.self_attn.q_proj,PushPop,1950204,1953352,1,2241,8812982,3932.6,3232.0,2144,55168,4907.3,"void at::native::elementwise_kernel<(int)128, (int)2, void at::native::gpu_kernel_impl_nocast<at::native::direct_copy_kernel_cuda(at::TensorIteratorBase &)::[lambda() (instance 3)]::operator ()() const::[lambda() (instance 7)]::operator ()() const::[lambda(float) (instance 1)]>(at::TensorIteratorBase &, const T1 &)::[lambda(int) (instance 1)]>(int, T3)"
:stage.process:model.layers.1.self_attn.q_proj,PushPop,1950204,1953352,1,3611,7803022,2160.9,2048.0,1536,18528,829.3,"void at::native::vectorized_elementwise_kernel<(int)4, at::native::AbsFunctor<float>, std::array<char *, (unsigned long)2>>(int, T2, T3)"
:stage.process:model.layers.1.self_attn.q_proj,PushPop,1950204,1953352,1,2552,7436205,2913.9,2848.0,2176,5056,567.2,"<unnamed>::qvq_half2_codebook_norm_pack_kernel(const __half *, unsigned long *, int)"
:stage.process:model.layers.1.self_attn.q_proj,PushPop,1950204,1953352,1,1020,7007563,6870.2,6944.0,3424,7392,476.4,"void at::native::index_elementwise_kernel<(int)128, (int)4, void at::native::gpu_index_kernel<void at::native::index_put_kernel_impl<at::native::OpaqueType<(int)8>>(at::TensorIterator &, c10::ArrayRef<long>, c10::ArrayRef<long>)::[lambda(char *, const char *, long) (instance 1)]>(at::TensorIteratorBase &, c10::ArrayRef<long>, c10::ArrayRef<long>, const T1 &, bool)::[lambda(int) (instance 1)]>(long, T3)"
:stage.process:model.layers.1.self_attn.q_proj,PushPop,1950204,1953352,1,772,6165669,7986.6,8000.0,7680,9280,137.2,"void at::native::reduce_kernel<(int)512, (int)1, at::native::ReduceOp<c10::Half, at::native::func_wrapper_t<c10::Half, at::native::MaxNanFunctor<c10::Half>>, unsigned int, c10::Half, (int)4, (int)4>>(T3)"
:stage.process:model.layers.1.self_attn.q_proj,PushPop,1950204,1953352,1,2593,5597126,2158.6,2112.0,1632,6432,307.4,"void at::native::vectorized_elementwise_kernel<(int)4, at::native::BinaryFunctor<bool, bool, bool, at::native::binary_internal::MulFunctor<bool>>, std::array<char *, (unsigned long)3>>(int, T2, T3)"
:stage.process:model.layers.1.self_attn.q_proj,PushPop,1950204,1953352,1,177,5535014,31271.3,27264.0,3872,72449,22561.5,"void gemmSN_NN_kernel<float, (int)256, (int)4, (int)2, (int)8, (int)4, (int)4, (bool)0, cublasGemvTensorStridedBatched<const float>, cublasGemvTensorStridedBatched<const float>, cublasGemvTensorStridedBatched<float>>(cublasGemmSmallNParams<T9, T10, T11, T1>)"
:stage.process:model.layers.1.self_attn.q_proj,PushPop,1950204,1953352,1,1285,5316200,4137.1,4096.0,2784,19008,609.7,"void at::native::unrolled_elementwise_kernel<at::native::direct_copy_kernel_cuda(at::TensorIteratorBase &)::[lambda() (instance 3)]::operator ()() const::[lambda() (instance 7)]::operator ()() const::[lambda(float) (instance 1)], std::array<char *, (unsigned long)2>, (int)4, TrivialOffsetCalculator<(int)1, unsigned int>, TrivialOffsetCalculator<(int)1, unsigned int>, at::native::memory::LoadWithCast<(int)1>, at::native::memory::StoreWithCast<(int)1>>(int, T1, T2, T4, T5, T6, T7)"
:stage.process:model.layers.1.self_attn.q_proj,PushPop,1950204,1953352,1,765,4851624,6342.0,6784.0,3328,8448,1233.0,"void at::native::index_elementwise_kernel<(int)128, (int)4, void at::native::gpu_index_kernel<void at::native::index_put_kernel_impl<at::native::OpaqueType<(int)1>>(at::TensorIterator &, c10::ArrayRef<long>, c10::ArrayRef<long>)::[lambda(char *, const char *, long) (instance 1)]>(at::TensorIteratorBase &, c10::ArrayRef<long>, c10::ArrayRef<long>, const T1 &, bool)::[lambda(int) (instance 1)]>(long, T3)"
:stage.process:model.layers.1.self_attn.q_proj,PushPop,1950204,1953352,1,5,4730216,946043.2,934017.0,933346,994146,26897.8,ampere_sgemm_128x32_tn
:stage.process:model.layers.1.self_attn.q_proj,PushPop,1950204,1953352,1,1824,4004008,2195.2,2112.0,1472,16832,963.6,"void at::native::vectorized_elementwise_kernel<(int)4, at::native::BinaryFunctor<float, float, bool, at::native::<unnamed>::CompareEqFunctor<float>>, std::array<char *, (unsigned long)3>>(int, T2, T3)"
:stage.process:model.layers.1.self_attn.q_proj,PushPop,1950204,1953352,1,1823,3877766,2127.1,2080.0,1504,6368,349.5,"void at::native::vectorized_elementwise_kernel<(int)4, at::native::AUnaryFunctor<float, float, bool, at::native::<unnamed>::CompareEqFunctor<float>>, std::array<char *, (unsigned long)2>>(int, T2, T3)"
:stage.process:model.layers.1.self_attn.q_proj,PushPop,1950204,1953352,1,2044,3874565,1895.6,1888.0,1536,2304,126.1,"void at::native::vectorized_elementwise_kernel<(int)4, at::native::BinaryFunctor<bool, bool, bool, at::native::logical_or_kernel_cuda(at::TensorIterator &)::[lambda() (instance 2)]::operator ()() const::[lambda() (instance 9)]::operator ()() const::[lambda(bool, bool) (instance 1)]>, std::array<char *, (unsigned long)3>>(int, T2, T3)"
:stage.process:model.layers.1.self_attn.q_proj,PushPop,1950204,1953352,1,1150,3714948,3230.4,3168.0,1856,24192,665.9,"void at::native::elementwise_kernel<(int)128, (int)2, void at::native::gpu_kernel_impl_nocast<at::native::direct_copy_kernel_cuda(at::TensorIteratorBase &)::[lambda() (instance 3)]::operator ()() const::[lambda() (instance 4)]::operator ()() const::[lambda(long) (instance 1)]>(at::TensorIteratorBase &, const T1 &)::[lambda(int) (instance 1)]>(int, T3)"
:stage.process:model.layers.1.self_attn.q_proj,PushPop,1950204,1953352,1,1542,3426534,2222.1,2144.0,1632,3040,189.2,"void at::native::vectorized_elementwise_kernel<(int)4, at::native::AbsFunctor<c10::Half>, std::array<char *, (unsigned long)2>>(int, T2, T3)"
:stage.process:model.layers.1.self_attn.q_proj,PushPop,1950204,1953352,1,429,3272546,7628.3,4416.0,3168,45760,4766.0,"void at::native::elementwise_kernel<(int)128, (int)2, void at::native::gpu_kernel_impl_nocast<at::native::CUDAFunctor_add<float>>(at::TensorIteratorBase &, const T1 &)::[lambda(int) (instance 1)]>(int, T3)"
:stage.process:model.layers.1.self_attn.q_proj,PushPop,1950204,1953352,1,1276,3270822,2563.3,2496.0,1856,3360,237.8,"void at::native::roll_cuda_kernel<float>(const T1 *, T1 *, long, long, long, long, long, long)"
:stage.process:model.layers.1.self_attn.q_proj,PushPop,1950204,1953352,1,1176,3173635,2698.7,2240.0,1600,27424,2981.1,"void at::native::vectorized_elementwise_kernel<(int)4, at::native::CUDAFunctor_add<float>, std::array<char *, (unsigned long)3>>(int, T2, T3)"
:stage.process:model.layers.1.self_attn.q_proj,PushPop,1950204,1953352,1,1268,3167523,2498.0,2368.0,1824,3456,389.3,"void at::native::elementwise_kernel<(int)128, (int)2, void at::native::gpu_kernel_impl_nocast<at::native::AUnaryFunctor<long, long, long, at::native::BitwiseAndFunctor<long>>>(at::TensorIteratorBase &, const T1 &)::[lambda(int) (instance 1)]>(int, T3)"
:stage.process:model.layers.1.self_attn.q_proj,PushPop,1950204,1953352,1,378,3097315,8194.0,8224.0,7840,8320,78.2,"void batch_trsm_left_kernel<float, (int)64, (int)4, (int)3, (bool)0, (bool)0, (bool)1>(cublasTrsmBatchParams2<T1>, T1, const T1 *, int)"
:stage.process:model.layers.1.self_attn.q_proj,PushPop,1950204,1953352,1,901,2777414,3082.6,3104.0,1920,11616,618.6,"void at::native::unrolled_elementwise_kernel<at::native::direct_copy_kernel_cuda(at::TensorIteratorBase &)::[lambda() (instance 3)]::operator ()() const::[lambda() (instance 4)]::operator ()() const::[lambda(long) (instance 1)], std::array<char *, (unsigned long)2>, (int)4, TrivialOffsetCalculator<(int)1, unsigned int>, TrivialOffsetCalculator<(int)1, unsigned int>, at::native::memory::LoadWithCast<(int)1>, at::native::memory::StoreWithCast<(int)1>>(int, T1, T2, T4, T5, T6, T7)"
:stage.process:model.layers.1.self_attn.q_proj,PushPop,1950204,1953352,1,3,2774437,924812.3,924482.0,923618,926337,1389.3,"void kernel<getrf_wo_pivot_params_<float, (int)0, (int)256, (int)1, (int)64, (int)64, (int)68, (int)8, (int)1, (int)1>>(int, int, void *, int, void *, int, int, int, int, int, int *)"
:stage.process:model.layers.1.self_attn.q_proj,PushPop,1950204,1953352,1,1534,2691878,1754.8,1728.0,1536,2272,110.7,"void at::native::vectorized_elementwise_kernel<(int)4, void at::native::compare_scalar_kernel<float>(at::TensorIteratorBase &, at::native::<unnamed>::OpType, T1)::[lambda(float) (instance 1)], std::array<char *, (unsigned long)2>>(int, T2, T3)"
:stage.process:model.layers.1.self_attn.q_proj,PushPop,1950204,1953352,1,400,2327972,5819.9,4032.0,3968,53888,8857.9,ampere_sgemm_32x128_nt
:stage.process:model.layers.1.self_attn.q_proj,PushPop,1950204,1953352,1,1020,2039748,1999.8,2016.0,1632,2368,124.9,"void at::native::vectorized_elementwise_kernel<(int)4, at::native::bitwise_not_kernel_cuda(at::TensorIteratorBase &)::[lambda(bool) (instance 1)], std::array<char *, (unsigned long)2>>(int, T2, T3)"
:stage.process:model.layers.1.self_attn.q_proj,PushPop,1950204,1953352,1,770,1749058,2271.5,2272.0,1760,2336,42.1,"void at::native::vectorized_elementwise_kernel<(int)4, at::native::BinaryFunctor<c10::Half, c10::Half, bool, at::native::<unnamed>::CompareEqFunctor<c10::Half>>, std::array<char *, (unsigned long)3>>(int, T2, T3)"
:stage.process:model.layers.1.self_attn.q_proj,PushPop,1950204,1953352,1,770,1735203,2253.5,2240.0,1760,2336,40.6,"void at::native::vectorized_elementwise_kernel<(int)4, at::native::AUnaryFunctor<c10::Half, c10::Half, bool, at::native::<unnamed>::CompareEqFunctor<c10::Half>>, std::array<char *, (unsigned long)2>>(int, T2, T3)"
:stage.process:model.layers.1.self_attn.q_proj,PushPop,1950204,1953352,1,1022,1492612,1460.5,1440.0,1312,7424,258.5,"void at::native::vectorized_elementwise_kernel<(int)2, at::native::FillFunctor<long>, std::array<char *, (unsigned long)1>>(int, T2, T3)"
:stage.process:model.layers.1.self_attn.q_proj,PushPop,1950204,1953352,1,782,1447107,1850.5,1792.0,1728,12000,542.2,"void at::native::vectorized_elementwise_kernel<(int)4, void at::native::compare_scalar_kernel<long>(at::TensorIteratorBase &, at::native::<unnamed>::OpType, T1)::[lambda(long) (instance 1)], std::array<char *, (unsigned long)2>>(int, T2, T3)"
:stage.process:model.layers.1.self_attn.q_proj,PushPop,1950204,1953352,1,512,1364003,2664.1,2624.0,2400,2976,150.7,"void at::native::unrolled_elementwise_kernel<at::native::BinaryFunctor<float, float, float, at::native::maximum_kernel_cuda(at::TensorIteratorBase &)::[lambda() (instance 2)]::operator ()() const::[lambda() (instance 2)]::operator ()() const::[lambda(float, float) (instance 1)]>, std::array<char *, (unsigned long)3>, (int)4, TrivialOffsetCalculator<(int)2, unsigned int>, TrivialOffsetCalculator<(int)1, unsigned int>, at::native::memory::LoadWithCast<(int)2>, at::native::memory::StoreWithCast<(int)1>>(int, T1, T2, T4, T5, T6, T7)"
:stage.process:model.layers.1.self_attn.q_proj,PushPop,1950204,1953352,1,256,1071969,4187.4,4080.5,3904,4576,262.4,"void at::native::elementwise_kernel<(int)128, (int)4, void at::native::gpu_kernel_impl_nocast<at::native::direct_copy_kernel_cuda(at::TensorIteratorBase &)::[lambda() (instance 3)]::operator ()() const::[lambda() (instance 10)]::operator ()() const::[lambda(c10::Half) (instance 1)]>(at::TensorIteratorBase &, const T1 &)::[lambda(int) (instance 1)]>(int, T3)"
:stage.process:model.layers.1.self_attn.q_proj,PushPop,1950204,1953352,1,779,1059524,1360.1,1376.0,1248,2113,73.2,"void <unnamed>::elementwise_kernel_with_index<int, at::native::arange_cuda_out(const c10::Scalar &, const c10::Scalar &, const c10::Scalar &, at::Tensor &)::[lambda() (instance 1)]::operator ()() const::[lambda() (instance 4)]::operator ()() const::[lambda(long) (instance 1)]>(T1, T2, function_traits<T2>::result_type *)"
:stage.process:model.layers.1.self_attn.q_proj,PushPop,1950204,1953352,1,32,929312,29041.0,28896.0,19776,38784,6812.4,ampere_sgemm_128x32_nt
:stage.process:model.layers.1.self_attn.q_proj,PushPop,1950204,1953352,1,263,915808,3482.2,3328.0,3136,9760,913.9,"void at::native::reduce_kernel<(int)512, (int)1, at::native::ReduceOp<bool, at::native::func_wrapper_t<bool, at::native::or_kernel_cuda(at::TensorIterator &)::[lambda() (instance 1)]::operator ()() const::[lambda() (instance 12)]::operator ()() const::[lambda(bool, bool) (instance 1)]>, unsigned int, bool, (int)4, (int)4>>(T3)"
:stage.process:model.layers.1.self_attn.q_proj,PushPop,1950204,1953352,1,43,857762,19948.0,19648.0,17632,23649,1627.0,ampere_sgemm_128x32_sliced1x4_nn
:stage.process:model.layers.1.self_attn.q_proj,PushPop,1950204,1953352,1,128,732832,5725.3,5728.0,5440,6048,122.5,"void at::native::unrolled_elementwise_kernel<at::native::CUDAFunctor_add<float>, std::array<char *, (unsigned long)3>, (int)4, TrivialOffsetCalculator<(int)2, unsigned int>, TrivialOffsetCalculator<(int)1, unsigned int>, at::native::memory::LoadWithCast<(int)2>, at::native::memory::StoreWithCast<(int)1>>(int, T1, T2, T4, T5, T6, T7)"
:stage.process:model.layers.1.self_attn.q_proj,PushPop,1950204,1953352,1,3,665504,221834.7,329824.0,5536,330144,187320.2,"void at::native::reduce_kernel<(int)512, (int)1, at::native::ReduceOp<long, at::native::func_wrapper_t<long, at::native::sum_functor<long, long, long>::operator ()(at::TensorIterator &)::[lambda(long, long) (instance 1)]>, unsigned int, long, (int)4, (int)4>>(T3)"
:stage.process:model.layers.1.self_attn.q_proj,PushPop,1950204,1953352,1,11,587968,53451.6,10400.0,3264,257472,100852.5,"void at::native::vectorized_elementwise_kernel<(int)2, at::native::AUnaryFunctor<long, long, long, at::native::BitwiseAndFunctor<long>>, std::array<char *, (unsigned long)2>>(int, T2, T3)"
:stage.process:model.layers.1.self_attn.q_proj,PushPop,1950204,1953352,1,4,557281,139320.3,141168.0,3744,271201,151712.3,"void at::native::elementwise_kernel<(int)128, (int)2, void at::native::gpu_kernel_impl_nocast<at::native::BinaryFunctor<long, long, long, at::native::lshift_kernel_cuda(at::TensorIteratorBase &)::[lambda() (instance 1)]::operator ()() const::[lambda() (instance 4)]::operator ()() const::[lambda(long, long) (instance 1)]>>(at::TensorIteratorBase &, const T1 &)::[lambda(int) (instance 1)]>(int, T3)"
:stage.process:model.layers.1.self_attn.q_proj,PushPop,1950204,1953352,1,4,539105,134776.3,134496.5,11488,258624,142306.5,"void at::native::elementwise_kernel<(int)128, (int)2, void at::native::gpu_kernel_impl_nocast<at::native::BinaryFunctor<long, long, long, at::native::rshift_kernel_cuda(at::TensorIteratorBase &)::[lambda() (instance 1)]::operator ()() const::[lambda() (instance 4)]::operator ()() const::[lambda(long, long) (instance 1)]>>(at::TensorIteratorBase &, const T1 &)::[lambda(int) (instance 1)]>(int, T3)"
:stage.process:model.layers.1.self_attn.q_proj,PushPop,1950204,1953352,1,129,513121,3977.7,3808.0,3520,7104,367.8,"void at::native::elementwise_kernel<(int)128, (int)4, void at::native::gpu_kernel_impl_nocast<at::native::direct_copy_kernel_cuda(at::TensorIteratorBase &)::[lambda() (instance 3)]::operator ()() const::[lambda() (instance 1)]::operator ()() const::[lambda(unsigned char) (instance 1)]>(at::TensorIteratorBase &, const T1 &)::[lambda(int) (instance 1)]>(int, T3)"
:stage.process:model.layers.1.self_attn.q_proj,PushPop,1950204,1953352,1,113,504640,4465.8,3360.0,2912,15776,3456.9,"void cublasLt::splitKreduce_kernel<(int)32, (int)16, int, float, float, float, float, (bool)0, float, float, float, (bool)1, (bool)0, (bool)0, (bool)0>(cublasLt::cublasSplitKParams<T6>, const T4 *, const T10 *, T9 *, T5 *, const T6 *, const T6 *, const T11 *, const T4 *, T11 *, void *, long, T6 *, int *, T6 *, T6 *, const T6 *, const T6 *, const T6 *, const T6 *, const T6 *)"
:stage.process:model.layers.1.self_attn.q_proj,PushPop,1950204,1953352,1,3,469985,156661.7,225729.0,18144,226112,119960.0,"void at::native::index_elementwise_kernel<(int)128, (int)4, void at::native::gpu_index_kernel<void at::native::index_kernel_impl<at::native::OpaqueType<(int)8>>(at::TensorIteratorBase &, c10::ArrayRef<long>, c10::ArrayRef<long>)::[lambda(char *, const char *, long) (instance 1)]>(at::TensorIteratorBase &, c10::ArrayRef<long>, c10::ArrayRef<long>, const T1 &, bool)::[lambda(int) (instance 1)]>(long, T3)"
:stage.process:model.layers.1.self_attn.q_proj,PushPop,1950204,1953352,1,263,466850,1775.1,1728.0,1696,3776,248.5,"void at::native::vectorized_elementwise_kernel<(int)4, at::native::BinaryFunctor<bool, bool, bool, at::native::BitwiseOrFunctor<bool>>, std::array<char *, (unsigned long)3>>(int, T2, T3)"
:stage.process:model.layers.1.self_attn.q_proj,PushPop,1950204,1953352,1,16,328672,20542.0,20272.0,20032,21728,621.2,"void at::native::<unnamed>::CatArrayBatchedCopy<at::native::<unnamed>::OpaqueType<(unsigned int)4>, unsigned int, (int)2, (int)64, (int)64>(T1 *, at::native::<unnamed>::CatArrInputTensorMetadata<T1, T2, T4, T5>, at::native::<unnamed>::TensorSizeStride<T2, (unsigned int)4>, int, T2)"
:stage.process:model.layers.1.self_attn.q_proj,PushPop,1950204,1953352,1,132,317281,2403.6,1824.0,1792,22016,3361.9,"void at::native::vectorized_elementwise_kernel<(int)4, at::native::BinaryFunctor<long, long, bool, at::native::<unnamed>::CompareEqFunctor<long>>, std::array<char *, (unsigned long)3>>(int, T2, T3)"
:stage.process:model.layers.1.self_attn.q_proj,PushPop,1950204,1953352,1,128,278881,2178.8,2176.0,2144,2208,11.4,"void at::native::elementwise_kernel<(int)128, (int)2, void at::native::gpu_kernel_impl_nocast<at::native::BUnaryFunctor<long, long, long, at::native::rshift_kernel_cuda(at::TensorIteratorBase &)::[lambda() (instance 1)]::operator ()() const::[lambda() (instance 4)]::operator ()() const::[lambda(long, long) (instance 1)]>>(at::TensorIteratorBase &, const T1 &)::[lambda(int) (instance 1)]>(int, T3)"
:stage.process:model.layers.1.self_attn.q_proj,PushPop,1950204,1953352,1,17,234785,13810.9,14880.0,11168,15136,1372.2,ampere_sgemm_64x32_sliced1x4_nn
:stage.process:model.layers.1.self_attn.q_proj,PushPop,1950204,1953352,1,10,213665,21366.5,21408.0,20928,21600,196.1,"std::enable_if<!T7, void>::type internal::gemvx::kernel<int, int, float, float, float, float, (bool)0, (bool)1, (bool)1, (bool)0, (int)7, (bool)0, cublasGemvParamsEx<int, cublasGemvTensorStridedBatched<const float>, cublasGemvTensorStridedBatched<const float>, cublasGemvTensorStridedBatched<float>, float>>(T13)"
:stage.process:model.layers.1.self_attn.q_proj,PushPop,1950204,1953352,1,10,204736,20473.6,18432.0,3424,49312,11325.9,"void at::native::elementwise_kernel<(int)128, (int)2, void at::native::gpu_kernel_impl_nocast<at::native::BinaryFunctor<float, float, float, at::native::binary_internal::MulFunctor<float>>>(at::TensorIteratorBase &, const T1 &)::[lambda(int) (instance 1)]>(int, T3)"
:stage.process:model.layers.1.self_attn.q_proj,PushPop,1950204,1953352,1,9,178208,19800.9,19808.0,19424,20160,206.6,"void at::native::vectorized_elementwise_kernel<(int)4, at::native::BinaryFunctor<float, float, float, at::native::binary_internal::MulFunctor<float>>, std::array<char *, (unsigned long)3>>(int, T2, T3)"
:stage.process:model.layers.1.self_attn.q_proj,PushPop,1950204,1953352,1,16,171104,10694.0,10432.0,9280,12224,937.1,void cutlass::Kernel2<cutlass_80_simt_sgemm_128x32_8x5_nn_align1>(T1::Params)
:stage.process:model.layers.1.self_attn.q_proj,PushPop,1950204,1953352,1,3,146976,48992.0,48544.0,48064,50368,1215.6,"void at::native::triu_tril_kernel<float, int, (bool)0, (int)2, (bool)1>(at::cuda::detail::TensorInfo<T1, T2>, at::cuda::detail::TensorInfo<const T1, T2>, long, long, T2)"
:stage.process:model.layers.1.self_attn.q_proj,PushPop,1950204,1953352,1,6,133440,22240.0,22176.0,16256,28416,6532.9,"void trsm_batch_left_upper_kernel_small<float, (int)16, (int)16, (int)64>(cublasTrsmBatchParams<T1>, const T1 *const *, T1 *const *, const T1 *, T1)"
:stage.process:model.layers.1.self_attn.q_proj,PushPop,1950204,1953352,1,10,120864,12086.4,11984.0,11296,13440,622.3,"void at::native::reduce_kernel<(int)512, (int)1, at::native::ReduceOp<float, at::native::func_wrapper_t<float, at::native::sum_functor<float, float, float>::operator ()(at::TensorIterator &)::[lambda(float, float) (instance 1)]>, unsigned int, float, (int)4, (int)4>>(T3)"
:stage.process:model.layers.1.self_attn.q_proj,PushPop,1950204,1953352,1,14,108672,7762.3,7392.0,1344,21408,4575.6,"void at::native::vectorized_elementwise_kernel<(int)4, at::native::FillFunctor<float>, std::array<char *, (unsigned long)1>>(int, T2, T3)"
:stage.process:model.layers.1.self_attn.q_proj,PushPop,1950204,1953352,1,9,95872,10652.4,11712.0,1632,12128,3389.9,"void at::native::vectorized_elementwise_kernel<(int)4, at::native::BUnaryFunctor<float, float, float, at::native::binary_internal::MulFunctor<float>>, std::array<char *, (unsigned long)2>>(int, T2, T3)"
:stage.process:model.layers.1.self_attn.q_proj,PushPop,1950204,1953352,1,1,75553,75553.0,75553.0,75553,75553,0.0,"void at::native::<unnamed>::CatArrayBatchedCopy_alignedK_contig<at::native::<unnamed>::OpaqueType<(unsigned int)8>, unsigned int, (int)3, (int)128, (int)1, (int)16>(T1 *, at::native::<unnamed>::CatArrInputTensorMetadata<T1, T2, T4, T5>, at::native::<unnamed>::TensorSizeStride<T2, (unsigned int)4>, int, T2)"
:stage.process:model.layers.1.self_attn.q_proj,PushPop,1950204,1953352,1,10,74912,7491.2,7328.0,3904,11296,2218.4,"void at::native::reduce_kernel<(int)512, (int)1, at::native::ReduceOp<float, at::native::MeanOps<float, float, float, float>, unsigned int, float, (int)4, (int)4>>(T3)"
:stage.process:model.layers.1.self_attn.q_proj,PushPop,1950204,1953352,1,3,53184,17728.0,16480.0,16256,20448,2358.3,"void at::native::vectorized_elementwise_kernel<(int)2, at::native::BinaryFunctor<long, long, long, at::native::BitwiseXorFunctor<long>>, std::array<char *, (unsigned long)3>>(int, T2, T3)"
:stage.process:model.layers.1.self_attn.q_proj,PushPop,1950204,1953352,1,4,42048,10512.0,10464.0,9952,11168,523.5,"void at::native::vectorized_elementwise_kernel<(int)2, at::native::BUnaryFunctor<long, long, long, at::native::rshift_kernel_cuda(at::TensorIteratorBase &)::[lambda() (instance 1)]::operator ()() const::[lambda() (instance 4)]::operator ()() const::[lambda(long, long) (instance 1)]>, std::array<char *, (unsigned long)2>>(int, T2, T3)"
:stage.process:model.layers.1.self_attn.q_proj,PushPop,1950204,1953352,1,10,40992,4099.2,4128.0,3328,4704,474.7,"void at::native::elementwise_kernel<(int)128, (int)2, void at::native::gpu_kernel_impl_nocast<at::native::CUDAFunctorOnSelf_add<float>>(at::TensorIteratorBase &, const T1 &)::[lambda(int) (instance 1)]>(int, T3)"
:stage.process:model.layers.1.self_attn.q_proj,PushPop,1950204,1953352,1,2,38593,19296.5,19296.5,19232,19361,91.2,"void at::native::vectorized_elementwise_kernel<(int)2, at::native::BinaryFunctor<long, long, long, at::native::BitwiseOrFunctor<long>>, std::array<char *, (unsigned long)3>>(int, T2, T3)"
:stage.process:model.layers.1.self_attn.q_proj,PushPop,1950204,1953352,1,6,29504,4917.3,1696.0,1568,11488,5077.5,"void at::native::vectorized_elementwise_kernel<(int)4, at::native::AUnaryFunctor<float, float, float, at::native::binary_internal::MulFunctor<float>>, std::array<char *, (unsigned long)2>>(int, T2, T3)"
:stage.process:model.layers.1.self_attn.q_proj,PushPop,1950204,1953352,1,12,25312,2109.3,2208.0,1920,2368,167.4,"void at::native::vectorized_elementwise_kernel<(int)4, at::native::<unnamed>::CompareFunctor<float>, std::array<char *, (unsigned long)3>>(int, T2, T3)"
:stage.process:model.layers.1.self_attn.q_proj,PushPop,1950204,1953352,1,3,20448,6816.0,8096.0,3904,8448,2528.0,"void at::native::unrolled_elementwise_kernel<at::native::direct_copy_kernel_cuda(at::TensorIteratorBase &)::[lambda() (instance 3)]::operator ()() const::[lambda() (instance 3)]::operator ()() const::[lambda(int) (instance 1)], std::array<char *, (unsigned long)2>, (int)4, TrivialOffsetCalculator<(int)1, unsigned int>, TrivialOffsetCalculator<(int)1, unsigned int>, at::native::memory::LoadWithCast<(int)1>, at::native::memory::StoreWithCast<(int)1>>(int, T1, T2, T4, T5, T6, T7)"
:stage.process:model.layers.1.self_attn.q_proj,PushPop,1950204,1953352,1,2,20225,10112.5,10112.5,9985,10240,180.3,"void at::native::vectorized_elementwise_kernel<(int)2, at::native::BUnaryFunctor<long, long, long, at::native::lshift_kernel_cuda(at::TensorIteratorBase &)::[lambda() (instance 1)]::operator ()() const::[lambda() (instance 4)]::operator ()() const::[lambda(long, long) (instance 1)]>, std::array<char *, (unsigned long)2>>(int, T2, T3)"
:stage.process:model.layers.1.self_attn.q_proj,PushPop,1950204,1953352,1,1,19520,19520.0,19520.0,19520,19520,0.0,"void at::native::elementwise_kernel<(int)128, (int)2, void at::native::gpu_kernel_impl_nocast<at::native::BinaryFunctor<float, float, float, at::native::binary_internal::DivFunctor<float>>>(at::TensorIteratorBase &, const T1 &)::[lambda(int) (instance 1)]>(int, T3)"
:stage.process:model.layers.1.self_attn.q_proj,PushPop,1950204,1953352,1,6,18208,3034.7,1696.0,1632,9696,3264.0,"void at::native::vectorized_elementwise_kernel<(int)2, at::native::AUnaryFunctor<long, long, long, at::native::binary_internal::MulFunctor<long>>, std::array<char *, (unsigned long)2>>(int, T2, T3)"
:stage.process:model.layers.1.self_attn.q_proj,PushPop,1950204,1953352,1,5,17056,3411.2,1792.0,1632,10144,3764.6,"void at::native::vectorized_elementwise_kernel<(int)2, at::native::CUDAFunctorOnSelf_add<long>, std::array<char *, (unsigned long)2>>(int, T2, T3)"
:stage.process:model.layers.1.self_attn.q_proj,PushPop,1950204,1953352,1,1,16608,16608.0,16608.0,16608,16608,0.0,"void at::native::vectorized_elementwise_kernel<(int)4, void at::native::<unnamed>::pow_tensor_scalar_kernel_impl<float, float>(at::TensorIteratorBase &, T2)::[lambda(float) (instance 1)], std::array<char *, (unsigned long)2>>(int, T2, T3)"
:stage.process:model.layers.1.self_attn.q_proj,PushPop,1950204,1953352,1,4,14176,3544.0,3552.0,3424,3648,95.6,"void at::native::vectorized_elementwise_kernel<(int)2, at::native::BUnaryFunctor<long, long, long, at::native::remainder_kernel_cuda(at::TensorIteratorBase &)::[lambda() (instance 1)]::operator ()() const::[lambda() (instance 4)]::operator ()() const::[lambda(long, long) (instance 1)]>, std::array<char *, (unsigned long)2>>(int, T2, T3)"
:stage.process:model.layers.1.self_attn.q_proj,PushPop,1950204,1953352,1,3,13536,4512.0,4576.0,4224,4736,261.9,"void at::native::elementwise_kernel<(int)128, (int)2, void at::native::gpu_kernel_impl_nocast<at::native::direct_copy_kernel_cuda(at::TensorIteratorBase &)::[lambda() (instance 3)]::operator ()() const::[lambda() (instance 3)]::operator ()() const::[lambda(int) (instance 1)]>(at::TensorIteratorBase &, const T1 &)::[lambda(int) (instance 1)]>(int, T3)"
:stage.process:model.layers.1.self_attn.q_proj,PushPop,1950204,1953352,1,8,12288,1536.0,1536.0,1440,1664,61.7,"void at::native::unrolled_elementwise_kernel<at::native::AUnaryFunctor<long, long, long, at::native::BitwiseAndFunctor<long>>, std::array<char *, (unsigned long)2>, (int)4, TrivialOffsetCalculator<(int)1, unsigned int>, TrivialOffsetCalculator<(int)1, unsigned int>, at::native::memory::LoadWithoutCast, at::native::memory::StoreWithoutCast>(int, T1, T2, T4, T5, T6, T7)"
:stage.process:model.layers.1.self_attn.q_proj,PushPop,1950204,1953352,1,1,11456,11456.0,11456.0,11456,11456,0.0,"void at::native::vectorized_elementwise_kernel<(int)4, at::native::float16_copy_kernel_cuda(at::TensorIteratorBase &)::[lambda(float) (instance 1)], std::array<char *, (unsigned long)2>>(int, T2, T3)"
:stage.process:model.layers.1.self_attn.q_proj,PushPop,1950204,1953352,1,6,11392,1898.7,1888.0,1888,1952,26.1,"void at::native::vectorized_elementwise_kernel<(int)4, at::native::FillFunctor<unsigned char>, std::array<char *, (unsigned long)1>>(int, T2, T3)"
:stage.process:model.layers.1.self_attn.q_proj,PushPop,1950204,1953352,1,1,11008,11008.0,11008.0,11008,11008,0.0,"void at::native::reduce_kernel<(int)128, (int)4, at::native::ReduceOp<long, at::native::func_wrapper_t<long, at::native::sum_functor<long, long, long>::operator ()(at::TensorIterator &)::[lambda(long, long) (instance 1)]>, unsigned int, long, (int)4, (int)4>>(T3)"
:stage.process:model.layers.1.self_attn.q_proj,PushPop,1950204,1953352,1,3,10304,3434.7,3456.0,3296,3552,129.3,"void at::native::unrolled_elementwise_kernel<at::native::direct_copy_kernel_cuda(at::TensorIteratorBase &)::[lambda() (instance 3)]::operator ()() const::[lambda() (instance 1)]::operator ()() const::[lambda(unsigned char) (instance 1)], std::array<char *, (unsigned long)2>, (int)4, TrivialOffsetCalculator<(int)1, unsigned int>, TrivialOffsetCalculator<(int)1, unsigned int>, at::native::memory::LoadWithCast<(int)1>, at::native::memory::StoreWithCast<(int)1>>(int, T1, T2, T4, T5, T6, T7)"
:stage.process:model.layers.1.self_attn.q_proj,PushPop,1950204,1953352,1,1,9248,9248.0,9248.0,9248,9248,0.0,ampere_sgemm_32x32_sliced1x4_nn
:stage.process:model.layers.1.self_attn.q_proj,PushPop,1950204,1953352,1,4,8288,2072.0,2080.0,2048,2080,16.0,"void at::native::vectorized_elementwise_kernel<(int)4, at::native::FillFunctor<bool>, std::array<char *, (unsigned long)1>>(int, T2, T3)"
:stage.process:model.layers.1.self_attn.q_proj,PushPop,1950204,1953352,1,3,8000,2666.7,2656.0,2656,2688,18.5,"void at::native::vectorized_elementwise_kernel<(int)4, at::native::AUnaryFunctor<unsigned char, unsigned char, bool, at::native::<unnamed>::CompareEqFunctor<unsigned char>>, std::array<char *, (unsigned long)2>>(int, T2, T3)"
:stage.process:model.layers.1.self_attn.q_proj,PushPop,1950204,1953352,1,4,7968,1992.0,1984.0,1984,2016,16.0,"void at::native::vectorized_elementwise_kernel<(int)4, void at::native::compare_scalar_kernel<c10::Half>(at::TensorIteratorBase &, at::native::<unnamed>::OpType, T1)::[lambda(c10::Half) (instance 1)], std::array<char *, (unsigned long)2>>(int, T2, T3)"
:stage.process:model.layers.1.self_attn.q_proj,PushPop,1950204,1953352,1,2,7616,3808.0,3808.0,3744,3872,90.5,"void at::native::vectorized_elementwise_kernel<(int)2, at::native::BUnaryFunctor<long, long, long, at::native::binary_internal::div_floor_kernel_cuda(at::TensorIteratorBase &)::[lambda() (instance 1)]::operator ()() const::[lambda() (instance 4)]::operator ()() const::[lambda(long, long) (instance 1)]>, std::array<char *, (unsigned long)2>>(int, T2, T3)"
:stage.process:model.layers.1.self_attn.q_proj,PushPop,1950204,1953352,1,2,6848,3424.0,3424.0,3360,3488,90.5,"void at::native::elementwise_kernel<(int)128, (int)2, void at::native::gpu_kernel_impl_nocast<at::native::AbsFunctor<float>>(at::TensorIteratorBase &, const T1 &)::[lambda(int) (instance 1)]>(int, T3)"
:stage.process:model.layers.1.self_attn.q_proj,PushPop,1950204,1953352,1,2,6144,3072.0,3072.0,3072,3072,0.0,"void at::native::elementwise_kernel<(int)128, (int)2, void at::native::gpu_kernel_impl_nocast<at::native::CUDAFunctor_add<long>>(at::TensorIteratorBase &, const T1 &)::[lambda(int) (instance 1)]>(int, T3)"
:stage.process:model.layers.1.self_attn.q_proj,PushPop,1950204,1953352,1,3,5536,1845.3,1856.0,1728,1952,112.4,"void at::native::vectorized_elementwise_kernel<(int)4, at::native::BinaryFunctor<float, float, float, at::native::maximum_kernel_cuda(at::TensorIteratorBase &)::[lambda() (instance 2)]::operator ()() const::[lambda() (instance 2)]::operator ()() const::[lambda(float, float) (instance 1)]>, std::array<char *, (unsigned long)3>>(int, T2, T3)"
:stage.process:model.layers.1.self_attn.q_proj,PushPop,1950204,1953352,1,2,4800,2400.0,2400.0,2400,2400,0.0,"void at::native::vectorized_elementwise_kernel<(int)2, at::native::CUDAFunctorOnOther_add<long>, std::array<char *, (unsigned long)2>>(int, T2, T3)"
:stage.process:model.layers.1.self_attn.q_proj,PushPop,1950204,1953352,1,3,4512,1504.0,1472.0,1408,1632,115.4,"xxtrf4_set_info_ker(int, int *)"
:stage.process:model.layers.1.self_attn.q_proj,PushPop,1950204,1953352,1,1,4352,4352.0,4352.0,4352,4352,0.0,"void at::native::<unnamed>::CatArrayBatchedCopy_vectorized<at::native::<unnamed>::OpaqueType<(unsigned int)2>, unsigned int, (int)1, (int)128, (int)1, (int)16, (int)8>(char *, at::native::<unnamed>::CatArrInputTensorMetadata<T1, T2, T4, T5>, at::native::<unnamed>::TensorSizeStride<T2, (unsigned int)4>, int, T2)"
:stage.process:model.layers.1.self_attn.q_proj,PushPop,1950204,1953352,1,1,3680,3680.0,3680.0,3680,3680,0.0,"void at::native::vectorized_elementwise_kernel<(int)4, at::native::AUnaryFunctor<unsigned char, unsigned char, unsigned char, at::native::binary_internal::MulFunctor<unsigned char>>, std::array<char *, (unsigned long)2>>(int, T2, T3)"
:stage.process:model.layers.1.self_attn.q_proj,PushPop,1950204,1953352,1,1,2784,2784.0,2784.0,2784,2784,0.0,"void at::native::vectorized_elementwise_kernel<(int)4, at::native::BinaryFunctor<unsigned char, unsigned char, bool, at::native::<unnamed>::CompareEqFunctor<unsigned char>>, std::array<char *, (unsigned long)3>>(int, T2, T3)"
:stage.process:model.layers.1.self_attn.q_proj,PushPop,1950204,1953352,1,1,2304,2304.0,2304.0,2304,2304,0.0,"void at::native::vectorized_elementwise_kernel<(int)4, at::native::sqrt_kernel_cuda(at::TensorIteratorBase &)::[lambda() (instance 2)]::operator ()() const::[lambda() (instance 2)]::operator ()() const::[lambda(float) (instance 1)], std::array<char *, (unsigned long)2>>(int, T2, T3)"
:stage.process:model.layers.1.self_attn.q_proj,PushPop,1950204,1953352,1,1,2144,2144.0,2144.0,2144,2144,0.0,"void at::native::unrolled_elementwise_kernel<at::native::direct_copy_kernel_cuda(at::TensorIteratorBase &)::[lambda() (instance 3)]::operator ()() const::[lambda() (instance 11)]::operator ()() const::[lambda(bool) (instance 1)], std::array<char *, (unsigned long)2>, (int)4, TrivialOffsetCalculator<(int)1, unsigned int>, TrivialOffsetCalculator<(int)1, unsigned int>, at::native::memory::LoadWithCast<(int)1>, at::native::memory::StoreWithCast<(int)1>>(int, T1, T2, T4, T5, T6, T7)"
:stage.process:model.layers.1.self_attn.q_proj,PushPop,1950204,1953352,1,1,2080,2080.0,2080.0,2080,2080,0.0,"void at::native::unrolled_elementwise_kernel<at::native::<unnamed>::CompareFunctor<c10::Half>, std::array<char *, (unsigned long)3>, (int)4, TrivialOffsetCalculator<(int)2, unsigned int>, TrivialOffsetCalculator<(int)1, unsigned int>, at::native::memory::LoadWithoutCast, at::native::memory::StoreWithoutCast>(int, T1, T2, T4, T5, T6, T7)"
:stage.process:model.layers.1.self_attn.q_proj,PushPop,1950204,1953352,1,1,1760,1760.0,1760.0,1760,1760,0.0,"void at::native::vectorized_elementwise_kernel<(int)4, at::native::<unnamed>::launch_clamp_scalar(at::TensorIteratorBase &, c10::Scalar, c10::Scalar, at::native::detail::ClampLimits)::[lambda() (instance 1)]::operator ()() const::[lambda() (instance 7)]::operator ()() const::[lambda(float) (instance 1)], std::array<char *, (unsigned long)2>>(int, T2, T3)"
:stage.process:model.layers.1.self_attn.v_proj,PushPop,1950204,1953352,1,9680,1713044864,176967.4,147489.0,132512,302432,61120.0,"void <unnamed>::qvq_v2_segment_grid_kernel<(int)4, (int)2, (int)16, (bool)1, (bool)0, __half, unsigned char>(const float *, const T6 *, const float *, const long *, const float *, const float *, float *, T7 *, unsigned char *, int, int, int, bool, bool)"
:stage.process:model.layers.1.self_attn.v_proj,PushPop,1950204,1953352,1,574,787502190,1371955.0,1370178.0,1355042,1414786,7684.3,"void <unnamed>::qvq_viterbi_kernel<(int)4, (int)2, __half, unsigned char>(const float *, const T3 *, const float *, const long *, const float *, T4 *, long *, float *, int, int, int, bool, bool, bool)"
:stage.process:model.layers.1.self_attn.v_proj,PushPop,1950204,1953352,1,1210,101241163,83670.4,80896.0,66208,103264,9495.8,"void <unnamed>::qvq_v2_segment_grid_finalize_kernel<(int)4, (int)2, (int)16, (bool)0, __half, unsigned char>(const float *, const T5 *, const float *, const long *, const float *, const float *, const T6 *, const unsigned char *, long *, unsigned char *, float *, int, int, bool, bool)"
:stage.process:model.layers.1.self_attn.v_proj,PushPop,1950204,1953352,1,468,30187276,64502.7,70624.0,20928,72065,14674.9,void cutlass::Kernel2<cutlass_80_simt_sgemm_128x32_8x5_nt_align1>(T1::Params)
:stage.process:model.layers.1.self_attn.v_proj,PushPop,1950204,1953352,1,2544,23119931,9088.0,7680.0,3968,18240,3862.7,"void at::native::index_elementwise_kernel<(int)128, (int)4, void at::native::gpu_index_kernel<void at::native::index_kernel_impl<at::native::OpaqueType<(int)4>>(at::TensorIteratorBase &, c10::ArrayRef<long>, c10::ArrayRef<long>)::[lambda(char *, const char *, long) (instance 1)]>(at::TensorIteratorBase &, c10::ArrayRef<long>, c10::ArrayRef<long>, const T1 &, bool)::[lambda(int) (instance 1)]>(long, T3)"
:stage.process:model.layers.1.self_attn.v_proj,PushPop,1950204,1953352,1,2580,13141458,5093.6,4576.0,2624,11552,1595.6,"void at::native::reduce_kernel<(int)512, (int)1, at::native::ReduceOp<bool, at::native::func_wrapper_t<bool, at::native::and_kernel_cuda(at::TensorIterator &)::[lambda() (instance 1)]::operator ()() const::[lambda() (instance 12)]::operator ()() const::[lambda(bool, bool) (instance 1)]>, unsigned int, bool, (int)4, (int)4>>(T3)"
:stage.process:model.layers.1.self_attn.v_proj,PushPop,1950204,1953352,1,1021,8782569,8601.9,8736.0,4320,12544,1747.2,"void at::native::index_elementwise_kernel<(int)128, (int)4, void at::native::gpu_index_kernel<void at::native::index_kernel_impl<at::native::OpaqueType<(int)2>>(at::TensorIteratorBase &, c10::ArrayRef<long>, c10::ArrayRef<long>)::[lambda(char *, const char *, long) (instance 1)]>(at::TensorIteratorBase &, c10::ArrayRef<long>, c10::ArrayRef<long>, const T1 &, bool)::[lambda(int) (instance 1)]>(long, T3)"
:stage.process:model.layers.1.self_attn.v_proj,PushPop,1950204,1953352,1,1272,8130505,6391.9,6496.0,3488,7008,386.8,"void at::native::index_elementwise_kernel<(int)128, (int)4, void at::native::gpu_index_kernel<void at::native::index_put_kernel_impl<at::native::OpaqueType<(int)4>>(at::TensorIterator &, c10::ArrayRef<long>, c10::ArrayRef<long>)::[lambda(char *, const char *, long) (instance 1)]>(at::TensorIteratorBase &, c10::ArrayRef<long>, c10::ArrayRef<long>, const T1 &, bool)::[lambda(int) (instance 1)]>(long, T3)"
:stage.process:model.layers.1.self_attn.v_proj,PushPop,1950204,1953352,1,1404,6483146,4617.6,4640.0,3168,4960,271.8,"void at::native::reduce_kernel<(int)512, (int)1, at::native::ReduceOp<float, at::native::func_wrapper_t<float, at::native::MaxNanFunctor<float>>, unsigned int, float, (int)4, (int)4>>(T3)"
:stage.process:model.layers.1.self_attn.v_proj,PushPop,1950204,1953352,1,772,6455334,8361.8,8384.0,8064,8736,89.5,"void at::native::reduce_kernel<(int)512, (int)1, at::native::ReduceOp<c10::Half, at::native::func_wrapper_t<c10::Half, at::native::MaxNanFunctor<c10::Half>>, unsigned int, c10::Half, (int)4, (int)4>>(T3)"
:stage.process:model.layers.1.self_attn.v_proj,PushPop,1950204,1953352,1,1841,6035652,3278.5,3104.0,2144,46272,2717.6,"void at::native::elementwise_kernel<(int)128, (int)2, void at::native::gpu_kernel_impl_nocast<at::native::direct_copy_kernel_cuda(at::TensorIteratorBase &)::[lambda() (instance 3)]::operator ()() const::[lambda() (instance 7)]::operator ()() const::[lambda(float) (instance 1)]>(at::TensorIteratorBase &, const T1 &)::[lambda(int) (instance 1)]>(int, T3)"
:stage.process:model.layers.1.self_attn.v_proj,PushPop,1950204,1953352,1,400,5829035,14572.6,4032.0,3968,66656,20380.9,ampere_sgemm_32x128_nt
:stage.process:model.layers.1.self_attn.v_proj,PushPop,1950204,1953352,1,2843,5785223,2034.9,1984.0,1536,18081,550.2,"void at::native::vectorized_elementwise_kernel<(int)4, at::native::AbsFunctor<float>, std::array<char *, (unsigned long)2>>(int, T2, T3)"
:stage.process:model.layers.1.self_attn.v_proj,PushPop,1950204,1953352,1,66,5013478,75961.8,47872.0,39008,244961,71248.1,ampere_sgemm_32x32_sliced1x4_nt
:stage.process:model.layers.1.self_attn.v_proj,PushPop,1950204,1953352,1,1784,5006438,2806.3,2752.0,2176,4608,643.4,"<unnamed>::qvq_half2_codebook_norm_pack_kernel(const __half *, unsigned long *, int)"
:stage.process:model.layers.1.self_attn.v_proj,PushPop,1950204,1953352,1,2209,4659749,2109.4,2048.0,1536,6944,221.6,"void at::native::vectorized_elementwise_kernel<(int)4, at::native::BinaryFunctor<bool, bool, bool, at::native::binary_internal::MulFunctor<bool>>, std::array<char *, (unsigned long)3>>(int, T2, T3)"
:stage.process:model.layers.1.self_attn.v_proj,PushPop,1950204,1953352,1,262,4559363,17402.1,5056.0,3360,59040,17372.4,"void gemmSN_NN_kernel<float, (int)256, (int)4, (int)2, (int)8, (int)4, (int)4, (bool)0, cublasGemvTensorStridedBatched<const float>, cublasGemvTensorStridedBatched<const float>, cublasGemvTensorStridedBatched<float>>(cublasGemmSmallNParams<T9, T10, T11, T1>)"
:stage.process:model.layers.1.self_attn.v_proj,PushPop,1950204,1953352,1,636,4289732,6744.9,6880.0,3296,7360,569.2,"void at::native::index_elementwise_kernel<(int)128, (int)4, void at::native::gpu_index_kernel<void at::native::index_put_kernel_impl<at::native::OpaqueType<(int)8>>(at::TensorIterator &, c10::ArrayRef<long>, c10::ArrayRef<long>)::[lambda(char *, const char *, long) (instance 1)]>(at::TensorIteratorBase &, c10::ArrayRef<long>, c10::ArrayRef<long>, const T1 &, bool)::[lambda(int) (instance 1)]>(long, T3)"
:stage.process:model.layers.1.self_attn.v_proj,PushPop,1950204,1953352,1,901,3505832,3891.0,3872.0,2625,6944,237.7,"void at::native::unrolled_elementwise_kernel<at::native::direct_copy_kernel_cuda(at::TensorIteratorBase &)::[lambda() (instance 3)]::operator ()() const::[lambda() (instance 7)]::operator ()() const::[lambda(float) (instance 1)], std::array<char *, (unsigned long)2>, (int)4, TrivialOffsetCalculator<(int)1, unsigned int>, TrivialOffsetCalculator<(int)1, unsigned int>, at::native::memory::LoadWithCast<(int)1>, at::native::memory::StoreWithCast<(int)1>>(int, T1, T2, T4, T5, T6, T7)"
:stage.process:model.layers.1.self_attn.v_proj,PushPop,1950204,1953352,1,1542,3308326,2145.5,2144.0,1664,2784,56.0,"void at::native::vectorized_elementwise_kernel<(int)4, at::native::AbsFunctor<c10::Half>, std::array<char *, (unsigned long)2>>(int, T2, T3)"
:stage.process:model.layers.1.self_attn.v_proj,PushPop,1950204,1953352,1,516,3165989,6135.6,6400.0,4352,6944,680.2,"void gemmSN_NN_kernel<float, (int)128, (int)2, (int)4, (int)8, (int)4, (int)4, (bool)0, cublasGemvTensorStridedBatched<const float>, cublasGemvTensorStridedBatched<const float>, cublasGemvTensorStridedBatched<float>>(cublasGemmSmallNParams<T9, T10, T11, T1>)"
:stage.process:model.layers.1.self_attn.v_proj,PushPop,1950204,1953352,1,1440,3009125,2089.7,2080.0,1504,12832,578.0,"void at::native::vectorized_elementwise_kernel<(int)4, at::native::BinaryFunctor<float, float, bool, at::native::<unnamed>::CompareEqFunctor<float>>, std::array<char *, (unsigned long)3>>(int, T2, T3)"
:stage.process:model.layers.1.self_attn.v_proj,PushPop,1950204,1953352,1,1439,2945702,2047.0,2048.0,1568,6144,238.0,"void at::native::vectorized_elementwise_kernel<(int)4, at::native::AUnaryFunctor<float, float, bool, at::native::<unnamed>::CompareEqFunctor<float>>, std::array<char *, (unsigned long)2>>(int, T2, T3)"
:stage.process:model.layers.1.self_attn.v_proj,PushPop,1950204,1953352,1,12,2836995,236416.3,238704.5,231168,239360,3653.2,ampere_sgemm_128x64_nn
:stage.process:model.layers.1.self_attn.v_proj,PushPop,1950204,1953352,1,862,2633185,3054.7,2976.0,1856,8864,284.5,"void at::native::elementwise_kernel<(int)128, (int)2, void at::native::gpu_kernel_impl_nocast<at::native::direct_copy_kernel_cuda(at::TensorIteratorBase &)::[lambda() (instance 3)]::operator ()() const::[lambda() (instance 4)]::operator ()() const::[lambda(long) (instance 1)]>(at::TensorIteratorBase &, const T1 &)::[lambda(int) (instance 1)]>(int, T3)"
:stage.process:model.layers.1.self_attn.v_proj,PushPop,1950204,1953352,1,282,2322820,8237.0,8224.0,7840,8576,67.4,"void batch_trsm_left_kernel<float, (int)64, (int)4, (int)3, (bool)0, (bool)0, (bool)1>(cublasTrsmBatchParams2<T1>, T1, const T1 *, int)"
:stage.process:model.layers.1.self_attn.v_proj,PushPop,1950204,1953352,1,1276,2288004,1793.1,1792.0,1536,2240,108.6,"void at::native::vectorized_elementwise_kernel<(int)4, at::native::BinaryFunctor<bool, bool, bool, at::native::logical_or_kernel_cuda(at::TensorIterator &)::[lambda() (instance 2)]::operator ()() const::[lambda() (instance 9)]::operator ()() const::[lambda(bool, bool) (instance 1)]>, std::array<char *, (unsigned long)3>>(int, T2, T3)"
:stage.process:model.layers.1.self_attn.v_proj,PushPop,1950204,1953352,1,477,2218275,4650.5,4864.0,3264,5472,568.0,"void at::native::index_elementwise_kernel<(int)128, (int)4, void at::native::gpu_index_kernel<void at::native::index_put_kernel_impl<at::native::OpaqueType<(int)1>>(at::TensorIterator &, c10::ArrayRef<long>, c10::ArrayRef<long>)::[lambda(char *, const char *, long) (instance 1)]>(at::TensorIteratorBase &, c10::ArrayRef<long>, c10::ArrayRef<long>, const T1 &, bool)::[lambda(int) (instance 1)]>(long, T3)"
:stage.process:model.layers.1.self_attn.v_proj,PushPop,1950204,1953352,1,892,2194403,2460.1,2432.0,1760,2720,116.0,"void at::native::roll_cuda_kernel<float>(const T1 *, T1 *, long, long, long, long, long, long)"
:stage.process:model.layers.1.self_attn.v_proj,PushPop,1950204,1953352,1,3,2083683,694561.0,923521.0,235328,924834,397708.0,"void kernel<getrf_wo_pivot_params_<float, (int)0, (int)256, (int)1, (int)64, (int)64, (int)68, (int)8, (int)1, (int)1>>(int, int, void *, int, void *, int, int, int, int, int, int *)"
:stage.process:model.layers.1.self_attn.v_proj,PushPop,1950204,1953352,1,413,2017219,4884.3,3872.0,3168,46144,3291.1,"void at::native::elementwise_kernel<(int)128, (int)2, void at::native::gpu_kernel_impl_nocast<at::native::CUDAFunctor_add<float>>(at::TensorIteratorBase &, const T1 &)::[lambda(int) (instance 1)]>(int, T3)"
:stage.process:model.layers.1.self_attn.v_proj,PushPop,1950204,1953352,1,884,1947555,2203.1,2240.0,1824,2624,140.6,"void at::native::elementwise_kernel<(int)128, (int)2, void at::native::gpu_kernel_impl_nocast<at::native::AUnaryFunctor<long, long, long, at::native::BitwiseAndFunctor<long>>>(at::TensorIteratorBase &, const T1 &)::[lambda(int) (instance 1)]>(int, T3)"
:stage.process:model.layers.1.self_attn.v_proj,PushPop,1950204,1953352,1,1150,1886852,1640.7,1664.0,1536,1952,55.1,"void at::native::vectorized_elementwise_kernel<(int)4, void at::native::compare_scalar_kernel<float>(at::TensorIteratorBase &, at::native::<unnamed>::OpType, T1)::[lambda(float) (instance 1)], std::array<char *, (unsigned long)2>>(int, T2, T3)"
:stage.process:model.layers.1.self_attn.v_proj,PushPop,1950204,1953352,1,792,1862275,2351.4,2208.0,1536,10016,866.1,"void at::native::vectorized_elementwise_kernel<(int)4, at::native::CUDAFunctor_add<float>, std::array<char *, (unsigned long)3>>(int, T2, T3)"
:stage.process:model.layers.1.self_attn.v_proj,PushPop,1950204,1953352,1,770,1732321,2249.8,2240.0,1760,2336,24.2,"void at::native::vectorized_elementwise_kernel<(int)4, at::native::BinaryFunctor<c10::Half, c10::Half, bool, at::native::<unnamed>::CompareEqFunctor<c10::Half>>, std::array<char *, (unsigned long)3>>(int, T2, T3)"
:stage.process:model.layers.1.self_attn.v_proj,PushPop,1950204,1953352,1,770,1712737,2224.3,2208.0,1760,2336,25.1,"void at::native::vectorized_elementwise_kernel<(int)4, at::native::AUnaryFunctor<c10::Half, c10::Half, bool, at::native::<unnamed>::CompareEqFunctor<c10::Half>>, std::array<char *, (unsigned long)2>>(int, T2, T3)"
:stage.process:model.layers.1.self_attn.v_proj,PushPop,1950204,1953352,1,613,1604545,2617.5,2656.0,1792,4864,374.4,"void at::native::unrolled_elementwise_kernel<at::native::direct_copy_kernel_cuda(at::TensorIteratorBase &)::[lambda() (instance 3)]::operator ()() const::[lambda() (instance 4)]::operator ()() const::[lambda(long) (instance 1)], std::array<char *, (unsigned long)2>, (int)4, TrivialOffsetCalculator<(int)1, unsigned int>, TrivialOffsetCalculator<(int)1, unsigned int>, at::native::memory::LoadWithCast<(int)1>, at::native::memory::StoreWithCast<(int)1>>(int, T1, T2, T4, T5, T6, T7)"
:stage.process:model.layers.1.self_attn.v_proj,PushPop,1950204,1953352,1,82,1506819,18375.8,9760.0,6080,90016,26222.4,ampere_sgemm_32x32_sliced1x4_nn
:stage.process:model.layers.1.self_attn.v_proj,PushPop,1950204,1953352,1,782,1362656,1742.5,1728.0,1600,4896,205.0,"void at::native::vectorized_elementwise_kernel<(int)4, void at::native::compare_scalar_kernel<long>(at::TensorIteratorBase &, at::native::<unnamed>::OpType, T1)::[lambda(long) (instance 1)], std::array<char *, (unsigned long)2>>(int, T2, T3)"
:stage.process:model.layers.1.self_attn.v_proj,PushPop,1950204,1953352,1,512,1279458,2498.9,2496.0,2368,2784,58.9,"void at::native::unrolled_elementwise_kernel<at::native::BinaryFunctor<float, float, float, at::native::maximum_kernel_cuda(at::TensorIteratorBase &)::[lambda() (instance 2)]::operator ()() const::[lambda() (instance 2)]::operator ()() const::[lambda(float, float) (instance 1)]>, std::array<char *, (unsigned long)3>, (int)4, TrivialOffsetCalculator<(int)2, unsigned int>, TrivialOffsetCalculator<(int)1, unsigned int>, at::native::memory::LoadWithCast<(int)2>, at::native::memory::StoreWithCast<(int)1>>(int, T1, T2, T4, T5, T6, T7)"
:stage.process:model.layers.1.self_attn.v_proj,PushPop,1950204,1953352,1,636,1188931,1869.4,1856.0,1632,2144,98.1,"void at::native::vectorized_elementwise_kernel<(int)4, at::native::bitwise_not_kernel_cuda(at::TensorIteratorBase &)::[lambda(bool) (instance 1)], std::array<char *, (unsigned long)2>>(int, T2, T3)"
:stage.process:model.layers.1.self_attn.v_proj,PushPop,1950204,1953352,1,256,1021218,3989.1,3936.0,3808,4192,149.5,"void at::native::elementwise_kernel<(int)128, (int)4, void at::native::gpu_kernel_impl_nocast<at::native::direct_copy_kernel_cuda(at::TensorIteratorBase &)::[lambda() (instance 3)]::operator ()() const::[lambda() (instance 10)]::operator ()() const::[lambda(c10::Half) (instance 1)]>(at::TensorIteratorBase &, const T1 &)::[lambda(int) (instance 1)]>(int, T3)"
:stage.process:model.layers.1.self_attn.v_proj,PushPop,1950204,1953352,1,263,930050,3536.3,3424.0,3200,8832,762.7,"void at::native::reduce_kernel<(int)512, (int)1, at::native::ReduceOp<bool, at::native::func_wrapper_t<bool, at::native::or_kernel_cuda(at::TensorIterator &)::[lambda() (instance 1)]::operator ()() const::[lambda() (instance 12)]::operator ()() const::[lambda(bool, bool) (instance 1)]>, unsigned int, bool, (int)4, (int)4>>(T3)"
:stage.process:model.layers.1.self_attn.v_proj,PushPop,1950204,1953352,1,638,895330,1403.3,1440.0,1312,3264,116.1,"void at::native::vectorized_elementwise_kernel<(int)2, at::native::FillFunctor<long>, std::array<char *, (unsigned long)1>>(int, T2, T3)"
:stage.process:model.layers.1.self_attn.v_proj,PushPop,1950204,1953352,1,587,802944,1367.9,1376.0,1248,2176,73.7,"void <unnamed>::elementwise_kernel_with_index<int, at::native::arange_cuda_out(const c10::Scalar &, const c10::Scalar &, const c10::Scalar &, at::Tensor &)::[lambda() (instance 1)]::operator ()() const::[lambda() (instance 4)]::operator ()() const::[lambda(long) (instance 1)]>(T1, T2, function_traits<T2>::result_type *)"
:stage.process:model.layers.1.self_attn.v_proj,PushPop,1950204,1953352,1,128,600417,4690.8,4672.0,4384,5056,102.9,"void at::native::unrolled_elementwise_kernel<at::native::CUDAFunctor_add<float>, std::array<char *, (unsigned long)3>, (int)4, TrivialOffsetCalculator<(int)2, unsigned int>, TrivialOffsetCalculator<(int)1, unsigned int>, at::native::memory::LoadWithCast<(int)2>, at::native::memory::StoreWithCast<(int)1>>(int, T1, T2, T4, T5, T6, T7)"
:stage.process:model.layers.1.self_attn.v_proj,PushPop,1950204,1953352,1,2,448928,224464.0,224464.0,224448,224480,22.6,ampere_sgemm_128x32_nn
:stage.process:model.layers.1.self_attn.v_proj,PushPop,1950204,1953352,1,263,441696,1679.5,1632.0,1600,2592,128.5,"void at::native::vectorized_elementwise_kernel<(int)4, at::native::BinaryFunctor<bool, bool, bool, at::native::BitwiseOrFunctor<bool>>, std::array<char *, (unsigned long)3>>(int, T2, T3)"
:stage.process:model.layers.1.self_attn.v_proj,PushPop,1950204,1953352,1,129,408961,3170.2,3104.0,2944,4000,148.8,"void at::native::elementwise_kernel<(int)128, (int)4, void at::native::gpu_kernel_impl_nocast<at::native::direct_copy_kernel_cuda(at::TensorIteratorBase &)::[lambda() (instance 3)]::operator ()() const::[lambda() (instance 1)]::operator ()() const::[lambda(unsigned char) (instance 1)]>(at::TensorIteratorBase &, const T1 &)::[lambda(int) (instance 1)]>(int, T3)"
:stage.process:model.layers.1.self_attn.v_proj,PushPop,1950204,1953352,1,42,381761,9089.5,8576.0,7392,11136,1308.5,ampere_sgemm_64x32_sliced1x4_nn
:stage.process:model.layers.1.self_attn.v_proj,PushPop,1950204,1953352,1,114,350080,3070.9,3104.0,2496,3648,254.9,"void cublasLt::splitKreduce_kernel<(int)32, (int)16, int, float, float, float, float, (bool)0, float, float, float, (bool)1, (bool)0, (bool)0, (bool)0>(cublasLt::cublasSplitKParams<T6>, const T4 *, const T10 *, T9 *, T5 *, const T6 *, const T6 *, const T11 *, const T4 *, T11 *, void *, long, T6 *, int *, T6 *, T6 *, const T6 *, const T6 *, const T6 *, const T6 *, const T6 *)"
:stage.process:model.layers.1.self_attn.v_proj,PushPop,1950204,1953352,1,4,288673,72168.3,71696.0,71169,74112,1321.0,ampere_sgemm_32x128_tn
:stage.process:model.layers.1.self_attn.v_proj,PushPop,1950204,1953352,1,128,264930,2069.8,2080.0,2048,2112,15.5,"void at::native::elementwise_kernel<(int)128, (int)2, void at::native::gpu_kernel_impl_nocast<at::native::BUnaryFunctor<long, long, long, at::native::rshift_kernel_cuda(at::TensorIteratorBase &)::[lambda() (instance 1)]::operator ()() const::[lambda() (instance 4)]::operator ()() const::[lambda(long, long) (instance 1)]>>(at::TensorIteratorBase &, const T1 &)::[lambda(int) (instance 1)]>(int, T3)"
:stage.process:model.layers.1.self_attn.v_proj,PushPop,1950204,1953352,1,132,247136,1872.2,1760.0,1664,6816,828.5,"void at::native::vectorized_elementwise_kernel<(int)4, at::native::BinaryFunctor<long, long, bool, at::native::<unnamed>::CompareEqFunctor<long>>, std::array<char *, (unsigned long)3>>(int, T2, T3)"
:stage.process:model.layers.1.self_attn.v_proj,PushPop,1950204,1953352,1,12,209536,17461.3,20256.0,11296,21056,4465.6,"void at::native::<unnamed>::CatArrayBatchedCopy<at::native::<unnamed>::OpaqueType<(unsigned int)4>, unsigned int, (int)2, (int)64, (int)64>(T1 *, at::native::<unnamed>::CatArrInputTensorMetadata<T1, T2, T4, T5>, at::native::<unnamed>::TensorSizeStride<T2, (unsigned int)4>, int, T2)"
:stage.process:model.layers.1.self_attn.v_proj,PushPop,1950204,1953352,1,3,179745,59915.0,87424.0,4704,87617,47814.2,"void at::native::reduce_kernel<(int)512, (int)1, at::native::ReduceOp<long, at::native::func_wrapper_t<long, at::native::sum_functor<long, long, long>::operator ()(at::TensorIterator &)::[lambda(long, long) (instance 1)]>, unsigned int, long, (int)4, (int)4>>(T3)"
:stage.process:model.layers.1.self_attn.v_proj,PushPop,1950204,1953352,1,11,155584,14144.0,3744.0,2336,62848,24057.2,"void at::native::vectorized_elementwise_kernel<(int)2, at::native::AUnaryFunctor<long, long, long, at::native::BitwiseAndFunctor<long>>, std::array<char *, (unsigned long)2>>(int, T2, T3)"
:stage.process:model.layers.1.self_attn.v_proj,PushPop,1950204,1953352,1,4,144992,36248.0,36240.0,4864,67648,36220.7,"void at::native::elementwise_kernel<(int)128, (int)2, void at::native::gpu_kernel_impl_nocast<at::native::BinaryFunctor<long, long, long, at::native::rshift_kernel_cuda(at::TensorIteratorBase &)::[lambda() (instance 1)]::operator ()() const::[lambda() (instance 4)]::operator ()() const::[lambda(long, long) (instance 1)]>>(at::TensorIteratorBase &, const T1 &)::[lambda(int) (instance 1)]>(int, T3)"
:stage.process:model.layers.1.self_attn.v_proj,PushPop,1950204,1953352,1,4,143456,35864.0,36240.0,3488,67488,36430.3,"void at::native::elementwise_kernel<(int)128, (int)2, void at::native::gpu_kernel_impl_nocast<at::native::BinaryFunctor<long, long, long, at::native::lshift_kernel_cuda(at::TensorIteratorBase &)::[lambda() (instance 1)]::operator ()() const::[lambda() (instance 4)]::operator ()() const::[lambda(long, long) (instance 1)]>>(at::TensorIteratorBase &, const T1 &)::[lambda(int) (instance 1)]>(int, T3)"
:stage.process:model.layers.1.self_attn.v_proj,PushPop,1950204,1953352,1,1,134048,134048.0,134048.0,134048,134048,0.0,ampere_sgemm_128x32_tn
:stage.process:model.layers.1.self_attn.v_proj,PushPop,1950204,1953352,1,6,132193,22032.2,22000.0,16192,27969,6386.2,"void trsm_batch_left_upper_kernel_small<float, (int)16, (int)16, (int)64>(cublasTrsmBatchParams<T1>, const T1 *const *, T1 *const *, const T1 *, T1)"
:stage.process:model.layers.1.self_attn.v_proj,PushPop,1950204,1953352,1,3,120576,40192.0,56256.0,7424,56896,28379.7,"void at::native::index_elementwise_kernel<(int)128, (int)4, void at::native::gpu_index_kernel<void at::native::index_kernel_impl<at::native::OpaqueType<(int)8>>(at::TensorIteratorBase &, c10::ArrayRef<long>, c10::ArrayRef<long>)::[lambda(char *, const char *, long) (instance 1)]>(at::TensorIteratorBase &, c10::ArrayRef<long>, c10::ArrayRef<long>, const T1 &, bool)::[lambda(int) (instance 1)]>(long, T3)"
:stage.process:model.layers.1.self_attn.v_proj,PushPop,1950204,1953352,1,3,97184,32394.7,45344.0,6368,45472,22539.8,"void at::native::triu_tril_kernel<float, int, (bool)0, (int)2, (bool)1>(at::cuda::detail::TensorInfo<T1, T2>, at::cuda::detail::TensorInfo<const T1, T2>, long, long, T2)"
:stage.process:model.layers.1.self_attn.v_proj,PushPop,1950204,1953352,1,10,80800,8080.0,6112.0,3392,20736,6133.2,"void at::native::elementwise_kernel<(int)128, (int)2, void at::native::gpu_kernel_impl_nocast<at::native::BinaryFunctor<float, float, float, at::native::binary_internal::MulFunctor<float>>>(at::TensorIteratorBase &, const T1 &)::[lambda(int) (instance 1)]>(int, T3)"
:stage.process:model.layers.1.self_attn.v_proj,PushPop,1950204,1953352,1,10,80032,8003.2,8016.0,7424,8352,243.4,"void at::native::reduce_kernel<(int)512, (int)1, at::native::ReduceOp<float, at::native::func_wrapper_t<float, at::native::sum_functor<float, float, float>::operator ()(at::TensorIterator &)::[lambda(float, float) (instance 1)]>, unsigned int, float, (int)4, (int)4>>(T3)"
:stage.process:model.layers.1.self_attn.v_proj,PushPop,1950204,1953352,1,10,68992,6899.2,7616.0,3392,8000,1715.3,"void at::native::reduce_kernel<(int)512, (int)1, at::native::ReduceOp<float, at::native::MeanOps<float, float, float, float>, unsigned int, float, (int)4, (int)4>>(T3)"
:stage.process:model.layers.1.self_attn.v_proj,PushPop,1950204,1953352,1,14,60416,4315.4,3248.0,1312,8416,2537.3,"void at::native::vectorized_elementwise_kernel<(int)4, at::native::FillFunctor<float>, std::array<char *, (unsigned long)1>>(int, T2, T3)"
:stage.process:model.layers.1.self_attn.v_proj,PushPop,1950204,1953352,1,9,45696,5077.3,3776.0,1600,11712,3813.3,"void at::native::vectorized_elementwise_kernel<(int)4, at::native::BUnaryFunctor<float, float, float, at::native::binary_internal::MulFunctor<float>>, std::array<char *, (unsigned long)2>>(int, T2, T3)"
:stage.process:model.layers.1.self_attn.v_proj,PushPop,1950204,1953352,1,9,39264,4362.7,4352.0,4256,4512,90.5,"void at::native::vectorized_elementwise_kernel<(int)4, at::native::BinaryFunctor<float, float, float, at::native::binary_internal::MulFunctor<float>>, std::array<char *, (unsigned long)3>>(int, T2, T3)"
:stage.process:model.layers.1.self_attn.v_proj,PushPop,1950204,1953352,1,10,38912,3891.2,3888.0,3840,3968,45.8,"void dot_kernel<float, (int)128, (int)0, cublasDotParams<cublasGemvTensorStridedBatched<const float>, cublasGemvTensorStridedBatched<float>>>(T4)"
:stage.process:model.layers.1.self_attn.v_proj,PushPop,1950204,1953352,1,10,36544,3654.4,3408.0,3264,4256,428.7,"void at::native::elementwise_kernel<(int)128, (int)2, void at::native::gpu_kernel_impl_nocast<at::native::CUDAFunctorOnSelf_add<float>>(at::TensorIteratorBase &, const T1 &)::[lambda(int) (instance 1)]>(int, T3)"
:stage.process:model.layers.1.self_attn.v_proj,PushPop,1950204,1953352,1,10,27680,2768.0,2784.0,2688,2816,50.6,"void reduce_1Block_kernel<float, (int)128, (int)7, cublasGemvTensorStridedBatched<float>, cublasGemvTensorStridedBatched<const float>, cublasGemvTensorStridedBatched<float>>(const T1 *, T1, T4, int, const T1 *, T1, T5, T6, cublasPointerMode_t, cublasLtEpilogue_t, cublasGemvTensorStridedBatched<const biasType<T6::value_type, T1>::type>)"
:stage.process:model.layers.1.self_attn.v_proj,PushPop,1950204,1953352,1,12,25120,2093.3,2128.0,1856,2400,187.3,"void at::native::vectorized_elementwise_kernel<(int)4, at::native::<unnamed>::CompareFunctor<float>, std::array<char *, (unsigned long)3>>(int, T2, T3)"
:stage.process:model.layers.1.self_attn.v_proj,PushPop,1950204,1953352,1,6,20704,3450.7,1680.0,1440,11712,4066.2,"void at::native::vectorized_elementwise_kernel<(int)4, at::native::AUnaryFunctor<float, float, float, at::native::binary_internal::MulFunctor<float>>, std::array<char *, (unsigned long)2>>(int, T2, T3)"
:stage.process:model.layers.1.self_attn.v_proj,PushPop,1950204,1953352,1,1,15200,15200.0,15200.0,15200,15200,0.0,"void at::native::<unnamed>::CatArrayBatchedCopy_alignedK_contig<at::native::<unnamed>::OpaqueType<(unsigned int)8>, unsigned int, (int)3, (int)128, (int)1, (int)16>(T1 *, at::native::<unnamed>::CatArrInputTensorMetadata<T1, T2, T4, T5>, at::native::<unnamed>::TensorSizeStride<T2, (unsigned int)4>, int, T2)"
:stage.process:model.layers.1.self_attn.v_proj,PushPop,1950204,1953352,1,4,14944,3736.0,3728.0,3648,3840,88.1,"void at::native::vectorized_elementwise_kernel<(int)2, at::native::BUnaryFunctor<long, long, long, at::native::rshift_kernel_cuda(at::TensorIteratorBase &)::[lambda() (instance 1)]::operator ()() const::[lambda() (instance 4)]::operator ()() const::[lambda(long, long) (instance 1)]>, std::array<char *, (unsigned long)2>>(int, T2, T3)"
:stage.process:model.layers.1.self_attn.v_proj,PushPop,1950204,1953352,1,4,14144,3536.0,3536.0,3456,3616,76.2,"void at::native::vectorized_elementwise_kernel<(int)2, at::native::BUnaryFunctor<long, long, long, at::native::remainder_kernel_cuda(at::TensorIteratorBase &)::[lambda() (instance 1)]::operator ()() const::[lambda() (instance 4)]::operator ()() const::[lambda(long, long) (instance 1)]>, std::array<char *, (unsigned long)2>>(int, T2, T3)"
:stage.process:model.layers.1.self_attn.v_proj,PushPop,1950204,1953352,1,3,13536,4512.0,4064.0,4032,5440,803.8,"void at::native::vectorized_elementwise_kernel<(int)2, at::native::BinaryFunctor<long, long, long, at::native::BitwiseXorFunctor<long>>, std::array<char *, (unsigned long)3>>(int, T2, T3)"
:stage.process:model.layers.1.self_attn.v_proj,PushPop,1950204,1953352,1,8,12256,1532.0,1536.0,1440,1568,39.9,"void at::native::unrolled_elementwise_kernel<at::native::AUnaryFunctor<long, long, long, at::native::BitwiseAndFunctor<long>>, std::array<char *, (unsigned long)2>, (int)4, TrivialOffsetCalculator<(int)1, unsigned int>, TrivialOffsetCalculator<(int)1, unsigned int>, at::native::memory::LoadWithoutCast, at::native::memory::StoreWithoutCast>(int, T1, T2, T4, T5, T6, T7)"
:stage.process:model.layers.1.self_attn.v_proj,PushPop,1950204,1953352,1,3,12128,4042.7,4064.0,3680,4384,352.5,"void at::native::unrolled_elementwise_kernel<at::native::direct_copy_kernel_cuda(at::TensorIteratorBase &)::[lambda() (instance 3)]::operator ()() const::[lambda() (instance 3)]::operator ()() const::[lambda(int) (instance 1)], std::array<char *, (unsigned long)2>, (int)4, TrivialOffsetCalculator<(int)1, unsigned int>, TrivialOffsetCalculator<(int)1, unsigned int>, at::native::memory::LoadWithCast<(int)1>, at::native::memory::StoreWithCast<(int)1>>(int, T1, T2, T4, T5, T6, T7)"
:stage.process:model.layers.1.self_attn.v_proj,PushPop,1950204,1953352,1,6,12064,2010.7,1680.0,1632,3712,833.8,"void at::native::vectorized_elementwise_kernel<(int)2, at::native::AUnaryFunctor<long, long, long, at::native::binary_internal::MulFunctor<long>>, std::array<char *, (unsigned long)2>>(int, T2, T3)"
:stage.process:model.layers.1.self_attn.v_proj,PushPop,1950204,1953352,1,6,11040,1840.0,1840.0,1824,1856,17.5,"void at::native::vectorized_elementwise_kernel<(int)4, at::native::FillFunctor<unsigned char>, std::array<char *, (unsigned long)1>>(int, T2, T3)"
:stage.process:model.layers.1.self_attn.v_proj,PushPop,1950204,1953352,1,3,10688,3562.7,3584.0,3392,3712,161.1,"void at::native::elementwise_kernel<(int)128, (int)2, void at::native::gpu_kernel_impl_nocast<at::native::direct_copy_kernel_cuda(at::TensorIteratorBase &)::[lambda() (instance 3)]::operator ()() const::[lambda() (instance 3)]::operator ()() const::[lambda(int) (instance 1)]>(at::TensorIteratorBase &, const T1 &)::[lambda(int) (instance 1)]>(int, T3)"
:stage.process:model.layers.1.self_attn.v_proj,PushPop,1950204,1953352,1,5,10336,2067.2,1664.0,1600,3744,938.0,"void at::native::vectorized_elementwise_kernel<(int)2, at::native::CUDAFunctorOnSelf_add<long>, std::array<char *, (unsigned long)2>>(int, T2, T3)"
:stage.process:model.layers.1.self_attn.v_proj,PushPop,1950204,1953352,1,3,9792,3264.0,3264.0,3200,3328,64.0,"void at::native::unrolled_elementwise_kernel<at::native::direct_copy_kernel_cuda(at::TensorIteratorBase &)::[lambda() (instance 3)]::operator ()() const::[lambda() (instance 1)]::operator ()() const::[lambda(unsigned char) (instance 1)], std::array<char *, (unsigned long)2>, (int)4, TrivialOffsetCalculator<(int)1, unsigned int>, TrivialOffsetCalculator<(int)1, unsigned int>, at::native::memory::LoadWithCast<(int)1>, at::native::memory::StoreWithCast<(int)1>>(int, T1, T2, T4, T5, T6, T7)"
:stage.process:model.layers.1.self_attn.v_proj,PushPop,1950204,1953352,1,2,8352,4176.0,4176.0,4160,4192,22.6,"void at::native::vectorized_elementwise_kernel<(int)2, at::native::BinaryFunctor<long, long, long, at::native::BitwiseOrFunctor<long>>, std::array<char *, (unsigned long)3>>(int, T2, T3)"
:stage.process:model.layers.1.self_attn.v_proj,PushPop,1950204,1953352,1,1,7840,7840.0,7840.0,7840,7840,0.0,"void at::native::reduce_kernel<(int)128, (int)4, at::native::ReduceOp<long, at::native::func_wrapper_t<long, at::native::sum_functor<long, long, long>::operator ()(at::TensorIterator &)::[lambda(long, long) (instance 1)]>, unsigned int, long, (int)4, (int)4>>(T3)"
:stage.process:model.layers.1.self_attn.v_proj,PushPop,1950204,1953352,1,3,7744,2581.3,2560.0,2560,2624,37.0,"void at::native::vectorized_elementwise_kernel<(int)4, at::native::AUnaryFunctor<unsigned char, unsigned char, bool, at::native::<unnamed>::CompareEqFunctor<unsigned char>>, std::array<char *, (unsigned long)2>>(int, T2, T3)"
:stage.process:model.layers.1.self_attn.v_proj,PushPop,1950204,1953352,1,2,7648,3824.0,3824.0,3776,3872,67.9,"void at::native::vectorized_elementwise_kernel<(int)2, at::native::BUnaryFunctor<long, long, long, at::native::lshift_kernel_cuda(at::TensorIteratorBase &)::[lambda() (instance 1)]::operator ()() const::[lambda() (instance 4)]::operator ()() const::[lambda(long, long) (instance 1)]>, std::array<char *, (unsigned long)2>>(int, T2, T3)"
:stage.process:model.layers.1.self_attn.v_proj,PushPop,1950204,1953352,1,4,7552,1888.0,1872.0,1856,1952,45.3,"void at::native::vectorized_elementwise_kernel<(int)4, void at::native::compare_scalar_kernel<c10::Half>(at::TensorIteratorBase &, at::native::<unnamed>::OpType, T1)::[lambda(c10::Half) (instance 1)], std::array<char *, (unsigned long)2>>(int, T2, T3)"
:stage.process:model.layers.1.self_attn.v_proj,PushPop,1950204,1953352,1,2,7328,3664.0,3664.0,3648,3680,22.6,"void at::native::vectorized_elementwise_kernel<(int)2, at::native::BUnaryFunctor<long, long, long, at::native::binary_internal::div_floor_kernel_cuda(at::TensorIteratorBase &)::[lambda() (instance 1)]::operator ()() const::[lambda() (instance 4)]::operator ()() const::[lambda(long, long) (instance 1)]>, std::array<char *, (unsigned long)2>>(int, T2, T3)"
:stage.process:model.layers.1.self_attn.v_proj,PushPop,1950204,1953352,1,4,6944,1736.0,1712.0,1664,1856,84.2,"void at::native::vectorized_elementwise_kernel<(int)4, at::native::FillFunctor<bool>, std::array<char *, (unsigned long)1>>(int, T2, T3)"
:stage.process:model.layers.1.self_attn.v_proj,PushPop,1950204,1953352,1,2,6496,3248.0,3248.0,3168,3328,113.1,"void at::native::elementwise_kernel<(int)128, (int)2, void at::native::gpu_kernel_impl_nocast<at::native::AbsFunctor<float>>(at::TensorIteratorBase &, const T1 &)::[lambda(int) (instance 1)]>(int, T3)"
:stage.process:model.layers.1.self_attn.v_proj,PushPop,1950204,1953352,1,2,6336,3168.0,3168.0,3168,3168,0.0,"void at::native::elementwise_kernel<(int)128, (int)2, void at::native::gpu_kernel_impl_nocast<at::native::CUDAFunctor_add<long>>(at::TensorIteratorBase &, const T1 &)::[lambda(int) (instance 1)]>(int, T3)"
:stage.process:model.layers.1.self_attn.v_proj,PushPop,1950204,1953352,1,1,6176,6176.0,6176.0,6176,6176,0.0,"void at::native::elementwise_kernel<(int)128, (int)2, void at::native::gpu_kernel_impl_nocast<at::native::BinaryFunctor<float, float, float, at::native::binary_internal::DivFunctor<float>>>(at::TensorIteratorBase &, const T1 &)::[lambda(int) (instance 1)]>(int, T3)"
:stage.process:model.layers.1.self_attn.v_proj,PushPop,1950204,1953352,1,3,5760,1920.0,1792.0,1664,2304,338.7,"void at::native::vectorized_elementwise_kernel<(int)4, at::native::BinaryFunctor<float, float, float, at::native::maximum_kernel_cuda(at::TensorIteratorBase &)::[lambda() (instance 2)]::operator ()() const::[lambda() (instance 2)]::operator ()() const::[lambda(float, float) (instance 1)]>, std::array<char *, (unsigned long)3>>(int, T2, T3)"
:stage.process:model.layers.1.self_attn.v_proj,PushPop,1950204,1953352,1,1,5760,5760.0,5760.0,5760,5760,0.0,"void at::native::vectorized_elementwise_kernel<(int)4, void at::native::<unnamed>::pow_tensor_scalar_kernel_impl<float, float>(at::TensorIteratorBase &, T2)::[lambda(float) (instance 1)], std::array<char *, (unsigned long)2>>(int, T2, T3)"
:stage.process:model.layers.1.self_attn.v_proj,PushPop,1950204,1953352,1,2,4736,2368.0,2368.0,2368,2368,0.0,"void at::native::vectorized_elementwise_kernel<(int)2, at::native::CUDAFunctorOnOther_add<long>, std::array<char *, (unsigned long)2>>(int, T2, T3)"
:stage.process:model.layers.1.self_attn.v_proj,PushPop,1950204,1953352,1,3,4704,1568.0,1568.0,1376,1760,192.0,"xxtrf4_set_info_ker(int, int *)"
:stage.process:model.layers.1.self_attn.v_proj,PushPop,1950204,1953352,1,1,4416,4416.0,4416.0,4416,4416,0.0,"void at::native::vectorized_elementwise_kernel<(int)4, at::native::float16_copy_kernel_cuda(at::TensorIteratorBase &)::[lambda(float) (instance 1)], std::array<char *, (unsigned long)2>>(int, T2, T3)"
:stage.process:model.layers.1.self_attn.v_proj,PushPop,1950204,1953352,1,1,4256,4256.0,4256.0,4256,4256,0.0,"void at::native::<unnamed>::CatArrayBatchedCopy_vectorized<at::native::<unnamed>::OpaqueType<(unsigned int)2>, unsigned int, (int)1, (int)128, (int)1, (int)16, (int)8>(char *, at::native::<unnamed>::CatArrInputTensorMetadata<T1, T2, T4, T5>, at::native::<unnamed>::TensorSizeStride<T2, (unsigned int)4>, int, T2)"
:stage.process:model.layers.1.self_attn.v_proj,PushPop,1950204,1953352,1,1,2528,2528.0,2528.0,2528,2528,0.0,"void at::native::vectorized_elementwise_kernel<(int)4, at::native::AUnaryFunctor<unsigned char, unsigned char, unsigned char, at::native::binary_internal::MulFunctor<unsigned char>>, std::array<char *, (unsigned long)2>>(int, T2, T3)"
:stage.process:model.layers.1.self_attn.v_proj,PushPop,1950204,1953352,1,1,2496,2496.0,2496.0,2496,2496,0.0,"void at::native::vectorized_elementwise_kernel<(int)4, at::native::BinaryFunctor<unsigned char, unsigned char, bool, at::native::<unnamed>::CompareEqFunctor<unsigned char>>, std::array<char *, (unsigned long)3>>(int, T2, T3)"
:stage.process:model.layers.1.self_attn.v_proj,PushPop,1950204,1953352,1,1,2368,2368.0,2368.0,2368,2368,0.0,"void at::native::unrolled_elementwise_kernel<at::native::direct_copy_kernel_cuda(at::TensorIteratorBase &)::[lambda() (instance 3)]::operator ()() const::[lambda() (instance 11)]::operator ()() const::[lambda(bool) (instance 1)], std::array<char *, (unsigned long)2>, (int)4, TrivialOffsetCalculator<(int)1, unsigned int>, TrivialOffsetCalculator<(int)1, unsigned int>, at::native::memory::LoadWithCast<(int)1>, at::native::memory::StoreWithCast<(int)1>>(int, T1, T2, T4, T5, T6, T7)"
:stage.process:model.layers.1.self_attn.v_proj,PushPop,1950204,1953352,1,1,2080,2080.0,2080.0,2080,2080,0.0,"void at::native::unrolled_elementwise_kernel<at::native::<unnamed>::CompareFunctor<c10::Half>, std::array<char *, (unsigned long)3>, (int)4, TrivialOffsetCalculator<(int)2, unsigned int>, TrivialOffsetCalculator<(int)1, unsigned int>, at::native::memory::LoadWithoutCast, at::native::memory::StoreWithoutCast>(int, T1, T2, T4, T5, T6, T7)"
:stage.process:model.layers.1.self_attn.v_proj,PushPop,1950204,1953352,1,1,1984,1984.0,1984.0,1984,1984,0.0,"void at::native::vectorized_elementwise_kernel<(int)4, at::native::sqrt_kernel_cuda(at::TensorIteratorBase &)::[lambda() (instance 2)]::operator ()() const::[lambda() (instance 2)]::operator ()() const::[lambda(float) (instance 1)], std::array<char *, (unsigned long)2>>(int, T2, T3)"
:stage.process:model.layers.1.self_attn.v_proj,PushPop,1950204,1953352,1,1,1760,1760.0,1760.0,1760,1760,0.0,"void at::native::vectorized_elementwise_kernel<(int)4, at::native::<unnamed>::launch_clamp_scalar(at::TensorIteratorBase &, c10::Scalar, c10::Scalar, at::native::detail::ClampLimits)::[lambda() (instance 1)]::operator ()() const::[lambda() (instance 7)]::operator ()() const::[lambda(float) (instance 1)], std::array<char *, (unsigned long)2>>(int, T2, T3)"
CCCL:cub::DeviceRadixSort,PushPop,1950204,1952247,8,16,148959,9309.9,9136.0,8000,11040,889.5,"void at_cuda_detail::cub::detail::radix_sort::DeviceRadixSortOnesweepKernel<at_cuda_detail::cub::detail::radix::policy_hub<long, at::cuda::cub::detail::OpaqueType<(int)8>, unsigned long long>::Policy1000, (at_cuda_detail::cub::SortOrder)0, long, at::cuda::cub::detail::OpaqueType<(int)8>, unsigned long long, int, int, at_cuda_detail::cub::detail::identity_decomposer_t>(T7 *, T7 *, T5 *, const T5 *, T3 *, const T3 *, T4 *, const T4 *, T6, int, int, T8)"
CCCL:cub::DeviceRadixSort,PushPop,1950204,1952247,8,8,51968,6496.0,6656.0,5568,7104,546.3,"void at_cuda_detail::cub::detail::radix_sort::DeviceRadixSortSingleTileKernel<at_cuda_detail::cub::detail::radix::policy_hub<long, at::cuda::cub::detail::OpaqueType<(int)8>, unsigned long long>::Policy1000, (at_cuda_detail::cub::SortOrder)0, long, at::cuda::cub::detail::OpaqueType<(int)8>, unsigned long long, at_cuda_detail::cub::detail::identity_decomposer_t>(const T3 *, T3 *, const T4 *, T4 *, T5, int, int, T6)"
CCCL:cub::DeviceRadixSort,PushPop,1950204,1952247,8,8,28192,3524.0,3488.0,3360,3712,131.9,"void at_cuda_detail::cub::detail::radix_sort::DeviceRadixSortHistogramKernel<at_cuda_detail::cub::detail::radix::policy_hub<long, at::cuda::cub::detail::OpaqueType<(int)8>, unsigned long long>::Policy1000, (at_cuda_detail::cub::SortOrder)0, long, unsigned long long, at_cuda_detail::cub::detail::identity_decomposer_t>(T4 *, const T3 *, T4, int, int, T5)"
CCCL:cub::DeviceRadixSort,PushPop,1950204,1952247,8,8,18432,2304.0,2272.0,2208,2464,99.7,"void at_cuda_detail::cub::detail::radix_sort::DeviceRadixSortExclusiveSumKernel<at_cuda_detail::cub::detail::radix::policy_hub<long, at::cuda::cub::detail::OpaqueType<(int)8>, unsigned long long>::Policy1000, unsigned long long>(T2 *)"
CCCL:cub::DeviceReduce::Sum,PushPop,1950204,1950204,3596,3596,7987705,2221.3,1984.0,1600,5024,565.2,"void at_cuda_detail::cub::detail::reduce::DeviceReduceSingleTileKernel<at_cuda_detail::cub::detail::reduce::policy_hub<int, unsigned long long, cuda::std::__4::plus<void>>::Policy1000, thrust::_V_300200_SM_750_800_860_900_1000_1200::transform_iterator<at::native::<unnamed>::NonZeroOp<bool>, const bool *, thrust::_V_300200_SM_750_800_860_900_1000_1200::use_default, thrust::_V_300200_SM_750_800_860_900_1000_1200::use_default>, int *, unsigned long long, cuda::std::__4::plus<void>, int, int, cuda::std::__4::identity>(T2, T3, T4, T5, T6, T8)"
CCCL:cub::DeviceReduce::Sum,PushPop,1950204,1950204,4,4,13984,3496.0,3472.0,2976,4064,454.3,"void at_cuda_detail::cub::detail::reduce::DeviceReduceKernel<at_cuda_detail::cub::detail::reduce::policy_hub<int, unsigned long long, cuda::std::__4::plus<void>>::Policy1000, thrust::_V_300200_SM_750_800_860_900_1000_1200::transform_iterator<at::native::<unnamed>::NonZeroOp<bool>, const bool *, thrust::_V_300200_SM_750_800_860_900_1000_1200::use_default, thrust::_V_300200_SM_750_800_860_900_1000_1200::use_default>, unsigned long long, cuda::std::__4::plus<void>, int, cuda::std::__4::identity>(T2, T5 *, T3, at_cuda_detail::cub::GridEvenShare<T3>, T4, T6)"
CCCL:cub::DeviceReduce::Sum,PushPop,1950204,1950204,4,4,8960,2240.0,2224.0,2144,2368,94.2,"void at_cuda_detail::cub::detail::reduce::DeviceReduceSingleTileKernel<at_cuda_detail::cub::detail::reduce::policy_hub<int, unsigned long long, cuda::std::__4::plus<void>>::Policy1000, int *, int *, int, cuda::std::__4::plus<void>, int, int, cuda::std::__4::identity>(T2, T3, T4, T5, T6, T8)"
CCCL:cub::DeviceReduce::Sum,PushPop,1950204,1952247,12,12,53535,4461.3,4496.0,3872,5024,367.7,"void at_cuda_detail::cub::detail::reduce::DeviceReduceSingleTileKernel<at_cuda_detail::cub::detail::reduce::policy_hub<int, unsigned long long, cuda::std::__4::plus<void>>::Policy1000, thrust::_V_300200_SM_750_800_860_900_1000_1200::transform_iterator<at::native::<unnamed>::NonZeroOp<bool>, const bool *, thrust::_V_300200_SM_750_800_860_900_1000_1200::use_default, thrust::_V_300200_SM_750_800_860_900_1000_1200::use_default>, int *, unsigned long long, cuda::std::__4::plus<void>, int, int, cuda::std::__4::identity>(T2, T3, T4, T5, T6, T8)"
CCCL:cub::DeviceReduce::Sum,PushPop,1950204,1952247,4,4,16992,4248.0,4400.0,3424,4768,577.4,"void at_cuda_detail::cub::detail::reduce::DeviceReduceKernel<at_cuda_detail::cub::detail::reduce::policy_hub<int, unsigned long long, cuda::std::__4::plus<void>>::Policy1000, thrust::_V_300200_SM_750_800_860_900_1000_1200::transform_iterator<at::native::<unnamed>::NonZeroOp<bool>, const bool *, thrust::_V_300200_SM_750_800_860_900_1000_1200::use_default, thrust::_V_300200_SM_750_800_860_900_1000_1200::use_default>, unsigned long long, cuda::std::__4::plus<void>, int, cuda::std::__4::identity>(T2, T5 *, T3, at_cuda_detail::cub::GridEvenShare<T3>, T4, T6)"
CCCL:cub::DeviceReduce::Sum,PushPop,1950204,1952247,4,4,10016,2504.0,2528.0,2304,2656,155.4,"void at_cuda_detail::cub::detail::reduce::DeviceReduceSingleTileKernel<at_cuda_detail::cub::detail::reduce::policy_hub<int, unsigned long long, cuda::std::__4::plus<void>>::Policy1000, int *, int *, int, cuda::std::__4::plus<void>, int, int, cuda::std::__4::identity>(T2, T3, T4, T5, T6, T8)"
CCCL:cub::DeviceSelect::Flagged,PushPop,1950204,1950204,3600,3600,9460003,2627.8,2560.0,2304,4928,200.1,"void at_cuda_detail::cub::detail::select::DeviceSelectSweepKernel<at_cuda_detail::cub::detail::select::policy_hub<long, bool, int, (bool)0, (at_cuda_detail::cub::SelectImpl)0>::Policy1000, thrust::_V_300200_SM_750_800_860_900_1000_1200::counting_iterator<long, thrust::_V_300200_SM_750_800_860_900_1000_1200::use_default, thrust::_V_300200_SM_750_800_860_900_1000_1200::use_default, thrust::_V_300200_SM_750_800_860_900_1000_1200::use_default, thrust::_V_300200_SM_750_800_860_900_1000_1200::compile_time_value<(int)1>>, thrust::_V_300200_SM_750_800_860_900_1000_1200::transform_iterator<at::native::<unnamed>::NonZeroOp<bool>, const bool *, thrust::_V_300200_SM_750_800_860_900_1000_1200::use_default, thrust::_V_300200_SM_750_800_860_900_1000_1200::use_default>, long *, int *, at_cuda_detail::cub::ScanTileState<int, (bool)1>, at_cuda_detail::cub::NullType, at_cuda_detail::cub::NullType, int, at_cuda_detail::cub::detail::select::streaming_context_t<long, (bool)1>, (at_cuda_detail::cub::SelectImpl)0>(T2, T3, T4, T5, T6, T7, T8, T9, int, T10, at_cuda_detail::cub::detail::vsmem_t)"
CCCL:cub::DeviceSelect::Flagged,PushPop,1950204,1950204,3600,3600,4953020,1375.8,1344.0,1184,1952,163.4,"void at_cuda_detail::cub::detail::scan::DeviceCompactInitKernel<at_cuda_detail::cub::ScanTileState<int, (bool)1>, int *>(T1, int, T2)"
CCCL:cub::DeviceSelect::Flagged,PushPop,1950204,1952247,16,16,60159,3759.9,3664.0,2944,4672,684.2,"void at_cuda_detail::cub::detail::select::DeviceSelectSweepKernel<at_cuda_detail::cub::detail::select::policy_hub<long, bool, int, (bool)0, (at_cuda_detail::cub::SelectImpl)0>::Policy1000, thrust::_V_300200_SM_750_800_860_900_1000_1200::counting_iterator<long, thrust::_V_300200_SM_750_800_860_900_1000_1200::use_default, thrust::_V_300200_SM_750_800_860_900_1000_1200::use_default, thrust::_V_300200_SM_750_800_860_900_1000_1200::use_default, thrust::_V_300200_SM_750_800_860_900_1000_1200::compile_time_value<(int)1>>, thrust::_V_300200_SM_750_800_860_900_1000_1200::transform_iterator<at::native::<unnamed>::NonZeroOp<bool>, const bool *, thrust::_V_300200_SM_750_800_860_900_1000_1200::use_default, thrust::_V_300200_SM_750_800_860_900_1000_1200::use_default>, long *, int *, at_cuda_detail::cub::ScanTileState<int, (bool)1>, at_cuda_detail::cub::NullType, at_cuda_detail::cub::NullType, int, at_cuda_detail::cub::detail::select::streaming_context_t<long, (bool)1>, (at_cuda_detail::cub::SelectImpl)0>(T2, T3, T4, T5, T6, T7, T8, T9, int, T10, at_cuda_detail::cub::detail::vsmem_t)"
CCCL:cub::DeviceSelect::Flagged,PushPop,1950204,1952247,16,16,26304,1644.0,1712.0,1376,1792,139.7,"void at_cuda_detail::cub::detail::scan::DeviceCompactInitKernel<at_cuda_detail::cub::ScanTileState<int, (bool)1>, int *>(T1, int, T2)"
