NVTX Range,Style,PID,TID,NVTX Inst,Kern Inst,Total Time (ns),Avg (ns),Med (ns),Min (ns),Max (ns),StdDev (ns),Kernel Name
,,2429084,2430430,0,224,7810384498,34867787.9,6575610.5,771325,102328107,43099503.4,ampere_sgemm_128x128_tn
,,2429084,2430430,0,448,5959819618,13303168.8,3123944.0,129472,101258930,25457575.0,ampere_sgemm_128x128_nt
,,2429084,2430430,0,384,171755563,447280.1,333439.0,18815,1199354,331905.2,ampere_fp16_s16816gemm_fp16_256x128_ldg8_f2f_stages_32x3_nn
,,2429084,2430430,0,448,131986335,294612.4,78224.0,7679,1143515,440371.7,"void at::native::reduce_kernel<(int)128, (int)4, at::native::ReduceOp<float, at::native::func_wrapper_t<float, at::native::sum_functor<float, float, float>::operator ()(at::TensorIterator &)::[lambda(float, float) (instance 1)]>, unsigned int, float, (int)4, (int)4>>(T3)"
,,2429084,2430430,0,1840,129716275,70498.0,17792.0,1792,2254005,233841.5,"void at::native::vectorized_elementwise_kernel<(int)4, at::native::BinaryFunctor<float, float, float, at::native::binary_internal::MulFunctor<float>>, std::array<char *, (unsigned long)3>>(int, T2, T3)"
,,2429084,2430430,0,189,127333082,673720.0,225311.0,163455,16056149,1755575.3,ampere_fp16_s16816gemm_fp16_256x128_ldg8_f2f_stages_64x3_nn
,,2429084,2430430,0,256,126156296,492798.0,183535.5,47456,2026806,626873.4,void cutlass::Kernel2<cutlass_75_tensorop_f16_s1688gemm_f16_64x64_tn_align1>(T1::Params)
,,2429084,2430430,0,1744,123477535,70801.3,25840.0,4832,1786903,189087.0,"void at::native::unrolled_elementwise_kernel<at::native::direct_copy_kernel_cuda(at::TensorIteratorBase &)::[lambda() (instance 3)]::operator ()() const::[lambda() (instance 7)]::operator ()() const::[lambda(float) (instance 1)], std::array<char *, (unsigned long)2>, (int)4, TrivialOffsetCalculator<(int)1, unsigned int>, TrivialOffsetCalculator<(int)1, unsigned int>, at::native::memory::LoadWithCast<(int)1>, at::native::memory::StoreWithCast<(int)1>>(int, T1, T2, T4, T5, T6, T7)"
,,2429084,2430430,0,16,108694086,6793380.4,6795952.0,6726721,6844224,33675.2,"void at::native::<unnamed>::cunn_SoftMaxForward<(int)8, c10::Half, float, float, at::native::<unnamed>::SoftMaxForwardEpilogue>(T4 *, const T2 *, int)"
,,2429084,2430430,0,576,107457796,186558.7,110768.0,33888,1214811,260679.0,ampere_fp16_s16816gemm_fp16_128x128_ldg8_f2f_stages_32x5_tn
,,2429084,2430430,0,224,107023970,477785.6,445566.5,275071,732509,149969.8,ampere_fp16_s16816gemm_fp16_128x256_ldg8_f2f_stages_64x3_tn
,,2429084,2430430,0,608,100075155,164597.3,110687.5,28224,750493,180605.5,ampere_fp16_s16816gemm_fp16_128x128_ldg8_f2f_stages_32x5_nn
,,2429084,2430430,0,1315,79889091,60752.2,12384.0,3936,1473754,174474.0,"void at::native::vectorized_elementwise_kernel<(int)4, at::native::float16_copy_kernel_cuda(at::TensorIteratorBase &)::[lambda(float) (instance 1)], std::array<char *, (unsigned long)2>>(int, T2, T3)"
,,2429084,2430430,0,256,79354450,309978.3,127568.0,31712,1252602,383535.6,void cutlass::Kernel2<cutlass_75_tensorop_f16_s1688gemm_f16_64x64_nn_align1>(T1::Params)
,,2429084,2430430,0,768,75774722,98665.0,23759.5,5184,1602968,248510.0,"void at::native::elementwise_kernel<(int)128, (int)4, void at::native::gpu_kernel_impl_nocast<at::native::CUDAFunctor_add<c10::Half>>(at::TensorIteratorBase &, const T1 &)::[lambda(int) (instance 1)]>(int, T3)"
,,2429084,2430430,0,3088,64528325,20896.5,14560.0,4576,91551,17722.8,"void at::native::elementwise_kernel<(int)128, (int)4, void at::native::gpu_kernel_impl_nocast<at::native::BinaryFunctor<c10::Half, c10::Half, c10::Half, at::native::binary_internal::MulFunctor<float>>>(at::TensorIteratorBase &, const T1 &)::[lambda(int) (instance 1)]>(int, T3)"
,,2429084,2430430,0,3072,62107447,20217.3,14560.0,3936,91104,18061.0,"void at::native::elementwise_kernel<(int)128, (int)4, void at::native::gpu_kernel_impl_nocast<at::native::direct_copy_kernel_cuda(at::TensorIteratorBase &)::[lambda() (instance 3)]::operator ()() const::[lambda() (instance 10)]::operator ()() const::[lambda(c10::Half) (instance 1)]>(at::TensorIteratorBase &, const T1 &)::[lambda(int) (instance 1)]>(int, T3)"
,,2429084,2430430,0,948,59120997,62363.9,24064.0,3456,375966,103756.4,"void at::native::vectorized_elementwise_kernel<(int)4, at::native::CUDAFunctor_add<float>, std::array<char *, (unsigned long)3>>(int, T2, T3)"
,,2429084,2430430,0,512,58896176,115031.6,43504.0,5664,755133,182454.2,"void at::native::vectorized_elementwise_kernel<(int)4, at::native::AUnaryFunctor<c10::Half, c10::Half, c10::Half, at::native::binary_internal::MulFunctor<float>>, std::array<char *, (unsigned long)2>>(int, T2, T3)"
,,2429084,2430430,0,768,55313239,72022.4,53359.5,18336,232639,52471.4,"void at::native::vectorized_elementwise_kernel<(int)4, at::native::BinaryFunctor<c10::Half, c10::Half, c10::Half, at::native::binary_internal::MulFunctor<float>>, std::array<char *, (unsigned long)3>>(int, T2, T3)"
,,2429084,2430430,0,16,48574415,3035900.9,2424568.5,856990,7700316,1931007.8,"void at::native::<unnamed>::cunn_SoftMaxBackward<(int)4, float, float, float, at::native::<unnamed>::LogSoftMaxBackwardEpilogue>(T2 *, const T4 *, const T4 *, long)"
,,2429084,2430430,0,128,43609351,340698.1,163439.5,53568,1223706,369338.9,void cutlass::Kernel2<cutlass_75_tensorop_f16_s1688gemm_f16_256x128_nt_align1>(T1::Params)
,,2429084,2430430,0,16,39048650,2440540.6,2440517.0,2431412,2450452,4362.5,"void at::native::<unnamed>::cunn_SoftMaxBackward<(int)4, c10::Half, float, float, at::native::<unnamed>::SoftMaxBackwardEpilogue>(T2 *, const T4 *, const T4 *, long)"
,,2429084,2430430,0,672,37977555,56514.2,13840.0,2944,317503,87932.0,"void at::native::vectorized_elementwise_kernel<(int)4, at::native::AbsFunctor<float>, std::array<char *, (unsigned long)2>>(int, T2, T3)"
,,2429084,2430430,0,160,35700193,223126.2,221983.0,164479,343551,63104.4,ampere_fp16_s16816gemm_fp16_256x128_ldg8_f2f_stages_64x3_tn
,,2429084,2430430,0,128,35612247,278220.7,196863.0,53248,670718,246782.7,void cutlass::Kernel2<cutlass_80_wmma_tensorop_f16_s161616gemm_f16_32x32_32x1_tn_align2>(T1::Params)
,,2429084,2430430,0,2560,35249601,13769.4,8768.0,2688,62687,13309.2,"void at::native::vectorized_elementwise_kernel<(int)4, at::native::CUDAFunctor_add<c10::Half>, std::array<char *, (unsigned long)3>>(int, T2, T3)"
,,2429084,2430430,0,1040,32952868,31685.5,25680.0,9024,99743,21619.1,"void at::native::elementwise_kernel<(int)128, (int)2, void at::native::gpu_kernel_impl_nocast<at::native::BinaryFunctor<float, float, float, at::native::binary_internal::MulFunctor<float>>>(at::TensorIteratorBase &, const T1 &)::[lambda(int) (instance 1)]>(int, T3)"
,,2429084,2430430,0,128,31401182,245321.7,102191.5,28256,986780,302568.6,void cutlass::Kernel2<cutlass_75_tensorop_f16_s1688gemm_f16_64x64_nt_align1>(T1::Params)
,,2429084,2430430,0,16,30696048,1918503.0,1516203.5,475903,4970505,1276123.3,"void <unnamed>::indexing_backward_kernel<c10::Half, (int)4>(const long *, const long *, const T1 *, T1 *, long, long, long, long, bool)"
,,2429084,2430430,0,48,27877226,580775.5,553965.5,390782,800893,167630.6,"void <unnamed>::softmax_warp_backward<float, c10::Half, float, (int)10, (bool)0, (bool)0, (int)32>(T2 *, const T1 *, const T1 *, int, int, int, const bool *)"
,,2429084,2430430,0,672,25540692,38007.0,12512.0,2432,196991,54671.6,"void at::native::vectorized_elementwise_kernel<(int)4, at::native::BinaryFunctor<float, float, bool, at::native::<unnamed>::CompareEqFunctor<float>>, std::array<char *, (unsigned long)3>>(int, T2, T3)"
,,2429084,2430430,0,672,24351268,36237.0,6272.0,2368,204703,59178.5,"void at::native::vectorized_elementwise_kernel<(int)4, at::native::AUnaryFunctor<float, float, bool, at::native::<unnamed>::CompareEqFunctor<float>>, std::array<char *, (unsigned long)2>>(int, T2, T3)"
,,2429084,2430430,0,448,22872518,51054.7,28048.0,5120,370206,59663.4,"void at::native::elementwise_kernel<(int)128, (int)2, void at::native::gpu_kernel_impl_nocast<at::native::<unnamed>::where_kernel_impl(at::TensorIterator &)::[lambda() (instance 1)]::operator ()() const::[lambda() (instance 3)]::operator ()() const::[lambda(bool, unsigned int, unsigned int) (instance 1)]>(at::TensorIteratorBase &, const T1 &)::[lambda(int) (instance 1)]>(int, T3)"
,,2429084,2430430,0,67,21315691,318144.6,202239.0,199647,3371670,554580.8,ampere_fp16_s16816gemm_fp16_128x256_ldg8_f2f_stages_64x3_nn
,,2429084,2430430,0,48,21233157,442357.4,429326.0,318078,580126,102832.6,"void <unnamed>::softmax_warp_forward<c10::Half, float, float, (int)10, (bool)0, (bool)0, (int)32>(T2 *, const T1 *, int, int, int, const bool *, int, bool)"
,,2429084,2430430,0,256,18651858,72858.8,55840.0,22016,230399,51686.2,"void at::native::vectorized_elementwise_kernel<(int)4, at::native::<unnamed>::silu_backward_kernel(at::TensorIteratorBase &)::[lambda() (instance 1)]::operator ()() const::[lambda() (instance 3)]::operator ()() const::[lambda(c10::Half, c10::Half) (instance 1)], std::array<char *, (unsigned long)3>>(int, T2, T3)"
,,2429084,2430430,0,672,16198324,24104.6,11520.0,6816,97184,28505.3,"void at::native::reduce_kernel<(int)512, (int)1, at::native::ReduceOp<bool, at::native::func_wrapper_t<bool, at::native::and_kernel_cuda(at::TensorIterator &)::[lambda() (instance 1)]::operator ()() const::[lambda() (instance 12)]::operator ()() const::[lambda(bool, bool) (instance 1)]>, unsigned int, bool, (int)4, (int)4>>(T3)"
,,2429084,2430430,0,672,16047522,23880.2,6400.0,2368,135648,36347.9,"void at::native::vectorized_elementwise_kernel<(int)4, at::native::BinaryFunctor<bool, bool, bool, at::native::binary_internal::MulFunctor<bool>>, std::array<char *, (unsigned long)3>>(int, T2, T3)"
,,2429084,2430430,0,512,15597565,30464.0,21648.0,8096,135647,26982.8,"void at::native::<unnamed>::CatArrayBatchedCopy<at::native::<unnamed>::OpaqueType<(unsigned int)2>, unsigned int, (int)4, (int)64, (int)64>(T1 *, at::native::<unnamed>::CatArrInputTensorMetadata<T1, T2, T4, T5>, at::native::<unnamed>::TensorSizeStride<T2, (unsigned int)4>, int, T2)"
,,2429084,2430430,0,80,14960048,187000.6,169632.0,109760,284895,60200.5,"void <unnamed>::softmax_warp_backward<float, c10::Half, float, (int)9, (bool)0, (bool)0, (int)32>(T2 *, const T1 *, const T1 *, int, int, int, const bool *)"
,,2429084,2430430,0,256,13174315,51462.2,39360.0,16031,155872,35210.5,"void at::native::vectorized_elementwise_kernel<(int)4, at::native::<unnamed>::silu_kernel(at::TensorIteratorBase &)::[lambda() (instance 1)]::operator ()() const::[lambda() (instance 5)]::operator ()() const::[lambda(c10::Half) (instance 1)], std::array<char *, (unsigned long)2>>(int, T2, T3)"
,,2429084,2430430,0,528,13152650,24910.3,22352.0,9120,63296,11620.1,"void at::native::reduce_kernel<(int)512, (int)1, at::native::ReduceOp<float, at::native::func_wrapper_t<float, at::native::sum_functor<float, float, float>::operator ()(at::TensorIterator &)::[lambda(float, float) (instance 1)]>, unsigned int, float, (int)4, (int)4>>(T3)"
,,2429084,2430430,0,1056,12962164,12274.8,4080.0,1856,83775,17774.1,"void at::native::vectorized_elementwise_kernel<(int)4, at::native::AUnaryFunctor<float, float, float, at::native::binary_internal::MulFunctor<float>>, std::array<char *, (unsigned long)2>>(int, T2, T3)"
,,2429084,2430430,0,528,11853019,22448.9,17216.0,8512,65760,14453.8,"void at::native::elementwise_kernel<(int)128, (int)2, void at::native::gpu_kernel_impl_nocast<at::native::BUnaryFunctor<float, float, float, at::native::binary_internal::MulFunctor<float>>>(at::TensorIteratorBase &, const T1 &)::[lambda(int) (instance 1)]>(int, T3)"
,,2429084,2430430,0,512,11461985,22386.7,12400.0,5248,85375,20584.0,"void at::native::vectorized_elementwise_kernel<(int)4, void at::native::<unnamed>::pow_tensor_scalar_kernel_impl<float, float>(at::TensorIteratorBase &, T2)::[lambda(float) (instance 1)], std::array<char *, (unsigned long)2>>(int, T2, T3)"
,,2429084,2430430,0,64,11093011,173328.3,172495.5,115071,232767,56353.5,void cutlass::Kernel2<cutlass_80_tensorop_f16_s16816gemm_f16_64x128_64x3_nn_align2>(T1::Params)
,,2429084,2430430,0,467,10987641,23528.1,1823.0,1280,916573,114022.2,"void at::native::vectorized_elementwise_kernel<(int)4, at::native::FillFunctor<float>, std::array<char *, (unsigned long)1>>(int, T2, T3)"
,,2429084,2430430,0,1041,10827576,10401.1,3776.0,2176,720285,49072.1,"void at::native::vectorized_elementwise_kernel<(int)4, at::native::FillFunctor<c10::Half>, std::array<char *, (unsigned long)1>>(int, T2, T3)"
,,2429084,2430430,0,80,10478236,130977.9,125263.5,85280,188864,34769.3,"void <unnamed>::softmax_warp_forward<c10::Half, float, float, (int)9, (bool)0, (bool)0, (int)32>(T2 *, const T1 *, int, int, int, const bool *, int, bool)"
,,2429084,2430430,0,1024,9919705,9687.2,7104.0,4288,42624,8134.2,"void at::native::elementwise_kernel<(int)128, (int)4, void at::native::gpu_kernel_impl_nocast<at::native::neg_kernel_cuda(at::TensorIteratorBase &)::[lambda() (instance 2)]::operator ()() const::[lambda() (instance 8)]::operator ()() const::[lambda(c10::Half) (instance 1)]>(at::TensorIteratorBase &, const T1 &)::[lambda(int) (instance 1)]>(int, T3)"
,,2429084,2430430,0,512,9548609,18649.6,13936.0,9088,61440,12963.2,"void at::native::reduce_kernel<(int)512, (int)1, at::native::ReduceOp<float, at::native::MeanOps<float, float, float, float>, unsigned int, float, (int)4, (int)4>>(T3)"
,,2429084,2430430,0,64,7921836,123778.7,114000.0,27680,246719,97385.7,void cutlass::Kernel2<cutlass_80_tensorop_f16_s16816gemm_relu_f16_128x128_32x5_nn_align8>(T1::Params)
,,2429084,2430430,0,256,7817954,30538.9,24480.0,10816,84800,18395.0,"void at::native::reduce_kernel<(int)512, (int)1, at::native::ReduceOp<c10::Half, at::native::func_wrapper_t<c10::Half, at::native::sum_functor<c10::Half, float, c10::Half>::operator ()(at::TensorIterator &)::[lambda(float, float) (instance 1)]>, unsigned int, c10::Half, (int)4, (int)8>>(T3)"
,,2429084,2430430,0,112,7275698,64961.6,44384.0,15647,168576,49146.0,sm80_xmma_gemm_f16f16_f16f32_f32_nn_n_tilesize192x128x32_stage3_warpsize4x2x1_tensor16x8x16_execute_kernel__5x_cublas
,,2429084,2430430,0,192,6058771,31556.1,23264.0,16384,66239,17473.9,sm80_xmma_gemm_f16f16_f16f32_f32_nn_n_tilesize96x128x32_stage4_warpsize2x2x1_tensor16x8x16_execute_kernel__5x_cublas
,,2429084,2430430,0,64,5889034,92016.2,71120.0,25856,202943,71069.6,void cutlass::Kernel2<cutlass_80_tensorop_f16_s16816gemm_f16_256x64_32x4_nt_align2>(T1::Params)
,,2429084,2430430,0,64,5844042,91313.2,71039.5,27328,197247,68792.0,void cutlass::Kernel2<cutlass_80_tensorop_f16_s16816gemm_f16_64x256_32x4_nt_align2>(T1::Params)
,,2429084,2430430,0,96,5742415,59816.8,58848.0,35072,91583,18011.6,"void <unnamed>::softmax_warp_backward<float, c10::Half, float, (int)8, (bool)0, (bool)0, (int)32>(T2 *, const T1 *, const T1 *, int, int, int, const bool *)"
,,2429084,2430430,0,64,5361775,83777.7,83711.5,82656,85280,646.9,void cutlass::Kernel2<cutlass_80_tensorop_f16_s16816gemm_relu_f16_128x128_32x4_nn_align8>(T1::Params)
,,2429084,2430430,0,32,5274962,164842.6,165040.0,162047,169984,2003.4,sm80_xmma_gemm_f16f16_f16f32_f32_nn_n_tilesize160x128x32_stage3_warpsize2x2x1_tensor16x8x16_execute_kernel__5x_cublas
,,2429084,2430430,0,96,4906008,51104.3,44128.0,43744,65952,10010.7,sm80_xmma_gemm_f16f16_f16f32_f32_tn_n_tilesize96x128x32_stage4_warpsize2x2x1_tensor16x8x16_execute_kernel__5x_cublas
,,2429084,2430430,0,96,4395410,45785.5,44832.0,28096,63328,12331.2,"void <unnamed>::softmax_warp_forward<c10::Half, float, float, (int)8, (bool)0, (bool)0, (int)32>(T2 *, const T1 *, int, int, int, const bool *, int, bool)"
,,2429084,2430430,0,64,4386415,68537.7,67583.5,32384,105119,35349.9,void cutlass::Kernel2<cutlass_80_tensorop_f16_s16816gemm_relu_f16_128x128_32x5_tn_align8>(T1::Params)
,,2429084,2430430,0,256,4226266,16508.9,14720.0,8832,35263,6247.8,"void at::native::reduce_kernel<(int)128, (int)4, at::native::ReduceOp<c10::Half, at::native::func_wrapper_t<c10::Half, at::native::sum_functor<c10::Half, float, c10::Half>::operator ()(at::TensorIterator &)::[lambda(float, float) (instance 1)]>, unsigned int, c10::Half, (int)4, (int)8>>(T3)"
,,2429084,2430430,0,192,3546487,18471.3,18144.0,17664,20384,736.2,ampere_fp16_s16816gemm_fp16_128x64_ldg8_f2f_stages_64x4_tn
,,2429084,2430430,0,96,2970293,30940.6,30784.0,30144,32352,477.9,ampere_fp16_s16816gemm_fp16_128x128_ldg8_f2f_stages_64x3_tn
,,2429084,2430430,0,64,2781461,43460.3,42896.0,34240,53088,7974.8,void cutlass::Kernel2<cutlass_80_tensorop_f16_s16816gemm_relu_f16_128x128_32x4_tn_align8>(T1::Params)
,,2429084,2430430,0,32,2754265,86070.8,86096.0,84799,87295,608.7,sm80_xmma_gemm_f16f16_f16f32_f32_tn_n_tilesize128x128x32_stage4_warpsize2x2x1_tensor16x8x16_execute_kernel__5x_cublas
,,2429084,2430430,0,32,2533241,79163.8,77920.0,73952,84191,3606.6,ampere_fp16_s16816gemm_fp16_64x128_sliced1x2_ldg8_f2f_stages_64x3_nn
,,2429084,2430430,0,64,2481851,38778.9,38752.0,20352,58016,17994.4,void cutlass::Kernel2<cutlass_80_tensorop_f16_s16816gemm_relu_f16_256x64_32x4_nn_align8>(T1::Params)
,,2429084,2430430,0,32,2279542,71235.7,71215.5,70784,71776,231.5,sm80_xmma_gemm_f16f16_f16f32_f32_tn_n_tilesize160x128x32_stage4_warpsize2x2x1_tensor16x8x16_execute_kernel__5x_cublas
,,2429084,2430430,0,64,2132344,33317.9,32895.5,27648,40032,5418.8,void cutlass::Kernel2<cutlass_80_tensorop_f16_s16816gemm_f16_64x64_32x6_nn_align2>(T1::Params)
,,2429084,2430430,0,48,2088376,43507.8,31791.5,25952,74240,19492.9,void cutlass::Kernel2<cutlass_80_tensorop_f16_s16816gemm_relu_f16_64x256_32x4_nt_align8>(T1::Params)
,,2429084,2430430,0,64,1894779,29605.9,30528.0,25152,37248,3886.0,void cutlass::Kernel2<cutlass_80_tensorop_f16_s16816gemm_relu_f16_64x256_32x4_nn_align8>(T1::Params)
,,2429084,2430430,0,32,1769339,55291.8,55279.5,55167,55616,98.1,ampere_fp16_s16816gemm_fp16_256x128_ldg8_f2f_stages_32x3_tn
,,2429084,2430430,0,32,1451071,45346.0,45312.0,44736,45984,371.9,sm80_xmma_gemm_f16f16_f16f32_f32_tn_n_tilesize192x128x32_stage3_warpsize4x2x1_tensor16x8x16_execute_kernel__5x_cublas
,,2429084,2430430,0,672,1427192,2123.8,2048.0,1664,2880,266.9,"void at::native::vectorized_elementwise_kernel<(int)4, at::native::bitwise_not_kernel_cuda(at::TensorIteratorBase &)::[lambda(bool) (instance 1)], std::array<char *, (unsigned long)2>>(int, T2, T3)"
,,2429084,2430430,0,672,1369018,2037.2,1984.0,1664,2624,162.9,"void at::native::vectorized_elementwise_kernel<(int)4, at::native::BinaryFunctor<bool, bool, bool, at::native::logical_or_kernel_cuda(at::TensorIterator &)::[lambda() (instance 2)]::operator ()() const::[lambda() (instance 9)]::operator ()() const::[lambda(bool, bool) (instance 1)]>, std::array<char *, (unsigned long)3>>(int, T2, T3)"
,,2429084,2430430,0,528,1317631,2495.5,2560.0,1696,3200,302.0,"void at::native::vectorized_elementwise_kernel<(int)4, void at::native::<unnamed>::pow_tensor_scalar_kernel_impl<float, float>(at::TensorIteratorBase &, T2)::[lambda(float) (instance 2)], std::array<char *, (unsigned long)2>>(int, T2, T3)"
,,2429084,2430430,0,16,1233275,77079.7,76991.5,74880,79936,1599.1,void cutlass::Kernel2<cutlass_80_tensorop_f16_s16816gemm_relu_f16_256x64_32x4_nt_align8>(T1::Params)
,,2429084,2430430,0,512,1205206,2353.9,2368.0,1824,3008,217.8,"void at::native::vectorized_elementwise_kernel<(int)4, at::native::CUDAFunctorOnSelf_add<float>, std::array<char *, (unsigned long)2>>(int, T2, T3)"
,,2429084,2430430,0,32,1177051,36782.8,36544.0,35488,38304,883.1,ampere_fp16_s16816gemm_fp16_64x64_ldg8_f2f_tn
,,2429084,2430430,0,512,1163358,2272.2,2272.0,1824,2624,119.4,"void at::native::vectorized_elementwise_kernel<(int)4, at::native::rsqrt_kernel_cuda(at::TensorIteratorBase &)::[lambda() (instance 2)]::operator ()() const::[lambda() (instance 2)]::operator ()() const::[lambda(float) (instance 1)], std::array<char *, (unsigned long)2>>(int, T2, T3)"
,,2429084,2430430,0,32,1010653,31582.9,32080.0,25664,38656,4840.7,ampere_fp16_s16816gemm_fp16_128x64_ldg8_f2f_stages_32x6_nt
,,2429084,2430430,0,32,804923,25153.8,25055.5,24576,26016,405.8,sm80_xmma_gemm_f16f16_f16f32_f32_nn_n_tilesize160x128x32_stage4_warpsize2x2x1_tensor16x8x16_execute_kernel__5x_cublas
,,2429084,2430430,0,32,706368,22074.0,22096.0,21504,22528,244.0,void cutlass::Kernel2<cutlass_80_wmma_tensorop_f16_s161616gemm_f16_32x32_64x1_nn_align2>(T1::Params)
,,2429084,2430430,0,32,688094,21502.9,21568.0,20991,22112,359.4,void cutlass::Kernel2<cutlass_80_wmma_tensorop_f16_s161616gemm_f16_32x32_64x1_tn_align2>(T1::Params)
,,2429084,2430430,0,16,379101,23693.8,23648.0,23583,23968,118.7,void cutlass::Kernel2<cutlass_80_wmma_tensorop_f16_s161616gemm_f16_32x32_32x1_nt_align2>(T1::Params)
,,2429084,2430430,0,16,288448,18028.0,18048.0,17824,18304,118.5,"void <unnamed>::softmax_warp_forward<c10::Half, float, float, (int)7, (bool)0, (bool)0, (int)32>(T2 *, const T1 *, int, int, int, const bool *, int, bool)"
,,2429084,2430430,0,16,285088,17818.0,17808.0,17056,18592,380.3,"void <unnamed>::softmax_warp_backward<float, c10::Half, float, (int)7, (bool)0, (bool)0, (int)32>(T2 *, const T1 *, const T1 *, int, int, int, const bool *)"
,,2429084,2430430,0,16,250016,15626.0,15632.0,14944,16064,265.4,void cutlass::Kernel2<cutlass_80_tensorop_f16_s16816gemm_f16_128x64_64x3_nt_align2>(T1::Params)
,,2429084,2430430,0,26,84480,3249.2,3264.0,2752,3712,222.9,"void at::native::vectorized_elementwise_kernel<(int)2, at::native::BUnaryFunctor<long, long, long, at::native::remainder_kernel_cuda(at::TensorIteratorBase &)::[lambda() (instance 1)]::operator ()() const::[lambda() (instance 4)]::operator ()() const::[lambda(long, long) (instance 1)]>, std::array<char *, (unsigned long)2>>(int, T2, T3)"
,,2429084,2430430,0,16,77952,4872.0,4880.0,4640,5120,130.9,"void at::native::<unnamed>::write_indices<long>(long *, at::native::<unnamed>::TensorDims<T1>, int, T1, long *, long)"
,,2429084,2430430,0,32,73920,2310.0,2288.0,1856,2912,193.4,"void at::native::vectorized_elementwise_kernel<(int)2, at::native::AUnaryFunctor<long, long, long, at::native::binary_internal::MulFunctor<long>>, std::array<char *, (unsigned long)2>>(int, T2, T3)"
,,2429084,2430430,0,16,70528,4408.0,4432.0,4032,4736,214.3,"void at::native::<unnamed>::nll_loss_backward_no_reduce_cuda_kernel<float, long>(int, const T2 *, torch::headeronly::detail::GenericPackedTensorAccessor<torch::headeronly::detail::TensorAccessor<c10::ArrayRef<long>, const T1, (unsigned long)0, torch::headeronly::DefaultPtrTraits, long>, at::detail::IndexBoundsCheck<(unsigned long)1, long>, const T1, (unsigned long)1, torch::headeronly::DefaultPtrTraits, long>, torch::headeronly::detail::GenericPackedTensorAccessor<torch::headeronly::detail::TensorAccessor<c10::ArrayRef<long>, T1, (unsigned long)1, torch::headeronly::DefaultPtrTraits, long>, at::detail::IndexBoundsCheck<(unsigned long)2, long>, T1, (unsigned long)2, torch::headeronly::DefaultPtrTraits, long>, const T1 *, long, long)"
,,2429084,2430430,0,16,53632,3352.0,3376.0,3008,3520,137.0,"void at::native::elementwise_kernel<(int)128, (int)2, void at::native::gpu_kernel_impl_nocast<at::native::direct_copy_kernel_cuda(at::TensorIteratorBase &)::[lambda() (instance 3)]::operator ()() const::[lambda() (instance 7)]::operator ()() const::[lambda(float) (instance 1)]>(at::TensorIteratorBase &, const T1 &)::[lambda(int) (instance 1)]>(int, T3)"
,,2429084,2430430,0,16,50112,3132.0,3184.0,2752,3456,195.1,"void at::native::vectorized_elementwise_kernel<(int)2, at::native::BUnaryFunctor<long, long, long, at::native::binary_internal::div_trunc_kernel_cuda(at::TensorIteratorBase &)::[lambda() (instance 1)]::operator ()() const::[lambda() (instance 4)]::operator ()() const::[lambda(long, long) (instance 1)]>, std::array<char *, (unsigned long)2>>(int, T2, T3)"
,,2429084,2430430,0,16,39679,2479.9,2479.5,2176,2784,151.4,"void at::native::vectorized_elementwise_kernel<(int)2, at::native::CUDAFunctor_add<long>, std::array<char *, (unsigned long)3>>(int, T2, T3)"
,,2429084,2430430,0,16,30144,1884.0,1888.0,1792,1984,58.3,"void <unnamed>::elementwise_kernel_with_index<int, at::native::arange_cuda_out(const c10::Scalar &, const c10::Scalar &, const c10::Scalar &, at::Tensor &)::[lambda() (instance 1)]::operator ()() const::[lambda() (instance 4)]::operator ()() const::[lambda(long) (instance 1)]>(T1, T2, function_traits<T2>::result_type *)"
,,2429084,2430430,0,6,17696,2949.3,2960.0,2848,3040,74.1,"void at::native::unrolled_elementwise_kernel<at::native::BUnaryFunctor<long, long, long, at::native::remainder_kernel_cuda(at::TensorIteratorBase &)::[lambda() (instance 1)]::operator ()() const::[lambda() (instance 4)]::operator ()() const::[lambda(long, long) (instance 1)]>, std::array<char *, (unsigned long)2>, (int)4, TrivialOffsetCalculator<(int)1, unsigned int>, TrivialOffsetCalculator<(int)1, unsigned int>, at::native::memory::LoadWithoutCast, at::native::memory::StoreWithoutCast>(int, T1, T2, T4, T5, T6, T7)"
,,2429084,2431523,0,2,147712,73856.0,73856.0,73504,74208,497.8,"void batched_svd_parallel_jacobi_32x16<double, double>(int, int, int, int, T1 *, unsigned long, int, T2 *, T1 *, unsigned long, int, T1 *, unsigned long, int, T2, int, int *, T2, int, int *, int, T2)"
,,2429084,2431523,0,2,129312,64656.0,64656.0,64096,65216,792.0,"void batched_svd_parallel_jacobi_32x16<float, float>(int, int, int, int, T1 *, unsigned long, int, T2 *, T1 *, unsigned long, int, T1 *, unsigned long, int, T2, int, int *, T2, int, int *, int, T2)"
,,2429084,2431523,0,2,45280,22640.0,22640.0,20480,24800,3054.7,"void kernel<getrf_wo_pivot_params_<double, (int)0, (int)256, (int)1, (int)64, (int)64, (int)68, (int)16, (int)1, (int)1>>(int, int, void *, int, void *, int, int, int, int, int, int *)"
,,2429084,2431523,0,28,38080,1360.0,1280.0,1248,2208,198.1,"copy_info_kernel(int, int *)"
,,2429084,2431523,0,2,36064,18032.0,18032.0,16544,19520,2104.3,"void kernel<getrf_wo_pivot_params_<float, (int)0, (int)256, (int)1, (int)64, (int)64, (int)68, (int)8, (int)1, (int)1>>(int, int, void *, int, void *, int, int, int, int, int, int *)"
,,2429084,2431523,0,12,25408,2117.3,2080.0,1952,2336,150.6,"void at::native::unrolled_elementwise_kernel<at::native::direct_copy_kernel_cuda(at::TensorIteratorBase &)::[lambda() (instance 3)]::operator ()() const::[lambda() (instance 11)]::operator ()() const::[lambda(bool) (instance 1)], std::array<char *, (unsigned long)2>, (int)4, TrivialOffsetCalculator<(int)1, unsigned int>, TrivialOffsetCalculator<(int)1, unsigned int>, at::native::memory::LoadWithCast<(int)1>, at::native::memory::StoreWithCast<(int)1>>(int, T1, T2, T4, T5, T6, T7)"
,,2429084,2431523,0,2,23936,11968.0,11968.0,11936,12000,45.3,"void steqr_ker<stedc_params_<double2, double, (int)8, (int)16, (int)128>, double, (int)0>(long, T1::data_type *, T1::data_type *, T2 *, long, int *, int *, long, long, T1::data_type, T1::data_type, int *, int)"
,,2429084,2431523,0,16,21888,1368.0,1344.0,1280,1440,61.3,"void at::native::vectorized_elementwise_kernel<(int)4, at::native::FillFunctor<int>, std::array<char *, (unsigned long)1>>(int, T2, T3)"
,,2429084,2431523,0,2,21600,10800.0,10800.0,10528,11072,384.7,"void geqr2_smem<double, double, (int)8, (int)5, (int)5>(int, int, T1 *, unsigned long, T1 *, int)"
,,2429084,2431523,0,2,19872,9936.0,9936.0,9280,10592,927.7,"void steqr_ker<stedc_params_<float2, float, (int)8, (int)16, (int)128>, float, (int)0>(long, T1::data_type *, T1::data_type *, T2 *, long, int *, int *, long, long, T1::data_type, T1::data_type, int *, int)"
,,2429084,2431523,0,2,18336,9168.0,9168.0,8864,9472,429.9,"void geqr2_smem<float, float, (int)8, (int)5, (int)5>(int, int, T1 *, unsigned long, T1 *, int)"
,,2429084,2431523,0,4,17536,4384.0,4384.0,4384,4384,0.0,void svd_music_kernel<(int)32>(int *)
,,2429084,2431523,0,2,16832,8416.0,8416.0,8288,8544,181.0,"void batched_svd_qr_32x16<double, double>(int, int, int, T1 *, unsigned long, int, T1 *, unsigned long, int)"
,,2429084,2431523,0,6,16256,2709.3,2656.0,2528,3136,214.8,"void at::native::<unnamed>::distribution_elementwise_grid_stride_kernel<double, (int)2, void at::native::templates::cuda::normal_and_transform<double, double, at::CUDAGeneratorImpl *, void at::native::templates::cuda::normal_kernel<at::CUDAGeneratorImpl *>(const at::TensorBase &, double, double, T1)::[lambda() (instance 1)]::operator ()() const::[lambda() (instance 1)]::operator ()() const::[lambda(double) (instance 1)]>(at::TensorIteratorBase &, T3, T4)::[lambda(curandStatePhilox4_32_10 *) (instance 1)], void at::native::<unnamed>::distribution_nullary_kernel<double, double, double2, at::CUDAGeneratorImpl *, void at::native::templates::cuda::normal_and_transform<double, double, at::CUDAGeneratorImpl *, void at::native::templates::cuda::normal_kernel<at::CUDAGeneratorImpl *>(const at::TensorBase &, double, double, T1)::[lambda() (instance 1)]::operator ()() const::[lambda() (instance 1)]::operator ()() const::[lambda(double) (instance 1)]>(at::TensorIteratorBase &, T3, T4)::[lambda(curandStatePhilox4_32_10 *) (instance 1)], void at::native::templates::cuda::normal_kernel<at::CUDAGeneratorImpl *>(const at::TensorBase &, double, double, T1)::[lambda() (instance 1)]::operator ()() const::[lambda() (instance 1)]::operator ()() const::[lambda(double) (instance 1)]>(at::TensorIteratorBase &, T4, const T5 &, T6)::[lambda(int, double) (instance 1)]>(long, at::PhiloxCudaState, T3, T4)"
,,2429084,2431523,0,4,15648,3912.0,3872.0,3872,4032,80.0,ampere_sgemm_32x128_tn
,,2429084,2431523,0,8,15424,1928.0,1920.0,1856,1984,53.4,"void at::native::elementwise_kernel<(int)128, (int)2, void at::native::gpu_kernel_impl_nocast<at::native::direct_copy_kernel_cuda(at::TensorIteratorBase &)::[lambda() (instance 3)]::operator ()() const::[lambda() (instance 7)]::operator ()() const::[lambda(float) (instance 1)]>(at::TensorIteratorBase &, const T1 &)::[lambda(int) (instance 1)]>(int, T3)"
,,2429084,2431523,0,2,15200,7600.0,7600.0,7520,7680,113.1,"void batched_svd_qr_32x16<float, float>(int, int, int, T1 *, unsigned long, int, T1 *, unsigned long, int)"
,,2429084,2431523,0,8,15072,1884.0,1888.0,1856,1888,11.3,"void at::native::elementwise_kernel<(int)128, (int)2, void at::native::gpu_kernel_impl_nocast<at::native::direct_copy_kernel_cuda(at::TensorIteratorBase &)::[lambda() (instance 3)]::operator ()() const::[lambda() (instance 6)]::operator ()() const::[lambda(double) (instance 1)]>(at::TensorIteratorBase &, const T1 &)::[lambda(int) (instance 1)]>(int, T3)"
,,2429084,2431523,0,6,13856,2309.3,2304.0,2240,2368,55.1,"void at::native::<unnamed>::distribution_elementwise_grid_stride_kernel<float, (int)4, void at::native::templates::cuda::normal_and_transform<float, float, at::CUDAGeneratorImpl *, void at::native::templates::cuda::normal_kernel<at::CUDAGeneratorImpl *>(const at::TensorBase &, double, double, T1)::[lambda() (instance 1)]::operator ()() const::[lambda() (instance 2)]::operator ()() const::[lambda(float) (instance 1)]>(at::TensorIteratorBase &, T3, T4)::[lambda(curandStatePhilox4_32_10 *) (instance 2)], void at::native::<unnamed>::distribution_nullary_kernel<float, float, float4, at::CUDAGeneratorImpl *, void at::native::templates::cuda::normal_and_transform<float, float, at::CUDAGeneratorImpl *, void at::native::templates::cuda::normal_kernel<at::CUDAGeneratorImpl *>(const at::TensorBase &, double, double, T1)::[lambda() (instance 1)]::operator ()() const::[lambda() (instance 2)]::operator ()() const::[lambda(float) (instance 1)]>(at::TensorIteratorBase &, T3, T4)::[lambda(curandStatePhilox4_32_10 *) (instance 2)], void at::native::templates::cuda::normal_kernel<at::CUDAGeneratorImpl *>(const at::TensorBase &, double, double, T1)::[lambda() (instance 1)]::operator ()() const::[lambda() (instance 2)]::operator ()() const::[lambda(float) (instance 1)]>(at::TensorIteratorBase &, T4, const T5 &, T6)::[lambda(int, float) (instance 1)]>(long, at::PhiloxCudaState, T3, T4)"
,,2429084,2431523,0,4,12960,3240.0,3248.0,3168,3296,66.0,void cutlass::Kernel2<cutlass_80_tensorop_d884gemm_32x32_16x5_nn_align1>(T1::Params)
,,2429084,2431523,0,2,11008,5504.0,5504.0,5472,5536,45.3,"void sytrd4_cta<sytrd_params<double, (int)16, (int)32, (int)32, (int)32, (int)0, (int)1, (int)2>, (int)1>(int, T1::data_type *, int, int, T1::pod_type *, int, T1::pod_type *, int, T1::data_type *, int, int)"
,,2429084,2431523,0,4,10592,2648.0,2640.0,2592,2720,66.0,"void gemmSN_TN_kernel<double, (int)128, (int)16, (int)2, (int)4, (int)4, (int)4, (bool)1, cublasGemvTensorStridedBatched<const double>, cublasGemvTensorStridedBatched<const double>, cublasGemvTensorStridedBatched<double>>(cublasGemmSmallNParams<T9, T10, T11, T1>)"
,,2429084,2431523,0,4,10111,2527.8,2528.0,2527,2528,0.5,"void gemmSN_NN_kernel<float, (int)256, (int)4, (int)2, (int)8, (int)4, (int)4, (bool)0, cublasGemvTensorStridedBatched<const float>, cublasGemvTensorStridedBatched<const float>, cublasGemvTensorStridedBatched<float>>(cublasGemmSmallNParams<T9, T10, T11, T1>)"
,,2429084,2431523,0,2,9504,4752.0,4752.0,4704,4800,67.9,"void sytrd4_cta<sytrd_params<float, (int)16, (int)32, (int)32, (int)32, (int)0, (int)1, (int)2>, (int)1>(int, T1::data_type *, int, int, T1::pod_type *, int, T1::pod_type *, int, T1::data_type *, int, int)"
,,2429084,2431523,0,4,6240,1560.0,1568.0,1536,1568,16.0,"void lacpy_kernel<double, double, (int)5, (int)3>(long, long, const T1 *, long, long, T2 *, long, long, int, int)"
,,2429084,2431523,0,4,6240,1560.0,1536.0,1536,1632,48.0,"void lacpy_kernel<float, float, (int)5, (int)3>(long, long, const T1 *, long, long, T2 *, long, long, int, int)"
,,2429084,2431523,0,2,5760,2880.0,2880.0,2816,2944,90.5,"void lansy_M_stage1<float, float, (int)8>(long, const T1 *, long, long, T2 *, long, int)"
,,2429084,2431523,0,2,5728,2864.0,2864.0,2720,3008,203.6,"void at::native::triu_tril_kernel<float, int, (bool)1, (int)2, (bool)0>(at::cuda::detail::TensorInfo<T1, T2>, at::cuda::detail::TensorInfo<const T1, T2>, long, long, T2)"
,,2429084,2431523,0,2,5600,2800.0,2800.0,2752,2848,67.9,"void lansy_M_stage1<double, double, (int)8>(long, const T1 *, long, long, T2 *, long, int)"
,,2429084,2431523,0,2,5440,2720.0,2720.0,2592,2848,181.0,"void larft_vtv_32<double, (int)128>(long, long, const T1 *, long, long, T1 *, long, long)"
,,2429084,2431523,0,2,5344,2672.0,2672.0,2592,2752,113.1,"void at::native::triu_tril_kernel<double, int, (bool)1, (int)1, (bool)0>(at::cuda::detail::TensorInfo<T1, T2>, at::cuda::detail::TensorInfo<const T1, T2>, long, long, T2)"
,,2429084,2431523,0,2,5344,2672.0,2672.0,2560,2784,158.4,"void larft_vtv_32<float, (int)128>(long, long, const T1 *, long, long, T1 *, long, long)"
,,2429084,2431523,0,4,5280,1320.0,1312.0,1280,1376,40.3,"xxtrf4_set_info_ker(int, int *)"
,,2429084,2431523,0,4,5152,1288.0,1280.0,1248,1344,40.3,"xx_set_info_ker(int, int *, int)"
,,2429084,2431523,0,2,5120,2560.0,2560.0,2560,2560,0.0,"void ormqr_cta_kernel<double, (int)4, (int)1>(long, long, long, const T1 *, long, long, const T1 *, long, T1 *, long, long, long, long, long, int)"
,,2429084,2431523,0,2,5088,2544.0,2544.0,2496,2592,67.9,"void ormqr_cta_kernel<float, (int)4, (int)1>(long, long, long, const T1 *, long, long, const T1 *, long, T1 *, long, long, long, long, long, int)"
,,2429084,2431523,0,2,4960,2480.0,2480.0,2400,2560,113.1,"void larft_T_32<float, (int)256>(int, T1 *, int, long, const T1 *, long)"
,,2429084,2431523,0,2,4928,2464.0,2464.0,2432,2496,45.3,"void larft_T_32<double, (int)256>(int, T1 *, int, long, const T1 *, long)"
,,2429084,2431523,0,2,4896,2448.0,2448.0,2304,2592,203.6,"void at::native::triu_tril_kernel<float, int, (bool)0, (int)2, (bool)1>(at::cuda::detail::TensorInfo<T1, T2>, at::cuda::detail::TensorInfo<const T1, T2>, long, long, T2)"
,,2429084,2431523,0,2,4896,2448.0,2448.0,2432,2464,22.6,"void scale_max<double, (int)32, (int)32, (int)1>(long, long, T1 *, T1 *, T1 *, int *)"
,,2429084,2431523,0,2,4800,2400.0,2400.0,2400,2400,0.0,"void lascl_kernel<double, double, (int)8>(long, long, T1 *, long, long, T2 *, int, int)"
,,2429084,2431523,0,2,4800,2400.0,2400.0,2400,2400,0.0,"void lascl_kernel<float, float, (int)8>(long, long, T1 *, long, long, T2 *, int, int)"
,,2429084,2431523,0,2,4640,2320.0,2320.0,2240,2400,113.1,"void at::native::triu_tril_kernel<double, int, (bool)0, (int)1, (bool)1>(at::cuda::detail::TensorInfo<T1, T2>, at::cuda::detail::TensorInfo<const T1, T2>, long, long, T2)"
,,2429084,2431523,0,2,4544,2272.0,2272.0,2208,2336,90.5,"void scale_max<float, (int)32, (int)32, (int)1>(long, long, T1 *, T1 *, T1 *, int *)"
,,2429084,2431523,0,2,4384,2192.0,2192.0,2176,2208,22.6,"void lansy_M_stage2<double, (int)8>(T1, T1, long, T1 *, long, T1 *, T1 *)"
,,2429084,2431523,0,2,4160,2080.0,2080.0,2080,2080,0.0,"void epilogue<sytrd_params<double, (int)32, (int)8, (int)512, (int)32, (int)16, (int)1, (int)2>, (int)128, (int)1, (int)1>(int, int, T1::data_type *, int, int, T1::pod_type *, int, T1::pod_type *, int, T1::data_type *, int, T1::data_type *, int, int)"
,,2429084,2431523,0,2,4160,2080.0,2080.0,2016,2144,90.5,"void epilogue<sytrd_params<float, (int)32, (int)8, (int)512, (int)32, (int)16, (int)1, (int)2>, (int)128, (int)1, (int)1>(int, int, T1::data_type *, int, int, T1::pod_type *, int, T1::pod_type *, int, T1::data_type *, int, T1::data_type *, int, int)"
,,2429084,2431523,0,2,4160,2080.0,2080.0,2016,2144,90.5,"void lansy_M_stage2<float, (int)8>(T1, T1, long, T1 *, long, T1 *, T1 *)"
,,2429084,2431523,0,2,3392,1696.0,1696.0,1696,1696,0.0,"void at::native::vectorized_elementwise_kernel<(int)2, at::native::CUDAFunctor_add<double>, std::array<char *, (unsigned long)3>>(int, T2, T3)"
,,2429084,2431523,0,2,3360,1680.0,1680.0,1632,1728,67.9,"void at::native::elementwise_kernel<(int)128, (int)2, void at::native::gpu_kernel_impl_nocast<at::native::FillFunctor<float>>(at::TensorIteratorBase &, const T1 &)::[lambda(int) (instance 1)]>(int, T3)"
,,2429084,2431523,0,2,3360,1680.0,1680.0,1632,1728,67.9,"void scale_max<float, (int)32, (int)128, (int)0>(long, long, T1 *, T1 *, T1 *, int *)"
,,2429084,2431523,0,2,3264,1632.0,1632.0,1632,1632,0.0,"void scale_max<double, (int)32, (int)128, (int)0>(long, long, T1 *, T1 *, T1 *, int *)"
,,2429084,2431523,0,2,3232,1616.0,1616.0,1600,1632,22.6,"void at::native::elementwise_kernel<(int)128, (int)2, void at::native::gpu_kernel_impl_nocast<at::native::FillFunctor<double>>(at::TensorIteratorBase &, const T1 &)::[lambda(int) (instance 1)]>(int, T3)"
,,2429084,2431523,0,2,3200,1600.0,1600.0,1600,1600,0.0,"void at::native::vectorized_elementwise_kernel<(int)4, at::native::CUDAFunctor_add<float>, std::array<char *, (unsigned long)3>>(int, T2, T3)"
,,2429084,2431523,0,2,3104,1552.0,1552.0,1504,1600,67.9,"void at::native::vectorized_elementwise_kernel<(int)4, at::native::AUnaryFunctor<float, float, float, at::native::binary_internal::MulFunctor<float>>, std::array<char *, (unsigned long)2>>(int, T2, T3)"
,,2429084,2431523,0,2,3040,1520.0,1520.0,1504,1536,22.6,"void at::native::vectorized_elementwise_kernel<(int)2, at::native::AUnaryFunctor<double, double, double, at::native::binary_internal::MulFunctor<double>>, std::array<char *, (unsigned long)2>>(int, T2, T3)"
,,2429084,2431523,0,2,2976,1488.0,1488.0,1440,1536,67.9,"void batch_eye_kernel<float, (int)5, (int)3>(long, long, T1 *, unsigned long, long long, int)"
,,2429084,2431523,0,2,2880,1440.0,1440.0,1440,1440,0.0,"void batch_eye_kernel<double, (int)5, (int)3>(long, long, T1 *, unsigned long, long long, int)"
,,2429084,2431523,0,2,2880,1440.0,1440.0,1408,1472,45.3,"void cuds_scal_batch_kernel<float, (int)256>(int, const T1 *, T1 *, long long)"
,,2429084,2431523,0,2,2816,1408.0,1408.0,1408,1408,0.0,"void cuds_scal_batch_kernel<double, (int)256>(int, const T1 *, T1 *, long long)"
,,2429084,2431523,0,2,2784,1392.0,1392.0,1344,1440,67.9,"void at::native::vectorized_elementwise_kernel<(int)4, at::native::FillFunctor<float>, std::array<char *, (unsigned long)1>>(int, T2, T3)"
,,2429084,2431523,0,2,2688,1344.0,1344.0,1344,1344,0.0,"void at::native::vectorized_elementwise_kernel<(int)2, at::native::FillFunctor<double>, std::array<char *, (unsigned long)1>>(int, T2, T3)"
,,2429084,2431523,0,2,2592,1296.0,1296.0,1248,1344,67.9,"void orgqr_step1_kernel<float, (int)5, (int)3>(int, int, int, T1 *, int)"
,,2429084,2431523,0,2,2528,1264.0,1264.0,1248,1280,22.6,"void orgqr_step1_kernel<double, (int)5, (int)3>(int, int, int, T1 *, int)"
:qvq_api.qvq_cuda_viterbi,PushPop,2429084,2431523,5120,5120,17185491957,3356541.4,2759047.5,1363357,7268112,1963609.2,"void <unnamed>::qvq_viterbi_kernel<(int)4, (int)2, __half, unsigned char>(const float *, const T3 *, const float *, const long *, const float *, T4 *, long *, float *, int, int, int, bool, bool, bool)"
:qvq_api.qvq_cuda_viterbi,PushPop,2429084,2431523,5120,25600,160511470,6270.0,7296.0,2528,8448,1982.2,"void at::native::reduce_kernel<(int)512, (int)1, at::native::ReduceOp<bool, at::native::func_wrapper_t<bool, at::native::and_kernel_cuda(at::TensorIterator &)::[lambda() (instance 1)]::operator ()() const::[lambda() (instance 12)]::operator ()() const::[lambda(bool, bool) (instance 1)]>, unsigned int, bool, (int)4, (int)4>>(T3)"
:qvq_api.qvq_cuda_viterbi,PushPop,2429084,2431523,5120,10240,82866377,8092.4,8160.0,7424,8672,257.6,"void at::native::reduce_kernel<(int)512, (int)1, at::native::ReduceOp<c10::Half, at::native::func_wrapper_t<c10::Half, at::native::MaxNanFunctor<c10::Half>>, unsigned int, c10::Half, (int)4, (int)4>>(T3)"
:qvq_api.qvq_cuda_viterbi,PushPop,2429084,2431523,5120,10240,72914662,7120.6,7616.0,4352,8640,1243.1,"void at::native::reduce_kernel<(int)512, (int)1, at::native::ReduceOp<float, at::native::func_wrapper_t<float, at::native::MaxNanFunctor<float>>, unsigned int, float, (int)4, (int)4>>(T3)"
:qvq_api.qvq_cuda_viterbi,PushPop,2429084,2431523,5120,20480,43854634,2141.3,2144.0,2111,2240,18.3,"void at::native::vectorized_elementwise_kernel<(int)4, at::native::AbsFunctor<c10::Half>, std::array<char *, (unsigned long)2>>(int, T2, T3)"
:qvq_api.qvq_cuda_viterbi,PushPop,2429084,2431523,5120,20480,43807963,2139.1,2176.0,1984,2305,94.1,"void at::native::vectorized_elementwise_kernel<(int)4, at::native::BinaryFunctor<bool, bool, bool, at::native::binary_internal::MulFunctor<bool>>, std::array<char *, (unsigned long)3>>(int, T2, T3)"
:qvq_api.qvq_cuda_viterbi,PushPop,2429084,2431523,5120,20480,42213638,2061.2,2016.0,1919,2368,110.1,"void at::native::vectorized_elementwise_kernel<(int)4, at::native::AbsFunctor<float>, std::array<char *, (unsigned long)2>>(int, T2, T3)"
:qvq_api.qvq_cuda_viterbi,PushPop,2429084,2431523,5120,10240,23025558,2248.6,2240.0,2208,2336,17.6,"void at::native::vectorized_elementwise_kernel<(int)4, at::native::BinaryFunctor<c10::Half, c10::Half, bool, at::native::<unnamed>::CompareEqFunctor<c10::Half>>, std::array<char *, (unsigned long)3>>(int, T2, T3)"
:qvq_api.qvq_cuda_viterbi,PushPop,2429084,2431523,5120,10240,22815128,2228.0,2240.0,2175,2336,23.8,"void at::native::vectorized_elementwise_kernel<(int)4, at::native::AUnaryFunctor<c10::Half, c10::Half, bool, at::native::<unnamed>::CompareEqFunctor<c10::Half>>, std::array<char *, (unsigned long)2>>(int, T2, T3)"
:qvq_api.qvq_cuda_viterbi,PushPop,2429084,2431523,5120,10240,21462668,2096.0,2048.0,1984,2368,99.8,"void at::native::vectorized_elementwise_kernel<(int)4, at::native::BinaryFunctor<float, float, bool, at::native::<unnamed>::CompareEqFunctor<float>>, std::array<char *, (unsigned long)3>>(int, T2, T3)"
:qvq_api.qvq_cuda_viterbi,PushPop,2429084,2431523,5120,10240,21343919,2084.4,2048.0,1983,2368,101.8,"void at::native::vectorized_elementwise_kernel<(int)4, at::native::AUnaryFunctor<float, float, bool, at::native::<unnamed>::CompareEqFunctor<float>>, std::array<char *, (unsigned long)2>>(int, T2, T3)"
:qvq_api.qvq_cuda_viterbi,PushPop,2429084,2431523,2560,10240,18080663,1765.7,1760.0,1600,1952,65.3,"void at::native::vectorized_elementwise_kernel<(int)4, void at::native::compare_scalar_kernel<long>(at::TensorIteratorBase &, at::native::<unnamed>::OpType, T1)::[lambda(long) (instance 1)], std::array<char *, (unsigned long)2>>(int, T2, T3)"
:qvq_api.qvq_cuda_viterbi,PushPop,2429084,2431523,5120,5120,12914669,2522.4,2528.0,2336,2784,86.1,"void at::native::unrolled_elementwise_kernel<at::native::BinaryFunctor<float, float, float, at::native::maximum_kernel_cuda(at::TensorIteratorBase &)::[lambda() (instance 2)]::operator ()() const::[lambda() (instance 2)]::operator ()() const::[lambda(float, float) (instance 1)]>, std::array<char *, (unsigned long)3>, (int)4, TrivialOffsetCalculator<(int)2, unsigned int>, TrivialOffsetCalculator<(int)1, unsigned int>, at::native::memory::LoadWithCast<(int)2>, at::native::memory::StoreWithCast<(int)1>>(int, T1, T2, T4, T5, T6, T7)"
:qvq_api.qvq_cuda_viterbi,PushPop,2429084,2431523,5120,5120,11738579,2292.7,2304.0,2144,2880,89.3,"<unnamed>::qvq_half2_codebook_norm_pack_kernel(const __half *, unsigned long *, int)"
:qvq_api.qvq_cuda_viterbi,PushPop,2429084,2431523,5120,5120,8631937,1685.9,1664.0,1535,1824,89.9,"void at::native::vectorized_elementwise_kernel<(int)4, void at::native::compare_scalar_kernel<float>(at::TensorIteratorBase &, at::native::<unnamed>::OpType, T1)::[lambda(float) (instance 1)], std::array<char *, (unsigned long)2>>(int, T2, T3)"
:qvq_api.qvq_cuda_viterbi,PushPop,2429084,2431523,2560,2560,8559210,3343.4,3328.0,2976,3744,136.6,"void at::native::reduce_kernel<(int)512, (int)1, at::native::ReduceOp<bool, at::native::func_wrapper_t<bool, at::native::or_kernel_cuda(at::TensorIterator &)::[lambda() (instance 1)]::operator ()() const::[lambda() (instance 12)]::operator ()() const::[lambda(bool, bool) (instance 1)]>, unsigned int, bool, (int)4, (int)4>>(T3)"
:qvq_api.qvq_cuda_viterbi,PushPop,2429084,2431523,2560,2560,4417440,1725.6,1728.0,1568,1952,80.9,"void at::native::vectorized_elementwise_kernel<(int)4, at::native::BinaryFunctor<bool, bool, bool, at::native::BitwiseOrFunctor<bool>>, std::array<char *, (unsigned long)3>>(int, T2, T3)"
:qvq_cuda.viterbi,PushPop,2429084,2431523,5120,5120,17185491957,3356541.4,2759047.5,1363357,7268112,1963609.2,"void <unnamed>::qvq_viterbi_kernel<(int)4, (int)2, __half, unsigned char>(const float *, const T3 *, const float *, const long *, const float *, T4 *, long *, float *, int, int, int, bool, bool, bool)"
:qvq_cuda.viterbi,PushPop,2429084,2431523,5120,15360,87022915,5665.6,7040.0,2528,8385,2245.7,"void at::native::reduce_kernel<(int)512, (int)1, at::native::ReduceOp<bool, at::native::func_wrapper_t<bool, at::native::and_kernel_cuda(at::TensorIterator &)::[lambda() (instance 1)]::operator ()() const::[lambda() (instance 12)]::operator ()() const::[lambda(bool, bool) (instance 1)]>, unsigned int, bool, (int)4, (int)4>>(T3)"
:qvq_cuda.viterbi,PushPop,2429084,2431523,5120,5120,41459205,8097.5,8160.0,7424,8672,250.0,"void at::native::reduce_kernel<(int)512, (int)1, at::native::ReduceOp<c10::Half, at::native::func_wrapper_t<c10::Half, at::native::MaxNanFunctor<c10::Half>>, unsigned int, c10::Half, (int)4, (int)4>>(T3)"
:qvq_cuda.viterbi,PushPop,2429084,2431523,5120,5120,36454135,7119.9,7616.0,4352,8640,1242.6,"void at::native::reduce_kernel<(int)512, (int)1, at::native::ReduceOp<float, at::native::func_wrapper_t<float, at::native::MaxNanFunctor<float>>, unsigned int, float, (int)4, (int)4>>(T3)"
:qvq_cuda.viterbi,PushPop,2429084,2431523,5120,10240,21927794,2141.4,2144.0,2111,2208,18.2,"void at::native::vectorized_elementwise_kernel<(int)4, at::native::AbsFunctor<c10::Half>, std::array<char *, (unsigned long)2>>(int, T2, T3)"
:qvq_cuda.viterbi,PushPop,2429084,2431523,5120,10240,21905791,2139.2,2176.0,1984,2304,94.3,"void at::native::vectorized_elementwise_kernel<(int)4, at::native::BinaryFunctor<bool, bool, bool, at::native::binary_internal::MulFunctor<bool>>, std::array<char *, (unsigned long)3>>(int, T2, T3)"
:qvq_cuda.viterbi,PushPop,2429084,2431523,5120,10240,21114837,2062.0,2016.0,1920,2368,110.1,"void at::native::vectorized_elementwise_kernel<(int)4, at::native::AbsFunctor<float>, std::array<char *, (unsigned long)2>>(int, T2, T3)"
:qvq_cuda.viterbi,PushPop,2429084,2431523,5120,5120,11738579,2292.7,2304.0,2144,2880,89.3,"<unnamed>::qvq_half2_codebook_norm_pack_kernel(const __half *, unsigned long *, int)"
:qvq_cuda.viterbi,PushPop,2429084,2431523,5120,5120,11511342,2248.3,2240.0,2208,2336,17.5,"void at::native::vectorized_elementwise_kernel<(int)4, at::native::BinaryFunctor<c10::Half, c10::Half, bool, at::native::<unnamed>::CompareEqFunctor<c10::Half>>, std::array<char *, (unsigned long)3>>(int, T2, T3)"
:qvq_cuda.viterbi,PushPop,2429084,2431523,5120,5120,11408233,2228.2,2240.0,2176,2304,23.3,"void at::native::vectorized_elementwise_kernel<(int)4, at::native::AUnaryFunctor<c10::Half, c10::Half, bool, at::native::<unnamed>::CompareEqFunctor<c10::Half>>, std::array<char *, (unsigned long)2>>(int, T2, T3)"
:qvq_cuda.viterbi,PushPop,2429084,2431523,5120,5120,10729506,2095.6,2048.0,1984,2368,99.9,"void at::native::vectorized_elementwise_kernel<(int)4, at::native::BinaryFunctor<float, float, bool, at::native::<unnamed>::CompareEqFunctor<float>>, std::array<char *, (unsigned long)3>>(int, T2, T3)"
:qvq_cuda.viterbi,PushPop,2429084,2431523,5120,5120,10671305,2084.2,2048.0,1983,2336,101.8,"void at::native::vectorized_elementwise_kernel<(int)4, at::native::AUnaryFunctor<float, float, bool, at::native::<unnamed>::CompareEqFunctor<float>>, std::array<char *, (unsigned long)2>>(int, T2, T3)"
:qvq_cuda.viterbi,PushPop,2429084,2431523,2560,5120,8991210,1756.1,1760.0,1600,1920,57.6,"void at::native::vectorized_elementwise_kernel<(int)4, void at::native::compare_scalar_kernel<long>(at::TensorIteratorBase &, at::native::<unnamed>::OpType, T1)::[lambda(long) (instance 1)], std::array<char *, (unsigned long)2>>(int, T2, T3)"
:qvq_cuda.viterbi_tail_trusted,PushPop,2429084,2431523,5490,10980,21898142771,1994366.4,1458081.5,1350109,2878729,685817.8,"void <unnamed>::qvq_viterbi_kernel<(int)4, (int)2, __half, unsigned char>(const float *, const T3 *, const float *, const long *, const float *, T4 *, long *, float *, int, int, int, bool, bool, bool)"
:qvq_cuda.viterbi_tail_trusted,PushPop,2429084,2431523,5490,10980,31641838,2881.8,2688.0,2080,520641,10002.6,"<unnamed>::qvq_half2_codebook_norm_pack_kernel(const __half *, unsigned long *, int)"
:qvq_cuda.viterbi_tail_trusted,PushPop,2429084,2431523,5462,5462,17938678,3284.3,3680.0,1824,70272,1543.8,"void at::native::elementwise_kernel<(int)128, (int)2, void at::native::gpu_kernel_impl_nocast<at::native::AUnaryFunctor<long, long, long, at::native::BitwiseAndFunctor<long>>>(at::TensorIteratorBase &, const T1 &)::[lambda(int) (instance 1)]>(int, T3)"
:qvq_cuda.viterbi_tail_trusted,PushPop,2429084,2431523,5490,5490,13992851,2548.8,2496.0,1760,143616,2665.7,"void at::native::roll_cuda_kernel<float>(const T1 *, T1 *, long, long, long, long, long, long)"
:qvq_cuda.viterbi_tail_trusted,PushPop,2429084,2431523,28,28,53376,1906.3,1568.0,1408,2912,508.6,"void at::native::unrolled_elementwise_kernel<at::native::AUnaryFunctor<long, long, long, at::native::BitwiseAndFunctor<long>>, std::array<char *, (unsigned long)2>, (int)4, TrivialOffsetCalculator<(int)1, unsigned int>, TrivialOffsetCalculator<(int)1, unsigned int>, at::native::memory::LoadWithoutCast, at::native::memory::StoreWithoutCast>(int, T1, T2, T4, T5, T6, T7)"
:qvq_cuda.viterbi_v2_segment_family_grid_trusted,PushPop,2429084,2431523,12476,12476,55693631356,4464061.5,4048588.0,1264485,16416709,3654039.7,void <unnamed>::qvq_fused_w2_family_grid_kernel<(bool)0>(<unnamed>::FusedSequenceArgs)
:qvq_cuda.viterbi_v2_segment_family_grid_trusted,PushPop,2429084,2431523,12476,12476,1255359941,100622.0,101696.5,72929,118304,6600.4,"<unnamed>::qvq_fused_w2_traceback_kernel(const unsigned char *, const unsigned char *, const int *, long *, unsigned char *, int)"
:qvq_cuda.viterbi_v2_segment_family_grid_trusted,PushPop,2429084,2431523,312,2496,368273948,147545.7,145824.0,133345,1663909,32812.4,"void <unnamed>::qvq_v2_segment_grid_kernel<(int)4, (int)2, (int)16, (bool)1, (bool)0, __half, unsigned char>(const float *, const T6 *, const float *, const long *, const float *, const float *, float *, T7 *, unsigned char *, int, int, int, bool, bool)"
:qvq_cuda.viterbi_v2_segment_family_grid_trusted,PushPop,2429084,2431523,12476,12476,164789994,13208.6,13568.0,9184,16000,1541.8,"<unnamed>::qvq_fused_detect_family_mask_kernel(const unsigned int *, int *)"
:qvq_cuda.viterbi_v2_segment_family_grid_trusted,PushPop,2429084,2431523,312,312,25900526,83014.5,81632.0,72096,119136,7547.5,"void <unnamed>::qvq_v2_segment_grid_finalize_kernel<(int)4, (int)2, (int)16, (bool)0, __half, unsigned char>(const float *, const T5 *, const float *, const long *, const float *, const float *, const T6 *, const unsigned char *, long *, unsigned char *, float *, int, int, bool, bool)"
:qvq_cuda.viterbi_v2_segment_family_grid_trusted,PushPop,2429084,2431523,12476,12476,19692124,1578.4,1568.0,1312,3392,154.6,"void at::native::vectorized_elementwise_kernel<(int)4, at::native::FillFunctor<int>, std::array<char *, (unsigned long)1>>(int, T2, T3)"
:qvq_cuda.viterbi_v2_segment_family_grid_trusted,PushPop,2429084,2431523,312,312,1526626,4893.0,4208.5,3296,10880,2164.5,"<unnamed>::qvq_half2_codebook_norm_pack_kernel(const __half *, unsigned long *, int)"
:qvq_cuda.viterbi_v2_segment_tail_trusted,PushPop,2429084,2431523,2844,45504,6614821799,145367.9,146496.0,132319,155040,3726.3,"void <unnamed>::qvq_v2_segment_grid_kernel<(int)4, (int)2, (int)16, (bool)1, (bool)0, __half, unsigned char>(const float *, const T6 *, const float *, const long *, const float *, const float *, float *, T7 *, unsigned char *, int, int, int, bool, bool)"
:qvq_cuda.viterbi_v2_segment_tail_trusted,PushPop,2429084,2431523,2124,4248,5347880279,1258917.2,1258526.0,1221054,1454877,39571.5,void <unnamed>::qvq_fused_w2_family_grid_kernel<(bool)0>(<unnamed>::FusedSequenceArgs)
:qvq_cuda.viterbi_v2_segment_tail_trusted,PushPop,2429084,2431523,2844,5688,452832435,79611.9,80480.0,67520,90816,3926.5,"void <unnamed>::qvq_v2_segment_grid_finalize_kernel<(int)4, (int)2, (int)16, (bool)0, __half, unsigned char>(const float *, const T5 *, const float *, const long *, const float *, const float *, const T6 *, const unsigned char *, long *, unsigned char *, float *, int, int, bool, bool)"
:qvq_cuda.viterbi_v2_segment_tail_trusted,PushPop,2429084,2431523,2124,4248,359212523,84560.4,85344.0,69984,95936,5693.1,"<unnamed>::qvq_fused_w2_traceback_kernel(const unsigned char *, const unsigned char *, const int *, long *, unsigned char *, int)"
:qvq_cuda.viterbi_v2_segment_tail_trusted,PushPop,2429084,2431523,2124,4248,48515962,11420.9,11056.0,9152,14689,2160.3,"<unnamed>::qvq_fused_detect_family_mask_kernel(const unsigned int *, int *)"
:qvq_cuda.viterbi_v2_segment_tail_trusted,PushPop,2429084,2431523,2844,5688,15512163,2727.2,2784.0,2304,3264,212.4,"<unnamed>::qvq_half2_codebook_norm_pack_kernel(const __half *, unsigned long *, int)"
:qvq_cuda.viterbi_v2_segment_tail_trusted,PushPop,2429084,2431523,4968,4968,12076833,2430.9,2432.0,1728,2528,83.9,"void at::native::roll_cuda_kernel<float>(const T1 *, T1 *, long, long, long, long, long, long)"
:qvq_cuda.viterbi_v2_segment_tail_trusted,PushPop,2429084,2431523,4920,4920,11498535,2337.1,2304.0,1792,2784,196.0,"void at::native::elementwise_kernel<(int)128, (int)2, void at::native::gpu_kernel_impl_nocast<at::native::AUnaryFunctor<long, long, long, at::native::BitwiseAndFunctor<long>>>(at::TensorIteratorBase &, const T1 &)::[lambda(int) (instance 1)]>(int, T3)"
:qvq_cuda.viterbi_v2_segment_tail_trusted,PushPop,2429084,2431523,2124,4248,5951105,1400.9,1440.0,1311,1568,50.3,"void at::native::vectorized_elementwise_kernel<(int)4, at::native::FillFunctor<int>, std::array<char *, (unsigned long)1>>(int, T2, T3)"
:qvq_cuda.viterbi_v2_segment_tail_trusted,PushPop,2429084,2431523,48,48,72864,1518.0,1536.0,1440,1568,44.2,"void at::native::unrolled_elementwise_kernel<at::native::AUnaryFunctor<long, long, long, at::native::BitwiseAndFunctor<long>>, std::array<char *, (unsigned long)2>, (int)4, TrivialOffsetCalculator<(int)1, unsigned int>, TrivialOffsetCalculator<(int)1, unsigned int>, at::native::memory::LoadWithoutCast, at::native::memory::StoreWithoutCast>(int, T1, T2, T4, T5, T6, T7)"
:qvq_cuda.yaqa_feedback,PushPop,2429084,2431523,7668,7668,12203810423,1591524.6,1174323.5,21088,5814695,1409715.1,void cutlass::Kernel2<cutlass_80_simt_sgemm_grouped_128x128_8x4_align1>(T1::Params)
:qvq_cuda.yaqa_feedback,PushPop,2429084,2431523,7668,7668,27619057,3601.9,3392.0,2144,262816,5084.6,"<unnamed>::qvq_yaqa_feedback_epilogue_kernel(const float *, const float *, const float *, const float *, const float *, float *, int, int, int, int, int)"
:qvq_cuda.yaqa_feedback,PushPop,2429084,2431523,7668,7668,16646519,2170.9,2144.0,1408,5024,156.5,"<unnamed>::qvq_yaqa_grouped_pointers_kernel(const float *, const float *, float *, float **, float **, float **, int, int, int, int, int, int)"
:qvq_cuda.yaqa_feedback_update,PushPop,2429084,2431523,7652,7652,3001968578,392311.6,308048.5,4640,969474,328929.4,"void gemmSN_NN_kernel<float, (int)128, (int)2, (int)4, (int)8, (int)4, (int)4, (bool)0, cublasGemvTensorBatched<const float>, cublasGemvTensorBatched<const float>, cublasGemvTensorBatched<float>>(cublasGemmSmallNParams<T9, T10, T11, T1>)"
:qvq_cuda.yaqa_feedback_update,PushPop,2429084,2431523,7656,7656,2465020335,321972.4,253408.5,9760,1191653,333097.4,ampere_sgemm_128x128_nt
:qvq_cuda.yaqa_feedback_update,PushPop,2429084,2431523,7668,7668,14875987,1940.0,1952.0,1440,5120,120.4,"<unnamed>::qvq_yaqa_update_grouped_pointers_kernel(float *, float *, const float *, const float *, const float *, float **, float **, float **, int, int, int, int, int, int)"
:qvq_cuda.yaqa_feedback_update,PushPop,2429084,2431523,12,12,98208,8184.0,8032.0,7552,9568,645.8,ampere_sgemm_32x128_nt
:qvq_cuda.yaqa_feedback_update,PushPop,2429084,2431523,16,16,95393,5962.1,5104.0,4000,10496,2071.0,"void gemmSN_NN_kernel<float, (int)256, (int)4, (int)2, (int)8, (int)4, (int)4, (bool)0, cublasGemvTensorBatched<const float>, cublasGemvTensorBatched<const float>, cublasGemvTensorBatched<float>>(cublasGemmSmallNParams<T9, T10, T11, T1>)"
:qvq_quantize.main,PushPop,2429084,2429084,1,254,603416842,2375656.9,1914100.5,445025,6744407,1342185.0,ampere_sgemm_128x64_nt
:qvq_quantize.main,PushPop,2429084,2429084,1,1358,235275365,173251.4,133936.5,59808,12593387,481404.2,void cutlass::Kernel2<cutlass_80_simt_sgemm_128x32_8x5_nt_align1>(T1::Params)
:qvq_quantize.main,PushPop,2429084,2429084,1,764,175085421,229169.4,139119.5,34560,1212443,284211.1,ampere_fp16_s16816gemm_fp16_128x128_ldg8_f2f_stages_32x5_tn
:qvq_quantize.main,PushPop,2429084,2429084,1,297,174155353,586381.7,412383.0,36704,11500366,1140385.1,ampere_fp16_s16816gemm_fp16_128x256_ldg8_f2f_stages_64x3_tn
:qvq_quantize.main,PushPop,2429084,2429084,1,37,127873151,3456031.1,1519811.0,634657,6805056,2927989.8,"void at::native::<unnamed>::cunn_SoftMaxForward<(int)8, c10::Half, float, float, at::native::<unnamed>::SoftMaxForwardEpilogue>(T4 *, const T2 *, int)"
:qvq_quantize.main,PushPop,2429084,2429084,1,381,110430749,289844.5,166144.0,84160,17491503,981999.1,ampere_fp16_s16816gemm_fp16_256x128_ldg8_f2f_stages_64x3_tn
:qvq_quantize.main,PushPop,2429084,2429084,1,3456,109828986,31779.2,6592.0,3936,1595737,124762.6,"void at::native::elementwise_kernel<(int)128, (int)4, void at::native::gpu_kernel_impl_nocast<at::native::CUDAFunctor_add<c10::Half>>(at::TensorIteratorBase &, const T1 &)::[lambda(int) (instance 1)]>(int, T3)"
:qvq_quantize.main,PushPop,2429084,2429084,1,4294,94610800,22033.3,6208.0,2016,2374455,141637.7,"void at::native::unrolled_elementwise_kernel<at::native::direct_copy_kernel_cuda(at::TensorIteratorBase &)::[lambda() (instance 3)]::operator ()() const::[lambda() (instance 7)]::operator ()() const::[lambda(float) (instance 1)], std::array<char *, (unsigned long)2>, (int)4, TrivialOffsetCalculator<(int)1, unsigned int>, TrivialOffsetCalculator<(int)1, unsigned int>, at::native::memory::LoadWithCast<(int)1>, at::native::memory::StoreWithCast<(int)1>>(int, T1, T2, T4, T5, T6, T7)"
:qvq_quantize.main,PushPop,2429084,2429084,1,3760,77948158,20730.9,3904.0,1888,1139931,86105.0,"void at::native::vectorized_elementwise_kernel<(int)4, at::native::float16_copy_kernel_cuda(at::TensorIteratorBase &)::[lambda(float) (instance 1)], std::array<char *, (unsigned long)2>>(int, T2, T3)"
:qvq_quantize.main,PushPop,2429084,2429084,1,541,77315255,142911.7,30112.0,6560,2008342,360442.2,void cutlass::Kernel2<cutlass_75_tensorop_f16_s1688gemm_f16_64x64_tn_align1>(T1::Params)
:qvq_quantize.main,PushPop,2429084,2429084,1,6928,62793420,9063.7,5504.0,3840,90591,10783.2,"void at::native::elementwise_kernel<(int)128, (int)4, void at::native::gpu_kernel_impl_nocast<at::native::BinaryFunctor<c10::Half, c10::Half, c10::Half, at::native::binary_internal::MulFunctor<float>>>(at::TensorIteratorBase &, const T1 &)::[lambda(int) (instance 1)]>(int, T3)"
:qvq_quantize.main,PushPop,2429084,2429084,1,144,60049069,417007.4,370832.5,319073,838494,137270.0,ampere_sgemm_64x32_sliced1x4_nt
:qvq_quantize.main,PushPop,2429084,2429084,1,492,50895269,103445.7,25376.0,10784,1245786,230686.6,void cutlass::Kernel2<cutlass_75_tensorop_f16_s1688gemm_f16_64x64_nn_align1>(T1::Params)
:qvq_quantize.main,PushPop,2429084,2429084,1,16,48136047,3008502.9,2324856.5,804094,8076923,2032436.3,"void at::native::index_elementwise_kernel<(int)128, (int)4, void at::native::gpu_index_kernel<void at::native::index_kernel_impl<at::native::OpaqueType<(int)2>>(at::TensorIteratorBase &, c10::ArrayRef<long>, c10::ArrayRef<long>)::[lambda(char *, const char *, long) (instance 1)]>(at::TensorIteratorBase &, c10::ArrayRef<long>, c10::ArrayRef<long>, const T1 &, bool)::[lambda(int) (instance 1)]>(long, T3)"
:qvq_quantize.main,PushPop,2429084,2429084,1,16,47765295,2985330.9,2375976.5,837022,7589980,1905264.5,"void at::native::<unnamed>::cunn_SoftMaxForward<(int)4, float, float, float, at::native::<unnamed>::SoftMaxForwardEpilogue>(T4 *, const T2 *, int)"
:qvq_quantize.main,PushPop,2429084,2429084,1,16,47366740,2960421.3,2355449.0,837182,7526685,1886012.1,"void at::native::<unnamed>::cunn_SoftMaxForward<(int)4, float, float, float, at::native::<unnamed>::LogSoftMaxForwardEpilogue>(T4 *, const T2 *, int)"
:qvq_quantize.main,PushPop,2429084,2429084,1,3712,46516580,12531.4,6016.0,4128,90656,14881.7,"void at::native::elementwise_kernel<(int)128, (int)4, void at::native::gpu_kernel_impl_nocast<at::native::direct_copy_kernel_cuda(at::TensorIteratorBase &)::[lambda() (instance 3)]::operator ()() const::[lambda() (instance 10)]::operator ()() const::[lambda(c10::Half) (instance 1)]>(at::TensorIteratorBase &, const T1 &)::[lambda(int) (instance 1)]>(int, T3)"
:qvq_quantize.main,PushPop,2429084,2429084,1,600,41141903,68569.8,66689.0,58304,98752,9213.5,void cutlass::Kernel2<cutlass_80_tensorop_f16_s16816gemm_relu_f16_256x64_32x4_tn_align8>(T1::Params)
:qvq_quantize.main,PushPop,2429084,2429084,1,1152,40554417,35203.5,6448.0,1728,756444,98733.6,"void at::native::vectorized_elementwise_kernel<(int)4, at::native::AUnaryFunctor<c10::Half, c10::Half, c10::Half, at::native::binary_internal::MulFunctor<float>>, std::array<char *, (unsigned long)2>>(int, T2, T3)"
:qvq_quantize.main,PushPop,2429084,2429084,1,4147,40366591,9733.9,8096.0,3424,23968,4037.0,"void at::native::reduce_kernel<(int)512, (int)1, at::native::ReduceOp<bool, at::native::func_wrapper_t<bool, at::native::or_kernel_cuda(at::TensorIterator &)::[lambda() (instance 1)]::operator ()() const::[lambda() (instance 12)]::operator ()() const::[lambda(bool, bool) (instance 1)]>, unsigned int, bool, (int)4, (int)4>>(T3)"
:qvq_quantize.main,PushPop,2429084,2429084,1,400,36147546,90368.9,29408.0,8960,744129,161777.1,void cutlass::Kernel2<cutlass_80_wmma_tensorop_f16_s161616gemm_f16_32x32_32x1_tn_align2>(T1::Params)
:qvq_quantize.main,PushPop,2429084,2429084,1,244,33435984,137032.7,62496.0,42943,590270,158668.3,"void <unnamed>::softmax_warp_forward<c10::Half, float, float, (int)10, (bool)0, (bool)0, (int)32>(T2 *, const T1 *, int, int, int, const bool *, int, bool)"
:qvq_quantize.main,PushPop,2429084,2429084,1,19,33265989,1750841.5,1770137.0,583422,2921684,662629.0,"void at::native::vectorized_elementwise_kernel<(int)4, at::native::BinaryFunctor<float, float, float, at::native::binary_internal::DivFunctor<float>>, std::array<char *, (unsigned long)3>>(int, T2, T3)"
:qvq_quantize.main,PushPop,2429084,2429084,1,2304,31034257,13469.7,8576.0,5568,134624,15766.7,"void at::native::<unnamed>::CatArrayBatchedCopy<at::native::<unnamed>::OpaqueType<(unsigned int)2>, unsigned int, (int)4, (int)64, (int)64>(T1 *, at::native::<unnamed>::CatArrInputTensorMetadata<T1, T2, T4, T5>, at::native::<unnamed>::TensorSizeStride<T2, (unsigned int)4>, int, T2)"
:qvq_quantize.main,PushPop,2429084,2429084,1,2320,26176680,11283.1,9248.0,7904,59968,7095.0,"void at::native::reduce_kernel<(int)512, (int)1, at::native::ReduceOp<float, at::native::MeanOps<float, float, float, float>, unsigned int, float, (int)4, (int)4>>(T3)"
:qvq_quantize.main,PushPop,2429084,2429084,1,2320,25789431,11116.1,5472.0,3616,91552,14514.6,"void at::native::elementwise_kernel<(int)128, (int)2, void at::native::gpu_kernel_impl_nocast<at::native::BinaryFunctor<float, float, float, at::native::binary_internal::MulFunctor<float>>>(at::TensorIteratorBase &, const T1 &)::[lambda(int) (instance 1)]>(int, T3)"
:qvq_quantize.main,PushPop,2429084,2429084,1,478,25288834,52905.5,60096.0,26240,106656,19930.5,ampere_fp16_s16816gemm_fp16_128x128_ldg8_f2f_stages_64x3_tn
:qvq_quantize.main,PushPop,2429084,2429084,1,1310,25270963,19290.8,18240.0,9248,62944,6466.4,ampere_fp16_s16816gemm_fp16_128x64_ldg8_f2f_stages_64x4_tn
:qvq_quantize.main,PushPop,2429084,2429084,1,531,24696687,46509.8,32384.0,9120,141952,28173.3,void cutlass::Kernel2<cutlass_80_tensorop_f16_s16816gemm_relu_f16_128x128_32x5_tn_align8>(T1::Params)
:qvq_quantize.main,PushPop,2429084,2429084,1,640,21126533,33010.2,10480.0,3232,231135,45506.1,"void at::native::vectorized_elementwise_kernel<(int)4, at::native::BinaryFunctor<c10::Half, c10::Half, c10::Half, at::native::binary_internal::MulFunctor<float>>, std::array<char *, (unsigned long)3>>(int, T2, T3)"
:qvq_quantize.main,PushPop,2429084,2429084,1,896,18652973,20818.1,9088.0,3520,155775,27228.2,"void at::native::vectorized_elementwise_kernel<(int)4, at::native::<unnamed>::silu_kernel(at::TensorIteratorBase &)::[lambda() (instance 1)]::operator ()() const::[lambda() (instance 5)]::operator ()() const::[lambda(c10::Half) (instance 1)], std::array<char *, (unsigned long)2>>(int, T2, T3)"
:qvq_quantize.main,PushPop,2429084,2429084,1,2320,17985754,7752.5,3616.0,2368,78912,12112.6,"void at::native::vectorized_elementwise_kernel<(int)4, void at::native::<unnamed>::pow_tensor_scalar_kernel_impl<float, float>(at::TensorIteratorBase &, T2)::[lambda(float) (instance 1)], std::array<char *, (unsigned long)2>>(int, T2, T3)"
:qvq_quantize.main,PushPop,2429084,2429084,1,83,17219312,207461.6,284575.0,55967,337503,121947.3,ampere_fp16_s16816gemm_fp16_256x128_ldg8_f2f_stages_32x3_tn
:qvq_quantize.main,PushPop,2429084,2429084,1,1306,16907816,12946.3,12544.0,11744,40160,1977.1,ampere_fp16_s16816gemm_fp16_64x64_sliced1x2_ldg8_f2f_stages_64x5_tn
:qvq_quantize.main,PushPop,2429084,2429084,1,416,16743009,40247.6,19440.0,12960,189055,46896.1,"void <unnamed>::softmax_warp_forward<c10::Half, float, float, (int)9, (bool)0, (bool)0, (int)32>(T2 *, const T1 *, int, int, int, const bool *, int, bool)"
:qvq_quantize.main,PushPop,2429084,2429084,1,19,16010437,842654.6,895581.0,269984,1420378,334245.2,"void at::native::<unnamed>::distribution_elementwise_grid_stride_kernel<float, (int)4, void at::native::templates::cuda::uniform_and_transform<float, float, at::CUDAGeneratorImpl *, void at::native::templates::cuda::exponential_kernel<at::CUDAGeneratorImpl *>(at::TensorIteratorBase &, double, T1)::[lambda() (instance 1)]::operator ()() const::[lambda() (instance 2)]::operator ()() const::[lambda(float) (instance 1)]>(at::TensorIteratorBase &, T3, T4)::[lambda(curandStatePhilox4_32_10 *) (instance 2)], void at::native::<unnamed>::distribution_nullary_kernel<float, float, float4, at::CUDAGeneratorImpl *, void at::native::templates::cuda::uniform_and_transform<float, float, at::CUDAGeneratorImpl *, void at::native::templates::cuda::exponential_kernel<at::CUDAGeneratorImpl *>(at::TensorIteratorBase &, double, T1)::[lambda() (instance 1)]::operator ()() const::[lambda() (instance 2)]::operator ()() const::[lambda(float) (instance 1)]>(at::TensorIteratorBase &, T3, T4)::[lambda(curandStatePhilox4_32_10 *) (instance 2)], void at::native::templates::cuda::exponential_kernel<at::CUDAGeneratorImpl *>(at::TensorIteratorBase &, double, T1)::[lambda() (instance 1)]::operator ()() const::[lambda() (instance 2)]::operator ()() const::[lambda(float) (instance 1)]>(at::TensorIteratorBase &, T4, const T5 &, T6)::[lambda(int, float) (instance 1)]>(long, at::PhiloxCudaState, T3, T4)"
:qvq_quantize.main,PushPop,2429084,2429084,1,3728,14173965,3802.0,3264.0,2304,35039,2114.7,"void at::native::vectorized_gather_kernel<(int)16, long>(char *, char *, T2 *, int, long, long, long, long, bool)"
:qvq_quantize.main,PushPop,2429084,2429084,1,2304,12729306,5524.9,4352.0,3488,42432,4522.2,"void at::native::elementwise_kernel<(int)128, (int)4, void at::native::gpu_kernel_impl_nocast<at::native::neg_kernel_cuda(at::TensorIteratorBase &)::[lambda() (instance 2)]::operator ()() const::[lambda() (instance 8)]::operator ()() const::[lambda(c10::Half) (instance 1)]>(at::TensorIteratorBase &, const T1 &)::[lambda(int) (instance 1)]>(int, T3)"
:qvq_quantize.main,PushPop,2429084,2429084,1,263,12341168,46924.6,25281.0,9568,252192,64232.8,void cutlass::Kernel2<cutlass_80_tensorop_f16_s16816gemm_f16_64x128_64x3_nn_align2>(T1::Params)
:qvq_quantize.main,PushPop,2429084,2429084,1,1168,12284996,10518.0,2848.0,2336,1422457,75943.6,"void at::native::vectorized_elementwise_kernel<(int)4, at::native::BinaryFunctor<c10::Half, c10::Half, bool, at::native::<unnamed>::CompareEqFunctor<c10::Half>>, std::array<char *, (unsigned long)3>>(int, T2, T3)"
:qvq_quantize.main,PushPop,2429084,2429084,1,19,12089525,636290.8,638142.0,238624,1048924,227840.7,"void at::native::reduce_kernel<(int)512, (int)1, at::native::ReduceOp<float, at::native::ArgMaxOps<float>, unsigned int, long, (int)4, (int)4>>(T3)"
:qvq_quantize.main,PushPop,2429084,2429084,1,19,11699638,615770.4,620189.0,221344,1012508,222809.2,"void at::native::reduce_kernel<(int)512, (int)1, at::native::ReduceOp<float, at::native::MinMaxOps<float, float, int>, unsigned int, float, (int)4, (int)4>>(T3)"
:qvq_quantize.main,PushPop,2429084,2429084,1,35,11585270,331007.7,279455.0,3904,1001852,345687.2,"void at::native::reduce_kernel<(int)512, (int)1, at::native::ReduceOp<float, at::native::func_wrapper_t<float, at::native::sum_functor<float, float, float>::operator ()(at::TensorIterator &)::[lambda(float, float) (instance 1)]>, unsigned int, float, (int)4, (int)4>>(T3)"
:qvq_quantize.main,PushPop,2429084,2429084,1,1280,11440640,8938.0,4464.0,2624,61216,10398.8,"void at::native::vectorized_elementwise_kernel<(int)4, at::native::CUDAFunctor_add<c10::Half>, std::array<char *, (unsigned long)3>>(int, T2, T3)"
:qvq_quantize.main,PushPop,2429084,2429084,1,16,11091190,693199.4,550302.0,192960,1774359,445355.1,"void at::native::vectorized_elementwise_kernel<(int)4, at::native::AbsFunctor<c10::Half>, std::array<char *, (unsigned long)2>>(int, T2, T3)"
:qvq_quantize.main,PushPop,2429084,2429084,1,3600,9465834,2629.4,2560.0,2304,4928,199.5,"void at_cuda_detail::cub::detail::select::DeviceSelectSweepKernel<at_cuda_detail::cub::detail::select::policy_hub<long, bool, int, (bool)0, (at_cuda_detail::cub::SelectImpl)0>::Policy1000, thrust::_V_300200_SM_750_800_860_900_1000_1200::counting_iterator<long, thrust::_V_300200_SM_750_800_860_900_1000_1200::use_default, thrust::_V_300200_SM_750_800_860_900_1000_1200::use_default, thrust::_V_300200_SM_750_800_860_900_1000_1200::use_default, thrust::_V_300200_SM_750_800_860_900_1000_1200::compile_time_value<(int)1>>, thrust::_V_300200_SM_750_800_860_900_1000_1200::transform_iterator<at::native::<unnamed>::NonZeroOp<bool>, const bool *, thrust::_V_300200_SM_750_800_860_900_1000_1200::use_default, thrust::_V_300200_SM_750_800_860_900_1000_1200::use_default>, long *, int *, at_cuda_detail::cub::ScanTileState<int, (bool)1>, at_cuda_detail::cub::NullType, at_cuda_detail::cub::NullType, int, at_cuda_detail::cub::detail::select::streaming_context_t<long, (bool)1>, (at_cuda_detail::cub::SelectImpl)0>(T2, T3, T4, T5, T6, T7, T8, T9, int, T10, at_cuda_detail::cub::detail::vsmem_t)"
:qvq_quantize.main,PushPop,2429084,2429084,1,32,9225276,288289.9,83488.0,1792,1465625,386757.3,"void at::native::vectorized_elementwise_kernel<(int)4, at::native::BinaryFunctor<bool, bool, bool, at::native::binary_internal::MulFunctor<bool>>, std::array<char *, (unsigned long)3>>(int, T2, T3)"
:qvq_quantize.main,PushPop,2429084,2429084,1,864,9090440,10521.3,9920.0,8736,13313,1290.5,sm80_xmma_gemm_f16f16_f16f32_f32_tn_n_tilesize32x32x64_stage6_warpsize2x2x1_tensor16x8x16_execute_kernel__5x_cublas
:qvq_quantize.main,PushPop,2429084,2429084,1,16,8896992,556062.0,444767.0,157951,1412698,352504.6,"void at::native::vectorized_elementwise_kernel<(int)4, at::native::AUnaryFunctor<c10::Half, c10::Half, bool, at::native::<unnamed>::CompareEqFunctor<c10::Half>>, std::array<char *, (unsigned long)2>>(int, T2, T3)"
:qvq_quantize.main,PushPop,2429084,2429084,1,3456,8269254,2392.7,2336.0,1920,5760,375.3,"void at::native::vectorized_elementwise_kernel<(int)4, void at::native::compare_scalar_kernel<c10::Half>(at::TensorIteratorBase &, at::native::<unnamed>::OpType, T1)::[lambda(c10::Half) (instance 1)], std::array<char *, (unsigned long)2>>(int, T2, T3)"
:qvq_quantize.main,PushPop,2429084,2429084,1,179,8035546,44891.3,44576.0,26656,90880,16015.9,sm80_xmma_gemm_f16f16_f16f32_f32_tn_n_tilesize96x128x32_stage4_warpsize2x2x1_tensor16x8x16_execute_kernel__5x_cublas
:qvq_quantize.main,PushPop,2429084,2429084,1,3596,7988415,2221.5,1984.0,1600,5152,566.2,"void at_cuda_detail::cub::detail::reduce::DeviceReduceSingleTileKernel<at_cuda_detail::cub::detail::reduce::policy_hub<int, unsigned long long, cuda::std::__4::plus<void>>::Policy1000, thrust::_V_300200_SM_750_800_860_900_1000_1200::transform_iterator<at::native::<unnamed>::NonZeroOp<bool>, const bool *, thrust::_V_300200_SM_750_800_860_900_1000_1200::use_default, thrust::_V_300200_SM_750_800_860_900_1000_1200::use_default>, int *, unsigned long long, cuda::std::__4::plus<void>, int, int, cuda::std::__4::identity>(T2, T3, T4, T5, T6, T8)"
:qvq_quantize.main,PushPop,2429084,2429084,1,390,6900882,17694.6,8768.0,6016,63200,17375.9,"void <unnamed>::softmax_warp_forward<c10::Half, float, float, (int)8, (bool)0, (bool)0, (int)32>(T2 *, const T1 *, int, int, int, const bool *, int, bool)"
:qvq_quantize.main,PushPop,2429084,2429084,1,194,6763651,34864.2,34880.0,31488,40288,2667.8,ampere_fp16_s16816gemm_fp16_256x64_ldg8_f2f_stages_64x3_tn
:qvq_quantize.main,PushPop,2429084,2429084,1,224,5894309,26313.9,22784.0,20480,31903,4446.7,ampere_fp16_s16816gemm_fp16_128x64_ldg8_f2f_stages_64x3_tn
:qvq_quantize.main,PushPop,2429084,2429084,1,32,5156909,161153.4,54383.5,2976,790716,208990.6,"void at::native::reduce_kernel<(int)512, (int)1, at::native::ReduceOp<bool, at::native::func_wrapper_t<bool, at::native::and_kernel_cuda(at::TensorIterator &)::[lambda() (instance 1)]::operator ()() const::[lambda() (instance 12)]::operator ()() const::[lambda(bool, bool) (instance 1)]>, unsigned int, bool, (int)4, (int)4>>(T3)"
:qvq_quantize.main,PushPop,2429084,2429084,1,3600,4953475,1376.0,1344.0,1184,1952,164.6,"void at_cuda_detail::cub::detail::scan::DeviceCompactInitKernel<at_cuda_detail::cub::ScanTileState<int, (bool)1>, int *>(T1, int, T2)"
:qvq_quantize.main,PushPop,2429084,2429084,1,90,4919265,54658.5,45136.0,42784,134880,28019.7,sm80_xmma_gemm_f16f16_f16f32_f32_tn_n_tilesize192x128x32_stage3_warpsize4x2x1_tensor16x8x16_execute_kernel__5x_cublas
:qvq_quantize.main,PushPop,2429084,2429084,1,315,4881987,15498.4,14304.0,8608,25088,4727.0,"void at::native::reduce_kernel<(int)128, (int)4, at::native::ReduceOp<bool, at::native::func_wrapper_t<bool, at::native::or_kernel_cuda(at::TensorIterator &)::[lambda() (instance 1)]::operator ()() const::[lambda() (instance 12)]::operator ()() const::[lambda(bool, bool) (instance 1)]>, unsigned int, bool, (int)4, (int)4>>(T3)"
:qvq_quantize.main,PushPop,2429084,2429084,1,2320,4777412,2059.2,2016.0,1664,2656,178.4,"void at::native::vectorized_elementwise_kernel<(int)4, at::native::rsqrt_kernel_cuda(at::TensorIteratorBase &)::[lambda() (instance 2)]::operator ()() const::[lambda() (instance 2)]::operator ()() const::[lambda(float) (instance 1)], std::array<char *, (unsigned long)2>>(int, T2, T3)"
:qvq_quantize.main,PushPop,2429084,2429084,1,2320,4683556,2018.8,1952.0,1536,2912,243.5,"void at::native::vectorized_elementwise_kernel<(int)4, at::native::CUDAFunctorOnSelf_add<float>, std::array<char *, (unsigned long)2>>(int, T2, T3)"
:qvq_quantize.main,PushPop,2429084,2429084,1,7,4274949,610707.0,610207.0,609953,613729,1341.9,"void at::native::<unnamed>::cunn_SoftMaxForwardSmem<(int)8, c10::Half, float, float, at::native::<unnamed>::SoftMaxForwardEpilogue, long>(T4 *, const T2 *, T6)"
:qvq_quantize.main,PushPop,2429084,2429084,1,105,4105129,39096.5,39072.0,38592,41440,418.7,void cutlass::Kernel2<cutlass_80_tensorop_f16_s16816gemm_relu_f16_128x128_32x6_tn_align8>(T1::Params)
:qvq_quantize.main,PushPop,2429084,2429084,1,306,2981922,9744.8,8496.0,6688,29568,4009.5,"void at::native::reduce_kernel<(int)256, (int)2, at::native::ReduceOp<bool, at::native::func_wrapper_t<bool, at::native::or_kernel_cuda(at::TensorIterator &)::[lambda() (instance 1)]::operator ()() const::[lambda() (instance 12)]::operator ()() const::[lambda(bool, bool) (instance 1)]>, unsigned int, bool, (int)4, (int)4>>(T3)"
:qvq_quantize.main,PushPop,2429084,2429084,1,64,2769241,43269.4,42256.0,34272,54240,8361.0,void cutlass::Kernel2<cutlass_80_tensorop_f16_s16816gemm_relu_f16_128x128_32x4_tn_align8>(T1::Params)
:qvq_quantize.main,PushPop,2429084,2429084,1,32,2736754,85523.6,85376.0,83999,86367,528.6,sm80_xmma_gemm_f16f16_f16f32_f32_tn_n_tilesize128x128x32_stage4_warpsize2x2x1_tensor16x8x16_execute_kernel__5x_cublas
:qvq_quantize.main,PushPop,2429084,2429084,1,180,2364129,13134.0,13088.0,12864,13568,157.7,ampere_fp16_s16816gemm_fp16_64x64_ldg8_f2f_stages_64x5_tn
:qvq_quantize.main,PushPop,2429084,2429084,1,32,2286460,71451.9,71616.0,70784,72000,326.7,sm80_xmma_gemm_f16f16_f16f32_f32_tn_n_tilesize160x128x32_stage4_warpsize2x2x1_tensor16x8x16_execute_kernel__5x_cublas
:qvq_quantize.main,PushPop,2429084,2429084,1,179,2275268,12711.0,12448.0,12160,23169,1385.0,ampere_fp16_s16816gemm_fp16_64x64_sliced1x2_ldg8_f2f_stages_64x6_tn
:qvq_quantize.main,PushPop,2429084,2429084,1,72,2180379,30283.0,16496.0,9792,84896,28031.5,ampere_fp16_s16816gemm_fp16_64x128_sliced1x2_ldg8_f2f_stages_64x3_nn
:qvq_quantize.main,PushPop,2429084,2429084,1,56,2150754,38406.3,32432.0,28576,81056,16334.6,ampere_fp16_s1688gemm_fp16_256x64_ldg8_f2f_tn
:qvq_quantize.main,PushPop,2429084,2429084,1,123,1945310,15815.5,11040.0,6592,39712,11178.0,void cutlass::Kernel2<cutlass_80_tensorop_f16_s16816gemm_f16_64x64_32x6_nn_align2>(T1::Params)
:qvq_quantize.main,PushPop,2429084,2429084,1,24,1441408,60058.7,59952.0,59360,60864,480.0,ampere_sgemm_32x128_nt
:qvq_quantize.main,PushPop,2429084,2429084,1,67,1278781,19086.3,11488.0,9344,32032,9515.2,void cutlass::Kernel2<cutlass_80_tensorop_f16_s16816gemm_relu_f16_64x256_32x4_nn_align8>(T1::Params)
:qvq_quantize.main,PushPop,2429084,2429084,1,288,1245085,4323.2,3840.0,3392,43616,2782.4,"void at::native::elementwise_kernel<(int)128, (int)4, void at::native::gpu_kernel_impl_nocast<at::native::BinaryFunctor<bool, bool, bool, at::native::BitwiseAndFunctor<bool>>>(at::TensorIteratorBase &, const T1 &)::[lambda(int) (instance 1)]>(int, T3)"
:qvq_quantize.main,PushPop,2429084,2429084,1,720,1150813,1598.4,1728.0,1248,2112,210.0,"void <unnamed>::elementwise_kernel_with_index<int, at::native::arange_cuda_out(const c10::Scalar &, const c10::Scalar &, const c10::Scalar &, at::Tensor &)::[lambda() (instance 1)]::operator ()() const::[lambda() (instance 4)]::operator ()() const::[lambda(long) (instance 1)]>(T1, T2, function_traits<T2>::result_type *)"
:qvq_quantize.main,PushPop,2429084,2429084,1,14,1108800,79200.0,79152.0,72736,85792,6466.7,void cutlass::Kernel2<cutlass_80_tensorop_f16_s16816gemm_f16_64x128_64x4_nn_align2>(T1::Params)
:qvq_quantize.main,PushPop,2429084,2429084,1,28,1016097,36289.2,31648.0,25952,57504,11739.6,ampere_fp16_s16816gemm_fp16_64x64_sliced1x2_ldg8_f2f_stages_64x5_nn
:qvq_quantize.main,PushPop,2429084,2429084,1,144,829275,5758.9,5696.0,3392,8544,1232.8,"void at::native::index_elementwise_kernel<(int)128, (int)4, void at::native::gpu_index_kernel<void at::native::index_kernel_impl<at::native::OpaqueType<(int)1>>(at::TensorIteratorBase &, c10::ArrayRef<long>, c10::ArrayRef<long>)::[lambda(char *, const char *, long) (instance 1)]>(at::TensorIteratorBase &, c10::ArrayRef<long>, c10::ArrayRef<long>, const T1 &, bool)::[lambda(int) (instance 1)]>(long, T3)"
:qvq_quantize.main,PushPop,2429084,2429084,1,154,798082,5182.4,5312.0,3328,6208,656.8,"void cublasLt::splitKreduce_kernel<(int)32, (int)16, int, __half, __half, float, __half, (bool)0, __half, __half, __half, (bool)1, (bool)0, (bool)0, (bool)0>(cublasLt::cublasSplitKParams<T6>, const T4 *, const T10 *, T9 *, T5 *, const T6 *, const T6 *, const T11 *, const T4 *, T11 *, void *, long, T6 *, int *, T6 *, T6 *, const T6 *, const T6 *, const T6 *, const T6 *, const T6 *)"
:qvq_quantize.main,PushPop,2429084,2429084,1,432,795901,1842.4,1824.0,1504,2784,141.5,"void at::native::vectorized_elementwise_kernel<(int)2, at::native::CUDAFunctorOnSelf_add<long>, std::array<char *, (unsigned long)2>>(int, T2, T3)"
:qvq_quantize.main,PushPop,2429084,2429084,1,144,706235,4904.4,4864.0,4800,5536,105.8,"void at::native::<unnamed>::CatArrayBatchedCopy<at::native::<unnamed>::OpaqueType<(unsigned int)4>, unsigned int, (int)3, (int)64, (int)64>(T1 *, at::native::<unnamed>::CatArrInputTensorMetadata<T1, T2, T4, T5>, at::native::<unnamed>::TensorSizeStride<T2, (unsigned int)4>, int, T2)"
:qvq_quantize.main,PushPop,2429084,2429084,1,30,697021,23234.0,35648.0,8288,36768,14162.9,ampere_fp16_s16816gemm_fp16_64x64_ldg8_f2f_tn
:qvq_quantize.main,PushPop,2429084,2429084,1,144,662941,4603.8,3968.0,3584,37823,3175.7,"void at::native::elementwise_kernel<(int)128, (int)4, void at::native::gpu_kernel_impl_nocast<at::native::<unnamed>::where_kernel_impl(at::TensorIterator &)::[lambda() (instance 1)]::operator ()() const::[lambda() (instance 2)]::operator ()() const::[lambda(bool, unsigned short, unsigned short) (instance 1)]>(at::TensorIteratorBase &, const T1 &)::[lambda(int) (instance 1)]>(int, T3)"
:qvq_quantize.main,PushPop,2429084,2429084,1,144,608412,4225.1,3952.0,3456,16672,1260.4,"void at::native::elementwise_kernel<(int)128, (int)4, void at::native::gpu_kernel_impl_nocast<at::native::<unnamed>::CompareFunctor<long>>(at::TensorIteratorBase &, const T1 &)::[lambda(int) (instance 1)]>(int, T3)"
:qvq_quantize.main,PushPop,2429084,2429084,1,288,594048,2062.7,2048.0,1920,2336,78.7,"void at::native::vectorized_elementwise_kernel<(int)4, at::native::AUnaryFunctor<float, float, float, at::native::binary_internal::MulFunctor<float>>, std::array<char *, (unsigned long)2>>(int, T2, T3)"
:qvq_quantize.main,PushPop,2429084,2429084,1,272,527199,1938.2,1888.0,1632,2592,143.5,"void at::native::vectorized_elementwise_kernel<(int)4, void at::native::compare_scalar_kernel<long>(at::TensorIteratorBase &, at::native::<unnamed>::OpType, T1)::[lambda(long) (instance 1)], std::array<char *, (unsigned long)2>>(int, T2, T3)"
:qvq_quantize.main,PushPop,2429084,2429084,1,51,486528,9539.8,5632.0,5440,18496,5939.3,"void <unnamed>::softmax_warp_forward<c10::Half, float, float, (int)7, (bool)0, (bool)0, (int)32>(T2 *, const T1 *, int, int, int, const bool *, int, bool)"
:qvq_quantize.main,PushPop,2429084,2429084,1,12,478784,39898.7,40000.0,38624,40896,760.1,ampere_sgemm_128x32_nt
:qvq_quantize.main,PushPop,2429084,2429084,1,144,458047,3180.9,3104.0,2912,3808,179.3,"void at::native::vectorized_elementwise_kernel<(int)4, at::native::cos_kernel_cuda(at::TensorIteratorBase &)::[lambda() (instance 2)]::operator ()() const::[lambda() (instance 2)]::operator ()() const::[lambda(float) (instance 1)], std::array<char *, (unsigned long)2>>(int, T2, T3)"
:qvq_quantize.main,PushPop,2429084,2429084,1,12,453152,37762.7,37824.0,37152,38080,255.4,void cutlass::Kernel2<cutlass_80_tensorop_f16_s16816gemm_relu_f16_128x256_32x3_tn_align8>(T1::Params)
:qvq_quantize.main,PushPop,2429084,2429084,1,144,445183,3091.5,3008.0,2816,3808,209.8,"void at::native::vectorized_elementwise_kernel<(int)4, at::native::sin_kernel_cuda(at::TensorIteratorBase &)::[lambda() (instance 2)]::operator ()() const::[lambda() (instance 2)]::operator ()() const::[lambda(float) (instance 1)], std::array<char *, (unsigned long)2>>(int, T2, T3)"
:qvq_quantize.main,PushPop,2429084,2429084,1,30,436414,14547.1,21168.0,5792,21888,7529.3,void cutlass::Kernel2<cutlass_80_wmma_tensorop_f16_s161616gemm_f16_32x32_64x1_tn_align2>(T1::Params)
:qvq_quantize.main,PushPop,2429084,2429084,1,160,409824,2561.4,2720.0,1792,3072,349.4,"void at::native::elementwise_kernel<(int)128, (int)2, void at::native::gpu_kernel_impl_nocast<at::native::direct_copy_kernel_cuda(at::TensorIteratorBase &)::[lambda() (instance 3)]::operator ()() const::[lambda() (instance 4)]::operator ()() const::[lambda(long) (instance 1)]>(at::TensorIteratorBase &, const T1 &)::[lambda(int) (instance 1)]>(int, T3)"
:qvq_quantize.main,PushPop,2429084,2429084,1,144,405343,2814.9,2848.0,1888,3680,209.7,_bmm_outer_product_kernel
:qvq_quantize.main,PushPop,2429084,2429084,1,42,389058,9263.3,9040.0,7680,12064,1574.9,void cutlass::Kernel2<cutlass_75_wmma_tensorop_f16_s161616gemm_f16_32x32_64x1_nn_align1>(T1::Params)
:qvq_quantize.main,PushPop,2429084,2429084,1,46,376225,8178.8,2000.0,1376,111393,22420.0,"void at::native::vectorized_elementwise_kernel<(int)4, at::native::FillFunctor<float>, std::array<char *, (unsigned long)1>>(int, T2, T3)"
:qvq_quantize.main,PushPop,2429084,2429084,1,16,360703,22543.9,22480.0,22272,23104,260.8,void cutlass::Kernel2<cutlass_80_wmma_tensorop_f16_s161616gemm_f16_32x32_64x1_nn_align2>(T1::Params)
:qvq_quantize.main,PushPop,2429084,2429084,1,128,246048,1922.3,1920.0,1600,2496,121.0,"void at::native::vectorized_elementwise_kernel<(int)4, at::native::BinaryFunctor<bool, bool, bool, at::native::BitwiseOrFunctor<bool>>, std::array<char *, (unsigned long)3>>(int, T2, T3)"
:qvq_quantize.main,PushPop,2429084,2429084,1,145,217536,1500.2,1504.0,1408,1984,63.6,"void at::native::vectorized_elementwise_kernel<(int)4, at::native::FillFunctor<bool>, std::array<char *, (unsigned long)1>>(int, T2, T3)"
:qvq_quantize.main,PushPop,2429084,2429084,1,144,212384,1474.9,1504.0,1376,1536,43.1,"void at::native::vectorized_elementwise_kernel<(int)4, at::native::FillFunctor<c10::Half>, std::array<char *, (unsigned long)1>>(int, T2, T3)"
:qvq_quantize.main,PushPop,2429084,2429084,1,32,114175,3568.0,3584.0,3263,3840,165.4,"void at::native::_assert_async_cuda_kernel<bool>(const T1 *, at::native::Msg)"
:qvq_quantize.main,PushPop,2429084,2429084,1,14,103649,7403.5,7408.0,6464,8352,909.4,void cutlass::Kernel2<cutlass_80_wmma_tensorop_f16_s161616gemm_f16_32x32_128x1_nn_align2>(T1::Params)
:qvq_quantize.main,PushPop,2429084,2429084,1,14,84289,6020.6,6032.5,5248,6784,717.3,void cutlass::Kernel2<cutlass_80_wmma_tensorop_f16_s161616gemm_f16_32x32_128x1_nn_align8>(T1::Params)
:qvq_quantize.main,PushPop,2429084,2429084,1,14,79360,5668.6,5664.0,4992,6400,646.8,ampere_fp16_s16816gemm_fp16_128x64_ldg8_f2f_stages_32x6_tn
:qvq_quantize.main,PushPop,2429084,2429084,1,16,78912,4932.0,4912.0,4608,5216,177.9,"void at::native::<unnamed>::write_indices<long>(long *, at::native::<unnamed>::TensorDims<T1>, int, T1, long *, long)"
:qvq_quantize.main,PushPop,2429084,2429084,1,32,76960,2405.0,2368.0,2176,2848,171.3,"void at::native::vectorized_elementwise_kernel<(int)4, void at::native::compare_scalar_kernel<float>(at::TensorIteratorBase &, at::native::<unnamed>::OpType, T1)::[lambda(float) (instance 1)], std::array<char *, (unsigned long)2>>(int, T2, T3)"
:qvq_quantize.main,PushPop,2429084,2429084,1,32,76128,2379.0,2352.0,1792,3104,491.5,"void at::native::vectorized_elementwise_kernel<(int)4, at::native::AUnaryFunctor<float, float, bool, at::native::<unnamed>::CompareEqFunctor<float>>, std::array<char *, (unsigned long)2>>(int, T2, T3)"
:qvq_quantize.main,PushPop,2429084,2429084,1,16,75904,4744.0,4736.0,4416,5312,245.5,"void at::native::unrolled_elementwise_kernel<at::native::AUnaryFunctor<long, long, bool, at::native::<unnamed>::CompareEqFunctor<long>>, std::array<char *, (unsigned long)2>, (int)4, TrivialOffsetCalculator<(int)1, unsigned int>, TrivialOffsetCalculator<(int)1, unsigned int>, at::native::memory::LoadWithCast<(int)1>, at::native::memory::StoreWithCast<(int)1>>(int, T1, T2, T4, T5, T6, T7)"
:qvq_quantize.main,PushPop,2429084,2429084,1,16,75872,4742.0,4704.0,4192,5440,371.9,"void at::native::reduce_kernel<(int)512, (int)1, at::native::ReduceOp<long, at::native::func_wrapper_t<long, at::native::sum_functor<long, long, long>::operator ()(at::TensorIterator &)::[lambda(long, long) (instance 1)]>, unsigned int, long, (int)4, (int)4>>(T3)"
:qvq_quantize.main,PushPop,2429084,2429084,1,16,69568,4348.0,4416.0,3840,4704,267.4,"void at::native::<unnamed>::nll_loss_forward_no_reduce_cuda_kernel<float, long>(long, torch::headeronly::detail::GenericPackedTensorAccessor<torch::headeronly::detail::TensorAccessor<c10::ArrayRef<long>, T1, (unsigned long)1, torch::headeronly::DefaultPtrTraits, long>, at::detail::IndexBoundsCheck<(unsigned long)2, long>, T1, (unsigned long)2, torch::headeronly::DefaultPtrTraits, long>, const T2 *, T1 *, const T1 *, long, long)"
:qvq_quantize.main,PushPop,2429084,2429084,1,16,67648,4228.0,4272.0,3968,4384,111.4,"void at::native::unrolled_elementwise_kernel<at::native::direct_copy_kernel_cuda(at::TensorIteratorBase &)::[lambda() (instance 3)]::operator ()() const::[lambda() (instance 4)]::operator ()() const::[lambda(long) (instance 1)], std::array<char *, (unsigned long)2>, (int)4, TrivialOffsetCalculator<(int)1, unsigned int>, TrivialOffsetCalculator<(int)1, unsigned int>, at::native::memory::LoadWithCast<(int)1>, at::native::memory::StoreWithCast<(int)1>>(int, T1, T2, T4, T5, T6, T7)"
:qvq_quantize.main,PushPop,2429084,2429084,1,7,36000,5142.9,5120.0,5088,5248,51.3,void cutlass::Kernel2<cutlass_75_wmma_tensorop_f16_s161616gemm_f16_32x32_32x1_nn_align1>(T1::Params)
:qvq_quantize.main,PushPop,2429084,2429084,1,16,32799,2049.9,2048.0,1952,2176,65.6,"void at::native::vectorized_elementwise_kernel<(int)4, at::native::bitwise_not_kernel_cuda(at::TensorIteratorBase &)::[lambda(bool) (instance 1)], std::array<char *, (unsigned long)2>>(int, T2, T3)"
:qvq_quantize.main,PushPop,2429084,2429084,1,16,32320,2020.0,2032.0,1824,2176,85.8,"void at::native::vectorized_elementwise_kernel<(int)4, at::native::BinaryFunctor<bool, bool, bool, at::native::BitwiseAndFunctor<bool>>, std::array<char *, (unsigned long)3>>(int, T2, T3)"
:qvq_quantize.main,PushPop,2429084,2429084,1,16,29024,1814.0,1824.0,1664,1984,78.1,"void at::native::vectorized_elementwise_kernel<(int)4, at::native::AbsFunctor<float>, std::array<char *, (unsigned long)2>>(int, T2, T3)"
:qvq_quantize.main,PushPop,2429084,2429084,1,16,26400,1650.0,1632.0,1536,1728,50.9,"void at::native::vectorized_elementwise_kernel<(int)4, at::native::BinaryFunctor<float, float, bool, at::native::<unnamed>::CompareEqFunctor<float>>, std::array<char *, (unsigned long)3>>(int, T2, T3)"
:qvq_quantize.main,PushPop,2429084,2429084,1,7,25984,3712.0,3712.0,3680,3744,18.5,"void <unnamed>::softmax_warp_forward<c10::Half, float, float, (int)6, (bool)0, (bool)0, (int)32>(T2 *, const T1 *, int, int, int, const bool *, int, bool)"
:qvq_quantize.main,PushPop,2429084,2429084,1,4,13600,3400.0,3424.0,2976,3776,331.9,"void at_cuda_detail::cub::detail::reduce::DeviceReduceKernel<at_cuda_detail::cub::detail::reduce::policy_hub<int, unsigned long long, cuda::std::__4::plus<void>>::Policy1000, thrust::_V_300200_SM_750_800_860_900_1000_1200::transform_iterator<at::native::<unnamed>::NonZeroOp<bool>, const bool *, thrust::_V_300200_SM_750_800_860_900_1000_1200::use_default, thrust::_V_300200_SM_750_800_860_900_1000_1200::use_default>, unsigned long long, cuda::std::__4::plus<void>, int, cuda::std::__4::identity>(T2, T5 *, T3, at_cuda_detail::cub::GridEvenShare<T3>, T4, T6)"
:qvq_quantize.main,PushPop,2429084,2429084,1,4,8992,2248.0,2240.0,2080,2432,164.0,"void at_cuda_detail::cub::detail::reduce::DeviceReduceSingleTileKernel<at_cuda_detail::cub::detail::reduce::policy_hub<int, unsigned long long, cuda::std::__4::plus<void>>::Policy1000, int *, int *, int, cuda::std::__4::plus<void>, int, int, cuda::std::__4::identity>(T2, T3, T4, T5, T6, T8)"
:stage.prepare_yaqa,PushPop,2429084,2429084,1,279,172760311,619212.6,418559.0,202432,11500366,1169107.0,ampere_fp16_s16816gemm_fp16_128x256_ldg8_f2f_stages_64x3_tn
:stage.prepare_yaqa,PushPop,2429084,2429084,1,688,164374496,238916.4,139023.5,34560,1212443,297380.6,ampere_fp16_s16816gemm_fp16_128x128_ldg8_f2f_stages_32x5_tn
:stage.prepare_yaqa,PushPop,2429084,2429084,1,16,107940521,6746282.6,6735712.0,6735041,6805056,23382.1,"void at::native::<unnamed>::cunn_SoftMaxForward<(int)8, c10::Half, float, float, at::native::<unnamed>::SoftMaxForwardEpilogue>(T4 *, const T2 *, int)"
:stage.prepare_yaqa,PushPop,2429084,2429084,1,217,93025467,428688.8,223744.0,145216,17491503,1285046.9,ampere_fp16_s16816gemm_fp16_256x128_ldg8_f2f_stages_64x3_tn
:stage.prepare_yaqa,PushPop,2429084,2429084,1,768,75633326,98480.9,23808.0,5280,1595737,247279.0,"void at::native::elementwise_kernel<(int)128, (int)4, void at::native::gpu_kernel_impl_nocast<at::native::CUDAFunctor_add<c10::Half>>(at::TensorIteratorBase &, const T1 &)::[lambda(int) (instance 1)]>(int, T3)"
:stage.prepare_yaqa,PushPop,2429084,2429084,1,582,69096966,118723.3,19888.0,2528,2374455,370533.5,"void at::native::unrolled_elementwise_kernel<at::native::direct_copy_kernel_cuda(at::TensorIteratorBase &)::[lambda() (instance 3)]::operator ()() const::[lambda() (instance 7)]::operator ()() const::[lambda(float) (instance 1)], std::array<char *, (unsigned long)2>, (int)4, TrivialOffsetCalculator<(int)1, unsigned int>, TrivialOffsetCalculator<(int)1, unsigned int>, at::native::memory::LoadWithCast<(int)1>, at::native::memory::StoreWithCast<(int)1>>(int, T1, T2, T4, T5, T6, T7)"
:stage.prepare_yaqa,PushPop,2429084,2429084,1,128,62774123,490422.8,182431.5,47968,2008342,623891.6,void cutlass::Kernel2<cutlass_75_tensorop_f16_s1688gemm_f16_64x64_tn_align1>(T1::Params)
:stage.prepare_yaqa,PushPop,2429084,2429084,1,816,54470373,66752.9,15824.0,1920,1139931,172311.4,"void at::native::vectorized_elementwise_kernel<(int)4, at::native::float16_copy_kernel_cuda(at::TensorIteratorBase &)::[lambda(float) (instance 1)], std::array<char *, (unsigned long)2>>(int, T2, T3)"
:stage.prepare_yaqa,PushPop,2429084,2429084,1,16,48136047,3008502.9,2324856.5,804094,8076923,2032436.3,"void at::native::index_elementwise_kernel<(int)128, (int)4, void at::native::gpu_index_kernel<void at::native::index_kernel_impl<at::native::OpaqueType<(int)2>>(at::TensorIteratorBase &, c10::ArrayRef<long>, c10::ArrayRef<long>)::[lambda(char *, const char *, long) (instance 1)]>(at::TensorIteratorBase &, c10::ArrayRef<long>, c10::ArrayRef<long>, const T1 &, bool)::[lambda(int) (instance 1)]>(long, T3)"
:stage.prepare_yaqa,PushPop,2429084,2429084,1,16,47765295,2985330.9,2375976.5,837022,7589980,1905264.5,"void at::native::<unnamed>::cunn_SoftMaxForward<(int)4, float, float, float, at::native::<unnamed>::SoftMaxForwardEpilogue>(T4 *, const T2 *, int)"
:stage.prepare_yaqa,PushPop,2429084,2429084,1,16,47366740,2960421.3,2355449.0,837182,7526685,1886012.1,"void at::native::<unnamed>::cunn_SoftMaxForward<(int)4, float, float, float, at::native::<unnamed>::LogSoftMaxForwardEpilogue>(T4 *, const T2 *, int)"
:stage.prepare_yaqa,PushPop,2429084,2429084,1,128,39647929,309749.4,128543.5,31936,1245786,381574.5,void cutlass::Kernel2<cutlass_75_tensorop_f16_s1688gemm_f16_64x64_nn_align1>(T1::Params)
:stage.prepare_yaqa,PushPop,2429084,2429084,1,19,33265989,1750841.5,1770137.0,583422,2921684,662629.0,"void at::native::vectorized_elementwise_kernel<(int)4, at::native::BinaryFunctor<float, float, float, at::native::binary_internal::DivFunctor<float>>, std::array<char *, (unsigned long)3>>(int, T2, T3)"
:stage.prepare_yaqa,PushPop,2429084,2429084,1,1552,33015976,21273.2,14848.0,4736,90591,17858.6,"void at::native::elementwise_kernel<(int)128, (int)4, void at::native::gpu_kernel_impl_nocast<at::native::BinaryFunctor<c10::Half, c10::Half, c10::Half, at::native::binary_internal::MulFunctor<float>>>(at::TensorIteratorBase &, const T1 &)::[lambda(int) (instance 1)]>(int, T3)"
:stage.prepare_yaqa,PushPop,2429084,2429084,1,1024,30567340,29850.9,23136.0,9792,90656,19488.8,"void at::native::elementwise_kernel<(int)128, (int)4, void at::native::gpu_kernel_impl_nocast<at::native::direct_copy_kernel_cuda(at::TensorIteratorBase &)::[lambda() (instance 3)]::operator ()() const::[lambda() (instance 10)]::operator ()() const::[lambda(c10::Half) (instance 1)]>(at::TensorIteratorBase &, const T1 &)::[lambda(int) (instance 1)]>(int, T3)"
:stage.prepare_yaqa,PushPop,2429084,2429084,1,256,29543912,115405.9,44288.0,5792,756444,183266.3,"void at::native::vectorized_elementwise_kernel<(int)4, at::native::AUnaryFunctor<c10::Half, c10::Half, c10::Half, at::native::binary_internal::MulFunctor<float>>, std::array<char *, (unsigned long)2>>(int, T2, T3)"
:stage.prepare_yaqa,PushPop,2429084,2429084,1,48,21236074,442418.2,426782.5,318943,590270,103027.2,"void <unnamed>::softmax_warp_forward<c10::Half, float, float, (int)10, (bool)0, (bool)0, (int)32>(T2 *, const T1 *, int, int, int, const bool *, int, bool)"
:stage.prepare_yaqa,PushPop,2429084,2429084,1,256,18097827,70694.6,52127.5,18368,231135,52675.3,"void at::native::vectorized_elementwise_kernel<(int)4, at::native::BinaryFunctor<c10::Half, c10::Half, c10::Half, at::native::binary_internal::MulFunctor<float>>, std::array<char *, (unsigned long)3>>(int, T2, T3)"
:stage.prepare_yaqa,PushPop,2429084,2429084,1,64,17795295,278051.5,198543.0,53664,674205,246919.8,void cutlass::Kernel2<cutlass_80_wmma_tensorop_f16_s161616gemm_f16_32x32_32x1_tn_align2>(T1::Params)
:stage.prepare_yaqa,PushPop,2429084,2429084,1,80,16364269,204553.4,284623.0,55967,337503,123283.5,ampere_fp16_s16816gemm_fp16_256x128_ldg8_f2f_stages_32x3_tn
:stage.prepare_yaqa,PushPop,2429084,2429084,1,19,16010437,842654.6,895581.0,269984,1420378,334245.2,"void at::native::<unnamed>::distribution_elementwise_grid_stride_kernel<float, (int)4, void at::native::templates::cuda::uniform_and_transform<float, float, at::CUDAGeneratorImpl *, void at::native::templates::cuda::exponential_kernel<at::CUDAGeneratorImpl *>(at::TensorIteratorBase &, double, T1)::[lambda() (instance 1)]::operator ()() const::[lambda() (instance 2)]::operator ()() const::[lambda(float) (instance 1)]>(at::TensorIteratorBase &, T3, T4)::[lambda(curandStatePhilox4_32_10 *) (instance 2)], void at::native::<unnamed>::distribution_nullary_kernel<float, float, float4, at::CUDAGeneratorImpl *, void at::native::templates::cuda::uniform_and_transform<float, float, at::CUDAGeneratorImpl *, void at::native::templates::cuda::exponential_kernel<at::CUDAGeneratorImpl *>(at::TensorIteratorBase &, double, T1)::[lambda() (instance 1)]::operator ()() const::[lambda() (instance 2)]::operator ()() const::[lambda(float) (instance 1)]>(at::TensorIteratorBase &, T3, T4)::[lambda(curandStatePhilox4_32_10 *) (instance 2)], void at::native::templates::cuda::exponential_kernel<at::CUDAGeneratorImpl *>(at::TensorIteratorBase &, double, T1)::[lambda() (instance 1)]::operator ()() const::[lambda() (instance 2)]::operator ()() const::[lambda(float) (instance 1)]>(at::TensorIteratorBase &, T4, const T5 &, T6)::[lambda(int, float) (instance 1)]>(long, at::PhiloxCudaState, T3, T4)"
:stage.prepare_yaqa,PushPop,2429084,2429084,1,528,15894658,30103.5,23728.0,9024,91552,21196.5,"void at::native::elementwise_kernel<(int)128, (int)2, void at::native::gpu_kernel_impl_nocast<at::native::BinaryFunctor<float, float, float, at::native::binary_internal::MulFunctor<float>>>(at::TensorIteratorBase &, const T1 &)::[lambda(int) (instance 1)]>(int, T3)"
:stage.prepare_yaqa,PushPop,2429084,2429084,1,512,15594078,30457.2,21887.5,8160,134624,26823.6,"void at::native::<unnamed>::CatArrayBatchedCopy<at::native::<unnamed>::OpaqueType<(unsigned int)2>, unsigned int, (int)4, (int)64, (int)64>(T1 *, at::native::<unnamed>::CatArrInputTensorMetadata<T1, T2, T4, T5>, at::native::<unnamed>::TensorSizeStride<T2, (unsigned int)4>, int, T2)"
:stage.prepare_yaqa,PushPop,2429084,2429084,1,256,13198058,51554.9,39200.0,16128,155775,35102.6,"void at::native::vectorized_elementwise_kernel<(int)4, at::native::<unnamed>::silu_kernel(at::TensorIteratorBase &)::[lambda() (instance 1)]::operator ()() const::[lambda() (instance 5)]::operator ()() const::[lambda(c10::Half) (instance 1)], std::array<char *, (unsigned long)2>>(int, T2, T3)"
:stage.prepare_yaqa,PushPop,2429084,2429084,1,19,12089525,636290.8,638142.0,238624,1048924,227840.7,"void at::native::reduce_kernel<(int)512, (int)1, at::native::ReduceOp<float, at::native::ArgMaxOps<float>, unsigned int, long, (int)4, (int)4>>(T3)"
:stage.prepare_yaqa,PushPop,2429084,2429084,1,19,11699638,615770.4,620189.0,221344,1012508,222809.2,"void at::native::reduce_kernel<(int)512, (int)1, at::native::ReduceOp<float, at::native::MinMaxOps<float, float, int>, unsigned int, float, (int)4, (int)4>>(T3)"
:stage.prepare_yaqa,PushPop,2429084,2429084,1,35,11585270,331007.7,279455.0,3904,1001852,345687.2,"void at::native::reduce_kernel<(int)512, (int)1, at::native::ReduceOp<float, at::native::func_wrapper_t<float, at::native::sum_functor<float, float, float>::operator ()(at::TensorIterator &)::[lambda(float, float) (instance 1)]>, unsigned int, float, (int)4, (int)4>>(T3)"
:stage.prepare_yaqa,PushPop,2429084,2429084,1,528,11498709,21777.9,12495.5,5344,78912,19683.2,"void at::native::vectorized_elementwise_kernel<(int)4, void at::native::<unnamed>::pow_tensor_scalar_kernel_impl<float, float>(at::TensorIteratorBase &, T2)::[lambda(float) (instance 1)], std::array<char *, (unsigned long)2>>(int, T2, T3)"
:stage.prepare_yaqa,PushPop,2429084,2429084,1,16,11091190,693199.4,550302.0,192960,1774359,445355.1,"void at::native::vectorized_elementwise_kernel<(int)4, at::native::AbsFunctor<c10::Half>, std::array<char *, (unsigned long)2>>(int, T2, T3)"
:stage.prepare_yaqa,PushPop,2429084,2429084,1,80,10446236,130577.9,123775.5,85184,189055,35102.0,"void <unnamed>::softmax_warp_forward<c10::Half, float, float, (int)9, (bool)0, (bool)0, (int)32>(T2 *, const T1 *, int, int, int, const bool *, int, bool)"
:stage.prepare_yaqa,PushPop,2429084,2429084,1,528,9728722,18425.6,13872.0,9216,59968,12453.6,"void at::native::reduce_kernel<(int)512, (int)1, at::native::ReduceOp<float, at::native::MeanOps<float, float, float, float>, unsigned int, float, (int)4, (int)4>>(T3)"
:stage.prepare_yaqa,PushPop,2429084,2429084,1,32,9225276,288289.9,83488.0,1792,1465625,386757.3,"void at::native::vectorized_elementwise_kernel<(int)4, at::native::BinaryFunctor<bool, bool, bool, at::native::binary_internal::MulFunctor<bool>>, std::array<char *, (unsigned long)3>>(int, T2, T3)"
:stage.prepare_yaqa,PushPop,2429084,2429084,1,16,8899682,556230.1,442526.5,158688,1422457,355820.4,"void at::native::vectorized_elementwise_kernel<(int)4, at::native::BinaryFunctor<c10::Half, c10::Half, bool, at::native::<unnamed>::CompareEqFunctor<c10::Half>>, std::array<char *, (unsigned long)3>>(int, T2, T3)"
:stage.prepare_yaqa,PushPop,2429084,2429084,1,16,8896992,556062.0,444767.0,157951,1412698,352504.6,"void at::native::vectorized_elementwise_kernel<(int)4, at::native::AUnaryFunctor<c10::Half, c10::Half, bool, at::native::<unnamed>::CompareEqFunctor<c10::Half>>, std::array<char *, (unsigned long)2>>(int, T2, T3)"
:stage.prepare_yaqa,PushPop,2429084,2429084,1,512,8553340,16705.7,11008.0,5760,61216,12987.0,"void at::native::vectorized_elementwise_kernel<(int)4, at::native::CUDAFunctor_add<c10::Half>, std::array<char *, (unsigned long)3>>(int, T2, T3)"
:stage.prepare_yaqa,PushPop,2429084,2429084,1,32,5573932,174185.4,173039.5,117248,233535,56715.9,void cutlass::Kernel2<cutlass_80_tensorop_f16_s16816gemm_f16_64x128_64x3_nn_align2>(T1::Params)
:stage.prepare_yaqa,PushPop,2429084,2429084,1,32,5156909,161153.4,54383.5,2976,790716,208990.6,"void at::native::reduce_kernel<(int)512, (int)1, at::native::ReduceOp<bool, at::native::func_wrapper_t<bool, at::native::and_kernel_cuda(at::TensorIterator &)::[lambda() (instance 1)]::operator ()() const::[lambda() (instance 12)]::operator ()() const::[lambda(bool, bool) (instance 1)]>, unsigned int, bool, (int)4, (int)4>>(T3)"
:stage.prepare_yaqa,PushPop,2429084,2429084,1,512,5048401,9860.2,7280.0,4288,42432,8188.4,"void at::native::elementwise_kernel<(int)128, (int)4, void at::native::gpu_kernel_impl_nocast<at::native::neg_kernel_cuda(at::TensorIteratorBase &)::[lambda() (instance 2)]::operator ()() const::[lambda() (instance 8)]::operator ()() const::[lambda(c10::Half) (instance 1)]>(at::TensorIteratorBase &, const T1 &)::[lambda(int) (instance 1)]>(int, T3)"
:stage.prepare_yaqa,PushPop,2429084,2429084,1,96,4953205,51595.9,44704.0,43872,66560,10005.4,sm80_xmma_gemm_f16f16_f16f32_f32_tn_n_tilesize96x128x32_stage4_warpsize2x2x1_tensor16x8x16_execute_kernel__5x_cublas
:stage.prepare_yaqa,PushPop,2429084,2429084,1,96,4424593,46089.5,45232.0,28128,63200,12247.5,"void <unnamed>::softmax_warp_forward<c10::Half, float, float, (int)8, (bool)0, (bool)0, (int)32>(T2 *, const T1 *, int, int, int, const bool *, int, bool)"
:stage.prepare_yaqa,PushPop,2429084,2429084,1,192,3600892,18754.6,18432.0,17760,20672,762.6,ampere_fp16_s16816gemm_fp16_128x64_ldg8_f2f_stages_64x4_tn
:stage.prepare_yaqa,PushPop,2429084,2429084,1,96,2962743,30861.9,30863.5,30208,31648,284.6,ampere_fp16_s16816gemm_fp16_128x128_ldg8_f2f_stages_64x3_tn
:stage.prepare_yaqa,PushPop,2429084,2429084,1,64,2769241,43269.4,42256.0,34272,54240,8361.0,void cutlass::Kernel2<cutlass_80_tensorop_f16_s16816gemm_relu_f16_128x128_32x4_tn_align8>(T1::Params)
:stage.prepare_yaqa,PushPop,2429084,2429084,1,32,2736754,85523.6,85376.0,83999,86367,528.6,sm80_xmma_gemm_f16f16_f16f32_f32_tn_n_tilesize128x128x32_stage4_warpsize2x2x1_tensor16x8x16_execute_kernel__5x_cublas
:stage.prepare_yaqa,PushPop,2429084,2429084,1,32,2286460,71451.9,71616.0,70784,72000,326.7,sm80_xmma_gemm_f16f16_f16f32_f32_tn_n_tilesize160x128x32_stage4_warpsize2x2x1_tensor16x8x16_execute_kernel__5x_cublas
:stage.prepare_yaqa,PushPop,2429084,2429084,1,32,2193207,68537.7,68143.5,33024,106240,35573.0,void cutlass::Kernel2<cutlass_80_tensorop_f16_s16816gemm_relu_f16_128x128_32x5_tn_align8>(T1::Params)
:stage.prepare_yaqa,PushPop,2429084,2429084,1,32,1464670,45770.9,45776.0,44768,46591,481.6,sm80_xmma_gemm_f16f16_f16f32_f32_tn_n_tilesize192x128x32_stage3_warpsize4x2x1_tensor16x8x16_execute_kernel__5x_cublas
:stage.prepare_yaqa,PushPop,2429084,2429084,1,16,1312059,82003.7,82175.5,78400,84896,1531.3,ampere_fp16_s16816gemm_fp16_64x128_sliced1x2_ldg8_f2f_stages_64x3_nn
:stage.prepare_yaqa,PushPop,2429084,2429084,1,528,1247839,2363.3,2368.0,1824,2912,190.6,"void at::native::vectorized_elementwise_kernel<(int)4, at::native::CUDAFunctorOnSelf_add<float>, std::array<char *, (unsigned long)2>>(int, T2, T3)"
:stage.prepare_yaqa,PushPop,2429084,2429084,1,528,1199805,2272.4,2272.0,1824,2560,119.3,"void at::native::vectorized_elementwise_kernel<(int)4, at::native::rsqrt_kernel_cuda(at::TensorIteratorBase &)::[lambda() (instance 2)]::operator ()() const::[lambda() (instance 2)]::operator ()() const::[lambda(float) (instance 1)], std::array<char *, (unsigned long)2>>(int, T2, T3)"
:stage.prepare_yaqa,PushPop,2429084,2429084,1,32,1079677,33739.9,33552.0,27872,39712,5683.2,void cutlass::Kernel2<cutlass_80_tensorop_f16_s16816gemm_f16_64x64_32x6_nn_align2>(T1::Params)
:stage.prepare_yaqa,PushPop,2429084,2429084,1,32,919710,28740.9,28496.0,25664,32032,2810.5,void cutlass::Kernel2<cutlass_80_tensorop_f16_s16816gemm_relu_f16_64x256_32x4_nn_align8>(T1::Params)
:stage.prepare_yaqa,PushPop,2429084,2429084,1,16,580125,36257.8,36288.0,35456,36768,319.8,ampere_fp16_s16816gemm_fp16_64x64_ldg8_f2f_tn
:stage.prepare_yaqa,PushPop,2429084,2429084,1,16,360703,22543.9,22480.0,22272,23104,260.8,void cutlass::Kernel2<cutlass_80_wmma_tensorop_f16_s161616gemm_f16_32x32_64x1_nn_align2>(T1::Params)
:stage.prepare_yaqa,PushPop,2429084,2429084,1,16,343198,21449.9,21424.0,21120,21888,168.9,void cutlass::Kernel2<cutlass_80_wmma_tensorop_f16_s161616gemm_f16_32x32_64x1_tn_align2>(T1::Params)
:stage.prepare_yaqa,PushPop,2429084,2429084,1,16,291776,18236.0,18272.0,17920,18496,164.0,"void <unnamed>::softmax_warp_forward<c10::Half, float, float, (int)7, (bool)0, (bool)0, (int)32>(T2 *, const T1 *, int, int, int, const bool *, int, bool)"
:stage.prepare_yaqa,PushPop,2429084,2429084,1,32,219264,6852.0,4320.0,3584,43616,7526.8,"void at::native::elementwise_kernel<(int)128, (int)4, void at::native::gpu_kernel_impl_nocast<at::native::BinaryFunctor<bool, bool, bool, at::native::BitwiseAndFunctor<bool>>>(at::TensorIteratorBase &, const T1 &)::[lambda(int) (instance 1)]>(int, T3)"
:stage.prepare_yaqa,PushPop,2429084,2429084,1,32,164605,5143.9,5184.0,3808,6816,709.0,"void at::native::reduce_kernel<(int)512, (int)1, at::native::ReduceOp<bool, at::native::func_wrapper_t<bool, at::native::or_kernel_cuda(at::TensorIterator &)::[lambda() (instance 1)]::operator ()() const::[lambda() (instance 12)]::operator ()() const::[lambda(bool, bool) (instance 1)]>, unsigned int, bool, (int)4, (int)4>>(T3)"
:stage.prepare_yaqa,PushPop,2429084,2429084,1,16,158784,9924.0,8384.0,4544,26656,5319.3,"void at::native::vectorized_gather_kernel<(int)16, long>(char *, char *, T2 *, int, long, long, long, long, bool)"
:stage.prepare_yaqa,PushPop,2429084,2429084,1,16,135871,8491.9,5152.0,4128,37823,8447.8,"void at::native::elementwise_kernel<(int)128, (int)4, void at::native::gpu_kernel_impl_nocast<at::native::<unnamed>::where_kernel_impl(at::TensorIterator &)::[lambda() (instance 1)]::operator ()() const::[lambda() (instance 2)]::operator ()() const::[lambda(bool, unsigned short, unsigned short) (instance 1)]>(at::TensorIteratorBase &, const T1 &)::[lambda(int) (instance 1)]>(int, T3)"
:stage.prepare_yaqa,PushPop,2429084,2429084,1,80,130048,1625.6,1760.0,1248,1920,214.6,"void <unnamed>::elementwise_kernel_with_index<int, at::native::arange_cuda_out(const c10::Scalar &, const c10::Scalar &, const c10::Scalar &, at::Tensor &)::[lambda() (instance 1)]::operator ()() const::[lambda() (instance 4)]::operator ()() const::[lambda(long) (instance 1)]>(T1, T2, function_traits<T2>::result_type *)"
:stage.prepare_yaqa,PushPop,2429084,2429084,1,16,124095,7755.9,7712.0,7264,8544,408.6,"void at::native::index_elementwise_kernel<(int)128, (int)4, void at::native::gpu_index_kernel<void at::native::index_kernel_impl<at::native::OpaqueType<(int)1>>(at::TensorIteratorBase &, c10::ArrayRef<long>, c10::ArrayRef<long>)::[lambda(char *, const char *, long) (instance 1)]>(at::TensorIteratorBase &, c10::ArrayRef<long>, c10::ArrayRef<long>, const T1 &, bool)::[lambda(int) (instance 1)]>(long, T3)"
:stage.prepare_yaqa,PushPop,2429084,2429084,1,32,114175,3568.0,3584.0,3263,3840,165.4,"void at::native::_assert_async_cuda_kernel<bool>(const T1 *, at::native::Msg)"
:stage.prepare_yaqa,PushPop,2429084,2429084,1,32,91616,2863.0,2848.0,2688,3072,76.2,"void at::native::elementwise_kernel<(int)128, (int)2, void at::native::gpu_kernel_impl_nocast<at::native::direct_copy_kernel_cuda(at::TensorIteratorBase &)::[lambda() (instance 3)]::operator ()() const::[lambda() (instance 4)]::operator ()() const::[lambda(long) (instance 1)]>(at::TensorIteratorBase &, const T1 &)::[lambda(int) (instance 1)]>(int, T3)"
:stage.prepare_yaqa,PushPop,2429084,2429084,1,48,90623,1888.0,1888.0,1600,2464,175.8,"void at::native::vectorized_elementwise_kernel<(int)2, at::native::CUDAFunctorOnSelf_add<long>, std::array<char *, (unsigned long)2>>(int, T2, T3)"
:stage.prepare_yaqa,PushPop,2429084,2429084,1,16,80672,5042.0,5008.0,4896,5248,89.7,"void at::native::<unnamed>::CatArrayBatchedCopy<at::native::<unnamed>::OpaqueType<(unsigned int)4>, unsigned int, (int)3, (int)64, (int)64>(T1 *, at::native::<unnamed>::CatArrInputTensorMetadata<T1, T2, T4, T5>, at::native::<unnamed>::TensorSizeStride<T2, (unsigned int)4>, int, T2)"
:stage.prepare_yaqa,PushPop,2429084,2429084,1,16,78912,4932.0,4912.0,4608,5216,177.9,"void at::native::<unnamed>::write_indices<long>(long *, at::native::<unnamed>::TensorDims<T1>, int, T1, long *, long)"
:stage.prepare_yaqa,PushPop,2429084,2429084,1,32,76960,2405.0,2368.0,2176,2848,171.3,"void at::native::vectorized_elementwise_kernel<(int)4, void at::native::compare_scalar_kernel<float>(at::TensorIteratorBase &, at::native::<unnamed>::OpType, T1)::[lambda(float) (instance 1)], std::array<char *, (unsigned long)2>>(int, T2, T3)"
:stage.prepare_yaqa,PushPop,2429084,2429084,1,32,76128,2379.0,2352.0,1792,3104,491.5,"void at::native::vectorized_elementwise_kernel<(int)4, at::native::AUnaryFunctor<float, float, bool, at::native::<unnamed>::CompareEqFunctor<float>>, std::array<char *, (unsigned long)2>>(int, T2, T3)"
:stage.prepare_yaqa,PushPop,2429084,2429084,1,16,75904,4744.0,4736.0,4416,5312,245.5,"void at::native::unrolled_elementwise_kernel<at::native::AUnaryFunctor<long, long, bool, at::native::<unnamed>::CompareEqFunctor<long>>, std::array<char *, (unsigned long)2>, (int)4, TrivialOffsetCalculator<(int)1, unsigned int>, TrivialOffsetCalculator<(int)1, unsigned int>, at::native::memory::LoadWithCast<(int)1>, at::native::memory::StoreWithCast<(int)1>>(int, T1, T2, T4, T5, T6, T7)"
:stage.prepare_yaqa,PushPop,2429084,2429084,1,16,75872,4742.0,4704.0,4192,5440,371.9,"void at::native::reduce_kernel<(int)512, (int)1, at::native::ReduceOp<long, at::native::func_wrapper_t<long, at::native::sum_functor<long, long, long>::operator ()(at::TensorIterator &)::[lambda(long, long) (instance 1)]>, unsigned int, long, (int)4, (int)4>>(T3)"
:stage.prepare_yaqa,PushPop,2429084,2429084,1,16,70272,4392.0,4080.0,3616,8192,1120.3,"void at::native::elementwise_kernel<(int)128, (int)4, void at::native::gpu_kernel_impl_nocast<at::native::<unnamed>::CompareFunctor<long>>(at::TensorIteratorBase &, const T1 &)::[lambda(int) (instance 1)]>(int, T3)"
:stage.prepare_yaqa,PushPop,2429084,2429084,1,16,69568,4348.0,4416.0,3840,4704,267.4,"void at::native::<unnamed>::nll_loss_forward_no_reduce_cuda_kernel<float, long>(long, torch::headeronly::detail::GenericPackedTensorAccessor<torch::headeronly::detail::TensorAccessor<c10::ArrayRef<long>, T1, (unsigned long)1, torch::headeronly::DefaultPtrTraits, long>, at::detail::IndexBoundsCheck<(unsigned long)2, long>, T1, (unsigned long)2, torch::headeronly::DefaultPtrTraits, long>, const T2 *, T1 *, const T1 *, long, long)"
:stage.prepare_yaqa,PushPop,2429084,2429084,1,32,67776,2118.0,2144.0,1952,2240,75.1,"void at::native::vectorized_elementwise_kernel<(int)4, at::native::AUnaryFunctor<float, float, float, at::native::binary_internal::MulFunctor<float>>, std::array<char *, (unsigned long)2>>(int, T2, T3)"
:stage.prepare_yaqa,PushPop,2429084,2429084,1,16,67648,4228.0,4272.0,3968,4384,111.4,"void at::native::unrolled_elementwise_kernel<at::native::direct_copy_kernel_cuda(at::TensorIteratorBase &)::[lambda() (instance 3)]::operator ()() const::[lambda() (instance 4)]::operator ()() const::[lambda(long) (instance 1)], std::array<char *, (unsigned long)2>, (int)4, TrivialOffsetCalculator<(int)1, unsigned int>, TrivialOffsetCalculator<(int)1, unsigned int>, at::native::memory::LoadWithCast<(int)1>, at::native::memory::StoreWithCast<(int)1>>(int, T1, T2, T4, T5, T6, T7)"
:stage.prepare_yaqa,PushPop,2429084,2429084,1,16,61632,3852.0,3728.0,2976,4928,759.8,"void at_cuda_detail::cub::detail::select::DeviceSelectSweepKernel<at_cuda_detail::cub::detail::select::policy_hub<long, bool, int, (bool)0, (at_cuda_detail::cub::SelectImpl)0>::Policy1000, thrust::_V_300200_SM_750_800_860_900_1000_1200::counting_iterator<long, thrust::_V_300200_SM_750_800_860_900_1000_1200::use_default, thrust::_V_300200_SM_750_800_860_900_1000_1200::use_default, thrust::_V_300200_SM_750_800_860_900_1000_1200::use_default, thrust::_V_300200_SM_750_800_860_900_1000_1200::compile_time_value<(int)1>>, thrust::_V_300200_SM_750_800_860_900_1000_1200::transform_iterator<at::native::<unnamed>::NonZeroOp<bool>, const bool *, thrust::_V_300200_SM_750_800_860_900_1000_1200::use_default, thrust::_V_300200_SM_750_800_860_900_1000_1200::use_default>, long *, int *, at_cuda_detail::cub::ScanTileState<int, (bool)1>, at_cuda_detail::cub::NullType, at_cuda_detail::cub::NullType, int, at_cuda_detail::cub::detail::select::streaming_context_t<long, (bool)1>, (at_cuda_detail::cub::SelectImpl)0>(T2, T3, T4, T5, T6, T7, T8, T9, int, T10, at_cuda_detail::cub::detail::vsmem_t)"
:stage.prepare_yaqa,PushPop,2429084,2429084,1,32,54975,1718.0,1712.0,1376,2112,312.1,"void at::native::vectorized_elementwise_kernel<(int)4, at::native::FillFunctor<float>, std::array<char *, (unsigned long)1>>(int, T2, T3)"
:stage.prepare_yaqa,PushPop,2429084,2429084,1,16,54911,3431.9,3391.5,3040,3808,198.1,"void at::native::vectorized_elementwise_kernel<(int)4, at::native::cos_kernel_cuda(at::TensorIteratorBase &)::[lambda() (instance 2)]::operator ()() const::[lambda() (instance 2)]::operator ()() const::[lambda(float) (instance 1)], std::array<char *, (unsigned long)2>>(int, T2, T3)"
:stage.prepare_yaqa,PushPop,2429084,2429084,1,16,53952,3372.0,3296.0,3104,3808,234.5,"void at::native::vectorized_elementwise_kernel<(int)4, at::native::sin_kernel_cuda(at::TensorIteratorBase &)::[lambda() (instance 2)]::operator ()() const::[lambda() (instance 2)]::operator ()() const::[lambda(float) (instance 1)], std::array<char *, (unsigned long)2>>(int, T2, T3)"
:stage.prepare_yaqa,PushPop,2429084,2429084,1,16,45216,2826.0,2784.0,2464,3680,254.6,_bmm_outer_product_kernel
:stage.prepare_yaqa,PushPop,2429084,2429084,1,12,35200,2933.3,2960.0,2624,3200,168.4,"void at_cuda_detail::cub::detail::reduce::DeviceReduceSingleTileKernel<at_cuda_detail::cub::detail::reduce::policy_hub<int, unsigned long long, cuda::std::__4::plus<void>>::Policy1000, thrust::_V_300200_SM_750_800_860_900_1000_1200::transform_iterator<at::native::<unnamed>::NonZeroOp<bool>, const bool *, thrust::_V_300200_SM_750_800_860_900_1000_1200::use_default, thrust::_V_300200_SM_750_800_860_900_1000_1200::use_default>, int *, unsigned long long, cuda::std::__4::plus<void>, int, int, cuda::std::__4::identity>(T2, T3, T4, T5, T6, T8)"
:stage.prepare_yaqa,PushPop,2429084,2429084,1,16,32799,2049.9,2048.0,1952,2176,65.6,"void at::native::vectorized_elementwise_kernel<(int)4, at::native::bitwise_not_kernel_cuda(at::TensorIteratorBase &)::[lambda(bool) (instance 1)], std::array<char *, (unsigned long)2>>(int, T2, T3)"
:stage.prepare_yaqa,PushPop,2429084,2429084,1,16,32320,2020.0,2032.0,1824,2176,85.8,"void at::native::vectorized_elementwise_kernel<(int)4, at::native::BinaryFunctor<bool, bool, bool, at::native::BitwiseAndFunctor<bool>>, std::array<char *, (unsigned long)3>>(int, T2, T3)"
:stage.prepare_yaqa,PushPop,2429084,2429084,1,16,29024,1814.0,1824.0,1664,1984,78.1,"void at::native::vectorized_elementwise_kernel<(int)4, at::native::AbsFunctor<float>, std::array<char *, (unsigned long)2>>(int, T2, T3)"
:stage.prepare_yaqa,PushPop,2429084,2429084,1,16,28672,1792.0,1792.0,1696,1824,42.1,"void at::native::vectorized_elementwise_kernel<(int)4, void at::native::compare_scalar_kernel<long>(at::TensorIteratorBase &, at::native::<unnamed>::OpType, T1)::[lambda(long) (instance 1)], std::array<char *, (unsigned long)2>>(int, T2, T3)"
:stage.prepare_yaqa,PushPop,2429084,2429084,1,16,26400,1650.0,1632.0,1536,1728,50.9,"void at::native::vectorized_elementwise_kernel<(int)4, at::native::BinaryFunctor<float, float, bool, at::native::<unnamed>::CompareEqFunctor<float>>, std::array<char *, (unsigned long)3>>(int, T2, T3)"
:stage.prepare_yaqa,PushPop,2429084,2429084,1,17,26272,1545.4,1536.0,1408,1984,121.7,"void at::native::vectorized_elementwise_kernel<(int)4, at::native::FillFunctor<bool>, std::array<char *, (unsigned long)1>>(int, T2, T3)"
:stage.prepare_yaqa,PushPop,2429084,2429084,1,16,23776,1486.0,1504.0,1376,1504,38.7,"void at::native::vectorized_elementwise_kernel<(int)4, at::native::FillFunctor<c10::Half>, std::array<char *, (unsigned long)1>>(int, T2, T3)"
:stage.prepare_yaqa,PushPop,2429084,2429084,1,16,22400,1400.0,1376.0,1312,1472,46.0,"void at_cuda_detail::cub::detail::scan::DeviceCompactInitKernel<at_cuda_detail::cub::ScanTileState<int, (bool)1>, int *>(T1, int, T2)"
:stage.prepare_yaqa,PushPop,2429084,2429084,1,4,13600,3400.0,3424.0,2976,3776,331.9,"void at_cuda_detail::cub::detail::reduce::DeviceReduceKernel<at_cuda_detail::cub::detail::reduce::policy_hub<int, unsigned long long, cuda::std::__4::plus<void>>::Policy1000, thrust::_V_300200_SM_750_800_860_900_1000_1200::transform_iterator<at::native::<unnamed>::NonZeroOp<bool>, const bool *, thrust::_V_300200_SM_750_800_860_900_1000_1200::use_default, thrust::_V_300200_SM_750_800_860_900_1000_1200::use_default>, unsigned long long, cuda::std::__4::plus<void>, int, cuda::std::__4::identity>(T2, T5 *, T3, at_cuda_detail::cub::GridEvenShare<T3>, T4, T6)"
:stage.prepare_yaqa,PushPop,2429084,2429084,1,4,8992,2248.0,2240.0,2080,2432,164.0,"void at_cuda_detail::cub::detail::reduce::DeviceReduceSingleTileKernel<at_cuda_detail::cub::detail::reduce::policy_hub<int, unsigned long long, cuda::std::__4::plus<void>>::Policy1000, int *, int *, int, cuda::std::__4::plus<void>, int, int, cuda::std::__4::identity>(T2, T3, T4, T5, T6, T8)"
:stage.process:model.layers.0.mlp.down_proj,PushPop,2429084,2431523,1,2250,8416228287,3740545.9,4050120.0,1265282,4271909,812793.6,void <unnamed>::qvq_fused_w2_family_grid_kernel<(bool)0>(<unnamed>::FusedSequenceArgs)
:stage.process:model.layers.0.mlp.down_proj,PushPop,2429084,2431523,1,2302,5692975263,2473056.2,2760531.5,1355554,2838244,560856.8,"void <unnamed>::qvq_viterbi_kernel<(int)4, (int)2, __half, unsigned char>(const float *, const T3 *, const float *, const long *, const float *, T4 *, long *, float *, int, int, int, bool, bool, bool)"
:stage.process:model.layers.0.mlp.down_proj,PushPop,2429084,2431523,1,1278,838568663,656157.0,425008.5,21568,1194307,379734.4,void cutlass::Kernel2<cutlass_80_simt_sgemm_grouped_128x128_8x4_align1>(T1::Params)
:stage.process:model.layers.0.mlp.down_proj,PushPop,2429084,2431523,1,1276,807165045,632574.5,398208.0,14112,1175970,407307.8,ampere_sgemm_128x128_nt
:stage.process:model.layers.0.mlp.down_proj,PushPop,2429084,2431523,1,2250,227137801,100950.1,101984.0,74624,105696,3967.2,"<unnamed>::qvq_fused_w2_traceback_kernel(const unsigned char *, const unsigned char *, const int *, long *, unsigned char *, int)"
:stage.process:model.layers.0.mlp.down_proj,PushPop,2429084,2431523,1,1270,181988892,143298.3,92640.0,4640,262368,89011.0,"void gemmSN_NN_kernel<float, (int)128, (int)2, (int)4, (int)8, (int)4, (int)4, (bool)0, cublasGemvTensorBatched<const float>, cublasGemvTensorBatched<const float>, cublasGemvTensorBatched<float>>(cublasGemmSmallNParams<T9, T10, T11, T1>)"
:stage.process:model.layers.0.mlp.down_proj,PushPop,2429084,2431523,1,435,124311167,285772.8,44480.0,17728,13278038,1775430.0,ampere_sgemm_128x32_sliced1x4_nn
:stage.process:model.layers.0.mlp.down_proj,PushPop,2429084,2431523,1,537,68729590,127988.1,128416.0,4352,257888,74777.0,"void gemmSN_NN_kernel<float, (int)256, (int)4, (int)2, (int)8, (int)4, (int)4, (bool)0, cublasGemvTensorStridedBatched<const float>, cublasGemvTensorStridedBatched<const float>, cublasGemvTensorStridedBatched<float>>(cublasGemmSmallNParams<T9, T10, T11, T1>)"
:stage.process:model.layers.0.mlp.down_proj,PushPop,2429084,2431523,1,8982,61482345,6845.1,7296.0,2560,90656,2632.4,"void at::native::reduce_kernel<(int)512, (int)1, at::native::ReduceOp<bool, at::native::func_wrapper_t<bool, at::native::and_kernel_cuda(at::TensorIterator &)::[lambda() (instance 1)]::operator ()() const::[lambda() (instance 12)]::operator ()() const::[lambda(bool, bool) (instance 1)]>, unsigned int, bool, (int)4, (int)4>>(T3)"
:stage.process:model.layers.0.mlp.down_proj,PushPop,2429084,2431523,1,416,60898351,146390.3,145712.0,133505,276256,8229.2,"void <unnamed>::qvq_v2_segment_grid_kernel<(int)4, (int)2, (int)16, (bool)1, (bool)0, __half, unsigned char>(const float *, const T6 *, const float *, const long *, const float *, const float *, float *, T7 *, unsigned char *, int, int, int, bool, bool)"
:stage.process:model.layers.0.mlp.down_proj,PushPop,2429084,2431523,1,4,52500110,13125027.5,13055163.5,12973243,13416540,208065.2,void cutlass::Kernel2<cutlass_80_simt_sgemm_128x32_8x5_nt_align1>(T1::Params)
:stage.process:model.layers.0.mlp.down_proj,PushPop,2429084,2431523,1,6857,37424271,5457.8,3392.0,2112,623617,22420.3,"void at::native::elementwise_kernel<(int)128, (int)2, void at::native::gpu_kernel_impl_nocast<at::native::direct_copy_kernel_cuda(at::TensorIteratorBase &)::[lambda() (instance 3)]::operator ()() const::[lambda() (instance 7)]::operator ()() const::[lambda(float) (instance 1)]>(at::TensorIteratorBase &, const T1 &)::[lambda(int) (instance 1)]>(int, T3)"
:stage.process:model.layers.0.mlp.down_proj,PushPop,2429084,2431523,1,4350,34224854,7867.8,7872.0,3712,9536,750.9,"void at::native::reduce_kernel<(int)512, (int)1, at::native::ReduceOp<float, at::native::func_wrapper_t<float, at::native::MaxNanFunctor<float>>, unsigned int, float, (int)4, (int)4>>(T3)"
:stage.process:model.layers.0.mlp.down_proj,PushPop,2429084,2431523,1,2250,30522896,13565.7,13728.0,9248,15520,1049.6,"<unnamed>::qvq_fused_detect_family_mask_kernel(const unsigned int *, int *)"
:stage.process:model.layers.0.mlp.down_proj,PushPop,2429084,2431523,1,2815,27987687,9942.3,8992.0,5376,120352,2632.9,"void at::native::index_elementwise_kernel<(int)128, (int)4, void at::native::gpu_index_kernel<void at::native::index_kernel_impl<at::native::OpaqueType<(int)2>>(at::TensorIteratorBase &, c10::ArrayRef<long>, c10::ArrayRef<long>)::[lambda(char *, const char *, long) (instance 1)]>(at::TensorIteratorBase &, c10::ArrayRef<long>, c10::ArrayRef<long>, const T1 &, bool)::[lambda(int) (instance 1)]>(long, T3)"
:stage.process:model.layers.0.mlp.down_proj,PushPop,2429084,2431523,1,2,26225976,13112988.0,13112988.0,12986972,13239004,178213.5,void cutlass::Kernel2<cutlass_80_simt_sgemm_128x64_8x5_nn_align1>(T1::Params)
:stage.process:model.layers.0.mlp.down_proj,PushPop,2429084,2431523,1,2,25765992,12882996.0,12882996.0,12882613,12883379,541.6,void cutlass::Kernel2<cutlass_80_simt_sgemm_64x128_8x5_nt_align1>(T1::Params)
:stage.process:model.layers.0.mlp.down_proj,PushPop,2429084,2431523,1,3074,24207945,7875.1,7872.0,7424,8768,154.7,"void at::native::reduce_kernel<(int)512, (int)1, at::native::ReduceOp<c10::Half, at::native::func_wrapper_t<c10::Half, at::native::MaxNanFunctor<c10::Half>>, unsigned int, c10::Half, (int)4, (int)4>>(T3)"
:stage.process:model.layers.0.mlp.down_proj,PushPop,2429084,2431523,1,1213,21301917,17561.3,4192.0,3200,654273,46305.1,"void at::native::elementwise_kernel<(int)128, (int)2, void at::native::gpu_kernel_impl_nocast<at::native::CUDAFunctor_add<float>>(at::TensorIteratorBase &, const T1 &)::[lambda(int) (instance 1)]>(int, T3)"
:stage.process:model.layers.0.mlp.down_proj,PushPop,2429084,2431523,1,5,20011064,4002212.8,2259266.0,925793,7301321,3046223.7,"void kernel<getrf_wo_pivot_params_<float, (int)0, (int)256, (int)1, (int)64, (int)64, (int)68, (int)8, (int)1, (int)1>>(int, int, void *, int, void *, int, int, int, int, int, int *)"
:stage.process:model.layers.0.mlp.down_proj,PushPop,2429084,2431523,1,8730,19716275,2258.5,2048.0,1536,255872,5604.1,"void at::native::vectorized_elementwise_kernel<(int)4, at::native::AbsFunctor<float>, std::array<char *, (unsigned long)2>>(int, T2, T3)"
:stage.process:model.layers.0.mlp.down_proj,PushPop,2429084,2431523,1,7454,16418128,2202.6,2112.0,1664,99232,2311.7,"void at::native::vectorized_elementwise_kernel<(int)4, at::native::BinaryFunctor<bool, bool, bool, at::native::binary_internal::MulFunctor<bool>>, std::array<char *, (unsigned long)3>>(int, T2, T3)"
:stage.process:model.layers.0.mlp.down_proj,PushPop,2429084,2431523,1,21,14124447,672592.7,14912.0,11168,3579304,1392029.6,ampere_sgemm_64x32_sliced1x4_nn
:stage.process:model.layers.0.mlp.down_proj,PushPop,2429084,2431523,1,6148,13652115,2220.6,2144.0,1856,4160,192.6,"void at::native::vectorized_elementwise_kernel<(int)4, at::native::AbsFunctor<c10::Half>, std::array<char *, (unsigned long)2>>(int, T2, T3)"
:stage.process:model.layers.0.mlp.down_proj,PushPop,2429084,2431523,1,1917,13178648,6874.6,6848.0,4352,9376,429.4,"void at::native::index_elementwise_kernel<(int)128, (int)4, void at::native::gpu_index_kernel<void at::native::index_put_kernel_impl<at::native::OpaqueType<(int)4>>(at::TensorIterator &, c10::ArrayRef<long>, c10::ArrayRef<long>)::[lambda(char *, const char *, long) (instance 1)]>(at::TensorIteratorBase &, c10::ArrayRef<long>, c10::ArrayRef<long>, const T1 &, bool)::[lambda(int) (instance 1)]>(long, T3)"
:stage.process:model.layers.0.mlp.down_proj,PushPop,2429084,2431523,1,4381,10205064,2329.4,2080.0,1472,163553,5223.6,"void at::native::vectorized_elementwise_kernel<(int)4, at::native::BinaryFunctor<float, float, bool, at::native::<unnamed>::CompareEqFunctor<float>>, std::array<char *, (unsigned long)3>>(int, T2, T3)"
:stage.process:model.layers.0.mlp.down_proj,PushPop,2429084,2431523,1,4380,10076561,2300.6,2048.0,1600,165408,5212.5,"void at::native::vectorized_elementwise_kernel<(int)4, at::native::AUnaryFunctor<float, float, bool, at::native::<unnamed>::CompareEqFunctor<float>>, std::array<char *, (unsigned long)2>>(int, T2, T3)"
:stage.process:model.layers.0.mlp.down_proj,PushPop,2429084,2431523,1,2311,9784557,4233.9,4096.0,3168,77312,2478.8,"void at::native::unrolled_elementwise_kernel<at::native::direct_copy_kernel_cuda(at::TensorIteratorBase &)::[lambda() (instance 3)]::operator ()() const::[lambda() (instance 7)]::operator ()() const::[lambda(float) (instance 1)], std::array<char *, (unsigned long)2>, (int)4, TrivialOffsetCalculator<(int)1, unsigned int>, TrivialOffsetCalculator<(int)1, unsigned int>, at::native::memory::LoadWithCast<(int)1>, at::native::memory::StoreWithCast<(int)1>>(int, T1, T2, T4, T5, T6, T7)"
:stage.process:model.layers.0.mlp.down_proj,PushPop,2429084,2431523,1,1146,9772870,8527.8,8192.0,7808,10336,778.4,"void batch_trsm_left_kernel<float, (int)64, (int)4, (int)3, (bool)0, (bool)0, (bool)1>(cublasTrsmBatchParams2<T1>, T1, const T1 *, int)"
:stage.process:model.layers.0.mlp.down_proj,PushPop,2429084,2431523,1,2815,9240944,3282.8,3296.0,2528,113312,2086.4,"void at::native::elementwise_kernel<(int)128, (int)2, void at::native::gpu_kernel_impl_nocast<at::native::direct_copy_kernel_cuda(at::TensorIteratorBase &)::[lambda() (instance 3)]::operator ()() const::[lambda() (instance 4)]::operator ()() const::[lambda(long) (instance 1)]>(at::TensorIteratorBase &, const T1 &)::[lambda(int) (instance 1)]>(int, T3)"
:stage.process:model.layers.0.mlp.down_proj,PushPop,2429084,2431523,1,1278,9092113,7114.3,7072.0,4000,9312,308.1,"void at::native::index_elementwise_kernel<(int)128, (int)4, void at::native::gpu_index_kernel<void at::native::index_put_kernel_impl<at::native::OpaqueType<(int)8>>(at::TensorIterator &, c10::ArrayRef<long>, c10::ArrayRef<long>)::[lambda(char *, const char *, long) (instance 1)]>(at::TensorIteratorBase &, c10::ArrayRef<long>, c10::ArrayRef<long>, const T1 &, bool)::[lambda(int) (instance 1)]>(long, T3)"
:stage.process:model.layers.0.mlp.down_proj,PushPop,2429084,2431523,1,2300,7137355,3103.2,3040.0,2048,70272,1467.0,"void at::native::elementwise_kernel<(int)128, (int)2, void at::native::gpu_kernel_impl_nocast<at::native::AUnaryFunctor<long, long, long, at::native::BitwiseAndFunctor<long>>>(at::TensorIteratorBase &, const T1 &)::[lambda(int) (instance 1)]>(int, T3)"
:stage.process:model.layers.0.mlp.down_proj,PushPop,2429084,2431523,1,3074,6978790,2270.3,2240.0,1792,2368,39.0,"void at::native::vectorized_elementwise_kernel<(int)4, at::native::BinaryFunctor<c10::Half, c10::Half, bool, at::native::<unnamed>::CompareEqFunctor<c10::Half>>, std::array<char *, (unsigned long)3>>(int, T2, T3)"
:stage.process:model.layers.0.mlp.down_proj,PushPop,2429084,2431523,1,3074,6899278,2244.4,2240.0,1792,2336,39.9,"void at::native::vectorized_elementwise_kernel<(int)4, at::native::AUnaryFunctor<c10::Half, c10::Half, bool, at::native::<unnamed>::CompareEqFunctor<c10::Half>>, std::array<char *, (unsigned long)2>>(int, T2, T3)"
:stage.process:model.layers.0.mlp.down_proj,PushPop,2429084,2431523,1,2,6845641,3422820.5,3422820.5,3421540,3424101,1810.9,ampere_sgemm_128x64_lower_nt
:stage.process:model.layers.0.mlp.down_proj,PushPop,2429084,2431523,1,2,6654603,3327301.5,3327301.5,3234470,3420133,131283.6,ampere_sgemm_128x64_nn
:stage.process:model.layers.0.mlp.down_proj,PushPop,2429084,2431523,1,2302,6468965,2810.1,2624.0,2144,143616,2945.1,"void at::native::roll_cuda_kernel<float>(const T1 *, T1 *, long, long, long, long, long, long)"
:stage.process:model.layers.0.mlp.down_proj,PushPop,2429084,2431523,1,2354,6316938,2683.5,2624.0,2080,118049,3040.5,"<unnamed>::qvq_half2_codebook_norm_pack_kernel(const __half *, unsigned long *, int)"
:stage.process:model.layers.0.mlp.down_proj,PushPop,2429084,2431523,1,3328,6175688,1855.7,1792.0,1568,60513,1026.8,"void at::native::vectorized_elementwise_kernel<(int)4, void at::native::compare_scalar_kernel<float>(at::TensorIteratorBase &, at::native::<unnamed>::OpType, T1)::[lambda(float) (instance 1)], std::array<char *, (unsigned long)2>>(int, T2, T3)"
:stage.process:model.layers.0.mlp.down_proj,PushPop,2429084,2431523,1,3086,5837381,1891.6,1760.0,1696,45760,1971.8,"void at::native::vectorized_elementwise_kernel<(int)4, void at::native::compare_scalar_kernel<long>(at::TensorIteratorBase &, at::native::<unnamed>::OpType, T1)::[lambda(long) (instance 1)], std::array<char *, (unsigned long)2>>(int, T2, T3)"
:stage.process:model.layers.0.mlp.down_proj,PushPop,2429084,2431523,1,2048,5449122,2660.7,2624.0,2432,2944,144.2,"void at::native::unrolled_elementwise_kernel<at::native::BinaryFunctor<float, float, float, at::native::maximum_kernel_cuda(at::TensorIteratorBase &)::[lambda() (instance 2)]::operator ()() const::[lambda() (instance 2)]::operator ()() const::[lambda(float, float) (instance 1)]>, std::array<char *, (unsigned long)3>, (int)4, TrivialOffsetCalculator<(int)2, unsigned int>, TrivialOffsetCalculator<(int)1, unsigned int>, at::native::memory::LoadWithCast<(int)2>, at::native::memory::StoreWithCast<(int)1>>(int, T1, T2, T4, T5, T6, T7)"
:stage.process:model.layers.0.mlp.down_proj,PushPop,2429084,2431523,1,2558,5278250,2063.4,2016.0,1568,47040,1081.6,"void at::native::vectorized_elementwise_kernel<(int)4, at::native::BinaryFunctor<bool, bool, bool, at::native::logical_or_kernel_cuda(at::TensorIterator &)::[lambda() (instance 2)]::operator ()() const::[lambda() (instance 9)]::operator ()() const::[lambda(bool, bool) (instance 1)]>, std::array<char *, (unsigned long)3>>(int, T2, T3)"
:stage.process:model.layers.0.mlp.down_proj,PushPop,2429084,2431523,1,639,5142666,8048.0,8160.0,5280,10880,437.4,"void at::native::index_elementwise_kernel<(int)128, (int)4, void at::native::gpu_index_kernel<void at::native::index_kernel_impl<at::native::OpaqueType<(int)4>>(at::TensorIteratorBase &, c10::ArrayRef<long>, c10::ArrayRef<long>)::[lambda(char *, const char *, long) (instance 1)]>(at::TensorIteratorBase &, c10::ArrayRef<long>, c10::ArrayRef<long>, const T1 &, bool)::[lambda(int) (instance 1)]>(long, T3)"
:stage.process:model.layers.0.mlp.down_proj,PushPop,2429084,2431523,1,3594,4873416,1356.0,1376.0,1248,2176,67.2,"void <unnamed>::elementwise_kernel_with_index<int, at::native::arange_cuda_out(const c10::Scalar &, const c10::Scalar &, const c10::Scalar &, at::Tensor &)::[lambda() (instance 1)]::operator ()() const::[lambda() (instance 4)]::operator ()() const::[lambda(long) (instance 1)]>(T1, T2, function_traits<T2>::result_type *)"
:stage.process:model.layers.0.mlp.down_proj,PushPop,2429084,2431523,1,1154,4648553,4028.2,4032.0,3968,9280,198.3,ampere_sgemm_32x128_nt
:stage.process:model.layers.0.mlp.down_proj,PushPop,2429084,2431523,1,1173,4634829,3951.3,2272.0,1856,192769,12694.4,"void at::native::vectorized_elementwise_kernel<(int)4, at::native::CUDAFunctor_add<float>, std::array<char *, (unsigned long)3>>(int, T2, T3)"
:stage.process:model.layers.0.mlp.down_proj,PushPop,2429084,2431523,1,1278,4318086,3378.8,3104.0,2208,5792,584.1,"<unnamed>::qvq_yaqa_feedback_epilogue_kernel(const float *, const float *, const float *, const float *, const float *, float *, int, int, int, int, int)"
:stage.process:model.layers.0.mlp.down_proj,PushPop,2429084,2431523,1,52,4290215,82504.1,81248.0,74784,101056,6647.4,"void <unnamed>::qvq_v2_segment_grid_finalize_kernel<(int)4, (int)2, (int)16, (bool)0, __half, unsigned char>(const float *, const T5 *, const float *, const long *, const float *, const float *, const T6 *, const unsigned char *, long *, unsigned char *, float *, int, int, bool, bool)"
:stage.process:model.layers.0.mlp.down_proj,PushPop,2429084,2431523,1,1024,4266439,4166.4,4128.0,3904,4736,230.6,"void at::native::elementwise_kernel<(int)128, (int)4, void at::native::gpu_kernel_impl_nocast<at::native::direct_copy_kernel_cuda(at::TensorIteratorBase &)::[lambda() (instance 3)]::operator ()() const::[lambda() (instance 10)]::operator ()() const::[lambda(c10::Half) (instance 1)]>(at::TensorIteratorBase &, const T1 &)::[lambda(int) (instance 1)]>(int, T3)"
:stage.process:model.layers.0.mlp.down_proj,PushPop,2429084,2431523,1,639,4197449,6568.8,6720.0,3296,7872,537.6,"void at::native::index_elementwise_kernel<(int)128, (int)4, void at::native::gpu_index_kernel<void at::native::index_put_kernel_impl<at::native::OpaqueType<(int)1>>(at::TensorIterator &, c10::ArrayRef<long>, c10::ArrayRef<long>)::[lambda(char *, const char *, long) (instance 1)]>(at::TensorIteratorBase &, c10::ArrayRef<long>, c10::ArrayRef<long>, const T1 &, bool)::[lambda(int) (instance 1)]>(long, T3)"
:stage.process:model.layers.0.mlp.down_proj,PushPop,2429084,2431523,1,1159,4097063,3535.0,3424.0,1792,55328,2362.3,"void at::native::unrolled_elementwise_kernel<at::native::direct_copy_kernel_cuda(at::TensorIteratorBase &)::[lambda() (instance 3)]::operator ()() const::[lambda() (instance 4)]::operator ()() const::[lambda(long) (instance 1)], std::array<char *, (unsigned long)2>, (int)4, TrivialOffsetCalculator<(int)1, unsigned int>, TrivialOffsetCalculator<(int)1, unsigned int>, at::native::memory::LoadWithCast<(int)1>, at::native::memory::StoreWithCast<(int)1>>(int, T1, T2, T4, T5, T6, T7)"
:stage.process:model.layers.0.mlp.down_proj,PushPop,2429084,2431523,1,1,3834152,3834152.0,3834152.0,3834152,3834152,0.0,ampere_sgemm_32x128_tn
:stage.process:model.layers.0.mlp.down_proj,PushPop,2429084,2431523,1,1280,3739233,2921.3,2944.0,1728,3392,220.7,"void at::native::elementwise_kernel<(int)128, (int)2, void at::native::gpu_kernel_impl_nocast<at::native::CUDAFunctor_add<long>>(at::TensorIteratorBase &, const T1 &)::[lambda(int) (instance 1)]>(int, T3)"
:stage.process:model.layers.0.mlp.down_proj,PushPop,2429084,2431523,1,2250,3478692,1546.1,1568.0,1312,3392,73.9,"void at::native::vectorized_elementwise_kernel<(int)4, at::native::FillFunctor<int>, std::array<char *, (unsigned long)1>>(int, T2, T3)"
:stage.process:model.layers.0.mlp.down_proj,PushPop,2429084,2431523,1,1032,3472005,3364.3,3296.0,3072,15744,801.9,"void at::native::reduce_kernel<(int)512, (int)1, at::native::ReduceOp<bool, at::native::func_wrapper_t<bool, at::native::or_kernel_cuda(at::TensorIterator &)::[lambda() (instance 1)]::operator ()() const::[lambda() (instance 12)]::operator ()() const::[lambda(bool, bool) (instance 1)]>, unsigned int, bool, (int)4, (int)4>>(T3)"
:stage.process:model.layers.0.mlp.down_proj,PushPop,2429084,2431523,1,1923,3238436,1684.1,1632.0,1472,63008,1401.3,"void at::native::vectorized_elementwise_kernel<(int)2, at::native::AUnaryFunctor<long, long, long, at::native::binary_internal::MulFunctor<long>>, std::array<char *, (unsigned long)2>>(int, T2, T3)"
:stage.process:model.layers.0.mlp.down_proj,PushPop,2429084,2431523,1,512,2933476,5729.4,5728.0,5344,6144,133.8,"void at::native::unrolled_elementwise_kernel<at::native::CUDAFunctor_add<float>, std::array<char *, (unsigned long)3>, (int)4, TrivialOffsetCalculator<(int)2, unsigned int>, TrivialOffsetCalculator<(int)1, unsigned int>, at::native::memory::LoadWithCast<(int)2>, at::native::memory::StoreWithCast<(int)1>>(int, T1, T2, T4, T5, T6, T7)"
:stage.process:model.layers.0.mlp.down_proj,PushPop,2429084,2431523,1,1278,2764805,2163.4,2144.0,1408,3008,143.1,"<unnamed>::qvq_yaqa_grouped_pointers_kernel(const float *, const float *, float *, float **, float **, float **, int, int, int, int, int, int)"
:stage.process:model.layers.0.mlp.down_proj,PushPop,2429084,2431523,1,1278,2658311,2080.1,2080.0,1632,3104,200.7,"void at::native::vectorized_elementwise_kernel<(int)4, at::native::bitwise_not_kernel_cuda(at::TensorIteratorBase &)::[lambda(bool) (instance 1)], std::array<char *, (unsigned long)2>>(int, T2, T3)"
:stage.process:model.layers.0.mlp.down_proj,PushPop,2429084,2431523,1,3,2658118,886039.3,1324419.0,9056,1324643,759489.9,"void at::native::reduce_kernel<(int)512, (int)1, at::native::ReduceOp<long, at::native::func_wrapper_t<long, at::native::sum_functor<long, long, long>::operator ()(at::TensorIterator &)::[lambda(long, long) (instance 1)]>, unsigned int, long, (int)4, (int)4>>(T3)"
:stage.process:model.layers.0.mlp.down_proj,PushPop,2429084,2431523,1,1278,2481761,1941.9,1952.0,1440,5120,157.5,"<unnamed>::qvq_yaqa_update_grouped_pointers_kernel(float *, float *, const float *, const float *, const float *, float **, float **, float **, int, int, int, int, int, int)"
:stage.process:model.layers.0.mlp.down_proj,PushPop,2429084,2431523,1,11,2477445,225222.3,66080.0,5761,1033346,397174.3,"void at::native::vectorized_elementwise_kernel<(int)2, at::native::AUnaryFunctor<long, long, long, at::native::BitwiseAndFunctor<long>>, std::array<char *, (unsigned long)2>>(int, T2, T3)"
:stage.process:model.layers.0.mlp.down_proj,PushPop,2429084,2431523,1,4,2174628,543657.0,560289.0,5056,1048994,583663.0,"void at::native::elementwise_kernel<(int)128, (int)2, void at::native::gpu_kernel_impl_nocast<at::native::BinaryFunctor<long, long, long, at::native::lshift_kernel_cuda(at::TensorIteratorBase &)::[lambda() (instance 1)]::operator ()() const::[lambda() (instance 4)]::operator ()() const::[lambda(long, long) (instance 1)]>>(at::TensorIteratorBase &, const T1 &)::[lambda(int) (instance 1)]>(int, T3)"
:stage.process:model.layers.0.mlp.down_proj,PushPop,2429084,2431523,1,4,2171429,542857.3,542545.0,41408,1044931,578857.8,"void at::native::elementwise_kernel<(int)128, (int)2, void at::native::gpu_kernel_impl_nocast<at::native::BinaryFunctor<long, long, long, at::native::rshift_kernel_cuda(at::TensorIteratorBase &)::[lambda() (instance 1)]::operator ()() const::[lambda() (instance 4)]::operator ()() const::[lambda(long, long) (instance 1)]>>(at::TensorIteratorBase &, const T1 &)::[lambda(int) (instance 1)]>(int, T3)"
:stage.process:model.layers.0.mlp.down_proj,PushPop,2429084,2431523,1,513,1965058,3830.5,3712.0,3424,21248,811.0,"void at::native::elementwise_kernel<(int)128, (int)4, void at::native::gpu_kernel_impl_nocast<at::native::direct_copy_kernel_cuda(at::TensorIteratorBase &)::[lambda() (instance 3)]::operator ()() const::[lambda() (instance 1)]::operator ()() const::[lambda(unsigned char) (instance 1)]>(at::TensorIteratorBase &, const T1 &)::[lambda(int) (instance 1)]>(int, T3)"
:stage.process:model.layers.0.mlp.down_proj,PushPop,2429084,2431523,1,3,1908868,636289.3,916290.0,72992,919586,487832.6,"void at::native::index_elementwise_kernel<(int)128, (int)4, void at::native::gpu_index_kernel<void at::native::index_kernel_impl<at::native::OpaqueType<(int)8>>(at::TensorIteratorBase &, c10::ArrayRef<long>, c10::ArrayRef<long>)::[lambda(char *, const char *, long) (instance 1)]>(at::TensorIteratorBase &, c10::ArrayRef<long>, c10::ArrayRef<long>, const T1 &, bool)::[lambda(int) (instance 1)]>(long, T3)"
:stage.process:model.layers.0.mlp.down_proj,PushPop,2429084,2431523,1,1031,1813377,1758.9,1728.0,1696,12672,637.3,"void at::native::vectorized_elementwise_kernel<(int)4, at::native::BinaryFunctor<bool, bool, bool, at::native::BitwiseOrFunctor<bool>>, std::array<char *, (unsigned long)3>>(int, T2, T3)"
:stage.process:model.layers.0.mlp.down_proj,PushPop,2429084,2431523,1,491,1752578,3569.4,3361.0,2880,16160,1122.7,"void cublasLt::splitKreduce_kernel<(int)32, (int)16, int, float, float, float, float, (bool)0, float, float, float, (bool)1, (bool)0, (bool)0, (bool)0>(cublasLt::cublasSplitKParams<T6>, const T4 *, const T10 *, T9 *, T5 *, const T6 *, const T6 *, const T11 *, const T4 *, T11 *, void *, long, T6 *, int *, T6 *, T6 *, const T6 *, const T6 *, const T6 *, const T6 *, const T6 *)"
:stage.process:model.layers.0.mlp.down_proj,PushPop,2429084,2431523,1,3,1699042,566347.3,824961.0,47232,826849,449568.1,"void at::native::triu_tril_kernel<float, int, (bool)0, (int)2, (bool)1>(at::cuda::detail::TensorInfo<T1, T2>, at::cuda::detail::TensorInfo<const T1, T2>, long, long, T2)"
:stage.process:model.layers.0.mlp.down_proj,PushPop,2429084,2431523,1,516,1201025,2327.6,1792.0,1760,72288,6078.0,"void at::native::vectorized_elementwise_kernel<(int)4, at::native::BinaryFunctor<long, long, bool, at::native::<unnamed>::CompareEqFunctor<long>>, std::array<char *, (unsigned long)3>>(int, T2, T3)"
:stage.process:model.layers.0.mlp.down_proj,PushPop,2429084,2431523,1,641,1192002,1859.6,1792.0,1568,29856,1563.3,"void at::native::vectorized_elementwise_kernel<(int)2, at::native::FillFunctor<long>, std::array<char *, (unsigned long)1>>(int, T2, T3)"
:stage.process:model.layers.0.mlp.down_proj,PushPop,2429084,2431523,1,639,1152576,1803.7,1824.0,1568,2176,125.6,"void at::native::vectorized_elementwise_kernel<(int)2, at::native::CUDAFunctor_add<long>, std::array<char *, (unsigned long)3>>(int, T2, T3)"
:stage.process:model.layers.0.mlp.down_proj,PushPop,2429084,2431523,1,512,1113889,2175.6,2176.0,2144,2208,15.3,"void at::native::elementwise_kernel<(int)128, (int)2, void at::native::gpu_kernel_impl_nocast<at::native::BUnaryFunctor<long, long, long, at::native::rshift_kernel_cuda(at::TensorIteratorBase &)::[lambda() (instance 1)]::operator ()() const::[lambda() (instance 4)]::operator ()() const::[lambda(long, long) (instance 1)]>>(at::TensorIteratorBase &, const T1 &)::[lambda(int) (instance 1)]>(int, T3)"
:stage.process:model.layers.0.mlp.down_proj,PushPop,2429084,2431523,1,10,994784,99478.4,77440.0,3616,295168,105478.9,"void at::native::elementwise_kernel<(int)128, (int)2, void at::native::gpu_kernel_impl_nocast<at::native::BinaryFunctor<float, float, float, at::native::binary_internal::MulFunctor<float>>>(at::TensorIteratorBase &, const T1 &)::[lambda(int) (instance 1)]>(int, T3)"
:stage.process:model.layers.0.mlp.down_proj,PushPop,2429084,2431523,1,9,810048,90005.3,66528.0,1984,259712,99083.8,"void at::native::vectorized_elementwise_kernel<(int)4, at::native::BUnaryFunctor<float, float, float, at::native::binary_internal::MulFunctor<float>>, std::array<char *, (unsigned long)2>>(int, T2, T3)"
:stage.process:model.layers.0.mlp.down_proj,PushPop,2429084,2431523,1,9,776737,86304.1,86208.0,85857,87552,512.9,"void at::native::vectorized_elementwise_kernel<(int)4, at::native::BinaryFunctor<float, float, float, at::native::binary_internal::MulFunctor<float>>, std::array<char *, (unsigned long)3>>(int, T2, T3)"
:stage.process:model.layers.0.mlp.down_proj,PushPop,2429084,2431523,1,13,706018,54309.1,32512.0,1312,113728,49881.4,"void at::native::vectorized_elementwise_kernel<(int)4, at::native::FillFunctor<float>, std::array<char *, (unsigned long)1>>(int, T2, T3)"
:stage.process:model.layers.0.mlp.down_proj,PushPop,2429084,2431523,1,26,484225,18624.0,18704.0,15456,21472,1604.9,ampere_sgemm_128x32_nn
:stage.process:model.layers.0.mlp.down_proj,PushPop,2429084,2431523,1,10,436544,43654.4,46848.0,14112,47168,10381.6,"void at::native::reduce_kernel<(int)512, (int)1, at::native::ReduceOp<float, at::native::func_wrapper_t<float, at::native::sum_functor<float, float, float>::operator ()(at::TensorIterator &)::[lambda(float, float) (instance 1)]>, unsigned int, float, (int)4, (int)4>>(T3)"
:stage.process:model.layers.0.mlp.down_proj,PushPop,2429084,2431523,1,1,340193,340193.0,340193.0,340193,340193,0.0,"void at::native::<unnamed>::CatArrayBatchedCopy_alignedK_contig<at::native::<unnamed>::OpaqueType<(unsigned int)8>, unsigned int, (int)3, (int)128, (int)1, (int)16>(T1 *, at::native::<unnamed>::CatArrInputTensorMetadata<T1, T2, T4, T5>, at::native::<unnamed>::TensorSizeStride<T2, (unsigned int)4>, int, T2)"
:stage.process:model.layers.0.mlp.down_proj,PushPop,2429084,2431523,1,3,295457,98485.7,99712.0,94656,101089,3387.3,"void at::native::vectorized_elementwise_kernel<(int)2, at::native::BinaryFunctor<long, long, long, at::native::BitwiseXorFunctor<long>>, std::array<char *, (unsigned long)3>>(int, T2, T3)"
:stage.process:model.layers.0.mlp.down_proj,PushPop,2429084,2431523,1,6,269536,44922.7,1984.0,1568,251008,101033.6,"void at::native::vectorized_elementwise_kernel<(int)4, at::native::AUnaryFunctor<float, float, float, at::native::binary_internal::MulFunctor<float>>, std::array<char *, (unsigned long)2>>(int, T2, T3)"
:stage.process:model.layers.0.mlp.down_proj,PushPop,2429084,2431523,1,4,259777,64944.3,65296.5,59520,69664,4735.5,"void at::native::vectorized_elementwise_kernel<(int)2, at::native::BUnaryFunctor<long, long, long, at::native::rshift_kernel_cuda(at::TensorIteratorBase &)::[lambda() (instance 1)]::operator ()() const::[lambda() (instance 4)]::operator ()() const::[lambda(long, long) (instance 1)]>, std::array<char *, (unsigned long)2>>(int, T2, T3)"
:stage.process:model.layers.0.mlp.down_proj,PushPop,2429084,2431523,1,2,201728,100864.0,100864.0,100768,100960,135.8,"void at::native::vectorized_elementwise_kernel<(int)2, at::native::BinaryFunctor<long, long, long, at::native::BitwiseOrFunctor<long>>, std::array<char *, (unsigned long)3>>(int, T2, T3)"
:stage.process:model.layers.0.mlp.down_proj,PushPop,2429084,2431523,1,10,201344,20134.4,20096.0,20000,20352,110.6,"void at::native::<unnamed>::CatArrayBatchedCopy<at::native::<unnamed>::OpaqueType<(unsigned int)4>, unsigned int, (int)2, (int)64, (int)64>(T1 *, at::native::<unnamed>::CatArrInputTensorMetadata<T1, T2, T4, T5>, at::native::<unnamed>::TensorSizeStride<T2, (unsigned int)4>, int, T2)"
:stage.process:model.layers.0.mlp.down_proj,PushPop,2429084,2431523,1,16,170272,10642.0,10352.0,9216,12064,921.4,void cutlass::Kernel2<cutlass_80_simt_sgemm_128x32_8x5_nn_align1>(T1::Params)
:stage.process:model.layers.0.mlp.down_proj,PushPop,2429084,2431523,1,10,150112,15011.2,7280.0,3936,49696,14072.6,"void at::native::reduce_kernel<(int)512, (int)1, at::native::ReduceOp<float, at::native::MeanOps<float, float, float, float>, unsigned int, float, (int)4, (int)4>>(T3)"
:stage.process:model.layers.0.mlp.down_proj,PushPop,2429084,2431523,1,6,133216,22202.7,22144.0,16224,28384,6550.2,"void trsm_batch_left_upper_kernel_small<float, (int)16, (int)16, (int)64>(cublasTrsmBatchParams<T1>, const T1 *const *, T1 *const *, const T1 *, T1)"
:stage.process:model.layers.0.mlp.down_proj,PushPop,2429084,2431523,1,2,128128,64064.0,64064.0,63904,64224,226.3,"void at::native::vectorized_elementwise_kernel<(int)2, at::native::BUnaryFunctor<long, long, long, at::native::lshift_kernel_cuda(at::TensorIteratorBase &)::[lambda() (instance 1)]::operator ()() const::[lambda() (instance 4)]::operator ()() const::[lambda(long, long) (instance 1)]>, std::array<char *, (unsigned long)2>>(int, T2, T3)"
:stage.process:model.layers.0.mlp.down_proj,PushPop,2429084,2431523,1,3,115840,38613.3,54912.0,5824,55104,28396.6,"void at::native::unrolled_elementwise_kernel<at::native::direct_copy_kernel_cuda(at::TensorIteratorBase &)::[lambda() (instance 3)]::operator ()() const::[lambda() (instance 3)]::operator ()() const::[lambda(int) (instance 1)], std::array<char *, (unsigned long)2>, (int)4, TrivialOffsetCalculator<(int)1, unsigned int>, TrivialOffsetCalculator<(int)1, unsigned int>, at::native::memory::LoadWithCast<(int)1>, at::native::memory::StoreWithCast<(int)1>>(int, T1, T2, T4, T5, T6, T7)"
:stage.process:model.layers.0.mlp.down_proj,PushPop,2429084,2431523,1,4,87008,21752.0,21680.0,21312,22336,435.9,"std::enable_if<!T7, void>::type internal::gemvx::kernel<int, int, float, float, float, float, (bool)0, (bool)1, (bool)1, (bool)0, (int)7, (bool)0, cublasGemvParamsEx<int, cublasGemvTensorStridedBatched<const float>, cublasGemvTensorStridedBatched<const float>, cublasGemvTensorStridedBatched<float>, float>>(T13)"
:stage.process:model.layers.0.mlp.down_proj,PushPop,2429084,2431523,1,5,76288,15257.6,1728.0,1632,69536,30342.6,"void at::native::vectorized_elementwise_kernel<(int)2, at::native::CUDAFunctorOnSelf_add<long>, std::array<char *, (unsigned long)2>>(int, T2, T3)"
:stage.process:model.layers.0.mlp.down_proj,PushPop,2429084,2431523,1,1,73312,73312.0,73312.0,73312,73312,0.0,"void at::native::elementwise_kernel<(int)128, (int)2, void at::native::gpu_kernel_impl_nocast<at::native::BinaryFunctor<float, float, float, at::native::binary_internal::DivFunctor<float>>>(at::TensorIteratorBase &, const T1 &)::[lambda(int) (instance 1)]>(int, T3)"
:stage.process:model.layers.0.mlp.down_proj,PushPop,2429084,2431523,1,1,62688,62688.0,62688.0,62688,62688,0.0,"void at::native::vectorized_elementwise_kernel<(int)4, void at::native::<unnamed>::pow_tensor_scalar_kernel_impl<float, float>(at::TensorIteratorBase &, T2)::[lambda(float) (instance 1)], std::array<char *, (unsigned long)2>>(int, T2, T3)"
:stage.process:model.layers.0.mlp.down_proj,PushPop,2429084,2431523,1,1,53248,53248.0,53248.0,53248,53248,0.0,"void at::native::reduce_kernel<(int)128, (int)4, at::native::ReduceOp<long, at::native::func_wrapper_t<long, at::native::sum_functor<long, long, long>::operator ()(at::TensorIterator &)::[lambda(long, long) (instance 1)]>, unsigned int, long, (int)4, (int)4>>(T3)"
:stage.process:model.layers.0.mlp.down_proj,PushPop,2429084,2431523,1,8,48896,6112.0,5104.0,4000,10496,2348.5,"void gemmSN_NN_kernel<float, (int)256, (int)4, (int)2, (int)8, (int)4, (int)4, (bool)0, cublasGemvTensorBatched<const float>, cublasGemvTensorBatched<const float>, cublasGemvTensorBatched<float>>(cublasGemmSmallNParams<T9, T10, T11, T1>)"
:stage.process:model.layers.0.mlp.down_proj,PushPop,2429084,2431523,1,1,48384,48384.0,48384.0,48384,48384,0.0,"void at::native::vectorized_elementwise_kernel<(int)4, at::native::float16_copy_kernel_cuda(at::TensorIteratorBase &)::[lambda(float) (instance 1)], std::array<char *, (unsigned long)2>>(int, T2, T3)"
:stage.process:model.layers.0.mlp.down_proj,PushPop,2429084,2431523,1,3,28576,9525.3,10464.0,7200,10912,2026.2,"void at::native::elementwise_kernel<(int)128, (int)2, void at::native::gpu_kernel_impl_nocast<at::native::direct_copy_kernel_cuda(at::TensorIteratorBase &)::[lambda() (instance 3)]::operator ()() const::[lambda() (instance 3)]::operator ()() const::[lambda(int) (instance 1)]>(at::TensorIteratorBase &, const T1 &)::[lambda(int) (instance 1)]>(int, T3)"
:stage.process:model.layers.0.mlp.down_proj,PushPop,2429084,2431523,1,6,28353,4725.5,5024.0,4001,5120,527.0,"void at::native::elementwise_kernel<(int)128, (int)2, void at::native::gpu_kernel_impl_nocast<at::native::CUDAFunctorOnSelf_add<float>>(at::TensorIteratorBase &, const T1 &)::[lambda(int) (instance 1)]>(int, T3)"
:stage.process:model.layers.0.mlp.down_proj,PushPop,2429084,2431523,1,4,14656,3664.0,3616.0,3520,3904,183.8,"void at::native::vectorized_elementwise_kernel<(int)2, at::native::BUnaryFunctor<long, long, long, at::native::remainder_kernel_cuda(at::TensorIteratorBase &)::[lambda() (instance 1)]::operator ()() const::[lambda() (instance 4)]::operator ()() const::[lambda(long, long) (instance 1)]>, std::array<char *, (unsigned long)2>>(int, T2, T3)"
:stage.process:model.layers.0.mlp.down_proj,PushPop,2429084,2431523,1,6,13632,2272.0,2272.0,2240,2304,20.2,"void at::native::vectorized_elementwise_kernel<(int)4, at::native::<unnamed>::CompareFunctor<float>, std::array<char *, (unsigned long)3>>(int, T2, T3)"
:stage.process:model.layers.0.mlp.down_proj,PushPop,2429084,2431523,1,3,12320,4106.7,4352.0,3584,4384,452.9,"void at::native::unrolled_elementwise_kernel<at::native::direct_copy_kernel_cuda(at::TensorIteratorBase &)::[lambda() (instance 3)]::operator ()() const::[lambda() (instance 1)]::operator ()() const::[lambda(unsigned char) (instance 1)], std::array<char *, (unsigned long)2>, (int)4, TrivialOffsetCalculator<(int)1, unsigned int>, TrivialOffsetCalculator<(int)1, unsigned int>, at::native::memory::LoadWithCast<(int)1>, at::native::memory::StoreWithCast<(int)1>>(int, T1, T2, T4, T5, T6, T7)"
:stage.process:model.layers.0.mlp.down_proj,PushPop,2429084,2431523,1,2,10976,5488.0,5488.0,5088,5888,565.7,"void at::native::<unnamed>::CatArrayBatchedCopy_vectorized<at::native::<unnamed>::OpaqueType<(unsigned int)2>, unsigned int, (int)1, (int)128, (int)1, (int)16, (int)8>(char *, at::native::<unnamed>::CatArrInputTensorMetadata<T1, T2, T4, T5>, at::native::<unnamed>::TensorSizeStride<T2, (unsigned int)4>, int, T2)"
:stage.process:model.layers.0.mlp.down_proj,PushPop,2429084,2431523,1,3,9760,3253.3,3232.0,3104,3424,161.1,"void at::native::vectorized_elementwise_kernel<(int)4, at::native::AUnaryFunctor<unsigned char, unsigned char, bool, at::native::<unnamed>::CompareEqFunctor<unsigned char>>, std::array<char *, (unsigned long)2>>(int, T2, T3)"
:stage.process:model.layers.0.mlp.down_proj,PushPop,2429084,2431523,1,1,9152,9152.0,9152.0,9152,9152,0.0,ampere_sgemm_32x32_sliced1x4_nn
:stage.process:model.layers.0.mlp.down_proj,PushPop,2429084,2431523,1,1,8352,8352.0,8352.0,8352,8352,0.0,"void at::native::vectorized_elementwise_kernel<(int)4, at::native::AUnaryFunctor<unsigned char, unsigned char, unsigned char, at::native::binary_internal::MulFunctor<unsigned char>>, std::array<char *, (unsigned long)2>>(int, T2, T3)"
:stage.process:model.layers.0.mlp.down_proj,PushPop,2429084,2431523,1,2,8256,4128.0,4128.0,3264,4992,1221.9,"void at::native::elementwise_kernel<(int)128, (int)2, void at::native::gpu_kernel_impl_nocast<at::native::AbsFunctor<float>>(at::TensorIteratorBase &, const T1 &)::[lambda(int) (instance 1)]>(int, T3)"
:stage.process:model.layers.0.mlp.down_proj,PushPop,2429084,2431523,1,2,7808,3904.0,3904.0,3872,3936,45.3,"void at::native::vectorized_elementwise_kernel<(int)2, at::native::BUnaryFunctor<long, long, long, at::native::binary_internal::div_floor_kernel_cuda(at::TensorIteratorBase &)::[lambda() (instance 1)]::operator ()() const::[lambda() (instance 4)]::operator ()() const::[lambda(long, long) (instance 1)]>, std::array<char *, (unsigned long)2>>(int, T2, T3)"
:stage.process:model.layers.0.mlp.down_proj,PushPop,2429084,2431523,1,3,6880,2293.3,2144.0,1984,2752,405.2,"void at::native::vectorized_elementwise_kernel<(int)4, at::native::FillFunctor<unsigned char>, std::array<char *, (unsigned long)1>>(int, T2, T3)"
:stage.process:model.layers.0.mlp.down_proj,PushPop,2429084,2431523,1,2,5952,2976.0,2976.0,2752,3200,316.8,"void at::native::<unnamed>::CatArrayBatchedCopy_alignedK_contig<at::native::<unnamed>::OpaqueType<(unsigned int)4>, unsigned int, (int)1, (int)128, (int)1, (int)16>(T1 *, at::native::<unnamed>::CatArrInputTensorMetadata<T1, T2, T4, T5>, at::native::<unnamed>::TensorSizeStride<T2, (unsigned int)4>, int, T2)"
:stage.process:model.layers.0.mlp.down_proj,PushPop,2429084,2431523,1,3,5920,1973.3,1856.0,1760,2304,290.4,"void at::native::vectorized_elementwise_kernel<(int)4, at::native::BinaryFunctor<float, float, float, at::native::maximum_kernel_cuda(at::TensorIteratorBase &)::[lambda() (instance 2)]::operator ()() const::[lambda() (instance 2)]::operator ()() const::[lambda(float, float) (instance 1)]>, std::array<char *, (unsigned long)3>>(int, T2, T3)"
:stage.process:model.layers.0.mlp.down_proj,PushPop,2429084,2431523,1,3,5280,1760.0,1824.0,1600,1856,139.5,"xxtrf4_set_info_ker(int, int *)"
:stage.process:model.layers.0.mlp.down_proj,PushPop,2429084,2431523,1,1,5248,5248.0,5248.0,5248,5248,0.0,"void at::native::reduce_kernel<(int)512, (int)1, at::native::ReduceOp<float, at::native::ArgMinOps<float>, unsigned int, long, (int)4, (int)4>>(T3)"
:stage.process:model.layers.0.mlp.down_proj,PushPop,2429084,2431523,1,2,4864,2432.0,2432.0,2432,2432,0.0,"void at::native::vectorized_elementwise_kernel<(int)2, at::native::CUDAFunctorOnOther_add<long>, std::array<char *, (unsigned long)2>>(int, T2, T3)"
:stage.process:model.layers.0.mlp.down_proj,PushPop,2429084,2431523,1,2,4768,2384.0,2384.0,2016,2752,520.4,"void at::native::unrolled_elementwise_kernel<at::native::AUnaryFunctor<long, long, long, at::native::BitwiseAndFunctor<long>>, std::array<char *, (unsigned long)2>, (int)4, TrivialOffsetCalculator<(int)1, unsigned int>, TrivialOffsetCalculator<(int)1, unsigned int>, at::native::memory::LoadWithoutCast, at::native::memory::StoreWithoutCast>(int, T1, T2, T4, T5, T6, T7)"
:stage.process:model.layers.0.mlp.down_proj,PushPop,2429084,2431523,1,2,4736,2368.0,2368.0,2272,2464,135.8,"void at::native::vectorized_elementwise_kernel<(int)4, at::native::FillFunctor<bool>, std::array<char *, (unsigned long)1>>(int, T2, T3)"
:stage.process:model.layers.0.mlp.down_proj,PushPop,2429084,2431523,1,2,4544,2272.0,2272.0,2208,2336,90.5,"void at::native::vectorized_elementwise_kernel<(int)4, void at::native::compare_scalar_kernel<c10::Half>(at::TensorIteratorBase &, at::native::<unnamed>::OpType, T1)::[lambda(c10::Half) (instance 1)], std::array<char *, (unsigned long)2>>(int, T2, T3)"
:stage.process:model.layers.0.mlp.down_proj,PushPop,2429084,2431523,1,1,3520,3520.0,3520.0,3520,3520,0.0,"void at::native::<unnamed>::CatArrayBatchedCopy_contig<at::native::<unnamed>::OpaqueType<(unsigned int)1>, unsigned int, (int)1, (int)128, (int)1>(T1 *, at::native::<unnamed>::CatArrInputTensorMetadata<T1, T2, T4, T5>, at::native::<unnamed>::TensorSizeStride<T2, (unsigned int)4>, int, T2)"
:stage.process:model.layers.0.mlp.down_proj,PushPop,2429084,2431523,1,1,3488,3488.0,3488.0,3488,3488,0.0,"void at::native::vectorized_elementwise_kernel<(int)4, at::native::BinaryFunctor<unsigned char, unsigned char, bool, at::native::<unnamed>::CompareEqFunctor<unsigned char>>, std::array<char *, (unsigned long)3>>(int, T2, T3)"
:stage.process:model.layers.0.mlp.down_proj,PushPop,2429084,2431523,1,1,2752,2752.0,2752.0,2752,2752,0.0,"void at::native::unrolled_elementwise_kernel<at::native::direct_copy_kernel_cuda(at::TensorIteratorBase &)::[lambda() (instance 3)]::operator ()() const::[lambda() (instance 11)]::operator ()() const::[lambda(bool) (instance 1)], std::array<char *, (unsigned long)2>, (int)4, TrivialOffsetCalculator<(int)1, unsigned int>, TrivialOffsetCalculator<(int)1, unsigned int>, at::native::memory::LoadWithCast<(int)1>, at::native::memory::StoreWithCast<(int)1>>(int, T1, T2, T4, T5, T6, T7)"
:stage.process:model.layers.0.mlp.down_proj,PushPop,2429084,2431523,1,1,2688,2688.0,2688.0,2688,2688,0.0,"void at::native::vectorized_elementwise_kernel<(int)4, at::native::sqrt_kernel_cuda(at::TensorIteratorBase &)::[lambda() (instance 2)]::operator ()() const::[lambda() (instance 2)]::operator ()() const::[lambda(float) (instance 1)], std::array<char *, (unsigned long)2>>(int, T2, T3)"
:stage.process:model.layers.0.mlp.down_proj,PushPop,2429084,2431523,1,1,2496,2496.0,2496.0,2496,2496,0.0,"void at::native::elementwise_kernel<(int)128, (int)2, void at::native::gpu_kernel_impl_nocast<at::native::<unnamed>::where_kernel_impl(at::TensorIterator &)::[lambda() (instance 1)]::operator ()() const::[lambda() (instance 3)]::operator ()() const::[lambda(bool, unsigned int, unsigned int) (instance 1)]>(at::TensorIteratorBase &, const T1 &)::[lambda(int) (instance 1)]>(int, T3)"
:stage.process:model.layers.0.mlp.down_proj,PushPop,2429084,2431523,1,1,2144,2144.0,2144.0,2144,2144,0.0,"void at::native::unrolled_elementwise_kernel<at::native::<unnamed>::CompareFunctor<c10::Half>, std::array<char *, (unsigned long)3>, (int)4, TrivialOffsetCalculator<(int)2, unsigned int>, TrivialOffsetCalculator<(int)1, unsigned int>, at::native::memory::LoadWithoutCast, at::native::memory::StoreWithoutCast>(int, T1, T2, T4, T5, T6, T7)"
:stage.process:model.layers.0.mlp.down_proj,PushPop,2429084,2431523,1,1,1920,1920.0,1920.0,1920,1920,0.0,"void at::native::vectorized_elementwise_kernel<(int)4, at::native::<unnamed>::launch_clamp_scalar(at::TensorIteratorBase &, c10::Scalar, c10::Scalar, at::native::detail::ClampLimits)::[lambda() (instance 1)]::operator ()() const::[lambda() (instance 7)]::operator ()() const::[lambda(float) (instance 1)], std::array<char *, (unsigned long)2>>(int, T2, T3)"
:stage.process:model.layers.0.mlp.gate_proj,PushPop,2429084,2431523,1,1482,8304308660,5603447.1,4050783.0,1264800,16077527,4865154.8,void <unnamed>::qvq_fused_w2_family_grid_kernel<(bool)0>(<unnamed>::FusedSequenceArgs)
:stage.process:model.layers.0.mlp.gate_proj,PushPop,2429084,2431523,1,1534,4689371638,3056956.7,2774638.5,1356000,7226838,1917322.3,"void <unnamed>::qvq_viterbi_kernel<(int)4, (int)2, __half, unsigned char>(const float *, const T3 *, const float *, const long *, const float *, T4 *, long *, float *, int, int, int, bool, bool, bool)"
:stage.process:model.layers.0.mlp.gate_proj,PushPop,2429084,2431523,1,1278,2630873002,2058586.1,1609967.5,21088,5813728,1502063.3,void cutlass::Kernel2<cutlass_80_simt_sgemm_grouped_128x128_8x4_align1>(T1::Params)
:stage.process:model.layers.0.mlp.gate_proj,PushPop,2429084,2431523,1,1278,659358746,515930.2,323423.5,5600,962432,334666.6,"void gemmSN_NN_kernel<float, (int)128, (int)2, (int)4, (int)8, (int)4, (int)4, (bool)0, cublasGemvTensorBatched<const float>, cublasGemvTensorBatched<const float>, cublasGemvTensorBatched<float>>(cublasGemmSmallNParams<T9, T10, T11, T1>)"
:stage.process:model.layers.0.mlp.gate_proj,PushPop,2429084,2431523,1,1276,211902950,166068.1,109056.0,9760,301760,100911.9,ampere_sgemm_128x128_nt
:stage.process:model.layers.0.mlp.gate_proj,PushPop,2429084,2431523,1,1482,151054906,101926.4,101504.0,73344,115968,7059.8,"<unnamed>::qvq_fused_w2_traceback_kernel(const unsigned char *, const unsigned char *, const int *, long *, unsigned char *, int)"
:stage.process:model.layers.0.mlp.gate_proj,PushPop,2429084,2431523,1,14,83662384,5975884.6,3321230.0,3235328,12674369,4395170.6,ampere_sgemm_128x64_nn
:stage.process:model.layers.0.mlp.gate_proj,PushPop,2429084,2431523,1,416,61156596,147011.0,145776.0,133504,289728,11411.5,"void <unnamed>::qvq_v2_segment_grid_kernel<(int)4, (int)2, (int)16, (bool)1, (bool)0, __half, unsigned char>(const float *, const T6 *, const float *, const long *, const float *, const float *, float *, T7 *, unsigned char *, int, int, int, bool, bool)"
:stage.process:model.layers.0.mlp.gate_proj,PushPop,2429084,2431523,1,3785,29562104,7810.3,3232.0,2144,636159,34686.8,"void at::native::elementwise_kernel<(int)128, (int)2, void at::native::gpu_kernel_impl_nocast<at::native::direct_copy_kernel_cuda(at::TensorIteratorBase &)::[lambda() (instance 3)]::operator ()() const::[lambda() (instance 7)]::operator ()() const::[lambda(float) (instance 1)]>(at::TensorIteratorBase &, const T1 &)::[lambda(int) (instance 1)]>(int, T3)"
:stage.process:model.layers.0.mlp.gate_proj,PushPop,2429084,2431523,1,2,25772500,12886250.0,12886250.0,12885945,12886555,431.3,void cutlass::Kernel2<cutlass_80_simt_sgemm_128x64_8x5_nn_align1>(T1::Params)
:stage.process:model.layers.0.mlp.gate_proj,PushPop,2429084,2431523,1,3222,23307825,7234.0,7328.0,2592,104128,3608.1,"void at::native::reduce_kernel<(int)512, (int)1, at::native::ReduceOp<bool, at::native::func_wrapper_t<bool, at::native::and_kernel_cuda(at::TensorIterator &)::[lambda() (instance 1)]::operator ()() const::[lambda() (instance 12)]::operator ()() const::[lambda(bool, bool) (instance 1)]>, unsigned int, bool, (int)4, (int)4>>(T3)"
:stage.process:model.layers.0.mlp.gate_proj,PushPop,2429084,2431523,1,1482,19832858,13382.5,13440.0,9216,15680,1286.2,"<unnamed>::qvq_fused_detect_family_mask_kernel(const unsigned int *, int *)"
:stage.process:model.layers.0.mlp.gate_proj,PushPop,2429084,2431523,1,445,18411120,41373.3,5728.0,3296,665152,70598.3,"void at::native::elementwise_kernel<(int)128, (int)2, void at::native::gpu_kernel_impl_nocast<at::native::CUDAFunctor_add<float>>(at::TensorIteratorBase &, const T1 &)::[lambda(int) (instance 1)]>(int, T3)"
:stage.process:model.layers.0.mlp.gate_proj,PushPop,2429084,2431523,1,1663,16985910,10214.0,9312.0,5536,120896,3196.5,"void at::native::index_elementwise_kernel<(int)128, (int)4, void at::native::gpu_index_kernel<void at::native::index_kernel_impl<at::native::OpaqueType<(int)2>>(at::TensorIteratorBase &, c10::ArrayRef<long>, c10::ArrayRef<long>)::[lambda(char *, const char *, long) (instance 1)]>(at::TensorIteratorBase &, c10::ArrayRef<long>, c10::ArrayRef<long>, const T1 &, bool)::[lambda(int) (instance 1)]>(long, T3)"
:stage.process:model.layers.0.mlp.gate_proj,PushPop,2429084,2431523,1,2046,15923895,7782.9,7648.0,3872,12864,1066.6,"void at::native::reduce_kernel<(int)512, (int)1, at::native::ReduceOp<float, at::native::func_wrapper_t<float, at::native::MaxNanFunctor<float>>, unsigned int, float, (int)4, (int)4>>(T3)"
:stage.process:model.layers.0.mlp.gate_proj,PushPop,2429084,2431523,1,130,15599987,119999.9,120096.0,5376,231744,65615.8,"void gemmSN_NN_kernel<float, (int)128, (int)2, (int)4, (int)8, (int)4, (int)4, (bool)0, cublasGemvTensorStridedBatched<const float>, cublasGemvTensorStridedBatched<const float>, cublasGemvTensorStridedBatched<float>>(cublasGemmSmallNParams<T9, T10, T11, T1>)"
:stage.process:model.layers.0.mlp.gate_proj,PushPop,2429084,2431523,1,1917,13218264,6895.3,6816.0,4352,9888,473.5,"void at::native::index_elementwise_kernel<(int)128, (int)4, void at::native::gpu_index_kernel<void at::native::index_put_kernel_impl<at::native::OpaqueType<(int)4>>(at::TensorIterator &, c10::ArrayRef<long>, c10::ArrayRef<long>)::[lambda(char *, const char *, long) (instance 1)]>(at::TensorIteratorBase &, c10::ArrayRef<long>, c10::ArrayRef<long>, const T1 &, bool)::[lambda(int) (instance 1)]>(long, T3)"
:stage.process:model.layers.0.mlp.gate_proj,PushPop,2429084,2431523,1,4,12924832,3231208.0,3231296.0,3230656,3231584,392.2,ampere_sgemm_128x64_nt
:stage.process:model.layers.0.mlp.gate_proj,PushPop,2429084,2431523,1,1,12695554,12695554.0,12695554.0,12695554,12695554,0.0,ampere_sgemm_128x64_tn
:stage.process:model.layers.0.mlp.gate_proj,PushPop,2429084,2431523,1,4,11423858,2855964.5,1599502.0,928831,7296023,3026294.2,"void kernel<getrf_wo_pivot_params_<float, (int)0, (int)256, (int)1, (int)64, (int)64, (int)68, (int)8, (int)1, (int)1>>(int, int, void *, int, void *, int, int, int, int, int, int *)"
:stage.process:model.layers.0.mlp.gate_proj,PushPop,2429084,2431523,1,4122,10424242,2528.9,2240.0,1568,255104,7187.4,"void at::native::vectorized_elementwise_kernel<(int)4, at::native::AbsFunctor<float>, std::array<char *, (unsigned long)2>>(int, T2, T3)"
:stage.process:model.layers.0.mlp.gate_proj,PushPop,2429084,2431523,1,1278,9096511,7117.8,7040.0,4672,9760,311.8,"void at::native::index_elementwise_kernel<(int)128, (int)4, void at::native::gpu_index_kernel<void at::native::index_put_kernel_impl<at::native::OpaqueType<(int)8>>(at::TensorIterator &, c10::ArrayRef<long>, c10::ArrayRef<long>)::[lambda(char *, const char *, long) (instance 1)]>(at::TensorIteratorBase &, c10::ArrayRef<long>, c10::ArrayRef<long>, const T1 &, bool)::[lambda(int) (instance 1)]>(long, T3)"
:stage.process:model.layers.0.mlp.gate_proj,PushPop,2429084,2431523,1,2846,6715901,2359.8,2208.0,1728,97760,3348.5,"void at::native::vectorized_elementwise_kernel<(int)4, at::native::BinaryFunctor<bool, bool, bool, at::native::binary_internal::MulFunctor<bool>>, std::array<char *, (unsigned long)3>>(int, T2, T3)"
:stage.process:model.layers.0.mlp.gate_proj,PushPop,2429084,2431523,1,1543,6658972,4315.6,4160.0,2944,77120,2985.5,"void at::native::unrolled_elementwise_kernel<at::native::direct_copy_kernel_cuda(at::TensorIteratorBase &)::[lambda() (instance 3)]::operator ()() const::[lambda() (instance 7)]::operator ()() const::[lambda(float) (instance 1)], std::array<char *, (unsigned long)2>, (int)4, TrivialOffsetCalculator<(int)1, unsigned int>, TrivialOffsetCalculator<(int)1, unsigned int>, at::native::memory::LoadWithCast<(int)1>, at::native::memory::StoreWithCast<(int)1>>(int, T1, T2, T4, T5, T6, T7)"
:stage.process:model.layers.0.mlp.gate_proj,PushPop,2429084,2431523,1,2,6524861,3262430.5,3262430.5,3262046,3262815,543.8,void cutlass::Kernel2<cutlass_80_simt_sgemm_128x32_8x5_nt_align1>(T1::Params)
:stage.process:model.layers.0.mlp.gate_proj,PushPop,2429084,2431523,1,762,6448661,8462.8,8224.0,7872,10304,676.0,"void batch_trsm_left_kernel<float, (int)64, (int)4, (int)3, (bool)0, (bool)0, (bool)1>(cublasTrsmBatchParams2<T1>, T1, const T1 *, int)"
:stage.process:model.layers.0.mlp.gate_proj,PushPop,2429084,2431523,1,770,6416059,8332.5,8352.0,7872,8736,168.3,"void at::native::reduce_kernel<(int)512, (int)1, at::native::ReduceOp<c10::Half, at::native::func_wrapper_t<c10::Half, at::native::MaxNanFunctor<c10::Half>>, unsigned int, c10::Half, (int)4, (int)4>>(T3)"
:stage.process:model.layers.0.mlp.gate_proj,PushPop,2429084,2431523,1,1663,5568253,3348.3,3360.0,2528,116032,2787.6,"void at::native::elementwise_kernel<(int)128, (int)2, void at::native::gpu_kernel_impl_nocast<at::native::direct_copy_kernel_cuda(at::TensorIteratorBase &)::[lambda() (instance 3)]::operator ()() const::[lambda() (instance 4)]::operator ()() const::[lambda(long) (instance 1)]>(at::TensorIteratorBase &, const T1 &)::[lambda(int) (instance 1)]>(int, T3)"
:stage.process:model.layers.0.mlp.gate_proj,PushPop,2429084,2431523,1,2077,5450048,2624.0,2240.0,1504,163520,6691.4,"void at::native::vectorized_elementwise_kernel<(int)4, at::native::BinaryFunctor<float, float, bool, at::native::<unnamed>::CompareEqFunctor<float>>, std::array<char *, (unsigned long)3>>(int, T2, T3)"
:stage.process:model.layers.0.mlp.gate_proj,PushPop,2429084,2431523,1,2076,5336410,2570.5,2240.0,1600,164383,6622.4,"void at::native::vectorized_elementwise_kernel<(int)4, at::native::AUnaryFunctor<float, float, bool, at::native::<unnamed>::CompareEqFunctor<float>>, std::array<char *, (unsigned long)2>>(int, T2, T3)"
:stage.process:model.layers.0.mlp.gate_proj,PushPop,2429084,2431523,1,2558,5243391,2049.8,2048.0,1600,7392,220.0,"void at::native::vectorized_elementwise_kernel<(int)4, at::native::BinaryFunctor<bool, bool, bool, at::native::logical_or_kernel_cuda(at::TensorIterator &)::[lambda() (instance 2)]::operator ()() const::[lambda() (instance 9)]::operator ()() const::[lambda(bool, bool) (instance 1)]>, std::array<char *, (unsigned long)3>>(int, T2, T3)"
:stage.process:model.layers.0.mlp.gate_proj,PushPop,2429084,2431523,1,1532,5083164,3318.0,3360.0,2048,24096,667.9,"void at::native::elementwise_kernel<(int)128, (int)2, void at::native::gpu_kernel_impl_nocast<at::native::AUnaryFunctor<long, long, long, at::native::BitwiseAndFunctor<long>>>(at::TensorIteratorBase &, const T1 &)::[lambda(int) (instance 1)]>(int, T3)"
:stage.process:model.layers.0.mlp.gate_proj,PushPop,2429084,2431523,1,639,5055098,7911.0,8032.0,5376,9408,448.7,"void at::native::index_elementwise_kernel<(int)128, (int)4, void at::native::gpu_index_kernel<void at::native::index_kernel_impl<at::native::OpaqueType<(int)4>>(at::TensorIteratorBase &, c10::ArrayRef<long>, c10::ArrayRef<long>)::[lambda(char *, const char *, long) (instance 1)]>(at::TensorIteratorBase &, c10::ArrayRef<long>, c10::ArrayRef<long>, const T1 &, bool)::[lambda(int) (instance 1)]>(long, T3)"
:stage.process:model.layers.0.mlp.gate_proj,PushPop,2429084,2431523,1,1586,4820831,3039.6,2624.0,2112,511648,12831.0,"<unnamed>::qvq_half2_codebook_norm_pack_kernel(const __half *, unsigned long *, int)"
:stage.process:model.layers.0.mlp.gate_proj,PushPop,2429084,2431523,1,55,4724247,85895.4,69343.0,17824,140415,45252.2,void cutlass::Kernel2<cutlass_80_simt_sgemm_128x32_8x5_nn_align1>(T1::Params)
:stage.process:model.layers.0.mlp.gate_proj,PushPop,2429084,2431523,1,1278,4559520,3567.7,3424.0,2208,5632,554.3,"<unnamed>::qvq_yaqa_feedback_epilogue_kernel(const float *, const float *, const float *, const float *, const float *, float *, int, int, int, int, int)"
:stage.process:model.layers.0.mlp.gate_proj,PushPop,2429084,2431523,1,1534,4452444,2902.5,2688.0,2208,10464,634.0,"void at::native::roll_cuda_kernel<float>(const T1 *, T1 *, long, long, long, long, long, long)"
:stage.process:model.layers.0.mlp.gate_proj,PushPop,2429084,2431523,1,52,4336575,83395.7,82896.0,72096,119136,7993.0,"void <unnamed>::qvq_v2_segment_grid_finalize_kernel<(int)4, (int)2, (int)16, (bool)0, __half, unsigned char>(const float *, const T5 *, const float *, const long *, const float *, const float *, const T6 *, const unsigned char *, long *, unsigned char *, float *, int, int, bool, bool)"
:stage.process:model.layers.0.mlp.gate_proj,PushPop,2429084,2431523,1,639,4199776,6572.4,6720.0,3328,8256,543.4,"void at::native::index_elementwise_kernel<(int)128, (int)4, void at::native::gpu_index_kernel<void at::native::index_put_kernel_impl<at::native::OpaqueType<(int)1>>(at::TensorIterator &, c10::ArrayRef<long>, c10::ArrayRef<long>)::[lambda(char *, const char *, long) (instance 1)]>(at::TensorIteratorBase &, c10::ArrayRef<long>, c10::ArrayRef<long>, const T1 &, bool)::[lambda(int) (instance 1)]>(long, T3)"
:stage.process:model.layers.0.mlp.gate_proj,PushPop,2429084,2431523,1,2826,3821214,1352.2,1376.0,1248,2400,66.7,"void <unnamed>::elementwise_kernel_with_index<int, at::native::arange_cuda_out(const c10::Scalar &, const c10::Scalar &, const c10::Scalar &, at::Tensor &)::[lambda() (instance 1)]::operator ()() const::[lambda() (instance 4)]::operator ()() const::[lambda(long) (instance 1)]>(T1, T2, function_traits<T2>::result_type *)"
:stage.process:model.layers.0.mlp.gate_proj,PushPop,2429084,2431523,1,1280,3761887,2939.0,2976.0,1824,3264,223.2,"void at::native::elementwise_kernel<(int)128, (int)2, void at::native::gpu_kernel_impl_nocast<at::native::CUDAFunctor_add<long>>(at::TensorIteratorBase &, const T1 &)::[lambda(int) (instance 1)]>(int, T3)"
:stage.process:model.layers.0.mlp.gate_proj,PushPop,2429084,2431523,1,789,3652542,4629.3,2208.0,1856,193312,15256.1,"void at::native::vectorized_elementwise_kernel<(int)4, at::native::CUDAFunctor_add<float>, std::array<char *, (unsigned long)3>>(int, T2, T3)"
:stage.process:model.layers.0.mlp.gate_proj,PushPop,2429084,2431523,1,1,3428251,3428251.0,3428251.0,3428251,3428251,0.0,ampere_sgemm_128x64_lower_nt
:stage.process:model.layers.0.mlp.gate_proj,PushPop,2429084,2431523,1,1540,3386358,2198.9,2144.0,1728,4544,160.2,"void at::native::vectorized_elementwise_kernel<(int)4, at::native::AbsFunctor<c10::Half>, std::array<char *, (unsigned long)2>>(int, T2, T3)"
:stage.process:model.layers.0.mlp.gate_proj,PushPop,2429084,2431523,1,1923,3251901,1691.1,1664.0,1504,62912,1398.7,"void at::native::vectorized_elementwise_kernel<(int)2, at::native::AUnaryFunctor<long, long, long, at::native::binary_internal::MulFunctor<long>>, std::array<char *, (unsigned long)2>>(int, T2, T3)"
:stage.process:model.layers.0.mlp.gate_proj,PushPop,2429084,2431523,1,1792,3239743,1807.9,1792.0,1536,5728,216.9,"void at::native::vectorized_elementwise_kernel<(int)4, void at::native::compare_scalar_kernel<float>(at::TensorIteratorBase &, at::native::<unnamed>::OpType, T1)::[lambda(float) (instance 1)], std::array<char *, (unsigned long)2>>(int, T2, T3)"
:stage.process:model.layers.0.mlp.gate_proj,PushPop,2429084,2431523,1,770,3107038,4035.1,4032.0,4000,8128,195.6,ampere_sgemm_32x128_nt
:stage.process:model.layers.0.mlp.gate_proj,PushPop,2429084,2431523,1,1278,2771486,2168.6,2144.0,1440,3200,144.6,"<unnamed>::qvq_yaqa_grouped_pointers_kernel(const float *, const float *, float *, float **, float **, float **, int, int, int, int, int, int)"
:stage.process:model.layers.0.mlp.gate_proj,PushPop,2429084,2431523,1,775,2756415,3556.7,3392.0,1824,51488,2769.9,"void at::native::unrolled_elementwise_kernel<at::native::direct_copy_kernel_cuda(at::TensorIteratorBase &)::[lambda() (instance 3)]::operator ()() const::[lambda() (instance 4)]::operator ()() const::[lambda(long) (instance 1)], std::array<char *, (unsigned long)2>, (int)4, TrivialOffsetCalculator<(int)1, unsigned int>, TrivialOffsetCalculator<(int)1, unsigned int>, at::native::memory::LoadWithCast<(int)1>, at::native::memory::StoreWithCast<(int)1>>(int, T1, T2, T4, T5, T6, T7)"
:stage.process:model.layers.0.mlp.gate_proj,PushPop,2429084,2431523,1,1278,2718047,2126.8,2112.0,1632,45024,1218.2,"void at::native::vectorized_elementwise_kernel<(int)4, at::native::bitwise_not_kernel_cuda(at::TensorIteratorBase &)::[lambda(bool) (instance 1)], std::array<char *, (unsigned long)2>>(int, T2, T3)"
:stage.process:model.layers.0.mlp.gate_proj,PushPop,2429084,2431523,1,3,2606176,868725.3,1298592.0,8928,1298656,744606.3,"void at::native::reduce_kernel<(int)512, (int)1, at::native::ReduceOp<long, at::native::func_wrapper_t<long, at::native::sum_functor<long, long, long>::operator ()(at::TensorIterator &)::[lambda(long, long) (instance 1)]>, unsigned int, long, (int)4, (int)4>>(T3)"
:stage.process:model.layers.0.mlp.gate_proj,PushPop,2429084,2431523,1,11,2479872,225442.9,66112.0,5632,1033952,398282.7,"void at::native::vectorized_elementwise_kernel<(int)2, at::native::AUnaryFunctor<long, long, long, at::native::BitwiseAndFunctor<long>>, std::array<char *, (unsigned long)2>>(int, T2, T3)"
:stage.process:model.layers.0.mlp.gate_proj,PushPop,2429084,2431523,1,1278,2474750,1936.4,1952.0,1440,3392,105.4,"<unnamed>::qvq_yaqa_update_grouped_pointers_kernel(float *, float *, const float *, const float *, const float *, float **, float **, float **, int, int, int, int, int, int)"
:stage.process:model.layers.0.mlp.gate_proj,PushPop,2429084,2431523,1,1482,2417632,1631.3,1568.0,1312,2304,190.6,"void at::native::vectorized_elementwise_kernel<(int)4, at::native::FillFunctor<int>, std::array<char *, (unsigned long)1>>(int, T2, T3)"
:stage.process:model.layers.0.mlp.gate_proj,PushPop,2429084,2431523,1,4,2171840,542960.0,559168.0,4896,1048608,584239.4,"void at::native::elementwise_kernel<(int)128, (int)2, void at::native::gpu_kernel_impl_nocast<at::native::BinaryFunctor<long, long, long, at::native::lshift_kernel_cuda(at::TensorIteratorBase &)::[lambda() (instance 1)]::operator ()() const::[lambda() (instance 4)]::operator ()() const::[lambda(long, long) (instance 1)]>>(at::TensorIteratorBase &, const T1 &)::[lambda(int) (instance 1)]>(int, T3)"
:stage.process:model.layers.0.mlp.gate_proj,PushPop,2429084,2431523,1,4,2170112,542528.0,542448.0,40992,1044224,579105.4,"void at::native::elementwise_kernel<(int)128, (int)2, void at::native::gpu_kernel_impl_nocast<at::native::BinaryFunctor<long, long, long, at::native::rshift_kernel_cuda(at::TensorIteratorBase &)::[lambda() (instance 1)]::operator ()() const::[lambda() (instance 4)]::operator ()() const::[lambda(long, long) (instance 1)]>>(at::TensorIteratorBase &, const T1 &)::[lambda(int) (instance 1)]>(int, T3)"
:stage.process:model.layers.0.mlp.gate_proj,PushPop,2429084,2431523,1,3,1880416,626805.3,901920.0,72736,905760,479842.0,"void at::native::index_elementwise_kernel<(int)128, (int)4, void at::native::gpu_index_kernel<void at::native::index_kernel_impl<at::native::OpaqueType<(int)8>>(at::TensorIteratorBase &, c10::ArrayRef<long>, c10::ArrayRef<long>)::[lambda(char *, const char *, long) (instance 1)]>(at::TensorIteratorBase &, c10::ArrayRef<long>, c10::ArrayRef<long>, const T1 &, bool)::[lambda(int) (instance 1)]>(long, T3)"
:stage.process:model.layers.0.mlp.gate_proj,PushPop,2429084,2431523,1,770,1749372,2271.9,2272.0,1664,2368,43.5,"void at::native::vectorized_elementwise_kernel<(int)4, at::native::BinaryFunctor<c10::Half, c10::Half, bool, at::native::<unnamed>::CompareEqFunctor<c10::Half>>, std::array<char *, (unsigned long)3>>(int, T2, T3)"
:stage.process:model.layers.0.mlp.gate_proj,PushPop,2429084,2431523,1,782,1748222,2235.6,1824.0,1696,45920,3958.9,"void at::native::vectorized_elementwise_kernel<(int)4, void at::native::compare_scalar_kernel<long>(at::TensorIteratorBase &, at::native::<unnamed>::OpType, T1)::[lambda(long) (instance 1)], std::array<char *, (unsigned long)2>>(int, T2, T3)"
:stage.process:model.layers.0.mlp.gate_proj,PushPop,2429084,2431523,1,770,1735167,2253.5,2240.0,1664,2336,39.4,"void at::native::vectorized_elementwise_kernel<(int)4, at::native::AUnaryFunctor<c10::Half, c10::Half, bool, at::native::<unnamed>::CompareEqFunctor<c10::Half>>, std::array<char *, (unsigned long)2>>(int, T2, T3)"
:stage.process:model.layers.0.mlp.gate_proj,PushPop,2429084,2431523,1,10,1608030,160803.0,81056.0,3712,662144,204636.6,"void at::native::elementwise_kernel<(int)128, (int)2, void at::native::gpu_kernel_impl_nocast<at::native::BinaryFunctor<float, float, float, at::native::binary_internal::MulFunctor<float>>>(at::TensorIteratorBase &, const T1 &)::[lambda(int) (instance 1)]>(int, T3)"
:stage.process:model.layers.0.mlp.gate_proj,PushPop,2429084,2431523,1,512,1390048,2714.9,2656.0,2560,2944,118.3,"void at::native::unrolled_elementwise_kernel<at::native::BinaryFunctor<float, float, float, at::native::maximum_kernel_cuda(at::TensorIteratorBase &)::[lambda() (instance 2)]::operator ()() const::[lambda() (instance 2)]::operator ()() const::[lambda(float, float) (instance 1)]>, std::array<char *, (unsigned long)3>, (int)4, TrivialOffsetCalculator<(int)2, unsigned int>, TrivialOffsetCalculator<(int)1, unsigned int>, at::native::memory::LoadWithCast<(int)2>, at::native::memory::StoreWithCast<(int)1>>(int, T1, T2, T4, T5, T6, T7)"
:stage.process:model.layers.0.mlp.gate_proj,PushPop,2429084,2431523,1,45,1384383,30764.1,32416.0,6752,56992,15858.6,"void gemmSN_NN_kernel<float, (int)256, (int)4, (int)2, (int)8, (int)4, (int)4, (bool)0, cublasGemvTensorStridedBatched<const float>, cublasGemvTensorStridedBatched<const float>, cublasGemvTensorStridedBatched<float>>(cublasGemmSmallNParams<T9, T10, T11, T1>)"
:stage.process:model.layers.0.mlp.gate_proj,PushPop,2429084,2431523,1,4,1276832,319208.0,319152.0,318304,320224,966.5,"std::enable_if<!T7, void>::type internal::gemvx::kernel<int, int, float, float, float, float, (bool)0, (bool)1, (bool)1, (bool)0, (int)7, (bool)0, cublasGemvParamsEx<int, cublasGemvTensorStridedBatched<const float>, cublasGemvTensorStridedBatched<const float>, cublasGemvTensorStridedBatched<float>, float>>(T13)"
:stage.process:model.layers.0.mlp.gate_proj,PushPop,2429084,2431523,1,641,1194304,1863.2,1792.0,1568,30080,1554.4,"void at::native::vectorized_elementwise_kernel<(int)2, at::native::FillFunctor<long>, std::array<char *, (unsigned long)1>>(int, T2, T3)"
:stage.process:model.layers.0.mlp.gate_proj,PushPop,2429084,2431523,1,256,1154304,4509.0,4496.0,4064,4960,379.3,"void at::native::elementwise_kernel<(int)128, (int)4, void at::native::gpu_kernel_impl_nocast<at::native::direct_copy_kernel_cuda(at::TensorIteratorBase &)::[lambda() (instance 3)]::operator ()() const::[lambda() (instance 10)]::operator ()() const::[lambda(c10::Half) (instance 1)]>(at::TensorIteratorBase &, const T1 &)::[lambda(int) (instance 1)]>(int, T3)"
:stage.process:model.layers.0.mlp.gate_proj,PushPop,2429084,2431523,1,639,1154304,1806.4,1824.0,1568,2208,127.8,"void at::native::vectorized_elementwise_kernel<(int)2, at::native::CUDAFunctor_add<long>, std::array<char *, (unsigned long)3>>(int, T2, T3)"
:stage.process:model.layers.0.mlp.gate_proj,PushPop,2429084,2431523,1,26,1152960,44344.6,45344.0,35584,50656,4705.7,ampere_sgemm_128x32_nn
:stage.process:model.layers.0.mlp.gate_proj,PushPop,2429084,2431523,1,264,966656,3661.6,3456.0,3104,15232,1501.3,"void at::native::reduce_kernel<(int)512, (int)1, at::native::ReduceOp<bool, at::native::func_wrapper_t<bool, at::native::or_kernel_cuda(at::TensorIterator &)::[lambda() (instance 1)]::operator ()() const::[lambda() (instance 12)]::operator ()() const::[lambda(bool, bool) (instance 1)]>, unsigned int, bool, (int)4, (int)4>>(T3)"
:stage.process:model.layers.0.mlp.gate_proj,PushPop,2429084,2431523,1,3,922399,307466.3,47168.0,47136,828095,450877.7,"void at::native::triu_tril_kernel<float, int, (bool)0, (int)2, (bool)1>(at::cuda::detail::TensorInfo<T1, T2>, at::cuda::detail::TensorInfo<const T1, T2>, long, long, T2)"
:stage.process:model.layers.0.mlp.gate_proj,PushPop,2429084,2431523,1,9,809182,89909.1,66208.0,1952,259167,99367.0,"void at::native::vectorized_elementwise_kernel<(int)4, at::native::BUnaryFunctor<float, float, float, at::native::binary_internal::MulFunctor<float>>, std::array<char *, (unsigned long)2>>(int, T2, T3)"
:stage.process:model.layers.0.mlp.gate_proj,PushPop,2429084,2431523,1,9,780992,86776.9,86432.0,86176,89216,941.9,"void at::native::vectorized_elementwise_kernel<(int)4, at::native::BinaryFunctor<float, float, float, at::native::binary_internal::MulFunctor<float>>, std::array<char *, (unsigned long)3>>(int, T2, T3)"
:stage.process:model.layers.0.mlp.gate_proj,PushPop,2429084,2431523,1,128,761823,5951.7,5952.0,5600,6560,161.8,"void at::native::unrolled_elementwise_kernel<at::native::CUDAFunctor_add<float>, std::array<char *, (unsigned long)3>, (int)4, TrivialOffsetCalculator<(int)2, unsigned int>, TrivialOffsetCalculator<(int)1, unsigned int>, at::native::memory::LoadWithCast<(int)2>, at::native::memory::StoreWithCast<(int)1>>(int, T1, T2, T4, T5, T6, T7)"
:stage.process:model.layers.0.mlp.gate_proj,PushPop,2429084,2431523,1,10,578976,57897.6,47056.0,46368,156928,34796.8,"void at::native::reduce_kernel<(int)512, (int)1, at::native::ReduceOp<float, at::native::func_wrapper_t<float, at::native::sum_functor<float, float, float>::operator ()(at::TensorIterator &)::[lambda(float, float) (instance 1)]>, unsigned int, float, (int)4, (int)4>>(T3)"
:stage.process:model.layers.0.mlp.gate_proj,PushPop,2429084,2431523,1,129,546624,4237.4,4096.0,4032,20832,1473.1,"void at::native::elementwise_kernel<(int)128, (int)4, void at::native::gpu_kernel_impl_nocast<at::native::direct_copy_kernel_cuda(at::TensorIteratorBase &)::[lambda() (instance 3)]::operator ()() const::[lambda() (instance 1)]::operator ()() const::[lambda(unsigned char) (instance 1)]>(at::TensorIteratorBase &, const T1 &)::[lambda(int) (instance 1)]>(int, T3)"
:stage.process:model.layers.0.mlp.gate_proj,PushPop,2429084,2431523,1,263,540192,2054.0,1888.0,1856,12896,1274.0,"void at::native::vectorized_elementwise_kernel<(int)4, at::native::BinaryFunctor<bool, bool, bool, at::native::BitwiseOrFunctor<bool>>, std::array<char *, (unsigned long)3>>(int, T2, T3)"
:stage.process:model.layers.0.mlp.gate_proj,PushPop,2429084,2431523,1,132,509728,3861.6,1856.0,1728,71456,11620.4,"void at::native::vectorized_elementwise_kernel<(int)4, at::native::BinaryFunctor<long, long, bool, at::native::<unnamed>::CompareEqFunctor<long>>, std::array<char *, (unsigned long)3>>(int, T2, T3)"
:stage.process:model.layers.0.mlp.gate_proj,PushPop,2429084,2431523,1,13,488928,37609.8,8640.0,1344,113120,44215.2,"void at::native::vectorized_elementwise_kernel<(int)4, at::native::FillFunctor<float>, std::array<char *, (unsigned long)1>>(int, T2, T3)"
:stage.process:model.layers.0.mlp.gate_proj,PushPop,2429084,2431523,1,128,414560,3238.8,3232.0,3200,3296,21.1,"void at::native::elementwise_kernel<(int)128, (int)2, void at::native::gpu_kernel_impl_nocast<at::native::BUnaryFunctor<long, long, long, at::native::rshift_kernel_cuda(at::TensorIteratorBase &)::[lambda() (instance 1)]::operator ()() const::[lambda() (instance 4)]::operator ()() const::[lambda(long, long) (instance 1)]>>(at::TensorIteratorBase &, const T1 &)::[lambda(int) (instance 1)]>(int, T3)"
:stage.process:model.layers.0.mlp.gate_proj,PushPop,2429084,2431523,1,1,339424,339424.0,339424.0,339424,339424,0.0,"void at::native::<unnamed>::CatArrayBatchedCopy_alignedK_contig<at::native::<unnamed>::OpaqueType<(unsigned int)8>, unsigned int, (int)3, (int)128, (int)1, (int)16>(T1 *, at::native::<unnamed>::CatArrInputTensorMetadata<T1, T2, T4, T5>, at::native::<unnamed>::TensorSizeStride<T2, (unsigned int)4>, int, T2)"
:stage.process:model.layers.0.mlp.gate_proj,PushPop,2429084,2431523,1,58,324672,5597.8,5216.0,3392,15936,2962.9,"void cublasLt::splitKreduce_kernel<(int)32, (int)16, int, float, float, float, float, (bool)0, float, float, float, (bool)1, (bool)0, (bool)0, (bool)0>(cublasLt::cublasSplitKParams<T6>, const T4 *, const T10 *, T9 *, T5 *, const T6 *, const T6 *, const T11 *, const T4 *, T11 *, void *, long, T6 *, int *, T6 *, T6 *, const T6 *, const T6 *, const T6 *, const T6 *, const T6 *)"
:stage.process:model.layers.0.mlp.gate_proj,PushPop,2429084,2431523,1,3,294656,98218.7,99040.0,95136,100480,2765.1,"void at::native::vectorized_elementwise_kernel<(int)2, at::native::BinaryFunctor<long, long, long, at::native::BitwiseXorFunctor<long>>, std::array<char *, (unsigned long)3>>(int, T2, T3)"
:stage.process:model.layers.0.mlp.gate_proj,PushPop,2429084,2431523,1,6,268415,44735.8,1744.0,1568,249599,100449.2,"void at::native::vectorized_elementwise_kernel<(int)4, at::native::AUnaryFunctor<float, float, float, at::native::binary_internal::MulFunctor<float>>, std::array<char *, (unsigned long)2>>(int, T2, T3)"
:stage.process:model.layers.0.mlp.gate_proj,PushPop,2429084,2431523,1,4,260480,65120.0,65536.0,59168,70240,4825.6,"void at::native::vectorized_elementwise_kernel<(int)2, at::native::BUnaryFunctor<long, long, long, at::native::rshift_kernel_cuda(at::TensorIteratorBase &)::[lambda() (instance 1)]::operator ()() const::[lambda() (instance 4)]::operator ()() const::[lambda(long, long) (instance 1)]>, std::array<char *, (unsigned long)2>>(int, T2, T3)"
:stage.process:model.layers.0.mlp.gate_proj,PushPop,2429084,2431523,1,10,202944,20294.4,20256.0,20128,20512,135.6,"void at::native::<unnamed>::CatArrayBatchedCopy<at::native::<unnamed>::OpaqueType<(unsigned int)4>, unsigned int, (int)2, (int)64, (int)64>(T1 *, at::native::<unnamed>::CatArrInputTensorMetadata<T1, T2, T4, T5>, at::native::<unnamed>::TensorSizeStride<T2, (unsigned int)4>, int, T2)"
:stage.process:model.layers.0.mlp.gate_proj,PushPop,2429084,2431523,1,2,201536,100768.0,100768.0,100416,101120,497.8,"void at::native::vectorized_elementwise_kernel<(int)2, at::native::BinaryFunctor<long, long, long, at::native::BitwiseOrFunctor<long>>, std::array<char *, (unsigned long)3>>(int, T2, T3)"
:stage.process:model.layers.0.mlp.gate_proj,PushPop,2429084,2431523,1,10,147776,14777.6,7056.0,3936,49536,14016.8,"void at::native::reduce_kernel<(int)512, (int)1, at::native::ReduceOp<float, at::native::MeanOps<float, float, float, float>, unsigned int, float, (int)4, (int)4>>(T3)"
:stage.process:model.layers.0.mlp.gate_proj,PushPop,2429084,2431523,1,6,132768,22128.0,22064.0,16256,28256,6422.4,"void trsm_batch_left_upper_kernel_small<float, (int)16, (int)16, (int)64>(cublasTrsmBatchParams<T1>, const T1 *const *, T1 *const *, const T1 *, T1)"
:stage.process:model.layers.0.mlp.gate_proj,PushPop,2429084,2431523,1,2,131584,65792.0,65792.0,64256,67328,2172.2,"void at::native::vectorized_elementwise_kernel<(int)2, at::native::BUnaryFunctor<long, long, long, at::native::lshift_kernel_cuda(at::TensorIteratorBase &)::[lambda() (instance 1)]::operator ()() const::[lambda() (instance 4)]::operator ()() const::[lambda(long, long) (instance 1)]>, std::array<char *, (unsigned long)2>>(int, T2, T3)"
:stage.process:model.layers.0.mlp.gate_proj,PushPop,2429084,2431523,1,3,115297,38432.3,54880.0,5536,54881,28489.1,"void at::native::unrolled_elementwise_kernel<at::native::direct_copy_kernel_cuda(at::TensorIteratorBase &)::[lambda() (instance 3)]::operator ()() const::[lambda() (instance 3)]::operator ()() const::[lambda(int) (instance 1)], std::array<char *, (unsigned long)2>, (int)4, TrivialOffsetCalculator<(int)1, unsigned int>, TrivialOffsetCalculator<(int)1, unsigned int>, at::native::memory::LoadWithCast<(int)1>, at::native::memory::StoreWithCast<(int)1>>(int, T1, T2, T4, T5, T6, T7)"
:stage.process:model.layers.0.mlp.gate_proj,PushPop,2429084,2431523,1,5,77056,15411.2,1664.0,1632,70432,30757.6,"void at::native::vectorized_elementwise_kernel<(int)2, at::native::CUDAFunctorOnSelf_add<long>, std::array<char *, (unsigned long)2>>(int, T2, T3)"
:stage.process:model.layers.0.mlp.gate_proj,PushPop,2429084,2431523,1,1,73728,73728.0,73728.0,73728,73728,0.0,"void at::native::elementwise_kernel<(int)128, (int)2, void at::native::gpu_kernel_impl_nocast<at::native::BinaryFunctor<float, float, float, at::native::binary_internal::DivFunctor<float>>>(at::TensorIteratorBase &, const T1 &)::[lambda(int) (instance 1)]>(int, T3)"
:stage.process:model.layers.0.mlp.gate_proj,PushPop,2429084,2431523,1,1,60192,60192.0,60192.0,60192,60192,0.0,"void at::native::vectorized_elementwise_kernel<(int)4, void at::native::<unnamed>::pow_tensor_scalar_kernel_impl<float, float>(at::TensorIteratorBase &, T2)::[lambda(float) (instance 1)], std::array<char *, (unsigned long)2>>(int, T2, T3)"
:stage.process:model.layers.0.mlp.gate_proj,PushPop,2429084,2431523,1,1,51008,51008.0,51008.0,51008,51008,0.0,"void at::native::reduce_kernel<(int)128, (int)4, at::native::ReduceOp<long, at::native::func_wrapper_t<long, at::native::sum_functor<long, long, long>::operator ()(at::TensorIterator &)::[lambda(long, long) (instance 1)]>, unsigned int, long, (int)4, (int)4>>(T3)"
:stage.process:model.layers.0.mlp.gate_proj,PushPop,2429084,2431523,1,1,45280,45280.0,45280.0,45280,45280,0.0,"void at::native::vectorized_elementwise_kernel<(int)4, at::native::float16_copy_kernel_cuda(at::TensorIteratorBase &)::[lambda(float) (instance 1)], std::array<char *, (unsigned long)2>>(int, T2, T3)"
:stage.process:model.layers.0.mlp.gate_proj,PushPop,2429084,2431523,1,3,27456,9152.0,9984.0,7072,10400,1813.3,"void at::native::elementwise_kernel<(int)128, (int)2, void at::native::gpu_kernel_impl_nocast<at::native::direct_copy_kernel_cuda(at::TensorIteratorBase &)::[lambda() (instance 3)]::operator ()() const::[lambda() (instance 3)]::operator ()() const::[lambda(int) (instance 1)]>(at::TensorIteratorBase &, const T1 &)::[lambda(int) (instance 1)]>(int, T3)"
:stage.process:model.layers.0.mlp.gate_proj,PushPop,2429084,2431523,1,6,27424,4570.7,4640.0,3360,5888,1062.2,"void at::native::elementwise_kernel<(int)128, (int)2, void at::native::gpu_kernel_impl_nocast<at::native::CUDAFunctorOnSelf_add<float>>(at::TensorIteratorBase &, const T1 &)::[lambda(int) (instance 1)]>(int, T3)"
:stage.process:model.layers.0.mlp.gate_proj,PushPop,2429084,2431523,1,4,14656,3664.0,3632.0,3488,3904,209.8,"void at::native::vectorized_elementwise_kernel<(int)2, at::native::BUnaryFunctor<long, long, long, at::native::remainder_kernel_cuda(at::TensorIteratorBase &)::[lambda() (instance 1)]::operator ()() const::[lambda() (instance 4)]::operator ()() const::[lambda(long, long) (instance 1)]>, std::array<char *, (unsigned long)2>>(int, T2, T3)"
:stage.process:model.layers.0.mlp.gate_proj,PushPop,2429084,2431523,1,6,13632,2272.0,2272.0,2272,2272,0.0,"void at::native::vectorized_elementwise_kernel<(int)4, at::native::<unnamed>::CompareFunctor<float>, std::array<char *, (unsigned long)3>>(int, T2, T3)"
:stage.process:model.layers.0.mlp.gate_proj,PushPop,2429084,2431523,1,3,12064,4021.3,4224.0,3552,4288,407.7,"void at::native::unrolled_elementwise_kernel<at::native::direct_copy_kernel_cuda(at::TensorIteratorBase &)::[lambda() (instance 3)]::operator ()() const::[lambda() (instance 1)]::operator ()() const::[lambda(unsigned char) (instance 1)], std::array<char *, (unsigned long)2>, (int)4, TrivialOffsetCalculator<(int)1, unsigned int>, TrivialOffsetCalculator<(int)1, unsigned int>, at::native::memory::LoadWithCast<(int)1>, at::native::memory::StoreWithCast<(int)1>>(int, T1, T2, T4, T5, T6, T7)"
:stage.process:model.layers.0.mlp.gate_proj,PushPop,2429084,2431523,1,2,11200,5600.0,5600.0,5376,5824,316.8,"void at::native::<unnamed>::CatArrayBatchedCopy_vectorized<at::native::<unnamed>::OpaqueType<(unsigned int)2>, unsigned int, (int)1, (int)128, (int)1, (int)16, (int)8>(char *, at::native::<unnamed>::CatArrInputTensorMetadata<T1, T2, T4, T5>, at::native::<unnamed>::TensorSizeStride<T2, (unsigned int)4>, int, T2)"
:stage.process:model.layers.0.mlp.gate_proj,PushPop,2429084,2431523,1,3,9120,3040.0,3008.0,3008,3104,55.4,"void at::native::vectorized_elementwise_kernel<(int)4, at::native::AUnaryFunctor<unsigned char, unsigned char, bool, at::native::<unnamed>::CompareEqFunctor<unsigned char>>, std::array<char *, (unsigned long)2>>(int, T2, T3)"
:stage.process:model.layers.0.mlp.gate_proj,PushPop,2429084,2431523,1,2,8288,4144.0,4144.0,3328,4960,1154.0,"void at::native::elementwise_kernel<(int)128, (int)2, void at::native::gpu_kernel_impl_nocast<at::native::AbsFunctor<float>>(at::TensorIteratorBase &, const T1 &)::[lambda(int) (instance 1)]>(int, T3)"
:stage.process:model.layers.0.mlp.gate_proj,PushPop,2429084,2431523,1,1,8160,8160.0,8160.0,8160,8160,0.0,"void at::native::vectorized_elementwise_kernel<(int)4, at::native::AUnaryFunctor<unsigned char, unsigned char, unsigned char, at::native::binary_internal::MulFunctor<unsigned char>>, std::array<char *, (unsigned long)2>>(int, T2, T3)"
:stage.process:model.layers.0.mlp.gate_proj,PushPop,2429084,2431523,1,2,7648,3824.0,3824.0,3808,3840,22.6,"void at::native::vectorized_elementwise_kernel<(int)2, at::native::BUnaryFunctor<long, long, long, at::native::binary_internal::div_floor_kernel_cuda(at::TensorIteratorBase &)::[lambda() (instance 1)]::operator ()() const::[lambda() (instance 4)]::operator ()() const::[lambda(long, long) (instance 1)]>, std::array<char *, (unsigned long)2>>(int, T2, T3)"
:stage.process:model.layers.0.mlp.gate_proj,PushPop,2429084,2431523,1,3,7296,2432.0,2144.0,1984,3168,642.4,"void at::native::vectorized_elementwise_kernel<(int)4, at::native::FillFunctor<unsigned char>, std::array<char *, (unsigned long)1>>(int, T2, T3)"
:stage.process:model.layers.0.mlp.gate_proj,PushPop,2429084,2431523,1,3,6016,2005.3,1952.0,1728,2336,307.5,"void at::native::vectorized_elementwise_kernel<(int)4, at::native::BinaryFunctor<float, float, float, at::native::maximum_kernel_cuda(at::TensorIteratorBase &)::[lambda() (instance 2)]::operator ()() const::[lambda() (instance 2)]::operator ()() const::[lambda(float, float) (instance 1)]>, std::array<char *, (unsigned long)3>>(int, T2, T3)"
:stage.process:model.layers.0.mlp.gate_proj,PushPop,2429084,2431523,1,2,5728,2864.0,2864.0,2720,3008,203.6,"void at::native::<unnamed>::CatArrayBatchedCopy_alignedK_contig<at::native::<unnamed>::OpaqueType<(unsigned int)4>, unsigned int, (int)1, (int)128, (int)1, (int)16>(T1 *, at::native::<unnamed>::CatArrInputTensorMetadata<T1, T2, T4, T5>, at::native::<unnamed>::TensorSizeStride<T2, (unsigned int)4>, int, T2)"
:stage.process:model.layers.0.mlp.gate_proj,PushPop,2429084,2431523,1,3,5376,1792.0,1728.0,1728,1920,110.9,"xxtrf4_set_info_ker(int, int *)"
:stage.process:model.layers.0.mlp.gate_proj,PushPop,2429084,2431523,1,2,4800,2400.0,2400.0,2240,2560,226.3,"void at::native::vectorized_elementwise_kernel<(int)4, at::native::FillFunctor<bool>, std::array<char *, (unsigned long)1>>(int, T2, T3)"
:stage.process:model.layers.0.mlp.gate_proj,PushPop,2429084,2431523,1,2,4768,2384.0,2384.0,2016,2752,520.4,"void at::native::unrolled_elementwise_kernel<at::native::AUnaryFunctor<long, long, long, at::native::BitwiseAndFunctor<long>>, std::array<char *, (unsigned long)2>, (int)4, TrivialOffsetCalculator<(int)1, unsigned int>, TrivialOffsetCalculator<(int)1, unsigned int>, at::native::memory::LoadWithoutCast, at::native::memory::StoreWithoutCast>(int, T1, T2, T4, T5, T6, T7)"
:stage.process:model.layers.0.mlp.gate_proj,PushPop,2429084,2431523,1,2,4768,2384.0,2384.0,2368,2400,22.6,"void at::native::vectorized_elementwise_kernel<(int)2, at::native::CUDAFunctorOnOther_add<long>, std::array<char *, (unsigned long)2>>(int, T2, T3)"
:stage.process:model.layers.0.mlp.gate_proj,PushPop,2429084,2431523,1,2,4544,2272.0,2272.0,2208,2336,90.5,"void at::native::vectorized_elementwise_kernel<(int)4, void at::native::compare_scalar_kernel<c10::Half>(at::TensorIteratorBase &, at::native::<unnamed>::OpType, T1)::[lambda(c10::Half) (instance 1)], std::array<char *, (unsigned long)2>>(int, T2, T3)"
:stage.process:model.layers.0.mlp.gate_proj,PushPop,2429084,2431523,1,1,4224,4224.0,4224.0,4224,4224,0.0,"void at::native::reduce_kernel<(int)512, (int)1, at::native::ReduceOp<float, at::native::ArgMinOps<float>, unsigned int, long, (int)4, (int)4>>(T3)"
:stage.process:model.layers.0.mlp.gate_proj,PushPop,2429084,2431523,1,1,3712,3712.0,3712.0,3712,3712,0.0,"void at::native::vectorized_elementwise_kernel<(int)4, at::native::BinaryFunctor<unsigned char, unsigned char, bool, at::native::<unnamed>::CompareEqFunctor<unsigned char>>, std::array<char *, (unsigned long)3>>(int, T2, T3)"
:stage.process:model.layers.0.mlp.gate_proj,PushPop,2429084,2431523,1,1,3424,3424.0,3424.0,3424,3424,0.0,"void at::native::<unnamed>::CatArrayBatchedCopy_contig<at::native::<unnamed>::OpaqueType<(unsigned int)1>, unsigned int, (int)1, (int)128, (int)1>(T1 *, at::native::<unnamed>::CatArrInputTensorMetadata<T1, T2, T4, T5>, at::native::<unnamed>::TensorSizeStride<T2, (unsigned int)4>, int, T2)"
:stage.process:model.layers.0.mlp.gate_proj,PushPop,2429084,2431523,1,1,3072,3072.0,3072.0,3072,3072,0.0,"void at::native::vectorized_elementwise_kernel<(int)4, at::native::sqrt_kernel_cuda(at::TensorIteratorBase &)::[lambda() (instance 2)]::operator ()() const::[lambda() (instance 2)]::operator ()() const::[lambda(float) (instance 1)], std::array<char *, (unsigned long)2>>(int, T2, T3)"
:stage.process:model.layers.0.mlp.gate_proj,PushPop,2429084,2431523,1,1,2432,2432.0,2432.0,2432,2432,0.0,"void at::native::unrolled_elementwise_kernel<at::native::direct_copy_kernel_cuda(at::TensorIteratorBase &)::[lambda() (instance 3)]::operator ()() const::[lambda() (instance 11)]::operator ()() const::[lambda(bool) (instance 1)], std::array<char *, (unsigned long)2>, (int)4, TrivialOffsetCalculator<(int)1, unsigned int>, TrivialOffsetCalculator<(int)1, unsigned int>, at::native::memory::LoadWithCast<(int)1>, at::native::memory::StoreWithCast<(int)1>>(int, T1, T2, T4, T5, T6, T7)"
:stage.process:model.layers.0.mlp.gate_proj,PushPop,2429084,2431523,1,1,2336,2336.0,2336.0,2336,2336,0.0,"void at::native::elementwise_kernel<(int)128, (int)2, void at::native::gpu_kernel_impl_nocast<at::native::<unnamed>::where_kernel_impl(at::TensorIterator &)::[lambda() (instance 1)]::operator ()() const::[lambda() (instance 3)]::operator ()() const::[lambda(bool, unsigned int, unsigned int) (instance 1)]>(at::TensorIteratorBase &, const T1 &)::[lambda(int) (instance 1)]>(int, T3)"
:stage.process:model.layers.0.mlp.gate_proj,PushPop,2429084,2431523,1,1,1984,1984.0,1984.0,1984,1984,0.0,"void at::native::unrolled_elementwise_kernel<at::native::<unnamed>::CompareFunctor<c10::Half>, std::array<char *, (unsigned long)3>, (int)4, TrivialOffsetCalculator<(int)2, unsigned int>, TrivialOffsetCalculator<(int)1, unsigned int>, at::native::memory::LoadWithoutCast, at::native::memory::StoreWithoutCast>(int, T1, T2, T4, T5, T6, T7)"
:stage.process:model.layers.0.mlp.gate_proj,PushPop,2429084,2431523,1,1,1920,1920.0,1920.0,1920,1920,0.0,"void at::native::vectorized_elementwise_kernel<(int)4, at::native::<unnamed>::launch_clamp_scalar(at::TensorIteratorBase &, c10::Scalar, c10::Scalar, at::native::detail::ClampLimits)::[lambda() (instance 1)]::operator ()() const::[lambda() (instance 7)]::operator ()() const::[lambda(float) (instance 1)], std::array<char *, (unsigned long)2>>(int, T2, T3)"
:stage.process:model.layers.0.mlp.up_proj,PushPop,2429084,2431523,1,1482,8324941159,5617369.2,4046228.0,1265569,16416709,4901801.7,void <unnamed>::qvq_fused_w2_family_grid_kernel<(bool)0>(<unnamed>::FusedSequenceArgs)
:stage.process:model.layers.0.mlp.up_proj,PushPop,2429084,2431523,1,1534,4690975725,3058002.4,2776114.0,1359201,7216001,1916421.9,"void <unnamed>::qvq_viterbi_kernel<(int)4, (int)2, __half, unsigned char>(const float *, const T3 *, const float *, const long *, const float *, T4 *, long *, float *, int, int, int, bool, bool, bool)"
:stage.process:model.layers.0.mlp.up_proj,PushPop,2429084,2431523,1,1278,2630982445,2058671.7,1608753.5,21504,5814695,1501991.0,void cutlass::Kernel2<cutlass_80_simt_sgemm_grouped_128x128_8x4_align1>(T1::Params)
:stage.process:model.layers.0.mlp.up_proj,PushPop,2429084,2431523,1,1278,659346362,515920.5,323392.0,5536,966113,334687.1,"void gemmSN_NN_kernel<float, (int)128, (int)2, (int)4, (int)8, (int)4, (int)4, (bool)0, cublasGemvTensorBatched<const float>, cublasGemvTensorBatched<const float>, cublasGemvTensorBatched<float>>(cublasGemmSmallNParams<T9, T10, T11, T1>)"
:stage.process:model.layers.0.mlp.up_proj,PushPop,2429084,2431523,1,1276,211947748,166103.3,109152.0,9952,302048,100898.0,ampere_sgemm_128x128_nt
:stage.process:model.layers.0.mlp.up_proj,PushPop,2429084,2431523,1,1482,151211716,102032.2,101536.0,72929,116992,7149.5,"<unnamed>::qvq_fused_w2_traceback_kernel(const unsigned char *, const unsigned char *, const int *, long *, unsigned char *, int)"
:stage.process:model.layers.0.mlp.up_proj,PushPop,2429084,2431523,1,14,83797172,5985512.3,3353266.5,3235780,12674575,4388633.8,ampere_sgemm_128x64_nn
:stage.process:model.layers.0.mlp.up_proj,PushPop,2429084,2431523,1,416,61079965,146826.8,145952.0,133441,279361,10522.6,"void <unnamed>::qvq_v2_segment_grid_kernel<(int)4, (int)2, (int)16, (bool)1, (bool)0, __half, unsigned char>(const float *, const T6 *, const float *, const long *, const float *, const float *, float *, T7 *, unsigned char *, int, int, int, bool, bool)"
:stage.process:model.layers.0.mlp.up_proj,PushPop,2429084,2431523,1,3785,29649479,7833.4,3232.0,2144,685408,34997.8,"void at::native::elementwise_kernel<(int)128, (int)2, void at::native::gpu_kernel_impl_nocast<at::native::direct_copy_kernel_cuda(at::TensorIteratorBase &)::[lambda() (instance 3)]::operator ()() const::[lambda() (instance 7)]::operator ()() const::[lambda(float) (instance 1)]>(at::TensorIteratorBase &, const T1 &)::[lambda(int) (instance 1)]>(int, T3)"
:stage.process:model.layers.0.mlp.up_proj,PushPop,2429084,2431523,1,2,25943156,12971578.0,12971578.0,12885515,13057641,121711.5,void cutlass::Kernel2<cutlass_80_simt_sgemm_128x64_8x5_nn_align1>(T1::Params)
:stage.process:model.layers.0.mlp.up_proj,PushPop,2429084,2431523,1,3222,23551658,7309.6,7616.0,2592,90464,3174.9,"void at::native::reduce_kernel<(int)512, (int)1, at::native::ReduceOp<bool, at::native::func_wrapper_t<bool, at::native::and_kernel_cuda(at::TensorIterator &)::[lambda() (instance 1)]::operator ()() const::[lambda() (instance 12)]::operator ()() const::[lambda(bool, bool) (instance 1)]>, unsigned int, bool, (int)4, (int)4>>(T3)"
:stage.process:model.layers.0.mlp.up_proj,PushPop,2429084,2431523,1,1482,19854960,13397.4,13472.0,9248,15840,1316.2,"<unnamed>::qvq_fused_detect_family_mask_kernel(const unsigned int *, int *)"
:stage.process:model.layers.0.mlp.up_proj,PushPop,2429084,2431523,1,445,18416038,41384.4,5760.0,3264,665344,70640.1,"void at::native::elementwise_kernel<(int)128, (int)2, void at::native::gpu_kernel_impl_nocast<at::native::CUDAFunctor_add<float>>(at::TensorIteratorBase &, const T1 &)::[lambda(int) (instance 1)]>(int, T3)"
:stage.process:model.layers.0.mlp.up_proj,PushPop,2429084,2431523,1,1663,17019052,10233.9,9312.0,5440,120192,3193.0,"void at::native::index_elementwise_kernel<(int)128, (int)4, void at::native::gpu_index_kernel<void at::native::index_kernel_impl<at::native::OpaqueType<(int)2>>(at::TensorIteratorBase &, c10::ArrayRef<long>, c10::ArrayRef<long>)::[lambda(char *, const char *, long) (instance 1)]>(at::TensorIteratorBase &, c10::ArrayRef<long>, c10::ArrayRef<long>, const T1 &, bool)::[lambda(int) (instance 1)]>(long, T3)"
:stage.process:model.layers.0.mlp.up_proj,PushPop,2429084,2431523,1,2046,16128715,7883.0,7872.0,3808,9504,1033.3,"void at::native::reduce_kernel<(int)512, (int)1, at::native::ReduceOp<float, at::native::func_wrapper_t<float, at::native::MaxNanFunctor<float>>, unsigned int, float, (int)4, (int)4>>(T3)"
:stage.process:model.layers.0.mlp.up_proj,PushPop,2429084,2431523,1,130,15671624,120551.0,120448.0,5312,231968,65985.0,"void gemmSN_NN_kernel<float, (int)128, (int)2, (int)4, (int)8, (int)4, (int)4, (bool)0, cublasGemvTensorStridedBatched<const float>, cublasGemvTensorStridedBatched<const float>, cublasGemvTensorStridedBatched<float>>(cublasGemmSmallNParams<T9, T10, T11, T1>)"
:stage.process:model.layers.0.mlp.up_proj,PushPop,2429084,2431523,1,1917,13177064,6873.8,6816.0,4352,8480,423.0,"void at::native::index_elementwise_kernel<(int)128, (int)4, void at::native::gpu_index_kernel<void at::native::index_put_kernel_impl<at::native::OpaqueType<(int)4>>(at::TensorIterator &, c10::ArrayRef<long>, c10::ArrayRef<long>)::[lambda(char *, const char *, long) (instance 1)]>(at::TensorIteratorBase &, c10::ArrayRef<long>, c10::ArrayRef<long>, const T1 &, bool)::[lambda(int) (instance 1)]>(long, T3)"
:stage.process:model.layers.0.mlp.up_proj,PushPop,2429084,2431523,1,4,12923888,3230972.0,3230980.0,3230852,3231076,105.7,ampere_sgemm_128x64_nt
:stage.process:model.layers.0.mlp.up_proj,PushPop,2429084,2431523,1,1,12697711,12697711.0,12697711.0,12697711,12697711,0.0,ampere_sgemm_128x64_tn
:stage.process:model.layers.0.mlp.up_proj,PushPop,2429084,2431523,1,4,11404738,2851184.5,1590480.5,923744,7300033,3031608.4,"void kernel<getrf_wo_pivot_params_<float, (int)0, (int)256, (int)1, (int)64, (int)64, (int)68, (int)8, (int)1, (int)1>>(int, int, void *, int, void *, int, int, int, int, int, int *)"
:stage.process:model.layers.0.mlp.up_proj,PushPop,2429084,2431523,1,4122,10442760,2533.4,2272.0,1472,255200,7225.0,"void at::native::vectorized_elementwise_kernel<(int)4, at::native::AbsFunctor<float>, std::array<char *, (unsigned long)2>>(int, T2, T3)"
:stage.process:model.layers.0.mlp.up_proj,PushPop,2429084,2431523,1,1278,9089804,7112.5,7040.0,4992,9248,297.2,"void at::native::index_elementwise_kernel<(int)128, (int)4, void at::native::gpu_index_kernel<void at::native::index_put_kernel_impl<at::native::OpaqueType<(int)8>>(at::TensorIterator &, c10::ArrayRef<long>, c10::ArrayRef<long>)::[lambda(char *, const char *, long) (instance 1)]>(at::TensorIteratorBase &, c10::ArrayRef<long>, c10::ArrayRef<long>, const T1 &, bool)::[lambda(int) (instance 1)]>(long, T3)"
:stage.process:model.layers.0.mlp.up_proj,PushPop,2429084,2431523,1,2846,6708131,2357.0,2208.0,1632,103585,3374.9,"void at::native::vectorized_elementwise_kernel<(int)4, at::native::BinaryFunctor<bool, bool, bool, at::native::binary_internal::MulFunctor<bool>>, std::array<char *, (unsigned long)3>>(int, T2, T3)"
:stage.process:model.layers.0.mlp.up_proj,PushPop,2429084,2431523,1,2,6677414,3338707.0,3338707.0,3331811,3345603,9752.4,void cutlass::Kernel2<cutlass_80_simt_sgemm_128x32_8x5_nt_align1>(T1::Params)
:stage.process:model.layers.0.mlp.up_proj,PushPop,2429084,2431523,1,1543,6646245,4307.4,4160.0,2944,77024,2972.7,"void at::native::unrolled_elementwise_kernel<at::native::direct_copy_kernel_cuda(at::TensorIteratorBase &)::[lambda() (instance 3)]::operator ()() const::[lambda() (instance 7)]::operator ()() const::[lambda(float) (instance 1)], std::array<char *, (unsigned long)2>, (int)4, TrivialOffsetCalculator<(int)1, unsigned int>, TrivialOffsetCalculator<(int)1, unsigned int>, at::native::memory::LoadWithCast<(int)1>, at::native::memory::StoreWithCast<(int)1>>(int, T1, T2, T4, T5, T6, T7)"
:stage.process:model.layers.0.mlp.up_proj,PushPop,2429084,2431523,1,762,6456897,8473.6,8224.0,7840,10592,689.2,"void batch_trsm_left_kernel<float, (int)64, (int)4, (int)3, (bool)0, (bool)0, (bool)1>(cublasTrsmBatchParams2<T1>, T1, const T1 *, int)"
:stage.process:model.layers.0.mlp.up_proj,PushPop,2429084,2431523,1,770,6333153,8224.9,8192.0,7680,8800,199.1,"void at::native::reduce_kernel<(int)512, (int)1, at::native::ReduceOp<c10::Half, at::native::func_wrapper_t<c10::Half, at::native::MaxNanFunctor<c10::Half>>, unsigned int, c10::Half, (int)4, (int)4>>(T3)"
:stage.process:model.layers.0.mlp.up_proj,PushPop,2429084,2431523,1,1663,5575173,3352.5,3360.0,2528,112864,2711.1,"void at::native::elementwise_kernel<(int)128, (int)2, void at::native::gpu_kernel_impl_nocast<at::native::direct_copy_kernel_cuda(at::TensorIteratorBase &)::[lambda() (instance 3)]::operator ()() const::[lambda() (instance 4)]::operator ()() const::[lambda(long) (instance 1)]>(at::TensorIteratorBase &, const T1 &)::[lambda(int) (instance 1)]>(int, T3)"
:stage.process:model.layers.0.mlp.up_proj,PushPop,2429084,2431523,1,2077,5464802,2631.1,2272.0,1504,163552,6680.0,"void at::native::vectorized_elementwise_kernel<(int)4, at::native::BinaryFunctor<float, float, bool, at::native::<unnamed>::CompareEqFunctor<float>>, std::array<char *, (unsigned long)3>>(int, T2, T3)"
:stage.process:model.layers.0.mlp.up_proj,PushPop,2429084,2431523,1,2076,5352962,2578.5,2240.0,1472,166976,6665.4,"void at::native::vectorized_elementwise_kernel<(int)4, at::native::AUnaryFunctor<float, float, bool, at::native::<unnamed>::CompareEqFunctor<float>>, std::array<char *, (unsigned long)2>>(int, T2, T3)"
:stage.process:model.layers.0.mlp.up_proj,PushPop,2429084,2431523,1,2558,5244867,2050.4,2048.0,1600,4768,181.0,"void at::native::vectorized_elementwise_kernel<(int)4, at::native::BinaryFunctor<bool, bool, bool, at::native::logical_or_kernel_cuda(at::TensorIterator &)::[lambda() (instance 2)]::operator ()() const::[lambda() (instance 9)]::operator ()() const::[lambda(bool, bool) (instance 1)]>, std::array<char *, (unsigned long)3>>(int, T2, T3)"
:stage.process:model.layers.0.mlp.up_proj,PushPop,2429084,2431523,1,1532,5093544,3324.8,3360.0,2048,25408,695.6,"void at::native::elementwise_kernel<(int)128, (int)2, void at::native::gpu_kernel_impl_nocast<at::native::AUnaryFunctor<long, long, long, at::native::BitwiseAndFunctor<long>>>(at::TensorIteratorBase &, const T1 &)::[lambda(int) (instance 1)]>(int, T3)"
:stage.process:model.layers.0.mlp.up_proj,PushPop,2429084,2431523,1,639,5043298,7892.5,8000.0,5536,8736,426.2,"void at::native::index_elementwise_kernel<(int)128, (int)4, void at::native::gpu_index_kernel<void at::native::index_kernel_impl<at::native::OpaqueType<(int)4>>(at::TensorIteratorBase &, c10::ArrayRef<long>, c10::ArrayRef<long>)::[lambda(char *, const char *, long) (instance 1)]>(at::TensorIteratorBase &, c10::ArrayRef<long>, c10::ArrayRef<long>, const T1 &, bool)::[lambda(int) (instance 1)]>(long, T3)"
:stage.process:model.layers.0.mlp.up_proj,PushPop,2429084,2431523,1,1278,4807937,3762.1,3424.0,2240,262816,7272.6,"<unnamed>::qvq_yaqa_feedback_epilogue_kernel(const float *, const float *, const float *, const float *, const float *, float *, int, int, int, int, int)"
:stage.process:model.layers.0.mlp.up_proj,PushPop,2429084,2431523,1,1586,4792196,3021.6,2624.0,2112,511201,12788.4,"<unnamed>::qvq_half2_codebook_norm_pack_kernel(const __half *, unsigned long *, int)"
:stage.process:model.layers.0.mlp.up_proj,PushPop,2429084,2431523,1,55,4755139,86457.1,70880.0,17632,140032,45608.0,void cutlass::Kernel2<cutlass_80_simt_sgemm_128x32_8x5_nn_align1>(T1::Params)
:stage.process:model.layers.0.mlp.up_proj,PushPop,2429084,2431523,1,1534,4457893,2906.1,2688.0,2112,10208,646.9,"void at::native::roll_cuda_kernel<float>(const T1 *, T1 *, long, long, long, long, long, long)"
:stage.process:model.layers.0.mlp.up_proj,PushPop,2429084,2431523,1,52,4323266,83139.7,82704.0,72832,112128,7701.4,"void <unnamed>::qvq_v2_segment_grid_finalize_kernel<(int)4, (int)2, (int)16, (bool)0, __half, unsigned char>(const float *, const T5 *, const float *, const long *, const float *, const float *, const T6 *, const unsigned char *, long *, unsigned char *, float *, int, int, bool, bool)"
:stage.process:model.layers.0.mlp.up_proj,PushPop,2429084,2431523,1,639,4205444,6581.3,6720.0,3328,8064,538.0,"void at::native::index_elementwise_kernel<(int)128, (int)4, void at::native::gpu_index_kernel<void at::native::index_put_kernel_impl<at::native::OpaqueType<(int)1>>(at::TensorIterator &, c10::ArrayRef<long>, c10::ArrayRef<long>)::[lambda(char *, const char *, long) (instance 1)]>(at::TensorIteratorBase &, c10::ArrayRef<long>, c10::ArrayRef<long>, const T1 &, bool)::[lambda(int) (instance 1)]>(long, T3)"
:stage.process:model.layers.0.mlp.up_proj,PushPop,2429084,2431523,1,789,3648291,4623.9,2208.0,1888,192320,15203.8,"void at::native::vectorized_elementwise_kernel<(int)4, at::native::CUDAFunctor_add<float>, std::array<char *, (unsigned long)3>>(int, T2, T3)"
:stage.process:model.layers.0.mlp.up_proj,PushPop,2429084,2431523,1,1,3427392,3427392.0,3427392.0,3427392,3427392,0.0,ampere_sgemm_128x64_lower_nt
:stage.process:model.layers.0.mlp.up_proj,PushPop,2429084,2431523,1,1540,3392832,2203.1,2144.0,1856,4192,150.0,"void at::native::vectorized_elementwise_kernel<(int)4, at::native::AbsFunctor<c10::Half>, std::array<char *, (unsigned long)2>>(int, T2, T3)"
:stage.process:model.layers.0.mlp.up_proj,PushPop,2429084,2431523,1,1792,3242755,1809.6,1792.0,1536,3680,203.0,"void at::native::vectorized_elementwise_kernel<(int)4, void at::native::compare_scalar_kernel<float>(at::TensorIteratorBase &, at::native::<unnamed>::OpType, T1)::[lambda(float) (instance 1)], std::array<char *, (unsigned long)2>>(int, T2, T3)"
:stage.process:model.layers.0.mlp.up_proj,PushPop,2429084,2431523,1,770,3101440,4027.8,4032.0,3968,7872,189.9,ampere_sgemm_32x128_nt
:stage.process:model.layers.0.mlp.up_proj,PushPop,2429084,2431523,1,1278,2777443,2173.3,2144.0,1536,4704,160.7,"<unnamed>::qvq_yaqa_grouped_pointers_kernel(const float *, const float *, float *, float **, float **, float **, int, int, int, int, int, int)"
:stage.process:model.layers.0.mlp.up_proj,PushPop,2429084,2431523,1,775,2763077,3565.3,3392.0,1888,51680,2789.3,"void at::native::unrolled_elementwise_kernel<at::native::direct_copy_kernel_cuda(at::TensorIteratorBase &)::[lambda() (instance 3)]::operator ()() const::[lambda() (instance 4)]::operator ()() const::[lambda(long) (instance 1)], std::array<char *, (unsigned long)2>, (int)4, TrivialOffsetCalculator<(int)1, unsigned int>, TrivialOffsetCalculator<(int)1, unsigned int>, at::native::memory::LoadWithCast<(int)1>, at::native::memory::StoreWithCast<(int)1>>(int, T1, T2, T4, T5, T6, T7)"
:stage.process:model.layers.0.mlp.up_proj,PushPop,2429084,2431523,1,1278,2684225,2100.3,2112.0,1632,6208,238.4,"void at::native::vectorized_elementwise_kernel<(int)4, at::native::bitwise_not_kernel_cuda(at::TensorIteratorBase &)::[lambda(bool) (instance 1)], std::array<char *, (unsigned long)2>>(int, T2, T3)"
:stage.process:model.layers.0.mlp.up_proj,PushPop,2429084,2431523,1,3,2605922,868640.7,1298593.0,8640,1298689,744782.4,"void at::native::reduce_kernel<(int)512, (int)1, at::native::ReduceOp<long, at::native::func_wrapper_t<long, at::native::sum_functor<long, long, long>::operator ()(at::TensorIterator &)::[lambda(long, long) (instance 1)]>, unsigned int, long, (int)4, (int)4>>(T3)"
:stage.process:model.layers.0.mlp.up_proj,PushPop,2429084,2431523,1,1278,2478209,1939.1,1952.0,1472,4416,125.2,"<unnamed>::qvq_yaqa_update_grouped_pointers_kernel(float *, float *, const float *, const float *, const float *, float **, float **, float **, int, int, int, int, int, int)"
:stage.process:model.layers.0.mlp.up_proj,PushPop,2429084,2431523,1,11,2464807,224073.4,66240.0,5600,1025314,395521.0,"void at::native::vectorized_elementwise_kernel<(int)2, at::native::AUnaryFunctor<long, long, long, at::native::BitwiseAndFunctor<long>>, std::array<char *, (unsigned long)2>>(int, T2, T3)"
:stage.process:model.layers.0.mlp.up_proj,PushPop,2429084,2431523,1,1482,2418626,1632.0,1568.0,1312,2368,195.3,"void at::native::vectorized_elementwise_kernel<(int)4, at::native::FillFunctor<int>, std::array<char *, (unsigned long)1>>(int, T2, T3)"
:stage.process:model.layers.0.mlp.up_proj,PushPop,2429084,2431523,1,4,2171330,542832.5,559232.5,4864,1048001,583897.1,"void at::native::elementwise_kernel<(int)128, (int)2, void at::native::gpu_kernel_impl_nocast<at::native::BinaryFunctor<long, long, long, at::native::lshift_kernel_cuda(at::TensorIteratorBase &)::[lambda() (instance 1)]::operator ()() const::[lambda() (instance 4)]::operator ()() const::[lambda(long, long) (instance 1)]>>(at::TensorIteratorBase &, const T1 &)::[lambda(int) (instance 1)]>(int, T3)"
:stage.process:model.layers.0.mlp.up_proj,PushPop,2429084,2431523,1,4,2163714,540928.5,540528.5,40800,1041857,577480.6,"void at::native::elementwise_kernel<(int)128, (int)2, void at::native::gpu_kernel_impl_nocast<at::native::BinaryFunctor<long, long, long, at::native::rshift_kernel_cuda(at::TensorIteratorBase &)::[lambda() (instance 1)]::operator ()() const::[lambda() (instance 4)]::operator ()() const::[lambda(long, long) (instance 1)]>>(at::TensorIteratorBase &, const T1 &)::[lambda(int) (instance 1)]>(int, T3)"
:stage.process:model.layers.0.mlp.up_proj,PushPop,2429084,2431523,1,1548,2100769,1357.1,1376.0,1248,2112,72.1,"void <unnamed>::elementwise_kernel_with_index<int, at::native::arange_cuda_out(const c10::Scalar &, const c10::Scalar &, const c10::Scalar &, at::Tensor &)::[lambda() (instance 1)]::operator ()() const::[lambda() (instance 4)]::operator ()() const::[lambda(long) (instance 1)]>(T1, T2, function_traits<T2>::result_type *)"
:stage.process:model.layers.0.mlp.up_proj,PushPop,2429084,2431523,1,3,1880802,626934.0,903809.0,72832,904161,479866.4,"void at::native::index_elementwise_kernel<(int)128, (int)4, void at::native::gpu_index_kernel<void at::native::index_kernel_impl<at::native::OpaqueType<(int)8>>(at::TensorIteratorBase &, c10::ArrayRef<long>, c10::ArrayRef<long>)::[lambda(char *, const char *, long) (instance 1)]>(at::TensorIteratorBase &, c10::ArrayRef<long>, c10::ArrayRef<long>, const T1 &, bool)::[lambda(int) (instance 1)]>(long, T3)"
:stage.process:model.layers.0.mlp.up_proj,PushPop,2429084,2431523,1,782,1763968,2255.7,1824.0,1696,45792,3962.3,"void at::native::vectorized_elementwise_kernel<(int)4, void at::native::compare_scalar_kernel<long>(at::TensorIteratorBase &, at::native::<unnamed>::OpType, T1)::[lambda(long) (instance 1)], std::array<char *, (unsigned long)2>>(int, T2, T3)"
:stage.process:model.layers.0.mlp.up_proj,PushPop,2429084,2431523,1,770,1754432,2278.5,2272.0,1760,2368,43.4,"void at::native::vectorized_elementwise_kernel<(int)4, at::native::BinaryFunctor<c10::Half, c10::Half, bool, at::native::<unnamed>::CompareEqFunctor<c10::Half>>, std::array<char *, (unsigned long)3>>(int, T2, T3)"
:stage.process:model.layers.0.mlp.up_proj,PushPop,2429084,2431523,1,770,1740192,2260.0,2272.0,1728,2368,38.4,"void at::native::vectorized_elementwise_kernel<(int)4, at::native::AUnaryFunctor<c10::Half, c10::Half, bool, at::native::<unnamed>::CompareEqFunctor<c10::Half>>, std::array<char *, (unsigned long)2>>(int, T2, T3)"
:stage.process:model.layers.0.mlp.up_proj,PushPop,2429084,2431523,1,10,1607009,160700.9,80576.0,3520,662465,204788.9,"void at::native::elementwise_kernel<(int)128, (int)2, void at::native::gpu_kernel_impl_nocast<at::native::BinaryFunctor<float, float, float, at::native::binary_internal::MulFunctor<float>>>(at::TensorIteratorBase &, const T1 &)::[lambda(int) (instance 1)]>(int, T3)"
:stage.process:model.layers.0.mlp.up_proj,PushPop,2429084,2431523,1,45,1388608,30858.0,32960.0,6784,55072,15955.6,"void gemmSN_NN_kernel<float, (int)256, (int)4, (int)2, (int)8, (int)4, (int)4, (bool)0, cublasGemvTensorStridedBatched<const float>, cublasGemvTensorStridedBatched<const float>, cublasGemvTensorStridedBatched<float>>(cublasGemmSmallNParams<T9, T10, T11, T1>)"
:stage.process:model.layers.0.mlp.up_proj,PushPop,2429084,2431523,1,512,1308512,2555.7,2528.0,2336,2848,126.2,"void at::native::unrolled_elementwise_kernel<at::native::BinaryFunctor<float, float, float, at::native::maximum_kernel_cuda(at::TensorIteratorBase &)::[lambda() (instance 2)]::operator ()() const::[lambda() (instance 2)]::operator ()() const::[lambda(float, float) (instance 1)]>, std::array<char *, (unsigned long)3>, (int)4, TrivialOffsetCalculator<(int)2, unsigned int>, TrivialOffsetCalculator<(int)1, unsigned int>, at::native::memory::LoadWithCast<(int)2>, at::native::memory::StoreWithCast<(int)1>>(int, T1, T2, T4, T5, T6, T7)"
:stage.process:model.layers.0.mlp.up_proj,PushPop,2429084,2431523,1,4,1274724,318681.0,318689.0,317153,320193,1691.7,"std::enable_if<!T7, void>::type internal::gemvx::kernel<int, int, float, float, float, float, (bool)0, (bool)1, (bool)1, (bool)0, (int)7, (bool)0, cublasGemvParamsEx<int, cublasGemvTensorStridedBatched<const float>, cublasGemvTensorStridedBatched<const float>, cublasGemvTensorStridedBatched<float>, float>>(T13)"
:stage.process:model.layers.0.mlp.up_proj,PushPop,2429084,2431523,1,641,1195040,1864.3,1792.0,1536,30144,1550.3,"void at::native::vectorized_elementwise_kernel<(int)2, at::native::FillFunctor<long>, std::array<char *, (unsigned long)1>>(int, T2, T3)"
:stage.process:model.layers.0.mlp.up_proj,PushPop,2429084,2431523,1,256,1156128,4516.1,4544.0,4096,5024,352.4,"void at::native::elementwise_kernel<(int)128, (int)4, void at::native::gpu_kernel_impl_nocast<at::native::direct_copy_kernel_cuda(at::TensorIteratorBase &)::[lambda() (instance 3)]::operator ()() const::[lambda() (instance 10)]::operator ()() const::[lambda(c10::Half) (instance 1)]>(at::TensorIteratorBase &, const T1 &)::[lambda(int) (instance 1)]>(int, T3)"
:stage.process:model.layers.0.mlp.up_proj,PushPop,2429084,2431523,1,26,1152032,44308.9,45104.0,35680,50528,4574.7,ampere_sgemm_128x32_nn
:stage.process:model.layers.0.mlp.up_proj,PushPop,2429084,2431523,1,264,956256,3622.2,3392.0,3104,15392,1513.3,"void at::native::reduce_kernel<(int)512, (int)1, at::native::ReduceOp<bool, at::native::func_wrapper_t<bool, at::native::or_kernel_cuda(at::TensorIterator &)::[lambda() (instance 1)]::operator ()() const::[lambda() (instance 12)]::operator ()() const::[lambda(bool, bool) (instance 1)]>, unsigned int, bool, (int)4, (int)4>>(T3)"
:stage.process:model.layers.0.mlp.up_proj,PushPop,2429084,2431523,1,3,926272,308757.3,45728.0,45280,835264,455968.2,"void at::native::triu_tril_kernel<float, int, (bool)0, (int)2, (bool)1>(at::cuda::detail::TensorInfo<T1, T2>, at::cuda::detail::TensorInfo<const T1, T2>, long, long, T2)"
:stage.process:model.layers.0.mlp.up_proj,PushPop,2429084,2431523,1,9,809888,89987.6,67264.0,1984,257440,98440.9,"void at::native::vectorized_elementwise_kernel<(int)4, at::native::BUnaryFunctor<float, float, float, at::native::binary_internal::MulFunctor<float>>, std::array<char *, (unsigned long)2>>(int, T2, T3)"
:stage.process:model.layers.0.mlp.up_proj,PushPop,2429084,2431523,1,9,782752,86972.4,86656.0,86208,89440,999.3,"void at::native::vectorized_elementwise_kernel<(int)4, at::native::BinaryFunctor<float, float, float, at::native::binary_internal::MulFunctor<float>>, std::array<char *, (unsigned long)3>>(int, T2, T3)"
:stage.process:model.layers.0.mlp.up_proj,PushPop,2429084,2431523,1,128,762657,5958.3,5984.0,5632,6304,138.3,"void at::native::unrolled_elementwise_kernel<at::native::CUDAFunctor_add<float>, std::array<char *, (unsigned long)3>, (int)4, TrivialOffsetCalculator<(int)2, unsigned int>, TrivialOffsetCalculator<(int)1, unsigned int>, at::native::memory::LoadWithCast<(int)2>, at::native::memory::StoreWithCast<(int)1>>(int, T1, T2, T4, T5, T6, T7)"
:stage.process:model.layers.0.mlp.up_proj,PushPop,2429084,2431523,1,10,577440,57744.0,47008.0,46592,155008,34175.6,"void at::native::reduce_kernel<(int)512, (int)1, at::native::ReduceOp<float, at::native::func_wrapper_t<float, at::native::sum_functor<float, float, float>::operator ()(at::TensorIterator &)::[lambda(float, float) (instance 1)]>, unsigned int, float, (int)4, (int)4>>(T3)"
:stage.process:model.layers.0.mlp.up_proj,PushPop,2429084,2431523,1,129,543424,4212.6,4064.0,4000,20896,1481.1,"void at::native::elementwise_kernel<(int)128, (int)4, void at::native::gpu_kernel_impl_nocast<at::native::direct_copy_kernel_cuda(at::TensorIteratorBase &)::[lambda() (instance 3)]::operator ()() const::[lambda() (instance 1)]::operator ()() const::[lambda(unsigned char) (instance 1)]>(at::TensorIteratorBase &, const T1 &)::[lambda(int) (instance 1)]>(int, T3)"
:stage.process:model.layers.0.mlp.up_proj,PushPop,2429084,2431523,1,263,529152,2012.0,1856.0,1760,13824,1303.3,"void at::native::vectorized_elementwise_kernel<(int)4, at::native::BinaryFunctor<bool, bool, bool, at::native::BitwiseOrFunctor<bool>>, std::array<char *, (unsigned long)3>>(int, T2, T3)"
:stage.process:model.layers.0.mlp.up_proj,PushPop,2429084,2431523,1,132,528513,4003.9,1952.0,1856,71744,11644.0,"void at::native::vectorized_elementwise_kernel<(int)4, at::native::BinaryFunctor<long, long, bool, at::native::<unnamed>::CompareEqFunctor<long>>, std::array<char *, (unsigned long)3>>(int, T2, T3)"
:stage.process:model.layers.0.mlp.up_proj,PushPop,2429084,2431523,1,13,491488,37806.8,8288.0,1312,113600,44685.4,"void at::native::vectorized_elementwise_kernel<(int)4, at::native::FillFunctor<float>, std::array<char *, (unsigned long)1>>(int, T2, T3)"
:stage.process:model.layers.0.mlp.up_proj,PushPop,2429084,2431523,1,128,414496,3238.3,3232.0,3200,3296,23.8,"void at::native::elementwise_kernel<(int)128, (int)2, void at::native::gpu_kernel_impl_nocast<at::native::BUnaryFunctor<long, long, long, at::native::rshift_kernel_cuda(at::TensorIteratorBase &)::[lambda() (instance 1)]::operator ()() const::[lambda() (instance 4)]::operator ()() const::[lambda(long, long) (instance 1)]>>(at::TensorIteratorBase &, const T1 &)::[lambda(int) (instance 1)]>(int, T3)"
:stage.process:model.layers.0.mlp.up_proj,PushPop,2429084,2431523,1,1,343520,343520.0,343520.0,343520,343520,0.0,"void at::native::<unnamed>::CatArrayBatchedCopy_alignedK_contig<at::native::<unnamed>::OpaqueType<(unsigned int)8>, unsigned int, (int)3, (int)128, (int)1, (int)16>(T1 *, at::native::<unnamed>::CatArrInputTensorMetadata<T1, T2, T4, T5>, at::native::<unnamed>::TensorSizeStride<T2, (unsigned int)4>, int, T2)"
:stage.process:model.layers.0.mlp.up_proj,PushPop,2429084,2431523,1,58,324480,5594.5,5248.0,3392,16192,2963.8,"void cublasLt::splitKreduce_kernel<(int)32, (int)16, int, float, float, float, float, (bool)0, float, float, float, (bool)1, (bool)0, (bool)0, (bool)0>(cublasLt::cublasSplitKParams<T6>, const T4 *, const T10 *, T9 *, T5 *, const T6 *, const T6 *, const T11 *, const T4 *, T11 *, void *, long, T6 *, int *, T6 *, T6 *, const T6 *, const T6 *, const T6 *, const T6 *, const T6 *)"
:stage.process:model.layers.0.mlp.up_proj,PushPop,2429084,2431523,1,3,296033,98677.7,100160.0,94945,100928,3255.3,"void at::native::vectorized_elementwise_kernel<(int)2, at::native::BinaryFunctor<long, long, long, at::native::BitwiseXorFunctor<long>>, std::array<char *, (unsigned long)3>>(int, T2, T3)"
:stage.process:model.layers.0.mlp.up_proj,PushPop,2429084,2431523,1,6,269184,44864.0,1904.0,1568,250784,100954.3,"void at::native::vectorized_elementwise_kernel<(int)4, at::native::AUnaryFunctor<float, float, float, at::native::binary_internal::MulFunctor<float>>, std::array<char *, (unsigned long)2>>(int, T2, T3)"
:stage.process:model.layers.0.mlp.up_proj,PushPop,2429084,2431523,1,4,259424,64856.0,64544.0,59200,71136,5115.8,"void at::native::vectorized_elementwise_kernel<(int)2, at::native::BUnaryFunctor<long, long, long, at::native::rshift_kernel_cuda(at::TensorIteratorBase &)::[lambda() (instance 1)]::operator ()() const::[lambda() (instance 4)]::operator ()() const::[lambda(long, long) (instance 1)]>, std::array<char *, (unsigned long)2>>(int, T2, T3)"
:stage.process:model.layers.0.mlp.up_proj,PushPop,2429084,2431523,1,10,205824,20582.4,20560.0,20416,20832,124.2,"void at::native::<unnamed>::CatArrayBatchedCopy<at::native::<unnamed>::OpaqueType<(unsigned int)4>, unsigned int, (int)2, (int)64, (int)64>(T1 *, at::native::<unnamed>::CatArrInputTensorMetadata<T1, T2, T4, T5>, at::native::<unnamed>::TensorSizeStride<T2, (unsigned int)4>, int, T2)"
:stage.process:model.layers.0.mlp.up_proj,PushPop,2429084,2431523,1,2,200768,100384.0,100384.0,99936,100832,633.6,"void at::native::vectorized_elementwise_kernel<(int)2, at::native::BinaryFunctor<long, long, long, at::native::BitwiseOrFunctor<long>>, std::array<char *, (unsigned long)3>>(int, T2, T3)"
:stage.process:model.layers.0.mlp.up_proj,PushPop,2429084,2431523,1,10,147329,14732.9,6944.0,4160,50016,14118.6,"void at::native::reduce_kernel<(int)512, (int)1, at::native::ReduceOp<float, at::native::MeanOps<float, float, float, float>, unsigned int, float, (int)4, (int)4>>(T3)"
:stage.process:model.layers.0.mlp.up_proj,PushPop,2429084,2431523,1,6,133280,22213.3,22160.0,16256,28384,6527.0,"void trsm_batch_left_upper_kernel_small<float, (int)16, (int)16, (int)64>(cublasTrsmBatchParams<T1>, const T1 *const *, T1 *const *, const T1 *, T1)"
:stage.process:model.layers.0.mlp.up_proj,PushPop,2429084,2431523,1,2,129600,64800.0,64800.0,64256,65344,769.3,"void at::native::vectorized_elementwise_kernel<(int)2, at::native::BUnaryFunctor<long, long, long, at::native::lshift_kernel_cuda(at::TensorIteratorBase &)::[lambda() (instance 1)]::operator ()() const::[lambda() (instance 4)]::operator ()() const::[lambda(long, long) (instance 1)]>, std::array<char *, (unsigned long)2>>(int, T2, T3)"
:stage.process:model.layers.0.mlp.up_proj,PushPop,2429084,2431523,1,3,115328,38442.7,54784.0,5568,54976,28470.5,"void at::native::unrolled_elementwise_kernel<at::native::direct_copy_kernel_cuda(at::TensorIteratorBase &)::[lambda() (instance 3)]::operator ()() const::[lambda() (instance 3)]::operator ()() const::[lambda(int) (instance 1)], std::array<char *, (unsigned long)2>, (int)4, TrivialOffsetCalculator<(int)1, unsigned int>, TrivialOffsetCalculator<(int)1, unsigned int>, at::native::memory::LoadWithCast<(int)1>, at::native::memory::StoreWithCast<(int)1>>(int, T1, T2, T4, T5, T6, T7)"
:stage.process:model.layers.0.mlp.up_proj,PushPop,2429084,2431523,1,5,76416,15283.2,1664.0,1600,69856,30507.2,"void at::native::vectorized_elementwise_kernel<(int)2, at::native::CUDAFunctorOnSelf_add<long>, std::array<char *, (unsigned long)2>>(int, T2, T3)"
:stage.process:model.layers.0.mlp.up_proj,PushPop,2429084,2431523,1,6,75424,12570.7,2048.0,1632,65856,26105.3,"void at::native::vectorized_elementwise_kernel<(int)2, at::native::AUnaryFunctor<long, long, long, at::native::binary_internal::MulFunctor<long>>, std::array<char *, (unsigned long)2>>(int, T2, T3)"
:stage.process:model.layers.0.mlp.up_proj,PushPop,2429084,2431523,1,1,73696,73696.0,73696.0,73696,73696,0.0,"void at::native::elementwise_kernel<(int)128, (int)2, void at::native::gpu_kernel_impl_nocast<at::native::BinaryFunctor<float, float, float, at::native::binary_internal::DivFunctor<float>>>(at::TensorIteratorBase &, const T1 &)::[lambda(int) (instance 1)]>(int, T3)"
:stage.process:model.layers.0.mlp.up_proj,PushPop,2429084,2431523,1,1,61024,61024.0,61024.0,61024,61024,0.0,"void at::native::vectorized_elementwise_kernel<(int)4, void at::native::<unnamed>::pow_tensor_scalar_kernel_impl<float, float>(at::TensorIteratorBase &, T2)::[lambda(float) (instance 1)], std::array<char *, (unsigned long)2>>(int, T2, T3)"
:stage.process:model.layers.0.mlp.up_proj,PushPop,2429084,2431523,1,1,49216,49216.0,49216.0,49216,49216,0.0,"void at::native::reduce_kernel<(int)128, (int)4, at::native::ReduceOp<long, at::native::func_wrapper_t<long, at::native::sum_functor<long, long, long>::operator ()(at::TensorIterator &)::[lambda(long, long) (instance 1)]>, unsigned int, long, (int)4, (int)4>>(T3)"
:stage.process:model.layers.0.mlp.up_proj,PushPop,2429084,2431523,1,1,45504,45504.0,45504.0,45504,45504,0.0,"void at::native::vectorized_elementwise_kernel<(int)4, at::native::float16_copy_kernel_cuda(at::TensorIteratorBase &)::[lambda(float) (instance 1)], std::array<char *, (unsigned long)2>>(int, T2, T3)"
:stage.process:model.layers.0.mlp.up_proj,PushPop,2429084,2431523,1,3,28064,9354.7,10016.0,7072,10976,2034.3,"void at::native::elementwise_kernel<(int)128, (int)2, void at::native::gpu_kernel_impl_nocast<at::native::direct_copy_kernel_cuda(at::TensorIteratorBase &)::[lambda() (instance 3)]::operator ()() const::[lambda() (instance 3)]::operator ()() const::[lambda(int) (instance 1)]>(at::TensorIteratorBase &, const T1 &)::[lambda(int) (instance 1)]>(int, T3)"
:stage.process:model.layers.0.mlp.up_proj,PushPop,2429084,2431523,1,6,25312,4218.7,4544.0,3360,4736,633.1,"void at::native::elementwise_kernel<(int)128, (int)2, void at::native::gpu_kernel_impl_nocast<at::native::CUDAFunctorOnSelf_add<float>>(at::TensorIteratorBase &, const T1 &)::[lambda(int) (instance 1)]>(int, T3)"
:stage.process:model.layers.0.mlp.up_proj,PushPop,2429084,2431523,1,4,14560,3640.0,3648.0,3488,3776,157.6,"void at::native::vectorized_elementwise_kernel<(int)2, at::native::BUnaryFunctor<long, long, long, at::native::remainder_kernel_cuda(at::TensorIteratorBase &)::[lambda() (instance 1)]::operator ()() const::[lambda() (instance 4)]::operator ()() const::[lambda(long, long) (instance 1)]>, std::array<char *, (unsigned long)2>>(int, T2, T3)"
:stage.process:model.layers.0.mlp.up_proj,PushPop,2429084,2431523,1,6,13152,2192.0,2176.0,2144,2272,44.1,"void at::native::vectorized_elementwise_kernel<(int)4, at::native::<unnamed>::CompareFunctor<float>, std::array<char *, (unsigned long)3>>(int, T2, T3)"
:stage.process:model.layers.0.mlp.up_proj,PushPop,2429084,2431523,1,3,11840,3946.7,4128.0,3584,4128,314.1,"void at::native::unrolled_elementwise_kernel<at::native::direct_copy_kernel_cuda(at::TensorIteratorBase &)::[lambda() (instance 3)]::operator ()() const::[lambda() (instance 1)]::operator ()() const::[lambda(unsigned char) (instance 1)], std::array<char *, (unsigned long)2>, (int)4, TrivialOffsetCalculator<(int)1, unsigned int>, TrivialOffsetCalculator<(int)1, unsigned int>, at::native::memory::LoadWithCast<(int)1>, at::native::memory::StoreWithCast<(int)1>>(int, T1, T2, T4, T5, T6, T7)"
:stage.process:model.layers.0.mlp.up_proj,PushPop,2429084,2431523,1,2,11104,5552.0,5552.0,4992,6112,792.0,"void at::native::<unnamed>::CatArrayBatchedCopy_vectorized<at::native::<unnamed>::OpaqueType<(unsigned int)2>, unsigned int, (int)1, (int)128, (int)1, (int)16, (int)8>(char *, at::native::<unnamed>::CatArrInputTensorMetadata<T1, T2, T4, T5>, at::native::<unnamed>::TensorSizeStride<T2, (unsigned int)4>, int, T2)"
:stage.process:model.layers.0.mlp.up_proj,PushPop,2429084,2431523,1,3,9056,3018.7,3040.0,2912,3104,97.8,"void at::native::vectorized_elementwise_kernel<(int)4, at::native::AUnaryFunctor<unsigned char, unsigned char, bool, at::native::<unnamed>::CompareEqFunctor<unsigned char>>, std::array<char *, (unsigned long)2>>(int, T2, T3)"
:stage.process:model.layers.0.mlp.up_proj,PushPop,2429084,2431523,1,2,8256,4128.0,4128.0,3328,4928,1131.4,"void at::native::elementwise_kernel<(int)128, (int)2, void at::native::gpu_kernel_impl_nocast<at::native::AbsFunctor<float>>(at::TensorIteratorBase &, const T1 &)::[lambda(int) (instance 1)]>(int, T3)"
:stage.process:model.layers.0.mlp.up_proj,PushPop,2429084,2431523,1,1,8192,8192.0,8192.0,8192,8192,0.0,"void at::native::vectorized_elementwise_kernel<(int)4, at::native::AUnaryFunctor<unsigned char, unsigned char, unsigned char, at::native::binary_internal::MulFunctor<unsigned char>>, std::array<char *, (unsigned long)2>>(int, T2, T3)"
:stage.process:model.layers.0.mlp.up_proj,PushPop,2429084,2431523,1,2,7392,3696.0,3696.0,3648,3744,67.9,"void at::native::vectorized_elementwise_kernel<(int)2, at::native::BUnaryFunctor<long, long, long, at::native::binary_internal::div_floor_kernel_cuda(at::TensorIteratorBase &)::[lambda() (instance 1)]::operator ()() const::[lambda() (instance 4)]::operator ()() const::[lambda(long, long) (instance 1)]>, std::array<char *, (unsigned long)2>>(int, T2, T3)"
:stage.process:model.layers.0.mlp.up_proj,PushPop,2429084,2431523,1,3,6560,2186.7,2144.0,2048,2368,164.2,"void at::native::vectorized_elementwise_kernel<(int)4, at::native::FillFunctor<unsigned char>, std::array<char *, (unsigned long)1>>(int, T2, T3)"
:stage.process:model.layers.0.mlp.up_proj,PushPop,2429084,2431523,1,2,6400,3200.0,3200.0,3200,3200,0.0,"void at::native::elementwise_kernel<(int)128, (int)2, void at::native::gpu_kernel_impl_nocast<at::native::CUDAFunctor_add<long>>(at::TensorIteratorBase &, const T1 &)::[lambda(int) (instance 1)]>(int, T3)"
:stage.process:model.layers.0.mlp.up_proj,PushPop,2429084,2431523,1,3,6144,2048.0,2144.0,1856,2144,166.3,"void at::native::vectorized_elementwise_kernel<(int)4, at::native::BinaryFunctor<float, float, float, at::native::maximum_kernel_cuda(at::TensorIteratorBase &)::[lambda() (instance 2)]::operator ()() const::[lambda() (instance 2)]::operator ()() const::[lambda(float, float) (instance 1)]>, std::array<char *, (unsigned long)3>>(int, T2, T3)"
:stage.process:model.layers.0.mlp.up_proj,PushPop,2429084,2431523,1,2,5760,2880.0,2880.0,2720,3040,226.3,"void at::native::<unnamed>::CatArrayBatchedCopy_alignedK_contig<at::native::<unnamed>::OpaqueType<(unsigned int)4>, unsigned int, (int)1, (int)128, (int)1, (int)16>(T1 *, at::native::<unnamed>::CatArrInputTensorMetadata<T1, T2, T4, T5>, at::native::<unnamed>::TensorSizeStride<T2, (unsigned int)4>, int, T2)"
:stage.process:model.layers.0.mlp.up_proj,PushPop,2429084,2431523,1,3,5184,1728.0,1728.0,1472,1984,256.0,"xxtrf4_set_info_ker(int, int *)"
:stage.process:model.layers.0.mlp.up_proj,PushPop,2429084,2431523,1,1,5024,5024.0,5024.0,5024,5024,0.0,"void at::native::reduce_kernel<(int)512, (int)1, at::native::ReduceOp<float, at::native::ArgMinOps<float>, unsigned int, long, (int)4, (int)4>>(T3)"
:stage.process:model.layers.0.mlp.up_proj,PushPop,2429084,2431523,1,2,4768,2384.0,2384.0,2016,2752,520.4,"void at::native::unrolled_elementwise_kernel<at::native::AUnaryFunctor<long, long, long, at::native::BitwiseAndFunctor<long>>, std::array<char *, (unsigned long)2>, (int)4, TrivialOffsetCalculator<(int)1, unsigned int>, TrivialOffsetCalculator<(int)1, unsigned int>, at::native::memory::LoadWithoutCast, at::native::memory::StoreWithoutCast>(int, T1, T2, T4, T5, T6, T7)"
:stage.process:model.layers.0.mlp.up_proj,PushPop,2429084,2431523,1,2,4736,2368.0,2368.0,2368,2368,0.0,"void at::native::vectorized_elementwise_kernel<(int)2, at::native::CUDAFunctorOnOther_add<long>, std::array<char *, (unsigned long)2>>(int, T2, T3)"
:stage.process:model.layers.0.mlp.up_proj,PushPop,2429084,2431523,1,2,4608,2304.0,2304.0,2272,2336,45.3,"void at::native::vectorized_elementwise_kernel<(int)4, at::native::FillFunctor<bool>, std::array<char *, (unsigned long)1>>(int, T2, T3)"
:stage.process:model.layers.0.mlp.up_proj,PushPop,2429084,2431523,1,2,4544,2272.0,2272.0,2208,2336,90.5,"void at::native::vectorized_elementwise_kernel<(int)4, void at::native::compare_scalar_kernel<c10::Half>(at::TensorIteratorBase &, at::native::<unnamed>::OpType, T1)::[lambda(c10::Half) (instance 1)], std::array<char *, (unsigned long)2>>(int, T2, T3)"
:stage.process:model.layers.0.mlp.up_proj,PushPop,2429084,2431523,1,1,3424,3424.0,3424.0,3424,3424,0.0,"void at::native::<unnamed>::CatArrayBatchedCopy_contig<at::native::<unnamed>::OpaqueType<(unsigned int)1>, unsigned int, (int)1, (int)128, (int)1>(T1 *, at::native::<unnamed>::CatArrInputTensorMetadata<T1, T2, T4, T5>, at::native::<unnamed>::TensorSizeStride<T2, (unsigned int)4>, int, T2)"
:stage.process:model.layers.0.mlp.up_proj,PushPop,2429084,2431523,1,1,3328,3328.0,3328.0,3328,3328,0.0,"void at::native::vectorized_elementwise_kernel<(int)4, at::native::BinaryFunctor<unsigned char, unsigned char, bool, at::native::<unnamed>::CompareEqFunctor<unsigned char>>, std::array<char *, (unsigned long)3>>(int, T2, T3)"
:stage.process:model.layers.0.mlp.up_proj,PushPop,2429084,2431523,1,1,2688,2688.0,2688.0,2688,2688,0.0,"void at::native::vectorized_elementwise_kernel<(int)4, at::native::sqrt_kernel_cuda(at::TensorIteratorBase &)::[lambda() (instance 2)]::operator ()() const::[lambda() (instance 2)]::operator ()() const::[lambda(float) (instance 1)], std::array<char *, (unsigned long)2>>(int, T2, T3)"
:stage.process:model.layers.0.mlp.up_proj,PushPop,2429084,2431523,1,1,2368,2368.0,2368.0,2368,2368,0.0,"void at::native::elementwise_kernel<(int)128, (int)2, void at::native::gpu_kernel_impl_nocast<at::native::<unnamed>::where_kernel_impl(at::TensorIterator &)::[lambda() (instance 1)]::operator ()() const::[lambda() (instance 3)]::operator ()() const::[lambda(bool, unsigned int, unsigned int) (instance 1)]>(at::TensorIteratorBase &, const T1 &)::[lambda(int) (instance 1)]>(int, T3)"
:stage.process:model.layers.0.mlp.up_proj,PushPop,2429084,2431523,1,1,2176,2176.0,2176.0,2176,2176,0.0,"void at::native::unrolled_elementwise_kernel<at::native::direct_copy_kernel_cuda(at::TensorIteratorBase &)::[lambda() (instance 3)]::operator ()() const::[lambda() (instance 11)]::operator ()() const::[lambda(bool) (instance 1)], std::array<char *, (unsigned long)2>, (int)4, TrivialOffsetCalculator<(int)1, unsigned int>, TrivialOffsetCalculator<(int)1, unsigned int>, at::native::memory::LoadWithCast<(int)1>, at::native::memory::StoreWithCast<(int)1>>(int, T1, T2, T4, T5, T6, T7)"
:stage.process:model.layers.0.mlp.up_proj,PushPop,2429084,2431523,1,1,2144,2144.0,2144.0,2144,2144,0.0,"void at::native::vectorized_elementwise_kernel<(int)4, at::native::<unnamed>::launch_clamp_scalar(at::TensorIteratorBase &, c10::Scalar, c10::Scalar, at::native::detail::ClampLimits)::[lambda() (instance 1)]::operator ()() const::[lambda() (instance 7)]::operator ()() const::[lambda(float) (instance 1)], std::array<char *, (unsigned long)2>>(int, T2, T3)"
:stage.process:model.layers.0.mlp.up_proj,PushPop,2429084,2431523,1,1,2080,2080.0,2080.0,2080,2080,0.0,"void at::native::unrolled_elementwise_kernel<at::native::<unnamed>::CompareFunctor<c10::Half>, std::array<char *, (unsigned long)3>, (int)4, TrivialOffsetCalculator<(int)2, unsigned int>, TrivialOffsetCalculator<(int)1, unsigned int>, at::native::memory::LoadWithoutCast, at::native::memory::StoreWithoutCast>(int, T1, T2, T4, T5, T6, T7)"
:stage.process:model.layers.0.self_attn.k_proj,PushPop,2429084,2431523,1,7632,1111981995,145699.9,147295.0,132960,151039,3524.7,"void <unnamed>::qvq_v2_segment_grid_kernel<(int)4, (int)2, (int)16, (bool)1, (bool)0, __half, unsigned char>(const float *, const T6 *, const float *, const long *, const float *, const float *, float *, T7 *, unsigned char *, int, int, int, bool, bool)"
:stage.process:model.layers.0.self_attn.k_proj,PushPop,2429084,2431523,1,574,788935939,1374452.9,1373645.5,1355133,1384061,6000.4,"void <unnamed>::qvq_viterbi_kernel<(int)4, (int)2, __half, unsigned char>(const float *, const T3 *, const float *, const long *, const float *, T4 *, long *, float *, int, int, int, bool, bool, bool)"
:stage.process:model.layers.0.self_attn.k_proj,PushPop,2429084,2431523,1,256,325429333,1271208.3,1271229.0,1268126,1274686,1411.0,void <unnamed>::qvq_fused_w2_family_grid_kernel<(bool)0>(<unnamed>::FusedSequenceArgs)
:stage.process:model.layers.0.self_attn.k_proj,PushPop,2429084,2431523,1,954,76409829,80094.2,81552.0,68608,85760,3328.6,"void <unnamed>::qvq_v2_segment_grid_finalize_kernel<(int)4, (int)2, (int)16, (bool)0, __half, unsigned char>(const float *, const T5 *, const float *, const long *, const float *, const float *, const T6 *, const unsigned char *, long *, unsigned char *, float *, int, int, bool, bool)"
:stage.process:model.layers.0.self_attn.k_proj,PushPop,2429084,2431523,1,468,30175684,64478.0,70688.0,20896,72000,14753.3,void cutlass::Kernel2<cutlass_80_simt_sgemm_128x32_8x5_nt_align1>(T1::Params)
:stage.process:model.layers.0.self_attn.k_proj,PushPop,2429084,2431523,1,2544,23578126,9268.1,7744.0,3968,18944,4115.6,"void at::native::index_elementwise_kernel<(int)128, (int)4, void at::native::gpu_index_kernel<void at::native::index_kernel_impl<at::native::OpaqueType<(int)4>>(at::TensorIteratorBase &, c10::ArrayRef<long>, c10::ArrayRef<long>)::[lambda(char *, const char *, long) (instance 1)]>(at::TensorIteratorBase &, c10::ArrayRef<long>, c10::ArrayRef<long>, const T1 &, bool)::[lambda(int) (instance 1)]>(long, T3)"
:stage.process:model.layers.0.self_attn.k_proj,PushPop,2429084,2431523,1,256,22676919,88581.7,88512.0,86528,91104,826.8,"<unnamed>::qvq_fused_w2_traceback_kernel(const unsigned char *, const unsigned char *, const int *, long *, unsigned char *, int)"
:stage.process:model.layers.0.self_attn.k_proj,PushPop,2429084,2431523,1,2580,13130473,5089.3,4576.0,2656,11520,1560.6,"void at::native::reduce_kernel<(int)512, (int)1, at::native::ReduceOp<bool, at::native::func_wrapper_t<bool, at::native::and_kernel_cuda(at::TensorIterator &)::[lambda() (instance 1)]::operator ()() const::[lambda() (instance 12)]::operator ()() const::[lambda(bool, bool) (instance 1)]>, unsigned int, bool, (int)4, (int)4>>(T3)"
:stage.process:model.layers.0.self_attn.k_proj,PushPop,2429084,2431523,1,1021,8507884,8332.9,8544.0,4448,10912,1399.8,"void at::native::index_elementwise_kernel<(int)128, (int)4, void at::native::gpu_index_kernel<void at::native::index_kernel_impl<at::native::OpaqueType<(int)2>>(at::TensorIteratorBase &, c10::ArrayRef<long>, c10::ArrayRef<long>)::[lambda(char *, const char *, long) (instance 1)]>(at::TensorIteratorBase &, c10::ArrayRef<long>, c10::ArrayRef<long>, const T1 &, bool)::[lambda(int) (instance 1)]>(long, T3)"
:stage.process:model.layers.0.self_attn.k_proj,PushPop,2429084,2431523,1,1272,8288943,6516.5,6560.0,3456,7040,381.3,"void at::native::index_elementwise_kernel<(int)128, (int)4, void at::native::gpu_index_kernel<void at::native::index_put_kernel_impl<at::native::OpaqueType<(int)4>>(at::TensorIterator &, c10::ArrayRef<long>, c10::ArrayRef<long>)::[lambda(char *, const char *, long) (instance 1)]>(at::TensorIteratorBase &, c10::ArrayRef<long>, c10::ArrayRef<long>, const T1 &, bool)::[lambda(int) (instance 1)]>(long, T3)"
:stage.process:model.layers.0.self_attn.k_proj,PushPop,2429084,2431523,1,1404,6445012,4590.5,4640.0,3168,5056,325.1,"void at::native::reduce_kernel<(int)512, (int)1, at::native::ReduceOp<float, at::native::func_wrapper_t<float, at::native::MaxNanFunctor<float>>, unsigned int, float, (int)4, (int)4>>(T3)"
:stage.process:model.layers.0.self_attn.k_proj,PushPop,2429084,2431523,1,772,6421230,8317.7,8352.0,7872,8896,158.9,"void at::native::reduce_kernel<(int)512, (int)1, at::native::ReduceOp<c10::Half, at::native::func_wrapper_t<c10::Half, at::native::MaxNanFunctor<c10::Half>>, unsigned int, c10::Half, (int)4, (int)4>>(T3)"
:stage.process:model.layers.0.self_attn.k_proj,PushPop,2429084,2431523,1,1841,5992279,3254.9,3104.0,2112,46944,2776.7,"void at::native::elementwise_kernel<(int)128, (int)2, void at::native::gpu_kernel_impl_nocast<at::native::direct_copy_kernel_cuda(at::TensorIteratorBase &)::[lambda() (instance 3)]::operator ()() const::[lambda() (instance 7)]::operator ()() const::[lambda(float) (instance 1)]>(at::TensorIteratorBase &, const T1 &)::[lambda(int) (instance 1)]>(int, T3)"
:stage.process:model.layers.0.self_attn.k_proj,PushPop,2429084,2431523,1,2843,5799829,2040.0,1984.0,1440,17632,542.4,"void at::native::vectorized_elementwise_kernel<(int)4, at::native::AbsFunctor<float>, std::array<char *, (unsigned long)2>>(int, T2, T3)"
:stage.process:model.layers.0.self_attn.k_proj,PushPop,2429084,2431523,1,400,5793331,14483.3,4032.0,3999,66624,20321.7,ampere_sgemm_32x128_nt
:stage.process:model.layers.0.self_attn.k_proj,PushPop,2429084,2431523,1,66,4997783,75724.0,46720.0,38464,245280,71389.1,ampere_sgemm_32x32_sliced1x4_nt
:stage.process:model.layers.0.self_attn.k_proj,PushPop,2429084,2431523,1,2209,4665204,2111.9,2048.0,1536,6752,217.5,"void at::native::vectorized_elementwise_kernel<(int)4, at::native::BinaryFunctor<bool, bool, bool, at::native::binary_internal::MulFunctor<bool>>, std::array<char *, (unsigned long)3>>(int, T2, T3)"
:stage.process:model.layers.0.self_attn.k_proj,PushPop,2429084,2431523,1,262,4483768,17113.6,5136.0,3296,56864,16959.9,"void gemmSN_NN_kernel<float, (int)256, (int)4, (int)2, (int)8, (int)4, (int)4, (bool)0, cublasGemvTensorStridedBatched<const float>, cublasGemvTensorStridedBatched<const float>, cublasGemvTensorStridedBatched<float>>(cublasGemmSmallNParams<T9, T10, T11, T1>)"
:stage.process:model.layers.0.self_attn.k_proj,PushPop,2429084,2431523,1,636,4331353,6810.3,6944.0,3520,7392,532.7,"void at::native::index_elementwise_kernel<(int)128, (int)4, void at::native::gpu_index_kernel<void at::native::index_put_kernel_impl<at::native::OpaqueType<(int)8>>(at::TensorIterator &, c10::ArrayRef<long>, c10::ArrayRef<long>)::[lambda(char *, const char *, long) (instance 1)]>(at::TensorIteratorBase &, c10::ArrayRef<long>, c10::ArrayRef<long>, const T1 &, bool)::[lambda(int) (instance 1)]>(long, T3)"
:stage.process:model.layers.0.self_attn.k_proj,PushPop,2429084,2431523,1,1528,3927068,2570.1,2688.0,2144,3072,288.1,"<unnamed>::qvq_half2_codebook_norm_pack_kernel(const __half *, unsigned long *, int)"
:stage.process:model.layers.0.self_attn.k_proj,PushPop,2429084,2431523,1,901,3487513,3870.7,3840.0,2528,6976,222.5,"void at::native::unrolled_elementwise_kernel<at::native::direct_copy_kernel_cuda(at::TensorIteratorBase &)::[lambda() (instance 3)]::operator ()() const::[lambda() (instance 7)]::operator ()() const::[lambda(float) (instance 1)], std::array<char *, (unsigned long)2>, (int)4, TrivialOffsetCalculator<(int)1, unsigned int>, TrivialOffsetCalculator<(int)1, unsigned int>, at::native::memory::LoadWithCast<(int)1>, at::native::memory::StoreWithCast<(int)1>>(int, T1, T2, T4, T5, T6, T7)"
:stage.process:model.layers.0.self_attn.k_proj,PushPop,2429084,2431523,1,1542,3308913,2145.9,2144.0,2111,2848,46.0,"void at::native::vectorized_elementwise_kernel<(int)4, at::native::AbsFunctor<c10::Half>, std::array<char *, (unsigned long)2>>(int, T2, T3)"
:stage.process:model.layers.0.self_attn.k_proj,PushPop,2429084,2431523,1,516,3152954,6110.4,6400.0,4288,6752,674.4,"void gemmSN_NN_kernel<float, (int)128, (int)2, (int)4, (int)8, (int)4, (int)4, (bool)0, cublasGemvTensorStridedBatched<const float>, cublasGemvTensorStridedBatched<const float>, cublasGemvTensorStridedBatched<float>>(cublasGemmSmallNParams<T9, T10, T11, T1>)"
:stage.process:model.layers.0.self_attn.k_proj,PushPop,2429084,2431523,1,1440,3007611,2088.6,2080.0,1504,12736,571.5,"void at::native::vectorized_elementwise_kernel<(int)4, at::native::BinaryFunctor<float, float, bool, at::native::<unnamed>::CompareEqFunctor<float>>, std::array<char *, (unsigned long)3>>(int, T2, T3)"
:stage.process:model.layers.0.self_attn.k_proj,PushPop,2429084,2431523,1,1439,2948250,2048.8,2048.0,1536,6048,231.2,"void at::native::vectorized_elementwise_kernel<(int)4, at::native::AUnaryFunctor<float, float, bool, at::native::<unnamed>::CompareEqFunctor<float>>, std::array<char *, (unsigned long)2>>(int, T2, T3)"
:stage.process:model.layers.0.self_attn.k_proj,PushPop,2429084,2431523,1,12,2779099,231591.6,231583.0,231167,231904,214.2,ampere_sgemm_128x64_nn
:stage.process:model.layers.0.self_attn.k_proj,PushPop,2429084,2431523,1,862,2597113,3012.9,2976.0,1856,9056,296.4,"void at::native::elementwise_kernel<(int)128, (int)2, void at::native::gpu_kernel_impl_nocast<at::native::direct_copy_kernel_cuda(at::TensorIteratorBase &)::[lambda() (instance 3)]::operator ()() const::[lambda() (instance 4)]::operator ()() const::[lambda(long) (instance 1)]>(at::TensorIteratorBase &, const T1 &)::[lambda(int) (instance 1)]>(int, T3)"
:stage.process:model.layers.0.self_attn.k_proj,PushPop,2429084,2431523,1,256,2482713,9698.1,9536.0,9312,14624,452.3,"<unnamed>::qvq_fused_detect_family_mask_kernel(const unsigned int *, int *)"
:stage.process:model.layers.0.self_attn.k_proj,PushPop,2429084,2431523,1,282,2328124,8255.8,8224.0,7840,8576,74.5,"void batch_trsm_left_kernel<float, (int)64, (int)4, (int)3, (bool)0, (bool)0, (bool)1>(cublasTrsmBatchParams2<T1>, T1, const T1 *, int)"
:stage.process:model.layers.0.self_attn.k_proj,PushPop,2429084,2431523,1,1276,2249498,1762.9,1760.0,1536,2208,113.0,"void at::native::vectorized_elementwise_kernel<(int)4, at::native::BinaryFunctor<bool, bool, bool, at::native::logical_or_kernel_cuda(at::TensorIterator &)::[lambda() (instance 2)]::operator ()() const::[lambda() (instance 9)]::operator ()() const::[lambda(bool, bool) (instance 1)]>, std::array<char *, (unsigned long)3>>(int, T2, T3)"
:stage.process:model.layers.0.self_attn.k_proj,PushPop,2429084,2431523,1,477,2207386,4627.6,4832.0,3104,5376,579.3,"void at::native::index_elementwise_kernel<(int)128, (int)4, void at::native::gpu_index_kernel<void at::native::index_put_kernel_impl<at::native::OpaqueType<(int)1>>(at::TensorIterator &, c10::ArrayRef<long>, c10::ArrayRef<long>)::[lambda(char *, const char *, long) (instance 1)]>(at::TensorIteratorBase &, c10::ArrayRef<long>, c10::ArrayRef<long>, const T1 &, bool)::[lambda(int) (instance 1)]>(long, T3)"
:stage.process:model.layers.0.self_attn.k_proj,PushPop,2429084,2431523,1,892,2187321,2452.2,2432.0,1728,2624,104.0,"void at::native::roll_cuda_kernel<float>(const T1 *, T1 *, long, long, long, long, long, long)"
:stage.process:model.layers.0.self_attn.k_proj,PushPop,2429084,2431523,1,3,2083357,694452.3,923071.0,234944,925342,397947.5,"void kernel<getrf_wo_pivot_params_<float, (int)0, (int)256, (int)1, (int)64, (int)64, (int)68, (int)8, (int)1, (int)1>>(int, int, void *, int, void *, int, int, int, int, int, int *)"
:stage.process:model.layers.0.self_attn.k_proj,PushPop,2429084,2431523,1,413,1981598,4798.1,3680.0,3200,48096,3366.8,"void at::native::elementwise_kernel<(int)128, (int)2, void at::native::gpu_kernel_impl_nocast<at::native::CUDAFunctor_add<float>>(at::TensorIteratorBase &, const T1 &)::[lambda(int) (instance 1)]>(int, T3)"
:stage.process:model.layers.0.self_attn.k_proj,PushPop,2429084,2431523,1,884,1963292,2220.9,2240.0,1792,2784,174.1,"void at::native::elementwise_kernel<(int)128, (int)2, void at::native::gpu_kernel_impl_nocast<at::native::AUnaryFunctor<long, long, long, at::native::BitwiseAndFunctor<long>>>(at::TensorIteratorBase &, const T1 &)::[lambda(int) (instance 1)]>(int, T3)"
:stage.process:model.layers.0.self_attn.k_proj,PushPop,2429084,2431523,1,1150,1901247,1653.3,1664.0,1536,2016,72.1,"void at::native::vectorized_elementwise_kernel<(int)4, void at::native::compare_scalar_kernel<float>(at::TensorIteratorBase &, at::native::<unnamed>::OpType, T1)::[lambda(float) (instance 1)], std::array<char *, (unsigned long)2>>(int, T2, T3)"
:stage.process:model.layers.0.self_attn.k_proj,PushPop,2429084,2431523,1,792,1852380,2338.9,2176.0,1600,9568,830.1,"void at::native::vectorized_elementwise_kernel<(int)4, at::native::CUDAFunctor_add<float>, std::array<char *, (unsigned long)3>>(int, T2, T3)"
:stage.process:model.layers.0.self_attn.k_proj,PushPop,2429084,2431523,1,770,1736089,2254.7,2240.0,1760,2336,24.7,"void at::native::vectorized_elementwise_kernel<(int)4, at::native::BinaryFunctor<c10::Half, c10::Half, bool, at::native::<unnamed>::CompareEqFunctor<c10::Half>>, std::array<char *, (unsigned long)3>>(int, T2, T3)"
:stage.process:model.layers.0.self_attn.k_proj,PushPop,2429084,2431523,1,770,1708029,2218.2,2208.0,1664,2304,27.3,"void at::native::vectorized_elementwise_kernel<(int)4, at::native::AUnaryFunctor<c10::Half, c10::Half, bool, at::native::<unnamed>::CompareEqFunctor<c10::Half>>, std::array<char *, (unsigned long)2>>(int, T2, T3)"
:stage.process:model.layers.0.self_attn.k_proj,PushPop,2429084,2431523,1,613,1626686,2653.6,2560.0,1760,4832,490.1,"void at::native::unrolled_elementwise_kernel<at::native::direct_copy_kernel_cuda(at::TensorIteratorBase &)::[lambda() (instance 3)]::operator ()() const::[lambda() (instance 4)]::operator ()() const::[lambda(long) (instance 1)], std::array<char *, (unsigned long)2>, (int)4, TrivialOffsetCalculator<(int)1, unsigned int>, TrivialOffsetCalculator<(int)1, unsigned int>, at::native::memory::LoadWithCast<(int)1>, at::native::memory::StoreWithCast<(int)1>>(int, T1, T2, T4, T5, T6, T7)"
:stage.process:model.layers.0.self_attn.k_proj,PushPop,2429084,2431523,1,82,1503166,18331.3,9744.0,5984,88416,26162.5,ampere_sgemm_32x32_sliced1x4_nn
:stage.process:model.layers.0.self_attn.k_proj,PushPop,2429084,2431523,1,782,1388732,1775.9,1759.5,1664,4800,194.3,"void at::native::vectorized_elementwise_kernel<(int)4, void at::native::compare_scalar_kernel<long>(at::TensorIteratorBase &, at::native::<unnamed>::OpType, T1)::[lambda(long) (instance 1)], std::array<char *, (unsigned long)2>>(int, T2, T3)"
:stage.process:model.layers.0.self_attn.k_proj,PushPop,2429084,2431523,1,512,1320702,2579.5,2592.0,2400,2720,68.1,"void at::native::unrolled_elementwise_kernel<at::native::BinaryFunctor<float, float, float, at::native::maximum_kernel_cuda(at::TensorIteratorBase &)::[lambda() (instance 2)]::operator ()() const::[lambda() (instance 2)]::operator ()() const::[lambda(float, float) (instance 1)]>, std::array<char *, (unsigned long)3>, (int)4, TrivialOffsetCalculator<(int)2, unsigned int>, TrivialOffsetCalculator<(int)1, unsigned int>, at::native::memory::LoadWithCast<(int)2>, at::native::memory::StoreWithCast<(int)1>>(int, T1, T2, T4, T5, T6, T7)"
:stage.process:model.layers.0.self_attn.k_proj,PushPop,2429084,2431523,1,905,1240030,1370.2,1376.0,1248,1984,58.6,"void <unnamed>::elementwise_kernel_with_index<int, at::native::arange_cuda_out(const c10::Scalar &, const c10::Scalar &, const c10::Scalar &, at::Tensor &)::[lambda() (instance 1)]::operator ()() const::[lambda() (instance 4)]::operator ()() const::[lambda(long) (instance 1)]>(T1, T2, function_traits<T2>::result_type *)"
:stage.process:model.layers.0.self_attn.k_proj,PushPop,2429084,2431523,1,636,1167132,1835.1,1824.0,1600,2144,107.1,"void at::native::vectorized_elementwise_kernel<(int)4, at::native::bitwise_not_kernel_cuda(at::TensorIteratorBase &)::[lambda(bool) (instance 1)], std::array<char *, (unsigned long)2>>(int, T2, T3)"
:stage.process:model.layers.0.self_attn.k_proj,PushPop,2429084,2431523,1,256,1009727,3944.2,3984.0,3808,4256,101.6,"void at::native::elementwise_kernel<(int)128, (int)4, void at::native::gpu_kernel_impl_nocast<at::native::direct_copy_kernel_cuda(at::TensorIteratorBase &)::[lambda() (instance 3)]::operator ()() const::[lambda() (instance 10)]::operator ()() const::[lambda(c10::Half) (instance 1)]>(at::TensorIteratorBase &, const T1 &)::[lambda(int) (instance 1)]>(int, T3)"
:stage.process:model.layers.0.self_attn.k_proj,PushPop,2429084,2431523,1,263,966463,3674.8,3552.0,3360,8480,733.6,"void at::native::reduce_kernel<(int)512, (int)1, at::native::ReduceOp<bool, at::native::func_wrapper_t<bool, at::native::or_kernel_cuda(at::TensorIterator &)::[lambda() (instance 1)]::operator ()() const::[lambda() (instance 12)]::operator ()() const::[lambda(bool, bool) (instance 1)]>, unsigned int, bool, (int)4, (int)4>>(T3)"
:stage.process:model.layers.0.self_attn.k_proj,PushPop,2429084,2431523,1,638,892126,1398.3,1408.0,1312,3296,117.5,"void at::native::vectorized_elementwise_kernel<(int)2, at::native::FillFunctor<long>, std::array<char *, (unsigned long)1>>(int, T2, T3)"
:stage.process:model.layers.0.self_attn.k_proj,PushPop,2429084,2431523,1,320,867520,2711.0,2816.0,1824,3200,370.0,"void at::native::elementwise_kernel<(int)128, (int)2, void at::native::gpu_kernel_impl_nocast<at::native::CUDAFunctor_add<long>>(at::TensorIteratorBase &, const T1 &)::[lambda(int) (instance 1)]>(int, T3)"
:stage.process:model.layers.0.self_attn.k_proj,PushPop,2429084,2431523,1,483,795326,1646.6,1632.0,1504,3712,110.8,"void at::native::vectorized_elementwise_kernel<(int)2, at::native::AUnaryFunctor<long, long, long, at::native::binary_internal::MulFunctor<long>>, std::array<char *, (unsigned long)2>>(int, T2, T3)"
:stage.process:model.layers.0.self_attn.k_proj,PushPop,2429084,2431523,1,128,575038,4492.5,4480.0,4384,5184,97.0,"void at::native::unrolled_elementwise_kernel<at::native::CUDAFunctor_add<float>, std::array<char *, (unsigned long)3>, (int)4, TrivialOffsetCalculator<(int)2, unsigned int>, TrivialOffsetCalculator<(int)1, unsigned int>, at::native::memory::LoadWithCast<(int)2>, at::native::memory::StoreWithCast<(int)1>>(int, T1, T2, T4, T5, T6, T7)"
:stage.process:model.layers.0.self_attn.k_proj,PushPop,2429084,2431523,1,2,449054,224527.0,224527.0,224319,224735,294.2,ampere_sgemm_128x32_nn
:stage.process:model.layers.0.self_attn.k_proj,PushPop,2429084,2431523,1,263,444126,1688.7,1696.0,1567,2656,132.3,"void at::native::vectorized_elementwise_kernel<(int)4, at::native::BinaryFunctor<bool, bool, bool, at::native::BitwiseOrFunctor<bool>>, std::array<char *, (unsigned long)3>>(int, T2, T3)"
:stage.process:model.layers.0.self_attn.k_proj,PushPop,2429084,2431523,1,129,415326,3219.6,3200.0,3168,3968,68.9,"void at::native::elementwise_kernel<(int)128, (int)4, void at::native::gpu_kernel_impl_nocast<at::native::direct_copy_kernel_cuda(at::TensorIteratorBase &)::[lambda() (instance 3)]::operator ()() const::[lambda() (instance 1)]::operator ()() const::[lambda(unsigned char) (instance 1)]>(at::TensorIteratorBase &, const T1 &)::[lambda(int) (instance 1)]>(int, T3)"
:stage.process:model.layers.0.self_attn.k_proj,PushPop,2429084,2431523,1,42,381343,9079.6,8576.0,7487,11232,1278.0,ampere_sgemm_64x32_sliced1x4_nn
:stage.process:model.layers.0.self_attn.k_proj,PushPop,2429084,2431523,1,256,353376,1380.4,1344.0,1312,1472,50.9,"void at::native::vectorized_elementwise_kernel<(int)4, at::native::FillFunctor<int>, std::array<char *, (unsigned long)1>>(int, T2, T3)"
:stage.process:model.layers.0.self_attn.k_proj,PushPop,2429084,2431523,1,114,348832,3059.9,3008.0,2496,3616,237.1,"void cublasLt::splitKreduce_kernel<(int)32, (int)16, int, float, float, float, float, (bool)0, float, float, float, (bool)1, (bool)0, (bool)0, (bool)0>(cublasLt::cublasSplitKParams<T6>, const T4 *, const T10 *, T9 *, T5 *, const T6 *, const T6 *, const T11 *, const T4 *, T11 *, void *, long, T6 *, int *, T6 *, T6 *, const T6 *, const T6 *, const T6 *, const T6 *, const T6 *)"
:stage.process:model.layers.0.self_attn.k_proj,PushPop,2429084,2431523,1,4,286976,71744.0,71776.0,71488,71936,186.6,ampere_sgemm_32x128_tn
:stage.process:model.layers.0.self_attn.k_proj,PushPop,2429084,2431523,1,159,280352,1763.2,1792.0,1536,2144,104.6,"void at::native::vectorized_elementwise_kernel<(int)2, at::native::CUDAFunctor_add<long>, std::array<char *, (unsigned long)3>>(int, T2, T3)"
:stage.process:model.layers.0.self_attn.k_proj,PushPop,2429084,2431523,1,128,264927,2069.7,2080.0,2048,2112,16.0,"void at::native::elementwise_kernel<(int)128, (int)2, void at::native::gpu_kernel_impl_nocast<at::native::BUnaryFunctor<long, long, long, at::native::rshift_kernel_cuda(at::TensorIteratorBase &)::[lambda() (instance 1)]::operator ()() const::[lambda() (instance 4)]::operator ()() const::[lambda(long, long) (instance 1)]>>(at::TensorIteratorBase &, const T1 &)::[lambda(int) (instance 1)]>(int, T3)"
:stage.process:model.layers.0.self_attn.k_proj,PushPop,2429084,2431523,1,132,250624,1898.7,1760.0,1728,6528,803.3,"void at::native::vectorized_elementwise_kernel<(int)4, at::native::BinaryFunctor<long, long, bool, at::native::<unnamed>::CompareEqFunctor<long>>, std::array<char *, (unsigned long)3>>(int, T2, T3)"
:stage.process:model.layers.0.self_attn.k_proj,PushPop,2429084,2431523,1,12,209024,17418.7,20176.0,11424,20576,4348.2,"void at::native::<unnamed>::CatArrayBatchedCopy<at::native::<unnamed>::OpaqueType<(unsigned int)4>, unsigned int, (int)2, (int)64, (int)64>(T1 *, at::native::<unnamed>::CatArrInputTensorMetadata<T1, T2, T4, T5>, at::native::<unnamed>::TensorSizeStride<T2, (unsigned int)4>, int, T2)"
:stage.process:model.layers.0.self_attn.k_proj,PushPop,2429084,2431523,1,3,180672,60224.0,87744.0,4704,88224,48082.3,"void at::native::reduce_kernel<(int)512, (int)1, at::native::ReduceOp<long, at::native::func_wrapper_t<long, at::native::sum_functor<long, long, long>::operator ()(at::TensorIterator &)::[lambda(long, long) (instance 1)]>, unsigned int, long, (int)4, (int)4>>(T3)"
:stage.process:model.layers.0.self_attn.k_proj,PushPop,2429084,2431523,1,11,155744,14158.5,3840.0,2368,62752,24011.1,"void at::native::vectorized_elementwise_kernel<(int)2, at::native::AUnaryFunctor<long, long, long, at::native::BitwiseAndFunctor<long>>, std::array<char *, (unsigned long)2>>(int, T2, T3)"
:stage.process:model.layers.0.self_attn.k_proj,PushPop,2429084,2431523,1,4,145536,36384.0,36320.0,4928,67968,36267.1,"void at::native::elementwise_kernel<(int)128, (int)2, void at::native::gpu_kernel_impl_nocast<at::native::BinaryFunctor<long, long, long, at::native::rshift_kernel_cuda(at::TensorIteratorBase &)::[lambda() (instance 1)]::operator ()() const::[lambda() (instance 4)]::operator ()() const::[lambda(long, long) (instance 1)]>>(at::TensorIteratorBase &, const T1 &)::[lambda(int) (instance 1)]>(int, T3)"
:stage.process:model.layers.0.self_attn.k_proj,PushPop,2429084,2431523,1,4,143072,35768.0,36176.0,3488,67232,36337.6,"void at::native::elementwise_kernel<(int)128, (int)2, void at::native::gpu_kernel_impl_nocast<at::native::BinaryFunctor<long, long, long, at::native::lshift_kernel_cuda(at::TensorIteratorBase &)::[lambda() (instance 1)]::operator ()() const::[lambda() (instance 4)]::operator ()() const::[lambda(long, long) (instance 1)]>>(at::TensorIteratorBase &, const T1 &)::[lambda(int) (instance 1)]>(int, T3)"
:stage.process:model.layers.0.self_attn.k_proj,PushPop,2429084,2431523,1,1,133856,133856.0,133856.0,133856,133856,0.0,ampere_sgemm_128x32_tn
:stage.process:model.layers.0.self_attn.k_proj,PushPop,2429084,2431523,1,6,132543,22090.5,21936.0,16192,28288,6441.7,"void trsm_batch_left_upper_kernel_small<float, (int)16, (int)16, (int)64>(cublasTrsmBatchParams<T1>, const T1 *const *, T1 *const *, const T1 *, T1)"
:stage.process:model.layers.0.self_attn.k_proj,PushPop,2429084,2431523,1,3,120831,40277.0,56607.0,7456,56768,28423.9,"void at::native::index_elementwise_kernel<(int)128, (int)4, void at::native::gpu_index_kernel<void at::native::index_kernel_impl<at::native::OpaqueType<(int)8>>(at::TensorIteratorBase &, c10::ArrayRef<long>, c10::ArrayRef<long>)::[lambda(char *, const char *, long) (instance 1)]>(at::TensorIteratorBase &, c10::ArrayRef<long>, c10::ArrayRef<long>, const T1 &, bool)::[lambda(int) (instance 1)]>(long, T3)"
:stage.process:model.layers.0.self_attn.k_proj,PushPop,2429084,2431523,1,3,100159,33386.3,46688.0,6208,47263,23538.9,"void at::native::triu_tril_kernel<float, int, (bool)0, (int)2, (bool)1>(at::cuda::detail::TensorInfo<T1, T2>, at::cuda::detail::TensorInfo<const T1, T2>, long, long, T2)"
:stage.process:model.layers.0.self_attn.k_proj,PushPop,2429084,2431523,1,10,80576,8057.6,6080.0,3456,20736,6052.9,"void at::native::elementwise_kernel<(int)128, (int)2, void at::native::gpu_kernel_impl_nocast<at::native::BinaryFunctor<float, float, float, at::native::binary_internal::MulFunctor<float>>>(at::TensorIteratorBase &, const T1 &)::[lambda(int) (instance 1)]>(int, T3)"
:stage.process:model.layers.0.self_attn.k_proj,PushPop,2429084,2431523,1,10,77024,7702.4,7712.0,7392,8032,216.0,"void at::native::reduce_kernel<(int)512, (int)1, at::native::ReduceOp<float, at::native::func_wrapper_t<float, at::native::sum_functor<float, float, float>::operator ()(at::TensorIterator &)::[lambda(float, float) (instance 1)]>, unsigned int, float, (int)4, (int)4>>(T3)"
:stage.process:model.layers.0.self_attn.k_proj,PushPop,2429084,2431523,1,10,67808,6780.8,7424.0,3104,8096,1741.1,"void at::native::reduce_kernel<(int)512, (int)1, at::native::ReduceOp<float, at::native::MeanOps<float, float, float, float>, unsigned int, float, (int)4, (int)4>>(T3)"
:stage.process:model.layers.0.self_attn.k_proj,PushPop,2429084,2431523,1,14,60096,4292.6,3216.0,1408,8448,2535.1,"void at::native::vectorized_elementwise_kernel<(int)4, at::native::FillFunctor<float>, std::array<char *, (unsigned long)1>>(int, T2, T3)"
:stage.process:model.layers.0.self_attn.k_proj,PushPop,2429084,2431523,1,9,44800,4977.8,3744.0,1632,11616,3729.0,"void at::native::vectorized_elementwise_kernel<(int)4, at::native::BUnaryFunctor<float, float, float, at::native::binary_internal::MulFunctor<float>>, std::array<char *, (unsigned long)2>>(int, T2, T3)"
:stage.process:model.layers.0.self_attn.k_proj,PushPop,2429084,2431523,1,10,38560,3856.0,3840.0,3776,3936,58.9,"void dot_kernel<float, (int)128, (int)0, cublasDotParams<cublasGemvTensorStridedBatched<const float>, cublasGemvTensorStridedBatched<float>>>(T4)"
:stage.process:model.layers.0.self_attn.k_proj,PushPop,2429084,2431523,1,9,38272,4252.4,4288.0,3968,4480,161.2,"void at::native::vectorized_elementwise_kernel<(int)4, at::native::BinaryFunctor<float, float, float, at::native::binary_internal::MulFunctor<float>>, std::array<char *, (unsigned long)3>>(int, T2, T3)"
:stage.process:model.layers.0.self_attn.k_proj,PushPop,2429084,2431523,1,10,35904,3590.4,3376.0,3232,4064,397.6,"void at::native::elementwise_kernel<(int)128, (int)2, void at::native::gpu_kernel_impl_nocast<at::native::CUDAFunctorOnSelf_add<float>>(at::TensorIteratorBase &, const T1 &)::[lambda(int) (instance 1)]>(int, T3)"
:stage.process:model.layers.0.self_attn.k_proj,PushPop,2429084,2431523,1,10,27711,2771.1,2784.0,2688,2816,52.7,"void reduce_1Block_kernel<float, (int)128, (int)7, cublasGemvTensorStridedBatched<float>, cublasGemvTensorStridedBatched<const float>, cublasGemvTensorStridedBatched<float>>(const T1 *, T1, T4, int, const T1 *, T1, T5, T6, cublasPointerMode_t, cublasLtEpilogue_t, cublasGemvTensorStridedBatched<const biasType<T6::value_type, T1>::type>)"
:stage.process:model.layers.0.self_attn.k_proj,PushPop,2429084,2431523,1,12,26048,2170.7,2208.0,1920,2240,100.1,"void at::native::vectorized_elementwise_kernel<(int)4, at::native::<unnamed>::CompareFunctor<float>, std::array<char *, (unsigned long)3>>(int, T2, T3)"
:stage.process:model.layers.0.self_attn.k_proj,PushPop,2429084,2431523,1,6,20224,3370.7,1680.0,1568,11168,3838.9,"void at::native::vectorized_elementwise_kernel<(int)4, at::native::AUnaryFunctor<float, float, float, at::native::binary_internal::MulFunctor<float>>, std::array<char *, (unsigned long)2>>(int, T2, T3)"
:stage.process:model.layers.0.self_attn.k_proj,PushPop,2429084,2431523,1,1,15392,15392.0,15392.0,15392,15392,0.0,"void at::native::<unnamed>::CatArrayBatchedCopy_alignedK_contig<at::native::<unnamed>::OpaqueType<(unsigned int)8>, unsigned int, (int)3, (int)128, (int)1, (int)16>(T1 *, at::native::<unnamed>::CatArrInputTensorMetadata<T1, T2, T4, T5>, at::native::<unnamed>::TensorSizeStride<T2, (unsigned int)4>, int, T2)"
:stage.process:model.layers.0.self_attn.k_proj,PushPop,2429084,2431523,1,4,14880,3720.0,3696.0,3680,3808,60.6,"void at::native::vectorized_elementwise_kernel<(int)2, at::native::BUnaryFunctor<long, long, long, at::native::rshift_kernel_cuda(at::TensorIteratorBase &)::[lambda() (instance 1)]::operator ()() const::[lambda() (instance 4)]::operator ()() const::[lambda(long, long) (instance 1)]>, std::array<char *, (unsigned long)2>>(int, T2, T3)"
:stage.process:model.layers.0.self_attn.k_proj,PushPop,2429084,2431523,1,4,14528,3632.0,3632.0,3456,3808,170.3,"void at::native::vectorized_elementwise_kernel<(int)2, at::native::BUnaryFunctor<long, long, long, at::native::remainder_kernel_cuda(at::TensorIteratorBase &)::[lambda() (instance 1)]::operator ()() const::[lambda() (instance 4)]::operator ()() const::[lambda(long, long) (instance 1)]>, std::array<char *, (unsigned long)2>>(int, T2, T3)"
:stage.process:model.layers.0.self_attn.k_proj,PushPop,2429084,2431523,1,3,13856,4618.7,4160.0,4160,5536,794.4,"void at::native::vectorized_elementwise_kernel<(int)2, at::native::BinaryFunctor<long, long, long, at::native::BitwiseXorFunctor<long>>, std::array<char *, (unsigned long)3>>(int, T2, T3)"
:stage.process:model.layers.0.self_attn.k_proj,PushPop,2429084,2431523,1,8,12320,1540.0,1536.0,1536,1568,11.3,"void at::native::unrolled_elementwise_kernel<at::native::AUnaryFunctor<long, long, long, at::native::BitwiseAndFunctor<long>>, std::array<char *, (unsigned long)2>, (int)4, TrivialOffsetCalculator<(int)1, unsigned int>, TrivialOffsetCalculator<(int)1, unsigned int>, at::native::memory::LoadWithoutCast, at::native::memory::StoreWithoutCast>(int, T1, T2, T4, T5, T6, T7)"
:stage.process:model.layers.0.self_attn.k_proj,PushPop,2429084,2431523,1,3,11872,3957.3,4032.0,3584,4256,342.2,"void at::native::unrolled_elementwise_kernel<at::native::direct_copy_kernel_cuda(at::TensorIteratorBase &)::[lambda() (instance 3)]::operator ()() const::[lambda() (instance 3)]::operator ()() const::[lambda(int) (instance 1)], std::array<char *, (unsigned long)2>, (int)4, TrivialOffsetCalculator<(int)1, unsigned int>, TrivialOffsetCalculator<(int)1, unsigned int>, at::native::memory::LoadWithCast<(int)1>, at::native::memory::StoreWithCast<(int)1>>(int, T1, T2, T4, T5, T6, T7)"
:stage.process:model.layers.0.self_attn.k_proj,PushPop,2429084,2431523,1,6,10976,1829.3,1824.0,1824,1856,13.1,"void at::native::vectorized_elementwise_kernel<(int)4, at::native::FillFunctor<unsigned char>, std::array<char *, (unsigned long)1>>(int, T2, T3)"
:stage.process:model.layers.0.self_attn.k_proj,PushPop,2429084,2431523,1,3,10752,3584.0,3520.0,3488,3744,139.5,"void at::native::elementwise_kernel<(int)128, (int)2, void at::native::gpu_kernel_impl_nocast<at::native::direct_copy_kernel_cuda(at::TensorIteratorBase &)::[lambda() (instance 3)]::operator ()() const::[lambda() (instance 3)]::operator ()() const::[lambda(int) (instance 1)]>(at::TensorIteratorBase &, const T1 &)::[lambda(int) (instance 1)]>(int, T3)"
:stage.process:model.layers.0.self_attn.k_proj,PushPop,2429084,2431523,1,5,10208,2041.6,1600.0,1568,3808,987.7,"void at::native::vectorized_elementwise_kernel<(int)2, at::native::CUDAFunctorOnSelf_add<long>, std::array<char *, (unsigned long)2>>(int, T2, T3)"
:stage.process:model.layers.0.self_attn.k_proj,PushPop,2429084,2431523,1,3,10048,3349.3,3328.0,3296,3424,66.6,"void at::native::unrolled_elementwise_kernel<at::native::direct_copy_kernel_cuda(at::TensorIteratorBase &)::[lambda() (instance 3)]::operator ()() const::[lambda() (instance 1)]::operator ()() const::[lambda(unsigned char) (instance 1)], std::array<char *, (unsigned long)2>, (int)4, TrivialOffsetCalculator<(int)1, unsigned int>, TrivialOffsetCalculator<(int)1, unsigned int>, at::native::memory::LoadWithCast<(int)1>, at::native::memory::StoreWithCast<(int)1>>(int, T1, T2, T4, T5, T6, T7)"
:stage.process:model.layers.0.self_attn.k_proj,PushPop,2429084,2431523,1,2,8288,4144.0,4144.0,4096,4192,67.9,"void at::native::vectorized_elementwise_kernel<(int)2, at::native::BinaryFunctor<long, long, long, at::native::BitwiseOrFunctor<long>>, std::array<char *, (unsigned long)3>>(int, T2, T3)"
:stage.process:model.layers.0.self_attn.k_proj,PushPop,2429084,2431523,1,1,7712,7712.0,7712.0,7712,7712,0.0,"void at::native::reduce_kernel<(int)128, (int)4, at::native::ReduceOp<long, at::native::func_wrapper_t<long, at::native::sum_functor<long, long, long>::operator ()(at::TensorIterator &)::[lambda(long, long) (instance 1)]>, unsigned int, long, (int)4, (int)4>>(T3)"
:stage.process:model.layers.0.self_attn.k_proj,PushPop,2429084,2431523,1,2,7712,3856.0,3856.0,3776,3936,113.1,"void at::native::vectorized_elementwise_kernel<(int)2, at::native::BUnaryFunctor<long, long, long, at::native::lshift_kernel_cuda(at::TensorIteratorBase &)::[lambda() (instance 1)]::operator ()() const::[lambda() (instance 4)]::operator ()() const::[lambda(long, long) (instance 1)]>, std::array<char *, (unsigned long)2>>(int, T2, T3)"
:stage.process:model.layers.0.self_attn.k_proj,PushPop,2429084,2431523,1,4,7584,1896.0,1888.0,1856,1952,40.3,"void at::native::vectorized_elementwise_kernel<(int)4, void at::native::compare_scalar_kernel<c10::Half>(at::TensorIteratorBase &, at::native::<unnamed>::OpType, T1)::[lambda(c10::Half) (instance 1)], std::array<char *, (unsigned long)2>>(int, T2, T3)"
:stage.process:model.layers.0.self_attn.k_proj,PushPop,2429084,2431523,1,2,7520,3760.0,3760.0,3744,3776,22.6,"void at::native::vectorized_elementwise_kernel<(int)2, at::native::BUnaryFunctor<long, long, long, at::native::binary_internal::div_floor_kernel_cuda(at::TensorIteratorBase &)::[lambda() (instance 1)]::operator ()() const::[lambda() (instance 4)]::operator ()() const::[lambda(long, long) (instance 1)]>, std::array<char *, (unsigned long)2>>(int, T2, T3)"
:stage.process:model.layers.0.self_attn.k_proj,PushPop,2429084,2431523,1,3,7328,2442.7,2432.0,2400,2496,48.9,"void at::native::vectorized_elementwise_kernel<(int)4, at::native::AUnaryFunctor<unsigned char, unsigned char, bool, at::native::<unnamed>::CompareEqFunctor<unsigned char>>, std::array<char *, (unsigned long)2>>(int, T2, T3)"
:stage.process:model.layers.0.self_attn.k_proj,PushPop,2429084,2431523,1,4,7136,1784.0,1792.0,1696,1856,84.2,"void at::native::vectorized_elementwise_kernel<(int)4, at::native::FillFunctor<bool>, std::array<char *, (unsigned long)1>>(int, T2, T3)"
:stage.process:model.layers.0.self_attn.k_proj,PushPop,2429084,2431523,1,2,6560,3280.0,3280.0,3232,3328,67.9,"void at::native::elementwise_kernel<(int)128, (int)2, void at::native::gpu_kernel_impl_nocast<at::native::AbsFunctor<float>>(at::TensorIteratorBase &, const T1 &)::[lambda(int) (instance 1)]>(int, T3)"
:stage.process:model.layers.0.self_attn.k_proj,PushPop,2429084,2431523,1,1,6080,6080.0,6080.0,6080,6080,0.0,"void at::native::elementwise_kernel<(int)128, (int)2, void at::native::gpu_kernel_impl_nocast<at::native::BinaryFunctor<float, float, float, at::native::binary_internal::DivFunctor<float>>>(at::TensorIteratorBase &, const T1 &)::[lambda(int) (instance 1)]>(int, T3)"
:stage.process:model.layers.0.self_attn.k_proj,PushPop,2429084,2431523,1,1,5856,5856.0,5856.0,5856,5856,0.0,"void at::native::vectorized_elementwise_kernel<(int)4, void at::native::<unnamed>::pow_tensor_scalar_kernel_impl<float, float>(at::TensorIteratorBase &, T2)::[lambda(float) (instance 1)], std::array<char *, (unsigned long)2>>(int, T2, T3)"
:stage.process:model.layers.0.self_attn.k_proj,PushPop,2429084,2431523,1,3,5760,1920.0,1952.0,1760,2048,146.6,"void at::native::vectorized_elementwise_kernel<(int)4, at::native::BinaryFunctor<float, float, float, at::native::maximum_kernel_cuda(at::TensorIteratorBase &)::[lambda() (instance 2)]::operator ()() const::[lambda() (instance 2)]::operator ()() const::[lambda(float, float) (instance 1)]>, std::array<char *, (unsigned long)3>>(int, T2, T3)"
:stage.process:model.layers.0.self_attn.k_proj,PushPop,2429084,2431523,1,2,4736,2368.0,2368.0,2368,2368,0.0,"void at::native::vectorized_elementwise_kernel<(int)2, at::native::CUDAFunctorOnOther_add<long>, std::array<char *, (unsigned long)2>>(int, T2, T3)"
:stage.process:model.layers.0.self_attn.k_proj,PushPop,2429084,2431523,1,3,4608,1536.0,1472.0,1408,1728,169.3,"xxtrf4_set_info_ker(int, int *)"
:stage.process:model.layers.0.self_attn.k_proj,PushPop,2429084,2431523,1,1,4480,4480.0,4480.0,4480,4480,0.0,"void at::native::vectorized_elementwise_kernel<(int)4, at::native::float16_copy_kernel_cuda(at::TensorIteratorBase &)::[lambda(float) (instance 1)], std::array<char *, (unsigned long)2>>(int, T2, T3)"
:stage.process:model.layers.0.self_attn.k_proj,PushPop,2429084,2431523,1,1,4320,4320.0,4320.0,4320,4320,0.0,"void at::native::<unnamed>::CatArrayBatchedCopy_vectorized<at::native::<unnamed>::OpaqueType<(unsigned int)2>, unsigned int, (int)1, (int)128, (int)1, (int)16, (int)8>(char *, at::native::<unnamed>::CatArrInputTensorMetadata<T1, T2, T4, T5>, at::native::<unnamed>::TensorSizeStride<T2, (unsigned int)4>, int, T2)"
:stage.process:model.layers.0.self_attn.k_proj,PushPop,2429084,2431523,1,1,2592,2592.0,2592.0,2592,2592,0.0,"void at::native::vectorized_elementwise_kernel<(int)4, at::native::AUnaryFunctor<unsigned char, unsigned char, unsigned char, at::native::binary_internal::MulFunctor<unsigned char>>, std::array<char *, (unsigned long)2>>(int, T2, T3)"
:stage.process:model.layers.0.self_attn.k_proj,PushPop,2429084,2431523,1,1,2464,2464.0,2464.0,2464,2464,0.0,"void at::native::vectorized_elementwise_kernel<(int)4, at::native::BinaryFunctor<unsigned char, unsigned char, bool, at::native::<unnamed>::CompareEqFunctor<unsigned char>>, std::array<char *, (unsigned long)3>>(int, T2, T3)"
:stage.process:model.layers.0.self_attn.k_proj,PushPop,2429084,2431523,1,1,2368,2368.0,2368.0,2368,2368,0.0,"void at::native::unrolled_elementwise_kernel<at::native::direct_copy_kernel_cuda(at::TensorIteratorBase &)::[lambda() (instance 3)]::operator ()() const::[lambda() (instance 11)]::operator ()() const::[lambda(bool) (instance 1)], std::array<char *, (unsigned long)2>, (int)4, TrivialOffsetCalculator<(int)1, unsigned int>, TrivialOffsetCalculator<(int)1, unsigned int>, at::native::memory::LoadWithCast<(int)1>, at::native::memory::StoreWithCast<(int)1>>(int, T1, T2, T4, T5, T6, T7)"
:stage.process:model.layers.0.self_attn.k_proj,PushPop,2429084,2431523,1,1,2144,2144.0,2144.0,2144,2144,0.0,"void at::native::vectorized_elementwise_kernel<(int)4, at::native::sqrt_kernel_cuda(at::TensorIteratorBase &)::[lambda() (instance 2)]::operator ()() const::[lambda() (instance 2)]::operator ()() const::[lambda(float) (instance 1)], std::array<char *, (unsigned long)2>>(int, T2, T3)"
:stage.process:model.layers.0.self_attn.k_proj,PushPop,2429084,2431523,1,1,2080,2080.0,2080.0,2080,2080,0.0,"void at::native::unrolled_elementwise_kernel<at::native::<unnamed>::CompareFunctor<c10::Half>, std::array<char *, (unsigned long)3>, (int)4, TrivialOffsetCalculator<(int)2, unsigned int>, TrivialOffsetCalculator<(int)1, unsigned int>, at::native::memory::LoadWithoutCast, at::native::memory::StoreWithoutCast>(int, T1, T2, T4, T5, T6, T7)"
:stage.process:model.layers.0.self_attn.k_proj,PushPop,2429084,2431523,1,1,1760,1760.0,1760.0,1760,1760,0.0,"void at::native::vectorized_elementwise_kernel<(int)4, at::native::<unnamed>::launch_clamp_scalar(at::TensorIteratorBase &, c10::Scalar, c10::Scalar, at::native::detail::ClampLimits)::[lambda() (instance 1)]::operator ()() const::[lambda() (instance 7)]::operator ()() const::[lambda(float) (instance 1)], std::array<char *, (unsigned long)2>>(int, T2, T3)"
:stage.process:model.layers.0.self_attn.o_proj,PushPop,2429084,2431523,1,1318,2382685529,1807803.9,1263854.0,1221470,4096473,1118633.9,void <unnamed>::qvq_fused_w2_family_grid_kernel<(bool)0>(<unnamed>::FusedSequenceArgs)
:stage.process:model.layers.0.self_attn.o_proj,PushPop,2429084,2431523,1,766,1441344993,1881651.4,1421949.5,1356510,2845948,656896.0,"void <unnamed>::qvq_viterbi_kernel<(int)4, (int)2, __half, unsigned char>(const float *, const T3 *, const float *, const long *, const float *, T4 *, long *, float *, int, int, int, bool, bool, bool)"
:stage.process:model.layers.0.self_attn.o_proj,PushPop,2429084,2431523,1,3744,541317732,144582.7,144735.0,132704,153247,3860.5,"void <unnamed>::qvq_v2_segment_grid_kernel<(int)4, (int)2, (int)16, (bool)1, (bool)0, __half, unsigned char>(const float *, const T6 *, const float *, const long *, const float *, const float *, float *, T7 *, unsigned char *, int, int, int, bool, bool)"
:stage.process:model.layers.0.self_attn.o_proj,PushPop,2429084,2431523,1,694,402908828,580560.3,575855.0,307424,866590,162137.8,ampere_sgemm_64x32_sliced1x4_nt
:stage.process:model.layers.0.self_attn.o_proj,PushPop,2429084,2431523,1,1318,115987378,88002.6,87136.0,70592,104768,8568.3,"<unnamed>::qvq_fused_w2_traceback_kernel(const unsigned char *, const unsigned char *, const int *, long *, unsigned char *, int)"
:stage.process:model.layers.0.self_attn.o_proj,PushPop,2429084,2431523,1,4080,72377208,17739.5,8224.0,4384,51616,13545.3,"void at::native::index_elementwise_kernel<(int)128, (int)4, void at::native::gpu_index_kernel<void at::native::index_kernel_impl<at::native::OpaqueType<(int)4>>(at::TensorIteratorBase &, c10::ArrayRef<long>, c10::ArrayRef<long>)::[lambda(char *, const char *, long) (instance 1)]>(at::TensorIteratorBase &, c10::ArrayRef<long>, c10::ArrayRef<long>, const T1 &, bool)::[lambda(int) (instance 1)]>(long, T3)"
:stage.process:model.layers.0.self_attn.o_proj,PushPop,2429084,2431523,1,288,51168478,177668.3,177535.5,59072,295744,70008.8,void cutlass::Kernel2<cutlass_80_simt_sgemm_128x32_8x5_nt_align1>(T1::Params)
:stage.process:model.layers.0.self_attn.o_proj,PushPop,2429084,2431523,1,468,36732745,78488.8,77312.0,68576,88352,4256.6,"void <unnamed>::qvq_v2_segment_grid_finalize_kernel<(int)4, (int)2, (int)16, (bool)0, __half, unsigned char>(const float *, const T5 *, const float *, const long *, const float *, const float *, const T6 *, const unsigned char *, long *, unsigned char *, float *, int, int, bool, bool)"
:stage.process:model.layers.0.self_attn.o_proj,PushPop,2429084,2431523,1,996,29930324,30050.5,30256.0,4320,60800,15620.3,"void gemmSN_NN_kernel<float, (int)128, (int)2, (int)4, (int)8, (int)4, (int)4, (bool)0, cublasGemvTensorStridedBatched<const float>, cublasGemvTensorStridedBatched<const float>, cublasGemvTensorStridedBatched<float>>(cublasGemmSmallNParams<T9, T10, T11, T1>)"
:stage.process:model.layers.0.self_attn.o_proj,PushPop,2429084,2431523,1,50,20535427,410708.5,21056.0,15872,842015,412154.4,ampere_sgemm_128x32_nn
:stage.process:model.layers.0.self_attn.o_proj,PushPop,2429084,2431523,1,2964,19248615,6494.1,7360.0,2528,11712,1790.9,"void at::native::reduce_kernel<(int)512, (int)1, at::native::ReduceOp<bool, at::native::func_wrapper_t<bool, at::native::and_kernel_cuda(at::TensorIterator &)::[lambda() (instance 1)]::operator ()() const::[lambda() (instance 12)]::operator ()() const::[lambda(bool, bool) (instance 1)]>, unsigned int, bool, (int)4, (int)4>>(T3)"
:stage.process:model.layers.0.self_attn.o_proj,PushPop,2429084,2431523,1,1318,15587268,11826.5,13184.0,9152,14656,2122.7,"<unnamed>::qvq_fused_detect_family_mask_kernel(const unsigned int *, int *)"
:stage.process:model.layers.0.self_attn.o_proj,PushPop,2429084,2431523,1,2040,13565285,6649.6,6656.0,3488,7296,369.1,"void at::native::index_elementwise_kernel<(int)128, (int)4, void at::native::gpu_index_kernel<void at::native::index_put_kernel_impl<at::native::OpaqueType<(int)4>>(at::TensorIterator &, c10::ArrayRef<long>, c10::ArrayRef<long>)::[lambda(char *, const char *, long) (instance 1)]>(at::TensorIteratorBase &, c10::ArrayRef<long>, c10::ArrayRef<long>, const T1 &, bool)::[lambda(int) (instance 1)]>(long, T3)"
:stage.process:model.layers.0.self_attn.o_proj,PushPop,2429084,2431523,1,1405,12381007,8812.1,8416.0,4320,33760,1372.9,"void at::native::index_elementwise_kernel<(int)128, (int)4, void at::native::gpu_index_kernel<void at::native::index_kernel_impl<at::native::OpaqueType<(int)2>>(at::TensorIteratorBase &, c10::ArrayRef<long>, c10::ArrayRef<long>)::[lambda(char *, const char *, long) (instance 1)]>(at::TensorIteratorBase &, c10::ArrayRef<long>, c10::ArrayRef<long>, const T1 &, bool)::[lambda(int) (instance 1)]>(long, T3)"
:stage.process:model.layers.0.self_attn.o_proj,PushPop,2429084,2431523,1,1788,11951340,6684.2,7360.0,3168,8640,1437.5,"void at::native::reduce_kernel<(int)512, (int)1, at::native::ReduceOp<float, at::native::func_wrapper_t<float, at::native::MaxNanFunctor<float>>, unsigned int, float, (int)4, (int)4>>(T3)"
:stage.process:model.layers.0.self_attn.o_proj,PushPop,2429084,2431523,1,2241,8726420,3894.0,3200.0,2144,54560,4843.1,"void at::native::elementwise_kernel<(int)128, (int)2, void at::native::gpu_kernel_impl_nocast<at::native::direct_copy_kernel_cuda(at::TensorIteratorBase &)::[lambda() (instance 3)]::operator ()() const::[lambda() (instance 7)]::operator ()() const::[lambda(float) (instance 1)]>(at::TensorIteratorBase &, const T1 &)::[lambda(int) (instance 1)]>(int, T3)"
:stage.process:model.layers.0.self_attn.o_proj,PushPop,2429084,2431523,1,3611,7731896,2141.2,2048.0,1536,18496,824.3,"void at::native::vectorized_elementwise_kernel<(int)4, at::native::AbsFunctor<float>, std::array<char *, (unsigned long)2>>(int, T2, T3)"
:stage.process:model.layers.0.self_attn.o_proj,PushPop,2429084,2431523,1,1020,7084825,6945.9,7072.0,3584,7520,438.9,"void at::native::index_elementwise_kernel<(int)128, (int)4, void at::native::gpu_index_kernel<void at::native::index_put_kernel_impl<at::native::OpaqueType<(int)8>>(at::TensorIterator &, c10::ArrayRef<long>, c10::ArrayRef<long>)::[lambda(char *, const char *, long) (instance 1)]>(at::TensorIteratorBase &, c10::ArrayRef<long>, c10::ArrayRef<long>, const T1 &, bool)::[lambda(int) (instance 1)]>(long, T3)"
:stage.process:model.layers.0.self_attn.o_proj,PushPop,2429084,2431523,1,772,6328756,8197.9,8192.0,7840,8832,125.6,"void at::native::reduce_kernel<(int)512, (int)1, at::native::ReduceOp<c10::Half, at::native::func_wrapper_t<c10::Half, at::native::MaxNanFunctor<c10::Half>>, unsigned int, c10::Half, (int)4, (int)4>>(T3)"
:stage.process:model.layers.0.self_attn.o_proj,PushPop,2429084,2431523,1,2593,5578552,2151.4,2080.0,1504,6624,318.8,"void at::native::vectorized_elementwise_kernel<(int)4, at::native::BinaryFunctor<bool, bool, bool, at::native::binary_internal::MulFunctor<bool>>, std::array<char *, (unsigned long)3>>(int, T2, T3)"
:stage.process:model.layers.0.self_attn.o_proj,PushPop,2429084,2431523,1,177,5429688,30676.2,27168.0,3872,70880,22013.4,"void gemmSN_NN_kernel<float, (int)256, (int)4, (int)2, (int)8, (int)4, (int)4, (bool)0, cublasGemvTensorStridedBatched<const float>, cublasGemvTensorStridedBatched<const float>, cublasGemvTensorStridedBatched<float>>(cublasGemmSmallNParams<T9, T10, T11, T1>)"
:stage.process:model.layers.0.self_attn.o_proj,PushPop,2429084,2431523,1,1285,5133329,3994.8,3968.0,2560,19712,627.2,"void at::native::unrolled_elementwise_kernel<at::native::direct_copy_kernel_cuda(at::TensorIteratorBase &)::[lambda() (instance 3)]::operator ()() const::[lambda() (instance 7)]::operator ()() const::[lambda(float) (instance 1)], std::array<char *, (unsigned long)2>, (int)4, TrivialOffsetCalculator<(int)1, unsigned int>, TrivialOffsetCalculator<(int)1, unsigned int>, at::native::memory::LoadWithCast<(int)1>, at::native::memory::StoreWithCast<(int)1>>(int, T1, T2, T4, T5, T6, T7)"
:stage.process:model.layers.0.self_attn.o_proj,PushPop,2429084,2431523,1,765,4779515,6247.7,6624.0,3328,8320,1216.4,"void at::native::index_elementwise_kernel<(int)128, (int)4, void at::native::gpu_index_kernel<void at::native::index_put_kernel_impl<at::native::OpaqueType<(int)1>>(at::TensorIterator &, c10::ArrayRef<long>, c10::ArrayRef<long>)::[lambda(char *, const char *, long) (instance 1)]>(at::TensorIteratorBase &, c10::ArrayRef<long>, c10::ArrayRef<long>, const T1 &, bool)::[lambda(int) (instance 1)]>(long, T3)"
:stage.process:model.layers.0.self_attn.o_proj,PushPop,2429084,2431523,1,5,4685369,937073.8,935454.0,933951,946047,5071.5,ampere_sgemm_128x32_tn
:stage.process:model.layers.0.self_attn.o_proj,PushPop,2429084,2431523,1,1824,3972699,2178.0,2080.0,1504,17056,964.2,"void at::native::vectorized_elementwise_kernel<(int)4, at::native::BinaryFunctor<float, float, bool, at::native::<unnamed>::CompareEqFunctor<float>>, std::array<char *, (unsigned long)3>>(int, T2, T3)"
:stage.process:model.layers.0.self_attn.o_proj,PushPop,2429084,2431523,1,1823,3853273,2113.7,2080.0,1536,6400,350.7,"void at::native::vectorized_elementwise_kernel<(int)4, at::native::AUnaryFunctor<float, float, bool, at::native::<unnamed>::CompareEqFunctor<float>>, std::array<char *, (unsigned long)2>>(int, T2, T3)"
:stage.process:model.layers.0.self_attn.o_proj,PushPop,2429084,2431523,1,2044,3807835,1862.9,1856.0,1536,2208,109.2,"void at::native::vectorized_elementwise_kernel<(int)4, at::native::BinaryFunctor<bool, bool, bool, at::native::logical_or_kernel_cuda(at::TensorIterator &)::[lambda() (instance 2)]::operator ()() const::[lambda() (instance 9)]::operator ()() const::[lambda(bool, bool) (instance 1)]>, std::array<char *, (unsigned long)3>>(int, T2, T3)"
:stage.process:model.layers.0.self_attn.o_proj,PushPop,2429084,2431523,1,1150,3703132,3220.1,3232.0,1856,24256,646.4,"void at::native::elementwise_kernel<(int)128, (int)2, void at::native::gpu_kernel_impl_nocast<at::native::direct_copy_kernel_cuda(at::TensorIteratorBase &)::[lambda() (instance 3)]::operator ()() const::[lambda() (instance 4)]::operator ()() const::[lambda(long) (instance 1)]>(at::TensorIteratorBase &, const T1 &)::[lambda(int) (instance 1)]>(int, T3)"
:stage.process:model.layers.0.self_attn.o_proj,PushPop,2429084,2431523,1,1542,3420891,2218.5,2144.0,1792,3040,181.4,"void at::native::vectorized_elementwise_kernel<(int)4, at::native::AbsFunctor<c10::Half>, std::array<char *, (unsigned long)2>>(int, T2, T3)"
:stage.process:model.layers.0.self_attn.o_proj,PushPop,2429084,2431523,1,429,3235454,7541.9,4224.0,3200,47584,4954.7,"void at::native::elementwise_kernel<(int)128, (int)2, void at::native::gpu_kernel_impl_nocast<at::native::CUDAFunctor_add<float>>(at::TensorIteratorBase &, const T1 &)::[lambda(int) (instance 1)]>(int, T3)"
:stage.process:model.layers.0.self_attn.o_proj,PushPop,2429084,2431523,1,1276,3222333,2525.3,2464.0,1760,3104,186.8,"void at::native::roll_cuda_kernel<float>(const T1 *, T1 *, long, long, long, long, long, long)"
:stage.process:model.layers.0.self_attn.o_proj,PushPop,2429084,2431523,1,1268,3216252,2536.5,2528.0,1824,3360,338.3,"void at::native::elementwise_kernel<(int)128, (int)2, void at::native::gpu_kernel_impl_nocast<at::native::AUnaryFunctor<long, long, long, at::native::BitwiseAndFunctor<long>>>(at::TensorIteratorBase &, const T1 &)::[lambda(int) (instance 1)]>(int, T3)"
:stage.process:model.layers.0.self_attn.o_proj,PushPop,2429084,2431523,1,1234,3201147,2594.1,2656.0,2176,3264,261.8,"<unnamed>::qvq_half2_codebook_norm_pack_kernel(const __half *, unsigned long *, int)"
:stage.process:model.layers.0.self_attn.o_proj,PushPop,2429084,2431523,1,1176,3155003,2682.8,2208.0,1504,27456,2985.4,"void at::native::vectorized_elementwise_kernel<(int)4, at::native::CUDAFunctor_add<float>, std::array<char *, (unsigned long)3>>(int, T2, T3)"
:stage.process:model.layers.0.self_attn.o_proj,PushPop,2429084,2431523,1,378,3123895,8264.3,8256.0,7872,8448,61.9,"void batch_trsm_left_kernel<float, (int)64, (int)4, (int)3, (bool)0, (bool)0, (bool)1>(cublasTrsmBatchParams2<T1>, T1, const T1 *, int)"
:stage.process:model.layers.0.self_attn.o_proj,PushPop,2429084,2431523,1,3,2783483,927827.7,928670.0,925406,929407,2129.4,"void kernel<getrf_wo_pivot_params_<float, (int)0, (int)256, (int)1, (int)64, (int)64, (int)68, (int)8, (int)1, (int)1>>(int, int, void *, int, void *, int, int, int, int, int, int *)"
:stage.process:model.layers.0.self_attn.o_proj,PushPop,2429084,2431523,1,901,2700635,2997.4,3104.0,1792,11264,631.9,"void at::native::unrolled_elementwise_kernel<at::native::direct_copy_kernel_cuda(at::TensorIteratorBase &)::[lambda() (instance 3)]::operator ()() const::[lambda() (instance 4)]::operator ()() const::[lambda(long) (instance 1)], std::array<char *, (unsigned long)2>, (int)4, TrivialOffsetCalculator<(int)1, unsigned int>, TrivialOffsetCalculator<(int)1, unsigned int>, at::native::memory::LoadWithCast<(int)1>, at::native::memory::StoreWithCast<(int)1>>(int, T1, T2, T4, T5, T6, T7)"
:stage.process:model.layers.0.self_attn.o_proj,PushPop,2429084,2431523,1,1534,2559772,1668.7,1664.0,1536,2176,93.3,"void at::native::vectorized_elementwise_kernel<(int)4, void at::native::compare_scalar_kernel<float>(at::TensorIteratorBase &, at::native::<unnamed>::OpType, T1)::[lambda(float) (instance 1)], std::array<char *, (unsigned long)2>>(int, T2, T3)"
:stage.process:model.layers.0.self_attn.o_proj,PushPop,2429084,2431523,1,400,2325912,5814.8,4032.0,3999,53120,8804.1,ampere_sgemm_32x128_nt
:stage.process:model.layers.0.self_attn.o_proj,PushPop,2429084,2431523,1,1020,1931772,1893.9,1920.0,1632,2240,92.2,"void at::native::vectorized_elementwise_kernel<(int)4, at::native::bitwise_not_kernel_cuda(at::TensorIteratorBase &)::[lambda(bool) (instance 1)], std::array<char *, (unsigned long)2>>(int, T2, T3)"
:stage.process:model.layers.0.self_attn.o_proj,PushPop,2429084,2431523,1,1318,1878909,1425.6,1440.0,1311,1600,80.1,"void at::native::vectorized_elementwise_kernel<(int)4, at::native::FillFunctor<int>, std::array<char *, (unsigned long)1>>(int, T2, T3)"
:stage.process:model.layers.0.self_attn.o_proj,PushPop,2429084,2431523,1,770,1749246,2271.7,2272.0,1792,2368,41.5,"void at::native::vectorized_elementwise_kernel<(int)4, at::native::BinaryFunctor<c10::Half, c10::Half, bool, at::native::<unnamed>::CompareEqFunctor<c10::Half>>, std::array<char *, (unsigned long)3>>(int, T2, T3)"
:stage.process:model.layers.0.self_attn.o_proj,PushPop,2429084,2431523,1,770,1729470,2246.1,2240.0,1760,2336,40.5,"void at::native::vectorized_elementwise_kernel<(int)4, at::native::AUnaryFunctor<c10::Half, c10::Half, bool, at::native::<unnamed>::CompareEqFunctor<c10::Half>>, std::array<char *, (unsigned long)2>>(int, T2, T3)"
:stage.process:model.layers.0.self_attn.o_proj,PushPop,2429084,2431523,1,1022,1437502,1406.6,1408.0,1312,7200,257.4,"void at::native::vectorized_elementwise_kernel<(int)2, at::native::FillFunctor<long>, std::array<char *, (unsigned long)1>>(int, T2, T3)"
:stage.process:model.layers.0.self_attn.o_proj,PushPop,2429084,2431523,1,782,1413823,1808.0,1760.0,1631,12064,542.1,"void at::native::vectorized_elementwise_kernel<(int)4, void at::native::compare_scalar_kernel<long>(at::TensorIteratorBase &, at::native::<unnamed>::OpType, T1)::[lambda(long) (instance 1)], std::array<char *, (unsigned long)2>>(int, T2, T3)"
:stage.process:model.layers.0.self_attn.o_proj,PushPop,2429084,2431523,1,512,1337631,2612.6,2592.0,2368,2976,144.8,"void at::native::unrolled_elementwise_kernel<at::native::BinaryFunctor<float, float, float, at::native::maximum_kernel_cuda(at::TensorIteratorBase &)::[lambda() (instance 2)]::operator ()() const::[lambda() (instance 2)]::operator ()() const::[lambda(float, float) (instance 1)]>, std::array<char *, (unsigned long)3>, (int)4, TrivialOffsetCalculator<(int)2, unsigned int>, TrivialOffsetCalculator<(int)1, unsigned int>, at::native::memory::LoadWithCast<(int)2>, at::native::memory::StoreWithCast<(int)1>>(int, T1, T2, T4, T5, T6, T7)"
:stage.process:model.layers.0.self_attn.o_proj,PushPop,2429084,2431523,1,779,1068667,1371.8,1376.0,1248,2176,71.7,"void <unnamed>::elementwise_kernel_with_index<int, at::native::arange_cuda_out(const c10::Scalar &, const c10::Scalar &, const c10::Scalar &, at::Tensor &)::[lambda() (instance 1)]::operator ()() const::[lambda() (instance 4)]::operator ()() const::[lambda(long) (instance 1)]>(T1, T2, function_traits<T2>::result_type *)"
:stage.process:model.layers.0.self_attn.o_proj,PushPop,2429084,2431523,1,256,1050557,4103.7,4144.0,3904,4320,156.6,"void at::native::elementwise_kernel<(int)128, (int)4, void at::native::gpu_kernel_impl_nocast<at::native::direct_copy_kernel_cuda(at::TensorIteratorBase &)::[lambda() (instance 3)]::operator ()() const::[lambda() (instance 10)]::operator ()() const::[lambda(c10::Half) (instance 1)]>(at::TensorIteratorBase &, const T1 &)::[lambda(int) (instance 1)]>(int, T3)"
:stage.process:model.layers.0.self_attn.o_proj,PushPop,2429084,2431523,1,263,932672,3546.3,3392.0,3168,10272,948.4,"void at::native::reduce_kernel<(int)512, (int)1, at::native::ReduceOp<bool, at::native::func_wrapper_t<bool, at::native::or_kernel_cuda(at::TensorIterator &)::[lambda() (instance 1)]::operator ()() const::[lambda() (instance 12)]::operator ()() const::[lambda(bool, bool) (instance 1)]>, unsigned int, bool, (int)4, (int)4>>(T3)"
:stage.process:model.layers.0.self_attn.o_proj,PushPop,2429084,2431523,1,32,930783,29087.0,28896.0,19904,39424,6892.0,ampere_sgemm_128x32_nt
:stage.process:model.layers.0.self_attn.o_proj,PushPop,2429084,2431523,1,43,851583,19804.3,19616.0,17632,23264,1578.1,ampere_sgemm_128x32_sliced1x4_nn
:stage.process:model.layers.0.self_attn.o_proj,PushPop,2429084,2431523,1,128,707872,5530.3,5504.0,5312,6080,143.6,"void at::native::unrolled_elementwise_kernel<at::native::CUDAFunctor_add<float>, std::array<char *, (unsigned long)3>, (int)4, TrivialOffsetCalculator<(int)2, unsigned int>, TrivialOffsetCalculator<(int)1, unsigned int>, at::native::memory::LoadWithCast<(int)2>, at::native::memory::StoreWithCast<(int)1>>(int, T1, T2, T4, T5, T6, T7)"
:stage.process:model.layers.0.self_attn.o_proj,PushPop,2429084,2431523,1,3,665888,221962.7,330016.0,5632,330240,187347.9,"void at::native::reduce_kernel<(int)512, (int)1, at::native::ReduceOp<long, at::native::func_wrapper_t<long, at::native::sum_functor<long, long, long>::operator ()(at::TensorIterator &)::[lambda(long, long) (instance 1)]>, unsigned int, long, (int)4, (int)4>>(T3)"
:stage.process:model.layers.0.self_attn.o_proj,PushPop,2429084,2431523,1,11,589856,53623.3,10656.0,3200,259040,101126.6,"void at::native::vectorized_elementwise_kernel<(int)2, at::native::AUnaryFunctor<long, long, long, at::native::BitwiseAndFunctor<long>>, std::array<char *, (unsigned long)2>>(int, T2, T3)"
:stage.process:model.layers.0.self_attn.o_proj,PushPop,2429084,2431523,1,4,559806,139951.5,141759.5,3712,272575,152532.6,"void at::native::elementwise_kernel<(int)128, (int)2, void at::native::gpu_kernel_impl_nocast<at::native::BinaryFunctor<long, long, long, at::native::lshift_kernel_cuda(at::TensorIteratorBase &)::[lambda() (instance 1)]::operator ()() const::[lambda() (instance 4)]::operator ()() const::[lambda(long, long) (instance 1)]>>(at::TensorIteratorBase &, const T1 &)::[lambda(int) (instance 1)]>(int, T3)"
:stage.process:model.layers.0.self_attn.o_proj,PushPop,2429084,2431523,1,4,536415,134103.8,133951.5,11392,257120,141511.1,"void at::native::elementwise_kernel<(int)128, (int)2, void at::native::gpu_kernel_impl_nocast<at::native::BinaryFunctor<long, long, long, at::native::rshift_kernel_cuda(at::TensorIteratorBase &)::[lambda() (instance 1)]::operator ()() const::[lambda() (instance 4)]::operator ()() const::[lambda(long, long) (instance 1)]>>(at::TensorIteratorBase &, const T1 &)::[lambda(int) (instance 1)]>(int, T3)"
:stage.process:model.layers.0.self_attn.o_proj,PushPop,2429084,2431523,1,113,509856,4512.0,3392.0,2912,15776,3433.2,"void cublasLt::splitKreduce_kernel<(int)32, (int)16, int, float, float, float, float, (bool)0, float, float, float, (bool)1, (bool)0, (bool)0, (bool)0>(cublasLt::cublasSplitKParams<T6>, const T4 *, const T10 *, T9 *, T5 *, const T6 *, const T6 *, const T11 *, const T4 *, T11 *, void *, long, T6 *, int *, T6 *, T6 *, const T6 *, const T6 *, const T6 *, const T6 *, const T6 *)"
:stage.process:model.layers.0.self_attn.o_proj,PushPop,2429084,2431523,1,129,485536,3763.8,3552.0,3456,7200,380.3,"void at::native::elementwise_kernel<(int)128, (int)4, void at::native::gpu_kernel_impl_nocast<at::native::direct_copy_kernel_cuda(at::TensorIteratorBase &)::[lambda() (instance 3)]::operator ()() const::[lambda() (instance 1)]::operator ()() const::[lambda(unsigned char) (instance 1)]>(at::TensorIteratorBase &, const T1 &)::[lambda(int) (instance 1)]>(int, T3)"
:stage.process:model.layers.0.self_attn.o_proj,PushPop,2429084,2431523,1,3,469887,156629.0,225632.0,18336,225919,119765.3,"void at::native::index_elementwise_kernel<(int)128, (int)4, void at::native::gpu_index_kernel<void at::native::index_kernel_impl<at::native::OpaqueType<(int)8>>(at::TensorIteratorBase &, c10::ArrayRef<long>, c10::ArrayRef<long>)::[lambda(char *, const char *, long) (instance 1)]>(at::TensorIteratorBase &, c10::ArrayRef<long>, c10::ArrayRef<long>, const T1 &, bool)::[lambda(int) (instance 1)]>(long, T3)"
:stage.process:model.layers.0.self_attn.o_proj,PushPop,2429084,2431523,1,263,452766,1721.5,1696.0,1600,3776,262.1,"void at::native::vectorized_elementwise_kernel<(int)4, at::native::BinaryFunctor<bool, bool, bool, at::native::BitwiseOrFunctor<bool>>, std::array<char *, (unsigned long)3>>(int, T2, T3)"
:stage.process:model.layers.0.self_attn.o_proj,PushPop,2429084,2431523,1,16,325120,20320.0,20256.0,20032,20736,189.9,"void at::native::<unnamed>::CatArrayBatchedCopy<at::native::<unnamed>::OpaqueType<(unsigned int)4>, unsigned int, (int)2, (int)64, (int)64>(T1 *, at::native::<unnamed>::CatArrInputTensorMetadata<T1, T2, T4, T5>, at::native::<unnamed>::TensorSizeStride<T2, (unsigned int)4>, int, T2)"
:stage.process:model.layers.0.self_attn.o_proj,PushPop,2429084,2431523,1,132,311104,2356.8,1760.0,1664,22496,3430.1,"void at::native::vectorized_elementwise_kernel<(int)4, at::native::BinaryFunctor<long, long, bool, at::native::<unnamed>::CompareEqFunctor<long>>, std::array<char *, (unsigned long)3>>(int, T2, T3)"
:stage.process:model.layers.0.self_attn.o_proj,PushPop,2429084,2431523,1,128,279744,2185.5,2176.0,2144,2208,18.1,"void at::native::elementwise_kernel<(int)128, (int)2, void at::native::gpu_kernel_impl_nocast<at::native::BUnaryFunctor<long, long, long, at::native::rshift_kernel_cuda(at::TensorIteratorBase &)::[lambda() (instance 1)]::operator ()() const::[lambda() (instance 4)]::operator ()() const::[lambda(long, long) (instance 1)]>>(at::TensorIteratorBase &, const T1 &)::[lambda(int) (instance 1)]>(int, T3)"
:stage.process:model.layers.0.self_attn.o_proj,PushPop,2429084,2431523,1,17,234719,13807.0,14752.0,11232,15040,1362.1,ampere_sgemm_64x32_sliced1x4_nn
:stage.process:model.layers.0.self_attn.o_proj,PushPop,2429084,2431523,1,10,216224,21622.4,21568.0,21440,22176,215.0,"std::enable_if<!T7, void>::type internal::gemvx::kernel<int, int, float, float, float, float, (bool)0, (bool)1, (bool)1, (bool)0, (int)7, (bool)0, cublasGemvParamsEx<int, cublasGemvTensorStridedBatched<const float>, cublasGemvTensorStridedBatched<const float>, cublasGemvTensorStridedBatched<float>, float>>(T13)"
:stage.process:model.layers.0.self_attn.o_proj,PushPop,2429084,2431523,1,10,203776,20377.6,18560.0,3424,48096,10976.1,"void at::native::elementwise_kernel<(int)128, (int)2, void at::native::gpu_kernel_impl_nocast<at::native::BinaryFunctor<float, float, float, at::native::binary_internal::MulFunctor<float>>>(at::TensorIteratorBase &, const T1 &)::[lambda(int) (instance 1)]>(int, T3)"
:stage.process:model.layers.0.self_attn.o_proj,PushPop,2429084,2431523,1,9,176928,19658.7,19584.0,19360,20192,272.0,"void at::native::vectorized_elementwise_kernel<(int)4, at::native::BinaryFunctor<float, float, float, at::native::binary_internal::MulFunctor<float>>, std::array<char *, (unsigned long)3>>(int, T2, T3)"
:stage.process:model.layers.0.self_attn.o_proj,PushPop,2429084,2431523,1,16,169152,10572.0,10320.0,9088,12064,960.8,void cutlass::Kernel2<cutlass_80_simt_sgemm_128x32_8x5_nn_align1>(T1::Params)
:stage.process:model.layers.0.self_attn.o_proj,PushPop,2429084,2431523,1,3,140960,46986.7,46560.0,45984,48416,1270.9,"void at::native::triu_tril_kernel<float, int, (bool)0, (int)2, (bool)1>(at::cuda::detail::TensorInfo<T1, T2>, at::cuda::detail::TensorInfo<const T1, T2>, long, long, T2)"
:stage.process:model.layers.0.self_attn.o_proj,PushPop,2429084,2431523,1,6,132864,22144.0,22080.0,16224,28320,6463.5,"void trsm_batch_left_upper_kernel_small<float, (int)16, (int)16, (int)64>(cublasTrsmBatchParams<T1>, const T1 *const *, T1 *const *, const T1 *, T1)"
:stage.process:model.layers.0.self_attn.o_proj,PushPop,2429084,2431523,1,10,117695,11769.5,11504.0,11231,14176,865.2,"void at::native::reduce_kernel<(int)512, (int)1, at::native::ReduceOp<float, at::native::func_wrapper_t<float, at::native::sum_functor<float, float, float>::operator ()(at::TensorIterator &)::[lambda(float, float) (instance 1)]>, unsigned int, float, (int)4, (int)4>>(T3)"
:stage.process:model.layers.0.self_attn.o_proj,PushPop,2429084,2431523,1,14,107936,7709.7,7328.0,1344,21344,4550.1,"void at::native::vectorized_elementwise_kernel<(int)4, at::native::FillFunctor<float>, std::array<char *, (unsigned long)1>>(int, T2, T3)"
:stage.process:model.layers.0.self_attn.o_proj,PushPop,2429084,2431523,1,9,96638,10737.6,11743.0,1632,12448,3429.5,"void at::native::vectorized_elementwise_kernel<(int)4, at::native::BUnaryFunctor<float, float, float, at::native::binary_internal::MulFunctor<float>>, std::array<char *, (unsigned long)2>>(int, T2, T3)"
:stage.process:model.layers.0.self_attn.o_proj,PushPop,2429084,2431523,1,10,76288,7628.8,7680.0,3968,11200,2214.5,"void at::native::reduce_kernel<(int)512, (int)1, at::native::ReduceOp<float, at::native::MeanOps<float, float, float, float>, unsigned int, float, (int)4, (int)4>>(T3)"
:stage.process:model.layers.0.self_attn.o_proj,PushPop,2429084,2431523,1,1,75456,75456.0,75456.0,75456,75456,0.0,"void at::native::<unnamed>::CatArrayBatchedCopy_alignedK_contig<at::native::<unnamed>::OpaqueType<(unsigned int)8>, unsigned int, (int)3, (int)128, (int)1, (int)16>(T1 *, at::native::<unnamed>::CatArrInputTensorMetadata<T1, T2, T4, T5>, at::native::<unnamed>::TensorSizeStride<T2, (unsigned int)4>, int, T2)"
:stage.process:model.layers.0.self_attn.o_proj,PushPop,2429084,2431523,1,3,52256,17418.7,16448.0,15936,19872,2140.0,"void at::native::vectorized_elementwise_kernel<(int)2, at::native::BinaryFunctor<long, long, long, at::native::BitwiseXorFunctor<long>>, std::array<char *, (unsigned long)3>>(int, T2, T3)"
:stage.process:model.layers.0.self_attn.o_proj,PushPop,2429084,2431523,1,4,41696,10424.0,10672.0,9632,10720,528.6,"void at::native::vectorized_elementwise_kernel<(int)2, at::native::BUnaryFunctor<long, long, long, at::native::rshift_kernel_cuda(at::TensorIteratorBase &)::[lambda() (instance 1)]::operator ()() const::[lambda() (instance 4)]::operator ()() const::[lambda(long, long) (instance 1)]>, std::array<char *, (unsigned long)2>>(int, T2, T3)"
:stage.process:model.layers.0.self_attn.o_proj,PushPop,2429084,2431523,1,10,40512,4051.2,3984.0,3328,4768,493.9,"void at::native::elementwise_kernel<(int)128, (int)2, void at::native::gpu_kernel_impl_nocast<at::native::CUDAFunctorOnSelf_add<float>>(at::TensorIteratorBase &, const T1 &)::[lambda(int) (instance 1)]>(int, T3)"
:stage.process:model.layers.0.self_attn.o_proj,PushPop,2429084,2431523,1,2,37728,18864.0,18864.0,18624,19104,339.4,"void at::native::vectorized_elementwise_kernel<(int)2, at::native::BinaryFunctor<long, long, long, at::native::BitwiseOrFunctor<long>>, std::array<char *, (unsigned long)3>>(int, T2, T3)"
:stage.process:model.layers.0.self_attn.o_proj,PushPop,2429084,2431523,1,6,29664,4944.0,1744.0,1568,11520,5069.5,"void at::native::vectorized_elementwise_kernel<(int)4, at::native::AUnaryFunctor<float, float, float, at::native::binary_internal::MulFunctor<float>>, std::array<char *, (unsigned long)2>>(int, T2, T3)"
:stage.process:model.layers.0.self_attn.o_proj,PushPop,2429084,2431523,1,12,24768,2064.0,2144.0,1728,2432,221.9,"void at::native::vectorized_elementwise_kernel<(int)4, at::native::<unnamed>::CompareFunctor<float>, std::array<char *, (unsigned long)3>>(int, T2, T3)"
:stage.process:model.layers.0.self_attn.o_proj,PushPop,2429084,2431523,1,3,20320,6773.3,8128.0,3904,8288,2486.2,"void at::native::unrolled_elementwise_kernel<at::native::direct_copy_kernel_cuda(at::TensorIteratorBase &)::[lambda() (instance 3)]::operator ()() const::[lambda() (instance 3)]::operator ()() const::[lambda(int) (instance 1)], std::array<char *, (unsigned long)2>, (int)4, TrivialOffsetCalculator<(int)1, unsigned int>, TrivialOffsetCalculator<(int)1, unsigned int>, at::native::memory::LoadWithCast<(int)1>, at::native::memory::StoreWithCast<(int)1>>(int, T1, T2, T4, T5, T6, T7)"
:stage.process:model.layers.0.self_attn.o_proj,PushPop,2429084,2431523,1,1,19648,19648.0,19648.0,19648,19648,0.0,"void at::native::elementwise_kernel<(int)128, (int)2, void at::native::gpu_kernel_impl_nocast<at::native::BinaryFunctor<float, float, float, at::native::binary_internal::DivFunctor<float>>>(at::TensorIteratorBase &, const T1 &)::[lambda(int) (instance 1)]>(int, T3)"
:stage.process:model.layers.0.self_attn.o_proj,PushPop,2429084,2431523,1,2,19296,9648.0,9648.0,9568,9728,113.1,"void at::native::vectorized_elementwise_kernel<(int)2, at::native::BUnaryFunctor<long, long, long, at::native::lshift_kernel_cuda(at::TensorIteratorBase &)::[lambda() (instance 1)]::operator ()() const::[lambda() (instance 4)]::operator ()() const::[lambda(long, long) (instance 1)]>, std::array<char *, (unsigned long)2>>(int, T2, T3)"
:stage.process:model.layers.0.self_attn.o_proj,PushPop,2429084,2431523,1,6,18080,3013.3,1664.0,1632,9792,3320.9,"void at::native::vectorized_elementwise_kernel<(int)2, at::native::AUnaryFunctor<long, long, long, at::native::binary_internal::MulFunctor<long>>, std::array<char *, (unsigned long)2>>(int, T2, T3)"
:stage.process:model.layers.0.self_attn.o_proj,PushPop,2429084,2431523,1,1,17344,17344.0,17344.0,17344,17344,0.0,"void at::native::vectorized_elementwise_kernel<(int)4, void at::native::<unnamed>::pow_tensor_scalar_kernel_impl<float, float>(at::TensorIteratorBase &, T2)::[lambda(float) (instance 1)], std::array<char *, (unsigned long)2>>(int, T2, T3)"
:stage.process:model.layers.0.self_attn.o_proj,PushPop,2429084,2431523,1,5,17120,3424.0,1632.0,1568,10656,4043.0,"void at::native::vectorized_elementwise_kernel<(int)2, at::native::CUDAFunctorOnSelf_add<long>, std::array<char *, (unsigned long)2>>(int, T2, T3)"
:stage.process:model.layers.0.self_attn.o_proj,PushPop,2429084,2431523,1,4,14560,3640.0,3600.0,3424,3936,244.2,"void at::native::vectorized_elementwise_kernel<(int)2, at::native::BUnaryFunctor<long, long, long, at::native::remainder_kernel_cuda(at::TensorIteratorBase &)::[lambda() (instance 1)]::operator ()() const::[lambda() (instance 4)]::operator ()() const::[lambda(long, long) (instance 1)]>, std::array<char *, (unsigned long)2>>(int, T2, T3)"
:stage.process:model.layers.0.self_attn.o_proj,PushPop,2429084,2431523,1,3,13504,4501.3,4640.0,4160,4704,297.3,"void at::native::elementwise_kernel<(int)128, (int)2, void at::native::gpu_kernel_impl_nocast<at::native::direct_copy_kernel_cuda(at::TensorIteratorBase &)::[lambda() (instance 3)]::operator ()() const::[lambda() (instance 3)]::operator ()() const::[lambda(int) (instance 1)]>(at::TensorIteratorBase &, const T1 &)::[lambda(int) (instance 1)]>(int, T3)"
:stage.process:model.layers.0.self_attn.o_proj,PushPop,2429084,2431523,1,8,12256,1532.0,1536.0,1440,1664,71.4,"void at::native::unrolled_elementwise_kernel<at::native::AUnaryFunctor<long, long, long, at::native::BitwiseAndFunctor<long>>, std::array<char *, (unsigned long)2>, (int)4, TrivialOffsetCalculator<(int)1, unsigned int>, TrivialOffsetCalculator<(int)1, unsigned int>, at::native::memory::LoadWithoutCast, at::native::memory::StoreWithoutCast>(int, T1, T2, T4, T5, T6, T7)"
:stage.process:model.layers.0.self_attn.o_proj,PushPop,2429084,2431523,1,1,11392,11392.0,11392.0,11392,11392,0.0,"void at::native::vectorized_elementwise_kernel<(int)4, at::native::float16_copy_kernel_cuda(at::TensorIteratorBase &)::[lambda(float) (instance 1)], std::array<char *, (unsigned long)2>>(int, T2, T3)"
:stage.process:model.layers.0.self_attn.o_proj,PushPop,2429084,2431523,1,6,11360,1893.3,1888.0,1856,1920,24.1,"void at::native::vectorized_elementwise_kernel<(int)4, at::native::FillFunctor<unsigned char>, std::array<char *, (unsigned long)1>>(int, T2, T3)"
:stage.process:model.layers.0.self_attn.o_proj,PushPop,2429084,2431523,1,1,11072,11072.0,11072.0,11072,11072,0.0,"void at::native::reduce_kernel<(int)128, (int)4, at::native::ReduceOp<long, at::native::func_wrapper_t<long, at::native::sum_functor<long, long, long>::operator ()(at::TensorIterator &)::[lambda(long, long) (instance 1)]>, unsigned int, long, (int)4, (int)4>>(T3)"
:stage.process:model.layers.0.self_attn.o_proj,PushPop,2429084,2431523,1,3,10592,3530.7,3584.0,3392,3616,121.2,"void at::native::unrolled_elementwise_kernel<at::native::direct_copy_kernel_cuda(at::TensorIteratorBase &)::[lambda() (instance 3)]::operator ()() const::[lambda() (instance 1)]::operator ()() const::[lambda(unsigned char) (instance 1)], std::array<char *, (unsigned long)2>, (int)4, TrivialOffsetCalculator<(int)1, unsigned int>, TrivialOffsetCalculator<(int)1, unsigned int>, at::native::memory::LoadWithCast<(int)1>, at::native::memory::StoreWithCast<(int)1>>(int, T1, T2, T4, T5, T6, T7)"
:stage.process:model.layers.0.self_attn.o_proj,PushPop,2429084,2431523,1,1,9120,9120.0,9120.0,9120,9120,0.0,ampere_sgemm_32x32_sliced1x4_nn
:stage.process:model.layers.0.self_attn.o_proj,PushPop,2429084,2431523,1,4,8320,2080.0,2064.0,1984,2208,94.2,"void at::native::vectorized_elementwise_kernel<(int)4, at::native::FillFunctor<bool>, std::array<char *, (unsigned long)1>>(int, T2, T3)"
:stage.process:model.layers.0.self_attn.o_proj,PushPop,2429084,2431523,1,3,8032,2677.3,2688.0,2624,2720,48.9,"void at::native::vectorized_elementwise_kernel<(int)4, at::native::AUnaryFunctor<unsigned char, unsigned char, bool, at::native::<unnamed>::CompareEqFunctor<unsigned char>>, std::array<char *, (unsigned long)2>>(int, T2, T3)"
:stage.process:model.layers.0.self_attn.o_proj,PushPop,2429084,2431523,1,2,7392,3696.0,3696.0,3680,3712,22.6,"void at::native::vectorized_elementwise_kernel<(int)2, at::native::BUnaryFunctor<long, long, long, at::native::binary_internal::div_floor_kernel_cuda(at::TensorIteratorBase &)::[lambda() (instance 1)]::operator ()() const::[lambda() (instance 4)]::operator ()() const::[lambda(long, long) (instance 1)]>, std::array<char *, (unsigned long)2>>(int, T2, T3)"
:stage.process:model.layers.0.self_attn.o_proj,PushPop,2429084,2431523,1,4,7136,1784.0,1776.0,1760,1824,30.6,"void at::native::vectorized_elementwise_kernel<(int)4, void at::native::compare_scalar_kernel<c10::Half>(at::TensorIteratorBase &, at::native::<unnamed>::OpType, T1)::[lambda(c10::Half) (instance 1)], std::array<char *, (unsigned long)2>>(int, T2, T3)"
:stage.process:model.layers.0.self_attn.o_proj,PushPop,2429084,2431523,1,2,6560,3280.0,3280.0,3232,3328,67.9,"void at::native::elementwise_kernel<(int)128, (int)2, void at::native::gpu_kernel_impl_nocast<at::native::AbsFunctor<float>>(at::TensorIteratorBase &, const T1 &)::[lambda(int) (instance 1)]>(int, T3)"
:stage.process:model.layers.0.self_attn.o_proj,PushPop,2429084,2431523,1,2,6400,3200.0,3200.0,3200,3200,0.0,"void at::native::elementwise_kernel<(int)128, (int)2, void at::native::gpu_kernel_impl_nocast<at::native::CUDAFunctor_add<long>>(at::TensorIteratorBase &, const T1 &)::[lambda(int) (instance 1)]>(int, T3)"
:stage.process:model.layers.0.self_attn.o_proj,PushPop,2429084,2431523,1,3,5888,1962.7,2080.0,1728,2080,203.2,"void at::native::vectorized_elementwise_kernel<(int)4, at::native::BinaryFunctor<float, float, float, at::native::maximum_kernel_cuda(at::TensorIteratorBase &)::[lambda() (instance 2)]::operator ()() const::[lambda() (instance 2)]::operator ()() const::[lambda(float, float) (instance 1)]>, std::array<char *, (unsigned long)3>>(int, T2, T3)"
:stage.process:model.layers.0.self_attn.o_proj,PushPop,2429084,2431523,1,2,4736,2368.0,2368.0,2368,2368,0.0,"void at::native::vectorized_elementwise_kernel<(int)2, at::native::CUDAFunctorOnOther_add<long>, std::array<char *, (unsigned long)2>>(int, T2, T3)"
:stage.process:model.layers.0.self_attn.o_proj,PushPop,2429084,2431523,1,3,4640,1546.7,1536.0,1440,1664,112.4,"xxtrf4_set_info_ker(int, int *)"
:stage.process:model.layers.0.self_attn.o_proj,PushPop,2429084,2431523,1,1,4544,4544.0,4544.0,4544,4544,0.0,"void at::native::<unnamed>::CatArrayBatchedCopy_vectorized<at::native::<unnamed>::OpaqueType<(unsigned int)2>, unsigned int, (int)1, (int)128, (int)1, (int)16, (int)8>(char *, at::native::<unnamed>::CatArrInputTensorMetadata<T1, T2, T4, T5>, at::native::<unnamed>::TensorSizeStride<T2, (unsigned int)4>, int, T2)"
:stage.process:model.layers.0.self_attn.o_proj,PushPop,2429084,2431523,1,1,3616,3616.0,3616.0,3616,3616,0.0,"void at::native::vectorized_elementwise_kernel<(int)4, at::native::AUnaryFunctor<unsigned char, unsigned char, unsigned char, at::native::binary_internal::MulFunctor<unsigned char>>, std::array<char *, (unsigned long)2>>(int, T2, T3)"
:stage.process:model.layers.0.self_attn.o_proj,PushPop,2429084,2431523,1,1,2752,2752.0,2752.0,2752,2752,0.0,"void at::native::vectorized_elementwise_kernel<(int)4, at::native::BinaryFunctor<unsigned char, unsigned char, bool, at::native::<unnamed>::CompareEqFunctor<unsigned char>>, std::array<char *, (unsigned long)3>>(int, T2, T3)"
:stage.process:model.layers.0.self_attn.o_proj,PushPop,2429084,2431523,1,1,2272,2272.0,2272.0,2272,2272,0.0,"void at::native::unrolled_elementwise_kernel<at::native::direct_copy_kernel_cuda(at::TensorIteratorBase &)::[lambda() (instance 3)]::operator ()() const::[lambda() (instance 11)]::operator ()() const::[lambda(bool) (instance 1)], std::array<char *, (unsigned long)2>, (int)4, TrivialOffsetCalculator<(int)1, unsigned int>, TrivialOffsetCalculator<(int)1, unsigned int>, at::native::memory::LoadWithCast<(int)1>, at::native::memory::StoreWithCast<(int)1>>(int, T1, T2, T4, T5, T6, T7)"
:stage.process:model.layers.0.self_attn.o_proj,PushPop,2429084,2431523,1,1,2144,2144.0,2144.0,2144,2144,0.0,"void at::native::vectorized_elementwise_kernel<(int)4, at::native::sqrt_kernel_cuda(at::TensorIteratorBase &)::[lambda() (instance 2)]::operator ()() const::[lambda() (instance 2)]::operator ()() const::[lambda(float) (instance 1)], std::array<char *, (unsigned long)2>>(int, T2, T3)"
:stage.process:model.layers.0.self_attn.o_proj,PushPop,2429084,2431523,1,1,2080,2080.0,2080.0,2080,2080,0.0,"void at::native::unrolled_elementwise_kernel<at::native::<unnamed>::CompareFunctor<c10::Half>, std::array<char *, (unsigned long)3>, (int)4, TrivialOffsetCalculator<(int)2, unsigned int>, TrivialOffsetCalculator<(int)1, unsigned int>, at::native::memory::LoadWithoutCast, at::native::memory::StoreWithoutCast>(int, T1, T2, T4, T5, T6, T7)"
:stage.process:model.layers.0.self_attn.o_proj,PushPop,2429084,2431523,1,1,1760,1760.0,1760.0,1760,1760,0.0,"void at::native::vectorized_elementwise_kernel<(int)4, at::native::<unnamed>::launch_clamp_scalar(at::TensorIteratorBase &, c10::Scalar, c10::Scalar, at::native::detail::ClampLimits)::[lambda() (instance 1)]::operator ()() const::[lambda() (instance 7)]::operator ()() const::[lambda(float) (instance 1)], std::array<char *, (unsigned long)2>>(int, T2, T3)"
:stage.process:model.layers.0.self_attn.q_proj,PushPop,2429084,2431523,1,1318,2381481681,1806890.5,1263997.0,1221054,4096567,1117105.9,void <unnamed>::qvq_fused_w2_family_grid_kernel<(bool)0>(<unnamed>::FusedSequenceArgs)
:stage.process:model.layers.0.self_attn.q_proj,PushPop,2429084,2431523,1,766,1443028786,1883849.6,1421341.0,1356477,2834202,659105.3,"void <unnamed>::qvq_viterbi_kernel<(int)4, (int)2, __half, unsigned char>(const float *, const T3 *, const float *, const long *, const float *, T4 *, long *, float *, int, int, int, bool, bool, bool)"
:stage.process:model.layers.0.self_attn.q_proj,PushPop,2429084,2431523,1,3744,541619078,144663.2,145215.5,132319,153184,3849.0,"void <unnamed>::qvq_v2_segment_grid_kernel<(int)4, (int)2, (int)16, (bool)1, (bool)0, __half, unsigned char>(const float *, const T6 *, const float *, const long *, const float *, const float *, float *, T7 *, unsigned char *, int, int, int, bool, bool)"
:stage.process:model.layers.0.self_attn.q_proj,PushPop,2429084,2431523,1,694,402934033,580596.6,576270.5,307999,858686,162082.9,ampere_sgemm_64x32_sliced1x4_nt
:stage.process:model.layers.0.self_attn.q_proj,PushPop,2429084,2431523,1,1318,116026518,88032.3,87312.0,70271,105375,8558.5,"<unnamed>::qvq_fused_w2_traceback_kernel(const unsigned char *, const unsigned char *, const int *, long *, unsigned char *, int)"
:stage.process:model.layers.0.self_attn.q_proj,PushPop,2429084,2431523,1,4080,73092072,17914.7,8352.0,4352,51968,13678.1,"void at::native::index_elementwise_kernel<(int)128, (int)4, void at::native::gpu_index_kernel<void at::native::index_kernel_impl<at::native::OpaqueType<(int)4>>(at::TensorIteratorBase &, c10::ArrayRef<long>, c10::ArrayRef<long>)::[lambda(char *, const char *, long) (instance 1)]>(at::TensorIteratorBase &, c10::ArrayRef<long>, c10::ArrayRef<long>, const T1 &, bool)::[lambda(int) (instance 1)]>(long, T3)"
:stage.process:model.layers.0.self_attn.q_proj,PushPop,2429084,2431523,1,288,51144151,177583.9,177567.5,58464,295999,70101.7,void cutlass::Kernel2<cutlass_80_simt_sgemm_128x32_8x5_nt_align1>(T1::Params)
:stage.process:model.layers.0.self_attn.q_proj,PushPop,2429084,2431523,1,468,36662838,78339.4,77472.0,68384,89408,4377.2,"void <unnamed>::qvq_v2_segment_grid_finalize_kernel<(int)4, (int)2, (int)16, (bool)0, __half, unsigned char>(const float *, const T5 *, const float *, const long *, const float *, const float *, const T6 *, const unsigned char *, long *, unsigned char *, float *, int, int, bool, bool)"
:stage.process:model.layers.0.self_attn.q_proj,PushPop,2429084,2431523,1,996,29922435,30042.6,30224.0,4320,59808,15661.5,"void gemmSN_NN_kernel<float, (int)128, (int)2, (int)4, (int)8, (int)4, (int)4, (bool)0, cublasGemvTensorStridedBatched<const float>, cublasGemvTensorStridedBatched<const float>, cublasGemvTensorStridedBatched<float>>(cublasGemmSmallNParams<T9, T10, T11, T1>)"
:stage.process:model.layers.0.self_attn.q_proj,PushPop,2429084,2431523,1,50,20540022,410800.4,21280.0,15712,842398,412257.8,ampere_sgemm_128x32_nn
:stage.process:model.layers.0.self_attn.q_proj,PushPop,2429084,2431523,1,2974,18995229,6387.1,7200.0,2528,11872,1785.5,"void at::native::reduce_kernel<(int)512, (int)1, at::native::ReduceOp<bool, at::native::func_wrapper_t<bool, at::native::and_kernel_cuda(at::TensorIterator &)::[lambda() (instance 1)]::operator ()() const::[lambda() (instance 12)]::operator ()() const::[lambda(bool, bool) (instance 1)]>, unsigned int, bool, (int)4, (int)4>>(T3)"
:stage.process:model.layers.0.self_attn.q_proj,PushPop,2429084,2431523,1,1318,15626648,11856.3,13216.0,9152,14719,2142.2,"<unnamed>::qvq_fused_detect_family_mask_kernel(const unsigned int *, int *)"
:stage.process:model.layers.0.self_attn.q_proj,PushPop,2429084,2431523,1,2040,13319053,6528.9,6592.0,3456,7200,340.8,"void at::native::index_elementwise_kernel<(int)128, (int)4, void at::native::gpu_index_kernel<void at::native::index_put_kernel_impl<at::native::OpaqueType<(int)4>>(at::TensorIterator &, c10::ArrayRef<long>, c10::ArrayRef<long>)::[lambda(char *, const char *, long) (instance 1)]>(at::TensorIteratorBase &, c10::ArrayRef<long>, c10::ArrayRef<long>, const T1 &, bool)::[lambda(int) (instance 1)]>(long, T3)"
:stage.process:model.layers.0.self_attn.q_proj,PushPop,2429084,2431523,1,1410,12297575,8721.7,8288.0,4448,34016,1410.5,"void at::native::index_elementwise_kernel<(int)128, (int)4, void at::native::gpu_index_kernel<void at::native::index_kernel_impl<at::native::OpaqueType<(int)2>>(at::TensorIteratorBase &, c10::ArrayRef<long>, c10::ArrayRef<long>)::[lambda(char *, const char *, long) (instance 1)]>(at::TensorIteratorBase &, c10::ArrayRef<long>, c10::ArrayRef<long>, const T1 &, bool)::[lambda(int) (instance 1)]>(long, T3)"
:stage.process:model.layers.0.self_attn.q_proj,PushPop,2429084,2431523,1,1788,11793254,6595.8,7200.0,3264,8512,1268.6,"void at::native::reduce_kernel<(int)512, (int)1, at::native::ReduceOp<float, at::native::func_wrapper_t<float, at::native::MaxNanFunctor<float>>, unsigned int, float, (int)4, (int)4>>(T3)"
:stage.process:model.layers.0.self_attn.q_proj,PushPop,2429084,2431523,1,2241,8731827,3896.4,3168.0,2144,54815,4935.7,"void at::native::elementwise_kernel<(int)128, (int)2, void at::native::gpu_kernel_impl_nocast<at::native::direct_copy_kernel_cuda(at::TensorIteratorBase &)::[lambda() (instance 3)]::operator ()() const::[lambda() (instance 7)]::operator ()() const::[lambda(float) (instance 1)]>(at::TensorIteratorBase &, const T1 &)::[lambda(int) (instance 1)]>(int, T3)"
:stage.process:model.layers.0.self_attn.q_proj,PushPop,2429084,2431523,1,3611,7742866,2144.2,2048.0,1536,19488,836.0,"void at::native::vectorized_elementwise_kernel<(int)4, at::native::AbsFunctor<float>, std::array<char *, (unsigned long)2>>(int, T2, T3)"
:stage.process:model.layers.0.self_attn.q_proj,PushPop,2429084,2431523,1,1020,6896923,6761.7,6848.0,3520,7104,406.4,"void at::native::index_elementwise_kernel<(int)128, (int)4, void at::native::gpu_index_kernel<void at::native::index_put_kernel_impl<at::native::OpaqueType<(int)8>>(at::TensorIterator &, c10::ArrayRef<long>, c10::ArrayRef<long>)::[lambda(char *, const char *, long) (instance 1)]>(at::TensorIteratorBase &, c10::ArrayRef<long>, c10::ArrayRef<long>, const T1 &, bool)::[lambda(int) (instance 1)]>(long, T3)"
:stage.process:model.layers.0.self_attn.q_proj,PushPop,2429084,2431523,1,772,6224912,8063.4,8064.0,7584,8512,179.0,"void at::native::reduce_kernel<(int)512, (int)1, at::native::ReduceOp<c10::Half, at::native::func_wrapper_t<c10::Half, at::native::MaxNanFunctor<c10::Half>>, unsigned int, c10::Half, (int)4, (int)4>>(T3)"
:stage.process:model.layers.0.self_attn.q_proj,PushPop,2429084,2431523,1,2598,5583128,2149.0,2112.0,1536,6592,318.0,"void at::native::vectorized_elementwise_kernel<(int)4, at::native::BinaryFunctor<bool, bool, bool, at::native::binary_internal::MulFunctor<bool>>, std::array<char *, (unsigned long)3>>(int, T2, T3)"
:stage.process:model.layers.0.self_attn.q_proj,PushPop,2429084,2431523,1,177,5450101,30791.5,27040.0,3872,71456,22204.4,"void gemmSN_NN_kernel<float, (int)256, (int)4, (int)2, (int)8, (int)4, (int)4, (bool)0, cublasGemvTensorStridedBatched<const float>, cublasGemvTensorStridedBatched<const float>, cublasGemvTensorStridedBatched<float>>(cublasGemmSmallNParams<T9, T10, T11, T1>)"
:stage.process:model.layers.0.self_attn.q_proj,PushPop,2429084,2431523,1,1285,5275153,4105.2,4096.0,2688,19072,616.3,"void at::native::unrolled_elementwise_kernel<at::native::direct_copy_kernel_cuda(at::TensorIteratorBase &)::[lambda() (instance 3)]::operator ()() const::[lambda() (instance 7)]::operator ()() const::[lambda(float) (instance 1)], std::array<char *, (unsigned long)2>, (int)4, TrivialOffsetCalculator<(int)1, unsigned int>, TrivialOffsetCalculator<(int)1, unsigned int>, at::native::memory::LoadWithCast<(int)1>, at::native::memory::StoreWithCast<(int)1>>(int, T1, T2, T4, T5, T6, T7)"
:stage.process:model.layers.0.self_attn.q_proj,PushPop,2429084,2431523,1,5,4682486,936497.2,934302.0,932094,945758,5376.1,ampere_sgemm_128x32_tn
:stage.process:model.layers.0.self_attn.q_proj,PushPop,2429084,2431523,1,765,4681012,6119.0,6464.0,3200,8224,1208.6,"void at::native::index_elementwise_kernel<(int)128, (int)4, void at::native::gpu_index_kernel<void at::native::index_put_kernel_impl<at::native::OpaqueType<(int)1>>(at::TensorIterator &, c10::ArrayRef<long>, c10::ArrayRef<long>)::[lambda(char *, const char *, long) (instance 1)]>(at::TensorIteratorBase &, c10::ArrayRef<long>, c10::ArrayRef<long>, const T1 &, bool)::[lambda(int) (instance 1)]>(long, T3)"
:stage.process:model.layers.0.self_attn.q_proj,PushPop,2429084,2431523,1,1824,3979669,2181.8,2112.0,1536,16768,961.3,"void at::native::vectorized_elementwise_kernel<(int)4, at::native::BinaryFunctor<float, float, bool, at::native::<unnamed>::CompareEqFunctor<float>>, std::array<char *, (unsigned long)3>>(int, T2, T3)"
:stage.process:model.layers.0.self_attn.q_proj,PushPop,2429084,2431523,1,2044,3881882,1899.2,1920.0,1568,2208,107.5,"void at::native::vectorized_elementwise_kernel<(int)4, at::native::BinaryFunctor<bool, bool, bool, at::native::logical_or_kernel_cuda(at::TensorIterator &)::[lambda() (instance 2)]::operator ()() const::[lambda() (instance 9)]::operator ()() const::[lambda(bool, bool) (instance 1)]>, std::array<char *, (unsigned long)3>>(int, T2, T3)"
:stage.process:model.layers.0.self_attn.q_proj,PushPop,2429084,2431523,1,1823,3855768,2115.1,2080.0,1472,6656,356.9,"void at::native::vectorized_elementwise_kernel<(int)4, at::native::AUnaryFunctor<float, float, bool, at::native::<unnamed>::CompareEqFunctor<float>>, std::array<char *, (unsigned long)2>>(int, T2, T3)"
:stage.process:model.layers.0.self_attn.q_proj,PushPop,2429084,2431523,1,1150,3627575,3154.4,3168.0,1952,24192,648.6,"void at::native::elementwise_kernel<(int)128, (int)2, void at::native::gpu_kernel_impl_nocast<at::native::direct_copy_kernel_cuda(at::TensorIteratorBase &)::[lambda() (instance 3)]::operator ()() const::[lambda() (instance 4)]::operator ()() const::[lambda(long) (instance 1)]>(at::TensorIteratorBase &, const T1 &)::[lambda(int) (instance 1)]>(int, T3)"
:stage.process:model.layers.0.self_attn.q_proj,PushPop,2429084,2431523,1,1547,3425531,2214.3,2144.0,1632,3008,179.5,"void at::native::vectorized_elementwise_kernel<(int)4, at::native::AbsFunctor<c10::Half>, std::array<char *, (unsigned long)2>>(int, T2, T3)"
:stage.process:model.layers.0.self_attn.q_proj,PushPop,2429084,2431523,1,1268,3227134,2545.1,2528.0,1824,3392,350.2,"void at::native::elementwise_kernel<(int)128, (int)2, void at::native::gpu_kernel_impl_nocast<at::native::AUnaryFunctor<long, long, long, at::native::BitwiseAndFunctor<long>>>(at::TensorIteratorBase &, const T1 &)::[lambda(int) (instance 1)]>(int, T3)"
:stage.process:model.layers.0.self_attn.q_proj,PushPop,2429084,2431523,1,1276,3218265,2522.2,2464.0,1728,3072,185.9,"void at::native::roll_cuda_kernel<float>(const T1 *, T1 *, long, long, long, long, long, long)"
:stage.process:model.layers.0.self_attn.q_proj,PushPop,2429084,2431523,1,429,3206875,7475.2,4192.0,3168,48063,4931.7,"void at::native::elementwise_kernel<(int)128, (int)2, void at::native::gpu_kernel_impl_nocast<at::native::CUDAFunctor_add<float>>(at::TensorIteratorBase &, const T1 &)::[lambda(int) (instance 1)]>(int, T3)"
:stage.process:model.layers.0.self_attn.q_proj,PushPop,2429084,2431523,1,1234,3191863,2586.6,2672.0,2176,3232,266.9,"<unnamed>::qvq_half2_codebook_norm_pack_kernel(const __half *, unsigned long *, int)"
:stage.process:model.layers.0.self_attn.q_proj,PushPop,2429084,2431523,1,1176,3145816,2675.0,2208.0,1600,27104,2980.8,"void at::native::vectorized_elementwise_kernel<(int)4, at::native::CUDAFunctor_add<float>, std::array<char *, (unsigned long)3>>(int, T2, T3)"
:stage.process:model.layers.0.self_attn.q_proj,PushPop,2429084,2431523,1,378,3129494,8279.1,8288.0,7872,8480,70.3,"void batch_trsm_left_kernel<float, (int)64, (int)4, (int)3, (bool)0, (bool)0, (bool)1>(cublasTrsmBatchParams2<T1>, T1, const T1 *, int)"
:stage.process:model.layers.0.self_attn.q_proj,PushPop,2429084,2431523,1,905,2831355,3128.6,3232.0,1952,11520,602.8,"void at::native::unrolled_elementwise_kernel<at::native::direct_copy_kernel_cuda(at::TensorIteratorBase &)::[lambda() (instance 3)]::operator ()() const::[lambda() (instance 4)]::operator ()() const::[lambda(long) (instance 1)], std::array<char *, (unsigned long)2>, (int)4, TrivialOffsetCalculator<(int)1, unsigned int>, TrivialOffsetCalculator<(int)1, unsigned int>, at::native::memory::LoadWithCast<(int)1>, at::native::memory::StoreWithCast<(int)1>>(int, T1, T2, T4, T5, T6, T7)"
:stage.process:model.layers.0.self_attn.q_proj,PushPop,2429084,2431523,1,3,2773978,924659.3,925246.0,923486,925246,1016.1,"void kernel<getrf_wo_pivot_params_<float, (int)0, (int)256, (int)1, (int)64, (int)64, (int)68, (int)8, (int)1, (int)1>>(int, int, void *, int, void *, int, int, int, int, int, int *)"
:stage.process:model.layers.0.self_attn.q_proj,PushPop,2429084,2431523,1,1534,2632020,1715.8,1695.5,1536,2176,111.7,"void at::native::vectorized_elementwise_kernel<(int)4, void at::native::compare_scalar_kernel<float>(at::TensorIteratorBase &, at::native::<unnamed>::OpType, T1)::[lambda(float) (instance 1)], std::array<char *, (unsigned long)2>>(int, T2, T3)"
:stage.process:model.layers.0.self_attn.q_proj,PushPop,2429084,2431523,1,400,2322398,5806.0,4032.0,3968,53056,8780.1,ampere_sgemm_32x128_nt
:stage.process:model.layers.0.self_attn.q_proj,PushPop,2429084,2431523,1,1020,2035101,1995.2,2048.0,1632,2336,115.1,"void at::native::vectorized_elementwise_kernel<(int)4, at::native::bitwise_not_kernel_cuda(at::TensorIteratorBase &)::[lambda(bool) (instance 1)], std::array<char *, (unsigned long)2>>(int, T2, T3)"
:stage.process:model.layers.0.self_attn.q_proj,PushPop,2429084,2431523,1,1318,1899711,1441.4,1440.0,1312,1600,80.3,"void at::native::vectorized_elementwise_kernel<(int)4, at::native::FillFunctor<int>, std::array<char *, (unsigned long)1>>(int, T2, T3)"
:stage.process:model.layers.0.self_attn.q_proj,PushPop,2429084,2431523,1,1294,1777885,1373.9,1376.0,1248,2752,99.8,"void <unnamed>::elementwise_kernel_with_index<int, at::native::arange_cuda_out(const c10::Scalar &, const c10::Scalar &, const c10::Scalar &, at::Tensor &)::[lambda() (instance 1)]::operator ()() const::[lambda() (instance 4)]::operator ()() const::[lambda(long) (instance 1)]>(T1, T2, function_traits<T2>::result_type *)"
:stage.process:model.layers.0.self_attn.q_proj,PushPop,2429084,2431523,1,775,1757757,2268.1,2272.0,1760,2368,58.5,"void at::native::vectorized_elementwise_kernel<(int)4, at::native::BinaryFunctor<c10::Half, c10::Half, bool, at::native::<unnamed>::CompareEqFunctor<c10::Half>>, std::array<char *, (unsigned long)3>>(int, T2, T3)"
:stage.process:model.layers.0.self_attn.q_proj,PushPop,2429084,2431523,1,775,1749979,2258.0,2272.0,1760,2368,58.1,"void at::native::vectorized_elementwise_kernel<(int)4, at::native::AUnaryFunctor<c10::Half, c10::Half, bool, at::native::<unnamed>::CompareEqFunctor<c10::Half>>, std::array<char *, (unsigned long)2>>(int, T2, T3)"
:stage.process:model.layers.0.self_attn.q_proj,PushPop,2429084,2431523,1,800,1468444,1835.6,1760.0,1631,12064,543.8,"void at::native::vectorized_elementwise_kernel<(int)4, void at::native::compare_scalar_kernel<long>(at::TensorIteratorBase &, at::native::<unnamed>::OpType, T1)::[lambda(long) (instance 1)], std::array<char *, (unsigned long)2>>(int, T2, T3)"
:stage.process:model.layers.0.self_attn.q_proj,PushPop,2429084,2431523,1,1022,1467388,1435.8,1440.0,1311,7296,260.9,"void at::native::vectorized_elementwise_kernel<(int)2, at::native::FillFunctor<long>, std::array<char *, (unsigned long)1>>(int, T2, T3)"
:stage.process:model.layers.0.self_attn.q_proj,PushPop,2429084,2431523,1,512,1455166,2842.1,2944.0,1856,3232,325.9,"void at::native::elementwise_kernel<(int)128, (int)2, void at::native::gpu_kernel_impl_nocast<at::native::CUDAFunctor_add<long>>(at::TensorIteratorBase &, const T1 &)::[lambda(int) (instance 1)]>(int, T3)"
:stage.process:model.layers.0.self_attn.q_proj,PushPop,2429084,2431523,1,512,1340027,2617.2,2624.0,2368,2912,129.4,"void at::native::unrolled_elementwise_kernel<at::native::BinaryFunctor<float, float, float, at::native::maximum_kernel_cuda(at::TensorIteratorBase &)::[lambda() (instance 2)]::operator ()() const::[lambda() (instance 2)]::operator ()() const::[lambda(float, float) (instance 1)]>, std::array<char *, (unsigned long)3>, (int)4, TrivialOffsetCalculator<(int)2, unsigned int>, TrivialOffsetCalculator<(int)1, unsigned int>, at::native::memory::LoadWithCast<(int)2>, at::native::memory::StoreWithCast<(int)1>>(int, T1, T2, T4, T5, T6, T7)"
:stage.process:model.layers.0.self_attn.q_proj,PushPop,2429084,2431523,1,776,1299517,1674.6,1664.0,1504,10304,324.1,"void at::native::vectorized_elementwise_kernel<(int)2, at::native::AUnaryFunctor<long, long, long, at::native::binary_internal::MulFunctor<long>>, std::array<char *, (unsigned long)2>>(int, T2, T3)"
:stage.process:model.layers.0.self_attn.q_proj,PushPop,2429084,2431523,1,256,1055966,4124.9,4064.0,3904,4480,205.5,"void at::native::elementwise_kernel<(int)128, (int)4, void at::native::gpu_kernel_impl_nocast<at::native::direct_copy_kernel_cuda(at::TensorIteratorBase &)::[lambda() (instance 3)]::operator ()() const::[lambda() (instance 10)]::operator ()() const::[lambda(c10::Half) (instance 1)]>(at::TensorIteratorBase &, const T1 &)::[lambda(int) (instance 1)]>(int, T3)"
:stage.process:model.layers.0.self_attn.q_proj,PushPop,2429084,2431523,1,272,1033888,3801.1,3328.0,3136,13760,1958.2,"void at::native::reduce_kernel<(int)512, (int)1, at::native::ReduceOp<bool, at::native::func_wrapper_t<bool, at::native::or_kernel_cuda(at::TensorIterator &)::[lambda() (instance 1)]::operator ()() const::[lambda() (instance 12)]::operator ()() const::[lambda(bool, bool) (instance 1)]>, unsigned int, bool, (int)4, (int)4>>(T3)"
:stage.process:model.layers.0.self_attn.q_proj,PushPop,2429084,2431523,1,32,929629,29050.9,28992.0,19456,39072,6916.9,ampere_sgemm_128x32_nt
:stage.process:model.layers.0.self_attn.q_proj,PushPop,2429084,2431523,1,43,855327,19891.3,19680.0,17696,23264,1553.4,ampere_sgemm_128x32_sliced1x4_nn
:stage.process:model.layers.0.self_attn.q_proj,PushPop,2429084,2431523,1,128,731326,5713.5,5696.0,5312,6368,150.0,"void at::native::unrolled_elementwise_kernel<at::native::CUDAFunctor_add<float>, std::array<char *, (unsigned long)3>, (int)4, TrivialOffsetCalculator<(int)2, unsigned int>, TrivialOffsetCalculator<(int)1, unsigned int>, at::native::memory::LoadWithCast<(int)2>, at::native::memory::StoreWithCast<(int)1>>(int, T1, T2, T4, T5, T6, T7)"
:stage.process:model.layers.0.self_attn.q_proj,PushPop,2429084,2431523,1,3,665631,221877.0,330016.0,5472,330143,187412.2,"void at::native::reduce_kernel<(int)512, (int)1, at::native::ReduceOp<long, at::native::func_wrapper_t<long, at::native::sum_functor<long, long, long>::operator ()(at::TensorIterator &)::[lambda(long, long) (instance 1)]>, unsigned int, long, (int)4, (int)4>>(T3)"
:stage.process:model.layers.0.self_attn.q_proj,PushPop,2429084,2431523,1,21,602432,28687.2,3200.0,2176,254080,74810.7,"void at::native::vectorized_elementwise_kernel<(int)2, at::native::AUnaryFunctor<long, long, long, at::native::BitwiseAndFunctor<long>>, std::array<char *, (unsigned long)2>>(int, T2, T3)"
:stage.process:model.layers.0.self_attn.q_proj,PushPop,2429084,2431523,1,4,550942,137735.5,137343.5,3744,272511,149973.7,"void at::native::elementwise_kernel<(int)128, (int)2, void at::native::gpu_kernel_impl_nocast<at::native::BinaryFunctor<long, long, long, at::native::lshift_kernel_cuda(at::TensorIteratorBase &)::[lambda() (instance 1)]::operator ()() const::[lambda() (instance 4)]::operator ()() const::[lambda(long, long) (instance 1)]>>(at::TensorIteratorBase &, const T1 &)::[lambda(int) (instance 1)]>(int, T3)"
:stage.process:model.layers.0.self_attn.q_proj,PushPop,2429084,2431523,1,4,538719,134679.8,134607.5,11488,258016,142175.8,"void at::native::elementwise_kernel<(int)128, (int)2, void at::native::gpu_kernel_impl_nocast<at::native::BinaryFunctor<long, long, long, at::native::rshift_kernel_cuda(at::TensorIteratorBase &)::[lambda() (instance 1)]::operator ()() const::[lambda() (instance 4)]::operator ()() const::[lambda(long, long) (instance 1)]>>(at::TensorIteratorBase &, const T1 &)::[lambda(int) (instance 1)]>(int, T3)"
:stage.process:model.layers.0.self_attn.q_proj,PushPop,2429084,2431523,1,129,516958,4007.4,4000.0,3936,7136,278.8,"void at::native::elementwise_kernel<(int)128, (int)4, void at::native::gpu_kernel_impl_nocast<at::native::direct_copy_kernel_cuda(at::TensorIteratorBase &)::[lambda() (instance 3)]::operator ()() const::[lambda() (instance 1)]::operator ()() const::[lambda(unsigned char) (instance 1)]>(at::TensorIteratorBase &, const T1 &)::[lambda(int) (instance 1)]>(int, T3)"
:stage.process:model.layers.0.self_attn.q_proj,PushPop,2429084,2431523,1,113,506847,4485.4,3360.0,3007,15744,3475.0,"void cublasLt::splitKreduce_kernel<(int)32, (int)16, int, float, float, float, float, (bool)0, float, float, float, (bool)1, (bool)0, (bool)0, (bool)0>(cublasLt::cublasSplitKParams<T6>, const T4 *, const T10 *, T9 *, T5 *, const T6 *, const T6 *, const T11 *, const T4 *, T11 *, void *, long, T6 *, int *, T6 *, T6 *, const T6 *, const T6 *, const T6 *, const T6 *, const T6 *)"
:stage.process:model.layers.0.self_attn.q_proj,PushPop,2429084,2431523,1,7,493855,70550.7,6176.0,5760,226240,106203.0,"void at::native::index_elementwise_kernel<(int)128, (int)4, void at::native::gpu_index_kernel<void at::native::index_kernel_impl<at::native::OpaqueType<(int)8>>(at::TensorIteratorBase &, c10::ArrayRef<long>, c10::ArrayRef<long>)::[lambda(char *, const char *, long) (instance 1)]>(at::TensorIteratorBase &, c10::ArrayRef<long>, c10::ArrayRef<long>, const T1 &, bool)::[lambda(int) (instance 1)]>(long, T3)"
:stage.process:model.layers.0.self_attn.q_proj,PushPop,2429084,2431523,1,255,481246,1887.2,1920.0,1568,2176,125.4,"void at::native::vectorized_elementwise_kernel<(int)2, at::native::CUDAFunctor_add<long>, std::array<char *, (unsigned long)3>>(int, T2, T3)"
:stage.process:model.layers.0.self_attn.q_proj,PushPop,2429084,2431523,1,272,480767,1767.5,1728.0,1696,3744,254.4,"void at::native::vectorized_elementwise_kernel<(int)4, at::native::BinaryFunctor<bool, bool, bool, at::native::BitwiseOrFunctor<bool>>, std::array<char *, (unsigned long)3>>(int, T2, T3)"
:stage.process:model.layers.0.self_attn.q_proj,PushPop,2429084,2431523,1,16,324256,20266.0,20288.0,20032,20608,182.0,"void at::native::<unnamed>::CatArrayBatchedCopy<at::native::<unnamed>::OpaqueType<(unsigned int)4>, unsigned int, (int)2, (int)64, (int)64>(T1 *, at::native::<unnamed>::CatArrInputTensorMetadata<T1, T2, T4, T5>, at::native::<unnamed>::TensorSizeStride<T2, (unsigned int)4>, int, T2)"
:stage.process:model.layers.0.self_attn.q_proj,PushPop,2429084,2431523,1,132,312799,2369.7,1792.0,1664,22304,3402.8,"void at::native::vectorized_elementwise_kernel<(int)4, at::native::BinaryFunctor<long, long, bool, at::native::<unnamed>::CompareEqFunctor<long>>, std::array<char *, (unsigned long)3>>(int, T2, T3)"
:stage.process:model.layers.0.self_attn.q_proj,PushPop,2429084,2431523,1,128,279839,2186.2,2176.0,2176,2208,15.0,"void at::native::elementwise_kernel<(int)128, (int)2, void at::native::gpu_kernel_impl_nocast<at::native::BUnaryFunctor<long, long, long, at::native::rshift_kernel_cuda(at::TensorIteratorBase &)::[lambda() (instance 1)]::operator ()() const::[lambda() (instance 4)]::operator ()() const::[lambda(long, long) (instance 1)]>>(at::TensorIteratorBase &, const T1 &)::[lambda(int) (instance 1)]>(int, T3)"
:stage.process:model.layers.0.self_attn.q_proj,PushPop,2429084,2431523,1,17,234944,13820.2,14752.0,11328,15104,1317.2,ampere_sgemm_64x32_sliced1x4_nn
:stage.process:model.layers.0.self_attn.q_proj,PushPop,2429084,2431523,1,10,213119,21311.9,21216.0,21056,22080,304.3,"std::enable_if<!T7, void>::type internal::gemvx::kernel<int, int, float, float, float, float, (bool)0, (bool)1, (bool)1, (bool)0, (int)7, (bool)0, cublasGemvParamsEx<int, cublasGemvTensorStridedBatched<const float>, cublasGemvTensorStridedBatched<const float>, cublasGemvTensorStridedBatched<float>, float>>(T13)"
:stage.process:model.layers.0.self_attn.q_proj,PushPop,2429084,2431523,1,10,206624,20662.4,18256.0,3616,51936,12067.0,"void at::native::elementwise_kernel<(int)128, (int)2, void at::native::gpu_kernel_impl_nocast<at::native::BinaryFunctor<float, float, float, at::native::binary_internal::MulFunctor<float>>>(at::TensorIteratorBase &, const T1 &)::[lambda(int) (instance 1)]>(int, T3)"
:stage.process:model.layers.0.self_attn.q_proj,PushPop,2429084,2431523,1,9,179744,19971.6,20032.0,19296,20352,302.1,"void at::native::vectorized_elementwise_kernel<(int)4, at::native::BinaryFunctor<float, float, float, at::native::binary_internal::MulFunctor<float>>, std::array<char *, (unsigned long)3>>(int, T2, T3)"
:stage.process:model.layers.0.self_attn.q_proj,PushPop,2429084,2431523,1,16,170752,10672.0,10432.0,9216,12256,933.5,void cutlass::Kernel2<cutlass_80_simt_sgemm_128x32_8x5_nn_align1>(T1::Params)
:stage.process:model.layers.0.self_attn.q_proj,PushPop,2429084,2431523,1,3,142048,47349.3,47328.0,47168,47552,192.9,"void at::native::triu_tril_kernel<float, int, (bool)0, (int)2, (bool)1>(at::cuda::detail::TensorInfo<T1, T2>, at::cuda::detail::TensorInfo<const T1, T2>, long, long, T2)"
:stage.process:model.layers.0.self_attn.q_proj,PushPop,2429084,2431523,1,6,132640,22106.7,22064.0,16192,28096,6467.8,"void trsm_batch_left_upper_kernel_small<float, (int)16, (int)16, (int)64>(cublasTrsmBatchParams<T1>, const T1 *const *, T1 *const *, const T1 *, T1)"
:stage.process:model.layers.0.self_attn.q_proj,PushPop,2429084,2431523,1,10,114848,11484.8,11216.0,10848,13536,761.1,"void at::native::reduce_kernel<(int)512, (int)1, at::native::ReduceOp<float, at::native::func_wrapper_t<float, at::native::sum_functor<float, float, float>::operator ()(at::TensorIterator &)::[lambda(float, float) (instance 1)]>, unsigned int, float, (int)4, (int)4>>(T3)"
:stage.process:model.layers.0.self_attn.q_proj,PushPop,2429084,2431523,1,14,107072,7648.0,7392.0,1344,21344,4543.5,"void at::native::vectorized_elementwise_kernel<(int)4, at::native::FillFunctor<float>, std::array<char *, (unsigned long)1>>(int, T2, T3)"
:stage.process:model.layers.0.self_attn.q_proj,PushPop,2429084,2431523,1,9,94240,10471.1,11616.0,1760,11872,3275.6,"void at::native::vectorized_elementwise_kernel<(int)4, at::native::BUnaryFunctor<float, float, float, at::native::binary_internal::MulFunctor<float>>, std::array<char *, (unsigned long)2>>(int, T2, T3)"
:stage.process:model.layers.0.self_attn.q_proj,PushPop,2429084,2431523,1,17,87296,5135.1,2496.0,2400,20160,5913.2,"void at::native::vectorized_elementwise_kernel<(int)2, at::native::BinaryFunctor<long, long, long, at::native::BitwiseXorFunctor<long>>, std::array<char *, (unsigned long)3>>(int, T2, T3)"
:stage.process:model.layers.0.self_attn.q_proj,PushPop,2429084,2431523,1,19,76480,4025.3,2304.0,2176,11232,3526.3,"void at::native::vectorized_elementwise_kernel<(int)2, at::native::BUnaryFunctor<long, long, long, at::native::rshift_kernel_cuda(at::TensorIteratorBase &)::[lambda() (instance 1)]::operator ()() const::[lambda() (instance 4)]::operator ()() const::[lambda(long, long) (instance 1)]>, std::array<char *, (unsigned long)2>>(int, T2, T3)"
:stage.process:model.layers.0.self_attn.q_proj,PushPop,2429084,2431523,1,1,74911,74911.0,74911.0,74911,74911,0.0,"void at::native::<unnamed>::CatArrayBatchedCopy_alignedK_contig<at::native::<unnamed>::OpaqueType<(unsigned int)8>, unsigned int, (int)3, (int)128, (int)1, (int)16>(T1 *, at::native::<unnamed>::CatArrInputTensorMetadata<T1, T2, T4, T5>, at::native::<unnamed>::TensorSizeStride<T2, (unsigned int)4>, int, T2)"
:stage.process:model.layers.0.self_attn.q_proj,PushPop,2429084,2431523,1,10,73408,7340.8,7392.0,3840,11200,2164.5,"void at::native::reduce_kernel<(int)512, (int)1, at::native::ReduceOp<float, at::native::MeanOps<float, float, float, float>, unsigned int, float, (int)4, (int)4>>(T3)"
:stage.process:model.layers.0.self_attn.q_proj,PushPop,2429084,2431523,1,10,40320,4032.0,4080.0,3360,4480,382.8,"void at::native::elementwise_kernel<(int)128, (int)2, void at::native::gpu_kernel_impl_nocast<at::native::CUDAFunctorOnSelf_add<float>>(at::TensorIteratorBase &, const T1 &)::[lambda(int) (instance 1)]>(int, T3)"
:stage.process:model.layers.0.self_attn.q_proj,PushPop,2429084,2431523,1,2,38112,19056.0,19056.0,18592,19520,656.2,"void at::native::vectorized_elementwise_kernel<(int)2, at::native::BinaryFunctor<long, long, long, at::native::BitwiseOrFunctor<long>>, std::array<char *, (unsigned long)3>>(int, T2, T3)"
:stage.process:model.layers.0.self_attn.q_proj,PushPop,2429084,2431523,1,6,29664,4944.0,1792.0,1568,11616,5046.1,"void at::native::vectorized_elementwise_kernel<(int)4, at::native::AUnaryFunctor<float, float, float, at::native::binary_internal::MulFunctor<float>>, std::array<char *, (unsigned long)2>>(int, T2, T3)"
:stage.process:model.layers.0.self_attn.q_proj,PushPop,2429084,2431523,1,10,28640,2864.0,2320.0,1600,10112,2567.1,"void at::native::vectorized_elementwise_kernel<(int)2, at::native::CUDAFunctorOnSelf_add<long>, std::array<char *, (unsigned long)2>>(int, T2, T3)"
:stage.process:model.layers.0.self_attn.q_proj,PushPop,2429084,2431523,1,12,25023,2085.3,2224.0,1824,2335,207.2,"void at::native::vectorized_elementwise_kernel<(int)4, at::native::<unnamed>::CompareFunctor<float>, std::array<char *, (unsigned long)3>>(int, T2, T3)"
:stage.process:model.layers.0.self_attn.q_proj,PushPop,2429084,2431523,1,5,22080,4416.0,4384.0,4384,4512,55.4,"void at::native::<unnamed>::CatArrayBatchedCopy_alignedK_contig<at::native::<unnamed>::OpaqueType<(unsigned int)8>, unsigned int, (int)2, (int)128, (int)1, (int)16>(T1 *, at::native::<unnamed>::CatArrInputTensorMetadata<T1, T2, T4, T5>, at::native::<unnamed>::TensorSizeStride<T2, (unsigned int)4>, int, T2)"
:stage.process:model.layers.0.self_attn.q_proj,PushPop,2429084,2431523,1,2,20672,10336.0,10336.0,10080,10592,362.0,"void at::native::vectorized_elementwise_kernel<(int)2, at::native::BUnaryFunctor<long, long, long, at::native::lshift_kernel_cuda(at::TensorIteratorBase &)::[lambda() (instance 1)]::operator ()() const::[lambda() (instance 4)]::operator ()() const::[lambda(long, long) (instance 1)]>, std::array<char *, (unsigned long)2>>(int, T2, T3)"
:stage.process:model.layers.0.self_attn.q_proj,PushPop,2429084,2431523,1,3,20160,6720.0,8256.0,3648,8256,2660.4,"void at::native::unrolled_elementwise_kernel<at::native::direct_copy_kernel_cuda(at::TensorIteratorBase &)::[lambda() (instance 3)]::operator ()() const::[lambda() (instance 3)]::operator ()() const::[lambda(int) (instance 1)], std::array<char *, (unsigned long)2>, (int)4, TrivialOffsetCalculator<(int)1, unsigned int>, TrivialOffsetCalculator<(int)1, unsigned int>, at::native::memory::LoadWithCast<(int)1>, at::native::memory::StoreWithCast<(int)1>>(int, T1, T2, T4, T5, T6, T7)"
:stage.process:model.layers.0.self_attn.q_proj,PushPop,2429084,2431523,1,1,19072,19072.0,19072.0,19072,19072,0.0,"void at::native::elementwise_kernel<(int)128, (int)2, void at::native::gpu_kernel_impl_nocast<at::native::BinaryFunctor<float, float, float, at::native::binary_internal::DivFunctor<float>>>(at::TensorIteratorBase &, const T1 &)::[lambda(int) (instance 1)]>(int, T3)"
:stage.process:model.layers.0.self_attn.q_proj,PushPop,2429084,2431523,1,10,18688,1868.8,1856.0,1856,1888,16.5,"void at::native::vectorized_elementwise_kernel<(int)4, at::native::FillFunctor<unsigned char>, std::array<char *, (unsigned long)1>>(int, T2, T3)"
:stage.process:model.layers.0.self_attn.q_proj,PushPop,2429084,2431523,1,5,16800,3360.0,2976.0,2912,4480,669.3,"void at::native::<unnamed>::CatArrayBatchedCopy_vectorized<at::native::<unnamed>::OpaqueType<(unsigned int)2>, unsigned int, (int)1, (int)128, (int)1, (int)16, (int)8>(char *, at::native::<unnamed>::CatArrInputTensorMetadata<T1, T2, T4, T5>, at::native::<unnamed>::TensorSizeStride<T2, (unsigned int)4>, int, T2)"
:stage.process:model.layers.0.self_attn.q_proj,PushPop,2429084,2431523,1,1,16000,16000.0,16000.0,16000,16000,0.0,"void at::native::vectorized_elementwise_kernel<(int)4, void at::native::<unnamed>::pow_tensor_scalar_kernel_impl<float, float>(at::TensorIteratorBase &, T2)::[lambda(float) (instance 1)], std::array<char *, (unsigned long)2>>(int, T2, T3)"
:stage.process:model.layers.0.self_attn.q_proj,PushPop,2429084,2431523,1,4,14336,3584.0,3568.0,3424,3776,158.9,"void at::native::vectorized_elementwise_kernel<(int)2, at::native::BUnaryFunctor<long, long, long, at::native::remainder_kernel_cuda(at::TensorIteratorBase &)::[lambda() (instance 1)]::operator ()() const::[lambda() (instance 4)]::operator ()() const::[lambda(long, long) (instance 1)]>, std::array<char *, (unsigned long)2>>(int, T2, T3)"
:stage.process:model.layers.0.self_attn.q_proj,PushPop,2429084,2431523,1,3,13408,4469.3,4576.0,4096,4736,333.1,"void at::native::elementwise_kernel<(int)128, (int)2, void at::native::gpu_kernel_impl_nocast<at::native::direct_copy_kernel_cuda(at::TensorIteratorBase &)::[lambda() (instance 3)]::operator ()() const::[lambda() (instance 3)]::operator ()() const::[lambda(int) (instance 1)]>(at::TensorIteratorBase &, const T1 &)::[lambda(int) (instance 1)]>(int, T3)"
:stage.process:model.layers.0.self_attn.q_proj,PushPop,2429084,2431523,1,8,12032,1504.0,1536.0,1440,1536,45.3,"void at::native::unrolled_elementwise_kernel<at::native::AUnaryFunctor<long, long, long, at::native::BitwiseAndFunctor<long>>, std::array<char *, (unsigned long)2>, (int)4, TrivialOffsetCalculator<(int)1, unsigned int>, TrivialOffsetCalculator<(int)1, unsigned int>, at::native::memory::LoadWithoutCast, at::native::memory::StoreWithoutCast>(int, T1, T2, T4, T5, T6, T7)"
:stage.process:model.layers.0.self_attn.q_proj,PushPop,2429084,2431523,1,6,11392,1898.7,1808.0,1792,2112,153.7,"void at::native::unrolled_elementwise_kernel<at::native::<unnamed>::CompareFunctor<c10::Half>, std::array<char *, (unsigned long)3>, (int)4, TrivialOffsetCalculator<(int)2, unsigned int>, TrivialOffsetCalculator<(int)1, unsigned int>, at::native::memory::LoadWithoutCast, at::native::memory::StoreWithoutCast>(int, T1, T2, T4, T5, T6, T7)"
:stage.process:model.layers.0.self_attn.q_proj,PushPop,2429084,2431523,1,1,11296,11296.0,11296.0,11296,11296,0.0,"void at::native::vectorized_elementwise_kernel<(int)4, at::native::float16_copy_kernel_cuda(at::TensorIteratorBase &)::[lambda(float) (instance 1)], std::array<char *, (unsigned long)2>>(int, T2, T3)"
:stage.process:model.layers.0.self_attn.q_proj,PushPop,2429084,2431523,1,1,10816,10816.0,10816.0,10816,10816,0.0,"void at::native::reduce_kernel<(int)128, (int)4, at::native::ReduceOp<long, at::native::func_wrapper_t<long, at::native::sum_functor<long, long, long>::operator ()(at::TensorIterator &)::[lambda(long, long) (instance 1)]>, unsigned int, long, (int)4, (int)4>>(T3)"
:stage.process:model.layers.0.self_attn.q_proj,PushPop,2429084,2431523,1,3,10304,3434.7,3392.0,3264,3648,195.5,"void at::native::unrolled_elementwise_kernel<at::native::direct_copy_kernel_cuda(at::TensorIteratorBase &)::[lambda() (instance 3)]::operator ()() const::[lambda() (instance 1)]::operator ()() const::[lambda(unsigned char) (instance 1)], std::array<char *, (unsigned long)2>, (int)4, TrivialOffsetCalculator<(int)1, unsigned int>, TrivialOffsetCalculator<(int)1, unsigned int>, at::native::memory::LoadWithCast<(int)1>, at::native::memory::StoreWithCast<(int)1>>(int, T1, T2, T4, T5, T6, T7)"
:stage.process:model.layers.0.self_attn.q_proj,PushPop,2429084,2431523,1,1,9312,9312.0,9312.0,9312,9312,0.0,ampere_sgemm_32x32_sliced1x4_nn
:stage.process:model.layers.0.self_attn.q_proj,PushPop,2429084,2431523,1,4,8320,2080.0,2080.0,2048,2112,26.1,"void at::native::vectorized_elementwise_kernel<(int)4, at::native::FillFunctor<bool>, std::array<char *, (unsigned long)1>>(int, T2, T3)"
:stage.process:model.layers.0.self_attn.q_proj,PushPop,2429084,2431523,1,4,8128,2032.0,2064.0,1856,2144,139.5,"void at::native::vectorized_elementwise_kernel<(int)4, void at::native::compare_scalar_kernel<c10::Half>(at::TensorIteratorBase &, at::native::<unnamed>::OpType, T1)::[lambda(c10::Half) (instance 1)], std::array<char *, (unsigned long)2>>(int, T2, T3)"
:stage.process:model.layers.0.self_attn.q_proj,PushPop,2429084,2431523,1,3,7968,2656.0,2624.0,2560,2784,115.4,"void at::native::vectorized_elementwise_kernel<(int)4, at::native::AUnaryFunctor<unsigned char, unsigned char, bool, at::native::<unnamed>::CompareEqFunctor<unsigned char>>, std::array<char *, (unsigned long)2>>(int, T2, T3)"
:stage.process:model.layers.0.self_attn.q_proj,PushPop,2429084,2431523,1,2,7360,3680.0,3680.0,3552,3808,181.0,"void at::native::vectorized_elementwise_kernel<(int)2, at::native::BUnaryFunctor<long, long, long, at::native::binary_internal::div_floor_kernel_cuda(at::TensorIteratorBase &)::[lambda() (instance 1)]::operator ()() const::[lambda() (instance 4)]::operator ()() const::[lambda(long, long) (instance 1)]>, std::array<char *, (unsigned long)2>>(int, T2, T3)"
:stage.process:model.layers.0.self_attn.q_proj,PushPop,2429084,2431523,1,2,6592,3296.0,3296.0,3264,3328,45.3,"void at::native::elementwise_kernel<(int)128, (int)2, void at::native::gpu_kernel_impl_nocast<at::native::AbsFunctor<float>>(at::TensorIteratorBase &, const T1 &)::[lambda(int) (instance 1)]>(int, T3)"
:stage.process:model.layers.0.self_attn.q_proj,PushPop,2429084,2431523,1,3,5600,1866.7,1888.0,1760,1952,97.8,"void at::native::vectorized_elementwise_kernel<(int)4, at::native::BinaryFunctor<float, float, float, at::native::maximum_kernel_cuda(at::TensorIteratorBase &)::[lambda() (instance 2)]::operator ()() const::[lambda() (instance 2)]::operator ()() const::[lambda(float, float) (instance 1)]>, std::array<char *, (unsigned long)3>>(int, T2, T3)"
:stage.process:model.layers.0.self_attn.q_proj,PushPop,2429084,2431523,1,2,4704,2352.0,2352.0,2304,2400,67.9,"void at::native::vectorized_elementwise_kernel<(int)2, at::native::CUDAFunctorOnOther_add<long>, std::array<char *, (unsigned long)2>>(int, T2, T3)"
:stage.process:model.layers.0.self_attn.q_proj,PushPop,2429084,2431523,1,3,4640,1546.7,1568.0,1440,1632,97.8,"xxtrf4_set_info_ker(int, int *)"
:stage.process:model.layers.0.self_attn.q_proj,PushPop,2429084,2431523,1,1,3616,3616.0,3616.0,3616,3616,0.0,"void at::native::vectorized_elementwise_kernel<(int)4, at::native::AUnaryFunctor<unsigned char, unsigned char, unsigned char, at::native::binary_internal::MulFunctor<unsigned char>>, std::array<char *, (unsigned long)2>>(int, T2, T3)"
:stage.process:model.layers.0.self_attn.q_proj,PushPop,2429084,2431523,1,1,2720,2720.0,2720.0,2720,2720,0.0,"void at::native::vectorized_elementwise_kernel<(int)4, at::native::BinaryFunctor<unsigned char, unsigned char, bool, at::native::<unnamed>::CompareEqFunctor<unsigned char>>, std::array<char *, (unsigned long)3>>(int, T2, T3)"
:stage.process:model.layers.0.self_attn.q_proj,PushPop,2429084,2431523,1,1,2400,2400.0,2400.0,2400,2400,0.0,"void at::native::unrolled_elementwise_kernel<at::native::direct_copy_kernel_cuda(at::TensorIteratorBase &)::[lambda() (instance 3)]::operator ()() const::[lambda() (instance 11)]::operator ()() const::[lambda(bool) (instance 1)], std::array<char *, (unsigned long)2>, (int)4, TrivialOffsetCalculator<(int)1, unsigned int>, TrivialOffsetCalculator<(int)1, unsigned int>, at::native::memory::LoadWithCast<(int)1>, at::native::memory::StoreWithCast<(int)1>>(int, T1, T2, T4, T5, T6, T7)"
:stage.process:model.layers.0.self_attn.q_proj,PushPop,2429084,2431523,1,1,2016,2016.0,2016.0,2016,2016,0.0,"void at::native::vectorized_elementwise_kernel<(int)4, at::native::sqrt_kernel_cuda(at::TensorIteratorBase &)::[lambda() (instance 2)]::operator ()() const::[lambda() (instance 2)]::operator ()() const::[lambda(float) (instance 1)], std::array<char *, (unsigned long)2>>(int, T2, T3)"
:stage.process:model.layers.0.self_attn.q_proj,PushPop,2429084,2431523,1,1,1952,1952.0,1952.0,1952,1952,0.0,"void at::native::vectorized_elementwise_kernel<(int)4, at::native::<unnamed>::launch_clamp_scalar(at::TensorIteratorBase &, c10::Scalar, c10::Scalar, at::native::detail::ClampLimits)::[lambda() (instance 1)]::operator ()() const::[lambda() (instance 7)]::operator ()() const::[lambda(float) (instance 1)], std::array<char *, (unsigned long)2>>(int, T2, T3)"
:stage.process:model.layers.0.self_attn.v_proj,PushPop,2429084,2431523,1,7632,1111639439,145655.1,147232.0,132672,150752,3521.8,"void <unnamed>::qvq_v2_segment_grid_kernel<(int)4, (int)2, (int)16, (bool)1, (bool)0, __half, unsigned char>(const float *, const T6 *, const float *, const long *, const float *, const float *, float *, T7 *, unsigned char *, int, int, int, bool, bool)"
:stage.process:model.layers.0.self_attn.v_proj,PushPop,2429084,2431523,1,574,785476400,1368425.8,1368830.0,1350109,1382526,3886.9,"void <unnamed>::qvq_viterbi_kernel<(int)4, (int)2, __half, unsigned char>(const float *, const T3 *, const float *, const long *, const float *, T4 *, long *, float *, int, int, int, bool, bool, bool)"
:stage.process:model.layers.0.self_attn.v_proj,PushPop,2429084,2431523,1,256,325641849,1272038.5,1271869.5,1269277,1275325,1356.6,void <unnamed>::qvq_fused_w2_family_grid_kernel<(bool)0>(<unnamed>::FusedSequenceArgs)
:stage.process:model.layers.0.self_attn.v_proj,PushPop,2429084,2431523,1,954,76575476,80267.8,81632.0,68480,85536,3436.3,"void <unnamed>::qvq_v2_segment_grid_finalize_kernel<(int)4, (int)2, (int)16, (bool)0, __half, unsigned char>(const float *, const T5 *, const float *, const long *, const float *, const float *, const T6 *, const unsigned char *, long *, unsigned char *, float *, int, int, bool, bool)"
:stage.process:model.layers.0.self_attn.v_proj,PushPop,2429084,2431523,1,468,30193284,64515.6,70720.0,20896,71712,14758.4,void cutlass::Kernel2<cutlass_80_simt_sgemm_128x32_8x5_nt_align1>(T1::Params)
:stage.process:model.layers.0.self_attn.v_proj,PushPop,2429084,2431523,1,2544,23531551,9249.8,7648.0,4000,18976,4114.0,"void at::native::index_elementwise_kernel<(int)128, (int)4, void at::native::gpu_index_kernel<void at::native::index_kernel_impl<at::native::OpaqueType<(int)4>>(at::TensorIteratorBase &, c10::ArrayRef<long>, c10::ArrayRef<long>)::[lambda(char *, const char *, long) (instance 1)]>(at::TensorIteratorBase &, c10::ArrayRef<long>, c10::ArrayRef<long>, const T1 &, bool)::[lambda(int) (instance 1)]>(long, T3)"
:stage.process:model.layers.0.self_attn.v_proj,PushPop,2429084,2431523,1,256,22648502,88470.7,88447.0,86112,90720,849.9,"<unnamed>::qvq_fused_w2_traceback_kernel(const unsigned char *, const unsigned char *, const int *, long *, unsigned char *, int)"
:stage.process:model.layers.0.self_attn.v_proj,PushPop,2429084,2431523,1,2580,13126469,5087.8,4544.0,2656,11424,1601.1,"void at::native::reduce_kernel<(int)512, (int)1, at::native::ReduceOp<bool, at::native::func_wrapper_t<bool, at::native::and_kernel_cuda(at::TensorIterator &)::[lambda() (instance 1)]::operator ()() const::[lambda() (instance 12)]::operator ()() const::[lambda(bool, bool) (instance 1)]>, unsigned int, bool, (int)4, (int)4>>(T3)"
:stage.process:model.layers.0.self_attn.v_proj,PushPop,2429084,2431523,1,1021,8434799,8261.3,8384.0,4320,10752,1405.4,"void at::native::index_elementwise_kernel<(int)128, (int)4, void at::native::gpu_index_kernel<void at::native::index_kernel_impl<at::native::OpaqueType<(int)2>>(at::TensorIteratorBase &, c10::ArrayRef<long>, c10::ArrayRef<long>)::[lambda(char *, const char *, long) (instance 1)]>(at::TensorIteratorBase &, c10::ArrayRef<long>, c10::ArrayRef<long>, const T1 &, bool)::[lambda(int) (instance 1)]>(long, T3)"
:stage.process:model.layers.0.self_attn.v_proj,PushPop,2429084,2431523,1,1272,8284595,6513.0,6560.0,3456,7136,379.6,"void at::native::index_elementwise_kernel<(int)128, (int)4, void at::native::gpu_index_kernel<void at::native::index_put_kernel_impl<at::native::OpaqueType<(int)4>>(at::TensorIterator &, c10::ArrayRef<long>, c10::ArrayRef<long>)::[lambda(char *, const char *, long) (instance 1)]>(at::TensorIteratorBase &, c10::ArrayRef<long>, c10::ArrayRef<long>, const T1 &, bool)::[lambda(int) (instance 1)]>(long, T3)"
:stage.process:model.layers.0.self_attn.v_proj,PushPop,2429084,2431523,1,1404,6555954,4669.5,4704.0,3104,5120,299.5,"void at::native::reduce_kernel<(int)512, (int)1, at::native::ReduceOp<float, at::native::func_wrapper_t<float, at::native::MaxNanFunctor<float>>, unsigned int, float, (int)4, (int)4>>(T3)"
:stage.process:model.layers.0.self_attn.v_proj,PushPop,2429084,2431523,1,772,6447152,8351.2,8352.0,8095,8640,91.0,"void at::native::reduce_kernel<(int)512, (int)1, at::native::ReduceOp<c10::Half, at::native::func_wrapper_t<c10::Half, at::native::MaxNanFunctor<c10::Half>>, unsigned int, c10::Half, (int)4, (int)4>>(T3)"
:stage.process:model.layers.0.self_attn.v_proj,PushPop,2429084,2431523,1,1841,5996180,3257.0,3104.0,2112,47296,2789.0,"void at::native::elementwise_kernel<(int)128, (int)2, void at::native::gpu_kernel_impl_nocast<at::native::direct_copy_kernel_cuda(at::TensorIteratorBase &)::[lambda() (instance 3)]::operator ()() const::[lambda() (instance 7)]::operator ()() const::[lambda(float) (instance 1)]>(at::TensorIteratorBase &, const T1 &)::[lambda(int) (instance 1)]>(int, T3)"
:stage.process:model.layers.0.self_attn.v_proj,PushPop,2429084,2431523,1,2843,5808953,2043.2,1984.0,1504,18176,548.8,"void at::native::vectorized_elementwise_kernel<(int)4, at::native::AbsFunctor<float>, std::array<char *, (unsigned long)2>>(int, T2, T3)"
:stage.process:model.layers.0.self_attn.v_proj,PushPop,2429084,2431523,1,400,5801781,14504.5,4032.0,3999,66176,20334.7,ampere_sgemm_32x128_nt
:stage.process:model.layers.0.self_attn.v_proj,PushPop,2429084,2431523,1,66,5003417,75809.3,46352.0,39104,245023,71475.3,ampere_sgemm_32x32_sliced1x4_nt
:stage.process:model.layers.0.self_attn.v_proj,PushPop,2429084,2431523,1,2209,4686519,2121.6,2048.0,1632,6528,219.9,"void at::native::vectorized_elementwise_kernel<(int)4, at::native::BinaryFunctor<bool, bool, bool, at::native::binary_internal::MulFunctor<bool>>, std::array<char *, (unsigned long)3>>(int, T2, T3)"
:stage.process:model.layers.0.self_attn.v_proj,PushPop,2429084,2431523,1,262,4483034,17110.8,5088.0,3328,56896,16966.4,"void gemmSN_NN_kernel<float, (int)256, (int)4, (int)2, (int)8, (int)4, (int)4, (bool)0, cublasGemvTensorStridedBatched<const float>, cublasGemvTensorStridedBatched<const float>, cublasGemvTensorStridedBatched<float>>(cublasGemmSmallNParams<T9, T10, T11, T1>)"
:stage.process:model.layers.0.self_attn.v_proj,PushPop,2429084,2431523,1,636,4320440,6793.1,6880.0,3392,7456,527.0,"void at::native::index_elementwise_kernel<(int)128, (int)4, void at::native::gpu_index_kernel<void at::native::index_put_kernel_impl<at::native::OpaqueType<(int)8>>(at::TensorIterator &, c10::ArrayRef<long>, c10::ArrayRef<long>)::[lambda(char *, const char *, long) (instance 1)]>(at::TensorIteratorBase &, c10::ArrayRef<long>, c10::ArrayRef<long>, const T1 &, bool)::[lambda(int) (instance 1)]>(long, T3)"
:stage.process:model.layers.0.self_attn.v_proj,PushPop,2429084,2431523,1,1528,3926713,2569.8,2656.0,2144,3104,284.2,"<unnamed>::qvq_half2_codebook_norm_pack_kernel(const __half *, unsigned long *, int)"
:stage.process:model.layers.0.self_attn.v_proj,PushPop,2429084,2431523,1,901,3479290,3861.6,3840.0,2528,7040,237.7,"void at::native::unrolled_elementwise_kernel<at::native::direct_copy_kernel_cuda(at::TensorIteratorBase &)::[lambda() (instance 3)]::operator ()() const::[lambda() (instance 7)]::operator ()() const::[lambda(float) (instance 1)], std::array<char *, (unsigned long)2>, (int)4, TrivialOffsetCalculator<(int)1, unsigned int>, TrivialOffsetCalculator<(int)1, unsigned int>, at::native::memory::LoadWithCast<(int)1>, at::native::memory::StoreWithCast<(int)1>>(int, T1, T2, T4, T5, T6, T7)"
:stage.process:model.layers.0.self_attn.v_proj,PushPop,2429084,2431523,1,1542,3312634,2148.3,2144.0,1664,2880,52.7,"void at::native::vectorized_elementwise_kernel<(int)4, at::native::AbsFunctor<c10::Half>, std::array<char *, (unsigned long)2>>(int, T2, T3)"
:stage.process:model.layers.0.self_attn.v_proj,PushPop,2429084,2431523,1,516,3144282,6093.6,6368.0,4352,6752,662.2,"void gemmSN_NN_kernel<float, (int)128, (int)2, (int)4, (int)8, (int)4, (int)4, (bool)0, cublasGemvTensorStridedBatched<const float>, cublasGemvTensorStridedBatched<const float>, cublasGemvTensorStridedBatched<float>>(cublasGemmSmallNParams<T9, T10, T11, T1>)"
:stage.process:model.layers.0.self_attn.v_proj,PushPop,2429084,2431523,1,1440,3006170,2087.6,2048.0,1472,12832,571.4,"void at::native::vectorized_elementwise_kernel<(int)4, at::native::BinaryFunctor<float, float, bool, at::native::<unnamed>::CompareEqFunctor<float>>, std::array<char *, (unsigned long)3>>(int, T2, T3)"
:stage.process:model.layers.0.self_attn.v_proj,PushPop,2429084,2431523,1,1439,2942043,2044.5,2048.0,1504,6048,234.5,"void at::native::vectorized_elementwise_kernel<(int)4, at::native::AUnaryFunctor<float, float, bool, at::native::<unnamed>::CompareEqFunctor<float>>, std::array<char *, (unsigned long)2>>(int, T2, T3)"
:stage.process:model.layers.0.self_attn.v_proj,PushPop,2429084,2431523,1,12,2778713,231559.4,231583.5,231263,231744,143.3,ampere_sgemm_128x64_nn
:stage.process:model.layers.0.self_attn.v_proj,PushPop,2429084,2431523,1,862,2586716,3000.8,2944.0,1856,8608,284.1,"void at::native::elementwise_kernel<(int)128, (int)2, void at::native::gpu_kernel_impl_nocast<at::native::direct_copy_kernel_cuda(at::TensorIteratorBase &)::[lambda() (instance 3)]::operator ()() const::[lambda() (instance 4)]::operator ()() const::[lambda(long) (instance 1)]>(at::TensorIteratorBase &, const T1 &)::[lambda(int) (instance 1)]>(int, T3)"
:stage.process:model.layers.0.self_attn.v_proj,PushPop,2429084,2431523,1,256,2468505,9642.6,9536.0,9248,14464,401.4,"<unnamed>::qvq_fused_detect_family_mask_kernel(const unsigned int *, int *)"
:stage.process:model.layers.0.self_attn.v_proj,PushPop,2429084,2431523,1,282,2332283,8270.5,8288.0,7840,8576,70.5,"void batch_trsm_left_kernel<float, (int)64, (int)4, (int)3, (bool)0, (bool)0, (bool)1>(cublasTrsmBatchParams2<T1>, T1, const T1 *, int)"
:stage.process:model.layers.0.self_attn.v_proj,PushPop,2429084,2431523,1,1276,2280190,1787.0,1760.0,1536,2176,124.6,"void at::native::vectorized_elementwise_kernel<(int)4, at::native::BinaryFunctor<bool, bool, bool, at::native::logical_or_kernel_cuda(at::TensorIterator &)::[lambda() (instance 2)]::operator ()() const::[lambda() (instance 9)]::operator ()() const::[lambda(bool, bool) (instance 1)]>, std::array<char *, (unsigned long)3>>(int, T2, T3)"
:stage.process:model.layers.0.self_attn.v_proj,PushPop,2429084,2431523,1,892,2183871,2448.3,2432.0,1728,2624,102.4,"void at::native::roll_cuda_kernel<float>(const T1 *, T1 *, long, long, long, long, long, long)"
:stage.process:model.layers.0.self_attn.v_proj,PushPop,2429084,2431523,1,477,2168700,4546.5,4800.0,3104,5472,596.6,"void at::native::index_elementwise_kernel<(int)128, (int)4, void at::native::gpu_index_kernel<void at::native::index_put_kernel_impl<at::native::OpaqueType<(int)1>>(at::TensorIterator &, c10::ArrayRef<long>, c10::ArrayRef<long>)::[lambda(char *, const char *, long) (instance 1)]>(at::TensorIteratorBase &, c10::ArrayRef<long>, c10::ArrayRef<long>, const T1 &, bool)::[lambda(int) (instance 1)]>(long, T3)"
:stage.process:model.layers.0.self_attn.v_proj,PushPop,2429084,2431523,1,3,2083004,694334.7,923006.0,235104,924894,397706.5,"void kernel<getrf_wo_pivot_params_<float, (int)0, (int)256, (int)1, (int)64, (int)64, (int)68, (int)8, (int)1, (int)1>>(int, int, void *, int, void *, int, int, int, int, int, int *)"
:stage.process:model.layers.0.self_attn.v_proj,PushPop,2429084,2431523,1,413,1985243,4806.9,3712.0,3200,48224,3390.3,"void at::native::elementwise_kernel<(int)128, (int)2, void at::native::gpu_kernel_impl_nocast<at::native::CUDAFunctor_add<float>>(at::TensorIteratorBase &, const T1 &)::[lambda(int) (instance 1)]>(int, T3)"
:stage.process:model.layers.0.self_attn.v_proj,PushPop,2429084,2431523,1,884,1957597,2214.5,2240.0,1792,2752,171.9,"void at::native::elementwise_kernel<(int)128, (int)2, void at::native::gpu_kernel_impl_nocast<at::native::AUnaryFunctor<long, long, long, at::native::BitwiseAndFunctor<long>>>(at::TensorIteratorBase &, const T1 &)::[lambda(int) (instance 1)]>(int, T3)"
:stage.process:model.layers.0.self_attn.v_proj,PushPop,2429084,2431523,1,1150,1875001,1630.4,1664.0,1535,1952,55.1,"void at::native::vectorized_elementwise_kernel<(int)4, void at::native::compare_scalar_kernel<float>(at::TensorIteratorBase &, at::native::<unnamed>::OpType, T1)::[lambda(float) (instance 1)], std::array<char *, (unsigned long)2>>(int, T2, T3)"
:stage.process:model.layers.0.self_attn.v_proj,PushPop,2429084,2431523,1,792,1848607,2334.1,2176.0,1504,9472,823.8,"void at::native::vectorized_elementwise_kernel<(int)4, at::native::CUDAFunctor_add<float>, std::array<char *, (unsigned long)3>>(int, T2, T3)"
:stage.process:model.layers.0.self_attn.v_proj,PushPop,2429084,2431523,1,770,1734772,2253.0,2240.0,1760,2336,24.8,"void at::native::vectorized_elementwise_kernel<(int)4, at::native::BinaryFunctor<c10::Half, c10::Half, bool, at::native::<unnamed>::CompareEqFunctor<c10::Half>>, std::array<char *, (unsigned long)3>>(int, T2, T3)"
:stage.process:model.layers.0.self_attn.v_proj,PushPop,2429084,2431523,1,770,1719484,2233.1,2240.0,1760,2304,26.4,"void at::native::vectorized_elementwise_kernel<(int)4, at::native::AUnaryFunctor<c10::Half, c10::Half, bool, at::native::<unnamed>::CompareEqFunctor<c10::Half>>, std::array<char *, (unsigned long)2>>(int, T2, T3)"
:stage.process:model.layers.0.self_attn.v_proj,PushPop,2429084,2431523,1,613,1647865,2688.2,2656.0,1792,4768,464.3,"void at::native::unrolled_elementwise_kernel<at::native::direct_copy_kernel_cuda(at::TensorIteratorBase &)::[lambda() (instance 3)]::operator ()() const::[lambda() (instance 4)]::operator ()() const::[lambda(long) (instance 1)], std::array<char *, (unsigned long)2>, (int)4, TrivialOffsetCalculator<(int)1, unsigned int>, TrivialOffsetCalculator<(int)1, unsigned int>, at::native::memory::LoadWithCast<(int)1>, at::native::memory::StoreWithCast<(int)1>>(int, T1, T2, T4, T5, T6, T7)"
:stage.process:model.layers.0.self_attn.v_proj,PushPop,2429084,2431523,1,82,1505054,18354.3,9760.0,5952,88640,26183.1,ampere_sgemm_32x32_sliced1x4_nn
:stage.process:model.layers.0.self_attn.v_proj,PushPop,2429084,2431523,1,782,1404348,1795.8,1760.0,1696,4768,193.0,"void at::native::vectorized_elementwise_kernel<(int)4, void at::native::compare_scalar_kernel<long>(at::TensorIteratorBase &, at::native::<unnamed>::OpType, T1)::[lambda(long) (instance 1)], std::array<char *, (unsigned long)2>>(int, T2, T3)"
:stage.process:model.layers.0.self_attn.v_proj,PushPop,2429084,2431523,1,512,1315904,2570.1,2592.0,2400,2880,88.9,"void at::native::unrolled_elementwise_kernel<at::native::BinaryFunctor<float, float, float, at::native::maximum_kernel_cuda(at::TensorIteratorBase &)::[lambda() (instance 2)]::operator ()() const::[lambda() (instance 2)]::operator ()() const::[lambda(float, float) (instance 1)]>, std::array<char *, (unsigned long)3>, (int)4, TrivialOffsetCalculator<(int)2, unsigned int>, TrivialOffsetCalculator<(int)1, unsigned int>, at::native::memory::LoadWithCast<(int)2>, at::native::memory::StoreWithCast<(int)1>>(int, T1, T2, T4, T5, T6, T7)"
:stage.process:model.layers.0.self_attn.v_proj,PushPop,2429084,2431523,1,636,1167293,1835.4,1824.0,1632,2208,114.3,"void at::native::vectorized_elementwise_kernel<(int)4, at::native::bitwise_not_kernel_cuda(at::TensorIteratorBase &)::[lambda(bool) (instance 1)], std::array<char *, (unsigned long)2>>(int, T2, T3)"
:stage.process:model.layers.0.self_attn.v_proj,PushPop,2429084,2431523,1,256,1005599,3928.1,3920.0,3808,4128,92.1,"void at::native::elementwise_kernel<(int)128, (int)4, void at::native::gpu_kernel_impl_nocast<at::native::direct_copy_kernel_cuda(at::TensorIteratorBase &)::[lambda() (instance 3)]::operator ()() const::[lambda() (instance 10)]::operator ()() const::[lambda(c10::Half) (instance 1)]>(at::TensorIteratorBase &, const T1 &)::[lambda(int) (instance 1)]>(int, T3)"
:stage.process:model.layers.0.self_attn.v_proj,PushPop,2429084,2431523,1,263,929439,3534.0,3392.0,3200,8832,781.8,"void at::native::reduce_kernel<(int)512, (int)1, at::native::ReduceOp<bool, at::native::func_wrapper_t<bool, at::native::or_kernel_cuda(at::TensorIterator &)::[lambda() (instance 1)]::operator ()() const::[lambda() (instance 12)]::operator ()() const::[lambda(bool, bool) (instance 1)]>, unsigned int, bool, (int)4, (int)4>>(T3)"
:stage.process:model.layers.0.self_attn.v_proj,PushPop,2429084,2431523,1,638,892222,1398.5,1408.0,1312,3232,114.6,"void at::native::vectorized_elementwise_kernel<(int)2, at::native::FillFunctor<long>, std::array<char *, (unsigned long)1>>(int, T2, T3)"
:stage.process:model.layers.0.self_attn.v_proj,PushPop,2429084,2431523,1,587,808511,1377.4,1376.0,1248,1952,63.2,"void <unnamed>::elementwise_kernel_with_index<int, at::native::arange_cuda_out(const c10::Scalar &, const c10::Scalar &, const c10::Scalar &, at::Tensor &)::[lambda() (instance 1)]::operator ()() const::[lambda() (instance 4)]::operator ()() const::[lambda(long) (instance 1)]>(T1, T2, function_traits<T2>::result_type *)"
:stage.process:model.layers.0.self_attn.v_proj,PushPop,2429084,2431523,1,128,597632,4669.0,4672.0,4416,5088,85.1,"void at::native::unrolled_elementwise_kernel<at::native::CUDAFunctor_add<float>, std::array<char *, (unsigned long)3>, (int)4, TrivialOffsetCalculator<(int)2, unsigned int>, TrivialOffsetCalculator<(int)1, unsigned int>, at::native::memory::LoadWithCast<(int)2>, at::native::memory::StoreWithCast<(int)1>>(int, T1, T2, T4, T5, T6, T7)"
:stage.process:model.layers.0.self_attn.v_proj,PushPop,2429084,2431523,1,2,448672,224336.0,224336.0,224256,224416,113.1,ampere_sgemm_128x32_nn
:stage.process:model.layers.0.self_attn.v_proj,PushPop,2429084,2431523,1,263,440479,1674.8,1664.0,1568,2656,137.6,"void at::native::vectorized_elementwise_kernel<(int)4, at::native::BinaryFunctor<bool, bool, bool, at::native::BitwiseOrFunctor<bool>>, std::array<char *, (unsigned long)3>>(int, T2, T3)"
:stage.process:model.layers.0.self_attn.v_proj,PushPop,2429084,2431523,1,129,415102,3217.8,3200.0,3168,4000,71.3,"void at::native::elementwise_kernel<(int)128, (int)4, void at::native::gpu_kernel_impl_nocast<at::native::direct_copy_kernel_cuda(at::TensorIteratorBase &)::[lambda() (instance 3)]::operator ()() const::[lambda() (instance 1)]::operator ()() const::[lambda(unsigned char) (instance 1)]>(at::TensorIteratorBase &, const T1 &)::[lambda(int) (instance 1)]>(int, T3)"
:stage.process:model.layers.0.self_attn.v_proj,PushPop,2429084,2431523,1,42,382687,9111.6,8528.0,7456,11264,1329.9,ampere_sgemm_64x32_sliced1x4_nn
:stage.process:model.layers.0.self_attn.v_proj,PushPop,2429084,2431523,1,256,356671,1393.2,1408.0,1312,1472,50.8,"void at::native::vectorized_elementwise_kernel<(int)4, at::native::FillFunctor<int>, std::array<char *, (unsigned long)1>>(int, T2, T3)"
:stage.process:model.layers.0.self_attn.v_proj,PushPop,2429084,2431523,1,114,352512,3092.2,3104.0,2496,3744,264.8,"void cublasLt::splitKreduce_kernel<(int)32, (int)16, int, float, float, float, float, (bool)0, float, float, float, (bool)1, (bool)0, (bool)0, (bool)0>(cublasLt::cublasSplitKParams<T6>, const T4 *, const T10 *, T9 *, T5 *, const T6 *, const T6 *, const T11 *, const T4 *, T11 *, void *, long, T6 *, int *, T6 *, T6 *, const T6 *, const T6 *, const T6 *, const T6 *, const T6 *)"
:stage.process:model.layers.0.self_attn.v_proj,PushPop,2429084,2431523,1,4,286752,71688.0,71696.0,71584,71776,80.0,ampere_sgemm_32x128_tn
:stage.process:model.layers.0.self_attn.v_proj,PushPop,2429084,2431523,1,128,263519,2058.7,2048.0,2016,2112,16.2,"void at::native::elementwise_kernel<(int)128, (int)2, void at::native::gpu_kernel_impl_nocast<at::native::BUnaryFunctor<long, long, long, at::native::rshift_kernel_cuda(at::TensorIteratorBase &)::[lambda() (instance 1)]::operator ()() const::[lambda() (instance 4)]::operator ()() const::[lambda(long, long) (instance 1)]>>(at::TensorIteratorBase &, const T1 &)::[lambda(int) (instance 1)]>(int, T3)"
:stage.process:model.layers.0.self_attn.v_proj,PushPop,2429084,2431523,1,132,252511,1913.0,1760.0,1759,6496,798.0,"void at::native::vectorized_elementwise_kernel<(int)4, at::native::BinaryFunctor<long, long, bool, at::native::<unnamed>::CompareEqFunctor<long>>, std::array<char *, (unsigned long)3>>(int, T2, T3)"
:stage.process:model.layers.0.self_attn.v_proj,PushPop,2429084,2431523,1,12,207776,17314.7,20144.0,11136,20512,4431.1,"void at::native::<unnamed>::CatArrayBatchedCopy<at::native::<unnamed>::OpaqueType<(unsigned int)4>, unsigned int, (int)2, (int)64, (int)64>(T1 *, at::native::<unnamed>::CatArrInputTensorMetadata<T1, T2, T4, T5>, at::native::<unnamed>::TensorSizeStride<T2, (unsigned int)4>, int, T2)"
:stage.process:model.layers.0.self_attn.v_proj,PushPop,2429084,2431523,1,3,180320,60106.7,87712.0,4800,87808,47897.0,"void at::native::reduce_kernel<(int)512, (int)1, at::native::ReduceOp<long, at::native::func_wrapper_t<long, at::native::sum_functor<long, long, long>::operator ()(at::TensorIterator &)::[lambda(long, long) (instance 1)]>, unsigned int, long, (int)4, (int)4>>(T3)"
:stage.process:model.layers.0.self_attn.v_proj,PushPop,2429084,2431523,1,11,156095,14190.5,3744.0,2368,63168,24191.9,"void at::native::vectorized_elementwise_kernel<(int)2, at::native::AUnaryFunctor<long, long, long, at::native::BitwiseAndFunctor<long>>, std::array<char *, (unsigned long)2>>(int, T2, T3)"
:stage.process:model.layers.0.self_attn.v_proj,PushPop,2429084,2431523,1,1,149855,149855.0,149855.0,149855,149855,0.0,ampere_sgemm_128x32_tn
:stage.process:model.layers.0.self_attn.v_proj,PushPop,2429084,2431523,1,4,145408,36352.0,36384.0,4896,67744,36229.9,"void at::native::elementwise_kernel<(int)128, (int)2, void at::native::gpu_kernel_impl_nocast<at::native::BinaryFunctor<long, long, long, at::native::rshift_kernel_cuda(at::TensorIteratorBase &)::[lambda() (instance 1)]::operator ()() const::[lambda() (instance 4)]::operator ()() const::[lambda(long, long) (instance 1)]>>(at::TensorIteratorBase &, const T1 &)::[lambda(int) (instance 1)]>(int, T3)"
:stage.process:model.layers.0.self_attn.v_proj,PushPop,2429084,2431523,1,4,143584,35896.0,36256.0,3552,67520,36411.6,"void at::native::elementwise_kernel<(int)128, (int)2, void at::native::gpu_kernel_impl_nocast<at::native::BinaryFunctor<long, long, long, at::native::lshift_kernel_cuda(at::TensorIteratorBase &)::[lambda() (instance 1)]::operator ()() const::[lambda() (instance 4)]::operator ()() const::[lambda(long, long) (instance 1)]>>(at::TensorIteratorBase &, const T1 &)::[lambda(int) (instance 1)]>(int, T3)"
:stage.process:model.layers.0.self_attn.v_proj,PushPop,2429084,2431523,1,6,132319,22053.2,22016.0,16223,27936,6386.0,"void trsm_batch_left_upper_kernel_small<float, (int)16, (int)16, (int)64>(cublasTrsmBatchParams<T1>, const T1 *const *, T1 *const *, const T1 *, T1)"
:stage.process:model.layers.0.self_attn.v_proj,PushPop,2429084,2431523,1,3,120735,40245.0,56352.0,7456,56927,28397.6,"void at::native::index_elementwise_kernel<(int)128, (int)4, void at::native::gpu_index_kernel<void at::native::index_kernel_impl<at::native::OpaqueType<(int)8>>(at::TensorIteratorBase &, c10::ArrayRef<long>, c10::ArrayRef<long>)::[lambda(char *, const char *, long) (instance 1)]>(at::TensorIteratorBase &, c10::ArrayRef<long>, c10::ArrayRef<long>, const T1 &, bool)::[lambda(int) (instance 1)]>(long, T3)"
:stage.process:model.layers.0.self_attn.v_proj,PushPop,2429084,2431523,1,3,101056,33685.3,46752.0,6240,48064,23777.4,"void at::native::triu_tril_kernel<float, int, (bool)0, (int)2, (bool)1>(at::cuda::detail::TensorInfo<T1, T2>, at::cuda::detail::TensorInfo<const T1, T2>, long, long, T2)"
:stage.process:model.layers.0.self_attn.v_proj,PushPop,2429084,2431523,1,10,81088,8108.8,6160.0,3552,20800,6083.3,"void at::native::elementwise_kernel<(int)128, (int)2, void at::native::gpu_kernel_impl_nocast<at::native::BinaryFunctor<float, float, float, at::native::binary_internal::MulFunctor<float>>>(at::TensorIteratorBase &, const T1 &)::[lambda(int) (instance 1)]>(int, T3)"
:stage.process:model.layers.0.self_attn.v_proj,PushPop,2429084,2431523,1,10,77984,7798.4,7808.0,7392,8224,216.5,"void at::native::reduce_kernel<(int)512, (int)1, at::native::ReduceOp<float, at::native::func_wrapper_t<float, at::native::sum_functor<float, float, float>::operator ()(at::TensorIterator &)::[lambda(float, float) (instance 1)]>, unsigned int, float, (int)4, (int)4>>(T3)"
:stage.process:model.layers.0.self_attn.v_proj,PushPop,2429084,2431523,1,10,69152,6915.2,7568.0,3328,8224,1761.4,"void at::native::reduce_kernel<(int)512, (int)1, at::native::ReduceOp<float, at::native::MeanOps<float, float, float, float>, unsigned int, float, (int)4, (int)4>>(T3)"
:stage.process:model.layers.0.self_attn.v_proj,PushPop,2429084,2431523,1,14,60704,4336.0,3216.0,1312,8512,2626.3,"void at::native::vectorized_elementwise_kernel<(int)4, at::native::FillFunctor<float>, std::array<char *, (unsigned long)1>>(int, T2, T3)"
:stage.process:model.layers.0.self_attn.v_proj,PushPop,2429084,2431523,1,9,46176,5130.7,3648.0,1600,12064,3987.9,"void at::native::vectorized_elementwise_kernel<(int)4, at::native::BUnaryFunctor<float, float, float, at::native::binary_internal::MulFunctor<float>>, std::array<char *, (unsigned long)2>>(int, T2, T3)"
:stage.process:model.layers.0.self_attn.v_proj,PushPop,2429084,2431523,1,10,39392,3939.2,3888.0,3840,4192,120.2,"void dot_kernel<float, (int)128, (int)0, cublasDotParams<cublasGemvTensorStridedBatched<const float>, cublasGemvTensorStridedBatched<float>>>(T4)"
:stage.process:model.layers.0.self_attn.v_proj,PushPop,2429084,2431523,1,9,37760,4195.6,4160.0,4000,4512,165.8,"void at::native::vectorized_elementwise_kernel<(int)4, at::native::BinaryFunctor<float, float, float, at::native::binary_internal::MulFunctor<float>>, std::array<char *, (unsigned long)3>>(int, T2, T3)"
:stage.process:model.layers.0.self_attn.v_proj,PushPop,2429084,2431523,1,10,35936,3593.6,3360.0,3232,4096,401.4,"void at::native::elementwise_kernel<(int)128, (int)2, void at::native::gpu_kernel_impl_nocast<at::native::CUDAFunctorOnSelf_add<float>>(at::TensorIteratorBase &, const T1 &)::[lambda(int) (instance 1)]>(int, T3)"
:stage.process:model.layers.0.self_attn.v_proj,PushPop,2429084,2431523,1,10,27487,2748.7,2752.0,2688,2816,53.3,"void reduce_1Block_kernel<float, (int)128, (int)7, cublasGemvTensorStridedBatched<float>, cublasGemvTensorStridedBatched<const float>, cublasGemvTensorStridedBatched<float>>(const T1 *, T1, T4, int, const T1 *, T1, T5, T6, cublasPointerMode_t, cublasLtEpilogue_t, cublasGemvTensorStridedBatched<const biasType<T6::value_type, T1>::type>)"
:stage.process:model.layers.0.self_attn.v_proj,PushPop,2429084,2431523,1,12,26688,2224.0,2224.0,2208,2240,16.7,"void at::native::vectorized_elementwise_kernel<(int)4, at::native::<unnamed>::CompareFunctor<float>, std::array<char *, (unsigned long)3>>(int, T2, T3)"
:stage.process:model.layers.0.self_attn.v_proj,PushPop,2429084,2431523,1,6,20928,3488.0,1760.0,1504,11552,3980.7,"void at::native::vectorized_elementwise_kernel<(int)4, at::native::AUnaryFunctor<float, float, float, at::native::binary_internal::MulFunctor<float>>, std::array<char *, (unsigned long)2>>(int, T2, T3)"
:stage.process:model.layers.0.self_attn.v_proj,PushPop,2429084,2431523,1,1,16000,16000.0,16000.0,16000,16000,0.0,"void at::native::<unnamed>::CatArrayBatchedCopy_alignedK_contig<at::native::<unnamed>::OpaqueType<(unsigned int)8>, unsigned int, (int)3, (int)128, (int)1, (int)16>(T1 *, at::native::<unnamed>::CatArrInputTensorMetadata<T1, T2, T4, T5>, at::native::<unnamed>::TensorSizeStride<T2, (unsigned int)4>, int, T2)"
:stage.process:model.layers.0.self_attn.v_proj,PushPop,2429084,2431523,1,4,15007,3751.8,3728.0,3680,3871,83.7,"void at::native::vectorized_elementwise_kernel<(int)2, at::native::BUnaryFunctor<long, long, long, at::native::rshift_kernel_cuda(at::TensorIteratorBase &)::[lambda() (instance 1)]::operator ()() const::[lambda() (instance 4)]::operator ()() const::[lambda(long, long) (instance 1)]>, std::array<char *, (unsigned long)2>>(int, T2, T3)"
:stage.process:model.layers.0.self_attn.v_proj,PushPop,2429084,2431523,1,4,14784,3696.0,3664.0,3488,3968,231.5,"void at::native::vectorized_elementwise_kernel<(int)2, at::native::BUnaryFunctor<long, long, long, at::native::remainder_kernel_cuda(at::TensorIteratorBase &)::[lambda() (instance 1)]::operator ()() const::[lambda() (instance 4)]::operator ()() const::[lambda(long, long) (instance 1)]>, std::array<char *, (unsigned long)2>>(int, T2, T3)"
:stage.process:model.layers.0.self_attn.v_proj,PushPop,2429084,2431523,1,3,13760,4586.7,4160.0,4032,5568,852.3,"void at::native::vectorized_elementwise_kernel<(int)2, at::native::BinaryFunctor<long, long, long, at::native::BitwiseXorFunctor<long>>, std::array<char *, (unsigned long)3>>(int, T2, T3)"
:stage.process:model.layers.0.self_attn.v_proj,PushPop,2429084,2431523,1,3,11968,3989.3,4032.0,3616,4320,353.9,"void at::native::unrolled_elementwise_kernel<at::native::direct_copy_kernel_cuda(at::TensorIteratorBase &)::[lambda() (instance 3)]::operator ()() const::[lambda() (instance 3)]::operator ()() const::[lambda(int) (instance 1)], std::array<char *, (unsigned long)2>, (int)4, TrivialOffsetCalculator<(int)1, unsigned int>, TrivialOffsetCalculator<(int)1, unsigned int>, at::native::memory::LoadWithCast<(int)1>, at::native::memory::StoreWithCast<(int)1>>(int, T1, T2, T4, T5, T6, T7)"
:stage.process:model.layers.0.self_attn.v_proj,PushPop,2429084,2431523,1,6,11968,1994.7,1648.0,1632,3744,857.1,"void at::native::vectorized_elementwise_kernel<(int)2, at::native::AUnaryFunctor<long, long, long, at::native::binary_internal::MulFunctor<long>>, std::array<char *, (unsigned long)2>>(int, T2, T3)"
:stage.process:model.layers.0.self_attn.v_proj,PushPop,2429084,2431523,1,8,11808,1476.0,1456.0,1408,1568,62.7,"void at::native::unrolled_elementwise_kernel<at::native::AUnaryFunctor<long, long, long, at::native::BitwiseAndFunctor<long>>, std::array<char *, (unsigned long)2>, (int)4, TrivialOffsetCalculator<(int)1, unsigned int>, TrivialOffsetCalculator<(int)1, unsigned int>, at::native::memory::LoadWithoutCast, at::native::memory::StoreWithoutCast>(int, T1, T2, T4, T5, T6, T7)"
:stage.process:model.layers.0.self_attn.v_proj,PushPop,2429084,2431523,1,6,10976,1829.3,1824.0,1824,1856,13.1,"void at::native::vectorized_elementwise_kernel<(int)4, at::native::FillFunctor<unsigned char>, std::array<char *, (unsigned long)1>>(int, T2, T3)"
:stage.process:model.layers.0.self_attn.v_proj,PushPop,2429084,2431523,1,3,10656,3552.0,3520.0,3424,3712,146.6,"void at::native::elementwise_kernel<(int)128, (int)2, void at::native::gpu_kernel_impl_nocast<at::native::direct_copy_kernel_cuda(at::TensorIteratorBase &)::[lambda() (instance 3)]::operator ()() const::[lambda() (instance 3)]::operator ()() const::[lambda(int) (instance 1)]>(at::TensorIteratorBase &, const T1 &)::[lambda(int) (instance 1)]>(int, T3)"
:stage.process:model.layers.0.self_attn.v_proj,PushPop,2429084,2431523,1,5,10432,2086.4,1696.0,1632,3776,945.1,"void at::native::vectorized_elementwise_kernel<(int)2, at::native::CUDAFunctorOnSelf_add<long>, std::array<char *, (unsigned long)2>>(int, T2, T3)"
:stage.process:model.layers.0.self_attn.v_proj,PushPop,2429084,2431523,1,3,10112,3370.7,3392.0,3296,3424,66.6,"void at::native::unrolled_elementwise_kernel<at::native::direct_copy_kernel_cuda(at::TensorIteratorBase &)::[lambda() (instance 3)]::operator ()() const::[lambda() (instance 1)]::operator ()() const::[lambda(unsigned char) (instance 1)], std::array<char *, (unsigned long)2>, (int)4, TrivialOffsetCalculator<(int)1, unsigned int>, TrivialOffsetCalculator<(int)1, unsigned int>, at::native::memory::LoadWithCast<(int)1>, at::native::memory::StoreWithCast<(int)1>>(int, T1, T2, T4, T5, T6, T7)"
:stage.process:model.layers.0.self_attn.v_proj,PushPop,2429084,2431523,1,2,8288,4144.0,4144.0,4096,4192,67.9,"void at::native::vectorized_elementwise_kernel<(int)2, at::native::BinaryFunctor<long, long, long, at::native::BitwiseOrFunctor<long>>, std::array<char *, (unsigned long)3>>(int, T2, T3)"
:stage.process:model.layers.0.self_attn.v_proj,PushPop,2429084,2431523,1,2,7808,3904.0,3904.0,3872,3936,45.3,"void at::native::vectorized_elementwise_kernel<(int)2, at::native::BUnaryFunctor<long, long, long, at::native::lshift_kernel_cuda(at::TensorIteratorBase &)::[lambda() (instance 1)]::operator ()() const::[lambda() (instance 4)]::operator ()() const::[lambda(long, long) (instance 1)]>, std::array<char *, (unsigned long)2>>(int, T2, T3)"
:stage.process:model.layers.0.self_attn.v_proj,PushPop,2429084,2431523,1,1,7712,7712.0,7712.0,7712,7712,0.0,"void at::native::reduce_kernel<(int)128, (int)4, at::native::ReduceOp<long, at::native::func_wrapper_t<long, at::native::sum_functor<long, long, long>::operator ()(at::TensorIterator &)::[lambda(long, long) (instance 1)]>, unsigned int, long, (int)4, (int)4>>(T3)"
:stage.process:model.layers.0.self_attn.v_proj,PushPop,2429084,2431523,1,2,7680,3840.0,3840.0,3808,3872,45.3,"void at::native::vectorized_elementwise_kernel<(int)2, at::native::BUnaryFunctor<long, long, long, at::native::binary_internal::div_floor_kernel_cuda(at::TensorIteratorBase &)::[lambda() (instance 1)]::operator ()() const::[lambda() (instance 4)]::operator ()() const::[lambda(long, long) (instance 1)]>, std::array<char *, (unsigned long)2>>(int, T2, T3)"
:stage.process:model.layers.0.self_attn.v_proj,PushPop,2429084,2431523,1,3,7520,2506.7,2528.0,2432,2560,66.6,"void at::native::vectorized_elementwise_kernel<(int)4, at::native::AUnaryFunctor<unsigned char, unsigned char, bool, at::native::<unnamed>::CompareEqFunctor<unsigned char>>, std::array<char *, (unsigned long)2>>(int, T2, T3)"
:stage.process:model.layers.0.self_attn.v_proj,PushPop,2429084,2431523,1,4,7136,1784.0,1792.0,1760,1792,16.0,"void at::native::vectorized_elementwise_kernel<(int)4, void at::native::compare_scalar_kernel<c10::Half>(at::TensorIteratorBase &, at::native::<unnamed>::OpType, T1)::[lambda(c10::Half) (instance 1)], std::array<char *, (unsigned long)2>>(int, T2, T3)"
:stage.process:model.layers.0.self_attn.v_proj,PushPop,2429084,2431523,1,2,6464,3232.0,3232.0,3136,3328,135.8,"void at::native::elementwise_kernel<(int)128, (int)2, void at::native::gpu_kernel_impl_nocast<at::native::AbsFunctor<float>>(at::TensorIteratorBase &, const T1 &)::[lambda(int) (instance 1)]>(int, T3)"
:stage.process:model.layers.0.self_attn.v_proj,PushPop,2429084,2431523,1,2,6400,3200.0,3200.0,3200,3200,0.0,"void at::native::elementwise_kernel<(int)128, (int)2, void at::native::gpu_kernel_impl_nocast<at::native::CUDAFunctor_add<long>>(at::TensorIteratorBase &, const T1 &)::[lambda(int) (instance 1)]>(int, T3)"
:stage.process:model.layers.0.self_attn.v_proj,PushPop,2429084,2431523,1,4,6400,1600.0,1600.0,1504,1696,78.4,"void at::native::vectorized_elementwise_kernel<(int)4, at::native::FillFunctor<bool>, std::array<char *, (unsigned long)1>>(int, T2, T3)"
:stage.process:model.layers.0.self_attn.v_proj,PushPop,2429084,2431523,1,1,6208,6208.0,6208.0,6208,6208,0.0,"void at::native::elementwise_kernel<(int)128, (int)2, void at::native::gpu_kernel_impl_nocast<at::native::BinaryFunctor<float, float, float, at::native::binary_internal::DivFunctor<float>>>(at::TensorIteratorBase &, const T1 &)::[lambda(int) (instance 1)]>(int, T3)"
:stage.process:model.layers.0.self_attn.v_proj,PushPop,2429084,2431523,1,1,6048,6048.0,6048.0,6048,6048,0.0,"void at::native::vectorized_elementwise_kernel<(int)4, void at::native::<unnamed>::pow_tensor_scalar_kernel_impl<float, float>(at::TensorIteratorBase &, T2)::[lambda(float) (instance 1)], std::array<char *, (unsigned long)2>>(int, T2, T3)"
:stage.process:model.layers.0.self_attn.v_proj,PushPop,2429084,2431523,1,3,5408,1802.7,1760.0,1696,1952,133.2,"void at::native::vectorized_elementwise_kernel<(int)4, at::native::BinaryFunctor<float, float, float, at::native::maximum_kernel_cuda(at::TensorIteratorBase &)::[lambda() (instance 2)]::operator ()() const::[lambda() (instance 2)]::operator ()() const::[lambda(float, float) (instance 1)]>, std::array<char *, (unsigned long)3>>(int, T2, T3)"
:stage.process:model.layers.0.self_attn.v_proj,PushPop,2429084,2431523,1,2,4736,2368.0,2368.0,2368,2368,0.0,"void at::native::vectorized_elementwise_kernel<(int)2, at::native::CUDAFunctorOnOther_add<long>, std::array<char *, (unsigned long)2>>(int, T2, T3)"
:stage.process:model.layers.0.self_attn.v_proj,PushPop,2429084,2431523,1,3,4608,1536.0,1472.0,1376,1760,199.8,"xxtrf4_set_info_ker(int, int *)"
:stage.process:model.layers.0.self_attn.v_proj,PushPop,2429084,2431523,1,1,4576,4576.0,4576.0,4576,4576,0.0,"void at::native::vectorized_elementwise_kernel<(int)4, at::native::float16_copy_kernel_cuda(at::TensorIteratorBase &)::[lambda(float) (instance 1)], std::array<char *, (unsigned long)2>>(int, T2, T3)"
:stage.process:model.layers.0.self_attn.v_proj,PushPop,2429084,2431523,1,1,4320,4320.0,4320.0,4320,4320,0.0,"void at::native::<unnamed>::CatArrayBatchedCopy_vectorized<at::native::<unnamed>::OpaqueType<(unsigned int)2>, unsigned int, (int)1, (int)128, (int)1, (int)16, (int)8>(char *, at::native::<unnamed>::CatArrInputTensorMetadata<T1, T2, T4, T5>, at::native::<unnamed>::TensorSizeStride<T2, (unsigned int)4>, int, T2)"
:stage.process:model.layers.0.self_attn.v_proj,PushPop,2429084,2431523,1,1,2592,2592.0,2592.0,2592,2592,0.0,"void at::native::vectorized_elementwise_kernel<(int)4, at::native::BinaryFunctor<unsigned char, unsigned char, bool, at::native::<unnamed>::CompareEqFunctor<unsigned char>>, std::array<char *, (unsigned long)3>>(int, T2, T3)"
:stage.process:model.layers.0.self_attn.v_proj,PushPop,2429084,2431523,1,1,2560,2560.0,2560.0,2560,2560,0.0,"void at::native::vectorized_elementwise_kernel<(int)4, at::native::AUnaryFunctor<unsigned char, unsigned char, unsigned char, at::native::binary_internal::MulFunctor<unsigned char>>, std::array<char *, (unsigned long)2>>(int, T2, T3)"
:stage.process:model.layers.0.self_attn.v_proj,PushPop,2429084,2431523,1,1,2400,2400.0,2400.0,2400,2400,0.0,"void at::native::unrolled_elementwise_kernel<at::native::direct_copy_kernel_cuda(at::TensorIteratorBase &)::[lambda() (instance 3)]::operator ()() const::[lambda() (instance 11)]::operator ()() const::[lambda(bool) (instance 1)], std::array<char *, (unsigned long)2>, (int)4, TrivialOffsetCalculator<(int)1, unsigned int>, TrivialOffsetCalculator<(int)1, unsigned int>, at::native::memory::LoadWithCast<(int)1>, at::native::memory::StoreWithCast<(int)1>>(int, T1, T2, T4, T5, T6, T7)"
:stage.process:model.layers.0.self_attn.v_proj,PushPop,2429084,2431523,1,1,2176,2176.0,2176.0,2176,2176,0.0,"void at::native::vectorized_elementwise_kernel<(int)4, at::native::sqrt_kernel_cuda(at::TensorIteratorBase &)::[lambda() (instance 2)]::operator ()() const::[lambda() (instance 2)]::operator ()() const::[lambda(float) (instance 1)], std::array<char *, (unsigned long)2>>(int, T2, T3)"
:stage.process:model.layers.0.self_attn.v_proj,PushPop,2429084,2431523,1,1,2080,2080.0,2080.0,2080,2080,0.0,"void at::native::unrolled_elementwise_kernel<at::native::<unnamed>::CompareFunctor<c10::Half>, std::array<char *, (unsigned long)3>, (int)4, TrivialOffsetCalculator<(int)2, unsigned int>, TrivialOffsetCalculator<(int)1, unsigned int>, at::native::memory::LoadWithoutCast, at::native::memory::StoreWithoutCast>(int, T1, T2, T4, T5, T6, T7)"
:stage.process:model.layers.0.self_attn.v_proj,PushPop,2429084,2431523,1,1,1760,1760.0,1760.0,1760,1760,0.0,"void at::native::vectorized_elementwise_kernel<(int)4, at::native::<unnamed>::launch_clamp_scalar(at::TensorIteratorBase &, c10::Scalar, c10::Scalar, at::native::detail::ClampLimits)::[lambda() (instance 1)]::operator ()() const::[lambda() (instance 7)]::operator ()() const::[lambda(float) (instance 1)], std::array<char *, (unsigned long)2>>(int, T2, T3)"
:stage.process:model.layers.1.mlp.down_proj,PushPop,2429084,2431523,1,2250,8453271712,3757009.6,4090127.0,1264837,4230158,820358.5,void <unnamed>::qvq_fused_w2_family_grid_kernel<(bool)0>(<unnamed>::FusedSequenceArgs)
:stage.process:model.layers.1.mlp.down_proj,PushPop,2429084,2431523,1,2302,5693829333,2473427.2,2759017.0,1361444,2867754,558726.3,"void <unnamed>::qvq_viterbi_kernel<(int)4, (int)2, __half, unsigned char>(const float *, const T3 *, const float *, const long *, const float *, T4 *, long *, float *, int, int, int, bool, bool, bool)"
:stage.process:model.layers.1.mlp.down_proj,PushPop,2429084,2431523,1,1278,841709277,658614.5,424994.0,21792,1192740,382634.5,void cutlass::Kernel2<cutlass_80_simt_sgemm_grouped_128x128_8x4_align1>(T1::Params)
:stage.process:model.layers.1.mlp.down_proj,PushPop,2429084,2431523,1,1276,810075235,634855.2,398177.0,14112,1191653,409591.3,ampere_sgemm_128x128_nt
:stage.process:model.layers.1.mlp.down_proj,PushPop,2429084,2431523,1,2250,227599017,101155.1,102304.0,74752,105697,4131.7,"<unnamed>::qvq_fused_w2_traceback_kernel(const unsigned char *, const unsigned char *, const int *, long *, unsigned char *, int)"
:stage.process:model.layers.1.mlp.down_proj,PushPop,2429084,2431523,1,1270,182451972,143663.0,92672.5,4640,264641,89512.6,"void gemmSN_NN_kernel<float, (int)128, (int)2, (int)4, (int)8, (int)4, (int)4, (bool)0, cublasGemvTensorBatched<const float>, cublasGemvTensorBatched<const float>, cublasGemvTensorBatched<float>>(cublasGemmSmallNParams<T9, T10, T11, T1>)"
:stage.process:model.layers.1.mlp.down_proj,PushPop,2429084,2431523,1,435,124289850,285723.8,44320.0,17888,13275534,1775247.9,ampere_sgemm_128x32_sliced1x4_nn
:stage.process:model.layers.1.mlp.down_proj,PushPop,2429084,2431523,1,537,68945350,128389.9,128256.0,4384,257889,75098.5,"void gemmSN_NN_kernel<float, (int)256, (int)4, (int)2, (int)8, (int)4, (int)4, (bool)0, cublasGemvTensorStridedBatched<const float>, cublasGemvTensorStridedBatched<const float>, cublasGemvTensorStridedBatched<float>>(cublasGemmSmallNParams<T9, T10, T11, T1>)"
:stage.process:model.layers.1.mlp.down_proj,PushPop,2429084,2431523,1,8982,61845633,6885.5,7424.0,2528,91392,2645.6,"void at::native::reduce_kernel<(int)512, (int)1, at::native::ReduceOp<bool, at::native::func_wrapper_t<bool, at::native::and_kernel_cuda(at::TensorIterator &)::[lambda() (instance 1)]::operator ()() const::[lambda() (instance 12)]::operator ()() const::[lambda(bool, bool) (instance 1)]>, unsigned int, bool, (int)4, (int)4>>(T3)"
:stage.process:model.layers.1.mlp.down_proj,PushPop,2429084,2431523,1,416,61436161,147683.1,145856.0,133345,522082,20956.5,"void <unnamed>::qvq_v2_segment_grid_kernel<(int)4, (int)2, (int)16, (bool)1, (bool)0, __half, unsigned char>(const float *, const T6 *, const float *, const long *, const float *, const float *, float *, T7 *, unsigned char *, int, int, int, bool, bool)"
:stage.process:model.layers.1.mlp.down_proj,PushPop,2429084,2431523,1,4,52725062,13181265.5,13116001.5,12973968,13519091,261067.5,void cutlass::Kernel2<cutlass_80_simt_sgemm_128x32_8x5_nt_align1>(T1::Params)
:stage.process:model.layers.1.mlp.down_proj,PushPop,2429084,2431523,1,6857,37474161,5465.1,3392.0,2112,630626,22482.8,"void at::native::elementwise_kernel<(int)128, (int)2, void at::native::gpu_kernel_impl_nocast<at::native::direct_copy_kernel_cuda(at::TensorIteratorBase &)::[lambda() (instance 3)]::operator ()() const::[lambda() (instance 7)]::operator ()() const::[lambda(float) (instance 1)]>(at::TensorIteratorBase &, const T1 &)::[lambda(int) (instance 1)]>(int, T3)"
:stage.process:model.layers.1.mlp.down_proj,PushPop,2429084,2431523,1,4350,33748251,7758.2,7712.0,3744,83584,1390.0,"void at::native::reduce_kernel<(int)512, (int)1, at::native::ReduceOp<float, at::native::func_wrapper_t<float, at::native::MaxNanFunctor<float>>, unsigned int, float, (int)4, (int)4>>(T3)"
:stage.process:model.layers.1.mlp.down_proj,PushPop,2429084,2431523,1,2250,30752432,13667.7,13824.0,9216,15648,1049.8,"<unnamed>::qvq_fused_detect_family_mask_kernel(const unsigned int *, int *)"
:stage.process:model.layers.1.mlp.down_proj,PushPop,2429084,2431523,1,2815,28102511,9983.1,8992.0,5440,119585,2648.2,"void at::native::index_elementwise_kernel<(int)128, (int)4, void at::native::gpu_index_kernel<void at::native::index_kernel_impl<at::native::OpaqueType<(int)2>>(at::TensorIteratorBase &, c10::ArrayRef<long>, c10::ArrayRef<long>)::[lambda(char *, const char *, long) (instance 1)]>(at::TensorIteratorBase &, c10::ArrayRef<long>, c10::ArrayRef<long>, const T1 &, bool)::[lambda(int) (instance 1)]>(long, T3)"
:stage.process:model.layers.1.mlp.down_proj,PushPop,2429084,2431523,1,2,26114978,13057489.0,13057489.0,12987249,13127729,99334.4,void cutlass::Kernel2<cutlass_80_simt_sgemm_128x64_8x5_nn_align1>(T1::Params)
:stage.process:model.layers.1.mlp.down_proj,PushPop,2429084,2431523,1,2,26024827,13012413.5,13012413.5,12871662,13153165,199052.7,void cutlass::Kernel2<cutlass_80_simt_sgemm_64x128_8x5_nt_align1>(T1::Params)
:stage.process:model.layers.1.mlp.down_proj,PushPop,2429084,2431523,1,3074,25469359,8285.4,8288.0,7968,8832,115.2,"void at::native::reduce_kernel<(int)512, (int)1, at::native::ReduceOp<c10::Half, at::native::func_wrapper_t<c10::Half, at::native::MaxNanFunctor<c10::Half>>, unsigned int, c10::Half, (int)4, (int)4>>(T3)"
:stage.process:model.layers.1.mlp.down_proj,PushPop,2429084,2431523,1,1213,21325517,17580.8,4224.0,3168,656002,46242.7,"void at::native::elementwise_kernel<(int)128, (int)2, void at::native::gpu_kernel_impl_nocast<at::native::CUDAFunctor_add<float>>(at::TensorIteratorBase &, const T1 &)::[lambda(int) (instance 1)]>(int, T3)"
:stage.process:model.layers.1.mlp.down_proj,PushPop,2429084,2431523,1,5,20018788,4003757.6,2262856.0,924675,7287353,3045603.1,"void kernel<getrf_wo_pivot_params_<float, (int)0, (int)256, (int)1, (int)64, (int)64, (int)68, (int)8, (int)1, (int)1>>(int, int, void *, int, void *, int, int, int, int, int, int *)"
:stage.process:model.layers.1.mlp.down_proj,PushPop,2429084,2431523,1,8730,19739240,2261.1,2048.0,1568,255265,5601.6,"void at::native::vectorized_elementwise_kernel<(int)4, at::native::AbsFunctor<float>, std::array<char *, (unsigned long)2>>(int, T2, T3)"
:stage.process:model.layers.1.mlp.down_proj,PushPop,2429084,2431523,1,7454,16388173,2198.6,2112.0,1632,100480,2337.1,"void at::native::vectorized_elementwise_kernel<(int)4, at::native::BinaryFunctor<bool, bool, bool, at::native::binary_internal::MulFunctor<bool>>, std::array<char *, (unsigned long)3>>(int, T2, T3)"
:stage.process:model.layers.1.mlp.down_proj,PushPop,2429084,2431523,1,21,14080374,670494.0,14881.0,11136,3538925,1387385.6,ampere_sgemm_64x32_sliced1x4_nn
:stage.process:model.layers.1.mlp.down_proj,PushPop,2429084,2431523,1,6148,13661201,2222.1,2144.0,1856,4352,196.6,"void at::native::vectorized_elementwise_kernel<(int)4, at::native::AbsFunctor<c10::Half>, std::array<char *, (unsigned long)2>>(int, T2, T3)"
:stage.process:model.layers.1.mlp.down_proj,PushPop,2429084,2431523,1,1917,13197454,6884.4,6816.0,4416,8800,438.2,"void at::native::index_elementwise_kernel<(int)128, (int)4, void at::native::gpu_index_kernel<void at::native::index_put_kernel_impl<at::native::OpaqueType<(int)4>>(at::TensorIterator &, c10::ArrayRef<long>, c10::ArrayRef<long>)::[lambda(char *, const char *, long) (instance 1)]>(at::TensorIteratorBase &, c10::ArrayRef<long>, c10::ArrayRef<long>, const T1 &, bool)::[lambda(int) (instance 1)]>(long, T3)"
:stage.process:model.layers.1.mlp.down_proj,PushPop,2429084,2431523,1,4381,10210143,2330.6,2080.0,1536,163264,5205.8,"void at::native::vectorized_elementwise_kernel<(int)4, at::native::BinaryFunctor<float, float, bool, at::native::<unnamed>::CompareEqFunctor<float>>, std::array<char *, (unsigned long)3>>(int, T2, T3)"
:stage.process:model.layers.1.mlp.down_proj,PushPop,2429084,2431523,1,4380,10086398,2302.8,2048.0,1536,165633,5215.4,"void at::native::vectorized_elementwise_kernel<(int)4, at::native::AUnaryFunctor<float, float, bool, at::native::<unnamed>::CompareEqFunctor<float>>, std::array<char *, (unsigned long)2>>(int, T2, T3)"
:stage.process:model.layers.1.mlp.down_proj,PushPop,2429084,2431523,1,2311,9818756,4248.7,4096.0,3168,77120,2469.6,"void at::native::unrolled_elementwise_kernel<at::native::direct_copy_kernel_cuda(at::TensorIteratorBase &)::[lambda() (instance 3)]::operator ()() const::[lambda() (instance 7)]::operator ()() const::[lambda(float) (instance 1)], std::array<char *, (unsigned long)2>, (int)4, TrivialOffsetCalculator<(int)1, unsigned int>, TrivialOffsetCalculator<(int)1, unsigned int>, at::native::memory::LoadWithCast<(int)1>, at::native::memory::StoreWithCast<(int)1>>(int, T1, T2, T4, T5, T6, T7)"
:stage.process:model.layers.1.mlp.down_proj,PushPop,2429084,2431523,1,1146,9774496,8529.2,8192.0,7840,10528,772.5,"void batch_trsm_left_kernel<float, (int)64, (int)4, (int)3, (bool)0, (bool)0, (bool)1>(cublasTrsmBatchParams2<T1>, T1, const T1 *, int)"
:stage.process:model.layers.1.mlp.down_proj,PushPop,2429084,2431523,1,2815,9306374,3306.0,3360.0,2528,115233,2122.3,"void at::native::elementwise_kernel<(int)128, (int)2, void at::native::gpu_kernel_impl_nocast<at::native::direct_copy_kernel_cuda(at::TensorIteratorBase &)::[lambda() (instance 3)]::operator ()() const::[lambda() (instance 4)]::operator ()() const::[lambda(long) (instance 1)]>(at::TensorIteratorBase &, const T1 &)::[lambda(int) (instance 1)]>(int, T3)"
:stage.process:model.layers.1.mlp.down_proj,PushPop,2429084,2431523,1,1278,9107750,7126.6,7072.0,4864,8192,309.6,"void at::native::index_elementwise_kernel<(int)128, (int)4, void at::native::gpu_index_kernel<void at::native::index_put_kernel_impl<at::native::OpaqueType<(int)8>>(at::TensorIterator &, c10::ArrayRef<long>, c10::ArrayRef<long>)::[lambda(char *, const char *, long) (instance 1)]>(at::TensorIteratorBase &, c10::ArrayRef<long>, c10::ArrayRef<long>, const T1 &, bool)::[lambda(int) (instance 1)]>(long, T3)"
:stage.process:model.layers.1.mlp.down_proj,PushPop,2429084,2431523,1,2300,7149078,3108.3,3040.0,2048,62304,1309.8,"void at::native::elementwise_kernel<(int)128, (int)2, void at::native::gpu_kernel_impl_nocast<at::native::AUnaryFunctor<long, long, long, at::native::BitwiseAndFunctor<long>>>(at::TensorIteratorBase &, const T1 &)::[lambda(int) (instance 1)]>(int, T3)"
:stage.process:model.layers.1.mlp.down_proj,PushPop,2429084,2431523,1,3074,6973726,2268.6,2240.0,1792,2368,38.6,"void at::native::vectorized_elementwise_kernel<(int)4, at::native::BinaryFunctor<c10::Half, c10::Half, bool, at::native::<unnamed>::CompareEqFunctor<c10::Half>>, std::array<char *, (unsigned long)3>>(int, T2, T3)"
:stage.process:model.layers.1.mlp.down_proj,PushPop,2429084,2431523,1,3074,6907313,2247.0,2240.0,1760,2304,33.3,"void at::native::vectorized_elementwise_kernel<(int)4, at::native::AUnaryFunctor<c10::Half, c10::Half, bool, at::native::<unnamed>::CompareEqFunctor<c10::Half>>, std::array<char *, (unsigned long)2>>(int, T2, T3)"
:stage.process:model.layers.1.mlp.down_proj,PushPop,2429084,2431523,1,2,6848375,3424187.5,3424187.5,3424043,3424332,204.4,ampere_sgemm_128x64_lower_nt
:stage.process:model.layers.1.mlp.down_proj,PushPop,2429084,2431523,1,2,6722265,3361132.5,3361132.5,3304044,3418221,80735.3,ampere_sgemm_128x64_nn
:stage.process:model.layers.1.mlp.down_proj,PushPop,2429084,2431523,1,2302,6478618,2814.3,2624.0,2176,139585,2861.7,"void at::native::roll_cuda_kernel<float>(const T1 *, T1 *, long, long, long, long, long, long)"
:stage.process:model.layers.1.mlp.down_proj,PushPop,2429084,2431523,1,2354,6333499,2690.5,2624.0,2112,118433,3143.9,"<unnamed>::qvq_half2_codebook_norm_pack_kernel(const __half *, unsigned long *, int)"
:stage.process:model.layers.1.mlp.down_proj,PushPop,2429084,2431523,1,3328,5833009,1752.7,1664.0,1536,101089,1731.3,"void at::native::vectorized_elementwise_kernel<(int)4, void at::native::compare_scalar_kernel<float>(at::TensorIteratorBase &, at::native::<unnamed>::OpType, T1)::[lambda(float) (instance 1)], std::array<char *, (unsigned long)2>>(int, T2, T3)"
:stage.process:model.layers.1.mlp.down_proj,PushPop,2429084,2431523,1,3086,5677210,1839.7,1728.0,1600,45697,1994.1,"void at::native::vectorized_elementwise_kernel<(int)4, void at::native::compare_scalar_kernel<long>(at::TensorIteratorBase &, at::native::<unnamed>::OpType, T1)::[lambda(long) (instance 1)], std::array<char *, (unsigned long)2>>(int, T2, T3)"
:stage.process:model.layers.1.mlp.down_proj,PushPop,2429084,2431523,1,2558,5341619,2088.2,2048.0,1600,65952,1636.6,"void at::native::vectorized_elementwise_kernel<(int)4, at::native::BinaryFunctor<bool, bool, bool, at::native::logical_or_kernel_cuda(at::TensorIterator &)::[lambda() (instance 2)]::operator ()() const::[lambda() (instance 9)]::operator ()() const::[lambda(bool, bool) (instance 1)]>, std::array<char *, (unsigned long)3>>(int, T2, T3)"
:stage.process:model.layers.1.mlp.down_proj,PushPop,2429084,2431523,1,2048,5231671,2554.5,2528.0,2336,2848,127.0,"void at::native::unrolled_elementwise_kernel<at::native::BinaryFunctor<float, float, float, at::native::maximum_kernel_cuda(at::TensorIteratorBase &)::[lambda() (instance 2)]::operator ()() const::[lambda() (instance 2)]::operator ()() const::[lambda(float, float) (instance 1)]>, std::array<char *, (unsigned long)3>, (int)4, TrivialOffsetCalculator<(int)2, unsigned int>, TrivialOffsetCalculator<(int)1, unsigned int>, at::native::memory::LoadWithCast<(int)2>, at::native::memory::StoreWithCast<(int)1>>(int, T1, T2, T4, T5, T6, T7)"
:stage.process:model.layers.1.mlp.down_proj,PushPop,2429084,2431523,1,639,5149968,8059.4,8160.0,5696,14016,477.7,"void at::native::index_elementwise_kernel<(int)128, (int)4, void at::native::gpu_index_kernel<void at::native::index_kernel_impl<at::native::OpaqueType<(int)4>>(at::TensorIteratorBase &, c10::ArrayRef<long>, c10::ArrayRef<long>)::[lambda(char *, const char *, long) (instance 1)]>(at::TensorIteratorBase &, c10::ArrayRef<long>, c10::ArrayRef<long>, const T1 &, bool)::[lambda(int) (instance 1)]>(long, T3)"
:stage.process:model.layers.1.mlp.down_proj,PushPop,2429084,2431523,1,1154,4649425,4029.0,4032.0,3968,9568,205.5,ampere_sgemm_32x128_nt
:stage.process:model.layers.1.mlp.down_proj,PushPop,2429084,2431523,1,1173,4631763,3948.6,2272.0,1920,192129,12622.2,"void at::native::vectorized_elementwise_kernel<(int)4, at::native::CUDAFunctor_add<float>, std::array<char *, (unsigned long)3>>(int, T2, T3)"
:stage.process:model.layers.1.mlp.down_proj,PushPop,2429084,2431523,1,1278,4329646,3387.8,3104.0,2144,5632,588.3,"<unnamed>::qvq_yaqa_feedback_epilogue_kernel(const float *, const float *, const float *, const float *, const float *, float *, int, int, int, int, int)"
:stage.process:model.layers.1.mlp.down_proj,PushPop,2429084,2431523,1,52,4283113,82367.6,80864.0,74176,97984,6707.0,"void <unnamed>::qvq_v2_segment_grid_finalize_kernel<(int)4, (int)2, (int)16, (bool)0, __half, unsigned char>(const float *, const T5 *, const float *, const long *, const float *, const float *, const T6 *, const unsigned char *, long *, unsigned char *, float *, int, int, bool, bool)"
:stage.process:model.layers.1.mlp.down_proj,PushPop,2429084,2431523,1,1024,4213390,4114.6,4080.0,3904,4448,196.9,"void at::native::elementwise_kernel<(int)128, (int)4, void at::native::gpu_kernel_impl_nocast<at::native::direct_copy_kernel_cuda(at::TensorIteratorBase &)::[lambda() (instance 3)]::operator ()() const::[lambda() (instance 10)]::operator ()() const::[lambda(c10::Half) (instance 1)]>(at::TensorIteratorBase &, const T1 &)::[lambda(int) (instance 1)]>(int, T3)"
:stage.process:model.layers.1.mlp.down_proj,PushPop,2429084,2431523,1,639,4210932,6589.9,6720.0,3264,8416,563.9,"void at::native::index_elementwise_kernel<(int)128, (int)4, void at::native::gpu_index_kernel<void at::native::index_put_kernel_impl<at::native::OpaqueType<(int)1>>(at::TensorIterator &, c10::ArrayRef<long>, c10::ArrayRef<long>)::[lambda(char *, const char *, long) (instance 1)]>(at::TensorIteratorBase &, c10::ArrayRef<long>, c10::ArrayRef<long>, const T1 &, bool)::[lambda(int) (instance 1)]>(long, T3)"
:stage.process:model.layers.1.mlp.down_proj,PushPop,2429084,2431523,1,1159,4115883,3551.2,3456.0,1792,55712,2373.5,"void at::native::unrolled_elementwise_kernel<at::native::direct_copy_kernel_cuda(at::TensorIteratorBase &)::[lambda() (instance 3)]::operator ()() const::[lambda() (instance 4)]::operator ()() const::[lambda(long) (instance 1)], std::array<char *, (unsigned long)2>, (int)4, TrivialOffsetCalculator<(int)1, unsigned int>, TrivialOffsetCalculator<(int)1, unsigned int>, at::native::memory::LoadWithCast<(int)1>, at::native::memory::StoreWithCast<(int)1>>(int, T1, T2, T4, T5, T6, T7)"
:stage.process:model.layers.1.mlp.down_proj,PushPop,2429084,2431523,1,1,3840142,3840142.0,3840142.0,3840142,3840142,0.0,ampere_sgemm_32x128_tn
:stage.process:model.layers.1.mlp.down_proj,PushPop,2429084,2431523,1,2250,3490346,1551.3,1568.0,1312,1984,62.2,"void at::native::vectorized_elementwise_kernel<(int)4, at::native::FillFunctor<int>, std::array<char *, (unsigned long)1>>(int, T2, T3)"
:stage.process:model.layers.1.mlp.down_proj,PushPop,2429084,2431523,1,1032,3417355,3311.4,3264.0,2976,15456,804.8,"void at::native::reduce_kernel<(int)512, (int)1, at::native::ReduceOp<bool, at::native::func_wrapper_t<bool, at::native::or_kernel_cuda(at::TensorIterator &)::[lambda() (instance 1)]::operator ()() const::[lambda() (instance 12)]::operator ()() const::[lambda(bool, bool) (instance 1)]>, unsigned int, bool, (int)4, (int)4>>(T3)"
:stage.process:model.layers.1.mlp.down_proj,PushPop,2429084,2431523,1,2316,3159178,1364.1,1376.0,1248,2304,71.6,"void <unnamed>::elementwise_kernel_with_index<int, at::native::arange_cuda_out(const c10::Scalar &, const c10::Scalar &, const c10::Scalar &, at::Tensor &)::[lambda() (instance 1)]::operator ()() const::[lambda() (instance 4)]::operator ()() const::[lambda(long) (instance 1)]>(T1, T2, function_traits<T2>::result_type *)"
:stage.process:model.layers.1.mlp.down_proj,PushPop,2429084,2431523,1,512,2926953,5716.7,5728.0,5216,6144,131.8,"void at::native::unrolled_elementwise_kernel<at::native::CUDAFunctor_add<float>, std::array<char *, (unsigned long)3>, (int)4, TrivialOffsetCalculator<(int)2, unsigned int>, TrivialOffsetCalculator<(int)1, unsigned int>, at::native::memory::LoadWithCast<(int)2>, at::native::memory::StoreWithCast<(int)1>>(int, T1, T2, T4, T5, T6, T7)"
:stage.process:model.layers.1.mlp.down_proj,PushPop,2429084,2431523,1,1278,2778403,2174.0,2144.0,1440,5024,180.8,"<unnamed>::qvq_yaqa_grouped_pointers_kernel(const float *, const float *, float *, float **, float **, float **, int, int, int, int, int, int)"
:stage.process:model.layers.1.mlp.down_proj,PushPop,2429084,2431523,1,1278,2672106,2090.8,2080.0,1632,4288,220.6,"void at::native::vectorized_elementwise_kernel<(int)4, at::native::bitwise_not_kernel_cuda(at::TensorIteratorBase &)::[lambda(bool) (instance 1)], std::array<char *, (unsigned long)2>>(int, T2, T3)"
:stage.process:model.layers.1.mlp.down_proj,PushPop,2429084,2431523,1,3,2630986,876995.3,1310981.0,8800,1311205,751879.2,"void at::native::reduce_kernel<(int)512, (int)1, at::native::ReduceOp<long, at::native::func_wrapper_t<long, at::native::sum_functor<long, long, long>::operator ()(at::TensorIterator &)::[lambda(long, long) (instance 1)]>, unsigned int, long, (int)4, (int)4>>(T3)"
:stage.process:model.layers.1.mlp.down_proj,PushPop,2429084,2431523,1,1278,2479530,1940.2,1952.0,1472,2432,102.8,"<unnamed>::qvq_yaqa_update_grouped_pointers_kernel(float *, float *, const float *, const float *, const float *, float **, float **, float **, int, int, int, int, int, int)"
:stage.process:model.layers.1.mlp.down_proj,PushPop,2429084,2431523,1,11,2469831,224530.1,65856.0,5664,1023972,396024.1,"void at::native::vectorized_elementwise_kernel<(int)2, at::native::AUnaryFunctor<long, long, long, at::native::BitwiseAndFunctor<long>>, std::array<char *, (unsigned long)2>>(int, T2, T3)"
:stage.process:model.layers.1.mlp.down_proj,PushPop,2429084,2431523,1,4,2176200,544050.0,560642.0,4928,1049988,584085.7,"void at::native::elementwise_kernel<(int)128, (int)2, void at::native::gpu_kernel_impl_nocast<at::native::BinaryFunctor<long, long, long, at::native::lshift_kernel_cuda(at::TensorIteratorBase &)::[lambda() (instance 1)]::operator ()() const::[lambda() (instance 4)]::operator ()() const::[lambda(long, long) (instance 1)]>>(at::TensorIteratorBase &, const T1 &)::[lambda(int) (instance 1)]>(int, T3)"
:stage.process:model.layers.1.mlp.down_proj,PushPop,2429084,2431523,1,4,2167273,541818.3,541426.0,41185,1043236,577676.4,"void at::native::elementwise_kernel<(int)128, (int)2, void at::native::gpu_kernel_impl_nocast<at::native::BinaryFunctor<long, long, long, at::native::rshift_kernel_cuda(at::TensorIteratorBase &)::[lambda() (instance 1)]::operator ()() const::[lambda() (instance 4)]::operator ()() const::[lambda(long, long) (instance 1)]>>(at::TensorIteratorBase &, const T1 &)::[lambda(int) (instance 1)]>(int, T3)"
:stage.process:model.layers.1.mlp.down_proj,PushPop,2429084,2431523,1,3,1901415,633805.0,910787.0,73152,917476,485551.3,"void at::native::index_elementwise_kernel<(int)128, (int)4, void at::native::gpu_index_kernel<void at::native::index_kernel_impl<at::native::OpaqueType<(int)8>>(at::TensorIteratorBase &, c10::ArrayRef<long>, c10::ArrayRef<long>)::[lambda(char *, const char *, long) (instance 1)]>(at::TensorIteratorBase &, c10::ArrayRef<long>, c10::ArrayRef<long>, const T1 &, bool)::[lambda(int) (instance 1)]>(long, T3)"
:stage.process:model.layers.1.mlp.down_proj,PushPop,2429084,2431523,1,513,1861606,3628.9,3616.0,3456,20928,767.5,"void at::native::elementwise_kernel<(int)128, (int)4, void at::native::gpu_kernel_impl_nocast<at::native::direct_copy_kernel_cuda(at::TensorIteratorBase &)::[lambda() (instance 3)]::operator ()() const::[lambda() (instance 1)]::operator ()() const::[lambda(unsigned char) (instance 1)]>(at::TensorIteratorBase &, const T1 &)::[lambda(int) (instance 1)]>(int, T3)"
:stage.process:model.layers.1.mlp.down_proj,PushPop,2429084,2431523,1,1031,1762114,1709.1,1696.0,1600,11808,626.0,"void at::native::vectorized_elementwise_kernel<(int)4, at::native::BinaryFunctor<bool, bool, bool, at::native::BitwiseOrFunctor<bool>>, std::array<char *, (unsigned long)3>>(int, T2, T3)"
:stage.process:model.layers.1.mlp.down_proj,PushPop,2429084,2431523,1,491,1740229,3544.3,3360.0,2880,15840,1109.6,"void cublasLt::splitKreduce_kernel<(int)32, (int)16, int, float, float, float, float, (bool)0, float, float, float, (bool)1, (bool)0, (bool)0, (bool)0>(cublasLt::cublasSplitKParams<T6>, const T4 *, const T10 *, T9 *, T5 *, const T6 *, const T6 *, const T11 *, const T4 *, T11 *, void *, long, T6 *, int *, T6 *, T6 *, const T6 *, const T6 *, const T6 *, const T6 *, const T6 *)"
:stage.process:model.layers.1.mlp.down_proj,PushPop,2429084,2431523,1,3,1704070,568023.3,825699.0,43488,834883,454284.1,"void at::native::triu_tril_kernel<float, int, (bool)0, (int)2, (bool)1>(at::cuda::detail::TensorInfo<T1, T2>, at::cuda::detail::TensorInfo<const T1, T2>, long, long, T2)"
:stage.process:model.layers.1.mlp.down_proj,PushPop,2429084,2431523,1,641,1197857,1868.7,1792.0,1504,30080,1559.9,"void at::native::vectorized_elementwise_kernel<(int)2, at::native::FillFunctor<long>, std::array<char *, (unsigned long)1>>(int, T2, T3)"
:stage.process:model.layers.1.mlp.down_proj,PushPop,2429084,2431523,1,516,1174183,2275.5,1760.0,1664,72609,6056.4,"void at::native::vectorized_elementwise_kernel<(int)4, at::native::BinaryFunctor<long, long, bool, at::native::<unnamed>::CompareEqFunctor<long>>, std::array<char *, (unsigned long)3>>(int, T2, T3)"
:stage.process:model.layers.1.mlp.down_proj,PushPop,2429084,2431523,1,512,1114279,2176.3,2176.0,2144,2209,12.7,"void at::native::elementwise_kernel<(int)128, (int)2, void at::native::gpu_kernel_impl_nocast<at::native::BUnaryFunctor<long, long, long, at::native::rshift_kernel_cuda(at::TensorIteratorBase &)::[lambda() (instance 1)]::operator ()() const::[lambda() (instance 4)]::operator ()() const::[lambda(long, long) (instance 1)]>>(at::TensorIteratorBase &, const T1 &)::[lambda(int) (instance 1)]>(int, T3)"
:stage.process:model.layers.1.mlp.down_proj,PushPop,2429084,2431523,1,10,995299,99529.9,77552.5,3552,295265,105585.2,"void at::native::elementwise_kernel<(int)128, (int)2, void at::native::gpu_kernel_impl_nocast<at::native::BinaryFunctor<float, float, float, at::native::binary_internal::MulFunctor<float>>>(at::TensorIteratorBase &, const T1 &)::[lambda(int) (instance 1)]>(int, T3)"
:stage.process:model.layers.1.mlp.down_proj,PushPop,2429084,2431523,1,9,809955,89995.0,66720.0,1984,259873,99215.5,"void at::native::vectorized_elementwise_kernel<(int)4, at::native::BUnaryFunctor<float, float, float, at::native::binary_internal::MulFunctor<float>>, std::array<char *, (unsigned long)2>>(int, T2, T3)"
:stage.process:model.layers.1.mlp.down_proj,PushPop,2429084,2431523,1,9,776866,86318.4,86144.0,85568,87712,621.0,"void at::native::vectorized_elementwise_kernel<(int)4, at::native::BinaryFunctor<float, float, float, at::native::binary_internal::MulFunctor<float>>, std::array<char *, (unsigned long)3>>(int, T2, T3)"
:stage.process:model.layers.1.mlp.down_proj,PushPop,2429084,2431523,1,13,708003,54461.8,29536.0,1376,113793,50156.6,"void at::native::vectorized_elementwise_kernel<(int)4, at::native::FillFunctor<float>, std::array<char *, (unsigned long)1>>(int, T2, T3)"
:stage.process:model.layers.1.mlp.down_proj,PushPop,2429084,2431523,1,26,485730,18681.9,18592.0,16000,20896,1453.7,ampere_sgemm_128x32_nn
:stage.process:model.layers.1.mlp.down_proj,PushPop,2429084,2431523,1,10,438913,43891.3,47056.0,14112,47872,10468.4,"void at::native::reduce_kernel<(int)512, (int)1, at::native::ReduceOp<float, at::native::func_wrapper_t<float, at::native::sum_functor<float, float, float>::operator ()(at::TensorIterator &)::[lambda(float, float) (instance 1)]>, unsigned int, float, (int)4, (int)4>>(T3)"
:stage.process:model.layers.1.mlp.down_proj,PushPop,2429084,2431523,1,1,340641,340641.0,340641.0,340641,340641,0.0,"void at::native::<unnamed>::CatArrayBatchedCopy_alignedK_contig<at::native::<unnamed>::OpaqueType<(unsigned int)8>, unsigned int, (int)3, (int)128, (int)1, (int)16>(T1 *, at::native::<unnamed>::CatArrInputTensorMetadata<T1, T2, T4, T5>, at::native::<unnamed>::TensorSizeStride<T2, (unsigned int)4>, int, T2)"
:stage.process:model.layers.1.mlp.down_proj,PushPop,2429084,2431523,1,3,295969,98656.3,100000.0,94881,101088,3314.5,"void at::native::vectorized_elementwise_kernel<(int)2, at::native::BinaryFunctor<long, long, long, at::native::BitwiseXorFunctor<long>>, std::array<char *, (unsigned long)3>>(int, T2, T3)"
:stage.process:model.layers.1.mlp.down_proj,PushPop,2429084,2431523,1,6,268673,44778.8,1968.0,1472,250593,100897.1,"void at::native::vectorized_elementwise_kernel<(int)4, at::native::AUnaryFunctor<float, float, float, at::native::binary_internal::MulFunctor<float>>, std::array<char *, (unsigned long)2>>(int, T2, T3)"
:stage.process:model.layers.1.mlp.down_proj,PushPop,2429084,2431523,1,4,259491,64872.8,64689.0,59169,70944,5152.3,"void at::native::vectorized_elementwise_kernel<(int)2, at::native::BUnaryFunctor<long, long, long, at::native::rshift_kernel_cuda(at::TensorIteratorBase &)::[lambda() (instance 1)]::operator ()() const::[lambda() (instance 4)]::operator ()() const::[lambda(long, long) (instance 1)]>, std::array<char *, (unsigned long)2>>(int, T2, T3)"
:stage.process:model.layers.1.mlp.down_proj,PushPop,2429084,2431523,1,10,205824,20582.4,20528.0,20416,20896,142.9,"void at::native::<unnamed>::CatArrayBatchedCopy<at::native::<unnamed>::OpaqueType<(unsigned int)4>, unsigned int, (int)2, (int)64, (int)64>(T1 *, at::native::<unnamed>::CatArrInputTensorMetadata<T1, T2, T4, T5>, at::native::<unnamed>::TensorSizeStride<T2, (unsigned int)4>, int, T2)"
:stage.process:model.layers.1.mlp.down_proj,PushPop,2429084,2431523,1,2,201089,100544.5,100544.5,100448,100641,136.5,"void at::native::vectorized_elementwise_kernel<(int)2, at::native::BinaryFunctor<long, long, long, at::native::BitwiseOrFunctor<long>>, std::array<char *, (unsigned long)3>>(int, T2, T3)"
:stage.process:model.layers.1.mlp.down_proj,PushPop,2429084,2431523,1,16,170658,10666.1,10384.5,9120,12192,925.7,void cutlass::Kernel2<cutlass_80_simt_sgemm_128x32_8x5_nn_align1>(T1::Params)
:stage.process:model.layers.1.mlp.down_proj,PushPop,2429084,2431523,1,10,152576,15257.6,7712.0,3744,49696,14040.7,"void at::native::reduce_kernel<(int)512, (int)1, at::native::ReduceOp<float, at::native::MeanOps<float, float, float, float>, unsigned int, float, (int)4, (int)4>>(T3)"
:stage.process:model.layers.1.mlp.down_proj,PushPop,2429084,2431523,1,6,132513,22085.5,22080.0,16224,27969,6421.0,"void trsm_batch_left_upper_kernel_small<float, (int)16, (int)16, (int)64>(cublasTrsmBatchParams<T1>, const T1 *const *, T1 *const *, const T1 *, T1)"
:stage.process:model.layers.1.mlp.down_proj,PushPop,2429084,2431523,1,2,128320,64160.0,64160.0,63616,64704,769.3,"void at::native::vectorized_elementwise_kernel<(int)2, at::native::BUnaryFunctor<long, long, long, at::native::lshift_kernel_cuda(at::TensorIteratorBase &)::[lambda() (instance 1)]::operator ()() const::[lambda() (instance 4)]::operator ()() const::[lambda(long, long) (instance 1)]>, std::array<char *, (unsigned long)2>>(int, T2, T3)"
:stage.process:model.layers.1.mlp.down_proj,PushPop,2429084,2431523,1,3,114497,38165.7,53792.0,5760,54945,28070.1,"void at::native::unrolled_elementwise_kernel<at::native::direct_copy_kernel_cuda(at::TensorIteratorBase &)::[lambda() (instance 3)]::operator ()() const::[lambda() (instance 3)]::operator ()() const::[lambda(int) (instance 1)], std::array<char *, (unsigned long)2>, (int)4, TrivialOffsetCalculator<(int)1, unsigned int>, TrivialOffsetCalculator<(int)1, unsigned int>, at::native::memory::LoadWithCast<(int)1>, at::native::memory::StoreWithCast<(int)1>>(int, T1, T2, T4, T5, T6, T7)"
:stage.process:model.layers.1.mlp.down_proj,PushPop,2429084,2431523,1,4,86304,21576.0,21568.0,21376,21792,187.3,"std::enable_if<!T7, void>::type internal::gemvx::kernel<int, int, float, float, float, float, (bool)0, (bool)1, (bool)1, (bool)0, (int)7, (bool)0, cublasGemvParamsEx<int, cublasGemvTensorStridedBatched<const float>, cublasGemvTensorStridedBatched<const float>, cublasGemvTensorStridedBatched<float>, float>>(T13)"
:stage.process:model.layers.1.mlp.down_proj,PushPop,2429084,2431523,1,5,77121,15424.2,1696.0,1632,70401,30733.0,"void at::native::vectorized_elementwise_kernel<(int)2, at::native::CUDAFunctorOnSelf_add<long>, std::array<char *, (unsigned long)2>>(int, T2, T3)"
:stage.process:model.layers.1.mlp.down_proj,PushPop,2429084,2431523,1,1,73760,73760.0,73760.0,73760,73760,0.0,"void at::native::elementwise_kernel<(int)128, (int)2, void at::native::gpu_kernel_impl_nocast<at::native::BinaryFunctor<float, float, float, at::native::binary_internal::DivFunctor<float>>>(at::TensorIteratorBase &, const T1 &)::[lambda(int) (instance 1)]>(int, T3)"
:stage.process:model.layers.1.mlp.down_proj,PushPop,2429084,2431523,1,6,72897,12149.5,2032.0,1664,63424,25120.0,"void at::native::vectorized_elementwise_kernel<(int)2, at::native::AUnaryFunctor<long, long, long, at::native::binary_internal::MulFunctor<long>>, std::array<char *, (unsigned long)2>>(int, T2, T3)"
:stage.process:model.layers.1.mlp.down_proj,PushPop,2429084,2431523,1,1,62400,62400.0,62400.0,62400,62400,0.0,"void at::native::vectorized_elementwise_kernel<(int)4, void at::native::<unnamed>::pow_tensor_scalar_kernel_impl<float, float>(at::TensorIteratorBase &, T2)::[lambda(float) (instance 1)], std::array<char *, (unsigned long)2>>(int, T2, T3)"
:stage.process:model.layers.1.mlp.down_proj,PushPop,2429084,2431523,1,1,51232,51232.0,51232.0,51232,51232,0.0,"void at::native::reduce_kernel<(int)128, (int)4, at::native::ReduceOp<long, at::native::func_wrapper_t<long, at::native::sum_functor<long, long, long>::operator ()(at::TensorIterator &)::[lambda(long, long) (instance 1)]>, unsigned int, long, (int)4, (int)4>>(T3)"
:stage.process:model.layers.1.mlp.down_proj,PushPop,2429084,2431523,1,1,47488,47488.0,47488.0,47488,47488,0.0,"void at::native::vectorized_elementwise_kernel<(int)4, at::native::float16_copy_kernel_cuda(at::TensorIteratorBase &)::[lambda(float) (instance 1)], std::array<char *, (unsigned long)2>>(int, T2, T3)"
:stage.process:model.layers.1.mlp.down_proj,PushPop,2429084,2431523,1,8,46497,5812.1,5392.0,4065,10176,1903.6,"void gemmSN_NN_kernel<float, (int)256, (int)4, (int)2, (int)8, (int)4, (int)4, (bool)0, cublasGemvTensorBatched<const float>, cublasGemvTensorBatched<const float>, cublasGemvTensorBatched<float>>(cublasGemmSmallNParams<T9, T10, T11, T1>)"
:stage.process:model.layers.1.mlp.down_proj,PushPop,2429084,2431523,1,6,30049,5008.2,5072.5,4160,6240,742.2,"void at::native::elementwise_kernel<(int)128, (int)2, void at::native::gpu_kernel_impl_nocast<at::native::CUDAFunctorOnSelf_add<float>>(at::TensorIteratorBase &, const T1 &)::[lambda(int) (instance 1)]>(int, T3)"
:stage.process:model.layers.1.mlp.down_proj,PushPop,2429084,2431523,1,3,28384,9461.3,10368.0,7168,10848,2000.5,"void at::native::elementwise_kernel<(int)128, (int)2, void at::native::gpu_kernel_impl_nocast<at::native::direct_copy_kernel_cuda(at::TensorIteratorBase &)::[lambda() (instance 3)]::operator ()() const::[lambda() (instance 3)]::operator ()() const::[lambda(int) (instance 1)]>(at::TensorIteratorBase &, const T1 &)::[lambda(int) (instance 1)]>(int, T3)"
:stage.process:model.layers.1.mlp.down_proj,PushPop,2429084,2431523,1,4,14560,3640.0,3616.0,3488,3840,155.4,"void at::native::vectorized_elementwise_kernel<(int)2, at::native::BUnaryFunctor<long, long, long, at::native::remainder_kernel_cuda(at::TensorIteratorBase &)::[lambda() (instance 1)]::operator ()() const::[lambda() (instance 4)]::operator ()() const::[lambda(long, long) (instance 1)]>, std::array<char *, (unsigned long)2>>(int, T2, T3)"
:stage.process:model.layers.1.mlp.down_proj,PushPop,2429084,2431523,1,6,13280,2213.3,2208.0,2144,2272,55.1,"void at::native::vectorized_elementwise_kernel<(int)4, at::native::<unnamed>::CompareFunctor<float>, std::array<char *, (unsigned long)3>>(int, T2, T3)"
:stage.process:model.layers.1.mlp.down_proj,PushPop,2429084,2431523,1,3,12160,4053.3,4320.0,3520,4320,461.9,"void at::native::unrolled_elementwise_kernel<at::native::direct_copy_kernel_cuda(at::TensorIteratorBase &)::[lambda() (instance 3)]::operator ()() const::[lambda() (instance 1)]::operator ()() const::[lambda(unsigned char) (instance 1)], std::array<char *, (unsigned long)2>, (int)4, TrivialOffsetCalculator<(int)1, unsigned int>, TrivialOffsetCalculator<(int)1, unsigned int>, at::native::memory::LoadWithCast<(int)1>, at::native::memory::StoreWithCast<(int)1>>(int, T1, T2, T4, T5, T6, T7)"
:stage.process:model.layers.1.mlp.down_proj,PushPop,2429084,2431523,1,2,10656,5328.0,5328.0,4928,5728,565.7,"void at::native::<unnamed>::CatArrayBatchedCopy_vectorized<at::native::<unnamed>::OpaqueType<(unsigned int)2>, unsigned int, (int)1, (int)128, (int)1, (int)16, (int)8>(char *, at::native::<unnamed>::CatArrInputTensorMetadata<T1, T2, T4, T5>, at::native::<unnamed>::TensorSizeStride<T2, (unsigned int)4>, int, T2)"
:stage.process:model.layers.1.mlp.down_proj,PushPop,2429084,2431523,1,3,9472,3157.3,3136.0,3040,3296,129.3,"void at::native::vectorized_elementwise_kernel<(int)4, at::native::AUnaryFunctor<unsigned char, unsigned char, bool, at::native::<unnamed>::CompareEqFunctor<unsigned char>>, std::array<char *, (unsigned long)2>>(int, T2, T3)"
:stage.process:model.layers.1.mlp.down_proj,PushPop,2429084,2431523,1,1,9152,9152.0,9152.0,9152,9152,0.0,ampere_sgemm_32x32_sliced1x4_nn
:stage.process:model.layers.1.mlp.down_proj,PushPop,2429084,2431523,1,1,8288,8288.0,8288.0,8288,8288,0.0,"void at::native::vectorized_elementwise_kernel<(int)4, at::native::AUnaryFunctor<unsigned char, unsigned char, unsigned char, at::native::binary_internal::MulFunctor<unsigned char>>, std::array<char *, (unsigned long)2>>(int, T2, T3)"
:stage.process:model.layers.1.mlp.down_proj,PushPop,2429084,2431523,1,2,8032,4016.0,4016.0,3264,4768,1063.5,"void at::native::elementwise_kernel<(int)128, (int)2, void at::native::gpu_kernel_impl_nocast<at::native::AbsFunctor<float>>(at::TensorIteratorBase &, const T1 &)::[lambda(int) (instance 1)]>(int, T3)"
:stage.process:model.layers.1.mlp.down_proj,PushPop,2429084,2431523,1,2,7680,3840.0,3840.0,3808,3872,45.3,"void at::native::vectorized_elementwise_kernel<(int)2, at::native::BUnaryFunctor<long, long, long, at::native::binary_internal::div_floor_kernel_cuda(at::TensorIteratorBase &)::[lambda() (instance 1)]::operator ()() const::[lambda() (instance 4)]::operator ()() const::[lambda(long, long) (instance 1)]>, std::array<char *, (unsigned long)2>>(int, T2, T3)"
:stage.process:model.layers.1.mlp.down_proj,PushPop,2429084,2431523,1,3,6592,2197.3,2144.0,2048,2400,182.0,"void at::native::vectorized_elementwise_kernel<(int)4, at::native::FillFunctor<unsigned char>, std::array<char *, (unsigned long)1>>(int, T2, T3)"
:stage.process:model.layers.1.mlp.down_proj,PushPop,2429084,2431523,1,2,6464,3232.0,3232.0,3200,3264,45.3,"void at::native::elementwise_kernel<(int)128, (int)2, void at::native::gpu_kernel_impl_nocast<at::native::CUDAFunctor_add<long>>(at::TensorIteratorBase &, const T1 &)::[lambda(int) (instance 1)]>(int, T3)"
:stage.process:model.layers.1.mlp.down_proj,PushPop,2429084,2431523,1,2,5984,2992.0,2992.0,2848,3136,203.6,"void at::native::<unnamed>::CatArrayBatchedCopy_alignedK_contig<at::native::<unnamed>::OpaqueType<(unsigned int)4>, unsigned int, (int)1, (int)128, (int)1, (int)16>(T1 *, at::native::<unnamed>::CatArrInputTensorMetadata<T1, T2, T4, T5>, at::native::<unnamed>::TensorSizeStride<T2, (unsigned int)4>, int, T2)"
:stage.process:model.layers.1.mlp.down_proj,PushPop,2429084,2431523,1,3,5920,1973.3,1952.0,1664,2304,320.5,"void at::native::vectorized_elementwise_kernel<(int)4, at::native::BinaryFunctor<float, float, float, at::native::maximum_kernel_cuda(at::TensorIteratorBase &)::[lambda() (instance 2)]::operator ()() const::[lambda() (instance 2)]::operator ()() const::[lambda(float, float) (instance 1)]>, std::array<char *, (unsigned long)3>>(int, T2, T3)"
:stage.process:model.layers.1.mlp.down_proj,PushPop,2429084,2431523,1,3,5760,1920.0,1920.0,1760,2080,160.0,"xxtrf4_set_info_ker(int, int *)"
:stage.process:model.layers.1.mlp.down_proj,PushPop,2429084,2431523,1,1,4992,4992.0,4992.0,4992,4992,0.0,"void at::native::reduce_kernel<(int)512, (int)1, at::native::ReduceOp<float, at::native::ArgMinOps<float>, unsigned int, long, (int)4, (int)4>>(T3)"
:stage.process:model.layers.1.mlp.down_proj,PushPop,2429084,2431523,1,2,4960,2480.0,2480.0,2048,2912,610.9,"void at::native::unrolled_elementwise_kernel<at::native::AUnaryFunctor<long, long, long, at::native::BitwiseAndFunctor<long>>, std::array<char *, (unsigned long)2>, (int)4, TrivialOffsetCalculator<(int)1, unsigned int>, TrivialOffsetCalculator<(int)1, unsigned int>, at::native::memory::LoadWithoutCast, at::native::memory::StoreWithoutCast>(int, T1, T2, T4, T5, T6, T7)"
:stage.process:model.layers.1.mlp.down_proj,PushPop,2429084,2431523,1,2,4864,2432.0,2432.0,2432,2432,0.0,"void at::native::vectorized_elementwise_kernel<(int)2, at::native::CUDAFunctorOnOther_add<long>, std::array<char *, (unsigned long)2>>(int, T2, T3)"
:stage.process:model.layers.1.mlp.down_proj,PushPop,2429084,2431523,1,2,4768,2384.0,2384.0,2368,2400,22.6,"void at::native::vectorized_elementwise_kernel<(int)4, at::native::FillFunctor<bool>, std::array<char *, (unsigned long)1>>(int, T2, T3)"
:stage.process:model.layers.1.mlp.down_proj,PushPop,2429084,2431523,1,2,4640,2320.0,2320.0,2272,2368,67.9,"void at::native::vectorized_elementwise_kernel<(int)4, void at::native::compare_scalar_kernel<c10::Half>(at::TensorIteratorBase &, at::native::<unnamed>::OpType, T1)::[lambda(c10::Half) (instance 1)], std::array<char *, (unsigned long)2>>(int, T2, T3)"
:stage.process:model.layers.1.mlp.down_proj,PushPop,2429084,2431523,1,1,3552,3552.0,3552.0,3552,3552,0.0,"void at::native::vectorized_elementwise_kernel<(int)4, at::native::BinaryFunctor<unsigned char, unsigned char, bool, at::native::<unnamed>::CompareEqFunctor<unsigned char>>, std::array<char *, (unsigned long)3>>(int, T2, T3)"
:stage.process:model.layers.1.mlp.down_proj,PushPop,2429084,2431523,1,1,3360,3360.0,3360.0,3360,3360,0.0,"void at::native::<unnamed>::CatArrayBatchedCopy_contig<at::native::<unnamed>::OpaqueType<(unsigned int)1>, unsigned int, (int)1, (int)128, (int)1>(T1 *, at::native::<unnamed>::CatArrInputTensorMetadata<T1, T2, T4, T5>, at::native::<unnamed>::TensorSizeStride<T2, (unsigned int)4>, int, T2)"
:stage.process:model.layers.1.mlp.down_proj,PushPop,2429084,2431523,1,1,2848,2848.0,2848.0,2848,2848,0.0,"void at::native::unrolled_elementwise_kernel<at::native::direct_copy_kernel_cuda(at::TensorIteratorBase &)::[lambda() (instance 3)]::operator ()() const::[lambda() (instance 11)]::operator ()() const::[lambda(bool) (instance 1)], std::array<char *, (unsigned long)2>, (int)4, TrivialOffsetCalculator<(int)1, unsigned int>, TrivialOffsetCalculator<(int)1, unsigned int>, at::native::memory::LoadWithCast<(int)1>, at::native::memory::StoreWithCast<(int)1>>(int, T1, T2, T4, T5, T6, T7)"
:stage.process:model.layers.1.mlp.down_proj,PushPop,2429084,2431523,1,1,2688,2688.0,2688.0,2688,2688,0.0,"void at::native::vectorized_elementwise_kernel<(int)4, at::native::sqrt_kernel_cuda(at::TensorIteratorBase &)::[lambda() (instance 2)]::operator ()() const::[lambda() (instance 2)]::operator ()() const::[lambda(float) (instance 1)], std::array<char *, (unsigned long)2>>(int, T2, T3)"
:stage.process:model.layers.1.mlp.down_proj,PushPop,2429084,2431523,1,1,2240,2240.0,2240.0,2240,2240,0.0,"void at::native::elementwise_kernel<(int)128, (int)2, void at::native::gpu_kernel_impl_nocast<at::native::<unnamed>::where_kernel_impl(at::TensorIterator &)::[lambda() (instance 1)]::operator ()() const::[lambda() (instance 3)]::operator ()() const::[lambda(bool, unsigned int, unsigned int) (instance 1)]>(at::TensorIteratorBase &, const T1 &)::[lambda(int) (instance 1)]>(int, T3)"
:stage.process:model.layers.1.mlp.down_proj,PushPop,2429084,2431523,1,1,2112,2112.0,2112.0,2112,2112,0.0,"void at::native::unrolled_elementwise_kernel<at::native::<unnamed>::CompareFunctor<c10::Half>, std::array<char *, (unsigned long)3>, (int)4, TrivialOffsetCalculator<(int)2, unsigned int>, TrivialOffsetCalculator<(int)1, unsigned int>, at::native::memory::LoadWithoutCast, at::native::memory::StoreWithoutCast>(int, T1, T2, T4, T5, T6, T7)"
:stage.process:model.layers.1.mlp.down_proj,PushPop,2429084,2431523,1,1,1920,1920.0,1920.0,1920,1920,0.0,"void at::native::vectorized_elementwise_kernel<(int)4, at::native::<unnamed>::launch_clamp_scalar(at::TensorIteratorBase &, c10::Scalar, c10::Scalar, at::native::detail::ClampLimits)::[lambda() (instance 1)]::operator ()() const::[lambda() (instance 7)]::operator ()() const::[lambda(float) (instance 1)], std::array<char *, (unsigned long)2>>(int, T2, T3)"
:stage.process:model.layers.1.mlp.gate_proj,PushPop,2429084,2431523,1,1482,8339685023,5627317.8,4044059.5,1264740,16316680,4925525.9,void <unnamed>::qvq_fused_w2_family_grid_kernel<(bool)0>(<unnamed>::FusedSequenceArgs)
:stage.process:model.layers.1.mlp.gate_proj,PushPop,2429084,2431523,1,1534,4699293219,3063424.5,2775927.5,1363044,7268112,1926253.7,"void <unnamed>::qvq_viterbi_kernel<(int)4, (int)2, __half, unsigned char>(const float *, const T3 *, const float *, const long *, const float *, T4 *, long *, float *, int, int, int, bool, bool, bool)"
:stage.process:model.layers.1.mlp.gate_proj,PushPop,2429084,2431523,1,1278,2630731058,2058475.0,1606356.0,21344,5812913,1501593.6,void cutlass::Kernel2<cutlass_80_simt_sgemm_grouped_128x128_8x4_align1>(T1::Params)
:stage.process:model.layers.1.mlp.gate_proj,PushPop,2429084,2431523,1,1278,659340679,515916.0,323408.5,5440,969474,334639.6,"void gemmSN_NN_kernel<float, (int)128, (int)2, (int)4, (int)8, (int)4, (int)4, (bool)0, cublasGemvTensorBatched<const float>, cublasGemvTensorBatched<const float>, cublasGemvTensorBatched<float>>(cublasGemmSmallNParams<T9, T10, T11, T1>)"
:stage.process:model.layers.1.mlp.gate_proj,PushPop,2429084,2431523,1,1276,211901615,166067.1,109120.5,10048,303648,100879.9,ampere_sgemm_128x128_nt
:stage.process:model.layers.1.mlp.gate_proj,PushPop,2429084,2431523,1,1482,151251437,102059.0,101440.0,73792,116960,7255.7,"<unnamed>::qvq_fused_w2_traceback_kernel(const unsigned char *, const unsigned char *, const int *, long *, unsigned char *, int)"
:stage.process:model.layers.1.mlp.gate_proj,PushPop,2429084,2431523,1,14,83934540,5995324.3,3354537.0,3233481,12677413,4385164.7,ampere_sgemm_128x64_nn
:stage.process:model.layers.1.mlp.gate_proj,PushPop,2429084,2431523,1,416,62579984,150432.7,145840.5,133537,1663909,74880.0,"void <unnamed>::qvq_v2_segment_grid_kernel<(int)4, (int)2, (int)16, (bool)1, (bool)0, __half, unsigned char>(const float *, const T6 *, const float *, const long *, const float *, const float *, float *, T7 *, unsigned char *, int, int, int, bool, bool)"
:stage.process:model.layers.1.mlp.gate_proj,PushPop,2429084,2431523,1,3785,29621808,7826.1,3232.0,2112,683714,35024.1,"void at::native::elementwise_kernel<(int)128, (int)2, void at::native::gpu_kernel_impl_nocast<at::native::direct_copy_kernel_cuda(at::TensorIteratorBase &)::[lambda() (instance 3)]::operator ()() const::[lambda() (instance 7)]::operator ()() const::[lambda(float) (instance 1)]>(at::TensorIteratorBase &, const T1 &)::[lambda(int) (instance 1)]>(int, T3)"
:stage.process:model.layers.1.mlp.gate_proj,PushPop,2429084,2431523,1,2,26069349,13034674.5,13034674.5,12887587,13181762,208013.1,void cutlass::Kernel2<cutlass_80_simt_sgemm_128x64_8x5_nn_align1>(T1::Params)
:stage.process:model.layers.1.mlp.gate_proj,PushPop,2429084,2431523,1,3222,23720383,7362.0,7712.0,2592,90625,3207.7,"void at::native::reduce_kernel<(int)512, (int)1, at::native::ReduceOp<bool, at::native::func_wrapper_t<bool, at::native::and_kernel_cuda(at::TensorIterator &)::[lambda() (instance 1)]::operator ()() const::[lambda() (instance 12)]::operator ()() const::[lambda(bool, bool) (instance 1)]>, unsigned int, bool, (int)4, (int)4>>(T3)"
:stage.process:model.layers.1.mlp.gate_proj,PushPop,2429084,2431523,1,1482,19952869,13463.5,13568.0,9216,15808,1312.9,"<unnamed>::qvq_fused_detect_family_mask_kernel(const unsigned int *, int *)"
:stage.process:model.layers.1.mlp.gate_proj,PushPop,2429084,2431523,1,445,18406827,41363.7,5728.0,3296,667202,70572.4,"void at::native::elementwise_kernel<(int)128, (int)2, void at::native::gpu_kernel_impl_nocast<at::native::CUDAFunctor_add<float>>(at::TensorIteratorBase &, const T1 &)::[lambda(int) (instance 1)]>(int, T3)"
:stage.process:model.layers.1.mlp.gate_proj,PushPop,2429084,2431523,1,1663,17063656,10260.8,9344.0,5376,118656,3171.5,"void at::native::index_elementwise_kernel<(int)128, (int)4, void at::native::gpu_index_kernel<void at::native::index_kernel_impl<at::native::OpaqueType<(int)2>>(at::TensorIteratorBase &, c10::ArrayRef<long>, c10::ArrayRef<long>)::[lambda(char *, const char *, long) (instance 1)]>(at::TensorIteratorBase &, c10::ArrayRef<long>, c10::ArrayRef<long>, const T1 &, bool)::[lambda(int) (instance 1)]>(long, T3)"
:stage.process:model.layers.1.mlp.gate_proj,PushPop,2429084,2431523,1,2046,16172683,7904.5,7968.0,3872,12064,1029.6,"void at::native::reduce_kernel<(int)512, (int)1, at::native::ReduceOp<float, at::native::func_wrapper_t<float, at::native::MaxNanFunctor<float>>, unsigned int, float, (int)4, (int)4>>(T3)"
:stage.process:model.layers.1.mlp.gate_proj,PushPop,2429084,2431523,1,130,15715592,120889.2,120672.0,5280,232289,66028.9,"void gemmSN_NN_kernel<float, (int)128, (int)2, (int)4, (int)8, (int)4, (int)4, (bool)0, cublasGemvTensorStridedBatched<const float>, cublasGemvTensorStridedBatched<const float>, cublasGemvTensorStridedBatched<float>>(cublasGemmSmallNParams<T9, T10, T11, T1>)"
:stage.process:model.layers.1.mlp.gate_proj,PushPop,2429084,2431523,1,1917,13185255,6878.1,6816.0,4384,9728,432.8,"void at::native::index_elementwise_kernel<(int)128, (int)4, void at::native::gpu_index_kernel<void at::native::index_put_kernel_impl<at::native::OpaqueType<(int)4>>(at::TensorIterator &, c10::ArrayRef<long>, c10::ArrayRef<long>)::[lambda(char *, const char *, long) (instance 1)]>(at::TensorIteratorBase &, c10::ArrayRef<long>, c10::ArrayRef<long>, const T1 &, bool)::[lambda(int) (instance 1)]>(long, T3)"
:stage.process:model.layers.1.mlp.gate_proj,PushPop,2429084,2431523,1,4,12926118,3231529.5,3231609.5,3230346,3232553,981.6,ampere_sgemm_128x64_nt
:stage.process:model.layers.1.mlp.gate_proj,PushPop,2429084,2431523,1,1,12697701,12697701.0,12697701.0,12697701,12697701,0.0,ampere_sgemm_128x64_tn
:stage.process:model.layers.1.mlp.gate_proj,PushPop,2429084,2431523,1,4,11404536,2851134.0,1593539.0,923938,7293520,3027710.2,"void kernel<getrf_wo_pivot_params_<float, (int)0, (int)256, (int)1, (int)64, (int)64, (int)68, (int)8, (int)1, (int)1>>(int, int, void *, int, void *, int, int, int, int, int, int *)"
:stage.process:model.layers.1.mlp.gate_proj,PushPop,2429084,2431523,1,4122,10426614,2529.5,2272.0,1568,254720,7178.9,"void at::native::vectorized_elementwise_kernel<(int)4, at::native::AbsFunctor<float>, std::array<char *, (unsigned long)2>>(int, T2, T3)"
:stage.process:model.layers.1.mlp.gate_proj,PushPop,2429084,2431523,1,1278,9095707,7117.1,7040.0,5056,8800,293.8,"void at::native::index_elementwise_kernel<(int)128, (int)4, void at::native::gpu_index_kernel<void at::native::index_put_kernel_impl<at::native::OpaqueType<(int)8>>(at::TensorIterator &, c10::ArrayRef<long>, c10::ArrayRef<long>)::[lambda(char *, const char *, long) (instance 1)]>(at::TensorIteratorBase &, c10::ArrayRef<long>, c10::ArrayRef<long>, const T1 &, bool)::[lambda(int) (instance 1)]>(long, T3)"
:stage.process:model.layers.1.mlp.gate_proj,PushPop,2429084,2431523,1,2846,6733073,2365.8,2208.0,1600,104992,3376.9,"void at::native::vectorized_elementwise_kernel<(int)4, at::native::BinaryFunctor<bool, bool, bool, at::native::binary_internal::MulFunctor<bool>>, std::array<char *, (unsigned long)3>>(int, T2, T3)"
:stage.process:model.layers.1.mlp.gate_proj,PushPop,2429084,2431523,1,2,6724146,3362073.0,3362073.0,3355369,3368777,9480.9,void cutlass::Kernel2<cutlass_80_simt_sgemm_128x32_8x5_nt_align1>(T1::Params)
:stage.process:model.layers.1.mlp.gate_proj,PushPop,2429084,2431523,1,1543,6667217,4320.9,4192.0,3072,76992,2982.9,"void at::native::unrolled_elementwise_kernel<at::native::direct_copy_kernel_cuda(at::TensorIteratorBase &)::[lambda() (instance 3)]::operator ()() const::[lambda() (instance 7)]::operator ()() const::[lambda(float) (instance 1)], std::array<char *, (unsigned long)2>, (int)4, TrivialOffsetCalculator<(int)1, unsigned int>, TrivialOffsetCalculator<(int)1, unsigned int>, at::native::memory::LoadWithCast<(int)1>, at::native::memory::StoreWithCast<(int)1>>(int, T1, T2, T4, T5, T6, T7)"
:stage.process:model.layers.1.mlp.gate_proj,PushPop,2429084,2431523,1,762,6451762,8466.9,8224.0,7840,10432,674.6,"void batch_trsm_left_kernel<float, (int)64, (int)4, (int)3, (bool)0, (bool)0, (bool)1>(cublasTrsmBatchParams2<T1>, T1, const T1 *, int)"
:stage.process:model.layers.1.mlp.gate_proj,PushPop,2429084,2431523,1,770,6435407,8357.7,8352.0,7968,8800,143.9,"void at::native::reduce_kernel<(int)512, (int)1, at::native::ReduceOp<c10::Half, at::native::func_wrapper_t<c10::Half, at::native::MaxNanFunctor<c10::Half>>, unsigned int, c10::Half, (int)4, (int)4>>(T3)"
:stage.process:model.layers.1.mlp.gate_proj,PushPop,2429084,2431523,1,1663,5582605,3356.9,3360.0,2528,114656,2756.2,"void at::native::elementwise_kernel<(int)128, (int)2, void at::native::gpu_kernel_impl_nocast<at::native::direct_copy_kernel_cuda(at::TensorIteratorBase &)::[lambda() (instance 3)]::operator ()() const::[lambda() (instance 4)]::operator ()() const::[lambda(long) (instance 1)]>(at::TensorIteratorBase &, const T1 &)::[lambda(int) (instance 1)]>(int, T3)"
:stage.process:model.layers.1.mlp.gate_proj,PushPop,2429084,2431523,1,2077,5467631,2632.5,2272.0,1504,163809,6698.2,"void at::native::vectorized_elementwise_kernel<(int)4, at::native::BinaryFunctor<float, float, bool, at::native::<unnamed>::CompareEqFunctor<float>>, std::array<char *, (unsigned long)3>>(int, T2, T3)"
:stage.process:model.layers.1.mlp.gate_proj,PushPop,2429084,2431523,1,2076,5352525,2578.3,2240.0,1504,167008,6692.8,"void at::native::vectorized_elementwise_kernel<(int)4, at::native::AUnaryFunctor<float, float, bool, at::native::<unnamed>::CompareEqFunctor<float>>, std::array<char *, (unsigned long)2>>(int, T2, T3)"
:stage.process:model.layers.1.mlp.gate_proj,PushPop,2429084,2431523,1,2558,5243853,2050.0,2048.0,1600,4640,178.3,"void at::native::vectorized_elementwise_kernel<(int)4, at::native::BinaryFunctor<bool, bool, bool, at::native::logical_or_kernel_cuda(at::TensorIterator &)::[lambda() (instance 2)]::operator ()() const::[lambda() (instance 9)]::operator ()() const::[lambda(bool, bool) (instance 1)]>, std::array<char *, (unsigned long)3>>(int, T2, T3)"
:stage.process:model.layers.1.mlp.gate_proj,PushPop,2429084,2431523,1,1532,5118570,3341.1,3392.0,2048,36897,949.8,"void at::native::elementwise_kernel<(int)128, (int)2, void at::native::gpu_kernel_impl_nocast<at::native::AUnaryFunctor<long, long, long, at::native::BitwiseAndFunctor<long>>>(at::TensorIteratorBase &, const T1 &)::[lambda(int) (instance 1)]>(int, T3)"
:stage.process:model.layers.1.mlp.gate_proj,PushPop,2429084,2431523,1,639,5056521,7913.2,8032.0,5632,9856,440.2,"void at::native::index_elementwise_kernel<(int)128, (int)4, void at::native::gpu_index_kernel<void at::native::index_kernel_impl<at::native::OpaqueType<(int)4>>(at::TensorIteratorBase &, c10::ArrayRef<long>, c10::ArrayRef<long>)::[lambda(char *, const char *, long) (instance 1)]>(at::TensorIteratorBase &, c10::ArrayRef<long>, c10::ArrayRef<long>, const T1 &, bool)::[lambda(int) (instance 1)]>(long, T3)"
:stage.process:model.layers.1.mlp.gate_proj,PushPop,2429084,2431523,1,1278,4809869,3763.6,3424.0,2176,262464,7262.6,"<unnamed>::qvq_yaqa_feedback_epilogue_kernel(const float *, const float *, const float *, const float *, const float *, float *, int, int, int, int, int)"
:stage.process:model.layers.1.mlp.gate_proj,PushPop,2429084,2431523,1,1586,4802023,3027.8,2624.0,2112,520641,13023.4,"<unnamed>::qvq_half2_codebook_norm_pack_kernel(const __half *, unsigned long *, int)"
:stage.process:model.layers.1.mlp.gate_proj,PushPop,2429084,2431523,1,55,4732711,86049.3,70272.0,17792,139425,45260.0,void cutlass::Kernel2<cutlass_80_simt_sgemm_128x32_8x5_nn_align1>(T1::Params)
:stage.process:model.layers.1.mlp.gate_proj,PushPop,2429084,2431523,1,1534,4456078,2904.9,2688.0,2272,10656,636.9,"void at::native::roll_cuda_kernel<float>(const T1 *, T1 *, long, long, long, long, long, long)"
:stage.process:model.layers.1.mlp.gate_proj,PushPop,2429084,2431523,1,52,4336688,83397.8,81840.0,74529,118432,8277.5,"void <unnamed>::qvq_v2_segment_grid_finalize_kernel<(int)4, (int)2, (int)16, (bool)0, __half, unsigned char>(const float *, const T5 *, const float *, const long *, const float *, const float *, const T6 *, const unsigned char *, long *, unsigned char *, float *, int, int, bool, bool)"
:stage.process:model.layers.1.mlp.gate_proj,PushPop,2429084,2431523,1,639,4206190,6582.5,6720.0,3328,9696,535.7,"void at::native::index_elementwise_kernel<(int)128, (int)4, void at::native::gpu_index_kernel<void at::native::index_put_kernel_impl<at::native::OpaqueType<(int)1>>(at::TensorIterator &, c10::ArrayRef<long>, c10::ArrayRef<long>)::[lambda(char *, const char *, long) (instance 1)]>(at::TensorIteratorBase &, c10::ArrayRef<long>, c10::ArrayRef<long>, const T1 &, bool)::[lambda(int) (instance 1)]>(long, T3)"
:stage.process:model.layers.1.mlp.gate_proj,PushPop,2429084,2431523,1,789,3652775,4629.6,2208.0,1952,193216,15234.0,"void at::native::vectorized_elementwise_kernel<(int)4, at::native::CUDAFunctor_add<float>, std::array<char *, (unsigned long)3>>(int, T2, T3)"
:stage.process:model.layers.1.mlp.gate_proj,PushPop,2429084,2431523,1,1,3420199,3420199.0,3420199.0,3420199,3420199,0.0,ampere_sgemm_128x64_lower_nt
:stage.process:model.layers.1.mlp.gate_proj,PushPop,2429084,2431523,1,1540,3410700,2214.7,2176.0,1824,4160,149.2,"void at::native::vectorized_elementwise_kernel<(int)4, at::native::AbsFunctor<c10::Half>, std::array<char *, (unsigned long)2>>(int, T2, T3)"
:stage.process:model.layers.1.mlp.gate_proj,PushPop,2429084,2431523,1,1792,3245254,1811.0,1792.0,1536,3072,199.8,"void at::native::vectorized_elementwise_kernel<(int)4, void at::native::compare_scalar_kernel<float>(at::TensorIteratorBase &, at::native::<unnamed>::OpType, T1)::[lambda(float) (instance 1)], std::array<char *, (unsigned long)2>>(int, T2, T3)"
:stage.process:model.layers.1.mlp.gate_proj,PushPop,2429084,2431523,1,770,3105961,4033.7,4032.0,3968,8448,213.4,ampere_sgemm_32x128_nt
:stage.process:model.layers.1.mlp.gate_proj,PushPop,2429084,2431523,1,1278,2778057,2173.8,2144.0,1440,4704,158.2,"<unnamed>::qvq_yaqa_grouped_pointers_kernel(const float *, const float *, float *, float **, float **, float **, int, int, int, int, int, int)"
:stage.process:model.layers.1.mlp.gate_proj,PushPop,2429084,2431523,1,775,2761386,3563.1,3392.0,1952,51552,2765.0,"void at::native::unrolled_elementwise_kernel<at::native::direct_copy_kernel_cuda(at::TensorIteratorBase &)::[lambda() (instance 3)]::operator ()() const::[lambda() (instance 4)]::operator ()() const::[lambda(long) (instance 1)], std::array<char *, (unsigned long)2>, (int)4, TrivialOffsetCalculator<(int)1, unsigned int>, TrivialOffsetCalculator<(int)1, unsigned int>, at::native::memory::LoadWithCast<(int)1>, at::native::memory::StoreWithCast<(int)1>>(int, T1, T2, T4, T5, T6, T7)"
:stage.process:model.layers.1.mlp.gate_proj,PushPop,2429084,2431523,1,1278,2684966,2100.9,2112.0,1632,6336,240.2,"void at::native::vectorized_elementwise_kernel<(int)4, at::native::bitwise_not_kernel_cuda(at::TensorIteratorBase &)::[lambda(bool) (instance 1)], std::array<char *, (unsigned long)2>>(int, T2, T3)"
:stage.process:model.layers.1.mlp.gate_proj,PushPop,2429084,2431523,1,3,2605672,868557.3,1298372.0,8640,1298660,744710.3,"void at::native::reduce_kernel<(int)512, (int)1, at::native::ReduceOp<long, at::native::func_wrapper_t<long, at::native::sum_functor<long, long, long>::operator ()(at::TensorIterator &)::[lambda(long, long) (instance 1)]>, unsigned int, long, (int)4, (int)4>>(T3)"
:stage.process:model.layers.1.mlp.gate_proj,PushPop,2429084,2431523,1,1278,2483013,1942.9,1952.0,1440,3328,105.1,"<unnamed>::qvq_yaqa_update_grouped_pointers_kernel(float *, float *, const float *, const float *, const float *, float **, float **, float **, int, int, int, int, int, int)"
:stage.process:model.layers.1.mlp.gate_proj,PushPop,2429084,2431523,1,11,2479049,225368.1,65888.0,5792,1031523,398132.1,"void at::native::vectorized_elementwise_kernel<(int)2, at::native::AUnaryFunctor<long, long, long, at::native::BitwiseAndFunctor<long>>, std::array<char *, (unsigned long)2>>(int, T2, T3)"
:stage.process:model.layers.1.mlp.gate_proj,PushPop,2429084,2431523,1,1482,2417192,1631.0,1568.0,1312,2368,194.3,"void at::native::vectorized_elementwise_kernel<(int)4, at::native::FillFunctor<int>, std::array<char *, (unsigned long)1>>(int, T2, T3)"
:stage.process:model.layers.1.mlp.gate_proj,PushPop,2429084,2431523,1,4,2180391,545097.8,562562.0,5056,1050211,583435.0,"void at::native::elementwise_kernel<(int)128, (int)2, void at::native::gpu_kernel_impl_nocast<at::native::BinaryFunctor<long, long, long, at::native::lshift_kernel_cuda(at::TensorIteratorBase &)::[lambda() (instance 1)]::operator ()() const::[lambda() (instance 4)]::operator ()() const::[lambda(long, long) (instance 1)]>>(at::TensorIteratorBase &, const T1 &)::[lambda(int) (instance 1)]>(int, T3)"
:stage.process:model.layers.1.mlp.gate_proj,PushPop,2429084,2431523,1,4,2163686,540921.5,540753.5,40928,1041251,577269.0,"void at::native::elementwise_kernel<(int)128, (int)2, void at::native::gpu_kernel_impl_nocast<at::native::BinaryFunctor<long, long, long, at::native::rshift_kernel_cuda(at::TensorIteratorBase &)::[lambda() (instance 1)]::operator ()() const::[lambda() (instance 4)]::operator ()() const::[lambda(long, long) (instance 1)]>>(at::TensorIteratorBase &, const T1 &)::[lambda(int) (instance 1)]>(int, T3)"
:stage.process:model.layers.1.mlp.gate_proj,PushPop,2429084,2431523,1,1548,2105122,1359.9,1376.0,1248,2112,72.7,"void <unnamed>::elementwise_kernel_with_index<int, at::native::arange_cuda_out(const c10::Scalar &, const c10::Scalar &, const c10::Scalar &, at::Tensor &)::[lambda() (instance 1)]::operator ()() const::[lambda() (instance 4)]::operator ()() const::[lambda(long) (instance 1)]>(T1, T2, function_traits<T2>::result_type *)"
:stage.process:model.layers.1.mlp.gate_proj,PushPop,2429084,2431523,1,3,1881702,627234.0,904323.0,72832,904547,480126.2,"void at::native::index_elementwise_kernel<(int)128, (int)4, void at::native::gpu_index_kernel<void at::native::index_kernel_impl<at::native::OpaqueType<(int)8>>(at::TensorIteratorBase &, c10::ArrayRef<long>, c10::ArrayRef<long>)::[lambda(char *, const char *, long) (instance 1)]>(at::TensorIteratorBase &, c10::ArrayRef<long>, c10::ArrayRef<long>, const T1 &, bool)::[lambda(int) (instance 1)]>(long, T3)"
:stage.process:model.layers.1.mlp.gate_proj,PushPop,2429084,2431523,1,770,1764130,2291.1,2272.0,1728,2368,46.9,"void at::native::vectorized_elementwise_kernel<(int)4, at::native::BinaryFunctor<c10::Half, c10::Half, bool, at::native::<unnamed>::CompareEqFunctor<c10::Half>>, std::array<char *, (unsigned long)3>>(int, T2, T3)"
:stage.process:model.layers.1.mlp.gate_proj,PushPop,2429084,2431523,1,770,1750146,2272.9,2272.0,1728,2336,36.0,"void at::native::vectorized_elementwise_kernel<(int)4, at::native::AUnaryFunctor<c10::Half, c10::Half, bool, at::native::<unnamed>::CompareEqFunctor<c10::Half>>, std::array<char *, (unsigned long)2>>(int, T2, T3)"
:stage.process:model.layers.1.mlp.gate_proj,PushPop,2429084,2431523,1,782,1738853,2223.6,1824.0,1696,46368,3920.6,"void at::native::vectorized_elementwise_kernel<(int)4, void at::native::compare_scalar_kernel<long>(at::TensorIteratorBase &, at::native::<unnamed>::OpType, T1)::[lambda(long) (instance 1)], std::array<char *, (unsigned long)2>>(int, T2, T3)"
:stage.process:model.layers.1.mlp.gate_proj,PushPop,2429084,2431523,1,10,1604740,160474.0,79792.0,3488,662242,204832.2,"void at::native::elementwise_kernel<(int)128, (int)2, void at::native::gpu_kernel_impl_nocast<at::native::BinaryFunctor<float, float, float, at::native::binary_internal::MulFunctor<float>>>(at::TensorIteratorBase &, const T1 &)::[lambda(int) (instance 1)]>(int, T3)"
:stage.process:model.layers.1.mlp.gate_proj,PushPop,2429084,2431523,1,45,1387970,30843.8,32992.0,6432,56608,15993.9,"void gemmSN_NN_kernel<float, (int)256, (int)4, (int)2, (int)8, (int)4, (int)4, (bool)0, cublasGemvTensorStridedBatched<const float>, cublasGemvTensorStridedBatched<const float>, cublasGemvTensorStridedBatched<float>>(cublasGemmSmallNParams<T9, T10, T11, T1>)"
:stage.process:model.layers.1.mlp.gate_proj,PushPop,2429084,2431523,1,512,1314405,2567.2,2528.0,2368,2848,127.3,"void at::native::unrolled_elementwise_kernel<at::native::BinaryFunctor<float, float, float, at::native::maximum_kernel_cuda(at::TensorIteratorBase &)::[lambda() (instance 2)]::operator ()() const::[lambda() (instance 2)]::operator ()() const::[lambda(float, float) (instance 1)]>, std::array<char *, (unsigned long)3>, (int)4, TrivialOffsetCalculator<(int)2, unsigned int>, TrivialOffsetCalculator<(int)1, unsigned int>, at::native::memory::LoadWithCast<(int)2>, at::native::memory::StoreWithCast<(int)1>>(int, T1, T2, T4, T5, T6, T7)"
:stage.process:model.layers.1.mlp.gate_proj,PushPop,2429084,2431523,1,4,1279204,319801.0,319281.0,314337,326305,4925.6,"std::enable_if<!T7, void>::type internal::gemvx::kernel<int, int, float, float, float, float, (bool)0, (bool)1, (bool)1, (bool)0, (int)7, (bool)0, cublasGemvParamsEx<int, cublasGemvTensorStridedBatched<const float>, cublasGemvTensorStridedBatched<const float>, cublasGemvTensorStridedBatched<float>, float>>(T13)"
:stage.process:model.layers.1.mlp.gate_proj,PushPop,2429084,2431523,1,641,1194532,1863.5,1792.0,1568,29216,1531.1,"void at::native::vectorized_elementwise_kernel<(int)2, at::native::FillFunctor<long>, std::array<char *, (unsigned long)1>>(int, T2, T3)"
:stage.process:model.layers.1.mlp.gate_proj,PushPop,2429084,2431523,1,256,1179137,4606.0,4608.0,4096,5088,371.6,"void at::native::elementwise_kernel<(int)128, (int)4, void at::native::gpu_kernel_impl_nocast<at::native::direct_copy_kernel_cuda(at::TensorIteratorBase &)::[lambda() (instance 3)]::operator ()() const::[lambda() (instance 10)]::operator ()() const::[lambda(c10::Half) (instance 1)]>(at::TensorIteratorBase &, const T1 &)::[lambda(int) (instance 1)]>(int, T3)"
:stage.process:model.layers.1.mlp.gate_proj,PushPop,2429084,2431523,1,26,1158693,44565.1,45472.0,35616,51136,4746.1,ampere_sgemm_128x32_nn
:stage.process:model.layers.1.mlp.gate_proj,PushPop,2429084,2431523,1,264,974210,3690.2,3456.0,3072,15585,1532.6,"void at::native::reduce_kernel<(int)512, (int)1, at::native::ReduceOp<bool, at::native::func_wrapper_t<bool, at::native::or_kernel_cuda(at::TensorIterator &)::[lambda() (instance 1)]::operator ()() const::[lambda() (instance 12)]::operator ()() const::[lambda(bool, bool) (instance 1)]>, unsigned int, bool, (int)4, (int)4>>(T3)"
:stage.process:model.layers.1.mlp.gate_proj,PushPop,2429084,2431523,1,3,917954,305984.7,46368.0,45920,825666,450057.3,"void at::native::triu_tril_kernel<float, int, (bool)0, (int)2, (bool)1>(at::cuda::detail::TensorInfo<T1, T2>, at::cuda::detail::TensorInfo<const T1, T2>, long, long, T2)"
:stage.process:model.layers.1.mlp.gate_proj,PushPop,2429084,2431523,1,9,807682,89742.4,67072.0,1952,257185,98756.0,"void at::native::vectorized_elementwise_kernel<(int)4, at::native::BUnaryFunctor<float, float, float, at::native::binary_internal::MulFunctor<float>>, std::array<char *, (unsigned long)2>>(int, T2, T3)"
:stage.process:model.layers.1.mlp.gate_proj,PushPop,2429084,2431523,1,9,784675,87186.1,86944.0,86688,89153,758.9,"void at::native::vectorized_elementwise_kernel<(int)4, at::native::BinaryFunctor<float, float, float, at::native::binary_internal::MulFunctor<float>>, std::array<char *, (unsigned long)3>>(int, T2, T3)"
:stage.process:model.layers.1.mlp.gate_proj,PushPop,2429084,2431523,1,128,760610,5942.3,5952.0,5664,6304,145.0,"void at::native::unrolled_elementwise_kernel<at::native::CUDAFunctor_add<float>, std::array<char *, (unsigned long)3>, (int)4, TrivialOffsetCalculator<(int)2, unsigned int>, TrivialOffsetCalculator<(int)1, unsigned int>, at::native::memory::LoadWithCast<(int)2>, at::native::memory::StoreWithCast<(int)1>>(int, T1, T2, T4, T5, T6, T7)"
:stage.process:model.layers.1.mlp.gate_proj,PushPop,2429084,2431523,1,10,580000,58000.0,47024.0,46368,156416,34583.3,"void at::native::reduce_kernel<(int)512, (int)1, at::native::ReduceOp<float, at::native::func_wrapper_t<float, at::native::sum_functor<float, float, float>::operator ()(at::TensorIterator &)::[lambda(float, float) (instance 1)]>, unsigned int, float, (int)4, (int)4>>(T3)"
:stage.process:model.layers.1.mlp.gate_proj,PushPop,2429084,2431523,1,129,551618,4276.1,4160.0,4096,20768,1463.5,"void at::native::elementwise_kernel<(int)128, (int)4, void at::native::gpu_kernel_impl_nocast<at::native::direct_copy_kernel_cuda(at::TensorIteratorBase &)::[lambda() (instance 3)]::operator ()() const::[lambda() (instance 1)]::operator ()() const::[lambda(unsigned char) (instance 1)]>(at::TensorIteratorBase &, const T1 &)::[lambda(int) (instance 1)]>(int, T3)"
:stage.process:model.layers.1.mlp.gate_proj,PushPop,2429084,2431523,1,132,527936,3999.5,1952.0,1728,71520,11605.7,"void at::native::vectorized_elementwise_kernel<(int)4, at::native::BinaryFunctor<long, long, bool, at::native::<unnamed>::CompareEqFunctor<long>>, std::array<char *, (unsigned long)3>>(int, T2, T3)"
:stage.process:model.layers.1.mlp.gate_proj,PushPop,2429084,2431523,1,263,526848,2003.2,1856.0,1760,11520,1181.2,"void at::native::vectorized_elementwise_kernel<(int)4, at::native::BinaryFunctor<bool, bool, bool, at::native::BitwiseOrFunctor<bool>>, std::array<char *, (unsigned long)3>>(int, T2, T3)"
:stage.process:model.layers.1.mlp.gate_proj,PushPop,2429084,2431523,1,13,493153,37934.8,8768.0,1344,113185,44629.9,"void at::native::vectorized_elementwise_kernel<(int)4, at::native::FillFunctor<float>, std::array<char *, (unsigned long)1>>(int, T2, T3)"
:stage.process:model.layers.1.mlp.gate_proj,PushPop,2429084,2431523,1,128,418176,3267.0,3264.0,3200,3296,23.6,"void at::native::elementwise_kernel<(int)128, (int)2, void at::native::gpu_kernel_impl_nocast<at::native::BUnaryFunctor<long, long, long, at::native::rshift_kernel_cuda(at::TensorIteratorBase &)::[lambda() (instance 1)]::operator ()() const::[lambda() (instance 4)]::operator ()() const::[lambda(long, long) (instance 1)]>>(at::TensorIteratorBase &, const T1 &)::[lambda(int) (instance 1)]>(int, T3)"
:stage.process:model.layers.1.mlp.gate_proj,PushPop,2429084,2431523,1,1,346017,346017.0,346017.0,346017,346017,0.0,"void at::native::<unnamed>::CatArrayBatchedCopy_alignedK_contig<at::native::<unnamed>::OpaqueType<(unsigned int)8>, unsigned int, (int)3, (int)128, (int)1, (int)16>(T1 *, at::native::<unnamed>::CatArrInputTensorMetadata<T1, T2, T4, T5>, at::native::<unnamed>::TensorSizeStride<T2, (unsigned int)4>, int, T2)"
:stage.process:model.layers.1.mlp.gate_proj,PushPop,2429084,2431523,1,58,324928,5602.2,5168.0,3424,16128,2977.1,"void cublasLt::splitKreduce_kernel<(int)32, (int)16, int, float, float, float, float, (bool)0, float, float, float, (bool)1, (bool)0, (bool)0, (bool)0>(cublasLt::cublasSplitKParams<T6>, const T4 *, const T10 *, T9 *, T5 *, const T6 *, const T6 *, const T11 *, const T4 *, T11 *, void *, long, T6 *, int *, T6 *, T6 *, const T6 *, const T6 *, const T6 *, const T6 *, const T6 *)"
:stage.process:model.layers.1.mlp.gate_proj,PushPop,2429084,2431523,1,3,294944,98314.7,99872.0,94816,100256,3036.0,"void at::native::vectorized_elementwise_kernel<(int)2, at::native::BinaryFunctor<long, long, long, at::native::BitwiseXorFunctor<long>>, std::array<char *, (unsigned long)3>>(int, T2, T3)"
:stage.process:model.layers.1.mlp.gate_proj,PushPop,2429084,2431523,1,6,269824,44970.7,1648.0,1472,251840,101426.7,"void at::native::vectorized_elementwise_kernel<(int)4, at::native::AUnaryFunctor<float, float, float, at::native::binary_internal::MulFunctor<float>>, std::array<char *, (unsigned long)2>>(int, T2, T3)"
:stage.process:model.layers.1.mlp.gate_proj,PushPop,2429084,2431523,1,4,259520,64880.0,65744.0,58976,69056,4597.1,"void at::native::vectorized_elementwise_kernel<(int)2, at::native::BUnaryFunctor<long, long, long, at::native::rshift_kernel_cuda(at::TensorIteratorBase &)::[lambda() (instance 1)]::operator ()() const::[lambda() (instance 4)]::operator ()() const::[lambda(long, long) (instance 1)]>, std::array<char *, (unsigned long)2>>(int, T2, T3)"
:stage.process:model.layers.1.mlp.gate_proj,PushPop,2429084,2431523,1,10,208320,20832.0,20784.0,20640,21280,184.8,"void at::native::<unnamed>::CatArrayBatchedCopy<at::native::<unnamed>::OpaqueType<(unsigned int)4>, unsigned int, (int)2, (int)64, (int)64>(T1 *, at::native::<unnamed>::CatArrInputTensorMetadata<T1, T2, T4, T5>, at::native::<unnamed>::TensorSizeStride<T2, (unsigned int)4>, int, T2)"
:stage.process:model.layers.1.mlp.gate_proj,PushPop,2429084,2431523,1,2,201057,100528.5,100528.5,100288,100769,340.1,"void at::native::vectorized_elementwise_kernel<(int)2, at::native::BinaryFunctor<long, long, long, at::native::BitwiseOrFunctor<long>>, std::array<char *, (unsigned long)3>>(int, T2, T3)"
:stage.process:model.layers.1.mlp.gate_proj,PushPop,2429084,2431523,1,10,148961,14896.1,7504.0,3744,49312,13910.0,"void at::native::reduce_kernel<(int)512, (int)1, at::native::ReduceOp<float, at::native::MeanOps<float, float, float, float>, unsigned int, float, (int)4, (int)4>>(T3)"
:stage.process:model.layers.1.mlp.gate_proj,PushPop,2429084,2431523,1,6,132224,22037.3,22000.0,16224,27936,6368.4,"void trsm_batch_left_upper_kernel_small<float, (int)16, (int)16, (int)64>(cublasTrsmBatchParams<T1>, const T1 *const *, T1 *const *, const T1 *, T1)"
:stage.process:model.layers.1.mlp.gate_proj,PushPop,2429084,2431523,1,2,128832,64416.0,64416.0,64160,64672,362.0,"void at::native::vectorized_elementwise_kernel<(int)2, at::native::BUnaryFunctor<long, long, long, at::native::lshift_kernel_cuda(at::TensorIteratorBase &)::[lambda() (instance 1)]::operator ()() const::[lambda() (instance 4)]::operator ()() const::[lambda(long, long) (instance 1)]>, std::array<char *, (unsigned long)2>>(int, T2, T3)"
:stage.process:model.layers.1.mlp.gate_proj,PushPop,2429084,2431523,1,3,114752,38250.7,54208.0,5632,54912,28250.8,"void at::native::unrolled_elementwise_kernel<at::native::direct_copy_kernel_cuda(at::TensorIteratorBase &)::[lambda() (instance 3)]::operator ()() const::[lambda() (instance 3)]::operator ()() const::[lambda(int) (instance 1)], std::array<char *, (unsigned long)2>, (int)4, TrivialOffsetCalculator<(int)1, unsigned int>, TrivialOffsetCalculator<(int)1, unsigned int>, at::native::memory::LoadWithCast<(int)1>, at::native::memory::StoreWithCast<(int)1>>(int, T1, T2, T4, T5, T6, T7)"
:stage.process:model.layers.1.mlp.gate_proj,PushPop,2429084,2431523,1,5,77728,15545.6,1600.0,1536,71456,31254.9,"void at::native::vectorized_elementwise_kernel<(int)2, at::native::CUDAFunctorOnSelf_add<long>, std::array<char *, (unsigned long)2>>(int, T2, T3)"
:stage.process:model.layers.1.mlp.gate_proj,PushPop,2429084,2431523,1,1,73729,73729.0,73729.0,73729,73729,0.0,"void at::native::elementwise_kernel<(int)128, (int)2, void at::native::gpu_kernel_impl_nocast<at::native::BinaryFunctor<float, float, float, at::native::binary_internal::DivFunctor<float>>>(at::TensorIteratorBase &, const T1 &)::[lambda(int) (instance 1)]>(int, T3)"
:stage.process:model.layers.1.mlp.gate_proj,PushPop,2429084,2431523,1,6,71648,11941.3,1888.0,1536,62880,24955.4,"void at::native::vectorized_elementwise_kernel<(int)2, at::native::AUnaryFunctor<long, long, long, at::native::binary_internal::MulFunctor<long>>, std::array<char *, (unsigned long)2>>(int, T2, T3)"
:stage.process:model.layers.1.mlp.gate_proj,PushPop,2429084,2431523,1,1,60352,60352.0,60352.0,60352,60352,0.0,"void at::native::vectorized_elementwise_kernel<(int)4, void at::native::<unnamed>::pow_tensor_scalar_kernel_impl<float, float>(at::TensorIteratorBase &, T2)::[lambda(float) (instance 1)], std::array<char *, (unsigned long)2>>(int, T2, T3)"
:stage.process:model.layers.1.mlp.gate_proj,PushPop,2429084,2431523,1,1,56288,56288.0,56288.0,56288,56288,0.0,"void at::native::reduce_kernel<(int)128, (int)4, at::native::ReduceOp<long, at::native::func_wrapper_t<long, at::native::sum_functor<long, long, long>::operator ()(at::TensorIterator &)::[lambda(long, long) (instance 1)]>, unsigned int, long, (int)4, (int)4>>(T3)"
:stage.process:model.layers.1.mlp.gate_proj,PushPop,2429084,2431523,1,1,44832,44832.0,44832.0,44832,44832,0.0,"void at::native::vectorized_elementwise_kernel<(int)4, at::native::float16_copy_kernel_cuda(at::TensorIteratorBase &)::[lambda(float) (instance 1)], std::array<char *, (unsigned long)2>>(int, T2, T3)"
:stage.process:model.layers.1.mlp.gate_proj,PushPop,2429084,2431523,1,3,27456,9152.0,9792.0,7008,10656,1906.4,"void at::native::elementwise_kernel<(int)128, (int)2, void at::native::gpu_kernel_impl_nocast<at::native::direct_copy_kernel_cuda(at::TensorIteratorBase &)::[lambda() (instance 3)]::operator ()() const::[lambda() (instance 3)]::operator ()() const::[lambda(int) (instance 1)]>(at::TensorIteratorBase &, const T1 &)::[lambda(int) (instance 1)]>(int, T3)"
:stage.process:model.layers.1.mlp.gate_proj,PushPop,2429084,2431523,1,6,25568,4261.3,4560.0,3392,4896,686.1,"void at::native::elementwise_kernel<(int)128, (int)2, void at::native::gpu_kernel_impl_nocast<at::native::CUDAFunctorOnSelf_add<float>>(at::TensorIteratorBase &, const T1 &)::[lambda(int) (instance 1)]>(int, T3)"
:stage.process:model.layers.1.mlp.gate_proj,PushPop,2429084,2431523,1,4,14400,3600.0,3568.0,3360,3904,267.1,"void at::native::vectorized_elementwise_kernel<(int)2, at::native::BUnaryFunctor<long, long, long, at::native::remainder_kernel_cuda(at::TensorIteratorBase &)::[lambda() (instance 1)]::operator ()() const::[lambda() (instance 4)]::operator ()() const::[lambda(long, long) (instance 1)]>, std::array<char *, (unsigned long)2>>(int, T2, T3)"
:stage.process:model.layers.1.mlp.gate_proj,PushPop,2429084,2431523,1,6,13824,2304.0,2304.0,2272,2368,35.1,"void at::native::vectorized_elementwise_kernel<(int)4, at::native::<unnamed>::CompareFunctor<float>, std::array<char *, (unsigned long)3>>(int, T2, T3)"
:stage.process:model.layers.1.mlp.gate_proj,PushPop,2429084,2431523,1,3,11904,3968.0,4160.0,3520,4224,389.3,"void at::native::unrolled_elementwise_kernel<at::native::direct_copy_kernel_cuda(at::TensorIteratorBase &)::[lambda() (instance 3)]::operator ()() const::[lambda() (instance 1)]::operator ()() const::[lambda(unsigned char) (instance 1)], std::array<char *, (unsigned long)2>, (int)4, TrivialOffsetCalculator<(int)1, unsigned int>, TrivialOffsetCalculator<(int)1, unsigned int>, at::native::memory::LoadWithCast<(int)1>, at::native::memory::StoreWithCast<(int)1>>(int, T1, T2, T4, T5, T6, T7)"
:stage.process:model.layers.1.mlp.gate_proj,PushPop,2429084,2431523,1,2,11296,5648.0,5648.0,4960,6336,973.0,"void at::native::<unnamed>::CatArrayBatchedCopy_vectorized<at::native::<unnamed>::OpaqueType<(unsigned int)2>, unsigned int, (int)1, (int)128, (int)1, (int)16, (int)8>(char *, at::native::<unnamed>::CatArrInputTensorMetadata<T1, T2, T4, T5>, at::native::<unnamed>::TensorSizeStride<T2, (unsigned int)4>, int, T2)"
:stage.process:model.layers.1.mlp.gate_proj,PushPop,2429084,2431523,1,3,9088,3029.3,3040.0,2976,3072,48.9,"void at::native::vectorized_elementwise_kernel<(int)4, at::native::AUnaryFunctor<unsigned char, unsigned char, bool, at::native::<unnamed>::CompareEqFunctor<unsigned char>>, std::array<char *, (unsigned long)2>>(int, T2, T3)"
:stage.process:model.layers.1.mlp.gate_proj,PushPop,2429084,2431523,1,1,8224,8224.0,8224.0,8224,8224,0.0,"void at::native::vectorized_elementwise_kernel<(int)4, at::native::AUnaryFunctor<unsigned char, unsigned char, unsigned char, at::native::binary_internal::MulFunctor<unsigned char>>, std::array<char *, (unsigned long)2>>(int, T2, T3)"
:stage.process:model.layers.1.mlp.gate_proj,PushPop,2429084,2431523,1,2,8128,4064.0,4064.0,3328,4800,1040.9,"void at::native::elementwise_kernel<(int)128, (int)2, void at::native::gpu_kernel_impl_nocast<at::native::AbsFunctor<float>>(at::TensorIteratorBase &, const T1 &)::[lambda(int) (instance 1)]>(int, T3)"
:stage.process:model.layers.1.mlp.gate_proj,PushPop,2429084,2431523,1,2,7680,3840.0,3840.0,3840,3840,0.0,"void at::native::vectorized_elementwise_kernel<(int)2, at::native::BUnaryFunctor<long, long, long, at::native::binary_internal::div_floor_kernel_cuda(at::TensorIteratorBase &)::[lambda() (instance 1)]::operator ()() const::[lambda() (instance 4)]::operator ()() const::[lambda(long, long) (instance 1)]>, std::array<char *, (unsigned long)2>>(int, T2, T3)"
:stage.process:model.layers.1.mlp.gate_proj,PushPop,2429084,2431523,1,3,6880,2293.3,2176.0,2144,2560,231.5,"void at::native::vectorized_elementwise_kernel<(int)4, at::native::FillFunctor<unsigned char>, std::array<char *, (unsigned long)1>>(int, T2, T3)"
:stage.process:model.layers.1.mlp.gate_proj,PushPop,2429084,2431523,1,2,6336,3168.0,3168.0,3168,3168,0.0,"void at::native::elementwise_kernel<(int)128, (int)2, void at::native::gpu_kernel_impl_nocast<at::native::CUDAFunctor_add<long>>(at::TensorIteratorBase &, const T1 &)::[lambda(int) (instance 1)]>(int, T3)"
:stage.process:model.layers.1.mlp.gate_proj,PushPop,2429084,2431523,1,2,5728,2864.0,2864.0,2720,3008,203.6,"void at::native::<unnamed>::CatArrayBatchedCopy_alignedK_contig<at::native::<unnamed>::OpaqueType<(unsigned int)4>, unsigned int, (int)1, (int)128, (int)1, (int)16>(T1 *, at::native::<unnamed>::CatArrInputTensorMetadata<T1, T2, T4, T5>, at::native::<unnamed>::TensorSizeStride<T2, (unsigned int)4>, int, T2)"
:stage.process:model.layers.1.mlp.gate_proj,PushPop,2429084,2431523,1,3,5696,1898.7,1856.0,1664,2176,258.7,"void at::native::vectorized_elementwise_kernel<(int)4, at::native::BinaryFunctor<float, float, float, at::native::maximum_kernel_cuda(at::TensorIteratorBase &)::[lambda() (instance 2)]::operator ()() const::[lambda() (instance 2)]::operator ()() const::[lambda(float, float) (instance 1)]>, std::array<char *, (unsigned long)3>>(int, T2, T3)"
:stage.process:model.layers.1.mlp.gate_proj,PushPop,2429084,2431523,1,3,5120,1706.7,1664.0,1536,1920,195.5,"xxtrf4_set_info_ker(int, int *)"
:stage.process:model.layers.1.mlp.gate_proj,PushPop,2429084,2431523,1,1,4864,4864.0,4864.0,4864,4864,0.0,"void at::native::reduce_kernel<(int)512, (int)1, at::native::ReduceOp<float, at::native::ArgMinOps<float>, unsigned int, long, (int)4, (int)4>>(T3)"
:stage.process:model.layers.1.mlp.gate_proj,PushPop,2429084,2431523,1,2,4800,2400.0,2400.0,2048,2752,497.8,"void at::native::unrolled_elementwise_kernel<at::native::AUnaryFunctor<long, long, long, at::native::BitwiseAndFunctor<long>>, std::array<char *, (unsigned long)2>, (int)4, TrivialOffsetCalculator<(int)1, unsigned int>, TrivialOffsetCalculator<(int)1, unsigned int>, at::native::memory::LoadWithoutCast, at::native::memory::StoreWithoutCast>(int, T1, T2, T4, T5, T6, T7)"
:stage.process:model.layers.1.mlp.gate_proj,PushPop,2429084,2431523,1,2,4800,2400.0,2400.0,2400,2400,0.0,"void at::native::vectorized_elementwise_kernel<(int)2, at::native::CUDAFunctorOnOther_add<long>, std::array<char *, (unsigned long)2>>(int, T2, T3)"
:stage.process:model.layers.1.mlp.gate_proj,PushPop,2429084,2431523,1,2,4800,2400.0,2400.0,2240,2560,226.3,"void at::native::vectorized_elementwise_kernel<(int)4, at::native::FillFunctor<bool>, std::array<char *, (unsigned long)1>>(int, T2, T3)"
:stage.process:model.layers.1.mlp.gate_proj,PushPop,2429084,2431523,1,2,4512,2256.0,2256.0,2144,2368,158.4,"void at::native::vectorized_elementwise_kernel<(int)4, void at::native::compare_scalar_kernel<c10::Half>(at::TensorIteratorBase &, at::native::<unnamed>::OpType, T1)::[lambda(c10::Half) (instance 1)], std::array<char *, (unsigned long)2>>(int, T2, T3)"
:stage.process:model.layers.1.mlp.gate_proj,PushPop,2429084,2431523,1,1,3488,3488.0,3488.0,3488,3488,0.0,"void at::native::vectorized_elementwise_kernel<(int)4, at::native::BinaryFunctor<unsigned char, unsigned char, bool, at::native::<unnamed>::CompareEqFunctor<unsigned char>>, std::array<char *, (unsigned long)3>>(int, T2, T3)"
:stage.process:model.layers.1.mlp.gate_proj,PushPop,2429084,2431523,1,1,3360,3360.0,3360.0,3360,3360,0.0,"void at::native::<unnamed>::CatArrayBatchedCopy_contig<at::native::<unnamed>::OpaqueType<(unsigned int)1>, unsigned int, (int)1, (int)128, (int)1>(T1 *, at::native::<unnamed>::CatArrInputTensorMetadata<T1, T2, T4, T5>, at::native::<unnamed>::TensorSizeStride<T2, (unsigned int)4>, int, T2)"
:stage.process:model.layers.1.mlp.gate_proj,PushPop,2429084,2431523,1,1,2848,2848.0,2848.0,2848,2848,0.0,"void at::native::vectorized_elementwise_kernel<(int)4, at::native::sqrt_kernel_cuda(at::TensorIteratorBase &)::[lambda() (instance 2)]::operator ()() const::[lambda() (instance 2)]::operator ()() const::[lambda(float) (instance 1)], std::array<char *, (unsigned long)2>>(int, T2, T3)"
:stage.process:model.layers.1.mlp.gate_proj,PushPop,2429084,2431523,1,1,2400,2400.0,2400.0,2400,2400,0.0,"void at::native::unrolled_elementwise_kernel<at::native::direct_copy_kernel_cuda(at::TensorIteratorBase &)::[lambda() (instance 3)]::operator ()() const::[lambda() (instance 11)]::operator ()() const::[lambda(bool) (instance 1)], std::array<char *, (unsigned long)2>, (int)4, TrivialOffsetCalculator<(int)1, unsigned int>, TrivialOffsetCalculator<(int)1, unsigned int>, at::native::memory::LoadWithCast<(int)1>, at::native::memory::StoreWithCast<(int)1>>(int, T1, T2, T4, T5, T6, T7)"
:stage.process:model.layers.1.mlp.gate_proj,PushPop,2429084,2431523,1,1,2240,2240.0,2240.0,2240,2240,0.0,"void at::native::elementwise_kernel<(int)128, (int)2, void at::native::gpu_kernel_impl_nocast<at::native::<unnamed>::where_kernel_impl(at::TensorIterator &)::[lambda() (instance 1)]::operator ()() const::[lambda() (instance 3)]::operator ()() const::[lambda(bool, unsigned int, unsigned int) (instance 1)]>(at::TensorIteratorBase &, const T1 &)::[lambda(int) (instance 1)]>(int, T3)"
:stage.process:model.layers.1.mlp.gate_proj,PushPop,2429084,2431523,1,1,2112,2112.0,2112.0,2112,2112,0.0,"void at::native::unrolled_elementwise_kernel<at::native::<unnamed>::CompareFunctor<c10::Half>, std::array<char *, (unsigned long)3>, (int)4, TrivialOffsetCalculator<(int)2, unsigned int>, TrivialOffsetCalculator<(int)1, unsigned int>, at::native::memory::LoadWithoutCast, at::native::memory::StoreWithoutCast>(int, T1, T2, T4, T5, T6, T7)"
:stage.process:model.layers.1.mlp.gate_proj,PushPop,2429084,2431523,1,1,2112,2112.0,2112.0,2112,2112,0.0,"void at::native::vectorized_elementwise_kernel<(int)4, at::native::<unnamed>::launch_clamp_scalar(at::TensorIteratorBase &, c10::Scalar, c10::Scalar, at::native::detail::ClampLimits)::[lambda() (instance 1)]::operator ()() const::[lambda() (instance 7)]::operator ()() const::[lambda(float) (instance 1)], std::array<char *, (unsigned long)2>>(int, T2, T3)"
:stage.process:model.layers.1.mlp.up_proj,PushPop,2429084,2431523,1,1482,8352447912,5635929.8,4044093.5,1264485,16405874,4942733.1,void <unnamed>::qvq_fused_w2_family_grid_kernel<(bool)0>(<unnamed>::FusedSequenceArgs)
:stage.process:model.layers.1.mlp.up_proj,PushPop,2429084,2431523,1,1534,4704238104,3066648.0,2775753.5,1363620,7264982,1932022.0,"void <unnamed>::qvq_viterbi_kernel<(int)4, (int)2, __half, unsigned char>(const float *, const T3 *, const float *, const long *, const float *, T4 *, long *, float *, int, int, int, bool, bool, bool)"
:stage.process:model.layers.1.mlp.up_proj,PushPop,2429084,2431523,1,1278,2630945978,2058643.2,1608501.0,21696,5812852,1501366.0,void cutlass::Kernel2<cutlass_80_simt_sgemm_grouped_128x128_8x4_align1>(T1::Params)
:stage.process:model.layers.1.mlp.up_proj,PushPop,2429084,2431523,1,1278,659481927,516026.5,323457.0,5472,969027,334741.4,"void gemmSN_NN_kernel<float, (int)128, (int)2, (int)4, (int)8, (int)4, (int)4, (bool)0, cublasGemvTensorBatched<const float>, cublasGemvTensorBatched<const float>, cublasGemvTensorBatched<float>>(cublasGemmSmallNParams<T9, T10, T11, T1>)"
:stage.process:model.layers.1.mlp.up_proj,PushPop,2429084,2431523,1,1276,212027742,166165.9,109120.0,9888,303777,100855.6,ampere_sgemm_128x128_nt
:stage.process:model.layers.1.mlp.up_proj,PushPop,2429084,2431523,1,1482,151300683,102092.2,101409.0,75680,118304,7305.7,"<unnamed>::qvq_fused_w2_traceback_kernel(const unsigned char *, const unsigned char *, const int *, long *, unsigned char *, int)"
:stage.process:model.layers.1.mlp.up_proj,PushPop,2429084,2431523,1,14,83953816,5996701.1,3353979.0,3233291,12673643,4381878.1,ampere_sgemm_128x64_nn
:stage.process:model.layers.1.mlp.up_proj,PushPop,2429084,2431523,1,416,61122891,146930.0,145792.5,133441,274240,10351.1,"void <unnamed>::qvq_v2_segment_grid_kernel<(int)4, (int)2, (int)16, (bool)1, (bool)0, __half, unsigned char>(const float *, const T6 *, const float *, const long *, const float *, const float *, float *, T7 *, unsigned char *, int, int, int, bool, bool)"
:stage.process:model.layers.1.mlp.up_proj,PushPop,2429084,2431523,1,3785,29649815,7833.5,3232.0,2112,683778,35016.5,"void at::native::elementwise_kernel<(int)128, (int)2, void at::native::gpu_kernel_impl_nocast<at::native::direct_copy_kernel_cuda(at::TensorIteratorBase &)::[lambda() (instance 3)]::operator ()() const::[lambda() (instance 7)]::operator ()() const::[lambda(float) (instance 1)]>(at::TensorIteratorBase &, const T1 &)::[lambda(int) (instance 1)]>(int, T3)"
:stage.process:model.layers.1.mlp.up_proj,PushPop,2429084,2431523,1,2,26049620,13024810.0,13024810.0,12889194,13160426,191790.0,void cutlass::Kernel2<cutlass_80_simt_sgemm_128x64_8x5_nn_align1>(T1::Params)
:stage.process:model.layers.1.mlp.up_proj,PushPop,2429084,2431523,1,3222,23727089,7364.1,7712.0,2592,90945,3224.6,"void at::native::reduce_kernel<(int)512, (int)1, at::native::ReduceOp<bool, at::native::func_wrapper_t<bool, at::native::and_kernel_cuda(at::TensorIterator &)::[lambda() (instance 1)]::operator ()() const::[lambda() (instance 12)]::operator ()() const::[lambda(bool, bool) (instance 1)]>, unsigned int, bool, (int)4, (int)4>>(T3)"
:stage.process:model.layers.1.mlp.up_proj,PushPop,2429084,2431523,1,1482,19979933,13481.7,13568.0,9216,16000,1305.7,"<unnamed>::qvq_fused_detect_family_mask_kernel(const unsigned int *, int *)"
:stage.process:model.layers.1.mlp.up_proj,PushPop,2429084,2431523,1,445,18405565,41360.8,5760.0,3264,667394,70642.6,"void at::native::elementwise_kernel<(int)128, (int)2, void at::native::gpu_kernel_impl_nocast<at::native::CUDAFunctor_add<float>>(at::TensorIteratorBase &, const T1 &)::[lambda(int) (instance 1)]>(int, T3)"
:stage.process:model.layers.1.mlp.up_proj,PushPop,2429084,2431523,1,1663,17077689,10269.2,9376.0,5568,119521,3184.0,"void at::native::index_elementwise_kernel<(int)128, (int)4, void at::native::gpu_index_kernel<void at::native::index_kernel_impl<at::native::OpaqueType<(int)2>>(at::TensorIteratorBase &, c10::ArrayRef<long>, c10::ArrayRef<long>)::[lambda(char *, const char *, long) (instance 1)]>(at::TensorIteratorBase &, c10::ArrayRef<long>, c10::ArrayRef<long>, const T1 &, bool)::[lambda(int) (instance 1)]>(long, T3)"
:stage.process:model.layers.1.mlp.up_proj,PushPop,2429084,2431523,1,2046,16176021,7906.2,8000.0,3968,14688,1043.7,"void at::native::reduce_kernel<(int)512, (int)1, at::native::ReduceOp<float, at::native::func_wrapper_t<float, at::native::MaxNanFunctor<float>>, unsigned int, float, (int)4, (int)4>>(T3)"
:stage.process:model.layers.1.mlp.up_proj,PushPop,2429084,2431523,1,130,15733009,121023.1,120944.5,5280,233505,66222.9,"void gemmSN_NN_kernel<float, (int)128, (int)2, (int)4, (int)8, (int)4, (int)4, (bool)0, cublasGemvTensorStridedBatched<const float>, cublasGemvTensorStridedBatched<const float>, cublasGemvTensorStridedBatched<float>>(cublasGemmSmallNParams<T9, T10, T11, T1>)"
:stage.process:model.layers.1.mlp.up_proj,PushPop,2429084,2431523,1,1917,13164682,6867.3,6816.0,4448,8672,424.2,"void at::native::index_elementwise_kernel<(int)128, (int)4, void at::native::gpu_index_kernel<void at::native::index_put_kernel_impl<at::native::OpaqueType<(int)4>>(at::TensorIterator &, c10::ArrayRef<long>, c10::ArrayRef<long>)::[lambda(char *, const char *, long) (instance 1)]>(at::TensorIteratorBase &, c10::ArrayRef<long>, c10::ArrayRef<long>, const T1 &, bool)::[lambda(int) (instance 1)]>(long, T3)"
:stage.process:model.layers.1.mlp.up_proj,PushPop,2429084,2431523,1,4,12925708,3231427.0,3231243.0,3230891,3232331,625.6,ampere_sgemm_128x64_nt
:stage.process:model.layers.1.mlp.up_proj,PushPop,2429084,2431523,1,1,12698348,12698348.0,12698348.0,12698348,12698348,0.0,ampere_sgemm_128x64_tn
:stage.process:model.layers.1.mlp.up_proj,PushPop,2429084,2431523,1,4,11422369,2855592.3,1590900.5,922914,7317654,3040442.2,"void kernel<getrf_wo_pivot_params_<float, (int)0, (int)256, (int)1, (int)64, (int)64, (int)68, (int)8, (int)1, (int)1>>(int, int, void *, int, void *, int, int, int, int, int, int *)"
:stage.process:model.layers.1.mlp.up_proj,PushPop,2429084,2431523,1,4122,10448418,2534.8,2272.0,1536,255072,7205.5,"void at::native::vectorized_elementwise_kernel<(int)4, at::native::AbsFunctor<float>, std::array<char *, (unsigned long)2>>(int, T2, T3)"
:stage.process:model.layers.1.mlp.up_proj,PushPop,2429084,2431523,1,1278,9093017,7115.0,7072.0,4896,10144,303.8,"void at::native::index_elementwise_kernel<(int)128, (int)4, void at::native::gpu_index_kernel<void at::native::index_put_kernel_impl<at::native::OpaqueType<(int)8>>(at::TensorIterator &, c10::ArrayRef<long>, c10::ArrayRef<long>)::[lambda(char *, const char *, long) (instance 1)]>(at::TensorIteratorBase &, c10::ArrayRef<long>, c10::ArrayRef<long>, const T1 &, bool)::[lambda(int) (instance 1)]>(long, T3)"
:stage.process:model.layers.1.mlp.up_proj,PushPop,2429084,2431523,1,2846,6730517,2364.9,2240.0,1632,104768,3339.9,"void at::native::vectorized_elementwise_kernel<(int)4, at::native::BinaryFunctor<bool, bool, bool, at::native::binary_internal::MulFunctor<bool>>, std::array<char *, (unsigned long)3>>(int, T2, T3)"
:stage.process:model.layers.1.mlp.up_proj,PushPop,2429084,2431523,1,2,6722230,3361115.0,3361115.0,3357419,3364811,5226.9,void cutlass::Kernel2<cutlass_80_simt_sgemm_128x32_8x5_nt_align1>(T1::Params)
:stage.process:model.layers.1.mlp.up_proj,PushPop,2429084,2431523,1,1543,6666554,4320.5,4160.0,3168,77344,2990.8,"void at::native::unrolled_elementwise_kernel<at::native::direct_copy_kernel_cuda(at::TensorIteratorBase &)::[lambda() (instance 3)]::operator ()() const::[lambda() (instance 7)]::operator ()() const::[lambda(float) (instance 1)], std::array<char *, (unsigned long)2>, (int)4, TrivialOffsetCalculator<(int)1, unsigned int>, TrivialOffsetCalculator<(int)1, unsigned int>, at::native::memory::LoadWithCast<(int)1>, at::native::memory::StoreWithCast<(int)1>>(int, T1, T2, T4, T5, T6, T7)"
:stage.process:model.layers.1.mlp.up_proj,PushPop,2429084,2431523,1,770,6445934,8371.3,8352.0,7936,8768,144.1,"void at::native::reduce_kernel<(int)512, (int)1, at::native::ReduceOp<c10::Half, at::native::func_wrapper_t<c10::Half, at::native::MaxNanFunctor<c10::Half>>, unsigned int, c10::Half, (int)4, (int)4>>(T3)"
:stage.process:model.layers.1.mlp.up_proj,PushPop,2429084,2431523,1,762,6438896,8450.0,8224.0,7840,10368,681.3,"void batch_trsm_left_kernel<float, (int)64, (int)4, (int)3, (bool)0, (bool)0, (bool)1>(cublasTrsmBatchParams2<T1>, T1, const T1 *, int)"
:stage.process:model.layers.1.mlp.up_proj,PushPop,2429084,2431523,1,1663,5587376,3359.8,3360.0,2528,114688,2756.3,"void at::native::elementwise_kernel<(int)128, (int)2, void at::native::gpu_kernel_impl_nocast<at::native::direct_copy_kernel_cuda(at::TensorIteratorBase &)::[lambda() (instance 3)]::operator ()() const::[lambda() (instance 4)]::operator ()() const::[lambda(long) (instance 1)]>(at::TensorIteratorBase &, const T1 &)::[lambda(int) (instance 1)]>(int, T3)"
:stage.process:model.layers.1.mlp.up_proj,PushPop,2429084,2431523,1,2077,5462349,2629.9,2272.0,1536,164352,6647.7,"void at::native::vectorized_elementwise_kernel<(int)4, at::native::BinaryFunctor<float, float, bool, at::native::<unnamed>::CompareEqFunctor<float>>, std::array<char *, (unsigned long)3>>(int, T2, T3)"
:stage.process:model.layers.1.mlp.up_proj,PushPop,2429084,2431523,1,2076,5358351,2581.1,2240.0,1600,169345,6683.2,"void at::native::vectorized_elementwise_kernel<(int)4, at::native::AUnaryFunctor<float, float, bool, at::native::<unnamed>::CompareEqFunctor<float>>, std::array<char *, (unsigned long)2>>(int, T2, T3)"
:stage.process:model.layers.1.mlp.up_proj,PushPop,2429084,2431523,1,2558,5237652,2047.6,2048.0,1600,3424,169.7,"void at::native::vectorized_elementwise_kernel<(int)4, at::native::BinaryFunctor<bool, bool, bool, at::native::logical_or_kernel_cuda(at::TensorIterator &)::[lambda() (instance 2)]::operator ()() const::[lambda() (instance 9)]::operator ()() const::[lambda(bool, bool) (instance 1)]>, std::array<char *, (unsigned long)3>>(int, T2, T3)"
:stage.process:model.layers.1.mlp.up_proj,PushPop,2429084,2431523,1,1532,5101167,3329.7,3392.0,2048,24256,673.5,"void at::native::elementwise_kernel<(int)128, (int)2, void at::native::gpu_kernel_impl_nocast<at::native::AUnaryFunctor<long, long, long, at::native::BitwiseAndFunctor<long>>>(at::TensorIteratorBase &, const T1 &)::[lambda(int) (instance 1)]>(int, T3)"
:stage.process:model.layers.1.mlp.up_proj,PushPop,2429084,2431523,1,639,5051025,7904.6,8032.0,5440,8768,428.4,"void at::native::index_elementwise_kernel<(int)128, (int)4, void at::native::gpu_index_kernel<void at::native::index_kernel_impl<at::native::OpaqueType<(int)4>>(at::TensorIteratorBase &, c10::ArrayRef<long>, c10::ArrayRef<long>)::[lambda(char *, const char *, long) (instance 1)]>(at::TensorIteratorBase &, c10::ArrayRef<long>, c10::ArrayRef<long>, const T1 &, bool)::[lambda(int) (instance 1)]>(long, T3)"
:stage.process:model.layers.1.mlp.up_proj,PushPop,2429084,2431523,1,1586,4807153,3031.0,2624.0,2112,519074,12985.3,"<unnamed>::qvq_half2_codebook_norm_pack_kernel(const __half *, unsigned long *, int)"
:stage.process:model.layers.1.mlp.up_proj,PushPop,2429084,2431523,1,1278,4793999,3751.2,3424.0,2176,251521,6958.2,"<unnamed>::qvq_yaqa_feedback_epilogue_kernel(const float *, const float *, const float *, const float *, const float *, float *, int, int, int, int, int)"
:stage.process:model.layers.1.mlp.up_proj,PushPop,2429084,2431523,1,55,4749291,86350.7,70592.0,17760,138113,45439.3,void cutlass::Kernel2<cutlass_80_simt_sgemm_128x32_8x5_nn_align1>(T1::Params)
:stage.process:model.layers.1.mlp.up_proj,PushPop,2429084,2431523,1,1534,4463821,2909.9,2688.0,2112,11040,646.8,"void at::native::roll_cuda_kernel<float>(const T1 *, T1 *, long, long, long, long, long, long)"
:stage.process:model.layers.1.mlp.up_proj,PushPop,2429084,2431523,1,52,4330669,83282.1,81312.0,74816,118784,8087.5,"void <unnamed>::qvq_v2_segment_grid_finalize_kernel<(int)4, (int)2, (int)16, (bool)0, __half, unsigned char>(const float *, const T5 *, const float *, const long *, const float *, const float *, const T6 *, const unsigned char *, long *, unsigned char *, float *, int, int, bool, bool)"
:stage.process:model.layers.1.mlp.up_proj,PushPop,2429084,2431523,1,639,4199989,6572.8,6720.0,3360,7840,543.0,"void at::native::index_elementwise_kernel<(int)128, (int)4, void at::native::gpu_index_kernel<void at::native::index_put_kernel_impl<at::native::OpaqueType<(int)1>>(at::TensorIterator &, c10::ArrayRef<long>, c10::ArrayRef<long>)::[lambda(char *, const char *, long) (instance 1)]>(at::TensorIteratorBase &, c10::ArrayRef<long>, c10::ArrayRef<long>, const T1 &, bool)::[lambda(int) (instance 1)]>(long, T3)"
:stage.process:model.layers.1.mlp.up_proj,PushPop,2429084,2431523,1,789,3649226,4625.1,2208.0,1856,191425,15200.4,"void at::native::vectorized_elementwise_kernel<(int)4, at::native::CUDAFunctor_add<float>, std::array<char *, (unsigned long)3>>(int, T2, T3)"
:stage.process:model.layers.1.mlp.up_proj,PushPop,2429084,2431523,1,1,3422346,3422346.0,3422346.0,3422346,3422346,0.0,ampere_sgemm_128x64_lower_nt
:stage.process:model.layers.1.mlp.up_proj,PushPop,2429084,2431523,1,1540,3419079,2220.2,2176.0,1728,4128,150.9,"void at::native::vectorized_elementwise_kernel<(int)4, at::native::AbsFunctor<c10::Half>, std::array<char *, (unsigned long)2>>(int, T2, T3)"
:stage.process:model.layers.1.mlp.up_proj,PushPop,2429084,2431523,1,1792,3241903,1809.1,1792.0,1536,3136,195.4,"void at::native::vectorized_elementwise_kernel<(int)4, void at::native::compare_scalar_kernel<float>(at::TensorIteratorBase &, at::native::<unnamed>::OpType, T1)::[lambda(float) (instance 1)], std::array<char *, (unsigned long)2>>(int, T2, T3)"
:stage.process:model.layers.1.mlp.up_proj,PushPop,2429084,2431523,1,770,3098803,4024.4,4000.0,3968,7840,189.2,ampere_sgemm_32x128_nt
:stage.process:model.layers.1.mlp.up_proj,PushPop,2429084,2431523,1,1278,2776325,2172.4,2176.0,1440,3200,148.6,"<unnamed>::qvq_yaqa_grouped_pointers_kernel(const float *, const float *, float *, float **, float **, float **, int, int, int, int, int, int)"
:stage.process:model.layers.1.mlp.up_proj,PushPop,2429084,2431523,1,775,2771467,3576.1,3392.0,1856,56256,2978.0,"void at::native::unrolled_elementwise_kernel<at::native::direct_copy_kernel_cuda(at::TensorIteratorBase &)::[lambda() (instance 3)]::operator ()() const::[lambda() (instance 4)]::operator ()() const::[lambda(long) (instance 1)], std::array<char *, (unsigned long)2>, (int)4, TrivialOffsetCalculator<(int)1, unsigned int>, TrivialOffsetCalculator<(int)1, unsigned int>, at::native::memory::LoadWithCast<(int)1>, at::native::memory::StoreWithCast<(int)1>>(int, T1, T2, T4, T5, T6, T7)"
:stage.process:model.layers.1.mlp.up_proj,PushPop,2429084,2431523,1,1278,2683176,2099.5,2112.0,1632,6112,252.3,"void at::native::vectorized_elementwise_kernel<(int)4, at::native::bitwise_not_kernel_cuda(at::TensorIteratorBase &)::[lambda(bool) (instance 1)], std::array<char *, (unsigned long)2>>(int, T2, T3)"
:stage.process:model.layers.1.mlp.up_proj,PushPop,2429084,2431523,1,3,2606249,868749.7,1298596.0,8768,1298885,744766.0,"void at::native::reduce_kernel<(int)512, (int)1, at::native::ReduceOp<long, at::native::func_wrapper_t<long, at::native::sum_functor<long, long, long>::operator ()(at::TensorIterator &)::[lambda(long, long) (instance 1)]>, unsigned int, long, (int)4, (int)4>>(T3)"
:stage.process:model.layers.1.mlp.up_proj,PushPop,2429084,2431523,1,11,2481992,225635.6,65921.0,5600,1034499,399450.7,"void at::native::vectorized_elementwise_kernel<(int)2, at::native::AUnaryFunctor<long, long, long, at::native::BitwiseAndFunctor<long>>, std::array<char *, (unsigned long)2>>(int, T2, T3)"
:stage.process:model.layers.1.mlp.up_proj,PushPop,2429084,2431523,1,1278,2478724,1939.5,1952.0,1440,3552,117.3,"<unnamed>::qvq_yaqa_update_grouped_pointers_kernel(float *, float *, const float *, const float *, const float *, float **, float **, float **, int, int, int, int, int, int)"
:stage.process:model.layers.1.mlp.up_proj,PushPop,2429084,2431523,1,1482,2415590,1630.0,1568.0,1312,2368,193.9,"void at::native::vectorized_elementwise_kernel<(int)4, at::native::FillFunctor<int>, std::array<char *, (unsigned long)1>>(int, T2, T3)"
:stage.process:model.layers.1.mlp.up_proj,PushPop,2429084,2431523,1,4,2175592,543898.0,559602.5,4992,1051395,585889.3,"void at::native::elementwise_kernel<(int)128, (int)2, void at::native::gpu_kernel_impl_nocast<at::native::BinaryFunctor<long, long, long, at::native::lshift_kernel_cuda(at::TensorIteratorBase &)::[lambda() (instance 1)]::operator ()() const::[lambda() (instance 4)]::operator ()() const::[lambda(long, long) (instance 1)]>>(at::TensorIteratorBase &, const T1 &)::[lambda(int) (instance 1)]>(int, T3)"
:stage.process:model.layers.1.mlp.up_proj,PushPop,2429084,2431523,1,4,2165127,541281.8,540866.0,40768,1042627,577888.5,"void at::native::elementwise_kernel<(int)128, (int)2, void at::native::gpu_kernel_impl_nocast<at::native::BinaryFunctor<long, long, long, at::native::rshift_kernel_cuda(at::TensorIteratorBase &)::[lambda() (instance 1)]::operator ()() const::[lambda() (instance 4)]::operator ()() const::[lambda(long, long) (instance 1)]>>(at::TensorIteratorBase &, const T1 &)::[lambda(int) (instance 1)]>(int, T3)"
:stage.process:model.layers.1.mlp.up_proj,PushPop,2429084,2431523,1,1548,2104134,1359.3,1376.0,1248,2080,67.0,"void <unnamed>::elementwise_kernel_with_index<int, at::native::arange_cuda_out(const c10::Scalar &, const c10::Scalar &, const c10::Scalar &, at::Tensor &)::[lambda() (instance 1)]::operator ()() const::[lambda() (instance 4)]::operator ()() const::[lambda(long) (instance 1)]>(T1, T2, function_traits<T2>::result_type *)"
:stage.process:model.layers.1.mlp.up_proj,PushPop,2429084,2431523,1,3,1881830,627276.7,904227.0,72480,905123,480468.2,"void at::native::index_elementwise_kernel<(int)128, (int)4, void at::native::gpu_index_kernel<void at::native::index_kernel_impl<at::native::OpaqueType<(int)8>>(at::TensorIteratorBase &, c10::ArrayRef<long>, c10::ArrayRef<long>)::[lambda(char *, const char *, long) (instance 1)]>(at::TensorIteratorBase &, c10::ArrayRef<long>, c10::ArrayRef<long>, const T1 &, bool)::[lambda(int) (instance 1)]>(long, T3)"
:stage.process:model.layers.1.mlp.up_proj,PushPop,2429084,2431523,1,770,1767752,2295.8,2272.0,1664,2400,46.7,"void at::native::vectorized_elementwise_kernel<(int)4, at::native::BinaryFunctor<c10::Half, c10::Half, bool, at::native::<unnamed>::CompareEqFunctor<c10::Half>>, std::array<char *, (unsigned long)3>>(int, T2, T3)"
:stage.process:model.layers.1.mlp.up_proj,PushPop,2429084,2431523,1,770,1754731,2278.9,2272.0,1632,2337,37.6,"void at::native::vectorized_elementwise_kernel<(int)4, at::native::AUnaryFunctor<c10::Half, c10::Half, bool, at::native::<unnamed>::CompareEqFunctor<c10::Half>>, std::array<char *, (unsigned long)2>>(int, T2, T3)"
:stage.process:model.layers.1.mlp.up_proj,PushPop,2429084,2431523,1,782,1749829,2237.6,1824.0,1696,45920,3999.8,"void at::native::vectorized_elementwise_kernel<(int)4, void at::native::compare_scalar_kernel<long>(at::TensorIteratorBase &, at::native::<unnamed>::OpType, T1)::[lambda(long) (instance 1)], std::array<char *, (unsigned long)2>>(int, T2, T3)"
:stage.process:model.layers.1.mlp.up_proj,PushPop,2429084,2431523,1,10,1605222,160522.2,79888.5,3616,662402,204925.4,"void at::native::elementwise_kernel<(int)128, (int)2, void at::native::gpu_kernel_impl_nocast<at::native::BinaryFunctor<float, float, float, at::native::binary_internal::MulFunctor<float>>>(at::TensorIteratorBase &, const T1 &)::[lambda(int) (instance 1)]>(int, T3)"
:stage.process:model.layers.1.mlp.up_proj,PushPop,2429084,2431523,1,45,1396005,31022.3,32416.0,6624,55968,16063.0,"void gemmSN_NN_kernel<float, (int)256, (int)4, (int)2, (int)8, (int)4, (int)4, (bool)0, cublasGemvTensorStridedBatched<const float>, cublasGemvTensorStridedBatched<const float>, cublasGemvTensorStridedBatched<float>>(cublasGemmSmallNParams<T9, T10, T11, T1>)"
:stage.process:model.layers.1.mlp.up_proj,PushPop,2429084,2431523,1,512,1316994,2572.3,2528.0,2368,2848,128.6,"void at::native::unrolled_elementwise_kernel<at::native::BinaryFunctor<float, float, float, at::native::maximum_kernel_cuda(at::TensorIteratorBase &)::[lambda() (instance 2)]::operator ()() const::[lambda() (instance 2)]::operator ()() const::[lambda(float, float) (instance 1)]>, std::array<char *, (unsigned long)3>, (int)4, TrivialOffsetCalculator<(int)2, unsigned int>, TrivialOffsetCalculator<(int)1, unsigned int>, at::native::memory::LoadWithCast<(int)2>, at::native::memory::StoreWithCast<(int)1>>(int, T1, T2, T4, T5, T6, T7)"
:stage.process:model.layers.1.mlp.up_proj,PushPop,2429084,2431523,1,4,1281892,320473.0,321393.0,315521,323585,3555.8,"std::enable_if<!T7, void>::type internal::gemvx::kernel<int, int, float, float, float, float, (bool)0, (bool)1, (bool)1, (bool)0, (int)7, (bool)0, cublasGemvParamsEx<int, cublasGemvTensorStridedBatched<const float>, cublasGemvTensorStridedBatched<const float>, cublasGemvTensorStridedBatched<float>, float>>(T13)"
:stage.process:model.layers.1.mlp.up_proj,PushPop,2429084,2431523,1,641,1193445,1861.8,1792.0,1568,29216,1525.7,"void at::native::vectorized_elementwise_kernel<(int)2, at::native::FillFunctor<long>, std::array<char *, (unsigned long)1>>(int, T2, T3)"
:stage.process:model.layers.1.mlp.up_proj,PushPop,2429084,2431523,1,256,1182113,4617.6,4624.0,4128,5088,376.8,"void at::native::elementwise_kernel<(int)128, (int)4, void at::native::gpu_kernel_impl_nocast<at::native::direct_copy_kernel_cuda(at::TensorIteratorBase &)::[lambda() (instance 3)]::operator ()() const::[lambda() (instance 10)]::operator ()() const::[lambda(c10::Half) (instance 1)]>(at::TensorIteratorBase &, const T1 &)::[lambda(int) (instance 1)]>(int, T3)"
:stage.process:model.layers.1.mlp.up_proj,PushPop,2429084,2431523,1,26,1157926,44535.6,45472.5,35680,50912,4664.3,ampere_sgemm_128x32_nn
:stage.process:model.layers.1.mlp.up_proj,PushPop,2429084,2431523,1,264,960678,3638.9,3424.0,3136,15424,1524.7,"void at::native::reduce_kernel<(int)512, (int)1, at::native::ReduceOp<bool, at::native::func_wrapper_t<bool, at::native::or_kernel_cuda(at::TensorIterator &)::[lambda() (instance 1)]::operator ()() const::[lambda() (instance 12)]::operator ()() const::[lambda(bool, bool) (instance 1)]>, unsigned int, bool, (int)4, (int)4>>(T3)"
:stage.process:model.layers.1.mlp.up_proj,PushPop,2429084,2431523,1,3,922084,307361.3,45792.0,45761,830531,453078.2,"void at::native::triu_tril_kernel<float, int, (bool)0, (int)2, (bool)1>(at::cuda::detail::TensorInfo<T1, T2>, at::cuda::detail::TensorInfo<const T1, T2>, long, long, T2)"
:stage.process:model.layers.1.mlp.up_proj,PushPop,2429084,2431523,1,9,808706,89856.2,65792.0,2208,258497,99277.4,"void at::native::vectorized_elementwise_kernel<(int)4, at::native::BUnaryFunctor<float, float, float, at::native::binary_internal::MulFunctor<float>>, std::array<char *, (unsigned long)2>>(int, T2, T3)"
:stage.process:model.layers.1.mlp.up_proj,PushPop,2429084,2431523,1,9,784994,87221.6,87009.0,86720,89344,808.5,"void at::native::vectorized_elementwise_kernel<(int)4, at::native::BinaryFunctor<float, float, float, at::native::binary_internal::MulFunctor<float>>, std::array<char *, (unsigned long)3>>(int, T2, T3)"
:stage.process:model.layers.1.mlp.up_proj,PushPop,2429084,2431523,1,128,770050,6016.0,6016.0,5632,6368,172.4,"void at::native::unrolled_elementwise_kernel<at::native::CUDAFunctor_add<float>, std::array<char *, (unsigned long)3>, (int)4, TrivialOffsetCalculator<(int)2, unsigned int>, TrivialOffsetCalculator<(int)1, unsigned int>, at::native::memory::LoadWithCast<(int)2>, at::native::memory::StoreWithCast<(int)1>>(int, T1, T2, T4, T5, T6, T7)"
:stage.process:model.layers.1.mlp.up_proj,PushPop,2429084,2431523,1,10,579137,57913.7,47040.5,46880,155328,34228.5,"void at::native::reduce_kernel<(int)512, (int)1, at::native::ReduceOp<float, at::native::func_wrapper_t<float, at::native::sum_functor<float, float, float>::operator ()(at::TensorIterator &)::[lambda(float, float) (instance 1)]>, unsigned int, float, (int)4, (int)4>>(T3)"
:stage.process:model.layers.1.mlp.up_proj,PushPop,2429084,2431523,1,129,553440,4290.2,4160.0,4096,20768,1462.6,"void at::native::elementwise_kernel<(int)128, (int)4, void at::native::gpu_kernel_impl_nocast<at::native::direct_copy_kernel_cuda(at::TensorIteratorBase &)::[lambda() (instance 3)]::operator ()() const::[lambda() (instance 1)]::operator ()() const::[lambda(unsigned char) (instance 1)]>(at::TensorIteratorBase &, const T1 &)::[lambda(int) (instance 1)]>(int, T3)"
:stage.process:model.layers.1.mlp.up_proj,PushPop,2429084,2431523,1,263,530500,2017.1,1888.0,1760,12800,1228.0,"void at::native::vectorized_elementwise_kernel<(int)4, at::native::BinaryFunctor<bool, bool, bool, at::native::BitwiseOrFunctor<bool>>, std::array<char *, (unsigned long)3>>(int, T2, T3)"
:stage.process:model.layers.1.mlp.up_proj,PushPop,2429084,2431523,1,132,529281,4009.7,1968.0,1760,71328,11612.4,"void at::native::vectorized_elementwise_kernel<(int)4, at::native::BinaryFunctor<long, long, bool, at::native::<unnamed>::CompareEqFunctor<long>>, std::array<char *, (unsigned long)3>>(int, T2, T3)"
:stage.process:model.layers.1.mlp.up_proj,PushPop,2429084,2431523,1,13,485633,37356.4,8320.0,1440,113248,44085.4,"void at::native::vectorized_elementwise_kernel<(int)4, at::native::FillFunctor<float>, std::array<char *, (unsigned long)1>>(int, T2, T3)"
:stage.process:model.layers.1.mlp.up_proj,PushPop,2429084,2431523,1,128,418337,3268.3,3264.0,3232,3328,19.0,"void at::native::elementwise_kernel<(int)128, (int)2, void at::native::gpu_kernel_impl_nocast<at::native::BUnaryFunctor<long, long, long, at::native::rshift_kernel_cuda(at::TensorIteratorBase &)::[lambda() (instance 1)]::operator ()() const::[lambda() (instance 4)]::operator ()() const::[lambda(long, long) (instance 1)]>>(at::TensorIteratorBase &, const T1 &)::[lambda(int) (instance 1)]>(int, T3)"
:stage.process:model.layers.1.mlp.up_proj,PushPop,2429084,2431523,1,1,338881,338881.0,338881.0,338881,338881,0.0,"void at::native::<unnamed>::CatArrayBatchedCopy_alignedK_contig<at::native::<unnamed>::OpaqueType<(unsigned int)8>, unsigned int, (int)3, (int)128, (int)1, (int)16>(T1 *, at::native::<unnamed>::CatArrInputTensorMetadata<T1, T2, T4, T5>, at::native::<unnamed>::TensorSizeStride<T2, (unsigned int)4>, int, T2)"
:stage.process:model.layers.1.mlp.up_proj,PushPop,2429084,2431523,1,58,323042,5569.7,5120.0,3456,16064,2982.2,"void cublasLt::splitKreduce_kernel<(int)32, (int)16, int, float, float, float, float, (bool)0, float, float, float, (bool)1, (bool)0, (bool)0, (bool)0>(cublasLt::cublasSplitKParams<T6>, const T4 *, const T10 *, T9 *, T5 *, const T6 *, const T6 *, const T11 *, const T4 *, T11 *, void *, long, T6 *, int *, T6 *, T6 *, const T6 *, const T6 *, const T6 *, const T6 *, const T6 *)"
:stage.process:model.layers.1.mlp.up_proj,PushPop,2429084,2431523,1,3,296225,98741.7,100449.0,95072,100704,3180.6,"void at::native::vectorized_elementwise_kernel<(int)2, at::native::BinaryFunctor<long, long, long, at::native::BitwiseXorFunctor<long>>, std::array<char *, (unsigned long)3>>(int, T2, T3)"
:stage.process:model.layers.1.mlp.up_proj,PushPop,2429084,2431523,1,6,268001,44666.8,1680.0,1440,249985,100667.3,"void at::native::vectorized_elementwise_kernel<(int)4, at::native::AUnaryFunctor<float, float, float, at::native::binary_internal::MulFunctor<float>>, std::array<char *, (unsigned long)2>>(int, T2, T3)"
:stage.process:model.layers.1.mlp.up_proj,PushPop,2429084,2431523,1,4,263840,65960.0,65360.0,61856,71264,4471.2,"void at::native::vectorized_elementwise_kernel<(int)2, at::native::BUnaryFunctor<long, long, long, at::native::rshift_kernel_cuda(at::TensorIteratorBase &)::[lambda() (instance 1)]::operator ()() const::[lambda() (instance 4)]::operator ()() const::[lambda(long, long) (instance 1)]>, std::array<char *, (unsigned long)2>>(int, T2, T3)"
:stage.process:model.layers.1.mlp.up_proj,PushPop,2429084,2431523,1,10,208674,20867.4,20848.5,20672,21281,163.0,"void at::native::<unnamed>::CatArrayBatchedCopy<at::native::<unnamed>::OpaqueType<(unsigned int)4>, unsigned int, (int)2, (int)64, (int)64>(T1 *, at::native::<unnamed>::CatArrInputTensorMetadata<T1, T2, T4, T5>, at::native::<unnamed>::TensorSizeStride<T2, (unsigned int)4>, int, T2)"
:stage.process:model.layers.1.mlp.up_proj,PushPop,2429084,2431523,1,2,201857,100928.5,100928.5,100608,101249,453.3,"void at::native::vectorized_elementwise_kernel<(int)2, at::native::BinaryFunctor<long, long, long, at::native::BitwiseOrFunctor<long>>, std::array<char *, (unsigned long)3>>(int, T2, T3)"
:stage.process:model.layers.1.mlp.up_proj,PushPop,2429084,2431523,1,10,148992,14899.2,7328.0,3936,49408,13960.0,"void at::native::reduce_kernel<(int)512, (int)1, at::native::ReduceOp<float, at::native::MeanOps<float, float, float, float>, unsigned int, float, (int)4, (int)4>>(T3)"
:stage.process:model.layers.1.mlp.up_proj,PushPop,2429084,2431523,1,6,132416,22069.3,22048.0,16192,27968,6415.0,"void trsm_batch_left_upper_kernel_small<float, (int)16, (int)16, (int)64>(cublasTrsmBatchParams<T1>, const T1 *const *, T1 *const *, const T1 *, T1)"
:stage.process:model.layers.1.mlp.up_proj,PushPop,2429084,2431523,1,2,131968,65984.0,65984.0,64256,67712,2443.8,"void at::native::vectorized_elementwise_kernel<(int)2, at::native::BUnaryFunctor<long, long, long, at::native::lshift_kernel_cuda(at::TensorIteratorBase &)::[lambda() (instance 1)]::operator ()() const::[lambda() (instance 4)]::operator ()() const::[lambda(long, long) (instance 1)]>, std::array<char *, (unsigned long)2>>(int, T2, T3)"
:stage.process:model.layers.1.mlp.up_proj,PushPop,2429084,2431523,1,3,114912,38304.0,54432.0,5504,54976,28406.9,"void at::native::unrolled_elementwise_kernel<at::native::direct_copy_kernel_cuda(at::TensorIteratorBase &)::[lambda() (instance 3)]::operator ()() const::[lambda() (instance 3)]::operator ()() const::[lambda(int) (instance 1)], std::array<char *, (unsigned long)2>, (int)4, TrivialOffsetCalculator<(int)1, unsigned int>, TrivialOffsetCalculator<(int)1, unsigned int>, at::native::memory::LoadWithCast<(int)1>, at::native::memory::StoreWithCast<(int)1>>(int, T1, T2, T4, T5, T6, T7)"
:stage.process:model.layers.1.mlp.up_proj,PushPop,2429084,2431523,1,5,78816,15763.2,1568.0,1536,72576,31759.3,"void at::native::vectorized_elementwise_kernel<(int)2, at::native::CUDAFunctorOnSelf_add<long>, std::array<char *, (unsigned long)2>>(int, T2, T3)"
:stage.process:model.layers.1.mlp.up_proj,PushPop,2429084,2431523,1,6,73537,12256.2,1920.0,1568,64353,25523.3,"void at::native::vectorized_elementwise_kernel<(int)2, at::native::AUnaryFunctor<long, long, long, at::native::binary_internal::MulFunctor<long>>, std::array<char *, (unsigned long)2>>(int, T2, T3)"
:stage.process:model.layers.1.mlp.up_proj,PushPop,2429084,2431523,1,1,73504,73504.0,73504.0,73504,73504,0.0,"void at::native::elementwise_kernel<(int)128, (int)2, void at::native::gpu_kernel_impl_nocast<at::native::BinaryFunctor<float, float, float, at::native::binary_internal::DivFunctor<float>>>(at::TensorIteratorBase &, const T1 &)::[lambda(int) (instance 1)]>(int, T3)"
:stage.process:model.layers.1.mlp.up_proj,PushPop,2429084,2431523,1,1,60192,60192.0,60192.0,60192,60192,0.0,"void at::native::vectorized_elementwise_kernel<(int)4, void at::native::<unnamed>::pow_tensor_scalar_kernel_impl<float, float>(at::TensorIteratorBase &, T2)::[lambda(float) (instance 1)], std::array<char *, (unsigned long)2>>(int, T2, T3)"
:stage.process:model.layers.1.mlp.up_proj,PushPop,2429084,2431523,1,1,49472,49472.0,49472.0,49472,49472,0.0,"void at::native::reduce_kernel<(int)128, (int)4, at::native::ReduceOp<long, at::native::func_wrapper_t<long, at::native::sum_functor<long, long, long>::operator ()(at::TensorIterator &)::[lambda(long, long) (instance 1)]>, unsigned int, long, (int)4, (int)4>>(T3)"
:stage.process:model.layers.1.mlp.up_proj,PushPop,2429084,2431523,1,1,44672,44672.0,44672.0,44672,44672,0.0,"void at::native::vectorized_elementwise_kernel<(int)4, at::native::float16_copy_kernel_cuda(at::TensorIteratorBase &)::[lambda(float) (instance 1)], std::array<char *, (unsigned long)2>>(int, T2, T3)"
:stage.process:model.layers.1.mlp.up_proj,PushPop,2429084,2431523,1,3,27712,9237.3,9824.0,7168,10720,1847.2,"void at::native::elementwise_kernel<(int)128, (int)2, void at::native::gpu_kernel_impl_nocast<at::native::direct_copy_kernel_cuda(at::TensorIteratorBase &)::[lambda() (instance 3)]::operator ()() const::[lambda() (instance 3)]::operator ()() const::[lambda(int) (instance 1)]>(at::TensorIteratorBase &, const T1 &)::[lambda(int) (instance 1)]>(int, T3)"
:stage.process:model.layers.1.mlp.up_proj,PushPop,2429084,2431523,1,6,25888,4314.7,4544.0,3392,4864,563.9,"void at::native::elementwise_kernel<(int)128, (int)2, void at::native::gpu_kernel_impl_nocast<at::native::CUDAFunctorOnSelf_add<float>>(at::TensorIteratorBase &, const T1 &)::[lambda(int) (instance 1)]>(int, T3)"
:stage.process:model.layers.1.mlp.up_proj,PushPop,2429084,2431523,1,4,14592,3648.0,3600.0,3360,4032,314.6,"void at::native::vectorized_elementwise_kernel<(int)2, at::native::BUnaryFunctor<long, long, long, at::native::remainder_kernel_cuda(at::TensorIteratorBase &)::[lambda() (instance 1)]::operator ()() const::[lambda() (instance 4)]::operator ()() const::[lambda(long, long) (instance 1)]>, std::array<char *, (unsigned long)2>>(int, T2, T3)"
:stage.process:model.layers.1.mlp.up_proj,PushPop,2429084,2431523,1,6,13472,2245.3,2240.0,2176,2304,55.1,"void at::native::vectorized_elementwise_kernel<(int)4, at::native::<unnamed>::CompareFunctor<float>, std::array<char *, (unsigned long)3>>(int, T2, T3)"
:stage.process:model.layers.1.mlp.up_proj,PushPop,2429084,2431523,1,3,11936,3978.7,4096.0,3648,4192,290.4,"void at::native::unrolled_elementwise_kernel<at::native::direct_copy_kernel_cuda(at::TensorIteratorBase &)::[lambda() (instance 3)]::operator ()() const::[lambda() (instance 1)]::operator ()() const::[lambda(unsigned char) (instance 1)], std::array<char *, (unsigned long)2>, (int)4, TrivialOffsetCalculator<(int)1, unsigned int>, TrivialOffsetCalculator<(int)1, unsigned int>, at::native::memory::LoadWithCast<(int)1>, at::native::memory::StoreWithCast<(int)1>>(int, T1, T2, T4, T5, T6, T7)"
:stage.process:model.layers.1.mlp.up_proj,PushPop,2429084,2431523,1,2,11328,5664.0,5664.0,5216,6112,633.6,"void at::native::<unnamed>::CatArrayBatchedCopy_vectorized<at::native::<unnamed>::OpaqueType<(unsigned int)2>, unsigned int, (int)1, (int)128, (int)1, (int)16, (int)8>(char *, at::native::<unnamed>::CatArrInputTensorMetadata<T1, T2, T4, T5>, at::native::<unnamed>::TensorSizeStride<T2, (unsigned int)4>, int, T2)"
:stage.process:model.layers.1.mlp.up_proj,PushPop,2429084,2431523,1,3,9024,3008.0,2976.0,2912,3136,115.4,"void at::native::vectorized_elementwise_kernel<(int)4, at::native::AUnaryFunctor<unsigned char, unsigned char, bool, at::native::<unnamed>::CompareEqFunctor<unsigned char>>, std::array<char *, (unsigned long)2>>(int, T2, T3)"
:stage.process:model.layers.1.mlp.up_proj,PushPop,2429084,2431523,1,2,8384,4192.0,4192.0,3328,5056,1221.9,"void at::native::elementwise_kernel<(int)128, (int)2, void at::native::gpu_kernel_impl_nocast<at::native::AbsFunctor<float>>(at::TensorIteratorBase &, const T1 &)::[lambda(int) (instance 1)]>(int, T3)"
:stage.process:model.layers.1.mlp.up_proj,PushPop,2429084,2431523,1,1,8224,8224.0,8224.0,8224,8224,0.0,"void at::native::vectorized_elementwise_kernel<(int)4, at::native::AUnaryFunctor<unsigned char, unsigned char, unsigned char, at::native::binary_internal::MulFunctor<unsigned char>>, std::array<char *, (unsigned long)2>>(int, T2, T3)"
:stage.process:model.layers.1.mlp.up_proj,PushPop,2429084,2431523,1,2,7520,3760.0,3760.0,3744,3776,22.6,"void at::native::vectorized_elementwise_kernel<(int)2, at::native::BUnaryFunctor<long, long, long, at::native::binary_internal::div_floor_kernel_cuda(at::TensorIteratorBase &)::[lambda() (instance 1)]::operator ()() const::[lambda() (instance 4)]::operator ()() const::[lambda(long, long) (instance 1)]>, std::array<char *, (unsigned long)2>>(int, T2, T3)"
:stage.process:model.layers.1.mlp.up_proj,PushPop,2429084,2431523,1,3,7200,2400.0,2176.0,2048,2976,502.9,"void at::native::vectorized_elementwise_kernel<(int)4, at::native::FillFunctor<unsigned char>, std::array<char *, (unsigned long)1>>(int, T2, T3)"
:stage.process:model.layers.1.mlp.up_proj,PushPop,2429084,2431523,1,2,6400,3200.0,3200.0,3200,3200,0.0,"void at::native::elementwise_kernel<(int)128, (int)2, void at::native::gpu_kernel_impl_nocast<at::native::CUDAFunctor_add<long>>(at::TensorIteratorBase &, const T1 &)::[lambda(int) (instance 1)]>(int, T3)"
:stage.process:model.layers.1.mlp.up_proj,PushPop,2429084,2431523,1,3,5792,1930.7,1952.0,1696,2144,224.8,"void at::native::vectorized_elementwise_kernel<(int)4, at::native::BinaryFunctor<float, float, float, at::native::maximum_kernel_cuda(at::TensorIteratorBase &)::[lambda() (instance 2)]::operator ()() const::[lambda() (instance 2)]::operator ()() const::[lambda(float, float) (instance 1)]>, std::array<char *, (unsigned long)3>>(int, T2, T3)"
:stage.process:model.layers.1.mlp.up_proj,PushPop,2429084,2431523,1,2,5728,2864.0,2864.0,2720,3008,203.6,"void at::native::<unnamed>::CatArrayBatchedCopy_alignedK_contig<at::native::<unnamed>::OpaqueType<(unsigned int)4>, unsigned int, (int)1, (int)128, (int)1, (int)16>(T1 *, at::native::<unnamed>::CatArrInputTensorMetadata<T1, T2, T4, T5>, at::native::<unnamed>::TensorSizeStride<T2, (unsigned int)4>, int, T2)"
:stage.process:model.layers.1.mlp.up_proj,PushPop,2429084,2431523,1,1,5056,5056.0,5056.0,5056,5056,0.0,"void at::native::reduce_kernel<(int)512, (int)1, at::native::ReduceOp<float, at::native::ArgMinOps<float>, unsigned int, long, (int)4, (int)4>>(T3)"
:stage.process:model.layers.1.mlp.up_proj,PushPop,2429084,2431523,1,3,4960,1653.3,1536.0,1312,2112,412.7,"xxtrf4_set_info_ker(int, int *)"
:stage.process:model.layers.1.mlp.up_proj,PushPop,2429084,2431523,1,2,4800,2400.0,2400.0,2048,2752,497.8,"void at::native::unrolled_elementwise_kernel<at::native::AUnaryFunctor<long, long, long, at::native::BitwiseAndFunctor<long>>, std::array<char *, (unsigned long)2>, (int)4, TrivialOffsetCalculator<(int)1, unsigned int>, TrivialOffsetCalculator<(int)1, unsigned int>, at::native::memory::LoadWithoutCast, at::native::memory::StoreWithoutCast>(int, T1, T2, T4, T5, T6, T7)"
:stage.process:model.layers.1.mlp.up_proj,PushPop,2429084,2431523,1,2,4768,2384.0,2384.0,2368,2400,22.6,"void at::native::vectorized_elementwise_kernel<(int)2, at::native::CUDAFunctorOnOther_add<long>, std::array<char *, (unsigned long)2>>(int, T2, T3)"
:stage.process:model.layers.1.mlp.up_proj,PushPop,2429084,2431523,1,2,4704,2352.0,2352.0,2336,2368,22.6,"void at::native::vectorized_elementwise_kernel<(int)4, at::native::FillFunctor<bool>, std::array<char *, (unsigned long)1>>(int, T2, T3)"
:stage.process:model.layers.1.mlp.up_proj,PushPop,2429084,2431523,1,2,4512,2256.0,2256.0,2144,2368,158.4,"void at::native::vectorized_elementwise_kernel<(int)4, void at::native::compare_scalar_kernel<c10::Half>(at::TensorIteratorBase &, at::native::<unnamed>::OpType, T1)::[lambda(c10::Half) (instance 1)], std::array<char *, (unsigned long)2>>(int, T2, T3)"
:stage.process:model.layers.1.mlp.up_proj,PushPop,2429084,2431523,1,1,3456,3456.0,3456.0,3456,3456,0.0,"void at::native::<unnamed>::CatArrayBatchedCopy_contig<at::native::<unnamed>::OpaqueType<(unsigned int)1>, unsigned int, (int)1, (int)128, (int)1>(T1 *, at::native::<unnamed>::CatArrInputTensorMetadata<T1, T2, T4, T5>, at::native::<unnamed>::TensorSizeStride<T2, (unsigned int)4>, int, T2)"
:stage.process:model.layers.1.mlp.up_proj,PushPop,2429084,2431523,1,1,3424,3424.0,3424.0,3424,3424,0.0,"void at::native::vectorized_elementwise_kernel<(int)4, at::native::BinaryFunctor<unsigned char, unsigned char, bool, at::native::<unnamed>::CompareEqFunctor<unsigned char>>, std::array<char *, (unsigned long)3>>(int, T2, T3)"
:stage.process:model.layers.1.mlp.up_proj,PushPop,2429084,2431523,1,1,2688,2688.0,2688.0,2688,2688,0.0,"void at::native::vectorized_elementwise_kernel<(int)4, at::native::sqrt_kernel_cuda(at::TensorIteratorBase &)::[lambda() (instance 2)]::operator ()() const::[lambda() (instance 2)]::operator ()() const::[lambda(float) (instance 1)], std::array<char *, (unsigned long)2>>(int, T2, T3)"
:stage.process:model.layers.1.mlp.up_proj,PushPop,2429084,2431523,1,1,2240,2240.0,2240.0,2240,2240,0.0,"void at::native::elementwise_kernel<(int)128, (int)2, void at::native::gpu_kernel_impl_nocast<at::native::<unnamed>::where_kernel_impl(at::TensorIterator &)::[lambda() (instance 1)]::operator ()() const::[lambda() (instance 3)]::operator ()() const::[lambda(bool, unsigned int, unsigned int) (instance 1)]>(at::TensorIteratorBase &, const T1 &)::[lambda(int) (instance 1)]>(int, T3)"
:stage.process:model.layers.1.mlp.up_proj,PushPop,2429084,2431523,1,1,2048,2048.0,2048.0,2048,2048,0.0,"void at::native::unrolled_elementwise_kernel<at::native::direct_copy_kernel_cuda(at::TensorIteratorBase &)::[lambda() (instance 3)]::operator ()() const::[lambda() (instance 11)]::operator ()() const::[lambda(bool) (instance 1)], std::array<char *, (unsigned long)2>, (int)4, TrivialOffsetCalculator<(int)1, unsigned int>, TrivialOffsetCalculator<(int)1, unsigned int>, at::native::memory::LoadWithCast<(int)1>, at::native::memory::StoreWithCast<(int)1>>(int, T1, T2, T4, T5, T6, T7)"
:stage.process:model.layers.1.mlp.up_proj,PushPop,2429084,2431523,1,1,1984,1984.0,1984.0,1984,1984,0.0,"void at::native::unrolled_elementwise_kernel<at::native::<unnamed>::CompareFunctor<c10::Half>, std::array<char *, (unsigned long)3>, (int)4, TrivialOffsetCalculator<(int)2, unsigned int>, TrivialOffsetCalculator<(int)1, unsigned int>, at::native::memory::LoadWithoutCast, at::native::memory::StoreWithoutCast>(int, T1, T2, T4, T5, T6, T7)"
:stage.process:model.layers.1.mlp.up_proj,PushPop,2429084,2431523,1,1,1920,1920.0,1920.0,1920,1920,0.0,"void at::native::vectorized_elementwise_kernel<(int)4, at::native::<unnamed>::launch_clamp_scalar(at::TensorIteratorBase &, c10::Scalar, c10::Scalar, at::native::detail::ClampLimits)::[lambda() (instance 1)]::operator ()() const::[lambda() (instance 7)]::operator ()() const::[lambda(float) (instance 1)], std::array<char *, (unsigned long)2>>(int, T2, T3)"
:stage.process:model.layers.1.self_attn.k_proj,PushPop,2429084,2431523,1,7632,1112676746,145791.0,147328.0,132800,152192,3673.1,"void <unnamed>::qvq_v2_segment_grid_kernel<(int)4, (int)2, (int)16, (bool)1, (bool)0, __half, unsigned char>(const float *, const T6 *, const float *, const long *, const float *, const float *, float *, T7 *, unsigned char *, int, int, int, bool, bool)"
:stage.process:model.layers.1.self_attn.k_proj,PushPop,2429084,2431523,1,574,785120875,1367806.4,1368291.0,1353890,1375555,2942.0,"void <unnamed>::qvq_viterbi_kernel<(int)4, (int)2, __half, unsigned char>(const float *, const T3 *, const float *, const long *, const float *, T4 *, long *, float *, int, int, int, bool, bool, bool)"
:stage.process:model.layers.1.self_attn.k_proj,PushPop,2429084,2431523,1,256,325170400,1270196.9,1269986.5,1267683,1274115,1332.7,void <unnamed>::qvq_fused_w2_family_grid_kernel<(bool)0>(<unnamed>::FusedSequenceArgs)
:stage.process:model.layers.1.self_attn.k_proj,PushPop,2429084,2431523,1,954,76372868,80055.4,80976.5,67904,86912,3451.0,"void <unnamed>::qvq_v2_segment_grid_finalize_kernel<(int)4, (int)2, (int)16, (bool)0, __half, unsigned char>(const float *, const T5 *, const float *, const long *, const float *, const float *, const T6 *, const unsigned char *, long *, unsigned char *, float *, int, int, bool, bool)"
:stage.process:model.layers.1.self_attn.k_proj,PushPop,2429084,2431523,1,468,30191134,64511.0,70656.0,21024,71521,14654.2,void cutlass::Kernel2<cutlass_80_simt_sgemm_128x32_8x5_nt_align1>(T1::Params)
:stage.process:model.layers.1.self_attn.k_proj,PushPop,2429084,2431523,1,2544,23218007,9126.6,7744.0,4000,18208,3858.9,"void at::native::index_elementwise_kernel<(int)128, (int)4, void at::native::gpu_index_kernel<void at::native::index_kernel_impl<at::native::OpaqueType<(int)4>>(at::TensorIteratorBase &, c10::ArrayRef<long>, c10::ArrayRef<long>)::[lambda(char *, const char *, long) (instance 1)]>(at::TensorIteratorBase &, c10::ArrayRef<long>, c10::ArrayRef<long>, const T1 &, bool)::[lambda(int) (instance 1)]>(long, T3)"
:stage.process:model.layers.1.self_attn.k_proj,PushPop,2429084,2431523,1,256,22762475,88915.9,88896.0,86496,91904,855.9,"<unnamed>::qvq_fused_w2_traceback_kernel(const unsigned char *, const unsigned char *, const int *, long *, unsigned char *, int)"
:stage.process:model.layers.1.self_attn.k_proj,PushPop,2429084,2431523,1,2580,13233501,5129.3,4704.0,2784,11712,1477.5,"void at::native::reduce_kernel<(int)512, (int)1, at::native::ReduceOp<bool, at::native::func_wrapper_t<bool, at::native::and_kernel_cuda(at::TensorIterator &)::[lambda() (instance 1)]::operator ()() const::[lambda() (instance 12)]::operator ()() const::[lambda(bool, bool) (instance 1)]>, unsigned int, bool, (int)4, (int)4>>(T3)"
:stage.process:model.layers.1.self_attn.k_proj,PushPop,2429084,2431523,1,1021,8520660,8345.4,8640.0,4480,10816,1409.6,"void at::native::index_elementwise_kernel<(int)128, (int)4, void at::native::gpu_index_kernel<void at::native::index_kernel_impl<at::native::OpaqueType<(int)2>>(at::TensorIteratorBase &, c10::ArrayRef<long>, c10::ArrayRef<long>)::[lambda(char *, const char *, long) (instance 1)]>(at::TensorIteratorBase &, c10::ArrayRef<long>, c10::ArrayRef<long>, const T1 &, bool)::[lambda(int) (instance 1)]>(long, T3)"
:stage.process:model.layers.1.self_attn.k_proj,PushPop,2429084,2431523,1,1272,8266635,6498.9,6560.0,3424,7168,384.1,"void at::native::index_elementwise_kernel<(int)128, (int)4, void at::native::gpu_index_kernel<void at::native::index_put_kernel_impl<at::native::OpaqueType<(int)4>>(at::TensorIterator &, c10::ArrayRef<long>, c10::ArrayRef<long>)::[lambda(char *, const char *, long) (instance 1)]>(at::TensorIteratorBase &, c10::ArrayRef<long>, c10::ArrayRef<long>, const T1 &, bool)::[lambda(int) (instance 1)]>(long, T3)"
:stage.process:model.layers.1.self_attn.k_proj,PushPop,2429084,2431523,1,1404,6387278,4549.3,4576.0,3232,4992,291.2,"void at::native::reduce_kernel<(int)512, (int)1, at::native::ReduceOp<float, at::native::func_wrapper_t<float, at::native::MaxNanFunctor<float>>, unsigned int, float, (int)4, (int)4>>(T3)"
:stage.process:model.layers.1.self_attn.k_proj,PushPop,2429084,2431523,1,772,6005326,7778.9,7776.0,7424,8256,119.5,"void at::native::reduce_kernel<(int)512, (int)1, at::native::ReduceOp<c10::Half, at::native::func_wrapper_t<c10::Half, at::native::MaxNanFunctor<c10::Half>>, unsigned int, c10::Half, (int)4, (int)4>>(T3)"
:stage.process:model.layers.1.self_attn.k_proj,PushPop,2429084,2431523,1,1841,6002378,3260.4,3104.0,2144,45440,2711.6,"void at::native::elementwise_kernel<(int)128, (int)2, void at::native::gpu_kernel_impl_nocast<at::native::direct_copy_kernel_cuda(at::TensorIteratorBase &)::[lambda() (instance 3)]::operator ()() const::[lambda() (instance 7)]::operator ()() const::[lambda(float) (instance 1)]>(at::TensorIteratorBase &, const T1 &)::[lambda(int) (instance 1)]>(int, T3)"
:stage.process:model.layers.1.self_attn.k_proj,PushPop,2429084,2431523,1,400,5825132,14562.8,4032.0,4000,66240,20379.2,ampere_sgemm_32x128_nt
:stage.process:model.layers.1.self_attn.k_proj,PushPop,2429084,2431523,1,2843,5770477,2029.7,1984.0,1536,18272,552.5,"void at::native::vectorized_elementwise_kernel<(int)4, at::native::AbsFunctor<float>, std::array<char *, (unsigned long)2>>(int, T2, T3)"
:stage.process:model.layers.1.self_attn.k_proj,PushPop,2429084,2431523,1,66,5010477,75916.3,47056.0,38752,245473,71268.7,ampere_sgemm_32x32_sliced1x4_nt
:stage.process:model.layers.1.self_attn.k_proj,PushPop,2429084,2431523,1,2209,4680905,2119.0,2048.0,1504,6656,220.4,"void at::native::vectorized_elementwise_kernel<(int)4, at::native::BinaryFunctor<bool, bool, bool, at::native::binary_internal::MulFunctor<bool>>, std::array<char *, (unsigned long)3>>(int, T2, T3)"
:stage.process:model.layers.1.self_attn.k_proj,PushPop,2429084,2431523,1,262,4476712,17086.7,5024.0,3296,56704,16993.5,"void gemmSN_NN_kernel<float, (int)256, (int)4, (int)2, (int)8, (int)4, (int)4, (bool)0, cublasGemvTensorStridedBatched<const float>, cublasGemvTensorStridedBatched<const float>, cublasGemvTensorStridedBatched<float>>(cublasGemmSmallNParams<T9, T10, T11, T1>)"
:stage.process:model.layers.1.self_attn.k_proj,PushPop,2429084,2431523,1,636,4310376,6777.3,6880.0,3584,7200,509.5,"void at::native::index_elementwise_kernel<(int)128, (int)4, void at::native::gpu_index_kernel<void at::native::index_put_kernel_impl<at::native::OpaqueType<(int)8>>(at::TensorIterator &, c10::ArrayRef<long>, c10::ArrayRef<long>)::[lambda(char *, const char *, long) (instance 1)]>(at::TensorIteratorBase &, c10::ArrayRef<long>, c10::ArrayRef<long>, const T1 &, bool)::[lambda(int) (instance 1)]>(long, T3)"
:stage.process:model.layers.1.self_attn.k_proj,PushPop,2429084,2431523,1,1528,3932329,2573.5,2720.0,2176,3104,278.8,"<unnamed>::qvq_half2_codebook_norm_pack_kernel(const __half *, unsigned long *, int)"
:stage.process:model.layers.1.self_attn.k_proj,PushPop,2429084,2431523,1,901,3490022,3873.5,3840.0,2656,7168,230.6,"void at::native::unrolled_elementwise_kernel<at::native::direct_copy_kernel_cuda(at::TensorIteratorBase &)::[lambda() (instance 3)]::operator ()() const::[lambda() (instance 7)]::operator ()() const::[lambda(float) (instance 1)], std::array<char *, (unsigned long)2>, (int)4, TrivialOffsetCalculator<(int)1, unsigned int>, TrivialOffsetCalculator<(int)1, unsigned int>, at::native::memory::LoadWithCast<(int)1>, at::native::memory::StoreWithCast<(int)1>>(int, T1, T2, T4, T5, T6, T7)"
:stage.process:model.layers.1.self_attn.k_proj,PushPop,2429084,2431523,1,1542,3304069,2142.7,2144.0,2016,2816,50.0,"void at::native::vectorized_elementwise_kernel<(int)4, at::native::AbsFunctor<c10::Half>, std::array<char *, (unsigned long)2>>(int, T2, T3)"
:stage.process:model.layers.1.self_attn.k_proj,PushPop,2429084,2431523,1,516,3184551,6171.6,6464.0,4288,6880,722.8,"void gemmSN_NN_kernel<float, (int)128, (int)2, (int)4, (int)8, (int)4, (int)4, (bool)0, cublasGemvTensorStridedBatched<const float>, cublasGemvTensorStridedBatched<const float>, cublasGemvTensorStridedBatched<float>>(cublasGemmSmallNParams<T9, T10, T11, T1>)"
:stage.process:model.layers.1.self_attn.k_proj,PushPop,2429084,2431523,1,1440,3010218,2090.4,2080.0,1568,13088,580.3,"void at::native::vectorized_elementwise_kernel<(int)4, at::native::BinaryFunctor<float, float, bool, at::native::<unnamed>::CompareEqFunctor<float>>, std::array<char *, (unsigned long)3>>(int, T2, T3)"
:stage.process:model.layers.1.self_attn.k_proj,PushPop,2429084,2431523,1,1439,2948133,2048.7,2048.0,1536,6240,234.2,"void at::native::vectorized_elementwise_kernel<(int)4, at::native::AUnaryFunctor<float, float, bool, at::native::<unnamed>::CompareEqFunctor<float>>, std::array<char *, (unsigned long)2>>(int, T2, T3)"
:stage.process:model.layers.1.self_attn.k_proj,PushPop,2429084,2431523,1,12,2777225,231435.4,231377.0,231201,231809,208.6,ampere_sgemm_128x64_nn
:stage.process:model.layers.1.self_attn.k_proj,PushPop,2429084,2431523,1,862,2623302,3043.3,3136.0,1952,8704,270.2,"void at::native::elementwise_kernel<(int)128, (int)2, void at::native::gpu_kernel_impl_nocast<at::native::direct_copy_kernel_cuda(at::TensorIteratorBase &)::[lambda() (instance 3)]::operator ()() const::[lambda() (instance 4)]::operator ()() const::[lambda(long) (instance 1)]>(at::TensorIteratorBase &, const T1 &)::[lambda(int) (instance 1)]>(int, T3)"
:stage.process:model.layers.1.self_attn.k_proj,PushPop,2429084,2431523,1,256,2495914,9749.7,9504.0,9216,14560,569.7,"<unnamed>::qvq_fused_detect_family_mask_kernel(const unsigned int *, int *)"
:stage.process:model.layers.1.self_attn.k_proj,PushPop,2429084,2431523,1,1276,2368581,1856.3,1856.0,1536,2208,142.2,"void at::native::vectorized_elementwise_kernel<(int)4, at::native::BinaryFunctor<bool, bool, bool, at::native::logical_or_kernel_cuda(at::TensorIterator &)::[lambda() (instance 2)]::operator ()() const::[lambda() (instance 9)]::operator ()() const::[lambda(bool, bool) (instance 1)]>, std::array<char *, (unsigned long)3>>(int, T2, T3)"
:stage.process:model.layers.1.self_attn.k_proj,PushPop,2429084,2431523,1,282,2305094,8174.1,8160.0,7872,8416,82.0,"void batch_trsm_left_kernel<float, (int)64, (int)4, (int)3, (bool)0, (bool)0, (bool)1>(cublasTrsmBatchParams2<T1>, T1, const T1 *, int)"
:stage.process:model.layers.1.self_attn.k_proj,PushPop,2429084,2431523,1,477,2218118,4650.1,4832.0,3136,5504,580.3,"void at::native::index_elementwise_kernel<(int)128, (int)4, void at::native::gpu_index_kernel<void at::native::index_put_kernel_impl<at::native::OpaqueType<(int)1>>(at::TensorIterator &, c10::ArrayRef<long>, c10::ArrayRef<long>)::[lambda(char *, const char *, long) (instance 1)]>(at::TensorIteratorBase &, c10::ArrayRef<long>, c10::ArrayRef<long>, const T1 &, bool)::[lambda(int) (instance 1)]>(long, T3)"
:stage.process:model.layers.1.self_attn.k_proj,PushPop,2429084,2431523,1,892,2182468,2446.7,2432.0,1824,2624,99.2,"void at::native::roll_cuda_kernel<float>(const T1 *, T1 *, long, long, long, long, long, long)"
:stage.process:model.layers.1.self_attn.k_proj,PushPop,2429084,2431523,1,3,2085509,695169.7,924962.0,235009,925538,398510.9,"void kernel<getrf_wo_pivot_params_<float, (int)0, (int)256, (int)1, (int)64, (int)64, (int)68, (int)8, (int)1, (int)1>>(int, int, void *, int, void *, int, int, int, int, int, int *)"
:stage.process:model.layers.1.self_attn.k_proj,PushPop,2429084,2431523,1,413,2001001,4845.0,3808.0,3200,45984,3303.1,"void at::native::elementwise_kernel<(int)128, (int)2, void at::native::gpu_kernel_impl_nocast<at::native::CUDAFunctor_add<float>>(at::TensorIteratorBase &, const T1 &)::[lambda(int) (instance 1)]>(int, T3)"
:stage.process:model.layers.1.self_attn.k_proj,PushPop,2429084,2431523,1,1150,1976421,1718.6,1696.0,1536,2048,69.6,"void at::native::vectorized_elementwise_kernel<(int)4, void at::native::compare_scalar_kernel<float>(at::TensorIteratorBase &, at::native::<unnamed>::OpType, T1)::[lambda(float) (instance 1)], std::array<char *, (unsigned long)2>>(int, T2, T3)"
:stage.process:model.layers.1.self_attn.k_proj,PushPop,2429084,2431523,1,884,1958851,2215.9,2240.0,1856,2752,168.0,"void at::native::elementwise_kernel<(int)128, (int)2, void at::native::gpu_kernel_impl_nocast<at::native::AUnaryFunctor<long, long, long, at::native::BitwiseAndFunctor<long>>>(at::TensorIteratorBase &, const T1 &)::[lambda(int) (instance 1)]>(int, T3)"
:stage.process:model.layers.1.self_attn.k_proj,PushPop,2429084,2431523,1,792,1841030,2324.5,2176.0,1600,9664,861.6,"void at::native::vectorized_elementwise_kernel<(int)4, at::native::CUDAFunctor_add<float>, std::array<char *, (unsigned long)3>>(int, T2, T3)"
:stage.process:model.layers.1.self_attn.k_proj,PushPop,2429084,2431523,1,770,1729027,2245.5,2240.0,1760,2336,23.3,"void at::native::vectorized_elementwise_kernel<(int)4, at::native::BinaryFunctor<c10::Half, c10::Half, bool, at::native::<unnamed>::CompareEqFunctor<c10::Half>>, std::array<char *, (unsigned long)3>>(int, T2, T3)"
:stage.process:model.layers.1.self_attn.k_proj,PushPop,2429084,2431523,1,770,1703396,2212.2,2208.0,1728,2272,25.9,"void at::native::vectorized_elementwise_kernel<(int)4, at::native::AUnaryFunctor<c10::Half, c10::Half, bool, at::native::<unnamed>::CompareEqFunctor<c10::Half>>, std::array<char *, (unsigned long)2>>(int, T2, T3)"
:stage.process:model.layers.1.self_attn.k_proj,PushPop,2429084,2431523,1,613,1628804,2657.1,2560.0,1760,5024,478.2,"void at::native::unrolled_elementwise_kernel<at::native::direct_copy_kernel_cuda(at::TensorIteratorBase &)::[lambda() (instance 3)]::operator ()() const::[lambda() (instance 4)]::operator ()() const::[lambda(long) (instance 1)], std::array<char *, (unsigned long)2>, (int)4, TrivialOffsetCalculator<(int)1, unsigned int>, TrivialOffsetCalculator<(int)1, unsigned int>, at::native::memory::LoadWithCast<(int)1>, at::native::memory::StoreWithCast<(int)1>>(int, T1, T2, T4, T5, T6, T7)"
:stage.process:model.layers.1.self_attn.k_proj,PushPop,2429084,2431523,1,82,1505027,18354.0,9744.0,6144,90369,26224.0,ampere_sgemm_32x32_sliced1x4_nn
:stage.process:model.layers.1.self_attn.k_proj,PushPop,2429084,2431523,1,782,1390914,1778.7,1760.0,1600,4832,196.7,"void at::native::vectorized_elementwise_kernel<(int)4, void at::native::compare_scalar_kernel<long>(at::TensorIteratorBase &, at::native::<unnamed>::OpType, T1)::[lambda(long) (instance 1)], std::array<char *, (unsigned long)2>>(int, T2, T3)"
:stage.process:model.layers.1.self_attn.k_proj,PushPop,2429084,2431523,1,512,1328802,2595.3,2608.0,2368,3008,103.1,"void at::native::unrolled_elementwise_kernel<at::native::BinaryFunctor<float, float, float, at::native::maximum_kernel_cuda(at::TensorIteratorBase &)::[lambda() (instance 2)]::operator ()() const::[lambda() (instance 2)]::operator ()() const::[lambda(float, float) (instance 1)]>, std::array<char *, (unsigned long)3>, (int)4, TrivialOffsetCalculator<(int)2, unsigned int>, TrivialOffsetCalculator<(int)1, unsigned int>, at::native::memory::LoadWithCast<(int)2>, at::native::memory::StoreWithCast<(int)1>>(int, T1, T2, T4, T5, T6, T7)"
:stage.process:model.layers.1.self_attn.k_proj,PushPop,2429084,2431523,1,636,1253090,1970.3,2048.0,1632,2272,132.9,"void at::native::vectorized_elementwise_kernel<(int)4, at::native::bitwise_not_kernel_cuda(at::TensorIteratorBase &)::[lambda(bool) (instance 1)], std::array<char *, (unsigned long)2>>(int, T2, T3)"
:stage.process:model.layers.1.self_attn.k_proj,PushPop,2429084,2431523,1,256,1006371,3931.1,3936.0,3808,4064,85.7,"void at::native::elementwise_kernel<(int)128, (int)4, void at::native::gpu_kernel_impl_nocast<at::native::direct_copy_kernel_cuda(at::TensorIteratorBase &)::[lambda() (instance 3)]::operator ()() const::[lambda() (instance 10)]::operator ()() const::[lambda(c10::Half) (instance 1)]>(at::TensorIteratorBase &, const T1 &)::[lambda(int) (instance 1)]>(int, T3)"
:stage.process:model.layers.1.self_attn.k_proj,PushPop,2429084,2431523,1,263,980324,3727.5,3616.0,3392,8640,699.5,"void at::native::reduce_kernel<(int)512, (int)1, at::native::ReduceOp<bool, at::native::func_wrapper_t<bool, at::native::or_kernel_cuda(at::TensorIterator &)::[lambda() (instance 1)]::operator ()() const::[lambda() (instance 12)]::operator ()() const::[lambda(bool, bool) (instance 1)]>, unsigned int, bool, (int)4, (int)4>>(T3)"
:stage.process:model.layers.1.self_attn.k_proj,PushPop,2429084,2431523,1,638,917571,1438.2,1440.0,1312,3328,108.2,"void at::native::vectorized_elementwise_kernel<(int)2, at::native::FillFunctor<long>, std::array<char *, (unsigned long)1>>(int, T2, T3)"
:stage.process:model.layers.1.self_attn.k_proj,PushPop,2429084,2431523,1,587,802145,1366.5,1376.0,1248,1984,71.8,"void <unnamed>::elementwise_kernel_with_index<int, at::native::arange_cuda_out(const c10::Scalar &, const c10::Scalar &, const c10::Scalar &, at::Tensor &)::[lambda() (instance 1)]::operator ()() const::[lambda() (instance 4)]::operator ()() const::[lambda(long) (instance 1)]>(T1, T2, function_traits<T2>::result_type *)"
:stage.process:model.layers.1.self_attn.k_proj,PushPop,2429084,2431523,1,128,575297,4494.5,4480.0,4384,5056,100.3,"void at::native::unrolled_elementwise_kernel<at::native::CUDAFunctor_add<float>, std::array<char *, (unsigned long)3>, (int)4, TrivialOffsetCalculator<(int)2, unsigned int>, TrivialOffsetCalculator<(int)1, unsigned int>, at::native::memory::LoadWithCast<(int)2>, at::native::memory::StoreWithCast<(int)1>>(int, T1, T2, T4, T5, T6, T7)"
:stage.process:model.layers.1.self_attn.k_proj,PushPop,2429084,2431523,1,263,453665,1725.0,1696.0,1696,2624,115.7,"void at::native::vectorized_elementwise_kernel<(int)4, at::native::BinaryFunctor<bool, bool, bool, at::native::BitwiseOrFunctor<bool>>, std::array<char *, (unsigned long)3>>(int, T2, T3)"
:stage.process:model.layers.1.self_attn.k_proj,PushPop,2429084,2431523,1,2,449121,224560.5,224560.5,224544,224577,23.3,ampere_sgemm_128x32_nn
:stage.process:model.layers.1.self_attn.k_proj,PushPop,2429084,2431523,1,129,399744,3098.8,3168.0,2912,3968,140.8,"void at::native::elementwise_kernel<(int)128, (int)4, void at::native::gpu_kernel_impl_nocast<at::native::direct_copy_kernel_cuda(at::TensorIteratorBase &)::[lambda() (instance 3)]::operator ()() const::[lambda() (instance 1)]::operator ()() const::[lambda(unsigned char) (instance 1)]>(at::TensorIteratorBase &, const T1 &)::[lambda(int) (instance 1)]>(int, T3)"
:stage.process:model.layers.1.self_attn.k_proj,PushPop,2429084,2431523,1,42,382304,9102.5,8736.0,7488,11200,1278.0,ampere_sgemm_64x32_sliced1x4_nn
:stage.process:model.layers.1.self_attn.k_proj,PushPop,2429084,2431523,1,256,363328,1419.3,1440.0,1312,1472,40.9,"void at::native::vectorized_elementwise_kernel<(int)4, at::native::FillFunctor<int>, std::array<char *, (unsigned long)1>>(int, T2, T3)"
:stage.process:model.layers.1.self_attn.k_proj,PushPop,2429084,2431523,1,114,350848,3077.6,3072.0,2496,3648,263.7,"void cublasLt::splitKreduce_kernel<(int)32, (int)16, int, float, float, float, float, (bool)0, float, float, float, (bool)1, (bool)0, (bool)0, (bool)0>(cublasLt::cublasSplitKParams<T6>, const T4 *, const T10 *, T9 *, T5 *, const T6 *, const T6 *, const T11 *, const T4 *, T11 *, void *, long, T6 *, int *, T6 *, T6 *, const T6 *, const T6 *, const T6 *, const T6 *, const T6 *)"
:stage.process:model.layers.1.self_attn.k_proj,PushPop,2429084,2431523,1,4,286336,71584.0,71648.0,71232,71808,247.9,ampere_sgemm_32x128_tn
:stage.process:model.layers.1.self_attn.k_proj,PushPop,2429084,2431523,1,128,265954,2077.8,2080.0,2048,2112,12.2,"void at::native::elementwise_kernel<(int)128, (int)2, void at::native::gpu_kernel_impl_nocast<at::native::BUnaryFunctor<long, long, long, at::native::rshift_kernel_cuda(at::TensorIteratorBase &)::[lambda() (instance 1)]::operator ()() const::[lambda() (instance 4)]::operator ()() const::[lambda(long, long) (instance 1)]>>(at::TensorIteratorBase &, const T1 &)::[lambda(int) (instance 1)]>(int, T3)"
:stage.process:model.layers.1.self_attn.k_proj,PushPop,2429084,2431523,1,132,252481,1912.7,1760.0,1760,6688,818.1,"void at::native::vectorized_elementwise_kernel<(int)4, at::native::BinaryFunctor<long, long, bool, at::native::<unnamed>::CompareEqFunctor<long>>, std::array<char *, (unsigned long)3>>(int, T2, T3)"
:stage.process:model.layers.1.self_attn.k_proj,PushPop,2429084,2431523,1,12,207328,17277.3,20160.0,11072,20608,4498.4,"void at::native::<unnamed>::CatArrayBatchedCopy<at::native::<unnamed>::OpaqueType<(unsigned int)4>, unsigned int, (int)2, (int)64, (int)64>(T1 *, at::native::<unnamed>::CatArrInputTensorMetadata<T1, T2, T4, T5>, at::native::<unnamed>::TensorSizeStride<T2, (unsigned int)4>, int, T2)"
:stage.process:model.layers.1.self_attn.k_proj,PushPop,2429084,2431523,1,3,180065,60021.7,87616.0,4704,87745,47906.5,"void at::native::reduce_kernel<(int)512, (int)1, at::native::ReduceOp<long, at::native::func_wrapper_t<long, at::native::sum_functor<long, long, long>::operator ()(at::TensorIterator &)::[lambda(long, long) (instance 1)]>, unsigned int, long, (int)4, (int)4>>(T3)"
:stage.process:model.layers.1.self_attn.k_proj,PushPop,2429084,2431523,1,11,155104,14100.4,3744.0,2336,62880,24000.2,"void at::native::vectorized_elementwise_kernel<(int)2, at::native::AUnaryFunctor<long, long, long, at::native::BitwiseAndFunctor<long>>, std::array<char *, (unsigned long)2>>(int, T2, T3)"
:stage.process:model.layers.1.self_attn.k_proj,PushPop,2429084,2431523,1,4,145537,36384.3,36352.0,4960,67873,36248.7,"void at::native::elementwise_kernel<(int)128, (int)2, void at::native::gpu_kernel_impl_nocast<at::native::BinaryFunctor<long, long, long, at::native::rshift_kernel_cuda(at::TensorIteratorBase &)::[lambda() (instance 1)]::operator ()() const::[lambda() (instance 4)]::operator ()() const::[lambda(long, long) (instance 1)]>>(at::TensorIteratorBase &, const T1 &)::[lambda(int) (instance 1)]>(int, T3)"
:stage.process:model.layers.1.self_attn.k_proj,PushPop,2429084,2431523,1,4,143392,35848.0,36272.0,3488,67360,36357.1,"void at::native::elementwise_kernel<(int)128, (int)2, void at::native::gpu_kernel_impl_nocast<at::native::BinaryFunctor<long, long, long, at::native::lshift_kernel_cuda(at::TensorIteratorBase &)::[lambda() (instance 1)]::operator ()() const::[lambda() (instance 4)]::operator ()() const::[lambda(long, long) (instance 1)]>>(at::TensorIteratorBase &, const T1 &)::[lambda(int) (instance 1)]>(int, T3)"
:stage.process:model.layers.1.self_attn.k_proj,PushPop,2429084,2431523,1,6,132864,22144.0,22096.0,16256,28096,6426.9,"void trsm_batch_left_upper_kernel_small<float, (int)16, (int)16, (int)64>(cublasTrsmBatchParams<T1>, const T1 *const *, T1 *const *, const T1 *, T1)"
:stage.process:model.layers.1.self_attn.k_proj,PushPop,2429084,2431523,1,1,132768,132768.0,132768.0,132768,132768,0.0,ampere_sgemm_128x32_tn
:stage.process:model.layers.1.self_attn.k_proj,PushPop,2429084,2431523,1,3,121280,40426.7,56640.0,7104,57536,28861.8,"void at::native::index_elementwise_kernel<(int)128, (int)4, void at::native::gpu_index_kernel<void at::native::index_kernel_impl<at::native::OpaqueType<(int)8>>(at::TensorIteratorBase &, c10::ArrayRef<long>, c10::ArrayRef<long>)::[lambda(char *, const char *, long) (instance 1)]>(at::TensorIteratorBase &, c10::ArrayRef<long>, c10::ArrayRef<long>, const T1 &, bool)::[lambda(int) (instance 1)]>(long, T3)"
:stage.process:model.layers.1.self_attn.k_proj,PushPop,2429084,2431523,1,3,96928,32309.3,45088.0,6144,45696,22661.9,"void at::native::triu_tril_kernel<float, int, (bool)0, (int)2, (bool)1>(at::cuda::detail::TensorInfo<T1, T2>, at::cuda::detail::TensorInfo<const T1, T2>, long, long, T2)"
:stage.process:model.layers.1.self_attn.k_proj,PushPop,2429084,2431523,1,10,80544,8054.4,6144.0,3168,20672,6118.4,"void at::native::elementwise_kernel<(int)128, (int)2, void at::native::gpu_kernel_impl_nocast<at::native::BinaryFunctor<float, float, float, at::native::binary_internal::MulFunctor<float>>>(at::TensorIteratorBase &, const T1 &)::[lambda(int) (instance 1)]>(int, T3)"
:stage.process:model.layers.1.self_attn.k_proj,PushPop,2429084,2431523,1,10,75488,7548.8,7504.0,7072,8032,309.7,"void at::native::reduce_kernel<(int)512, (int)1, at::native::ReduceOp<float, at::native::func_wrapper_t<float, at::native::sum_functor<float, float, float>::operator ()(at::TensorIterator &)::[lambda(float, float) (instance 1)]>, unsigned int, float, (int)4, (int)4>>(T3)"
:stage.process:model.layers.1.self_attn.k_proj,PushPop,2429084,2431523,1,10,67104,6710.4,7248.0,3360,7968,1619.1,"void at::native::reduce_kernel<(int)512, (int)1, at::native::ReduceOp<float, at::native::MeanOps<float, float, float, float>, unsigned int, float, (int)4, (int)4>>(T3)"
:stage.process:model.layers.1.self_attn.k_proj,PushPop,2429084,2431523,1,14,60736,4338.3,3312.0,1408,8320,2513.5,"void at::native::vectorized_elementwise_kernel<(int)4, at::native::FillFunctor<float>, std::array<char *, (unsigned long)1>>(int, T2, T3)"
:stage.process:model.layers.1.self_attn.k_proj,PushPop,2429084,2431523,1,9,44928,4992.0,3712.0,1632,11456,3705.8,"void at::native::vectorized_elementwise_kernel<(int)4, at::native::BUnaryFunctor<float, float, float, at::native::binary_internal::MulFunctor<float>>, std::array<char *, (unsigned long)2>>(int, T2, T3)"
:stage.process:model.layers.1.self_attn.k_proj,PushPop,2429084,2431523,1,10,38752,3875.2,3872.0,3840,3936,31.8,"void dot_kernel<float, (int)128, (int)0, cublasDotParams<cublasGemvTensorStridedBatched<const float>, cublasGemvTensorStridedBatched<float>>>(T4)"
:stage.process:model.layers.1.self_attn.k_proj,PushPop,2429084,2431523,1,9,38592,4288.0,4288.0,4128,4544,135.8,"void at::native::vectorized_elementwise_kernel<(int)4, at::native::BinaryFunctor<float, float, float, at::native::binary_internal::MulFunctor<float>>, std::array<char *, (unsigned long)3>>(int, T2, T3)"
:stage.process:model.layers.1.self_attn.k_proj,PushPop,2429084,2431523,1,10,36064,3606.4,3360.0,3200,4192,433.3,"void at::native::elementwise_kernel<(int)128, (int)2, void at::native::gpu_kernel_impl_nocast<at::native::CUDAFunctorOnSelf_add<float>>(at::TensorIteratorBase &, const T1 &)::[lambda(int) (instance 1)]>(int, T3)"
:stage.process:model.layers.1.self_attn.k_proj,PushPop,2429084,2431523,1,10,28032,2803.2,2816.0,2784,2816,16.5,"void reduce_1Block_kernel<float, (int)128, (int)7, cublasGemvTensorStridedBatched<float>, cublasGemvTensorStridedBatched<const float>, cublasGemvTensorStridedBatched<float>>(const T1 *, T1, T4, int, const T1 *, T1, T5, T6, cublasPointerMode_t, cublasLtEpilogue_t, cublasGemvTensorStridedBatched<const biasType<T6::value_type, T1>::type>)"
:stage.process:model.layers.1.self_attn.k_proj,PushPop,2429084,2431523,1,12,26752,2229.3,2240.0,2112,2400,73.9,"void at::native::vectorized_elementwise_kernel<(int)4, at::native::<unnamed>::CompareFunctor<float>, std::array<char *, (unsigned long)3>>(int, T2, T3)"
:stage.process:model.layers.1.self_attn.k_proj,PushPop,2429084,2431523,1,6,20000,3333.3,1712.0,1472,10752,3661.5,"void at::native::vectorized_elementwise_kernel<(int)4, at::native::AUnaryFunctor<float, float, float, at::native::binary_internal::MulFunctor<float>>, std::array<char *, (unsigned long)2>>(int, T2, T3)"
:stage.process:model.layers.1.self_attn.k_proj,PushPop,2429084,2431523,1,1,15072,15072.0,15072.0,15072,15072,0.0,"void at::native::<unnamed>::CatArrayBatchedCopy_alignedK_contig<at::native::<unnamed>::OpaqueType<(unsigned int)8>, unsigned int, (int)3, (int)128, (int)1, (int)16>(T1 *, at::native::<unnamed>::CatArrInputTensorMetadata<T1, T2, T4, T5>, at::native::<unnamed>::TensorSizeStride<T2, (unsigned int)4>, int, T2)"
:stage.process:model.layers.1.self_attn.k_proj,PushPop,2429084,2431523,1,4,15008,3752.0,3776.0,3680,3776,48.0,"void at::native::vectorized_elementwise_kernel<(int)2, at::native::BUnaryFunctor<long, long, long, at::native::rshift_kernel_cuda(at::TensorIteratorBase &)::[lambda() (instance 1)]::operator ()() const::[lambda() (instance 4)]::operator ()() const::[lambda(long, long) (instance 1)]>, std::array<char *, (unsigned long)2>>(int, T2, T3)"
:stage.process:model.layers.1.self_attn.k_proj,PushPop,2429084,2431523,1,4,14400,3600.0,3616.0,3360,3808,225.5,"void at::native::vectorized_elementwise_kernel<(int)2, at::native::BUnaryFunctor<long, long, long, at::native::remainder_kernel_cuda(at::TensorIteratorBase &)::[lambda() (instance 1)]::operator ()() const::[lambda() (instance 4)]::operator ()() const::[lambda(long, long) (instance 1)]>, std::array<char *, (unsigned long)2>>(int, T2, T3)"
:stage.process:model.layers.1.self_attn.k_proj,PushPop,2429084,2431523,1,3,13760,4586.7,4064.0,4032,5664,933.1,"void at::native::vectorized_elementwise_kernel<(int)2, at::native::BinaryFunctor<long, long, long, at::native::BitwiseXorFunctor<long>>, std::array<char *, (unsigned long)3>>(int, T2, T3)"
:stage.process:model.layers.1.self_attn.k_proj,PushPop,2429084,2431523,1,8,12384,1548.0,1552.0,1504,1568,23.8,"void at::native::unrolled_elementwise_kernel<at::native::AUnaryFunctor<long, long, long, at::native::BitwiseAndFunctor<long>>, std::array<char *, (unsigned long)2>, (int)4, TrivialOffsetCalculator<(int)1, unsigned int>, TrivialOffsetCalculator<(int)1, unsigned int>, at::native::memory::LoadWithoutCast, at::native::memory::StoreWithoutCast>(int, T1, T2, T4, T5, T6, T7)"
:stage.process:model.layers.1.self_attn.k_proj,PushPop,2429084,2431523,1,6,11968,1994.7,1664.0,1632,3680,825.7,"void at::native::vectorized_elementwise_kernel<(int)2, at::native::AUnaryFunctor<long, long, long, at::native::binary_internal::MulFunctor<long>>, std::array<char *, (unsigned long)2>>(int, T2, T3)"
:stage.process:model.layers.1.self_attn.k_proj,PushPop,2429084,2431523,1,3,11904,3968.0,4032.0,3520,4352,419.7,"void at::native::unrolled_elementwise_kernel<at::native::direct_copy_kernel_cuda(at::TensorIteratorBase &)::[lambda() (instance 3)]::operator ()() const::[lambda() (instance 3)]::operator ()() const::[lambda(int) (instance 1)], std::array<char *, (unsigned long)2>, (int)4, TrivialOffsetCalculator<(int)1, unsigned int>, TrivialOffsetCalculator<(int)1, unsigned int>, at::native::memory::LoadWithCast<(int)1>, at::native::memory::StoreWithCast<(int)1>>(int, T1, T2, T4, T5, T6, T7)"
:stage.process:model.layers.1.self_attn.k_proj,PushPop,2429084,2431523,1,6,10944,1824.0,1824.0,1824,1824,0.0,"void at::native::vectorized_elementwise_kernel<(int)4, at::native::FillFunctor<unsigned char>, std::array<char *, (unsigned long)1>>(int, T2, T3)"
:stage.process:model.layers.1.self_attn.k_proj,PushPop,2429084,2431523,1,3,10752,3584.0,3584.0,3488,3680,96.0,"void at::native::elementwise_kernel<(int)128, (int)2, void at::native::gpu_kernel_impl_nocast<at::native::direct_copy_kernel_cuda(at::TensorIteratorBase &)::[lambda() (instance 3)]::operator ()() const::[lambda() (instance 3)]::operator ()() const::[lambda(int) (instance 1)]>(at::TensorIteratorBase &, const T1 &)::[lambda(int) (instance 1)]>(int, T3)"
:stage.process:model.layers.1.self_attn.k_proj,PushPop,2429084,2431523,1,5,10560,2112.0,1760.0,1600,3808,950.9,"void at::native::vectorized_elementwise_kernel<(int)2, at::native::CUDAFunctorOnSelf_add<long>, std::array<char *, (unsigned long)2>>(int, T2, T3)"
:stage.process:model.layers.1.self_attn.k_proj,PushPop,2429084,2431523,1,3,10048,3349.3,3360.0,3328,3360,18.5,"void at::native::unrolled_elementwise_kernel<at::native::direct_copy_kernel_cuda(at::TensorIteratorBase &)::[lambda() (instance 3)]::operator ()() const::[lambda() (instance 1)]::operator ()() const::[lambda(unsigned char) (instance 1)], std::array<char *, (unsigned long)2>, (int)4, TrivialOffsetCalculator<(int)1, unsigned int>, TrivialOffsetCalculator<(int)1, unsigned int>, at::native::memory::LoadWithCast<(int)1>, at::native::memory::StoreWithCast<(int)1>>(int, T1, T2, T4, T5, T6, T7)"
:stage.process:model.layers.1.self_attn.k_proj,PushPop,2429084,2431523,1,2,8384,4192.0,4192.0,4096,4288,135.8,"void at::native::vectorized_elementwise_kernel<(int)2, at::native::BinaryFunctor<long, long, long, at::native::BitwiseOrFunctor<long>>, std::array<char *, (unsigned long)3>>(int, T2, T3)"
:stage.process:model.layers.1.self_attn.k_proj,PushPop,2429084,2431523,1,4,8032,2008.0,1984.0,1856,2208,146.4,"void at::native::vectorized_elementwise_kernel<(int)4, void at::native::compare_scalar_kernel<c10::Half>(at::TensorIteratorBase &, at::native::<unnamed>::OpType, T1)::[lambda(c10::Half) (instance 1)], std::array<char *, (unsigned long)2>>(int, T2, T3)"
:stage.process:model.layers.1.self_attn.k_proj,PushPop,2429084,2431523,1,1,7776,7776.0,7776.0,7776,7776,0.0,"void at::native::reduce_kernel<(int)128, (int)4, at::native::ReduceOp<long, at::native::func_wrapper_t<long, at::native::sum_functor<long, long, long>::operator ()(at::TensorIterator &)::[lambda(long, long) (instance 1)]>, unsigned int, long, (int)4, (int)4>>(T3)"
:stage.process:model.layers.1.self_attn.k_proj,PushPop,2429084,2431523,1,2,7648,3824.0,3824.0,3808,3840,22.6,"void at::native::vectorized_elementwise_kernel<(int)2, at::native::BUnaryFunctor<long, long, long, at::native::lshift_kernel_cuda(at::TensorIteratorBase &)::[lambda() (instance 1)]::operator ()() const::[lambda() (instance 4)]::operator ()() const::[lambda(long, long) (instance 1)]>, std::array<char *, (unsigned long)2>>(int, T2, T3)"
:stage.process:model.layers.1.self_attn.k_proj,PushPop,2429084,2431523,1,2,7360,3680.0,3680.0,3584,3776,135.8,"void at::native::vectorized_elementwise_kernel<(int)2, at::native::BUnaryFunctor<long, long, long, at::native::binary_internal::div_floor_kernel_cuda(at::TensorIteratorBase &)::[lambda() (instance 1)]::operator ()() const::[lambda() (instance 4)]::operator ()() const::[lambda(long, long) (instance 1)]>, std::array<char *, (unsigned long)2>>(int, T2, T3)"
:stage.process:model.layers.1.self_attn.k_proj,PushPop,2429084,2431523,1,3,7328,2442.7,2432.0,2368,2528,80.5,"void at::native::vectorized_elementwise_kernel<(int)4, at::native::AUnaryFunctor<unsigned char, unsigned char, bool, at::native::<unnamed>::CompareEqFunctor<unsigned char>>, std::array<char *, (unsigned long)2>>(int, T2, T3)"
:stage.process:model.layers.1.self_attn.k_proj,PushPop,2429084,2431523,1,4,7008,1752.0,1744.0,1696,1824,54.7,"void at::native::vectorized_elementwise_kernel<(int)4, at::native::FillFunctor<bool>, std::array<char *, (unsigned long)1>>(int, T2, T3)"
:stage.process:model.layers.1.self_attn.k_proj,PushPop,2429084,2431523,1,2,6528,3264.0,3264.0,3168,3360,135.8,"void at::native::elementwise_kernel<(int)128, (int)2, void at::native::gpu_kernel_impl_nocast<at::native::AbsFunctor<float>>(at::TensorIteratorBase &, const T1 &)::[lambda(int) (instance 1)]>(int, T3)"
:stage.process:model.layers.1.self_attn.k_proj,PushPop,2429084,2431523,1,1,6144,6144.0,6144.0,6144,6144,0.0,"void at::native::elementwise_kernel<(int)128, (int)2, void at::native::gpu_kernel_impl_nocast<at::native::BinaryFunctor<float, float, float, at::native::binary_internal::DivFunctor<float>>>(at::TensorIteratorBase &, const T1 &)::[lambda(int) (instance 1)]>(int, T3)"
:stage.process:model.layers.1.self_attn.k_proj,PushPop,2429084,2431523,1,2,6144,3072.0,3072.0,3072,3072,0.0,"void at::native::elementwise_kernel<(int)128, (int)2, void at::native::gpu_kernel_impl_nocast<at::native::CUDAFunctor_add<long>>(at::TensorIteratorBase &, const T1 &)::[lambda(int) (instance 1)]>(int, T3)"
:stage.process:model.layers.1.self_attn.k_proj,PushPop,2429084,2431523,1,1,5824,5824.0,5824.0,5824,5824,0.0,"void at::native::vectorized_elementwise_kernel<(int)4, void at::native::<unnamed>::pow_tensor_scalar_kernel_impl<float, float>(at::TensorIteratorBase &, T2)::[lambda(float) (instance 1)], std::array<char *, (unsigned long)2>>(int, T2, T3)"
:stage.process:model.layers.1.self_attn.k_proj,PushPop,2429084,2431523,1,3,5632,1877.3,1792.0,1664,2176,266.5,"void at::native::vectorized_elementwise_kernel<(int)4, at::native::BinaryFunctor<float, float, float, at::native::maximum_kernel_cuda(at::TensorIteratorBase &)::[lambda() (instance 2)]::operator ()() const::[lambda() (instance 2)]::operator ()() const::[lambda(float, float) (instance 1)]>, std::array<char *, (unsigned long)3>>(int, T2, T3)"
:stage.process:model.layers.1.self_attn.k_proj,PushPop,2429084,2431523,1,3,4992,1664.0,1728.0,1408,1856,230.8,"xxtrf4_set_info_ker(int, int *)"
:stage.process:model.layers.1.self_attn.k_proj,PushPop,2429084,2431523,1,2,4672,2336.0,2336.0,2272,2400,90.5,"void at::native::vectorized_elementwise_kernel<(int)2, at::native::CUDAFunctorOnOther_add<long>, std::array<char *, (unsigned long)2>>(int, T2, T3)"
:stage.process:model.layers.1.self_attn.k_proj,PushPop,2429084,2431523,1,1,4480,4480.0,4480.0,4480,4480,0.0,"void at::native::vectorized_elementwise_kernel<(int)4, at::native::float16_copy_kernel_cuda(at::TensorIteratorBase &)::[lambda(float) (instance 1)], std::array<char *, (unsigned long)2>>(int, T2, T3)"
:stage.process:model.layers.1.self_attn.k_proj,PushPop,2429084,2431523,1,1,4352,4352.0,4352.0,4352,4352,0.0,"void at::native::<unnamed>::CatArrayBatchedCopy_vectorized<at::native::<unnamed>::OpaqueType<(unsigned int)2>, unsigned int, (int)1, (int)128, (int)1, (int)16, (int)8>(char *, at::native::<unnamed>::CatArrInputTensorMetadata<T1, T2, T4, T5>, at::native::<unnamed>::TensorSizeStride<T2, (unsigned int)4>, int, T2)"
:stage.process:model.layers.1.self_attn.k_proj,PushPop,2429084,2431523,1,1,2624,2624.0,2624.0,2624,2624,0.0,"void at::native::vectorized_elementwise_kernel<(int)4, at::native::BinaryFunctor<unsigned char, unsigned char, bool, at::native::<unnamed>::CompareEqFunctor<unsigned char>>, std::array<char *, (unsigned long)3>>(int, T2, T3)"
:stage.process:model.layers.1.self_attn.k_proj,PushPop,2429084,2431523,1,1,2496,2496.0,2496.0,2496,2496,0.0,"void at::native::vectorized_elementwise_kernel<(int)4, at::native::AUnaryFunctor<unsigned char, unsigned char, unsigned char, at::native::binary_internal::MulFunctor<unsigned char>>, std::array<char *, (unsigned long)2>>(int, T2, T3)"
:stage.process:model.layers.1.self_attn.k_proj,PushPop,2429084,2431523,1,1,2240,2240.0,2240.0,2240,2240,0.0,"void at::native::unrolled_elementwise_kernel<at::native::direct_copy_kernel_cuda(at::TensorIteratorBase &)::[lambda() (instance 3)]::operator ()() const::[lambda() (instance 11)]::operator ()() const::[lambda(bool) (instance 1)], std::array<char *, (unsigned long)2>, (int)4, TrivialOffsetCalculator<(int)1, unsigned int>, TrivialOffsetCalculator<(int)1, unsigned int>, at::native::memory::LoadWithCast<(int)1>, at::native::memory::StoreWithCast<(int)1>>(int, T1, T2, T4, T5, T6, T7)"
:stage.process:model.layers.1.self_attn.k_proj,PushPop,2429084,2431523,1,1,2080,2080.0,2080.0,2080,2080,0.0,"void at::native::unrolled_elementwise_kernel<at::native::<unnamed>::CompareFunctor<c10::Half>, std::array<char *, (unsigned long)3>, (int)4, TrivialOffsetCalculator<(int)2, unsigned int>, TrivialOffsetCalculator<(int)1, unsigned int>, at::native::memory::LoadWithoutCast, at::native::memory::StoreWithoutCast>(int, T1, T2, T4, T5, T6, T7)"
:stage.process:model.layers.1.self_attn.k_proj,PushPop,2429084,2431523,1,1,1984,1984.0,1984.0,1984,1984,0.0,"void at::native::vectorized_elementwise_kernel<(int)4, at::native::sqrt_kernel_cuda(at::TensorIteratorBase &)::[lambda() (instance 2)]::operator ()() const::[lambda() (instance 2)]::operator ()() const::[lambda(float) (instance 1)], std::array<char *, (unsigned long)2>>(int, T2, T3)"
:stage.process:model.layers.1.self_attn.k_proj,PushPop,2429084,2431523,1,1,1792,1792.0,1792.0,1792,1792,0.0,"void at::native::vectorized_elementwise_kernel<(int)4, at::native::<unnamed>::launch_clamp_scalar(at::TensorIteratorBase &, c10::Scalar, c10::Scalar, at::native::detail::ClampLimits)::[lambda() (instance 1)]::operator ()() const::[lambda() (instance 7)]::operator ()() const::[lambda(float) (instance 1)], std::array<char *, (unsigned long)2>>(int, T2, T3)"
:stage.process:model.layers.1.self_attn.o_proj,PushPop,2429084,2431523,1,1318,2391482019,1814478.0,1264051.0,1221410,4138313,1132637.4,void <unnamed>::qvq_fused_w2_family_grid_kernel<(bool)0>(<unnamed>::FusedSequenceArgs)
:stage.process:model.layers.1.self_attn.o_proj,PushPop,2429084,2431523,1,766,1439644797,1879431.8,1427107.5,1356419,2848422,650183.3,"void <unnamed>::qvq_viterbi_kernel<(int)4, (int)2, __half, unsigned char>(const float *, const T3 *, const float *, const long *, const float *, T4 *, long *, float *, int, int, int, bool, bool, bool)"
:stage.process:model.layers.1.self_attn.o_proj,PushPop,2429084,2431523,1,3744,542260153,144834.4,144960.0,133120,154945,3979.5,"void <unnamed>::qvq_v2_segment_grid_kernel<(int)4, (int)2, (int)16, (bool)1, (bool)0, __half, unsigned char>(const float *, const T6 *, const float *, const long *, const float *, const float *, float *, T7 *, unsigned char *, int, int, int, bool, bool)"
:stage.process:model.layers.1.self_attn.o_proj,PushPop,2429084,2431523,1,694,403219334,581007.7,575809.0,307649,875522,162730.7,ampere_sgemm_64x32_sliced1x4_nt
:stage.process:model.layers.1.self_attn.o_proj,PushPop,2429084,2431523,1,1318,116028370,88033.7,87424.5,70369,105248,8943.5,"<unnamed>::qvq_fused_w2_traceback_kernel(const unsigned char *, const unsigned char *, const int *, long *, unsigned char *, int)"
:stage.process:model.layers.1.self_attn.o_proj,PushPop,2429084,2431523,1,4080,71607308,17550.8,8224.0,4704,50688,13333.5,"void at::native::index_elementwise_kernel<(int)128, (int)4, void at::native::gpu_index_kernel<void at::native::index_kernel_impl<at::native::OpaqueType<(int)4>>(at::TensorIteratorBase &, c10::ArrayRef<long>, c10::ArrayRef<long>)::[lambda(char *, const char *, long) (instance 1)]>(at::TensorIteratorBase &, c10::ArrayRef<long>, c10::ArrayRef<long>, const T1 &, bool)::[lambda(int) (instance 1)]>(long, T3)"
:stage.process:model.layers.1.self_attn.o_proj,PushPop,2429084,2431523,1,288,51188684,177738.5,178016.5,59072,295649,69922.5,void cutlass::Kernel2<cutlass_80_simt_sgemm_128x32_8x5_nt_align1>(T1::Params)
:stage.process:model.layers.1.self_attn.o_proj,PushPop,2429084,2431523,1,468,36646093,78303.6,77760.0,67744,90816,4442.7,"void <unnamed>::qvq_v2_segment_grid_finalize_kernel<(int)4, (int)2, (int)16, (bool)0, __half, unsigned char>(const float *, const T5 *, const float *, const long *, const float *, const float *, const T6 *, const unsigned char *, long *, unsigned char *, float *, int, int, bool, bool)"
:stage.process:model.layers.1.self_attn.o_proj,PushPop,2429084,2431523,1,996,29986032,30106.5,30128.0,4288,61152,15644.5,"void gemmSN_NN_kernel<float, (int)128, (int)2, (int)4, (int)8, (int)4, (int)4, (bool)0, cublasGemvTensorStridedBatched<const float>, cublasGemvTensorStridedBatched<const float>, cublasGemvTensorStridedBatched<float>>(cublasGemmSmallNParams<T9, T10, T11, T1>)"
:stage.process:model.layers.1.self_attn.o_proj,PushPop,2429084,2431523,1,50,20594253,411885.1,20752.0,15872,851330,413501.0,ampere_sgemm_128x32_nn
:stage.process:model.layers.1.self_attn.o_proj,PushPop,2429084,2431523,1,2964,18923717,6384.5,6944.0,2560,11744,1739.4,"void at::native::reduce_kernel<(int)512, (int)1, at::native::ReduceOp<bool, at::native::func_wrapper_t<bool, at::native::and_kernel_cuda(at::TensorIterator &)::[lambda() (instance 1)]::operator ()() const::[lambda() (instance 12)]::operator ()() const::[lambda(bool, bool) (instance 1)]>, unsigned int, bool, (int)4, (int)4>>(T3)"
:stage.process:model.layers.1.self_attn.o_proj,PushPop,2429084,2431523,1,1318,15650138,11874.2,13280.0,9152,14752,2167.1,"<unnamed>::qvq_fused_detect_family_mask_kernel(const unsigned int *, int *)"
:stage.process:model.layers.1.self_attn.o_proj,PushPop,2429084,2431523,1,2040,13564668,6649.3,6688.0,3488,7456,381.0,"void at::native::index_elementwise_kernel<(int)128, (int)4, void at::native::gpu_index_kernel<void at::native::index_put_kernel_impl<at::native::OpaqueType<(int)4>>(at::TensorIterator &, c10::ArrayRef<long>, c10::ArrayRef<long>)::[lambda(char *, const char *, long) (instance 1)]>(at::TensorIteratorBase &, c10::ArrayRef<long>, c10::ArrayRef<long>, const T1 &, bool)::[lambda(int) (instance 1)]>(long, T3)"
:stage.process:model.layers.1.self_attn.o_proj,PushPop,2429084,2431523,1,1405,12374836,8807.7,8384.0,4352,33952,1407.3,"void at::native::index_elementwise_kernel<(int)128, (int)4, void at::native::gpu_index_kernel<void at::native::index_kernel_impl<at::native::OpaqueType<(int)2>>(at::TensorIteratorBase &, c10::ArrayRef<long>, c10::ArrayRef<long>)::[lambda(char *, const char *, long) (instance 1)]>(at::TensorIteratorBase &, c10::ArrayRef<long>, c10::ArrayRef<long>, const T1 &, bool)::[lambda(int) (instance 1)]>(long, T3)"
:stage.process:model.layers.1.self_attn.o_proj,PushPop,2429084,2431523,1,1788,11851158,6628.2,7280.0,3168,8576,1392.8,"void at::native::reduce_kernel<(int)512, (int)1, at::native::ReduceOp<float, at::native::func_wrapper_t<float, at::native::MaxNanFunctor<float>>, unsigned int, float, (int)4, (int)4>>(T3)"
:stage.process:model.layers.1.self_attn.o_proj,PushPop,2429084,2431523,1,2241,8720818,3891.5,3200.0,2112,55360,4823.7,"void at::native::elementwise_kernel<(int)128, (int)2, void at::native::gpu_kernel_impl_nocast<at::native::direct_copy_kernel_cuda(at::TensorIteratorBase &)::[lambda() (instance 3)]::operator ()() const::[lambda() (instance 7)]::operator ()() const::[lambda(float) (instance 1)]>(at::TensorIteratorBase &, const T1 &)::[lambda(int) (instance 1)]>(int, T3)"
:stage.process:model.layers.1.self_attn.o_proj,PushPop,2429084,2431523,1,3611,7737942,2142.9,2048.0,1536,18112,819.7,"void at::native::vectorized_elementwise_kernel<(int)4, at::native::AbsFunctor<float>, std::array<char *, (unsigned long)2>>(int, T2, T3)"
:stage.process:model.layers.1.self_attn.o_proj,PushPop,2429084,2431523,1,1020,7089705,6950.7,7072.0,3584,7392,442.2,"void at::native::index_elementwise_kernel<(int)128, (int)4, void at::native::gpu_index_kernel<void at::native::index_put_kernel_impl<at::native::OpaqueType<(int)8>>(at::TensorIterator &, c10::ArrayRef<long>, c10::ArrayRef<long>)::[lambda(char *, const char *, long) (instance 1)]>(at::TensorIteratorBase &, c10::ArrayRef<long>, c10::ArrayRef<long>, const T1 &, bool)::[lambda(int) (instance 1)]>(long, T3)"
:stage.process:model.layers.1.self_attn.o_proj,PushPop,2429084,2431523,1,772,6040298,7824.2,7808.0,7424,8704,147.1,"void at::native::reduce_kernel<(int)512, (int)1, at::native::ReduceOp<c10::Half, at::native::func_wrapper_t<c10::Half, at::native::MaxNanFunctor<c10::Half>>, unsigned int, c10::Half, (int)4, (int)4>>(T3)"
:stage.process:model.layers.1.self_attn.o_proj,PushPop,2429084,2431523,1,2593,5566310,2146.7,2080.0,1632,6624,321.6,"void at::native::vectorized_elementwise_kernel<(int)4, at::native::BinaryFunctor<bool, bool, bool, at::native::binary_internal::MulFunctor<bool>>, std::array<char *, (unsigned long)3>>(int, T2, T3)"
:stage.process:model.layers.1.self_attn.o_proj,PushPop,2429084,2431523,1,177,5452043,30802.5,26752.0,4000,71072,22162.3,"void gemmSN_NN_kernel<float, (int)256, (int)4, (int)2, (int)8, (int)4, (int)4, (bool)0, cublasGemvTensorStridedBatched<const float>, cublasGemvTensorStridedBatched<const float>, cublasGemvTensorStridedBatched<float>>(cublasGemmSmallNParams<T9, T10, T11, T1>)"
:stage.process:model.layers.1.self_attn.o_proj,PushPop,2429084,2431523,1,1285,5147079,4005.5,3936.0,2560,19328,620.5,"void at::native::unrolled_elementwise_kernel<at::native::direct_copy_kernel_cuda(at::TensorIteratorBase &)::[lambda() (instance 3)]::operator ()() const::[lambda() (instance 7)]::operator ()() const::[lambda(float) (instance 1)], std::array<char *, (unsigned long)2>, (int)4, TrivialOffsetCalculator<(int)1, unsigned int>, TrivialOffsetCalculator<(int)1, unsigned int>, at::native::memory::LoadWithCast<(int)1>, at::native::memory::StoreWithCast<(int)1>>(int, T1, T2, T4, T5, T6, T7)"
:stage.process:model.layers.1.self_attn.o_proj,PushPop,2429084,2431523,1,765,4805802,6282.1,6624.0,3360,8480,1191.5,"void at::native::index_elementwise_kernel<(int)128, (int)4, void at::native::gpu_index_kernel<void at::native::index_put_kernel_impl<at::native::OpaqueType<(int)1>>(at::TensorIterator &, c10::ArrayRef<long>, c10::ArrayRef<long>)::[lambda(char *, const char *, long) (instance 1)]>(at::TensorIteratorBase &, c10::ArrayRef<long>, c10::ArrayRef<long>, const T1 &, bool)::[lambda(int) (instance 1)]>(long, T3)"
:stage.process:model.layers.1.self_attn.o_proj,PushPop,2429084,2431523,1,5,4643561,928712.2,924962.0,923138,945505,9433.6,ampere_sgemm_128x32_tn
:stage.process:model.layers.1.self_attn.o_proj,PushPop,2429084,2431523,1,1824,3977029,2180.4,2112.0,1504,16800,961.7,"void at::native::vectorized_elementwise_kernel<(int)4, at::native::BinaryFunctor<float, float, bool, at::native::<unnamed>::CompareEqFunctor<float>>, std::array<char *, (unsigned long)3>>(int, T2, T3)"
:stage.process:model.layers.1.self_attn.o_proj,PushPop,2429084,2431523,1,1823,3852615,2113.3,2080.0,1504,6752,358.2,"void at::native::vectorized_elementwise_kernel<(int)4, at::native::AUnaryFunctor<float, float, bool, at::native::<unnamed>::CompareEqFunctor<float>>, std::array<char *, (unsigned long)2>>(int, T2, T3)"
:stage.process:model.layers.1.self_attn.o_proj,PushPop,2429084,2431523,1,2044,3760550,1839.8,1824.0,1536,2208,102.0,"void at::native::vectorized_elementwise_kernel<(int)4, at::native::BinaryFunctor<bool, bool, bool, at::native::logical_or_kernel_cuda(at::TensorIterator &)::[lambda() (instance 2)]::operator ()() const::[lambda() (instance 9)]::operator ()() const::[lambda(bool, bool) (instance 1)]>, std::array<char *, (unsigned long)3>>(int, T2, T3)"
:stage.process:model.layers.1.self_attn.o_proj,PushPop,2429084,2431523,1,1150,3707298,3223.7,3232.0,1888,24160,649.6,"void at::native::elementwise_kernel<(int)128, (int)2, void at::native::gpu_kernel_impl_nocast<at::native::direct_copy_kernel_cuda(at::TensorIteratorBase &)::[lambda() (instance 3)]::operator ()() const::[lambda() (instance 4)]::operator ()() const::[lambda(long) (instance 1)]>(at::TensorIteratorBase &, const T1 &)::[lambda(int) (instance 1)]>(int, T3)"
:stage.process:model.layers.1.self_attn.o_proj,PushPop,2429084,2431523,1,1542,3421446,2218.8,2144.0,1824,3040,188.3,"void at::native::vectorized_elementwise_kernel<(int)4, at::native::AbsFunctor<c10::Half>, std::array<char *, (unsigned long)2>>(int, T2, T3)"
:stage.process:model.layers.1.self_attn.o_proj,PushPop,2429084,2431523,1,1268,3234121,2550.6,2528.0,1824,3360,345.7,"void at::native::elementwise_kernel<(int)128, (int)2, void at::native::gpu_kernel_impl_nocast<at::native::AUnaryFunctor<long, long, long, at::native::BitwiseAndFunctor<long>>>(at::TensorIteratorBase &, const T1 &)::[lambda(int) (instance 1)]>(int, T3)"
:stage.process:model.layers.1.self_attn.o_proj,PushPop,2429084,2431523,1,429,3233030,7536.2,4256.0,3168,47680,4898.7,"void at::native::elementwise_kernel<(int)128, (int)2, void at::native::gpu_kernel_impl_nocast<at::native::CUDAFunctor_add<float>>(at::TensorIteratorBase &, const T1 &)::[lambda(int) (instance 1)]>(int, T3)"
:stage.process:model.layers.1.self_attn.o_proj,PushPop,2429084,2431523,1,1276,3231176,2532.3,2464.0,1760,3232,202.5,"void at::native::roll_cuda_kernel<float>(const T1 *, T1 *, long, long, long, long, long, long)"
:stage.process:model.layers.1.self_attn.o_proj,PushPop,2429084,2431523,1,1234,3221254,2610.4,2688.0,2176,3264,269.2,"<unnamed>::qvq_half2_codebook_norm_pack_kernel(const __half *, unsigned long *, int)"
:stage.process:model.layers.1.self_attn.o_proj,PushPop,2429084,2431523,1,1176,3151750,2680.1,2208.0,1504,27488,2998.3,"void at::native::vectorized_elementwise_kernel<(int)4, at::native::CUDAFunctor_add<float>, std::array<char *, (unsigned long)3>>(int, T2, T3)"
:stage.process:model.layers.1.self_attn.o_proj,PushPop,2429084,2431523,1,378,3115783,8242.8,8256.0,7872,8416,68.3,"void batch_trsm_left_kernel<float, (int)64, (int)4, (int)3, (bool)0, (bool)0, (bool)1>(cublasTrsmBatchParams2<T1>, T1, const T1 *, int)"
:stage.process:model.layers.1.self_attn.o_proj,PushPop,2429084,2431523,1,3,2769605,923201.7,923234.0,922401,923970,785.0,"void kernel<getrf_wo_pivot_params_<float, (int)0, (int)256, (int)1, (int)64, (int)64, (int)68, (int)8, (int)1, (int)1>>(int, int, void *, int, void *, int, int, int, int, int, int *)"
:stage.process:model.layers.1.self_attn.o_proj,PushPop,2429084,2431523,1,901,2704394,3001.5,3104.0,1760,11648,630.0,"void at::native::unrolled_elementwise_kernel<at::native::direct_copy_kernel_cuda(at::TensorIteratorBase &)::[lambda() (instance 3)]::operator ()() const::[lambda() (instance 4)]::operator ()() const::[lambda(long) (instance 1)], std::array<char *, (unsigned long)2>, (int)4, TrivialOffsetCalculator<(int)1, unsigned int>, TrivialOffsetCalculator<(int)1, unsigned int>, at::native::memory::LoadWithCast<(int)1>, at::native::memory::StoreWithCast<(int)1>>(int, T1, T2, T4, T5, T6, T7)"
:stage.process:model.layers.1.self_attn.o_proj,PushPop,2429084,2431523,1,1534,2663172,1736.1,1696.0,1568,2176,112.9,"void at::native::vectorized_elementwise_kernel<(int)4, void at::native::compare_scalar_kernel<float>(at::TensorIteratorBase &, at::native::<unnamed>::OpType, T1)::[lambda(float) (instance 1)], std::array<char *, (unsigned long)2>>(int, T2, T3)"
:stage.process:model.layers.1.self_attn.o_proj,PushPop,2429084,2431523,1,400,2329860,5824.6,4032.0,4000,53568,8862.9,ampere_sgemm_32x128_nt
:stage.process:model.layers.1.self_attn.o_proj,PushPop,2429084,2431523,1,1020,1963779,1925.3,1920.0,1632,2304,102.5,"void at::native::vectorized_elementwise_kernel<(int)4, at::native::bitwise_not_kernel_cuda(at::TensorIteratorBase &)::[lambda(bool) (instance 1)], std::array<char *, (unsigned long)2>>(int, T2, T3)"
:stage.process:model.layers.1.self_attn.o_proj,PushPop,2429084,2431523,1,1318,1893348,1436.5,1440.0,1312,1632,90.7,"void at::native::vectorized_elementwise_kernel<(int)4, at::native::FillFunctor<int>, std::array<char *, (unsigned long)1>>(int, T2, T3)"
:stage.process:model.layers.1.self_attn.o_proj,PushPop,2429084,2431523,1,770,1746178,2267.8,2240.0,1760,2368,42.4,"void at::native::vectorized_elementwise_kernel<(int)4, at::native::BinaryFunctor<c10::Half, c10::Half, bool, at::native::<unnamed>::CompareEqFunctor<c10::Half>>, std::array<char *, (unsigned long)3>>(int, T2, T3)"
:stage.process:model.layers.1.self_attn.o_proj,PushPop,2429084,2431523,1,770,1727941,2244.1,2240.0,1728,2336,37.6,"void at::native::vectorized_elementwise_kernel<(int)4, at::native::AUnaryFunctor<c10::Half, c10::Half, bool, at::native::<unnamed>::CompareEqFunctor<c10::Half>>, std::array<char *, (unsigned long)2>>(int, T2, T3)"
:stage.process:model.layers.1.self_attn.o_proj,PushPop,2429084,2431523,1,1022,1444962,1413.9,1440.0,1312,7040,250.0,"void at::native::vectorized_elementwise_kernel<(int)2, at::native::FillFunctor<long>, std::array<char *, (unsigned long)1>>(int, T2, T3)"
:stage.process:model.layers.1.self_attn.o_proj,PushPop,2429084,2431523,1,782,1441894,1843.9,1760.0,1728,12320,549.5,"void at::native::vectorized_elementwise_kernel<(int)4, void at::native::compare_scalar_kernel<long>(at::TensorIteratorBase &, at::native::<unnamed>::OpType, T1)::[lambda(long) (instance 1)], std::array<char *, (unsigned long)2>>(int, T2, T3)"
:stage.process:model.layers.1.self_attn.o_proj,PushPop,2429084,2431523,1,512,1364769,2665.6,2656.0,2400,2944,115.9,"void at::native::unrolled_elementwise_kernel<at::native::BinaryFunctor<float, float, float, at::native::maximum_kernel_cuda(at::TensorIteratorBase &)::[lambda() (instance 2)]::operator ()() const::[lambda() (instance 2)]::operator ()() const::[lambda(float, float) (instance 1)]>, std::array<char *, (unsigned long)3>, (int)4, TrivialOffsetCalculator<(int)2, unsigned int>, TrivialOffsetCalculator<(int)1, unsigned int>, at::native::memory::LoadWithCast<(int)2>, at::native::memory::StoreWithCast<(int)1>>(int, T1, T2, T4, T5, T6, T7)"
:stage.process:model.layers.1.self_attn.o_proj,PushPop,2429084,2431523,1,779,1059009,1359.4,1376.0,1248,2048,73.1,"void <unnamed>::elementwise_kernel_with_index<int, at::native::arange_cuda_out(const c10::Scalar &, const c10::Scalar &, const c10::Scalar &, at::Tensor &)::[lambda() (instance 1)]::operator ()() const::[lambda() (instance 4)]::operator ()() const::[lambda(long) (instance 1)]>(T1, T2, function_traits<T2>::result_type *)"
:stage.process:model.layers.1.self_attn.o_proj,PushPop,2429084,2431523,1,256,1052290,4110.5,4064.5,3904,4384,173.8,"void at::native::elementwise_kernel<(int)128, (int)4, void at::native::gpu_kernel_impl_nocast<at::native::direct_copy_kernel_cuda(at::TensorIteratorBase &)::[lambda() (instance 3)]::operator ()() const::[lambda() (instance 10)]::operator ()() const::[lambda(c10::Half) (instance 1)]>(at::TensorIteratorBase &, const T1 &)::[lambda(int) (instance 1)]>(int, T3)"
:stage.process:model.layers.1.self_attn.o_proj,PushPop,2429084,2431523,1,32,947073,29596.0,29776.0,19680,39936,6977.7,ampere_sgemm_128x32_nt
:stage.process:model.layers.1.self_attn.o_proj,PushPop,2429084,2431523,1,263,946402,3598.5,3456.0,3136,10240,942.4,"void at::native::reduce_kernel<(int)512, (int)1, at::native::ReduceOp<bool, at::native::func_wrapper_t<bool, at::native::or_kernel_cuda(at::TensorIterator &)::[lambda() (instance 1)]::operator ()() const::[lambda() (instance 12)]::operator ()() const::[lambda(bool, bool) (instance 1)]>, unsigned int, bool, (int)4, (int)4>>(T3)"
:stage.process:model.layers.1.self_attn.o_proj,PushPop,2429084,2431523,1,43,853923,19858.7,19648.0,17792,23008,1547.6,ampere_sgemm_128x32_sliced1x4_nn
:stage.process:model.layers.1.self_attn.o_proj,PushPop,2429084,2431523,1,128,703489,5496.0,5504.0,5248,5952,121.8,"void at::native::unrolled_elementwise_kernel<at::native::CUDAFunctor_add<float>, std::array<char *, (unsigned long)3>, (int)4, TrivialOffsetCalculator<(int)2, unsigned int>, TrivialOffsetCalculator<(int)1, unsigned int>, at::native::memory::LoadWithCast<(int)2>, at::native::memory::StoreWithCast<(int)1>>(int, T1, T2, T4, T5, T6, T7)"
:stage.process:model.layers.1.self_attn.o_proj,PushPop,2429084,2431523,1,3,665216,221738.7,329888.0,5280,330048,187458.7,"void at::native::reduce_kernel<(int)512, (int)1, at::native::ReduceOp<long, at::native::func_wrapper_t<long, at::native::sum_functor<long, long, long>::operator ()(at::TensorIterator &)::[lambda(long, long) (instance 1)]>, unsigned int, long, (int)4, (int)4>>(T3)"
:stage.process:model.layers.1.self_attn.o_proj,PushPop,2429084,2431523,1,11,591073,53733.9,10336.0,3232,260736,101423.5,"void at::native::vectorized_elementwise_kernel<(int)2, at::native::AUnaryFunctor<long, long, long, at::native::BitwiseAndFunctor<long>>, std::array<char *, (unsigned long)2>>(int, T2, T3)"
:stage.process:model.layers.1.self_attn.o_proj,PushPop,2429084,2431523,1,4,555426,138856.5,140432.5,3776,270785,151286.8,"void at::native::elementwise_kernel<(int)128, (int)2, void at::native::gpu_kernel_impl_nocast<at::native::BinaryFunctor<long, long, long, at::native::lshift_kernel_cuda(at::TensorIteratorBase &)::[lambda() (instance 1)]::operator ()() const::[lambda() (instance 4)]::operator ()() const::[lambda(long, long) (instance 1)]>>(at::TensorIteratorBase &, const T1 &)::[lambda(int) (instance 1)]>(int, T3)"
:stage.process:model.layers.1.self_attn.o_proj,PushPop,2429084,2431523,1,4,539585,134896.3,134704.0,11232,258945,142777.1,"void at::native::elementwise_kernel<(int)128, (int)2, void at::native::gpu_kernel_impl_nocast<at::native::BinaryFunctor<long, long, long, at::native::rshift_kernel_cuda(at::TensorIteratorBase &)::[lambda() (instance 1)]::operator ()() const::[lambda() (instance 4)]::operator ()() const::[lambda(long, long) (instance 1)]>>(at::TensorIteratorBase &, const T1 &)::[lambda(int) (instance 1)]>(int, T3)"
:stage.process:model.layers.1.self_attn.o_proj,PushPop,2429084,2431523,1,129,519841,4029.8,4000.0,3904,7232,285.9,"void at::native::elementwise_kernel<(int)128, (int)4, void at::native::gpu_kernel_impl_nocast<at::native::direct_copy_kernel_cuda(at::TensorIteratorBase &)::[lambda() (instance 3)]::operator ()() const::[lambda() (instance 1)]::operator ()() const::[lambda(unsigned char) (instance 1)]>(at::TensorIteratorBase &, const T1 &)::[lambda(int) (instance 1)]>(int, T3)"
:stage.process:model.layers.1.self_attn.o_proj,PushPop,2429084,2431523,1,113,506786,4484.8,3360.0,2880,15776,3451.8,"void cublasLt::splitKreduce_kernel<(int)32, (int)16, int, float, float, float, float, (bool)0, float, float, float, (bool)1, (bool)0, (bool)0, (bool)0>(cublasLt::cublasSplitKParams<T6>, const T4 *, const T10 *, T9 *, T5 *, const T6 *, const T6 *, const T11 *, const T4 *, T11 *, void *, long, T6 *, int *, T6 *, T6 *, const T6 *, const T6 *, const T6 *, const T6 *, const T6 *)"
:stage.process:model.layers.1.self_attn.o_proj,PushPop,2429084,2431523,1,3,470113,156704.3,225505.0,18048,226560,120081.1,"void at::native::index_elementwise_kernel<(int)128, (int)4, void at::native::gpu_index_kernel<void at::native::index_kernel_impl<at::native::OpaqueType<(int)8>>(at::TensorIteratorBase &, c10::ArrayRef<long>, c10::ArrayRef<long>)::[lambda(char *, const char *, long) (instance 1)]>(at::TensorIteratorBase &, c10::ArrayRef<long>, c10::ArrayRef<long>, const T1 &, bool)::[lambda(int) (instance 1)]>(long, T3)"
:stage.process:model.layers.1.self_attn.o_proj,PushPop,2429084,2431523,1,263,461665,1755.4,1728.0,1696,3744,252.2,"void at::native::vectorized_elementwise_kernel<(int)4, at::native::BinaryFunctor<bool, bool, bool, at::native::BitwiseOrFunctor<bool>>, std::array<char *, (unsigned long)3>>(int, T2, T3)"
:stage.process:model.layers.1.self_attn.o_proj,PushPop,2429084,2431523,1,16,325506,20344.1,20256.0,20032,20992,282.4,"void at::native::<unnamed>::CatArrayBatchedCopy<at::native::<unnamed>::OpaqueType<(unsigned int)4>, unsigned int, (int)2, (int)64, (int)64>(T1 *, at::native::<unnamed>::CatArrInputTensorMetadata<T1, T2, T4, T5>, at::native::<unnamed>::TensorSizeStride<T2, (unsigned int)4>, int, T2)"
:stage.process:model.layers.1.self_attn.o_proj,PushPop,2429084,2431523,1,132,315201,2387.9,1792.0,1760,22176,3394.1,"void at::native::vectorized_elementwise_kernel<(int)4, at::native::BinaryFunctor<long, long, bool, at::native::<unnamed>::CompareEqFunctor<long>>, std::array<char *, (unsigned long)3>>(int, T2, T3)"
:stage.process:model.layers.1.self_attn.o_proj,PushPop,2429084,2431523,1,128,280128,2188.5,2176.0,2144,2208,16.2,"void at::native::elementwise_kernel<(int)128, (int)2, void at::native::gpu_kernel_impl_nocast<at::native::BUnaryFunctor<long, long, long, at::native::rshift_kernel_cuda(at::TensorIteratorBase &)::[lambda() (instance 1)]::operator ()() const::[lambda() (instance 4)]::operator ()() const::[lambda(long, long) (instance 1)]>>(at::TensorIteratorBase &, const T1 &)::[lambda(int) (instance 1)]>(int, T3)"
:stage.process:model.layers.1.self_attn.o_proj,PushPop,2429084,2431523,1,17,233664,13744.9,14752.0,10944,15168,1383.2,ampere_sgemm_64x32_sliced1x4_nn
:stage.process:model.layers.1.self_attn.o_proj,PushPop,2429084,2431523,1,10,215265,21526.5,21568.0,21216,21792,181.1,"std::enable_if<!T7, void>::type internal::gemvx::kernel<int, int, float, float, float, float, (bool)0, (bool)1, (bool)1, (bool)0, (int)7, (bool)0, cublasGemvParamsEx<int, cublasGemvTensorStridedBatched<const float>, cublasGemvTensorStridedBatched<const float>, cublasGemvTensorStridedBatched<float>, float>>(T13)"
:stage.process:model.layers.1.self_attn.o_proj,PushPop,2429084,2431523,1,10,203200,20320.0,18080.0,3424,48544,11119.7,"void at::native::elementwise_kernel<(int)128, (int)2, void at::native::gpu_kernel_impl_nocast<at::native::BinaryFunctor<float, float, float, at::native::binary_internal::MulFunctor<float>>>(at::TensorIteratorBase &, const T1 &)::[lambda(int) (instance 1)]>(int, T3)"
:stage.process:model.layers.1.self_attn.o_proj,PushPop,2429084,2431523,1,9,176288,19587.6,19648.0,19136,20096,288.2,"void at::native::vectorized_elementwise_kernel<(int)4, at::native::BinaryFunctor<float, float, float, at::native::binary_internal::MulFunctor<float>>, std::array<char *, (unsigned long)3>>(int, T2, T3)"
:stage.process:model.layers.1.self_attn.o_proj,PushPop,2429084,2431523,1,16,170561,10660.1,10336.0,9120,12288,960.5,void cutlass::Kernel2<cutlass_80_simt_sgemm_128x32_8x5_nn_align1>(T1::Params)
:stage.process:model.layers.1.self_attn.o_proj,PushPop,2429084,2431523,1,3,139905,46635.0,45664.0,45312,48929,1994.4,"void at::native::triu_tril_kernel<float, int, (bool)0, (int)2, (bool)1>(at::cuda::detail::TensorInfo<T1, T2>, at::cuda::detail::TensorInfo<const T1, T2>, long, long, T2)"
:stage.process:model.layers.1.self_attn.o_proj,PushPop,2429084,2431523,1,6,132321,22053.5,22032.5,16224,27904,6385.6,"void trsm_batch_left_upper_kernel_small<float, (int)16, (int)16, (int)64>(cublasTrsmBatchParams<T1>, const T1 *const *, T1 *const *, const T1 *, T1)"
:stage.process:model.layers.1.self_attn.o_proj,PushPop,2429084,2431523,1,10,118240,11824.0,11552.0,11392,14336,891.6,"void at::native::reduce_kernel<(int)512, (int)1, at::native::ReduceOp<float, at::native::func_wrapper_t<float, at::native::sum_functor<float, float, float>::operator ()(at::TensorIterator &)::[lambda(float, float) (instance 1)]>, unsigned int, float, (int)4, (int)4>>(T3)"
:stage.process:model.layers.1.self_attn.o_proj,PushPop,2429084,2431523,1,14,107808,7700.6,7312.0,1344,21216,4530.0,"void at::native::vectorized_elementwise_kernel<(int)4, at::native::FillFunctor<float>, std::array<char *, (unsigned long)1>>(int, T2, T3)"
:stage.process:model.layers.1.self_attn.o_proj,PushPop,2429084,2431523,1,9,94272,10474.7,11552.0,1632,12064,3324.8,"void at::native::vectorized_elementwise_kernel<(int)4, at::native::BUnaryFunctor<float, float, float, at::native::binary_internal::MulFunctor<float>>, std::array<char *, (unsigned long)2>>(int, T2, T3)"
:stage.process:model.layers.1.self_attn.o_proj,PushPop,2429084,2431523,1,10,76064,7606.4,7696.0,3744,11200,2249.9,"void at::native::reduce_kernel<(int)512, (int)1, at::native::ReduceOp<float, at::native::MeanOps<float, float, float, float>, unsigned int, float, (int)4, (int)4>>(T3)"
:stage.process:model.layers.1.self_attn.o_proj,PushPop,2429084,2431523,1,1,75520,75520.0,75520.0,75520,75520,0.0,"void at::native::<unnamed>::CatArrayBatchedCopy_alignedK_contig<at::native::<unnamed>::OpaqueType<(unsigned int)8>, unsigned int, (int)3, (int)128, (int)1, (int)16>(T1 *, at::native::<unnamed>::CatArrInputTensorMetadata<T1, T2, T4, T5>, at::native::<unnamed>::TensorSizeStride<T2, (unsigned int)4>, int, T2)"
:stage.process:model.layers.1.self_attn.o_proj,PushPop,2429084,2431523,1,3,54496,18165.3,17696.0,16384,20416,2056.6,"void at::native::vectorized_elementwise_kernel<(int)2, at::native::BinaryFunctor<long, long, long, at::native::BitwiseXorFunctor<long>>, std::array<char *, (unsigned long)3>>(int, T2, T3)"
:stage.process:model.layers.1.self_attn.o_proj,PushPop,2429084,2431523,1,4,42144,10536.0,10544.0,10048,11008,438.3,"void at::native::vectorized_elementwise_kernel<(int)2, at::native::BUnaryFunctor<long, long, long, at::native::rshift_kernel_cuda(at::TensorIteratorBase &)::[lambda() (instance 1)]::operator ()() const::[lambda() (instance 4)]::operator ()() const::[lambda(long, long) (instance 1)]>, std::array<char *, (unsigned long)2>>(int, T2, T3)"
:stage.process:model.layers.1.self_attn.o_proj,PushPop,2429084,2431523,1,10,40544,4054.4,4000.0,3360,4608,423.7,"void at::native::elementwise_kernel<(int)128, (int)2, void at::native::gpu_kernel_impl_nocast<at::native::CUDAFunctorOnSelf_add<float>>(at::TensorIteratorBase &, const T1 &)::[lambda(int) (instance 1)]>(int, T3)"
:stage.process:model.layers.1.self_attn.o_proj,PushPop,2429084,2431523,1,2,38112,19056.0,19056.0,19008,19104,67.9,"void at::native::vectorized_elementwise_kernel<(int)2, at::native::BinaryFunctor<long, long, long, at::native::BitwiseOrFunctor<long>>, std::array<char *, (unsigned long)3>>(int, T2, T3)"
:stage.process:model.layers.1.self_attn.o_proj,PushPop,2429084,2431523,1,6,29760,4960.0,1680.0,1472,12160,5191.2,"void at::native::vectorized_elementwise_kernel<(int)4, at::native::AUnaryFunctor<float, float, float, at::native::binary_internal::MulFunctor<float>>, std::array<char *, (unsigned long)2>>(int, T2, T3)"
:stage.process:model.layers.1.self_attn.o_proj,PushPop,2429084,2431523,1,12,24033,2002.8,2144.0,1728,2240,216.9,"void at::native::vectorized_elementwise_kernel<(int)4, at::native::<unnamed>::CompareFunctor<float>, std::array<char *, (unsigned long)3>>(int, T2, T3)"
:stage.process:model.layers.1.self_attn.o_proj,PushPop,2429084,2431523,1,3,20416,6805.3,8256.0,3872,8288,2540.4,"void at::native::unrolled_elementwise_kernel<at::native::direct_copy_kernel_cuda(at::TensorIteratorBase &)::[lambda() (instance 3)]::operator ()() const::[lambda() (instance 3)]::operator ()() const::[lambda(int) (instance 1)], std::array<char *, (unsigned long)2>, (int)4, TrivialOffsetCalculator<(int)1, unsigned int>, TrivialOffsetCalculator<(int)1, unsigned int>, at::native::memory::LoadWithCast<(int)1>, at::native::memory::StoreWithCast<(int)1>>(int, T1, T2, T4, T5, T6, T7)"
:stage.process:model.layers.1.self_attn.o_proj,PushPop,2429084,2431523,1,2,20224,10112.0,10112.0,9952,10272,226.3,"void at::native::vectorized_elementwise_kernel<(int)2, at::native::BUnaryFunctor<long, long, long, at::native::lshift_kernel_cuda(at::TensorIteratorBase &)::[lambda() (instance 1)]::operator ()() const::[lambda() (instance 4)]::operator ()() const::[lambda(long, long) (instance 1)]>, std::array<char *, (unsigned long)2>>(int, T2, T3)"
:stage.process:model.layers.1.self_attn.o_proj,PushPop,2429084,2431523,1,1,19488,19488.0,19488.0,19488,19488,0.0,"void at::native::elementwise_kernel<(int)128, (int)2, void at::native::gpu_kernel_impl_nocast<at::native::BinaryFunctor<float, float, float, at::native::binary_internal::DivFunctor<float>>>(at::TensorIteratorBase &, const T1 &)::[lambda(int) (instance 1)]>(int, T3)"
:stage.process:model.layers.1.self_attn.o_proj,PushPop,2429084,2431523,1,6,18144,3024.0,1600.0,1536,10080,3457.6,"void at::native::vectorized_elementwise_kernel<(int)2, at::native::AUnaryFunctor<long, long, long, at::native::binary_internal::MulFunctor<long>>, std::array<char *, (unsigned long)2>>(int, T2, T3)"
:stage.process:model.layers.1.self_attn.o_proj,PushPop,2429084,2431523,1,5,16640,3328.0,1600.0,1504,10304,3900.1,"void at::native::vectorized_elementwise_kernel<(int)2, at::native::CUDAFunctorOnSelf_add<long>, std::array<char *, (unsigned long)2>>(int, T2, T3)"
:stage.process:model.layers.1.self_attn.o_proj,PushPop,2429084,2431523,1,1,16544,16544.0,16544.0,16544,16544,0.0,"void at::native::vectorized_elementwise_kernel<(int)4, void at::native::<unnamed>::pow_tensor_scalar_kernel_impl<float, float>(at::TensorIteratorBase &, T2)::[lambda(float) (instance 1)], std::array<char *, (unsigned long)2>>(int, T2, T3)"
:stage.process:model.layers.1.self_attn.o_proj,PushPop,2429084,2431523,1,4,14464,3616.0,3600.0,3488,3776,135.8,"void at::native::vectorized_elementwise_kernel<(int)2, at::native::BUnaryFunctor<long, long, long, at::native::remainder_kernel_cuda(at::TensorIteratorBase &)::[lambda() (instance 1)]::operator ()() const::[lambda() (instance 4)]::operator ()() const::[lambda(long, long) (instance 1)]>, std::array<char *, (unsigned long)2>>(int, T2, T3)"
:stage.process:model.layers.1.self_attn.o_proj,PushPop,2429084,2431523,1,3,13440,4480.0,4544.0,4128,4768,324.8,"void at::native::elementwise_kernel<(int)128, (int)2, void at::native::gpu_kernel_impl_nocast<at::native::direct_copy_kernel_cuda(at::TensorIteratorBase &)::[lambda() (instance 3)]::operator ()() const::[lambda() (instance 3)]::operator ()() const::[lambda(int) (instance 1)]>(at::TensorIteratorBase &, const T1 &)::[lambda(int) (instance 1)]>(int, T3)"
:stage.process:model.layers.1.self_attn.o_proj,PushPop,2429084,2431523,1,8,12032,1504.0,1520.0,1440,1568,56.7,"void at::native::unrolled_elementwise_kernel<at::native::AUnaryFunctor<long, long, long, at::native::BitwiseAndFunctor<long>>, std::array<char *, (unsigned long)2>, (int)4, TrivialOffsetCalculator<(int)1, unsigned int>, TrivialOffsetCalculator<(int)1, unsigned int>, at::native::memory::LoadWithoutCast, at::native::memory::StoreWithoutCast>(int, T1, T2, T4, T5, T6, T7)"
:stage.process:model.layers.1.self_attn.o_proj,PushPop,2429084,2431523,1,1,11488,11488.0,11488.0,11488,11488,0.0,"void at::native::vectorized_elementwise_kernel<(int)4, at::native::float16_copy_kernel_cuda(at::TensorIteratorBase &)::[lambda(float) (instance 1)], std::array<char *, (unsigned long)2>>(int, T2, T3)"
:stage.process:model.layers.1.self_attn.o_proj,PushPop,2429084,2431523,1,6,11392,1898.7,1888.0,1888,1920,16.5,"void at::native::vectorized_elementwise_kernel<(int)4, at::native::FillFunctor<unsigned char>, std::array<char *, (unsigned long)1>>(int, T2, T3)"
:stage.process:model.layers.1.self_attn.o_proj,PushPop,2429084,2431523,1,1,10912,10912.0,10912.0,10912,10912,0.0,"void at::native::reduce_kernel<(int)128, (int)4, at::native::ReduceOp<long, at::native::func_wrapper_t<long, at::native::sum_functor<long, long, long>::operator ()(at::TensorIterator &)::[lambda(long, long) (instance 1)]>, unsigned int, long, (int)4, (int)4>>(T3)"
:stage.process:model.layers.1.self_attn.o_proj,PushPop,2429084,2431523,1,3,10592,3530.7,3552.0,3424,3616,97.8,"void at::native::unrolled_elementwise_kernel<at::native::direct_copy_kernel_cuda(at::TensorIteratorBase &)::[lambda() (instance 3)]::operator ()() const::[lambda() (instance 1)]::operator ()() const::[lambda(unsigned char) (instance 1)], std::array<char *, (unsigned long)2>, (int)4, TrivialOffsetCalculator<(int)1, unsigned int>, TrivialOffsetCalculator<(int)1, unsigned int>, at::native::memory::LoadWithCast<(int)1>, at::native::memory::StoreWithCast<(int)1>>(int, T1, T2, T4, T5, T6, T7)"
:stage.process:model.layers.1.self_attn.o_proj,PushPop,2429084,2431523,1,1,9152,9152.0,9152.0,9152,9152,0.0,ampere_sgemm_32x32_sliced1x4_nn
:stage.process:model.layers.1.self_attn.o_proj,PushPop,2429084,2431523,1,4,8480,2120.0,2080.0,2080,2240,80.0,"void at::native::vectorized_elementwise_kernel<(int)4, at::native::FillFunctor<bool>, std::array<char *, (unsigned long)1>>(int, T2, T3)"
:stage.process:model.layers.1.self_attn.o_proj,PushPop,2429084,2431523,1,3,7904,2634.7,2624.0,2560,2720,80.5,"void at::native::vectorized_elementwise_kernel<(int)4, at::native::AUnaryFunctor<unsigned char, unsigned char, bool, at::native::<unnamed>::CompareEqFunctor<unsigned char>>, std::array<char *, (unsigned long)2>>(int, T2, T3)"
:stage.process:model.layers.1.self_attn.o_proj,PushPop,2429084,2431523,1,2,7424,3712.0,3712.0,3680,3744,45.3,"void at::native::vectorized_elementwise_kernel<(int)2, at::native::BUnaryFunctor<long, long, long, at::native::binary_internal::div_floor_kernel_cuda(at::TensorIteratorBase &)::[lambda() (instance 1)]::operator ()() const::[lambda() (instance 4)]::operator ()() const::[lambda(long, long) (instance 1)]>, std::array<char *, (unsigned long)2>>(int, T2, T3)"
:stage.process:model.layers.1.self_attn.o_proj,PushPop,2429084,2431523,1,4,7328,1832.0,1840.0,1760,1888,54.7,"void at::native::vectorized_elementwise_kernel<(int)4, void at::native::compare_scalar_kernel<c10::Half>(at::TensorIteratorBase &, at::native::<unnamed>::OpType, T1)::[lambda(c10::Half) (instance 1)], std::array<char *, (unsigned long)2>>(int, T2, T3)"
:stage.process:model.layers.1.self_attn.o_proj,PushPop,2429084,2431523,1,2,6976,3488.0,3488.0,3456,3520,45.3,"void at::native::elementwise_kernel<(int)128, (int)2, void at::native::gpu_kernel_impl_nocast<at::native::AbsFunctor<float>>(at::TensorIteratorBase &, const T1 &)::[lambda(int) (instance 1)]>(int, T3)"
:stage.process:model.layers.1.self_attn.o_proj,PushPop,2429084,2431523,1,2,6400,3200.0,3200.0,3200,3200,0.0,"void at::native::elementwise_kernel<(int)128, (int)2, void at::native::gpu_kernel_impl_nocast<at::native::CUDAFunctor_add<long>>(at::TensorIteratorBase &, const T1 &)::[lambda(int) (instance 1)]>(int, T3)"
:stage.process:model.layers.1.self_attn.o_proj,PushPop,2429084,2431523,1,3,5504,1834.7,1888.0,1632,1984,182.0,"void at::native::vectorized_elementwise_kernel<(int)4, at::native::BinaryFunctor<float, float, float, at::native::maximum_kernel_cuda(at::TensorIteratorBase &)::[lambda() (instance 2)]::operator ()() const::[lambda() (instance 2)]::operator ()() const::[lambda(float, float) (instance 1)]>, std::array<char *, (unsigned long)3>>(int, T2, T3)"
:stage.process:model.layers.1.self_attn.o_proj,PushPop,2429084,2431523,1,2,4736,2368.0,2368.0,2368,2368,0.0,"void at::native::vectorized_elementwise_kernel<(int)2, at::native::CUDAFunctorOnOther_add<long>, std::array<char *, (unsigned long)2>>(int, T2, T3)"
:stage.process:model.layers.1.self_attn.o_proj,PushPop,2429084,2431523,1,1,4608,4608.0,4608.0,4608,4608,0.0,"void at::native::<unnamed>::CatArrayBatchedCopy_vectorized<at::native::<unnamed>::OpaqueType<(unsigned int)2>, unsigned int, (int)1, (int)128, (int)1, (int)16, (int)8>(char *, at::native::<unnamed>::CatArrInputTensorMetadata<T1, T2, T4, T5>, at::native::<unnamed>::TensorSizeStride<T2, (unsigned int)4>, int, T2)"
:stage.process:model.layers.1.self_attn.o_proj,PushPop,2429084,2431523,1,3,4608,1536.0,1536.0,1504,1568,32.0,"xxtrf4_set_info_ker(int, int *)"
:stage.process:model.layers.1.self_attn.o_proj,PushPop,2429084,2431523,1,1,3680,3680.0,3680.0,3680,3680,0.0,"void at::native::vectorized_elementwise_kernel<(int)4, at::native::AUnaryFunctor<unsigned char, unsigned char, unsigned char, at::native::binary_internal::MulFunctor<unsigned char>>, std::array<char *, (unsigned long)2>>(int, T2, T3)"
:stage.process:model.layers.1.self_attn.o_proj,PushPop,2429084,2431523,1,1,2848,2848.0,2848.0,2848,2848,0.0,"void at::native::vectorized_elementwise_kernel<(int)4, at::native::BinaryFunctor<unsigned char, unsigned char, bool, at::native::<unnamed>::CompareEqFunctor<unsigned char>>, std::array<char *, (unsigned long)3>>(int, T2, T3)"
:stage.process:model.layers.1.self_attn.o_proj,PushPop,2429084,2431523,1,1,2528,2528.0,2528.0,2528,2528,0.0,"void at::native::vectorized_elementwise_kernel<(int)4, at::native::sqrt_kernel_cuda(at::TensorIteratorBase &)::[lambda() (instance 2)]::operator ()() const::[lambda() (instance 2)]::operator ()() const::[lambda(float) (instance 1)], std::array<char *, (unsigned long)2>>(int, T2, T3)"
:stage.process:model.layers.1.self_attn.o_proj,PushPop,2429084,2431523,1,1,2368,2368.0,2368.0,2368,2368,0.0,"void at::native::unrolled_elementwise_kernel<at::native::direct_copy_kernel_cuda(at::TensorIteratorBase &)::[lambda() (instance 3)]::operator ()() const::[lambda() (instance 11)]::operator ()() const::[lambda(bool) (instance 1)], std::array<char *, (unsigned long)2>, (int)4, TrivialOffsetCalculator<(int)1, unsigned int>, TrivialOffsetCalculator<(int)1, unsigned int>, at::native::memory::LoadWithCast<(int)1>, at::native::memory::StoreWithCast<(int)1>>(int, T1, T2, T4, T5, T6, T7)"
:stage.process:model.layers.1.self_attn.o_proj,PushPop,2429084,2431523,1,1,2112,2112.0,2112.0,2112,2112,0.0,"void at::native::unrolled_elementwise_kernel<at::native::<unnamed>::CompareFunctor<c10::Half>, std::array<char *, (unsigned long)3>, (int)4, TrivialOffsetCalculator<(int)2, unsigned int>, TrivialOffsetCalculator<(int)1, unsigned int>, at::native::memory::LoadWithoutCast, at::native::memory::StoreWithoutCast>(int, T1, T2, T4, T5, T6, T7)"
:stage.process:model.layers.1.self_attn.o_proj,PushPop,2429084,2431523,1,1,1760,1760.0,1760.0,1760,1760,0.0,"void at::native::vectorized_elementwise_kernel<(int)4, at::native::<unnamed>::launch_clamp_scalar(at::TensorIteratorBase &, c10::Scalar, c10::Scalar, at::native::detail::ClampLimits)::[lambda() (instance 1)]::operator ()() const::[lambda() (instance 7)]::operator ()() const::[lambda(float) (instance 1)], std::array<char *, (unsigned long)2>>(int, T2, T3)"
:stage.process:model.layers.1.self_attn.q_proj,PushPop,2429084,2431523,1,1318,2393787645,1816227.3,1263731.0,1221059,4185992,1136462.2,void <unnamed>::qvq_fused_w2_family_grid_kernel<(bool)0>(<unnamed>::FusedSequenceArgs)
:stage.process:model.layers.1.self_attn.q_proj,PushPop,2429084,2431523,1,766,1444422592,1885669.2,1437779.0,1354147,2853062,649722.8,"void <unnamed>::qvq_viterbi_kernel<(int)4, (int)2, __half, unsigned char>(const float *, const T3 *, const float *, const long *, const float *, T4 *, long *, float *, int, int, int, bool, bool, bool)"
:stage.process:model.layers.1.self_attn.q_proj,PushPop,2429084,2431523,1,3744,541603107,144658.9,144800.0,132992,155040,3967.5,"void <unnamed>::qvq_v2_segment_grid_kernel<(int)4, (int)2, (int)16, (bool)1, (bool)0, __half, unsigned char>(const float *, const T6 *, const float *, const long *, const float *, const float *, float *, T7 *, unsigned char *, int, int, int, bool, bool)"
:stage.process:model.layers.1.self_attn.q_proj,PushPop,2429084,2431523,1,694,403397435,581264.3,575953.0,307745,866369,162636.8,ampere_sgemm_64x32_sliced1x4_nt
:stage.process:model.layers.1.self_attn.q_proj,PushPop,2429084,2431523,1,1318,116136294,88115.5,87408.5,69984,105408,8958.8,"<unnamed>::qvq_fused_w2_traceback_kernel(const unsigned char *, const unsigned char *, const int *, long *, unsigned char *, int)"
:stage.process:model.layers.1.self_attn.q_proj,PushPop,2429084,2431523,1,4080,71640288,17558.9,8384.0,4608,50784,13268.0,"void at::native::index_elementwise_kernel<(int)128, (int)4, void at::native::gpu_index_kernel<void at::native::index_kernel_impl<at::native::OpaqueType<(int)4>>(at::TensorIteratorBase &, c10::ArrayRef<long>, c10::ArrayRef<long>)::[lambda(char *, const char *, long) (instance 1)]>(at::TensorIteratorBase &, c10::ArrayRef<long>, c10::ArrayRef<long>, const T1 &, bool)::[lambda(int) (instance 1)]>(long, T3)"
:stage.process:model.layers.1.self_attn.q_proj,PushPop,2429084,2431523,1,288,51149431,177602.2,178160.0,59488,295680,69930.3,void cutlass::Kernel2<cutlass_80_simt_sgemm_128x32_8x5_nt_align1>(T1::Params)
:stage.process:model.layers.1.self_attn.q_proj,PushPop,2429084,2431523,1,468,36649482,78310.9,77536.0,67520,89632,4496.1,"void <unnamed>::qvq_v2_segment_grid_finalize_kernel<(int)4, (int)2, (int)16, (bool)0, __half, unsigned char>(const float *, const T5 *, const float *, const long *, const float *, const float *, const T6 *, const unsigned char *, long *, unsigned char *, float *, int, int, bool, bool)"
:stage.process:model.layers.1.self_attn.q_proj,PushPop,2429084,2431523,1,996,30027451,30148.0,29776.0,4352,60609,15692.1,"void gemmSN_NN_kernel<float, (int)128, (int)2, (int)4, (int)8, (int)4, (int)4, (bool)0, cublasGemvTensorStridedBatched<const float>, cublasGemvTensorStridedBatched<const float>, cublasGemvTensorStridedBatched<float>>(cublasGemmSmallNParams<T9, T10, T11, T1>)"
:stage.process:model.layers.1.self_attn.q_proj,PushPop,2429084,2431523,1,50,20596239,411924.8,20768.0,15616,851426,413579.5,ampere_sgemm_128x32_nn
:stage.process:model.layers.1.self_attn.q_proj,PushPop,2429084,2431523,1,2964,19045542,6425.6,7328.0,2528,11712,1815.4,"void at::native::reduce_kernel<(int)512, (int)1, at::native::ReduceOp<bool, at::native::func_wrapper_t<bool, at::native::and_kernel_cuda(at::TensorIterator &)::[lambda() (instance 1)]::operator ()() const::[lambda() (instance 12)]::operator ()() const::[lambda(bool, bool) (instance 1)]>, unsigned int, bool, (int)4, (int)4>>(T3)"
:stage.process:model.layers.1.self_attn.q_proj,PushPop,2429084,2431523,1,1318,15637153,11864.3,13280.0,9152,14688,2153.7,"<unnamed>::qvq_fused_detect_family_mask_kernel(const unsigned int *, int *)"
:stage.process:model.layers.1.self_attn.q_proj,PushPop,2429084,2431523,1,2040,13341478,6539.9,6592.0,3456,7168,343.6,"void at::native::index_elementwise_kernel<(int)128, (int)4, void at::native::gpu_index_kernel<void at::native::index_put_kernel_impl<at::native::OpaqueType<(int)4>>(at::TensorIterator &, c10::ArrayRef<long>, c10::ArrayRef<long>)::[lambda(char *, const char *, long) (instance 1)]>(at::TensorIteratorBase &, c10::ArrayRef<long>, c10::ArrayRef<long>, const T1 &, bool)::[lambda(int) (instance 1)]>(long, T3)"
:stage.process:model.layers.1.self_attn.q_proj,PushPop,2429084,2431523,1,1405,12308063,8760.2,8288.0,4640,33441,1379.1,"void at::native::index_elementwise_kernel<(int)128, (int)4, void at::native::gpu_index_kernel<void at::native::index_kernel_impl<at::native::OpaqueType<(int)2>>(at::TensorIteratorBase &, c10::ArrayRef<long>, c10::ArrayRef<long>)::[lambda(char *, const char *, long) (instance 1)]>(at::TensorIteratorBase &, c10::ArrayRef<long>, c10::ArrayRef<long>, const T1 &, bool)::[lambda(int) (instance 1)]>(long, T3)"
:stage.process:model.layers.1.self_attn.q_proj,PushPop,2429084,2431523,1,1788,11998076,6710.3,7232.0,3264,8544,1374.9,"void at::native::reduce_kernel<(int)512, (int)1, at::native::ReduceOp<float, at::native::func_wrapper_t<float, at::native::MaxNanFunctor<float>>, unsigned int, float, (int)4, (int)4>>(T3)"
:stage.process:model.layers.1.self_attn.q_proj,PushPop,2429084,2431523,1,2241,8736568,3898.5,3200.0,2112,54977,4896.8,"void at::native::elementwise_kernel<(int)128, (int)2, void at::native::gpu_kernel_impl_nocast<at::native::direct_copy_kernel_cuda(at::TensorIteratorBase &)::[lambda() (instance 3)]::operator ()() const::[lambda() (instance 7)]::operator ()() const::[lambda(float) (instance 1)]>(at::TensorIteratorBase &, const T1 &)::[lambda(int) (instance 1)]>(int, T3)"
:stage.process:model.layers.1.self_attn.q_proj,PushPop,2429084,2431523,1,3611,7751131,2146.5,2048.0,1504,18496,827.0,"void at::native::vectorized_elementwise_kernel<(int)4, at::native::AbsFunctor<float>, std::array<char *, (unsigned long)2>>(int, T2, T3)"
:stage.process:model.layers.1.self_attn.q_proj,PushPop,2429084,2431523,1,1020,6913202,6777.6,6848.0,3520,7168,411.0,"void at::native::index_elementwise_kernel<(int)128, (int)4, void at::native::gpu_index_kernel<void at::native::index_put_kernel_impl<at::native::OpaqueType<(int)8>>(at::TensorIterator &, c10::ArrayRef<long>, c10::ArrayRef<long>)::[lambda(char *, const char *, long) (instance 1)]>(at::TensorIteratorBase &, c10::ArrayRef<long>, c10::ArrayRef<long>, const T1 &, bool)::[lambda(int) (instance 1)]>(long, T3)"
:stage.process:model.layers.1.self_attn.q_proj,PushPop,2429084,2431523,1,772,6464167,8373.3,8384.0,7936,8960,123.9,"void at::native::reduce_kernel<(int)512, (int)1, at::native::ReduceOp<c10::Half, at::native::func_wrapper_t<c10::Half, at::native::MaxNanFunctor<c10::Half>>, unsigned int, c10::Half, (int)4, (int)4>>(T3)"
:stage.process:model.layers.1.self_attn.q_proj,PushPop,2429084,2431523,1,2593,5564966,2146.1,2080.0,1600,6752,321.2,"void at::native::vectorized_elementwise_kernel<(int)4, at::native::BinaryFunctor<bool, bool, bool, at::native::binary_internal::MulFunctor<bool>>, std::array<char *, (unsigned long)3>>(int, T2, T3)"
:stage.process:model.layers.1.self_attn.q_proj,PushPop,2429084,2431523,1,177,5528010,31231.7,27425.0,3872,72384,22524.2,"void gemmSN_NN_kernel<float, (int)256, (int)4, (int)2, (int)8, (int)4, (int)4, (bool)0, cublasGemvTensorStridedBatched<const float>, cublasGemvTensorStridedBatched<const float>, cublasGemvTensorStridedBatched<float>>(cublasGemmSmallNParams<T9, T10, T11, T1>)"
:stage.process:model.layers.1.self_attn.q_proj,PushPop,2429084,2431523,1,1285,5275920,4105.8,4096.0,2784,18944,597.7,"void at::native::unrolled_elementwise_kernel<at::native::direct_copy_kernel_cuda(at::TensorIteratorBase &)::[lambda() (instance 3)]::operator ()() const::[lambda() (instance 7)]::operator ()() const::[lambda(float) (instance 1)], std::array<char *, (unsigned long)2>, (int)4, TrivialOffsetCalculator<(int)1, unsigned int>, TrivialOffsetCalculator<(int)1, unsigned int>, at::native::memory::LoadWithCast<(int)1>, at::native::memory::StoreWithCast<(int)1>>(int, T1, T2, T4, T5, T6, T7)"
:stage.process:model.layers.1.self_attn.q_proj,PushPop,2429084,2431523,1,5,4692554,938510.8,934530.0,933474,955618,9574.6,ampere_sgemm_128x32_tn
:stage.process:model.layers.1.self_attn.q_proj,PushPop,2429084,2431523,1,765,4670090,6104.7,6464.0,3104,8192,1204.2,"void at::native::index_elementwise_kernel<(int)128, (int)4, void at::native::gpu_index_kernel<void at::native::index_put_kernel_impl<at::native::OpaqueType<(int)1>>(at::TensorIterator &, c10::ArrayRef<long>, c10::ArrayRef<long>)::[lambda(char *, const char *, long) (instance 1)]>(at::TensorIteratorBase &, c10::ArrayRef<long>, c10::ArrayRef<long>, const T1 &, bool)::[lambda(int) (instance 1)]>(long, T3)"
:stage.process:model.layers.1.self_attn.q_proj,PushPop,2429084,2431523,1,1824,3981226,2182.7,2112.0,1472,17056,961.5,"void at::native::vectorized_elementwise_kernel<(int)4, at::native::BinaryFunctor<float, float, bool, at::native::<unnamed>::CompareEqFunctor<float>>, std::array<char *, (unsigned long)3>>(int, T2, T3)"
:stage.process:model.layers.1.self_attn.q_proj,PushPop,2429084,2431523,1,1823,3848134,2110.9,2080.0,1472,6176,345.9,"void at::native::vectorized_elementwise_kernel<(int)4, at::native::AUnaryFunctor<float, float, bool, at::native::<unnamed>::CompareEqFunctor<float>>, std::array<char *, (unsigned long)2>>(int, T2, T3)"
:stage.process:model.layers.1.self_attn.q_proj,PushPop,2429084,2431523,1,2044,3764293,1841.6,1824.0,1536,2272,108.7,"void at::native::vectorized_elementwise_kernel<(int)4, at::native::BinaryFunctor<bool, bool, bool, at::native::logical_or_kernel_cuda(at::TensorIterator &)::[lambda() (instance 2)]::operator ()() const::[lambda() (instance 9)]::operator ()() const::[lambda(bool, bool) (instance 1)]>, std::array<char *, (unsigned long)3>>(int, T2, T3)"
:stage.process:model.layers.1.self_attn.q_proj,PushPop,2429084,2431523,1,1150,3695141,3213.2,3200.0,1888,24256,653.7,"void at::native::elementwise_kernel<(int)128, (int)2, void at::native::gpu_kernel_impl_nocast<at::native::direct_copy_kernel_cuda(at::TensorIteratorBase &)::[lambda() (instance 3)]::operator ()() const::[lambda() (instance 4)]::operator ()() const::[lambda(long) (instance 1)]>(at::TensorIteratorBase &, const T1 &)::[lambda(int) (instance 1)]>(int, T3)"
:stage.process:model.layers.1.self_attn.q_proj,PushPop,2429084,2431523,1,1542,3426024,2221.8,2144.0,1664,3008,192.3,"void at::native::vectorized_elementwise_kernel<(int)4, at::native::AbsFunctor<c10::Half>, std::array<char *, (unsigned long)2>>(int, T2, T3)"
:stage.process:model.layers.1.self_attn.q_proj,PushPop,2429084,2431523,1,429,3237830,7547.4,4288.0,3168,45856,4845.9,"void at::native::elementwise_kernel<(int)128, (int)2, void at::native::gpu_kernel_impl_nocast<at::native::CUDAFunctor_add<float>>(at::TensorIteratorBase &, const T1 &)::[lambda(int) (instance 1)]>(int, T3)"
:stage.process:model.layers.1.self_attn.q_proj,PushPop,2429084,2431523,1,1268,3231141,2548.2,2528.0,1824,3392,356.7,"void at::native::elementwise_kernel<(int)128, (int)2, void at::native::gpu_kernel_impl_nocast<at::native::AUnaryFunctor<long, long, long, at::native::BitwiseAndFunctor<long>>>(at::TensorIteratorBase &, const T1 &)::[lambda(int) (instance 1)]>(int, T3)"
:stage.process:model.layers.1.self_attn.q_proj,PushPop,2429084,2431523,1,1276,3228359,2530.1,2464.0,1760,3200,198.8,"void at::native::roll_cuda_kernel<float>(const T1 *, T1 *, long, long, long, long, long, long)"
:stage.process:model.layers.1.self_attn.q_proj,PushPop,2429084,2431523,1,1234,3220264,2609.6,2688.0,2144,3232,262.4,"<unnamed>::qvq_half2_codebook_norm_pack_kernel(const __half *, unsigned long *, int)"
:stage.process:model.layers.1.self_attn.q_proj,PushPop,2429084,2431523,1,1176,3149125,2677.8,2208.0,1632,27360,2990.7,"void at::native::vectorized_elementwise_kernel<(int)4, at::native::CUDAFunctor_add<float>, std::array<char *, (unsigned long)3>>(int, T2, T3)"
:stage.process:model.layers.1.self_attn.q_proj,PushPop,2429084,2431523,1,378,3114475,8239.4,8224.0,7872,8448,64.0,"void batch_trsm_left_kernel<float, (int)64, (int)4, (int)3, (bool)0, (bool)0, (bool)1>(cublasTrsmBatchParams2<T1>, T1, const T1 *, int)"
:stage.process:model.layers.1.self_attn.q_proj,PushPop,2429084,2431523,1,901,2804611,3112.8,3232.0,1920,11584,609.3,"void at::native::unrolled_elementwise_kernel<at::native::direct_copy_kernel_cuda(at::TensorIteratorBase &)::[lambda() (instance 3)]::operator ()() const::[lambda() (instance 4)]::operator ()() const::[lambda(long) (instance 1)], std::array<char *, (unsigned long)2>, (int)4, TrivialOffsetCalculator<(int)1, unsigned int>, TrivialOffsetCalculator<(int)1, unsigned int>, at::native::memory::LoadWithCast<(int)1>, at::native::memory::StoreWithCast<(int)1>>(int, T1, T2, T4, T5, T6, T7)"
:stage.process:model.layers.1.self_attn.q_proj,PushPop,2429084,2431523,1,3,2778982,926327.3,925698.0,924898,928386,1827.2,"void kernel<getrf_wo_pivot_params_<float, (int)0, (int)256, (int)1, (int)64, (int)64, (int)68, (int)8, (int)1, (int)1>>(int, int, void *, int, void *, int, int, int, int, int, int *)"
:stage.process:model.layers.1.self_attn.q_proj,PushPop,2429084,2431523,1,1534,2546021,1659.7,1664.0,1536,2176,84.6,"void at::native::vectorized_elementwise_kernel<(int)4, void at::native::compare_scalar_kernel<float>(at::TensorIteratorBase &, at::native::<unnamed>::OpType, T1)::[lambda(float) (instance 1)], std::array<char *, (unsigned long)2>>(int, T2, T3)"
:stage.process:model.layers.1.self_attn.q_proj,PushPop,2429084,2431523,1,400,2322947,5807.4,4032.0,3968,53056,8798.9,ampere_sgemm_32x128_nt
:stage.process:model.layers.1.self_attn.q_proj,PushPop,2429084,2431523,1,1020,1971205,1932.6,1920.0,1632,2272,105.6,"void at::native::vectorized_elementwise_kernel<(int)4, at::native::bitwise_not_kernel_cuda(at::TensorIteratorBase &)::[lambda(bool) (instance 1)], std::array<char *, (unsigned long)2>>(int, T2, T3)"
:stage.process:model.layers.1.self_attn.q_proj,PushPop,2429084,2431523,1,1318,1895904,1438.5,1440.0,1312,1632,87.4,"void at::native::vectorized_elementwise_kernel<(int)4, at::native::FillFunctor<int>, std::array<char *, (unsigned long)1>>(int, T2, T3)"
:stage.process:model.layers.1.self_attn.q_proj,PushPop,2429084,2431523,1,770,1745923,2267.4,2240.0,1792,2336,41.7,"void at::native::vectorized_elementwise_kernel<(int)4, at::native::BinaryFunctor<c10::Half, c10::Half, bool, at::native::<unnamed>::CompareEqFunctor<c10::Half>>, std::array<char *, (unsigned long)3>>(int, T2, T3)"
:stage.process:model.layers.1.self_attn.q_proj,PushPop,2429084,2431523,1,770,1731106,2248.2,2240.0,1760,2336,40.6,"void at::native::vectorized_elementwise_kernel<(int)4, at::native::AUnaryFunctor<c10::Half, c10::Half, bool, at::native::<unnamed>::CompareEqFunctor<c10::Half>>, std::array<char *, (unsigned long)2>>(int, T2, T3)"
:stage.process:model.layers.1.self_attn.q_proj,PushPop,2429084,2431523,1,1022,1458625,1427.2,1440.0,1312,7072,253.0,"void at::native::vectorized_elementwise_kernel<(int)2, at::native::FillFunctor<long>, std::array<char *, (unsigned long)1>>(int, T2, T3)"
:stage.process:model.layers.1.self_attn.q_proj,PushPop,2429084,2431523,1,782,1399427,1789.5,1728.0,1600,12000,546.1,"void at::native::vectorized_elementwise_kernel<(int)4, void at::native::compare_scalar_kernel<long>(at::TensorIteratorBase &, at::native::<unnamed>::OpType, T1)::[lambda(long) (instance 1)], std::array<char *, (unsigned long)2>>(int, T2, T3)"
:stage.process:model.layers.1.self_attn.q_proj,PushPop,2429084,2431523,1,512,1306500,2551.8,2528.0,2336,2816,129.2,"void at::native::unrolled_elementwise_kernel<at::native::BinaryFunctor<float, float, float, at::native::maximum_kernel_cuda(at::TensorIteratorBase &)::[lambda() (instance 2)]::operator ()() const::[lambda() (instance 2)]::operator ()() const::[lambda(float, float) (instance 1)]>, std::array<char *, (unsigned long)3>, (int)4, TrivialOffsetCalculator<(int)2, unsigned int>, TrivialOffsetCalculator<(int)1, unsigned int>, at::native::memory::LoadWithCast<(int)2>, at::native::memory::StoreWithCast<(int)1>>(int, T1, T2, T4, T5, T6, T7)"
:stage.process:model.layers.1.self_attn.q_proj,PushPop,2429084,2431523,1,779,1060579,1361.5,1376.0,1248,2080,74.3,"void <unnamed>::elementwise_kernel_with_index<int, at::native::arange_cuda_out(const c10::Scalar &, const c10::Scalar &, const c10::Scalar &, at::Tensor &)::[lambda() (instance 1)]::operator ()() const::[lambda() (instance 4)]::operator ()() const::[lambda(long) (instance 1)]>(T1, T2, function_traits<T2>::result_type *)"
:stage.process:model.layers.1.self_attn.q_proj,PushPop,2429084,2431523,1,256,1050049,4101.8,4048.0,3904,4384,170.5,"void at::native::elementwise_kernel<(int)128, (int)4, void at::native::gpu_kernel_impl_nocast<at::native::direct_copy_kernel_cuda(at::TensorIteratorBase &)::[lambda() (instance 3)]::operator ()() const::[lambda() (instance 10)]::operator ()() const::[lambda(c10::Half) (instance 1)]>(at::TensorIteratorBase &, const T1 &)::[lambda(int) (instance 1)]>(int, T3)"
:stage.process:model.layers.1.self_attn.q_proj,PushPop,2429084,2431523,1,32,926883,28965.1,28800.0,19872,38624,6838.2,ampere_sgemm_128x32_nt
:stage.process:model.layers.1.self_attn.q_proj,PushPop,2429084,2431523,1,263,899522,3420.2,3264.0,3040,10080,978.9,"void at::native::reduce_kernel<(int)512, (int)1, at::native::ReduceOp<bool, at::native::func_wrapper_t<bool, at::native::or_kernel_cuda(at::TensorIterator &)::[lambda() (instance 1)]::operator ()() const::[lambda() (instance 12)]::operator ()() const::[lambda(bool, bool) (instance 1)]>, unsigned int, bool, (int)4, (int)4>>(T3)"
:stage.process:model.layers.1.self_attn.q_proj,PushPop,2429084,2431523,1,43,857217,19935.3,19648.0,17632,23776,1665.6,ampere_sgemm_128x32_sliced1x4_nn
:stage.process:model.layers.1.self_attn.q_proj,PushPop,2429084,2431523,1,128,732384,5721.8,5728.0,5344,5984,131.0,"void at::native::unrolled_elementwise_kernel<at::native::CUDAFunctor_add<float>, std::array<char *, (unsigned long)3>, (int)4, TrivialOffsetCalculator<(int)2, unsigned int>, TrivialOffsetCalculator<(int)1, unsigned int>, at::native::memory::LoadWithCast<(int)2>, at::native::memory::StoreWithCast<(int)1>>(int, T1, T2, T4, T5, T6, T7)"
:stage.process:model.layers.1.self_attn.q_proj,PushPop,2429084,2431523,1,3,665250,221750.0,329857.0,5376,330017,187385.4,"void at::native::reduce_kernel<(int)512, (int)1, at::native::ReduceOp<long, at::native::func_wrapper_t<long, at::native::sum_functor<long, long, long>::operator ()(at::TensorIterator &)::[lambda(long, long) (instance 1)]>, unsigned int, long, (int)4, (int)4>>(T3)"
:stage.process:model.layers.1.self_attn.q_proj,PushPop,2429084,2431523,1,11,589121,53556.5,10336.0,3232,258561,100947.5,"void at::native::vectorized_elementwise_kernel<(int)2, at::native::AUnaryFunctor<long, long, long, at::native::BitwiseAndFunctor<long>>, std::array<char *, (unsigned long)2>>(int, T2, T3)"
:stage.process:model.layers.1.self_attn.q_proj,PushPop,2429084,2431523,1,4,559552,139888.0,141632.0,3776,272512,152422.0,"void at::native::elementwise_kernel<(int)128, (int)2, void at::native::gpu_kernel_impl_nocast<at::native::BinaryFunctor<long, long, long, at::native::lshift_kernel_cuda(at::TensorIteratorBase &)::[lambda() (instance 1)]::operator ()() const::[lambda() (instance 4)]::operator ()() const::[lambda(long, long) (instance 1)]>>(at::TensorIteratorBase &, const T1 &)::[lambda(int) (instance 1)]>(int, T3)"
:stage.process:model.layers.1.self_attn.q_proj,PushPop,2429084,2431523,1,4,537857,134464.3,134368.5,11296,257824,142111.8,"void at::native::elementwise_kernel<(int)128, (int)2, void at::native::gpu_kernel_impl_nocast<at::native::BinaryFunctor<long, long, long, at::native::rshift_kernel_cuda(at::TensorIteratorBase &)::[lambda() (instance 1)]::operator ()() const::[lambda() (instance 4)]::operator ()() const::[lambda(long, long) (instance 1)]>>(at::TensorIteratorBase &, const T1 &)::[lambda(int) (instance 1)]>(int, T3)"
:stage.process:model.layers.1.self_attn.q_proj,PushPop,2429084,2431523,1,113,506017,4478.0,3360.0,2880,15904,3475.9,"void cublasLt::splitKreduce_kernel<(int)32, (int)16, int, float, float, float, float, (bool)0, float, float, float, (bool)1, (bool)0, (bool)0, (bool)0>(cublasLt::cublasSplitKParams<T6>, const T4 *, const T10 *, T9 *, T5 *, const T6 *, const T6 *, const T11 *, const T4 *, T11 *, void *, long, T6 *, int *, T6 *, T6 *, const T6 *, const T6 *, const T6 *, const T6 *, const T6 *)"
:stage.process:model.layers.1.self_attn.q_proj,PushPop,2429084,2431523,1,129,498338,3863.1,4000.0,3520,7200,373.2,"void at::native::elementwise_kernel<(int)128, (int)4, void at::native::gpu_kernel_impl_nocast<at::native::direct_copy_kernel_cuda(at::TensorIteratorBase &)::[lambda() (instance 3)]::operator ()() const::[lambda() (instance 1)]::operator ()() const::[lambda(unsigned char) (instance 1)]>(at::TensorIteratorBase &, const T1 &)::[lambda(int) (instance 1)]>(int, T3)"
:stage.process:model.layers.1.self_attn.q_proj,PushPop,2429084,2431523,1,3,470722,156907.3,226209.0,17953,226560,120338.1,"void at::native::index_elementwise_kernel<(int)128, (int)4, void at::native::gpu_index_kernel<void at::native::index_kernel_impl<at::native::OpaqueType<(int)8>>(at::TensorIteratorBase &, c10::ArrayRef<long>, c10::ArrayRef<long>)::[lambda(char *, const char *, long) (instance 1)]>(at::TensorIteratorBase &, c10::ArrayRef<long>, c10::ArrayRef<long>, const T1 &, bool)::[lambda(int) (instance 1)]>(long, T3)"
:stage.process:model.layers.1.self_attn.q_proj,PushPop,2429084,2431523,1,263,447776,1702.6,1696.0,1600,3776,264.0,"void at::native::vectorized_elementwise_kernel<(int)4, at::native::BinaryFunctor<bool, bool, bool, at::native::BitwiseOrFunctor<bool>>, std::array<char *, (unsigned long)3>>(int, T2, T3)"
:stage.process:model.layers.1.self_attn.q_proj,PushPop,2429084,2431523,1,16,326208,20388.0,20320.0,19936,20928,291.2,"void at::native::<unnamed>::CatArrayBatchedCopy<at::native::<unnamed>::OpaqueType<(unsigned int)4>, unsigned int, (int)2, (int)64, (int)64>(T1 *, at::native::<unnamed>::CatArrInputTensorMetadata<T1, T2, T4, T5>, at::native::<unnamed>::TensorSizeStride<T2, (unsigned int)4>, int, T2)"
:stage.process:model.layers.1.self_attn.q_proj,PushPop,2429084,2431523,1,132,309024,2341.1,1760.0,1664,22304,3413.9,"void at::native::vectorized_elementwise_kernel<(int)4, at::native::BinaryFunctor<long, long, bool, at::native::<unnamed>::CompareEqFunctor<long>>, std::array<char *, (unsigned long)3>>(int, T2, T3)"
:stage.process:model.layers.1.self_attn.q_proj,PushPop,2429084,2431523,1,128,278720,2177.5,2176.0,2144,2208,10.5,"void at::native::elementwise_kernel<(int)128, (int)2, void at::native::gpu_kernel_impl_nocast<at::native::BUnaryFunctor<long, long, long, at::native::rshift_kernel_cuda(at::TensorIteratorBase &)::[lambda() (instance 1)]::operator ()() const::[lambda() (instance 4)]::operator ()() const::[lambda(long, long) (instance 1)]>>(at::TensorIteratorBase &, const T1 &)::[lambda(int) (instance 1)]>(int, T3)"
:stage.process:model.layers.1.self_attn.q_proj,PushPop,2429084,2431523,1,17,234240,13778.8,14688.0,11296,15168,1328.5,ampere_sgemm_64x32_sliced1x4_nn
:stage.process:model.layers.1.self_attn.q_proj,PushPop,2429084,2431523,1,10,214560,21456.0,21472.0,21056,21728,246.1,"std::enable_if<!T7, void>::type internal::gemvx::kernel<int, int, float, float, float, float, (bool)0, (bool)1, (bool)1, (bool)0, (int)7, (bool)0, cublasGemvParamsEx<int, cublasGemvTensorStridedBatched<const float>, cublasGemvTensorStridedBatched<const float>, cublasGemvTensorStridedBatched<float>, float>>(T13)"
:stage.process:model.layers.1.self_attn.q_proj,PushPop,2429084,2431523,1,10,205473,20547.3,18592.5,3392,49728,11439.6,"void at::native::elementwise_kernel<(int)128, (int)2, void at::native::gpu_kernel_impl_nocast<at::native::BinaryFunctor<float, float, float, at::native::binary_internal::MulFunctor<float>>>(at::TensorIteratorBase &, const T1 &)::[lambda(int) (instance 1)]>(int, T3)"
:stage.process:model.layers.1.self_attn.q_proj,PushPop,2429084,2431523,1,9,177120,19680.0,19616.0,19296,20160,283.5,"void at::native::vectorized_elementwise_kernel<(int)4, at::native::BinaryFunctor<float, float, float, at::native::binary_internal::MulFunctor<float>>, std::array<char *, (unsigned long)3>>(int, T2, T3)"
:stage.process:model.layers.1.self_attn.q_proj,PushPop,2429084,2431523,1,16,170688,10668.0,10368.0,9248,12256,939.1,void cutlass::Kernel2<cutlass_80_simt_sgemm_128x32_8x5_nn_align1>(T1::Params)
:stage.process:model.layers.1.self_attn.q_proj,PushPop,2429084,2431523,1,3,149088,49696.0,49632.0,48800,50656,929.7,"void at::native::triu_tril_kernel<float, int, (bool)0, (int)2, (bool)1>(at::cuda::detail::TensorInfo<T1, T2>, at::cuda::detail::TensorInfo<const T1, T2>, long, long, T2)"
:stage.process:model.layers.1.self_attn.q_proj,PushPop,2429084,2431523,1,6,132705,22117.5,22080.0,16128,28225,6492.0,"void trsm_batch_left_upper_kernel_small<float, (int)16, (int)16, (int)64>(cublasTrsmBatchParams<T1>, const T1 *const *, T1 *const *, const T1 *, T1)"
:stage.process:model.layers.1.self_attn.q_proj,PushPop,2429084,2431523,1,10,117824,11782.4,11632.0,10912,14304,942.3,"void at::native::reduce_kernel<(int)512, (int)1, at::native::ReduceOp<float, at::native::func_wrapper_t<float, at::native::sum_functor<float, float, float>::operator ()(at::TensorIterator &)::[lambda(float, float) (instance 1)]>, unsigned int, float, (int)4, (int)4>>(T3)"
:stage.process:model.layers.1.self_attn.q_proj,PushPop,2429084,2431523,1,14,107616,7686.9,7280.0,1312,21760,4649.7,"void at::native::vectorized_elementwise_kernel<(int)4, at::native::FillFunctor<float>, std::array<char *, (unsigned long)1>>(int, T2, T3)"
:stage.process:model.layers.1.self_attn.q_proj,PushPop,2429084,2431523,1,9,95232,10581.3,11584.0,1632,12064,3362.9,"void at::native::vectorized_elementwise_kernel<(int)4, at::native::BUnaryFunctor<float, float, float, at::native::binary_internal::MulFunctor<float>>, std::array<char *, (unsigned long)2>>(int, T2, T3)"
:stage.process:model.layers.1.self_attn.q_proj,PushPop,2429084,2431523,1,1,76352,76352.0,76352.0,76352,76352,0.0,"void at::native::<unnamed>::CatArrayBatchedCopy_alignedK_contig<at::native::<unnamed>::OpaqueType<(unsigned int)8>, unsigned int, (int)3, (int)128, (int)1, (int)16>(T1 *, at::native::<unnamed>::CatArrInputTensorMetadata<T1, T2, T4, T5>, at::native::<unnamed>::TensorSizeStride<T2, (unsigned int)4>, int, T2)"
:stage.process:model.layers.1.self_attn.q_proj,PushPop,2429084,2431523,1,10,72129,7212.9,7232.0,3744,11489,2239.7,"void at::native::reduce_kernel<(int)512, (int)1, at::native::ReduceOp<float, at::native::MeanOps<float, float, float, float>, unsigned int, float, (int)4, (int)4>>(T3)"
:stage.process:model.layers.1.self_attn.q_proj,PushPop,2429084,2431523,1,3,53312,17770.7,16768.0,16192,20352,2254.0,"void at::native::vectorized_elementwise_kernel<(int)2, at::native::BinaryFunctor<long, long, long, at::native::BitwiseXorFunctor<long>>, std::array<char *, (unsigned long)3>>(int, T2, T3)"
:stage.process:model.layers.1.self_attn.q_proj,PushPop,2429084,2431523,1,4,42432,10608.0,10608.0,10368,10848,259.3,"void at::native::vectorized_elementwise_kernel<(int)2, at::native::BUnaryFunctor<long, long, long, at::native::rshift_kernel_cuda(at::TensorIteratorBase &)::[lambda() (instance 1)]::operator ()() const::[lambda() (instance 4)]::operator ()() const::[lambda(long, long) (instance 1)]>, std::array<char *, (unsigned long)2>>(int, T2, T3)"
:stage.process:model.layers.1.self_attn.q_proj,PushPop,2429084,2431523,1,10,40480,4048.0,4064.0,3328,4480,409.9,"void at::native::elementwise_kernel<(int)128, (int)2, void at::native::gpu_kernel_impl_nocast<at::native::CUDAFunctorOnSelf_add<float>>(at::TensorIteratorBase &, const T1 &)::[lambda(int) (instance 1)]>(int, T3)"
:stage.process:model.layers.1.self_attn.q_proj,PushPop,2429084,2431523,1,2,38432,19216.0,19216.0,19168,19264,67.9,"void at::native::vectorized_elementwise_kernel<(int)2, at::native::BinaryFunctor<long, long, long, at::native::BitwiseOrFunctor<long>>, std::array<char *, (unsigned long)3>>(int, T2, T3)"
:stage.process:model.layers.1.self_attn.q_proj,PushPop,2429084,2431523,1,6,29440,4906.7,1760.0,1568,11552,5000.8,"void at::native::vectorized_elementwise_kernel<(int)4, at::native::AUnaryFunctor<float, float, float, at::native::binary_internal::MulFunctor<float>>, std::array<char *, (unsigned long)2>>(int, T2, T3)"
:stage.process:model.layers.1.self_attn.q_proj,PushPop,2429084,2431523,1,12,24480,2040.0,2176.0,1728,2240,223.4,"void at::native::vectorized_elementwise_kernel<(int)4, at::native::<unnamed>::CompareFunctor<float>, std::array<char *, (unsigned long)3>>(int, T2, T3)"
:stage.process:model.layers.1.self_attn.q_proj,PushPop,2429084,2431523,1,3,20864,6954.7,8352.0,3872,8640,2673.5,"void at::native::unrolled_elementwise_kernel<at::native::direct_copy_kernel_cuda(at::TensorIteratorBase &)::[lambda() (instance 3)]::operator ()() const::[lambda() (instance 3)]::operator ()() const::[lambda(int) (instance 1)], std::array<char *, (unsigned long)2>, (int)4, TrivialOffsetCalculator<(int)1, unsigned int>, TrivialOffsetCalculator<(int)1, unsigned int>, at::native::memory::LoadWithCast<(int)1>, at::native::memory::StoreWithCast<(int)1>>(int, T1, T2, T4, T5, T6, T7)"
:stage.process:model.layers.1.self_attn.q_proj,PushPop,2429084,2431523,1,2,20480,10240.0,10240.0,9984,10496,362.0,"void at::native::vectorized_elementwise_kernel<(int)2, at::native::BUnaryFunctor<long, long, long, at::native::lshift_kernel_cuda(at::TensorIteratorBase &)::[lambda() (instance 1)]::operator ()() const::[lambda() (instance 4)]::operator ()() const::[lambda(long, long) (instance 1)]>, std::array<char *, (unsigned long)2>>(int, T2, T3)"
:stage.process:model.layers.1.self_attn.q_proj,PushPop,2429084,2431523,1,1,19680,19680.0,19680.0,19680,19680,0.0,"void at::native::elementwise_kernel<(int)128, (int)2, void at::native::gpu_kernel_impl_nocast<at::native::BinaryFunctor<float, float, float, at::native::binary_internal::DivFunctor<float>>>(at::TensorIteratorBase &, const T1 &)::[lambda(int) (instance 1)]>(int, T3)"
:stage.process:model.layers.1.self_attn.q_proj,PushPop,2429084,2431523,1,6,18528,3088.0,1664.0,1568,10080,3427.5,"void at::native::vectorized_elementwise_kernel<(int)2, at::native::AUnaryFunctor<long, long, long, at::native::binary_internal::MulFunctor<long>>, std::array<char *, (unsigned long)2>>(int, T2, T3)"
:stage.process:model.layers.1.self_attn.q_proj,PushPop,2429084,2431523,1,5,17696,3539.2,1696.0,1632,11040,4193.2,"void at::native::vectorized_elementwise_kernel<(int)2, at::native::CUDAFunctorOnSelf_add<long>, std::array<char *, (unsigned long)2>>(int, T2, T3)"
:stage.process:model.layers.1.self_attn.q_proj,PushPop,2429084,2431523,1,1,16800,16800.0,16800.0,16800,16800,0.0,"void at::native::vectorized_elementwise_kernel<(int)4, void at::native::<unnamed>::pow_tensor_scalar_kernel_impl<float, float>(at::TensorIteratorBase &, T2)::[lambda(float) (instance 1)], std::array<char *, (unsigned long)2>>(int, T2, T3)"
:stage.process:model.layers.1.self_attn.q_proj,PushPop,2429084,2431523,1,4,14816,3704.0,3664.0,3456,4032,266.9,"void at::native::vectorized_elementwise_kernel<(int)2, at::native::BUnaryFunctor<long, long, long, at::native::remainder_kernel_cuda(at::TensorIteratorBase &)::[lambda() (instance 1)]::operator ()() const::[lambda() (instance 4)]::operator ()() const::[lambda(long, long) (instance 1)]>, std::array<char *, (unsigned long)2>>(int, T2, T3)"
:stage.process:model.layers.1.self_attn.q_proj,PushPop,2429084,2431523,1,3,13536,4512.0,4640.0,4096,4800,369.0,"void at::native::elementwise_kernel<(int)128, (int)2, void at::native::gpu_kernel_impl_nocast<at::native::direct_copy_kernel_cuda(at::TensorIteratorBase &)::[lambda() (instance 3)]::operator ()() const::[lambda() (instance 3)]::operator ()() const::[lambda(int) (instance 1)]>(at::TensorIteratorBase &, const T1 &)::[lambda(int) (instance 1)]>(int, T3)"
:stage.process:model.layers.1.self_attn.q_proj,PushPop,2429084,2431523,1,8,12256,1532.0,1536.0,1440,1568,43.4,"void at::native::unrolled_elementwise_kernel<at::native::AUnaryFunctor<long, long, long, at::native::BitwiseAndFunctor<long>>, std::array<char *, (unsigned long)2>, (int)4, TrivialOffsetCalculator<(int)1, unsigned int>, TrivialOffsetCalculator<(int)1, unsigned int>, at::native::memory::LoadWithoutCast, at::native::memory::StoreWithoutCast>(int, T1, T2, T4, T5, T6, T7)"
:stage.process:model.layers.1.self_attn.q_proj,PushPop,2429084,2431523,1,1,11456,11456.0,11456.0,11456,11456,0.0,"void at::native::vectorized_elementwise_kernel<(int)4, at::native::float16_copy_kernel_cuda(at::TensorIteratorBase &)::[lambda(float) (instance 1)], std::array<char *, (unsigned long)2>>(int, T2, T3)"
:stage.process:model.layers.1.self_attn.q_proj,PushPop,2429084,2431523,1,6,11424,1904.0,1904.0,1888,1920,17.5,"void at::native::vectorized_elementwise_kernel<(int)4, at::native::FillFunctor<unsigned char>, std::array<char *, (unsigned long)1>>(int, T2, T3)"
:stage.process:model.layers.1.self_attn.q_proj,PushPop,2429084,2431523,1,1,11360,11360.0,11360.0,11360,11360,0.0,"void at::native::reduce_kernel<(int)128, (int)4, at::native::ReduceOp<long, at::native::func_wrapper_t<long, at::native::sum_functor<long, long, long>::operator ()(at::TensorIterator &)::[lambda(long, long) (instance 1)]>, unsigned int, long, (int)4, (int)4>>(T3)"
:stage.process:model.layers.1.self_attn.q_proj,PushPop,2429084,2431523,1,3,10656,3552.0,3648.0,3328,3680,194.6,"void at::native::unrolled_elementwise_kernel<at::native::direct_copy_kernel_cuda(at::TensorIteratorBase &)::[lambda() (instance 3)]::operator ()() const::[lambda() (instance 1)]::operator ()() const::[lambda(unsigned char) (instance 1)], std::array<char *, (unsigned long)2>, (int)4, TrivialOffsetCalculator<(int)1, unsigned int>, TrivialOffsetCalculator<(int)1, unsigned int>, at::native::memory::LoadWithCast<(int)1>, at::native::memory::StoreWithCast<(int)1>>(int, T1, T2, T4, T5, T6, T7)"
:stage.process:model.layers.1.self_attn.q_proj,PushPop,2429084,2431523,1,1,9184,9184.0,9184.0,9184,9184,0.0,ampere_sgemm_32x32_sliced1x4_nn
:stage.process:model.layers.1.self_attn.q_proj,PushPop,2429084,2431523,1,4,8320,2080.0,2048.0,1952,2272,135.8,"void at::native::vectorized_elementwise_kernel<(int)4, at::native::FillFunctor<bool>, std::array<char *, (unsigned long)1>>(int, T2, T3)"
:stage.process:model.layers.1.self_attn.q_proj,PushPop,2429084,2431523,1,3,7968,2656.0,2624.0,2560,2784,115.4,"void at::native::vectorized_elementwise_kernel<(int)4, at::native::AUnaryFunctor<unsigned char, unsigned char, bool, at::native::<unnamed>::CompareEqFunctor<unsigned char>>, std::array<char *, (unsigned long)2>>(int, T2, T3)"
:stage.process:model.layers.1.self_attn.q_proj,PushPop,2429084,2431523,1,2,7680,3840.0,3840.0,3808,3872,45.3,"void at::native::vectorized_elementwise_kernel<(int)2, at::native::BUnaryFunctor<long, long, long, at::native::binary_internal::div_floor_kernel_cuda(at::TensorIteratorBase &)::[lambda() (instance 1)]::operator ()() const::[lambda() (instance 4)]::operator ()() const::[lambda(long, long) (instance 1)]>, std::array<char *, (unsigned long)2>>(int, T2, T3)"
:stage.process:model.layers.1.self_attn.q_proj,PushPop,2429084,2431523,1,4,7424,1856.0,1888.0,1760,1888,64.0,"void at::native::vectorized_elementwise_kernel<(int)4, void at::native::compare_scalar_kernel<c10::Half>(at::TensorIteratorBase &, at::native::<unnamed>::OpType, T1)::[lambda(c10::Half) (instance 1)], std::array<char *, (unsigned long)2>>(int, T2, T3)"
:stage.process:model.layers.1.self_attn.q_proj,PushPop,2429084,2431523,1,2,6624,3312.0,3312.0,3296,3328,22.6,"void at::native::elementwise_kernel<(int)128, (int)2, void at::native::gpu_kernel_impl_nocast<at::native::AbsFunctor<float>>(at::TensorIteratorBase &, const T1 &)::[lambda(int) (instance 1)]>(int, T3)"
:stage.process:model.layers.1.self_attn.q_proj,PushPop,2429084,2431523,1,2,6368,3184.0,3184.0,3168,3200,22.6,"void at::native::elementwise_kernel<(int)128, (int)2, void at::native::gpu_kernel_impl_nocast<at::native::CUDAFunctor_add<long>>(at::TensorIteratorBase &, const T1 &)::[lambda(int) (instance 1)]>(int, T3)"
:stage.process:model.layers.1.self_attn.q_proj,PushPop,2429084,2431523,1,3,5728,1909.3,1952.0,1760,2016,133.2,"void at::native::vectorized_elementwise_kernel<(int)4, at::native::BinaryFunctor<float, float, float, at::native::maximum_kernel_cuda(at::TensorIteratorBase &)::[lambda() (instance 2)]::operator ()() const::[lambda() (instance 2)]::operator ()() const::[lambda(float, float) (instance 1)]>, std::array<char *, (unsigned long)3>>(int, T2, T3)"
:stage.process:model.layers.1.self_attn.q_proj,PushPop,2429084,2431523,1,3,4960,1653.3,1664.0,1472,1824,176.2,"xxtrf4_set_info_ker(int, int *)"
:stage.process:model.layers.1.self_attn.q_proj,PushPop,2429084,2431523,1,2,4736,2368.0,2368.0,2368,2368,0.0,"void at::native::vectorized_elementwise_kernel<(int)2, at::native::CUDAFunctorOnOther_add<long>, std::array<char *, (unsigned long)2>>(int, T2, T3)"
:stage.process:model.layers.1.self_attn.q_proj,PushPop,2429084,2431523,1,1,4384,4384.0,4384.0,4384,4384,0.0,"void at::native::<unnamed>::CatArrayBatchedCopy_vectorized<at::native::<unnamed>::OpaqueType<(unsigned int)2>, unsigned int, (int)1, (int)128, (int)1, (int)16, (int)8>(char *, at::native::<unnamed>::CatArrInputTensorMetadata<T1, T2, T4, T5>, at::native::<unnamed>::TensorSizeStride<T2, (unsigned int)4>, int, T2)"
:stage.process:model.layers.1.self_attn.q_proj,PushPop,2429084,2431523,1,1,3712,3712.0,3712.0,3712,3712,0.0,"void at::native::vectorized_elementwise_kernel<(int)4, at::native::AUnaryFunctor<unsigned char, unsigned char, unsigned char, at::native::binary_internal::MulFunctor<unsigned char>>, std::array<char *, (unsigned long)2>>(int, T2, T3)"
:stage.process:model.layers.1.self_attn.q_proj,PushPop,2429084,2431523,1,1,2816,2816.0,2816.0,2816,2816,0.0,"void at::native::vectorized_elementwise_kernel<(int)4, at::native::BinaryFunctor<unsigned char, unsigned char, bool, at::native::<unnamed>::CompareEqFunctor<unsigned char>>, std::array<char *, (unsigned long)3>>(int, T2, T3)"
:stage.process:model.layers.1.self_attn.q_proj,PushPop,2429084,2431523,1,1,2272,2272.0,2272.0,2272,2272,0.0,"void at::native::unrolled_elementwise_kernel<at::native::<unnamed>::CompareFunctor<c10::Half>, std::array<char *, (unsigned long)3>, (int)4, TrivialOffsetCalculator<(int)2, unsigned int>, TrivialOffsetCalculator<(int)1, unsigned int>, at::native::memory::LoadWithoutCast, at::native::memory::StoreWithoutCast>(int, T1, T2, T4, T5, T6, T7)"
:stage.process:model.layers.1.self_attn.q_proj,PushPop,2429084,2431523,1,1,2176,2176.0,2176.0,2176,2176,0.0,"void at::native::vectorized_elementwise_kernel<(int)4, at::native::sqrt_kernel_cuda(at::TensorIteratorBase &)::[lambda() (instance 2)]::operator ()() const::[lambda() (instance 2)]::operator ()() const::[lambda(float) (instance 1)], std::array<char *, (unsigned long)2>>(int, T2, T3)"
:stage.process:model.layers.1.self_attn.q_proj,PushPop,2429084,2431523,1,1,2112,2112.0,2112.0,2112,2112,0.0,"void at::native::unrolled_elementwise_kernel<at::native::direct_copy_kernel_cuda(at::TensorIteratorBase &)::[lambda() (instance 3)]::operator ()() const::[lambda() (instance 11)]::operator ()() const::[lambda(bool) (instance 1)], std::array<char *, (unsigned long)2>, (int)4, TrivialOffsetCalculator<(int)1, unsigned int>, TrivialOffsetCalculator<(int)1, unsigned int>, at::native::memory::LoadWithCast<(int)1>, at::native::memory::StoreWithCast<(int)1>>(int, T1, T2, T4, T5, T6, T7)"
:stage.process:model.layers.1.self_attn.q_proj,PushPop,2429084,2431523,1,1,1760,1760.0,1760.0,1760,1760,0.0,"void at::native::vectorized_elementwise_kernel<(int)4, at::native::<unnamed>::launch_clamp_scalar(at::TensorIteratorBase &, c10::Scalar, c10::Scalar, at::native::detail::ClampLimits)::[lambda() (instance 1)]::operator ()() const::[lambda() (instance 7)]::operator ()() const::[lambda(float) (instance 1)], std::array<char *, (unsigned long)2>>(int, T2, T3)"
:stage.process:model.layers.1.self_attn.v_proj,PushPop,2429084,2431523,1,7632,1111723549,145666.1,147232.0,132768,151872,3608.2,"void <unnamed>::qvq_v2_segment_grid_kernel<(int)4, (int)2, (int)16, (bool)1, (bool)0, __half, unsigned char>(const float *, const T6 *, const float *, const long *, const float *, const float *, float *, T7 *, unsigned char *, int, int, int, bool, bool)"
:stage.process:model.layers.1.self_attn.v_proj,PushPop,2429084,2431523,1,574,784977064,1367555.9,1368002.5,1354115,1375971,2889.6,"void <unnamed>::qvq_viterbi_kernel<(int)4, (int)2, __half, unsigned char>(const float *, const T3 *, const float *, const long *, const float *, T4 *, long *, float *, int, int, int, bool, bool, bool)"
:stage.process:model.layers.1.self_attn.v_proj,PushPop,2429084,2431523,1,256,324950426,1269337.6,1269331.0,1266947,1272771,1142.0,void <unnamed>::qvq_fused_w2_family_grid_kernel<(bool)0>(<unnamed>::FusedSequenceArgs)
:stage.process:model.layers.1.self_attn.v_proj,PushPop,2429084,2431523,1,954,76783104,80485.4,81632.0,67648,86753,3827.2,"void <unnamed>::qvq_v2_segment_grid_finalize_kernel<(int)4, (int)2, (int)16, (bool)0, __half, unsigned char>(const float *, const T5 *, const float *, const long *, const float *, const float *, const T6 *, const unsigned char *, long *, unsigned char *, float *, int, int, bool, bool)"
:stage.process:model.layers.1.self_attn.v_proj,PushPop,2429084,2431523,1,468,30180864,64489.0,70656.0,20864,71584,14666.5,void cutlass::Kernel2<cutlass_80_simt_sgemm_128x32_8x5_nt_align1>(T1::Params)
:stage.process:model.layers.1.self_attn.v_proj,PushPop,2429084,2431523,1,2544,23203309,9120.8,7712.0,4000,18240,3846.1,"void at::native::index_elementwise_kernel<(int)128, (int)4, void at::native::gpu_index_kernel<void at::native::index_kernel_impl<at::native::OpaqueType<(int)4>>(at::TensorIteratorBase &, c10::ArrayRef<long>, c10::ArrayRef<long>)::[lambda(char *, const char *, long) (instance 1)]>(at::TensorIteratorBase &, c10::ArrayRef<long>, c10::ArrayRef<long>, const T1 &, bool)::[lambda(int) (instance 1)]>(long, T3)"
:stage.process:model.layers.1.self_attn.v_proj,PushPop,2429084,2431523,1,256,22750448,88868.9,88800.0,86784,91808,830.0,"<unnamed>::qvq_fused_w2_traceback_kernel(const unsigned char *, const unsigned char *, const int *, long *, unsigned char *, int)"
:stage.process:model.layers.1.self_attn.v_proj,PushPop,2429084,2431523,1,2580,13152638,5097.9,4672.0,2752,11584,1494.6,"void at::native::reduce_kernel<(int)512, (int)1, at::native::ReduceOp<bool, at::native::func_wrapper_t<bool, at::native::and_kernel_cuda(at::TensorIterator &)::[lambda() (instance 1)]::operator ()() const::[lambda() (instance 12)]::operator ()() const::[lambda(bool, bool) (instance 1)]>, unsigned int, bool, (int)4, (int)4>>(T3)"
:stage.process:model.layers.1.self_attn.v_proj,PushPop,2429084,2431523,1,1021,8446100,8272.4,8608.0,4416,11008,1425.5,"void at::native::index_elementwise_kernel<(int)128, (int)4, void at::native::gpu_index_kernel<void at::native::index_kernel_impl<at::native::OpaqueType<(int)2>>(at::TensorIteratorBase &, c10::ArrayRef<long>, c10::ArrayRef<long>)::[lambda(char *, const char *, long) (instance 1)]>(at::TensorIteratorBase &, c10::ArrayRef<long>, c10::ArrayRef<long>, const T1 &, bool)::[lambda(int) (instance 1)]>(long, T3)"
:stage.process:model.layers.1.self_attn.v_proj,PushPop,2429084,2431523,1,1272,8274161,6504.8,6560.0,3456,7008,376.8,"void at::native::index_elementwise_kernel<(int)128, (int)4, void at::native::gpu_index_kernel<void at::native::index_put_kernel_impl<at::native::OpaqueType<(int)4>>(at::TensorIterator &, c10::ArrayRef<long>, c10::ArrayRef<long>)::[lambda(char *, const char *, long) (instance 1)]>(at::TensorIteratorBase &, c10::ArrayRef<long>, c10::ArrayRef<long>, const T1 &, bool)::[lambda(int) (instance 1)]>(long, T3)"
:stage.process:model.layers.1.self_attn.v_proj,PushPop,2429084,2431523,1,1404,6474354,4611.4,4672.0,3200,5056,268.0,"void at::native::reduce_kernel<(int)512, (int)1, at::native::ReduceOp<float, at::native::func_wrapper_t<float, at::native::MaxNanFunctor<float>>, unsigned int, float, (int)4, (int)4>>(T3)"
:stage.process:model.layers.1.self_attn.v_proj,PushPop,2429084,2431523,1,772,6004718,7778.1,7744.0,7424,8320,169.9,"void at::native::reduce_kernel<(int)512, (int)1, at::native::ReduceOp<c10::Half, at::native::func_wrapper_t<c10::Half, at::native::MaxNanFunctor<c10::Half>>, unsigned int, c10::Half, (int)4, (int)4>>(T3)"
:stage.process:model.layers.1.self_attn.v_proj,PushPop,2429084,2431523,1,1841,5998957,3258.5,3104.0,2144,45312,2706.5,"void at::native::elementwise_kernel<(int)128, (int)2, void at::native::gpu_kernel_impl_nocast<at::native::direct_copy_kernel_cuda(at::TensorIteratorBase &)::[lambda() (instance 3)]::operator ()() const::[lambda() (instance 7)]::operator ()() const::[lambda(float) (instance 1)]>(at::TensorIteratorBase &, const T1 &)::[lambda(int) (instance 1)]>(int, T3)"
:stage.process:model.layers.1.self_attn.v_proj,PushPop,2429084,2431523,1,400,5819374,14548.4,4032.0,4000,66560,20361.5,ampere_sgemm_32x128_nt
:stage.process:model.layers.1.self_attn.v_proj,PushPop,2429084,2431523,1,2843,5775597,2031.5,1984.0,1504,18304,549.8,"void at::native::vectorized_elementwise_kernel<(int)4, at::native::AbsFunctor<float>, std::array<char *, (unsigned long)2>>(int, T2, T3)"
:stage.process:model.layers.1.self_attn.v_proj,PushPop,2429084,2431523,1,66,5004932,75832.3,47152.0,38304,245792,71180.5,ampere_sgemm_32x32_sliced1x4_nt
:stage.process:model.layers.1.self_attn.v_proj,PushPop,2429084,2431523,1,2209,4679976,2118.6,2048.0,1632,6688,215.9,"void at::native::vectorized_elementwise_kernel<(int)4, at::native::BinaryFunctor<bool, bool, bool, at::native::binary_internal::MulFunctor<bool>>, std::array<char *, (unsigned long)3>>(int, T2, T3)"
:stage.process:model.layers.1.self_attn.v_proj,PushPop,2429084,2431523,1,262,4473807,17075.6,5024.0,3296,57248,16996.4,"void gemmSN_NN_kernel<float, (int)256, (int)4, (int)2, (int)8, (int)4, (int)4, (bool)0, cublasGemvTensorStridedBatched<const float>, cublasGemvTensorStridedBatched<const float>, cublasGemvTensorStridedBatched<float>>(cublasGemmSmallNParams<T9, T10, T11, T1>)"
:stage.process:model.layers.1.self_attn.v_proj,PushPop,2429084,2431523,1,636,4306382,6771.0,6880.0,3520,7200,506.5,"void at::native::index_elementwise_kernel<(int)128, (int)4, void at::native::gpu_index_kernel<void at::native::index_put_kernel_impl<at::native::OpaqueType<(int)8>>(at::TensorIterator &, c10::ArrayRef<long>, c10::ArrayRef<long>)::[lambda(char *, const char *, long) (instance 1)]>(at::TensorIteratorBase &, c10::ArrayRef<long>, c10::ArrayRef<long>, const T1 &, bool)::[lambda(int) (instance 1)]>(long, T3)"
:stage.process:model.layers.1.self_attn.v_proj,PushPop,2429084,2431523,1,1528,3925928,2569.3,2688.0,2176,3040,276.6,"<unnamed>::qvq_half2_codebook_norm_pack_kernel(const __half *, unsigned long *, int)"
:stage.process:model.layers.1.self_attn.v_proj,PushPop,2429084,2431523,1,901,3483877,3866.7,3840.0,2656,6848,226.2,"void at::native::unrolled_elementwise_kernel<at::native::direct_copy_kernel_cuda(at::TensorIteratorBase &)::[lambda() (instance 3)]::operator ()() const::[lambda() (instance 7)]::operator ()() const::[lambda(float) (instance 1)], std::array<char *, (unsigned long)2>, (int)4, TrivialOffsetCalculator<(int)1, unsigned int>, TrivialOffsetCalculator<(int)1, unsigned int>, at::native::memory::LoadWithCast<(int)1>, at::native::memory::StoreWithCast<(int)1>>(int, T1, T2, T4, T5, T6, T7)"
:stage.process:model.layers.1.self_attn.v_proj,PushPop,2429084,2431523,1,1542,3304804,2143.2,2144.0,2016,2784,50.7,"void at::native::vectorized_elementwise_kernel<(int)4, at::native::AbsFunctor<c10::Half>, std::array<char *, (unsigned long)2>>(int, T2, T3)"
:stage.process:model.layers.1.self_attn.v_proj,PushPop,2429084,2431523,1,516,3170503,6144.4,6400.0,4320,6848,707.8,"void gemmSN_NN_kernel<float, (int)128, (int)2, (int)4, (int)8, (int)4, (int)4, (bool)0, cublasGemvTensorStridedBatched<const float>, cublasGemvTensorStridedBatched<const float>, cublasGemvTensorStridedBatched<float>>(cublasGemmSmallNParams<T9, T10, T11, T1>)"
:stage.process:model.layers.1.self_attn.v_proj,PushPop,2429084,2431523,1,1440,3010790,2090.8,2080.0,1504,12736,572.5,"void at::native::vectorized_elementwise_kernel<(int)4, at::native::BinaryFunctor<float, float, bool, at::native::<unnamed>::CompareEqFunctor<float>>, std::array<char *, (unsigned long)3>>(int, T2, T3)"
:stage.process:model.layers.1.self_attn.v_proj,PushPop,2429084,2431523,1,1439,2945353,2046.8,2048.0,1504,6176,236.5,"void at::native::vectorized_elementwise_kernel<(int)4, at::native::AUnaryFunctor<float, float, bool, at::native::<unnamed>::CompareEqFunctor<float>>, std::array<char *, (unsigned long)2>>(int, T2, T3)"
:stage.process:model.layers.1.self_attn.v_proj,PushPop,2429084,2431523,1,12,2774595,231216.3,231216.0,231008,231489,153.1,ampere_sgemm_128x64_nn
:stage.process:model.layers.1.self_attn.v_proj,PushPop,2429084,2431523,1,862,2621732,3041.5,3136.0,1856,8832,274.1,"void at::native::elementwise_kernel<(int)128, (int)2, void at::native::gpu_kernel_impl_nocast<at::native::direct_copy_kernel_cuda(at::TensorIteratorBase &)::[lambda() (instance 3)]::operator ()() const::[lambda() (instance 4)]::operator ()() const::[lambda(long) (instance 1)]>(at::TensorIteratorBase &, const T1 &)::[lambda(int) (instance 1)]>(int, T3)"
:stage.process:model.layers.1.self_attn.v_proj,PushPop,2429084,2431523,1,256,2461669,9615.9,9472.0,9184,14176,460.7,"<unnamed>::qvq_fused_detect_family_mask_kernel(const unsigned int *, int *)"
:stage.process:model.layers.1.self_attn.v_proj,PushPop,2429084,2431523,1,1276,2377830,1863.5,1824.5,1536,2208,129.9,"void at::native::vectorized_elementwise_kernel<(int)4, at::native::BinaryFunctor<bool, bool, bool, at::native::logical_or_kernel_cuda(at::TensorIterator &)::[lambda() (instance 2)]::operator ()() const::[lambda() (instance 9)]::operator ()() const::[lambda(bool, bool) (instance 1)]>, std::array<char *, (unsigned long)3>>(int, T2, T3)"
:stage.process:model.layers.1.self_attn.v_proj,PushPop,2429084,2431523,1,282,2304419,8171.7,8160.0,7840,8416,78.1,"void batch_trsm_left_kernel<float, (int)64, (int)4, (int)3, (bool)0, (bool)0, (bool)1>(cublasTrsmBatchParams2<T1>, T1, const T1 *, int)"
:stage.process:model.layers.1.self_attn.v_proj,PushPop,2429084,2431523,1,477,2190982,4593.3,4832.0,3136,5344,589.0,"void at::native::index_elementwise_kernel<(int)128, (int)4, void at::native::gpu_index_kernel<void at::native::index_put_kernel_impl<at::native::OpaqueType<(int)1>>(at::TensorIterator &, c10::ArrayRef<long>, c10::ArrayRef<long>)::[lambda(char *, const char *, long) (instance 1)]>(at::TensorIteratorBase &, c10::ArrayRef<long>, c10::ArrayRef<long>, const T1 &, bool)::[lambda(int) (instance 1)]>(long, T3)"
:stage.process:model.layers.1.self_attn.v_proj,PushPop,2429084,2431523,1,892,2181536,2445.7,2432.0,1856,2624,98.9,"void at::native::roll_cuda_kernel<float>(const T1 *, T1 *, long, long, long, long, long, long)"
:stage.process:model.layers.1.self_attn.v_proj,PushPop,2429084,2431523,1,3,2090500,696833.3,926722.0,235968,927810,399121.5,"void kernel<getrf_wo_pivot_params_<float, (int)0, (int)256, (int)1, (int)64, (int)64, (int)68, (int)8, (int)1, (int)1>>(int, int, void *, int, void *, int, int, int, int, int, int *)"
:stage.process:model.layers.1.self_attn.v_proj,PushPop,2429084,2431523,1,413,1999460,4841.3,3776.0,3200,45920,3307.1,"void at::native::elementwise_kernel<(int)128, (int)2, void at::native::gpu_kernel_impl_nocast<at::native::CUDAFunctor_add<float>>(at::TensorIteratorBase &, const T1 &)::[lambda(int) (instance 1)]>(int, T3)"
:stage.process:model.layers.1.self_attn.v_proj,PushPop,2429084,2431523,1,1150,1972417,1715.1,1696.0,1536,2080,69.2,"void at::native::vectorized_elementwise_kernel<(int)4, void at::native::compare_scalar_kernel<float>(at::TensorIteratorBase &, at::native::<unnamed>::OpType, T1)::[lambda(float) (instance 1)], std::array<char *, (unsigned long)2>>(int, T2, T3)"
:stage.process:model.layers.1.self_attn.v_proj,PushPop,2429084,2431523,1,884,1960162,2217.4,2240.0,1856,2752,171.3,"void at::native::elementwise_kernel<(int)128, (int)2, void at::native::gpu_kernel_impl_nocast<at::native::AUnaryFunctor<long, long, long, at::native::BitwiseAndFunctor<long>>>(at::TensorIteratorBase &, const T1 &)::[lambda(int) (instance 1)]>(int, T3)"
:stage.process:model.layers.1.self_attn.v_proj,PushPop,2429084,2431523,1,792,1841222,2324.8,2176.0,1600,9920,855.8,"void at::native::vectorized_elementwise_kernel<(int)4, at::native::CUDAFunctor_add<float>, std::array<char *, (unsigned long)3>>(int, T2, T3)"
:stage.process:model.layers.1.self_attn.v_proj,PushPop,2429084,2431523,1,770,1729573,2246.2,2240.0,1760,2304,23.7,"void at::native::vectorized_elementwise_kernel<(int)4, at::native::BinaryFunctor<c10::Half, c10::Half, bool, at::native::<unnamed>::CompareEqFunctor<c10::Half>>, std::array<char *, (unsigned long)3>>(int, T2, T3)"
:stage.process:model.layers.1.self_attn.v_proj,PushPop,2429084,2431523,1,770,1703298,2212.1,2208.0,1728,2304,27.1,"void at::native::vectorized_elementwise_kernel<(int)4, at::native::AUnaryFunctor<c10::Half, c10::Half, bool, at::native::<unnamed>::CompareEqFunctor<c10::Half>>, std::array<char *, (unsigned long)2>>(int, T2, T3)"
:stage.process:model.layers.1.self_attn.v_proj,PushPop,2429084,2431523,1,613,1653730,2697.8,2624.0,1856,4768,461.2,"void at::native::unrolled_elementwise_kernel<at::native::direct_copy_kernel_cuda(at::TensorIteratorBase &)::[lambda() (instance 3)]::operator ()() const::[lambda() (instance 4)]::operator ()() const::[lambda(long) (instance 1)], std::array<char *, (unsigned long)2>, (int)4, TrivialOffsetCalculator<(int)1, unsigned int>, TrivialOffsetCalculator<(int)1, unsigned int>, at::native::memory::LoadWithCast<(int)1>, at::native::memory::StoreWithCast<(int)1>>(int, T1, T2, T4, T5, T6, T7)"
:stage.process:model.layers.1.self_attn.v_proj,PushPop,2429084,2431523,1,82,1504739,18350.5,9760.0,5952,89408,26173.5,ampere_sgemm_32x32_sliced1x4_nn
:stage.process:model.layers.1.self_attn.v_proj,PushPop,2429084,2431523,1,782,1393027,1781.4,1729.0,1600,4928,198.4,"void at::native::vectorized_elementwise_kernel<(int)4, void at::native::compare_scalar_kernel<long>(at::TensorIteratorBase &, at::native::<unnamed>::OpType, T1)::[lambda(long) (instance 1)], std::array<char *, (unsigned long)2>>(int, T2, T3)"
:stage.process:model.layers.1.self_attn.v_proj,PushPop,2429084,2431523,1,512,1328996,2595.7,2624.0,2368,2880,95.7,"void at::native::unrolled_elementwise_kernel<at::native::BinaryFunctor<float, float, float, at::native::maximum_kernel_cuda(at::TensorIteratorBase &)::[lambda() (instance 2)]::operator ()() const::[lambda() (instance 2)]::operator ()() const::[lambda(float, float) (instance 1)]>, std::array<char *, (unsigned long)3>, (int)4, TrivialOffsetCalculator<(int)2, unsigned int>, TrivialOffsetCalculator<(int)1, unsigned int>, at::native::memory::LoadWithCast<(int)2>, at::native::memory::StoreWithCast<(int)1>>(int, T1, T2, T4, T5, T6, T7)"
:stage.process:model.layers.1.self_attn.v_proj,PushPop,2429084,2431523,1,636,1260579,1982.0,2048.0,1632,2304,128.7,"void at::native::vectorized_elementwise_kernel<(int)4, at::native::bitwise_not_kernel_cuda(at::TensorIteratorBase &)::[lambda(bool) (instance 1)], std::array<char *, (unsigned long)2>>(int, T2, T3)"
:stage.process:model.layers.1.self_attn.v_proj,PushPop,2429084,2431523,1,256,1004770,3924.9,3936.0,3808,4064,91.6,"void at::native::elementwise_kernel<(int)128, (int)4, void at::native::gpu_kernel_impl_nocast<at::native::direct_copy_kernel_cuda(at::TensorIteratorBase &)::[lambda() (instance 3)]::operator ()() const::[lambda() (instance 10)]::operator ()() const::[lambda(c10::Half) (instance 1)]>(at::TensorIteratorBase &, const T1 &)::[lambda(int) (instance 1)]>(int, T3)"
:stage.process:model.layers.1.self_attn.v_proj,PushPop,2429084,2431523,1,263,948357,3605.9,3488.0,3296,8768,748.1,"void at::native::reduce_kernel<(int)512, (int)1, at::native::ReduceOp<bool, at::native::func_wrapper_t<bool, at::native::or_kernel_cuda(at::TensorIterator &)::[lambda() (instance 1)]::operator ()() const::[lambda() (instance 12)]::operator ()() const::[lambda(bool, bool) (instance 1)]>, unsigned int, bool, (int)4, (int)4>>(T3)"
:stage.process:model.layers.1.self_attn.v_proj,PushPop,2429084,2431523,1,638,916930,1437.2,1440.0,1312,3296,109.1,"void at::native::vectorized_elementwise_kernel<(int)2, at::native::FillFunctor<long>, std::array<char *, (unsigned long)1>>(int, T2, T3)"
:stage.process:model.layers.1.self_attn.v_proj,PushPop,2429084,2431523,1,587,801506,1365.4,1376.0,1248,1952,71.1,"void <unnamed>::elementwise_kernel_with_index<int, at::native::arange_cuda_out(const c10::Scalar &, const c10::Scalar &, const c10::Scalar &, at::Tensor &)::[lambda() (instance 1)]::operator ()() const::[lambda() (instance 4)]::operator ()() const::[lambda(long) (instance 1)]>(T1, T2, function_traits<T2>::result_type *)"
:stage.process:model.layers.1.self_attn.v_proj,PushPop,2429084,2431523,1,128,599233,4681.5,4672.0,4416,5120,84.7,"void at::native::unrolled_elementwise_kernel<at::native::CUDAFunctor_add<float>, std::array<char *, (unsigned long)3>, (int)4, TrivialOffsetCalculator<(int)2, unsigned int>, TrivialOffsetCalculator<(int)1, unsigned int>, at::native::memory::LoadWithCast<(int)2>, at::native::memory::StoreWithCast<(int)1>>(int, T1, T2, T4, T5, T6, T7)"
:stage.process:model.layers.1.self_attn.v_proj,PushPop,2429084,2431523,1,263,456832,1737.0,1728.0,1696,2592,113.6,"void at::native::vectorized_elementwise_kernel<(int)4, at::native::BinaryFunctor<bool, bool, bool, at::native::BitwiseOrFunctor<bool>>, std::array<char *, (unsigned long)3>>(int, T2, T3)"
:stage.process:model.layers.1.self_attn.v_proj,PushPop,2429084,2431523,1,2,449121,224560.5,224560.5,224416,224705,204.4,ampere_sgemm_128x32_nn
:stage.process:model.layers.1.self_attn.v_proj,PushPop,2429084,2431523,1,129,400034,3101.0,3168.0,2912,4001,142.4,"void at::native::elementwise_kernel<(int)128, (int)4, void at::native::gpu_kernel_impl_nocast<at::native::direct_copy_kernel_cuda(at::TensorIteratorBase &)::[lambda() (instance 3)]::operator ()() const::[lambda() (instance 1)]::operator ()() const::[lambda(unsigned char) (instance 1)]>(at::TensorIteratorBase &, const T1 &)::[lambda(int) (instance 1)]>(int, T3)"
:stage.process:model.layers.1.self_attn.v_proj,PushPop,2429084,2431523,1,42,383616,9133.7,8688.0,7488,11168,1288.4,ampere_sgemm_64x32_sliced1x4_nn
:stage.process:model.layers.1.self_attn.v_proj,PushPop,2429084,2431523,1,256,363904,1421.5,1440.0,1312,1472,37.6,"void at::native::vectorized_elementwise_kernel<(int)4, at::native::FillFunctor<int>, std::array<char *, (unsigned long)1>>(int, T2, T3)"
:stage.process:model.layers.1.self_attn.v_proj,PushPop,2429084,2431523,1,114,351489,3083.2,3104.0,2496,3744,262.8,"void cublasLt::splitKreduce_kernel<(int)32, (int)16, int, float, float, float, float, (bool)0, float, float, float, (bool)1, (bool)0, (bool)0, (bool)0>(cublasLt::cublasSplitKParams<T6>, const T4 *, const T10 *, T9 *, T5 *, const T6 *, const T6 *, const T11 *, const T4 *, T11 *, void *, long, T6 *, int *, T6 *, T6 *, const T6 *, const T6 *, const T6 *, const T6 *, const T6 *)"
:stage.process:model.layers.1.self_attn.v_proj,PushPop,2429084,2431523,1,4,286400,71600.0,71632.0,71072,72064,408.5,ampere_sgemm_32x128_tn
:stage.process:model.layers.1.self_attn.v_proj,PushPop,2429084,2431523,1,128,264224,2064.3,2080.0,2048,2080,16.1,"void at::native::elementwise_kernel<(int)128, (int)2, void at::native::gpu_kernel_impl_nocast<at::native::BUnaryFunctor<long, long, long, at::native::rshift_kernel_cuda(at::TensorIteratorBase &)::[lambda() (instance 1)]::operator ()() const::[lambda() (instance 4)]::operator ()() const::[lambda(long, long) (instance 1)]>>(at::TensorIteratorBase &, const T1 &)::[lambda(int) (instance 1)]>(int, T3)"
:stage.process:model.layers.1.self_attn.v_proj,PushPop,2429084,2431523,1,132,253793,1922.7,1792.0,1760,6657,819.0,"void at::native::vectorized_elementwise_kernel<(int)4, at::native::BinaryFunctor<long, long, bool, at::native::<unnamed>::CompareEqFunctor<long>>, std::array<char *, (unsigned long)3>>(int, T2, T3)"
:stage.process:model.layers.1.self_attn.v_proj,PushPop,2429084,2431523,1,12,207168,17264.0,20192.0,11072,20576,4516.3,"void at::native::<unnamed>::CatArrayBatchedCopy<at::native::<unnamed>::OpaqueType<(unsigned int)4>, unsigned int, (int)2, (int)64, (int)64>(T1 *, at::native::<unnamed>::CatArrInputTensorMetadata<T1, T2, T4, T5>, at::native::<unnamed>::TensorSizeStride<T2, (unsigned int)4>, int, T2)"
:stage.process:model.layers.1.self_attn.v_proj,PushPop,2429084,2431523,1,3,179905,59968.3,87648.0,4512,87745,48026.6,"void at::native::reduce_kernel<(int)512, (int)1, at::native::ReduceOp<long, at::native::func_wrapper_t<long, at::native::sum_functor<long, long, long>::operator ()(at::TensorIterator &)::[lambda(long, long) (instance 1)]>, unsigned int, long, (int)4, (int)4>>(T3)"
:stage.process:model.layers.1.self_attn.v_proj,PushPop,2429084,2431523,1,11,155616,14146.9,3744.0,2304,62912,24064.3,"void at::native::vectorized_elementwise_kernel<(int)2, at::native::AUnaryFunctor<long, long, long, at::native::BitwiseAndFunctor<long>>, std::array<char *, (unsigned long)2>>(int, T2, T3)"
:stage.process:model.layers.1.self_attn.v_proj,PushPop,2429084,2431523,1,1,146528,146528.0,146528.0,146528,146528,0.0,ampere_sgemm_128x32_tn
:stage.process:model.layers.1.self_attn.v_proj,PushPop,2429084,2431523,1,4,145121,36280.3,36272.0,4928,67649,36165.5,"void at::native::elementwise_kernel<(int)128, (int)2, void at::native::gpu_kernel_impl_nocast<at::native::BinaryFunctor<long, long, long, at::native::rshift_kernel_cuda(at::TensorIteratorBase &)::[lambda() (instance 1)]::operator ()() const::[lambda() (instance 4)]::operator ()() const::[lambda(long, long) (instance 1)]>>(at::TensorIteratorBase &, const T1 &)::[lambda(int) (instance 1)]>(int, T3)"
:stage.process:model.layers.1.self_attn.v_proj,PushPop,2429084,2431523,1,4,143648,35912.0,36240.0,3552,67616,36466.6,"void at::native::elementwise_kernel<(int)128, (int)2, void at::native::gpu_kernel_impl_nocast<at::native::BinaryFunctor<long, long, long, at::native::lshift_kernel_cuda(at::TensorIteratorBase &)::[lambda() (instance 1)]::operator ()() const::[lambda() (instance 4)]::operator ()() const::[lambda(long, long) (instance 1)]>>(at::TensorIteratorBase &, const T1 &)::[lambda(int) (instance 1)]>(int, T3)"
:stage.process:model.layers.1.self_attn.v_proj,PushPop,2429084,2431523,1,6,132896,22149.3,22096.0,16288,28064,6421.0,"void trsm_batch_left_upper_kernel_small<float, (int)16, (int)16, (int)64>(cublasTrsmBatchParams<T1>, const T1 *const *, T1 *const *, const T1 *, T1)"
:stage.process:model.layers.1.self_attn.v_proj,PushPop,2429084,2431523,1,3,120512,40170.7,56480.0,7424,56608,28359.5,"void at::native::index_elementwise_kernel<(int)128, (int)4, void at::native::gpu_index_kernel<void at::native::index_kernel_impl<at::native::OpaqueType<(int)8>>(at::TensorIteratorBase &, c10::ArrayRef<long>, c10::ArrayRef<long>)::[lambda(char *, const char *, long) (instance 1)]>(at::TensorIteratorBase &, c10::ArrayRef<long>, c10::ArrayRef<long>, const T1 &, bool)::[lambda(int) (instance 1)]>(long, T3)"
:stage.process:model.layers.1.self_attn.v_proj,PushPop,2429084,2431523,1,3,97312,32437.3,45344.0,6368,45600,22577.1,"void at::native::triu_tril_kernel<float, int, (bool)0, (int)2, (bool)1>(at::cuda::detail::TensorInfo<T1, T2>, at::cuda::detail::TensorInfo<const T1, T2>, long, long, T2)"
:stage.process:model.layers.1.self_attn.v_proj,PushPop,2429084,2431523,1,10,80160,8016.0,6112.0,3360,20512,6037.2,"void at::native::elementwise_kernel<(int)128, (int)2, void at::native::gpu_kernel_impl_nocast<at::native::BinaryFunctor<float, float, float, at::native::binary_internal::MulFunctor<float>>>(at::TensorIteratorBase &, const T1 &)::[lambda(int) (instance 1)]>(int, T3)"
:stage.process:model.layers.1.self_attn.v_proj,PushPop,2429084,2431523,1,10,76161,7616.1,7456.0,7232,8288,405.8,"void at::native::reduce_kernel<(int)512, (int)1, at::native::ReduceOp<float, at::native::func_wrapper_t<float, at::native::sum_functor<float, float, float>::operator ()(at::TensorIterator &)::[lambda(float, float) (instance 1)]>, unsigned int, float, (int)4, (int)4>>(T3)"
:stage.process:model.layers.1.self_attn.v_proj,PushPop,2429084,2431523,1,10,67392,6739.2,7312.0,3488,8032,1632.3,"void at::native::reduce_kernel<(int)512, (int)1, at::native::ReduceOp<float, at::native::MeanOps<float, float, float, float>, unsigned int, float, (int)4, (int)4>>(T3)"
:stage.process:model.layers.1.self_attn.v_proj,PushPop,2429084,2431523,1,14,60928,4352.0,3232.0,1312,8480,2615.0,"void at::native::vectorized_elementwise_kernel<(int)4, at::native::FillFunctor<float>, std::array<char *, (unsigned long)1>>(int, T2, T3)"
:stage.process:model.layers.1.self_attn.v_proj,PushPop,2429084,2431523,1,9,44704,4967.1,3776.0,1600,11328,3654.9,"void at::native::vectorized_elementwise_kernel<(int)4, at::native::BUnaryFunctor<float, float, float, at::native::binary_internal::MulFunctor<float>>, std::array<char *, (unsigned long)2>>(int, T2, T3)"
:stage.process:model.layers.1.self_attn.v_proj,PushPop,2429084,2431523,1,10,39040,3904.0,3904.0,3840,4000,50.0,"void dot_kernel<float, (int)128, (int)0, cublasDotParams<cublasGemvTensorStridedBatched<const float>, cublasGemvTensorStridedBatched<float>>>(T4)"
:stage.process:model.layers.1.self_attn.v_proj,PushPop,2429084,2431523,1,9,38784,4309.3,4288.0,4096,4672,197.3,"void at::native::vectorized_elementwise_kernel<(int)4, at::native::BinaryFunctor<float, float, float, at::native::binary_internal::MulFunctor<float>>, std::array<char *, (unsigned long)3>>(int, T2, T3)"
:stage.process:model.layers.1.self_attn.v_proj,PushPop,2429084,2431523,1,10,36128,3612.8,3360.0,3232,4256,425.7,"void at::native::elementwise_kernel<(int)128, (int)2, void at::native::gpu_kernel_impl_nocast<at::native::CUDAFunctorOnSelf_add<float>>(at::TensorIteratorBase &, const T1 &)::[lambda(int) (instance 1)]>(int, T3)"
:stage.process:model.layers.1.self_attn.v_proj,PushPop,2429084,2431523,1,10,27584,2758.4,2784.0,2688,2816,56.0,"void reduce_1Block_kernel<float, (int)128, (int)7, cublasGemvTensorStridedBatched<float>, cublasGemvTensorStridedBatched<const float>, cublasGemvTensorStridedBatched<float>>(const T1 *, T1, T4, int, const T1 *, T1, T5, T6, cublasPointerMode_t, cublasLtEpilogue_t, cublasGemvTensorStridedBatched<const biasType<T6::value_type, T1>::type>)"
:stage.process:model.layers.1.self_attn.v_proj,PushPop,2429084,2431523,1,12,26432,2202.7,2208.0,2112,2240,44.9,"void at::native::vectorized_elementwise_kernel<(int)4, at::native::<unnamed>::CompareFunctor<float>, std::array<char *, (unsigned long)3>>(int, T2, T3)"
:stage.process:model.layers.1.self_attn.v_proj,PushPop,2429084,2431523,1,6,20544,3424.0,1680.0,1568,11264,3865.4,"void at::native::vectorized_elementwise_kernel<(int)4, at::native::AUnaryFunctor<float, float, float, at::native::binary_internal::MulFunctor<float>>, std::array<char *, (unsigned long)2>>(int, T2, T3)"
:stage.process:model.layers.1.self_attn.v_proj,PushPop,2429084,2431523,1,1,15776,15776.0,15776.0,15776,15776,0.0,"void at::native::<unnamed>::CatArrayBatchedCopy_alignedK_contig<at::native::<unnamed>::OpaqueType<(unsigned int)8>, unsigned int, (int)3, (int)128, (int)1, (int)16>(T1 *, at::native::<unnamed>::CatArrInputTensorMetadata<T1, T2, T4, T5>, at::native::<unnamed>::TensorSizeStride<T2, (unsigned int)4>, int, T2)"
:stage.process:model.layers.1.self_attn.v_proj,PushPop,2429084,2431523,1,4,14944,3736.0,3744.0,3680,3776,48.0,"void at::native::vectorized_elementwise_kernel<(int)2, at::native::BUnaryFunctor<long, long, long, at::native::rshift_kernel_cuda(at::TensorIteratorBase &)::[lambda() (instance 1)]::operator ()() const::[lambda() (instance 4)]::operator ()() const::[lambda(long, long) (instance 1)]>, std::array<char *, (unsigned long)2>>(int, T2, T3)"
:stage.process:model.layers.1.self_attn.v_proj,PushPop,2429084,2431523,1,4,14240,3560.0,3552.0,3360,3776,214.5,"void at::native::vectorized_elementwise_kernel<(int)2, at::native::BUnaryFunctor<long, long, long, at::native::remainder_kernel_cuda(at::TensorIteratorBase &)::[lambda() (instance 1)]::operator ()() const::[lambda() (instance 4)]::operator ()() const::[lambda(long, long) (instance 1)]>, std::array<char *, (unsigned long)2>>(int, T2, T3)"
:stage.process:model.layers.1.self_attn.v_proj,PushPop,2429084,2431523,1,3,13664,4554.7,4064.0,4000,5600,905.9,"void at::native::vectorized_elementwise_kernel<(int)2, at::native::BinaryFunctor<long, long, long, at::native::BitwiseXorFunctor<long>>, std::array<char *, (unsigned long)3>>(int, T2, T3)"
:stage.process:model.layers.1.self_attn.v_proj,PushPop,2429084,2431523,1,8,12288,1536.0,1536.0,1504,1568,17.1,"void at::native::unrolled_elementwise_kernel<at::native::AUnaryFunctor<long, long, long, at::native::BitwiseAndFunctor<long>>, std::array<char *, (unsigned long)2>, (int)4, TrivialOffsetCalculator<(int)1, unsigned int>, TrivialOffsetCalculator<(int)1, unsigned int>, at::native::memory::LoadWithoutCast, at::native::memory::StoreWithoutCast>(int, T1, T2, T4, T5, T6, T7)"
:stage.process:model.layers.1.self_attn.v_proj,PushPop,2429084,2431523,1,6,12064,2010.7,1664.0,1632,3776,864.9,"void at::native::vectorized_elementwise_kernel<(int)2, at::native::AUnaryFunctor<long, long, long, at::native::binary_internal::MulFunctor<long>>, std::array<char *, (unsigned long)2>>(int, T2, T3)"
:stage.process:model.layers.1.self_attn.v_proj,PushPop,2429084,2431523,1,3,11968,3989.3,4128.0,3584,4256,356.8,"void at::native::unrolled_elementwise_kernel<at::native::direct_copy_kernel_cuda(at::TensorIteratorBase &)::[lambda() (instance 3)]::operator ()() const::[lambda() (instance 3)]::operator ()() const::[lambda(int) (instance 1)], std::array<char *, (unsigned long)2>, (int)4, TrivialOffsetCalculator<(int)1, unsigned int>, TrivialOffsetCalculator<(int)1, unsigned int>, at::native::memory::LoadWithCast<(int)1>, at::native::memory::StoreWithCast<(int)1>>(int, T1, T2, T4, T5, T6, T7)"
:stage.process:model.layers.1.self_attn.v_proj,PushPop,2429084,2431523,1,6,10912,1818.7,1824.0,1792,1824,13.1,"void at::native::vectorized_elementwise_kernel<(int)4, at::native::FillFunctor<unsigned char>, std::array<char *, (unsigned long)1>>(int, T2, T3)"
:stage.process:model.layers.1.self_attn.v_proj,PushPop,2429084,2431523,1,3,10784,3594.7,3616.0,3456,3712,129.3,"void at::native::elementwise_kernel<(int)128, (int)2, void at::native::gpu_kernel_impl_nocast<at::native::direct_copy_kernel_cuda(at::TensorIteratorBase &)::[lambda() (instance 3)]::operator ()() const::[lambda() (instance 3)]::operator ()() const::[lambda(int) (instance 1)]>(at::TensorIteratorBase &, const T1 &)::[lambda(int) (instance 1)]>(int, T3)"
:stage.process:model.layers.1.self_attn.v_proj,PushPop,2429084,2431523,1,5,10720,2144.0,1792.0,1632,3872,969.3,"void at::native::vectorized_elementwise_kernel<(int)2, at::native::CUDAFunctorOnSelf_add<long>, std::array<char *, (unsigned long)2>>(int, T2, T3)"
:stage.process:model.layers.1.self_attn.v_proj,PushPop,2429084,2431523,1,3,10048,3349.3,3392.0,3200,3456,133.2,"void at::native::unrolled_elementwise_kernel<at::native::direct_copy_kernel_cuda(at::TensorIteratorBase &)::[lambda() (instance 3)]::operator ()() const::[lambda() (instance 1)]::operator ()() const::[lambda(unsigned char) (instance 1)], std::array<char *, (unsigned long)2>, (int)4, TrivialOffsetCalculator<(int)1, unsigned int>, TrivialOffsetCalculator<(int)1, unsigned int>, at::native::memory::LoadWithCast<(int)1>, at::native::memory::StoreWithCast<(int)1>>(int, T1, T2, T4, T5, T6, T7)"
:stage.process:model.layers.1.self_attn.v_proj,PushPop,2429084,2431523,1,2,8416,4208.0,4208.0,4192,4224,22.6,"void at::native::vectorized_elementwise_kernel<(int)2, at::native::BinaryFunctor<long, long, long, at::native::BitwiseOrFunctor<long>>, std::array<char *, (unsigned long)3>>(int, T2, T3)"
:stage.process:model.layers.1.self_attn.v_proj,PushPop,2429084,2431523,1,4,7840,1960.0,1984.0,1888,1984,48.0,"void at::native::vectorized_elementwise_kernel<(int)4, void at::native::compare_scalar_kernel<c10::Half>(at::TensorIteratorBase &, at::native::<unnamed>::OpType, T1)::[lambda(c10::Half) (instance 1)], std::array<char *, (unsigned long)2>>(int, T2, T3)"
:stage.process:model.layers.1.self_attn.v_proj,PushPop,2429084,2431523,1,1,7808,7808.0,7808.0,7808,7808,0.0,"void at::native::reduce_kernel<(int)128, (int)4, at::native::ReduceOp<long, at::native::func_wrapper_t<long, at::native::sum_functor<long, long, long>::operator ()(at::TensorIterator &)::[lambda(long, long) (instance 1)]>, unsigned int, long, (int)4, (int)4>>(T3)"
:stage.process:model.layers.1.self_attn.v_proj,PushPop,2429084,2431523,1,2,7680,3840.0,3840.0,3840,3840,0.0,"void at::native::vectorized_elementwise_kernel<(int)2, at::native::BUnaryFunctor<long, long, long, at::native::binary_internal::div_floor_kernel_cuda(at::TensorIteratorBase &)::[lambda() (instance 1)]::operator ()() const::[lambda() (instance 4)]::operator ()() const::[lambda(long, long) (instance 1)]>, std::array<char *, (unsigned long)2>>(int, T2, T3)"
:stage.process:model.layers.1.self_attn.v_proj,PushPop,2429084,2431523,1,2,7520,3760.0,3760.0,3712,3808,67.9,"void at::native::vectorized_elementwise_kernel<(int)2, at::native::BUnaryFunctor<long, long, long, at::native::lshift_kernel_cuda(at::TensorIteratorBase &)::[lambda() (instance 1)]::operator ()() const::[lambda() (instance 4)]::operator ()() const::[lambda(long, long) (instance 1)]>, std::array<char *, (unsigned long)2>>(int, T2, T3)"
:stage.process:model.layers.1.self_attn.v_proj,PushPop,2429084,2431523,1,3,7328,2442.7,2432.0,2400,2496,48.9,"void at::native::vectorized_elementwise_kernel<(int)4, at::native::AUnaryFunctor<unsigned char, unsigned char, bool, at::native::<unnamed>::CompareEqFunctor<unsigned char>>, std::array<char *, (unsigned long)2>>(int, T2, T3)"
:stage.process:model.layers.1.self_attn.v_proj,PushPop,2429084,2431523,1,2,6496,3248.0,3248.0,3168,3328,113.1,"void at::native::elementwise_kernel<(int)128, (int)2, void at::native::gpu_kernel_impl_nocast<at::native::AbsFunctor<float>>(at::TensorIteratorBase &, const T1 &)::[lambda(int) (instance 1)]>(int, T3)"
:stage.process:model.layers.1.self_attn.v_proj,PushPop,2429084,2431523,1,4,6432,1608.0,1600.0,1568,1664,48.0,"void at::native::vectorized_elementwise_kernel<(int)4, at::native::FillFunctor<bool>, std::array<char *, (unsigned long)1>>(int, T2, T3)"
:stage.process:model.layers.1.self_attn.v_proj,PushPop,2429084,2431523,1,1,6080,6080.0,6080.0,6080,6080,0.0,"void at::native::elementwise_kernel<(int)128, (int)2, void at::native::gpu_kernel_impl_nocast<at::native::BinaryFunctor<float, float, float, at::native::binary_internal::DivFunctor<float>>>(at::TensorIteratorBase &, const T1 &)::[lambda(int) (instance 1)]>(int, T3)"
:stage.process:model.layers.1.self_attn.v_proj,PushPop,2429084,2431523,1,2,6080,3040.0,3040.0,3040,3040,0.0,"void at::native::elementwise_kernel<(int)128, (int)2, void at::native::gpu_kernel_impl_nocast<at::native::CUDAFunctor_add<long>>(at::TensorIteratorBase &, const T1 &)::[lambda(int) (instance 1)]>(int, T3)"
:stage.process:model.layers.1.self_attn.v_proj,PushPop,2429084,2431523,1,1,5920,5920.0,5920.0,5920,5920,0.0,"void at::native::vectorized_elementwise_kernel<(int)4, void at::native::<unnamed>::pow_tensor_scalar_kernel_impl<float, float>(at::TensorIteratorBase &, T2)::[lambda(float) (instance 1)], std::array<char *, (unsigned long)2>>(int, T2, T3)"
:stage.process:model.layers.1.self_attn.v_proj,PushPop,2429084,2431523,1,3,5536,1845.3,1760.0,1696,2080,205.7,"void at::native::vectorized_elementwise_kernel<(int)4, at::native::BinaryFunctor<float, float, float, at::native::maximum_kernel_cuda(at::TensorIteratorBase &)::[lambda() (instance 2)]::operator ()() const::[lambda() (instance 2)]::operator ()() const::[lambda(float, float) (instance 1)]>, std::array<char *, (unsigned long)3>>(int, T2, T3)"
:stage.process:model.layers.1.self_attn.v_proj,PushPop,2429084,2431523,1,2,4704,2352.0,2352.0,2336,2368,22.6,"void at::native::vectorized_elementwise_kernel<(int)2, at::native::CUDAFunctorOnOther_add<long>, std::array<char *, (unsigned long)2>>(int, T2, T3)"
:stage.process:model.layers.1.self_attn.v_proj,PushPop,2429084,2431523,1,3,4448,1482.7,1472.0,1408,1568,80.5,"xxtrf4_set_info_ker(int, int *)"
:stage.process:model.layers.1.self_attn.v_proj,PushPop,2429084,2431523,1,1,4384,4384.0,4384.0,4384,4384,0.0,"void at::native::vectorized_elementwise_kernel<(int)4, at::native::float16_copy_kernel_cuda(at::TensorIteratorBase &)::[lambda(float) (instance 1)], std::array<char *, (unsigned long)2>>(int, T2, T3)"
:stage.process:model.layers.1.self_attn.v_proj,PushPop,2429084,2431523,1,1,4192,4192.0,4192.0,4192,4192,0.0,"void at::native::<unnamed>::CatArrayBatchedCopy_vectorized<at::native::<unnamed>::OpaqueType<(unsigned int)2>, unsigned int, (int)1, (int)128, (int)1, (int)16, (int)8>(char *, at::native::<unnamed>::CatArrInputTensorMetadata<T1, T2, T4, T5>, at::native::<unnamed>::TensorSizeStride<T2, (unsigned int)4>, int, T2)"
:stage.process:model.layers.1.self_attn.v_proj,PushPop,2429084,2431523,1,1,2656,2656.0,2656.0,2656,2656,0.0,"void at::native::vectorized_elementwise_kernel<(int)4, at::native::BinaryFunctor<unsigned char, unsigned char, bool, at::native::<unnamed>::CompareEqFunctor<unsigned char>>, std::array<char *, (unsigned long)3>>(int, T2, T3)"
:stage.process:model.layers.1.self_attn.v_proj,PushPop,2429084,2431523,1,1,2528,2528.0,2528.0,2528,2528,0.0,"void at::native::vectorized_elementwise_kernel<(int)4, at::native::AUnaryFunctor<unsigned char, unsigned char, unsigned char, at::native::binary_internal::MulFunctor<unsigned char>>, std::array<char *, (unsigned long)2>>(int, T2, T3)"
:stage.process:model.layers.1.self_attn.v_proj,PushPop,2429084,2431523,1,1,2368,2368.0,2368.0,2368,2368,0.0,"void at::native::unrolled_elementwise_kernel<at::native::direct_copy_kernel_cuda(at::TensorIteratorBase &)::[lambda() (instance 3)]::operator ()() const::[lambda() (instance 11)]::operator ()() const::[lambda(bool) (instance 1)], std::array<char *, (unsigned long)2>, (int)4, TrivialOffsetCalculator<(int)1, unsigned int>, TrivialOffsetCalculator<(int)1, unsigned int>, at::native::memory::LoadWithCast<(int)1>, at::native::memory::StoreWithCast<(int)1>>(int, T1, T2, T4, T5, T6, T7)"
:stage.process:model.layers.1.self_attn.v_proj,PushPop,2429084,2431523,1,1,2080,2080.0,2080.0,2080,2080,0.0,"void at::native::unrolled_elementwise_kernel<at::native::<unnamed>::CompareFunctor<c10::Half>, std::array<char *, (unsigned long)3>, (int)4, TrivialOffsetCalculator<(int)2, unsigned int>, TrivialOffsetCalculator<(int)1, unsigned int>, at::native::memory::LoadWithoutCast, at::native::memory::StoreWithoutCast>(int, T1, T2, T4, T5, T6, T7)"
:stage.process:model.layers.1.self_attn.v_proj,PushPop,2429084,2431523,1,1,1984,1984.0,1984.0,1984,1984,0.0,"void at::native::vectorized_elementwise_kernel<(int)4, at::native::sqrt_kernel_cuda(at::TensorIteratorBase &)::[lambda() (instance 2)]::operator ()() const::[lambda() (instance 2)]::operator ()() const::[lambda(float) (instance 1)], std::array<char *, (unsigned long)2>>(int, T2, T3)"
:stage.process:model.layers.1.self_attn.v_proj,PushPop,2429084,2431523,1,1,1728,1728.0,1728.0,1728,1728,0.0,"void at::native::vectorized_elementwise_kernel<(int)4, at::native::<unnamed>::launch_clamp_scalar(at::TensorIteratorBase &, c10::Scalar, c10::Scalar, at::native::detail::ClampLimits)::[lambda() (instance 1)]::operator ()() const::[lambda() (instance 7)]::operator ()() const::[lambda(float) (instance 1)], std::array<char *, (unsigned long)2>>(int, T2, T3)"
CCCL:cub::DeviceRadixSort,PushPop,2429084,2430430,8,16,151391,9461.9,9344.0,8128,11264,871.4,"void at_cuda_detail::cub::detail::radix_sort::DeviceRadixSortOnesweepKernel<at_cuda_detail::cub::detail::radix::policy_hub<long, at::cuda::cub::detail::OpaqueType<(int)8>, unsigned long long>::Policy1000, (at_cuda_detail::cub::SortOrder)0, long, at::cuda::cub::detail::OpaqueType<(int)8>, unsigned long long, int, int, at_cuda_detail::cub::detail::identity_decomposer_t>(T7 *, T7 *, T5 *, const T5 *, T3 *, const T3 *, T4 *, const T4 *, T6, int, int, T8)"
CCCL:cub::DeviceRadixSort,PushPop,2429084,2430430,8,8,52160,6520.0,6624.0,5632,7136,555.2,"void at_cuda_detail::cub::detail::radix_sort::DeviceRadixSortSingleTileKernel<at_cuda_detail::cub::detail::radix::policy_hub<long, at::cuda::cub::detail::OpaqueType<(int)8>, unsigned long long>::Policy1000, (at_cuda_detail::cub::SortOrder)0, long, at::cuda::cub::detail::OpaqueType<(int)8>, unsigned long long, at_cuda_detail::cub::detail::identity_decomposer_t>(const T3 *, T3 *, const T4 *, T4 *, T5, int, int, T6)"
CCCL:cub::DeviceRadixSort,PushPop,2429084,2430430,8,8,28928,3616.0,3552.0,3488,3808,128.0,"void at_cuda_detail::cub::detail::radix_sort::DeviceRadixSortHistogramKernel<at_cuda_detail::cub::detail::radix::policy_hub<long, at::cuda::cub::detail::OpaqueType<(int)8>, unsigned long long>::Policy1000, (at_cuda_detail::cub::SortOrder)0, long, unsigned long long, at_cuda_detail::cub::detail::identity_decomposer_t>(T4 *, const T3 *, T4, int, int, T5)"
CCCL:cub::DeviceRadixSort,PushPop,2429084,2430430,8,8,18784,2348.0,2288.0,2240,2496,108.1,"void at_cuda_detail::cub::detail::radix_sort::DeviceRadixSortExclusiveSumKernel<at_cuda_detail::cub::detail::radix::policy_hub<long, at::cuda::cub::detail::OpaqueType<(int)8>, unsigned long long>::Policy1000, unsigned long long>(T2 *)"
CCCL:cub::DeviceReduce::Sum,PushPop,2429084,2429084,3596,3596,7988415,2221.5,1984.0,1600,5152,566.2,"void at_cuda_detail::cub::detail::reduce::DeviceReduceSingleTileKernel<at_cuda_detail::cub::detail::reduce::policy_hub<int, unsigned long long, cuda::std::__4::plus<void>>::Policy1000, thrust::_V_300200_SM_750_800_860_900_1000_1200::transform_iterator<at::native::<unnamed>::NonZeroOp<bool>, const bool *, thrust::_V_300200_SM_750_800_860_900_1000_1200::use_default, thrust::_V_300200_SM_750_800_860_900_1000_1200::use_default>, int *, unsigned long long, cuda::std::__4::plus<void>, int, int, cuda::std::__4::identity>(T2, T3, T4, T5, T6, T8)"
CCCL:cub::DeviceReduce::Sum,PushPop,2429084,2429084,4,4,13600,3400.0,3424.0,2976,3776,331.9,"void at_cuda_detail::cub::detail::reduce::DeviceReduceKernel<at_cuda_detail::cub::detail::reduce::policy_hub<int, unsigned long long, cuda::std::__4::plus<void>>::Policy1000, thrust::_V_300200_SM_750_800_860_900_1000_1200::transform_iterator<at::native::<unnamed>::NonZeroOp<bool>, const bool *, thrust::_V_300200_SM_750_800_860_900_1000_1200::use_default, thrust::_V_300200_SM_750_800_860_900_1000_1200::use_default>, unsigned long long, cuda::std::__4::plus<void>, int, cuda::std::__4::identity>(T2, T5 *, T3, at_cuda_detail::cub::GridEvenShare<T3>, T4, T6)"
CCCL:cub::DeviceReduce::Sum,PushPop,2429084,2429084,4,4,8992,2248.0,2240.0,2080,2432,164.0,"void at_cuda_detail::cub::detail::reduce::DeviceReduceSingleTileKernel<at_cuda_detail::cub::detail::reduce::policy_hub<int, unsigned long long, cuda::std::__4::plus<void>>::Policy1000, int *, int *, int, cuda::std::__4::plus<void>, int, int, cuda::std::__4::identity>(T2, T3, T4, T5, T6, T8)"
CCCL:cub::DeviceReduce::Sum,PushPop,2429084,2430430,12,12,53312,4442.7,4416.0,3840,5056,384.4,"void at_cuda_detail::cub::detail::reduce::DeviceReduceSingleTileKernel<at_cuda_detail::cub::detail::reduce::policy_hub<int, unsigned long long, cuda::std::__4::plus<void>>::Policy1000, thrust::_V_300200_SM_750_800_860_900_1000_1200::transform_iterator<at::native::<unnamed>::NonZeroOp<bool>, const bool *, thrust::_V_300200_SM_750_800_860_900_1000_1200::use_default, thrust::_V_300200_SM_750_800_860_900_1000_1200::use_default>, int *, unsigned long long, cuda::std::__4::plus<void>, int, int, cuda::std::__4::identity>(T2, T3, T4, T5, T6, T8)"
CCCL:cub::DeviceReduce::Sum,PushPop,2429084,2430430,4,4,16896,4224.0,4320.0,3424,4832,606.0,"void at_cuda_detail::cub::detail::reduce::DeviceReduceKernel<at_cuda_detail::cub::detail::reduce::policy_hub<int, unsigned long long, cuda::std::__4::plus<void>>::Policy1000, thrust::_V_300200_SM_750_800_860_900_1000_1200::transform_iterator<at::native::<unnamed>::NonZeroOp<bool>, const bool *, thrust::_V_300200_SM_750_800_860_900_1000_1200::use_default, thrust::_V_300200_SM_750_800_860_900_1000_1200::use_default>, unsigned long long, cuda::std::__4::plus<void>, int, cuda::std::__4::identity>(T2, T5 *, T3, at_cuda_detail::cub::GridEvenShare<T3>, T4, T6)"
CCCL:cub::DeviceReduce::Sum,PushPop,2429084,2430430,4,4,10016,2504.0,2528.0,2336,2624,131.6,"void at_cuda_detail::cub::detail::reduce::DeviceReduceSingleTileKernel<at_cuda_detail::cub::detail::reduce::policy_hub<int, unsigned long long, cuda::std::__4::plus<void>>::Policy1000, int *, int *, int, cuda::std::__4::plus<void>, int, int, cuda::std::__4::identity>(T2, T3, T4, T5, T6, T8)"
CCCL:cub::DeviceSelect::Flagged,PushPop,2429084,2429084,3600,3600,9465834,2629.4,2560.0,2304,4928,199.5,"void at_cuda_detail::cub::detail::select::DeviceSelectSweepKernel<at_cuda_detail::cub::detail::select::policy_hub<long, bool, int, (bool)0, (at_cuda_detail::cub::SelectImpl)0>::Policy1000, thrust::_V_300200_SM_750_800_860_900_1000_1200::counting_iterator<long, thrust::_V_300200_SM_750_800_860_900_1000_1200::use_default, thrust::_V_300200_SM_750_800_860_900_1000_1200::use_default, thrust::_V_300200_SM_750_800_860_900_1000_1200::use_default, thrust::_V_300200_SM_750_800_860_900_1000_1200::compile_time_value<(int)1>>, thrust::_V_300200_SM_750_800_860_900_1000_1200::transform_iterator<at::native::<unnamed>::NonZeroOp<bool>, const bool *, thrust::_V_300200_SM_750_800_860_900_1000_1200::use_default, thrust::_V_300200_SM_750_800_860_900_1000_1200::use_default>, long *, int *, at_cuda_detail::cub::ScanTileState<int, (bool)1>, at_cuda_detail::cub::NullType, at_cuda_detail::cub::NullType, int, at_cuda_detail::cub::detail::select::streaming_context_t<long, (bool)1>, (at_cuda_detail::cub::SelectImpl)0>(T2, T3, T4, T5, T6, T7, T8, T9, int, T10, at_cuda_detail::cub::detail::vsmem_t)"
CCCL:cub::DeviceSelect::Flagged,PushPop,2429084,2429084,3600,3600,4953475,1376.0,1344.0,1184,1952,164.6,"void at_cuda_detail::cub::detail::scan::DeviceCompactInitKernel<at_cuda_detail::cub::ScanTileState<int, (bool)1>, int *>(T1, int, T2)"
CCCL:cub::DeviceSelect::Flagged,PushPop,2429084,2430430,16,16,61152,3822.0,3680.0,2976,4832,741.7,"void at_cuda_detail::cub::detail::select::DeviceSelectSweepKernel<at_cuda_detail::cub::detail::select::policy_hub<long, bool, int, (bool)0, (at_cuda_detail::cub::SelectImpl)0>::Policy1000, thrust::_V_300200_SM_750_800_860_900_1000_1200::counting_iterator<long, thrust::_V_300200_SM_750_800_860_900_1000_1200::use_default, thrust::_V_300200_SM_750_800_860_900_1000_1200::use_default, thrust::_V_300200_SM_750_800_860_900_1000_1200::use_default, thrust::_V_300200_SM_750_800_860_900_1000_1200::compile_time_value<(int)1>>, thrust::_V_300200_SM_750_800_860_900_1000_1200::transform_iterator<at::native::<unnamed>::NonZeroOp<bool>, const bool *, thrust::_V_300200_SM_750_800_860_900_1000_1200::use_default, thrust::_V_300200_SM_750_800_860_900_1000_1200::use_default>, long *, int *, at_cuda_detail::cub::ScanTileState<int, (bool)1>, at_cuda_detail::cub::NullType, at_cuda_detail::cub::NullType, int, at_cuda_detail::cub::detail::select::streaming_context_t<long, (bool)1>, (at_cuda_detail::cub::SelectImpl)0>(T2, T3, T4, T5, T6, T7, T8, T9, int, T10, at_cuda_detail::cub::detail::vsmem_t)"
CCCL:cub::DeviceSelect::Flagged,PushPop,2429084,2430430,16,16,26976,1686.0,1728.0,1408,1984,158.8,"void at_cuda_detail::cub::detail::scan::DeviceCompactInitKernel<at_cuda_detail::cub::ScanTileState<int, (bool)1>, int *>(T1, int, T2)"
