NVTX Range,Style,PID,TID,NVTX Inst,Kern Inst,Total Time (ns),Avg (ns),Med (ns),Min (ns),Max (ns),StdDev (ns),Kernel Name
,,3033121,3034425,0,224,7811868182,34874411.5,6572102.0,770525,102641314,43101731.9,ampere_sgemm_128x128_tn
,,3033121,3034425,0,448,5965931872,13316812.2,3142566.0,129728,101223853,25489570.5,ampere_sgemm_128x128_nt
,,3033121,3034425,0,384,171519965,446666.6,332687.0,18784,1197818,331196.6,ampere_fp16_s16816gemm_fp16_256x128_ldg8_f2f_stages_32x3_nn
,,3033121,3034425,0,448,132040014,294732.2,78479.5,7648,1141853,440589.4,"void at::native::reduce_kernel<(int)128, (int)4, at::native::ReduceOp<float, at::native::func_wrapper_t<float, at::native::sum_functor<float, float, float>::operator ()(at::TensorIterator &)::[lambda(float, float) (instance 1)]>, unsigned int, float, (int)4, (int)4>>(T3)"
,,3033121,3034425,0,1840,129735312,70508.3,17936.0,1792,2254677,233913.5,"void at::native::vectorized_elementwise_kernel<(int)4, at::native::BinaryFunctor<float, float, float, at::native::binary_internal::MulFunctor<float>>, std::array<char *, (unsigned long)3>>(int, T2, T3)"
,,3033121,3034425,0,189,127637541,675330.9,226783.0,162848,15946928,1754720.9,ampere_fp16_s16816gemm_fp16_256x128_ldg8_f2f_stages_64x3_nn
,,3033121,3034425,0,256,125690391,490978.1,183359.0,47296,2015222,624853.7,void cutlass::Kernel2<cutlass_75_tensorop_f16_s1688gemm_f16_64x64_tn_align1>(T1::Params)
,,3033121,3034425,0,1744,123349244,70727.8,25952.0,4896,1775895,188586.2,"void at::native::unrolled_elementwise_kernel<at::native::direct_copy_kernel_cuda(at::TensorIteratorBase &)::[lambda() (instance 3)]::operator ()() const::[lambda() (instance 7)]::operator ()() const::[lambda(float) (instance 1)], std::array<char *, (unsigned long)2>, (int)4, TrivialOffsetCalculator<(int)1, unsigned int>, TrivialOffsetCalculator<(int)1, unsigned int>, at::native::memory::LoadWithCast<(int)1>, at::native::memory::StoreWithCast<(int)1>>(int, T1, T2, T4, T5, T6, T7)"
,,3033121,3034425,0,16,108414016,6775876.0,6802446.0,6733662,6804414,33419.2,"void at::native::<unnamed>::cunn_SoftMaxForward<(int)8, c10::Half, float, float, at::native::<unnamed>::SoftMaxForwardEpilogue>(T4 *, const T2 *, int)"
,,3033121,3034425,0,576,107339594,186353.5,111568.0,34304,1214170,260280.6,ampere_fp16_s16816gemm_fp16_128x128_ldg8_f2f_stages_32x5_tn
,,3033121,3034425,0,224,106997712,477668.4,446398.0,276607,727357,148473.4,ampere_fp16_s16816gemm_fp16_128x256_ldg8_f2f_stages_64x3_tn
,,3033121,3034425,0,608,99906253,164319.5,111392.0,28000,746940,179867.2,ampere_fp16_s16816gemm_fp16_128x128_ldg8_f2f_stages_32x5_nn
,,3033121,3034425,0,1315,79870492,60738.0,12448.0,4032,1462874,174504.4,"void at::native::vectorized_elementwise_kernel<(int)4, at::native::float16_copy_kernel_cuda(at::TensorIteratorBase &)::[lambda(float) (instance 1)], std::array<char *, (unsigned long)2>>(int, T2, T3)"
,,3033121,3034425,0,256,79093269,308958.1,127632.0,31520,1247482,382410.5,void cutlass::Kernel2<cutlass_75_tensorop_f16_s1688gemm_f16_64x64_nn_align1>(T1::Params)
,,3033121,3034425,0,768,75639937,98489.5,23792.0,5216,1597144,247840.0,"void at::native::elementwise_kernel<(int)128, (int)4, void at::native::gpu_kernel_impl_nocast<at::native::CUDAFunctor_add<c10::Half>>(at::TensorIteratorBase &, const T1 &)::[lambda(int) (instance 1)]>(int, T3)"
,,3033121,3034425,0,3088,64498185,20886.7,14544.0,4576,91296,17665.8,"void at::native::elementwise_kernel<(int)128, (int)4, void at::native::gpu_kernel_impl_nocast<at::native::BinaryFunctor<c10::Half, c10::Half, c10::Half, at::native::binary_internal::MulFunctor<float>>>(at::TensorIteratorBase &, const T1 &)::[lambda(int) (instance 1)]>(int, T3)"
,,3033121,3034425,0,3072,62063016,20202.8,14528.0,3936,91039,18016.9,"void at::native::elementwise_kernel<(int)128, (int)4, void at::native::gpu_kernel_impl_nocast<at::native::direct_copy_kernel_cuda(at::TensorIteratorBase &)::[lambda() (instance 3)]::operator ()() const::[lambda() (instance 10)]::operator ()() const::[lambda(c10::Half) (instance 1)]>(at::TensorIteratorBase &, const T1 &)::[lambda(int) (instance 1)]>(int, T3)"
,,3033121,3034425,0,948,59106372,62348.5,24096.0,3488,376031,103740.2,"void at::native::vectorized_elementwise_kernel<(int)4, at::native::CUDAFunctor_add<float>, std::array<char *, (unsigned long)3>>(int, T2, T3)"
,,3033121,3034425,0,512,58875160,114990.5,44031.5,5664,755612,182394.2,"void at::native::vectorized_elementwise_kernel<(int)4, at::native::AUnaryFunctor<c10::Half, c10::Half, c10::Half, at::native::binary_internal::MulFunctor<float>>, std::array<char *, (unsigned long)2>>(int, T2, T3)"
,,3033121,3034425,0,768,55326587,72039.8,53200.0,18176,233311,52550.2,"void at::native::vectorized_elementwise_kernel<(int)4, at::native::BinaryFunctor<c10::Half, c10::Half, c10::Half, at::native::binary_internal::MulFunctor<float>>, std::array<char *, (unsigned long)3>>(int, T2, T3)"
,,3033121,3034425,0,16,48591799,3036987.4,2425735.5,863550,7712376,1931877.0,"void at::native::<unnamed>::cunn_SoftMaxBackward<(int)4, float, float, float, at::native::<unnamed>::LogSoftMaxBackwardEpilogue>(T2 *, const T4 *, const T4 *, long)"
,,3033121,3034425,0,128,43484312,339721.2,163519.5,53504,1217754,368299.7,void cutlass::Kernel2<cutlass_75_tensorop_f16_s1688gemm_f16_256x128_nt_align1>(T1::Params)
,,3033121,3034425,0,16,38993855,2437115.9,2439700.0,2425395,2442484,6015.4,"void at::native::<unnamed>::cunn_SoftMaxBackward<(int)4, c10::Half, float, float, at::native::<unnamed>::SoftMaxBackwardEpilogue>(T2 *, const T4 *, const T4 *, long)"
,,3033121,3034425,0,672,38008822,56560.7,14496.0,2976,317727,87958.3,"void at::native::vectorized_elementwise_kernel<(int)4, at::native::AbsFunctor<float>, std::array<char *, (unsigned long)2>>(int, T2, T3)"
,,3033121,3034425,0,160,35662510,222890.7,221823.5,163967,342367,62916.9,ampere_fp16_s16816gemm_fp16_256x128_ldg8_f2f_stages_64x3_tn
,,3033121,3034425,0,128,35558408,277800.1,197007.0,53120,667485,245943.7,void cutlass::Kernel2<cutlass_80_wmma_tensorop_f16_s161616gemm_f16_32x32_32x1_tn_align2>(T1::Params)
,,3033121,3034425,0,2560,35266745,13776.1,8768.0,2688,62623,13330.9,"void at::native::vectorized_elementwise_kernel<(int)4, at::native::CUDAFunctor_add<c10::Half>, std::array<char *, (unsigned long)3>>(int, T2, T3)"
,,3033121,3034425,0,1040,32969310,31701.3,25632.0,9024,101248,21646.4,"void at::native::elementwise_kernel<(int)128, (int)2, void at::native::gpu_kernel_impl_nocast<at::native::BinaryFunctor<float, float, float, at::native::binary_internal::MulFunctor<float>>>(at::TensorIteratorBase &, const T1 &)::[lambda(int) (instance 1)]>(int, T3)"
,,3033121,3034425,0,128,31305487,244574.1,102303.5,28224,982363,301591.5,void cutlass::Kernel2<cutlass_75_tensorop_f16_s1688gemm_f16_64x64_nt_align1>(T1::Params)
,,3033121,3034425,0,16,30701154,1918822.1,1523258.5,475263,4960999,1273013.5,"void <unnamed>::indexing_backward_kernel<c10::Half, (int)4>(const long *, const long *, const T1 *, T1 *, long, long, long, long, bool)"
,,3033121,3034425,0,48,27890753,581057.4,553933.5,389662,800317,167732.2,"void <unnamed>::softmax_warp_backward<float, c10::Half, float, (int)10, (bool)0, (bool)0, (int)32>(T2 *, const T1 *, const T1 *, int, int, int, const bool *)"
,,3033121,3034425,0,672,25566108,38044.8,12512.0,2432,197119,54730.2,"void at::native::vectorized_elementwise_kernel<(int)4, at::native::BinaryFunctor<float, float, bool, at::native::<unnamed>::CompareEqFunctor<float>>, std::array<char *, (unsigned long)3>>(int, T2, T3)"
,,3033121,3034425,0,672,24331936,36208.2,6240.0,2367,205151,59173.3,"void at::native::vectorized_elementwise_kernel<(int)4, at::native::AUnaryFunctor<float, float, bool, at::native::<unnamed>::CompareEqFunctor<float>>, std::array<char *, (unsigned long)2>>(int, T2, T3)"
,,3033121,3034425,0,448,22886916,51086.9,28112.0,5120,369214,59760.0,"void at::native::elementwise_kernel<(int)128, (int)2, void at::native::gpu_kernel_impl_nocast<at::native::<unnamed>::where_kernel_impl(at::TensorIterator &)::[lambda() (instance 1)]::operator ()() const::[lambda() (instance 3)]::operator ()() const::[lambda(bool, unsigned int, unsigned int) (instance 1)]>(at::TensorIteratorBase &, const T1 &)::[lambda(int) (instance 1)]>(int, T3)"
,,3033121,3034425,0,67,21304125,317972.0,201888.0,199872,3339733,552576.1,ampere_fp16_s16816gemm_fp16_128x256_ldg8_f2f_stages_64x3_nn
,,3033121,3034425,0,48,21131482,440239.2,429566.0,318942,575646,100452.7,"void <unnamed>::softmax_warp_forward<c10::Half, float, float, (int)10, (bool)0, (bool)0, (int)32>(T2 *, const T1 *, int, int, int, const bool *, int, bool)"
,,3033121,3034425,0,256,18658260,72883.8,55968.0,22048,231583,51792.1,"void at::native::vectorized_elementwise_kernel<(int)4, at::native::<unnamed>::silu_backward_kernel(at::TensorIteratorBase &)::[lambda() (instance 1)]::operator ()() const::[lambda() (instance 3)]::operator ()() const::[lambda(c10::Half, c10::Half) (instance 1)], std::array<char *, (unsigned long)3>>(int, T2, T3)"
,,3033121,3034425,0,672,16210888,24123.3,11536.0,6784,96831,28534.5,"void at::native::reduce_kernel<(int)512, (int)1, at::native::ReduceOp<bool, at::native::func_wrapper_t<bool, at::native::and_kernel_cuda(at::TensorIterator &)::[lambda() (instance 1)]::operator ()() const::[lambda() (instance 12)]::operator ()() const::[lambda(bool, bool) (instance 1)]>, unsigned int, bool, (int)4, (int)4>>(T3)"
,,3033121,3034425,0,672,16012381,23827.9,6400.0,2368,131807,36285.8,"void at::native::vectorized_elementwise_kernel<(int)4, at::native::BinaryFunctor<bool, bool, bool, at::native::binary_internal::MulFunctor<bool>>, std::array<char *, (unsigned long)3>>(int, T2, T3)"
,,3033121,3034425,0,512,15575798,30421.5,21600.0,8128,136031,26890.5,"void at::native::<unnamed>::CatArrayBatchedCopy<at::native::<unnamed>::OpaqueType<(unsigned int)2>, unsigned int, (int)4, (int)64, (int)64>(T1 *, at::native::<unnamed>::CatArrInputTensorMetadata<T1, T2, T4, T5>, at::native::<unnamed>::TensorSizeStride<T2, (unsigned int)4>, int, T2)"
,,3033121,3034425,0,80,14927231,186590.4,167647.0,109023,284222,60491.3,"void <unnamed>::softmax_warp_backward<float, c10::Half, float, (int)9, (bool)0, (bool)0, (int)32>(T2 *, const T1 *, const T1 *, int, int, int, const bool *)"
,,3033121,3034425,0,256,13171977,51453.0,39280.0,15904,155776,35161.3,"void at::native::vectorized_elementwise_kernel<(int)4, at::native::<unnamed>::silu_kernel(at::TensorIteratorBase &)::[lambda() (instance 1)]::operator ()() const::[lambda() (instance 5)]::operator ()() const::[lambda(c10::Half) (instance 1)], std::array<char *, (unsigned long)2>>(int, T2, T3)"
,,3033121,3034425,0,528,13152783,24910.6,22495.5,9152,61120,11600.8,"void at::native::reduce_kernel<(int)512, (int)1, at::native::ReduceOp<float, at::native::func_wrapper_t<float, at::native::sum_functor<float, float, float>::operator ()(at::TensorIterator &)::[lambda(float, float) (instance 1)]>, unsigned int, float, (int)4, (int)4>>(T3)"
,,3033121,3034425,0,1056,12947710,12261.1,4096.0,1856,83999,17781.1,"void at::native::vectorized_elementwise_kernel<(int)4, at::native::AUnaryFunctor<float, float, float, at::native::binary_internal::MulFunctor<float>>, std::array<char *, (unsigned long)2>>(int, T2, T3)"
,,3033121,3034425,0,528,11841613,22427.3,17216.0,8544,65536,14381.4,"void at::native::elementwise_kernel<(int)128, (int)2, void at::native::gpu_kernel_impl_nocast<at::native::BUnaryFunctor<float, float, float, at::native::binary_internal::MulFunctor<float>>>(at::TensorIteratorBase &, const T1 &)::[lambda(int) (instance 1)]>(int, T3)"
,,3033121,3034425,0,512,11422707,22310.0,12544.0,5184,84575,20528.0,"void at::native::vectorized_elementwise_kernel<(int)4, void at::native::<unnamed>::pow_tensor_scalar_kernel_impl<float, float>(at::TensorIteratorBase &, T2)::[lambda(float) (instance 1)], std::array<char *, (unsigned long)2>>(int, T2, T3)"
,,3033121,3034425,0,64,11092204,173315.7,172111.0,115520,232319,56105.1,void cutlass::Kernel2<cutlass_80_tensorop_f16_s16816gemm_f16_64x128_64x3_nn_align2>(T1::Params)
,,3033121,3034425,0,467,10991090,23535.5,1824.0,1280,910428,114065.6,"void at::native::vectorized_elementwise_kernel<(int)4, at::native::FillFunctor<float>, std::array<char *, (unsigned long)1>>(int, T2, T3)"
,,3033121,3034425,0,1041,10866132,10438.2,3776.0,2176,726332,49393.5,"void at::native::vectorized_elementwise_kernel<(int)4, at::native::FillFunctor<c10::Half>, std::array<char *, (unsigned long)1>>(int, T2, T3)"
,,3033121,3034425,0,80,10494843,131185.5,124640.0,85760,188127,34960.7,"void <unnamed>::softmax_warp_forward<c10::Half, float, float, (int)9, (bool)0, (bool)0, (int)32>(T2 *, const T1 *, int, int, int, const bool *, int, bool)"
,,3033121,3034425,0,1024,9912785,9680.5,7088.0,4288,42688,8113.3,"void at::native::elementwise_kernel<(int)128, (int)4, void at::native::gpu_kernel_impl_nocast<at::native::neg_kernel_cuda(at::TensorIteratorBase &)::[lambda() (instance 2)]::operator ()() const::[lambda() (instance 8)]::operator ()() const::[lambda(c10::Half) (instance 1)]>(at::TensorIteratorBase &, const T1 &)::[lambda(int) (instance 1)]>(int, T3)"
,,3033121,3034425,0,512,9533838,18620.8,14080.0,9120,60831,12860.8,"void at::native::reduce_kernel<(int)512, (int)1, at::native::ReduceOp<float, at::native::MeanOps<float, float, float, float>, unsigned int, float, (int)4, (int)4>>(T3)"
,,3033121,3034425,0,64,7926664,123854.1,114224.0,27584,246111,97046.4,void cutlass::Kernel2<cutlass_80_tensorop_f16_s16816gemm_relu_f16_128x128_32x5_nn_align8>(T1::Params)
,,3033121,3034425,0,256,7808890,30503.5,24448.0,10944,84512,18301.3,"void at::native::reduce_kernel<(int)512, (int)1, at::native::ReduceOp<c10::Half, at::native::func_wrapper_t<c10::Half, at::native::sum_functor<c10::Half, float, c10::Half>::operator ()(at::TensorIterator &)::[lambda(float, float) (instance 1)]>, unsigned int, c10::Half, (int)4, (int)8>>(T3)"
,,3033121,3034425,0,112,7279824,64998.4,44448.0,15680,168576,49143.8,sm80_xmma_gemm_f16f16_f16f32_f32_nn_n_tilesize192x128x32_stage3_warpsize4x2x1_tensor16x8x16_execute_kernel__5x_cublas
,,3033121,3034425,0,192,6041806,31467.7,23328.0,16320,66048,17409.8,sm80_xmma_gemm_f16f16_f16f32_f32_nn_n_tilesize96x128x32_stage4_warpsize2x2x1_tensor16x8x16_execute_kernel__5x_cublas
,,3033121,3034425,0,64,5878027,91844.2,71344.0,25888,200031,70698.5,void cutlass::Kernel2<cutlass_80_tensorop_f16_s16816gemm_f16_256x64_32x4_nt_align2>(T1::Params)
,,3033121,3034425,0,64,5844291,91317.0,71088.0,27199,196735,68778.8,void cutlass::Kernel2<cutlass_80_tensorop_f16_s16816gemm_f16_64x256_32x4_nt_align2>(T1::Params)
,,3033121,3034425,0,96,5750862,59904.8,58704.0,35104,90976,18087.1,"void <unnamed>::softmax_warp_backward<float, c10::Half, float, (int)8, (bool)0, (bool)0, (int)32>(T2 *, const T1 *, const T1 *, int, int, int, const bool *)"
,,3033121,3034425,0,64,5344942,83514.7,83503.5,82400,84671,608.4,void cutlass::Kernel2<cutlass_80_tensorop_f16_s16816gemm_relu_f16_128x128_32x4_nn_align8>(T1::Params)
,,3033121,3034425,0,32,5263827,164494.6,164591.5,161951,169024,2126.9,sm80_xmma_gemm_f16f16_f16f32_f32_nn_n_tilesize160x128x32_stage3_warpsize2x2x1_tensor16x8x16_execute_kernel__5x_cublas
,,3033121,3034425,0,96,4894225,50981.5,44128.0,43680,65568,9938.0,sm80_xmma_gemm_f16f16_f16f32_f32_tn_n_tilesize96x128x32_stage4_warpsize2x2x1_tensor16x8x16_execute_kernel__5x_cublas
,,3033121,3034425,0,64,4444047,69438.2,67696.0,32512,108223,36323.8,void cutlass::Kernel2<cutlass_80_tensorop_f16_s16816gemm_relu_f16_128x128_32x5_tn_align8>(T1::Params)
,,3033121,3034425,0,96,4390540,45734.8,44800.0,28031,63040,12289.3,"void <unnamed>::softmax_warp_forward<c10::Half, float, float, (int)8, (bool)0, (bool)0, (int)32>(T2 *, const T1 *, int, int, int, const bool *, int, bool)"
,,3033121,3034425,0,256,4220880,16487.8,14368.0,8864,35040,6218.4,"void at::native::reduce_kernel<(int)128, (int)4, at::native::ReduceOp<c10::Half, at::native::func_wrapper_t<c10::Half, at::native::sum_functor<c10::Half, float, c10::Half>::operator ()(at::TensorIterator &)::[lambda(float, float) (instance 1)]>, unsigned int, c10::Half, (int)4, (int)8>>(T3)"
,,3033121,3034425,0,192,3544665,18461.8,18160.0,17664,20288,720.7,ampere_fp16_s16816gemm_fp16_128x64_ldg8_f2f_stages_64x4_tn
,,3033121,3034425,0,96,2969722,30934.6,30816.0,30368,32192,461.2,ampere_fp16_s16816gemm_fp16_128x128_ldg8_f2f_stages_64x3_tn
,,3033121,3034425,0,64,2777589,43399.8,42832.0,34336,53376,8094.5,void cutlass::Kernel2<cutlass_80_tensorop_f16_s16816gemm_relu_f16_128x128_32x4_tn_align8>(T1::Params)
,,3033121,3034425,0,32,2747128,85847.8,85920.0,84384,86815,541.6,sm80_xmma_gemm_f16f16_f16f32_f32_tn_n_tilesize128x128x32_stage4_warpsize2x2x1_tensor16x8x16_execute_kernel__5x_cublas
,,3033121,3034425,0,32,2544085,79502.7,79103.5,74528,85759,3606.0,ampere_fp16_s16816gemm_fp16_64x128_sliced1x2_ldg8_f2f_stages_64x3_nn
,,3033121,3034425,0,64,2474839,38669.4,38624.0,20320,58015,17994.1,void cutlass::Kernel2<cutlass_80_tensorop_f16_s16816gemm_relu_f16_256x64_32x4_nn_align8>(T1::Params)
,,3033121,3034425,0,32,2288760,71523.8,71567.5,70848,72032,270.6,sm80_xmma_gemm_f16f16_f16f32_f32_tn_n_tilesize160x128x32_stage4_warpsize2x2x1_tensor16x8x16_execute_kernel__5x_cublas
,,3033121,3034425,0,64,2129562,33274.4,33136.0,27648,39648,5389.9,void cutlass::Kernel2<cutlass_80_tensorop_f16_s16816gemm_f16_64x64_32x6_nn_align2>(T1::Params)
,,3033121,3034425,0,48,2122264,44213.8,32080.0,26528,75616,19559.0,void cutlass::Kernel2<cutlass_80_tensorop_f16_s16816gemm_relu_f16_64x256_32x4_nt_align8>(T1::Params)
,,3033121,3034425,0,64,1873948,29280.4,29952.0,25280,37408,3595.4,void cutlass::Kernel2<cutlass_80_tensorop_f16_s16816gemm_relu_f16_64x256_32x4_nn_align8>(T1::Params)
,,3033121,3034425,0,32,1769437,55294.9,55264.0,55168,55552,99.0,ampere_fp16_s16816gemm_fp16_256x128_ldg8_f2f_stages_32x3_tn
,,3033121,3034425,0,32,1451866,45370.8,45392.0,44863,46111,330.3,sm80_xmma_gemm_f16f16_f16f32_f32_tn_n_tilesize192x128x32_stage3_warpsize4x2x1_tensor16x8x16_execute_kernel__5x_cublas
,,3033121,3034425,0,672,1432349,2131.5,2048.0,1664,2944,269.4,"void at::native::vectorized_elementwise_kernel<(int)4, at::native::bitwise_not_kernel_cuda(at::TensorIteratorBase &)::[lambda(bool) (instance 1)], std::array<char *, (unsigned long)2>>(int, T2, T3)"
,,3033121,3034425,0,672,1369210,2037.5,1984.0,1632,2624,168.8,"void at::native::vectorized_elementwise_kernel<(int)4, at::native::BinaryFunctor<bool, bool, bool, at::native::logical_or_kernel_cuda(at::TensorIterator &)::[lambda() (instance 2)]::operator ()() const::[lambda() (instance 9)]::operator ()() const::[lambda(bool, bool) (instance 1)]>, std::array<char *, (unsigned long)3>>(int, T2, T3)"
,,3033121,3034425,0,528,1315772,2492.0,2560.0,1696,3232,295.3,"void at::native::vectorized_elementwise_kernel<(int)4, void at::native::<unnamed>::pow_tensor_scalar_kernel_impl<float, float>(at::TensorIteratorBase &, T2)::[lambda(float) (instance 2)], std::array<char *, (unsigned long)2>>(int, T2, T3)"
,,3033121,3034425,0,16,1241243,77577.7,77312.0,75391,81440,1830.8,void cutlass::Kernel2<cutlass_80_tensorop_f16_s16816gemm_relu_f16_256x64_32x4_nt_align8>(T1::Params)
,,3033121,3034425,0,512,1204827,2353.2,2368.0,1824,2944,211.8,"void at::native::vectorized_elementwise_kernel<(int)4, at::native::CUDAFunctorOnSelf_add<float>, std::array<char *, (unsigned long)2>>(int, T2, T3)"
,,3033121,3034425,0,32,1175934,36747.9,36784.0,35488,38528,895.4,ampere_fp16_s16816gemm_fp16_64x64_ldg8_f2f_tn
,,3033121,3034425,0,512,1161854,2269.2,2272.0,1824,2592,112.3,"void at::native::vectorized_elementwise_kernel<(int)4, at::native::rsqrt_kernel_cuda(at::TensorIteratorBase &)::[lambda() (instance 2)]::operator ()() const::[lambda() (instance 2)]::operator ()() const::[lambda(float) (instance 1)], std::array<char *, (unsigned long)2>>(int, T2, T3)"
,,3033121,3034425,0,32,1012414,31637.9,31056.0,26175,38208,4926.0,ampere_fp16_s16816gemm_fp16_128x64_ldg8_f2f_stages_32x6_nt
,,3033121,3034425,0,32,805469,25170.9,25200.0,24576,25887,337.2,sm80_xmma_gemm_f16f16_f16f32_f32_nn_n_tilesize160x128x32_stage4_warpsize2x2x1_tensor16x8x16_execute_kernel__5x_cublas
,,3033121,3034425,0,32,708350,22135.9,22128.0,21600,23008,281.1,void cutlass::Kernel2<cutlass_80_wmma_tensorop_f16_s161616gemm_f16_32x32_64x1_nn_align2>(T1::Params)
,,3033121,3034425,0,32,690015,21563.0,21536.0,21056,22240,342.6,void cutlass::Kernel2<cutlass_80_wmma_tensorop_f16_s161616gemm_f16_32x32_64x1_tn_align2>(T1::Params)
,,3033121,3034425,0,16,380157,23759.8,23759.5,23616,24000,118.0,void cutlass::Kernel2<cutlass_80_wmma_tensorop_f16_s161616gemm_f16_32x32_32x1_nt_align2>(T1::Params)
,,3033121,3034425,0,16,288128,18008.0,18016.0,17760,18176,116.0,"void <unnamed>::softmax_warp_forward<c10::Half, float, float, (int)7, (bool)0, (bool)0, (int)32>(T2 *, const T1 *, int, int, int, const bool *, int, bool)"
,,3033121,3034425,0,16,286207,17887.9,18000.0,17120,18464,413.3,"void <unnamed>::softmax_warp_backward<float, c10::Half, float, (int)7, (bool)0, (bool)0, (int)32>(T2 *, const T1 *, const T1 *, int, int, int, const bool *)"
,,3033121,3034425,0,16,249663,15603.9,15600.0,15104,15936,205.0,void cutlass::Kernel2<cutlass_80_tensorop_f16_s16816gemm_f16_128x64_64x3_nt_align2>(T1::Params)
,,3033121,3034425,0,26,84512,3250.5,3280.0,2816,3648,207.8,"void at::native::vectorized_elementwise_kernel<(int)2, at::native::BUnaryFunctor<long, long, long, at::native::remainder_kernel_cuda(at::TensorIteratorBase &)::[lambda() (instance 1)]::operator ()() const::[lambda() (instance 4)]::operator ()() const::[lambda(long, long) (instance 1)]>, std::array<char *, (unsigned long)2>>(int, T2, T3)"
,,3033121,3034425,0,16,77887,4867.9,4848.0,4608,5184,168.9,"void at::native::<unnamed>::write_indices<long>(long *, at::native::<unnamed>::TensorDims<T1>, int, T1, long *, long)"
,,3033121,3034425,0,32,74400,2325.0,2288.0,1888,2880,197.9,"void at::native::vectorized_elementwise_kernel<(int)2, at::native::AUnaryFunctor<long, long, long, at::native::binary_internal::MulFunctor<long>>, std::array<char *, (unsigned long)2>>(int, T2, T3)"
,,3033121,3034425,0,16,71680,4480.0,4432.0,4128,4896,259.7,"void at::native::<unnamed>::nll_loss_backward_no_reduce_cuda_kernel<float, long>(int, const T2 *, torch::headeronly::detail::GenericPackedTensorAccessor<torch::headeronly::detail::TensorAccessor<c10::ArrayRef<long>, const T1, (unsigned long)0, torch::headeronly::DefaultPtrTraits, long>, at::detail::IndexBoundsCheck<(unsigned long)1, long>, const T1, (unsigned long)1, torch::headeronly::DefaultPtrTraits, long>, torch::headeronly::detail::GenericPackedTensorAccessor<torch::headeronly::detail::TensorAccessor<c10::ArrayRef<long>, T1, (unsigned long)1, torch::headeronly::DefaultPtrTraits, long>, at::detail::IndexBoundsCheck<(unsigned long)2, long>, T1, (unsigned long)2, torch::headeronly::DefaultPtrTraits, long>, const T1 *, long, long)"
,,3033121,3034425,0,16,54464,3404.0,3376.0,2976,3808,192.0,"void at::native::elementwise_kernel<(int)128, (int)2, void at::native::gpu_kernel_impl_nocast<at::native::direct_copy_kernel_cuda(at::TensorIteratorBase &)::[lambda() (instance 3)]::operator ()() const::[lambda() (instance 7)]::operator ()() const::[lambda(float) (instance 1)]>(at::TensorIteratorBase &, const T1 &)::[lambda(int) (instance 1)]>(int, T3)"
,,3033121,3034425,0,16,50239,3139.9,3168.0,2816,3424,181.0,"void at::native::vectorized_elementwise_kernel<(int)2, at::native::BUnaryFunctor<long, long, long, at::native::binary_internal::div_trunc_kernel_cuda(at::TensorIteratorBase &)::[lambda() (instance 1)]::operator ()() const::[lambda() (instance 4)]::operator ()() const::[lambda(long, long) (instance 1)]>, std::array<char *, (unsigned long)2>>(int, T2, T3)"
,,3033121,3034425,0,16,39904,2494.0,2464.0,2240,2816,173.1,"void at::native::vectorized_elementwise_kernel<(int)2, at::native::CUDAFunctor_add<long>, std::array<char *, (unsigned long)3>>(int, T2, T3)"
,,3033121,3034425,0,16,30272,1892.0,1872.0,1824,1984,54.7,"void <unnamed>::elementwise_kernel_with_index<int, at::native::arange_cuda_out(const c10::Scalar &, const c10::Scalar &, const c10::Scalar &, at::Tensor &)::[lambda() (instance 1)]::operator ()() const::[lambda() (instance 4)]::operator ()() const::[lambda(long) (instance 1)]>(T1, T2, function_traits<T2>::result_type *)"
,,3033121,3034425,0,6,17824,2970.7,2976.0,2880,3040,55.1,"void at::native::unrolled_elementwise_kernel<at::native::BUnaryFunctor<long, long, long, at::native::remainder_kernel_cuda(at::TensorIteratorBase &)::[lambda() (instance 1)]::operator ()() const::[lambda() (instance 4)]::operator ()() const::[lambda(long, long) (instance 1)]>, std::array<char *, (unsigned long)2>, (int)4, TrivialOffsetCalculator<(int)1, unsigned int>, TrivialOffsetCalculator<(int)1, unsigned int>, at::native::memory::LoadWithoutCast, at::native::memory::StoreWithoutCast>(int, T1, T2, T4, T5, T6, T7)"
,,3033121,3035516,0,2,148512,74256.0,74256.0,74208,74304,67.9,"void batched_svd_parallel_jacobi_32x16<double, double>(int, int, int, int, T1 *, unsigned long, int, T2 *, T1 *, unsigned long, int, T1 *, unsigned long, int, T2, int, int *, T2, int, int *, int, T2)"
,,3033121,3035516,0,2,109760,54880.0,54880.0,45568,64192,13169.2,"void batched_svd_parallel_jacobi_32x16<float, float>(int, int, int, int, T1 *, unsigned long, int, T2 *, T1 *, unsigned long, int, T1 *, unsigned long, int, T2, int, int *, T2, int, int *, int, T2)"
,,3033121,3035516,0,2,45312,22656.0,22656.0,20512,24800,3032.1,"void kernel<getrf_wo_pivot_params_<double, (int)0, (int)256, (int)1, (int)64, (int)64, (int)68, (int)16, (int)1, (int)1>>(int, int, void *, int, void *, int, int, int, int, int, int *)"
,,3033121,3035516,0,28,36959,1320.0,1280.0,1216,1696,92.9,"copy_info_kernel(int, int *)"
,,3033121,3035516,0,2,36000,18000.0,18000.0,16672,19328,1878.1,"void kernel<getrf_wo_pivot_params_<float, (int)0, (int)256, (int)1, (int)64, (int)64, (int)68, (int)8, (int)1, (int)1>>(int, int, void *, int, void *, int, int, int, int, int, int *)"
,,3033121,3035516,0,2,30047,15023.5,15023.5,13536,16511,2103.6,"void steqr_ker<stedc_params_<double2, double, (int)8, (int)16, (int)128>, double, (int)0>(long, T1::data_type *, T1::data_type *, T2 *, long, int *, int *, long, long, T1::data_type, T1::data_type, int *, int)"
,,3033121,3035516,0,12,25376,2114.7,2080.0,1920,2336,155.3,"void at::native::unrolled_elementwise_kernel<at::native::direct_copy_kernel_cuda(at::TensorIteratorBase &)::[lambda() (instance 3)]::operator ()() const::[lambda() (instance 11)]::operator ()() const::[lambda(bool) (instance 1)], std::array<char *, (unsigned long)2>, (int)4, TrivialOffsetCalculator<(int)1, unsigned int>, TrivialOffsetCalculator<(int)1, unsigned int>, at::native::memory::LoadWithCast<(int)1>, at::native::memory::StoreWithCast<(int)1>>(int, T1, T2, T4, T5, T6, T7)"
,,3033121,3035516,0,16,21952,1372.0,1344.0,1280,1440,57.1,"void at::native::vectorized_elementwise_kernel<(int)4, at::native::FillFunctor<int>, std::array<char *, (unsigned long)1>>(int, T2, T3)"
,,3033121,3035516,0,2,21728,10864.0,10864.0,10528,11200,475.2,"void geqr2_smem<double, double, (int)8, (int)5, (int)5>(int, int, T1 *, unsigned long, T1 *, int)"
,,3033121,3035516,0,2,19456,9728.0,9728.0,9056,10400,950.4,"void steqr_ker<stedc_params_<float2, float, (int)8, (int)16, (int)128>, float, (int)0>(long, T1::data_type *, T1::data_type *, T2 *, long, int *, int *, long, long, T1::data_type, T1::data_type, int *, int)"
,,3033121,3035516,0,2,17824,8912.0,8912.0,8864,8960,67.9,"void geqr2_smem<float, float, (int)8, (int)5, (int)5>(int, int, T1 *, unsigned long, T1 *, int)"
,,3033121,3035516,0,4,17472,4368.0,4368.0,4352,4384,18.5,void svd_music_kernel<(int)32>(int *)
,,3033121,3035516,0,2,16576,8288.0,8288.0,8288,8288,0.0,"void batched_svd_qr_32x16<double, double>(int, int, int, T1 *, unsigned long, int, T1 *, unsigned long, int)"
,,3033121,3035516,0,6,15968,2661.3,2656.0,2528,2816,91.4,"void at::native::<unnamed>::distribution_elementwise_grid_stride_kernel<double, (int)2, void at::native::templates::cuda::normal_and_transform<double, double, at::CUDAGeneratorImpl *, void at::native::templates::cuda::normal_kernel<at::CUDAGeneratorImpl *>(const at::TensorBase &, double, double, T1)::[lambda() (instance 1)]::operator ()() const::[lambda() (instance 1)]::operator ()() const::[lambda(double) (instance 1)]>(at::TensorIteratorBase &, T3, T4)::[lambda(curandStatePhilox4_32_10 *) (instance 1)], void at::native::<unnamed>::distribution_nullary_kernel<double, double, double2, at::CUDAGeneratorImpl *, void at::native::templates::cuda::normal_and_transform<double, double, at::CUDAGeneratorImpl *, void at::native::templates::cuda::normal_kernel<at::CUDAGeneratorImpl *>(const at::TensorBase &, double, double, T1)::[lambda() (instance 1)]::operator ()() const::[lambda() (instance 1)]::operator ()() const::[lambda(double) (instance 1)]>(at::TensorIteratorBase &, T3, T4)::[lambda(curandStatePhilox4_32_10 *) (instance 1)], void at::native::templates::cuda::normal_kernel<at::CUDAGeneratorImpl *>(const at::TensorBase &, double, double, T1)::[lambda() (instance 1)]::operator ()() const::[lambda() (instance 1)]::operator ()() const::[lambda(double) (instance 1)]>(at::TensorIteratorBase &, T4, const T5 &, T6)::[lambda(int, double) (instance 1)]>(long, at::PhiloxCudaState, T3, T4)"
,,3033121,3035516,0,4,15456,3864.0,3872.0,3840,3872,16.0,ampere_sgemm_32x128_tn
,,3033121,3035516,0,8,15392,1924.0,1920.0,1856,1984,49.7,"void at::native::elementwise_kernel<(int)128, (int)2, void at::native::gpu_kernel_impl_nocast<at::native::direct_copy_kernel_cuda(at::TensorIteratorBase &)::[lambda() (instance 3)]::operator ()() const::[lambda() (instance 7)]::operator ()() const::[lambda(float) (instance 1)]>(at::TensorIteratorBase &, const T1 &)::[lambda(int) (instance 1)]>(int, T3)"
,,3033121,3035516,0,2,15296,7648.0,7648.0,7488,7808,226.3,"void batched_svd_qr_32x16<float, float>(int, int, int, T1 *, unsigned long, int, T1 *, unsigned long, int)"
,,3033121,3035516,0,8,15040,1880.0,1888.0,1856,1888,14.8,"void at::native::elementwise_kernel<(int)128, (int)2, void at::native::gpu_kernel_impl_nocast<at::native::direct_copy_kernel_cuda(at::TensorIteratorBase &)::[lambda() (instance 3)]::operator ()() const::[lambda() (instance 6)]::operator ()() const::[lambda(double) (instance 1)]>(at::TensorIteratorBase &, const T1 &)::[lambda(int) (instance 1)]>(int, T3)"
,,3033121,3035516,0,6,13984,2330.7,2336.0,2272,2400,51.3,"void at::native::<unnamed>::distribution_elementwise_grid_stride_kernel<float, (int)4, void at::native::templates::cuda::normal_and_transform<float, float, at::CUDAGeneratorImpl *, void at::native::templates::cuda::normal_kernel<at::CUDAGeneratorImpl *>(const at::TensorBase &, double, double, T1)::[lambda() (instance 1)]::operator ()() const::[lambda() (instance 2)]::operator ()() const::[lambda(float) (instance 1)]>(at::TensorIteratorBase &, T3, T4)::[lambda(curandStatePhilox4_32_10 *) (instance 2)], void at::native::<unnamed>::distribution_nullary_kernel<float, float, float4, at::CUDAGeneratorImpl *, void at::native::templates::cuda::normal_and_transform<float, float, at::CUDAGeneratorImpl *, void at::native::templates::cuda::normal_kernel<at::CUDAGeneratorImpl *>(const at::TensorBase &, double, double, T1)::[lambda() (instance 1)]::operator ()() const::[lambda() (instance 2)]::operator ()() const::[lambda(float) (instance 1)]>(at::TensorIteratorBase &, T3, T4)::[lambda(curandStatePhilox4_32_10 *) (instance 2)], void at::native::templates::cuda::normal_kernel<at::CUDAGeneratorImpl *>(const at::TensorBase &, double, double, T1)::[lambda() (instance 1)]::operator ()() const::[lambda() (instance 2)]::operator ()() const::[lambda(float) (instance 1)]>(at::TensorIteratorBase &, T4, const T5 &, T6)::[lambda(int, float) (instance 1)]>(long, at::PhiloxCudaState, T3, T4)"
,,3033121,3035516,0,4,12960,3240.0,3232.0,3200,3296,48.0,void cutlass::Kernel2<cutlass_80_tensorop_d884gemm_32x32_16x5_nn_align1>(T1::Params)
,,3033121,3035516,0,2,11008,5504.0,5504.0,5504,5504,0.0,"void sytrd4_cta<sytrd_params<double, (int)16, (int)32, (int)32, (int)32, (int)0, (int)1, (int)2>, (int)1>(int, T1::data_type *, int, int, T1::pod_type *, int, T1::pod_type *, int, T1::data_type *, int, int)"
,,3033121,3035516,0,4,10528,2632.0,2640.0,2560,2688,66.0,"void gemmSN_TN_kernel<double, (int)128, (int)16, (int)2, (int)4, (int)4, (int)4, (bool)1, cublasGemvTensorStridedBatched<const double>, cublasGemvTensorStridedBatched<const double>, cublasGemvTensorStridedBatched<double>>(cublasGemmSmallNParams<T9, T10, T11, T1>)"
,,3033121,3035516,0,4,10080,2520.0,2512.0,2496,2560,30.6,"void gemmSN_NN_kernel<float, (int)256, (int)4, (int)2, (int)8, (int)4, (int)4, (bool)0, cublasGemvTensorStridedBatched<const float>, cublasGemvTensorStridedBatched<const float>, cublasGemvTensorStridedBatched<float>>(cublasGemmSmallNParams<T9, T10, T11, T1>)"
,,3033121,3035516,0,2,9472,4736.0,4736.0,4704,4768,45.3,"void sytrd4_cta<sytrd_params<float, (int)16, (int)32, (int)32, (int)32, (int)0, (int)1, (int)2>, (int)1>(int, T1::data_type *, int, int, T1::pod_type *, int, T1::pod_type *, int, T1::data_type *, int, int)"
,,3033121,3035516,0,4,6240,1560.0,1568.0,1536,1568,16.0,"void lacpy_kernel<double, double, (int)5, (int)3>(long, long, const T1 *, long, long, T2 *, long, long, int, int)"
,,3033121,3035516,0,4,6240,1560.0,1536.0,1536,1632,48.0,"void lacpy_kernel<float, float, (int)5, (int)3>(long, long, const T1 *, long, long, T2 *, long, long, int, int)"
,,3033121,3035516,0,2,5696,2848.0,2848.0,2752,2944,135.8,"void at::native::triu_tril_kernel<float, int, (bool)1, (int)2, (bool)0>(at::cuda::detail::TensorInfo<T1, T2>, at::cuda::detail::TensorInfo<const T1, T2>, long, long, T2)"
,,3033121,3035516,0,2,5600,2800.0,2800.0,2656,2944,203.6,"void lansy_M_stage1<float, float, (int)8>(long, const T1 *, long, long, T2 *, long, int)"
,,3033121,3035516,0,2,5536,2768.0,2768.0,2752,2784,22.6,"void lansy_M_stage1<double, double, (int)8>(long, const T1 *, long, long, T2 *, long, int)"
,,3033121,3035516,0,2,5440,2720.0,2720.0,2592,2848,181.0,"void larft_vtv_32<double, (int)128>(long, long, const T1 *, long, long, T1 *, long, long)"
,,3033121,3035516,0,2,5344,2672.0,2672.0,2592,2752,113.1,"void at::native::triu_tril_kernel<double, int, (bool)1, (int)1, (bool)0>(at::cuda::detail::TensorInfo<T1, T2>, at::cuda::detail::TensorInfo<const T1, T2>, long, long, T2)"
,,3033121,3035516,0,4,5280,1320.0,1312.0,1280,1376,40.3,"xxtrf4_set_info_ker(int, int *)"
,,3033121,3035516,0,4,5184,1296.0,1280.0,1248,1376,55.4,"xx_set_info_ker(int, int *, int)"
,,3033121,3035516,0,2,5120,2560.0,2560.0,2560,2560,0.0,"void larft_vtv_32<float, (int)128>(long, long, const T1 *, long, long, T1 *, long, long)"
,,3033121,3035516,0,2,5120,2560.0,2560.0,2560,2560,0.0,"void ormqr_cta_kernel<double, (int)4, (int)1>(long, long, long, const T1 *, long, long, const T1 *, long, T1 *, long, long, long, long, long, int)"
,,3033121,3035516,0,2,5056,2528.0,2528.0,2464,2592,90.5,"void ormqr_cta_kernel<float, (int)4, (int)1>(long, long, long, const T1 *, long, long, const T1 *, long, T1 *, long, long, long, long, long, int)"
,,3033121,3035516,0,2,4992,2496.0,2496.0,2432,2560,90.5,"void larft_T_32<float, (int)256>(int, T1 *, int, long, const T1 *, long)"
,,3033121,3035516,0,2,4928,2464.0,2464.0,2432,2496,45.3,"void larft_T_32<double, (int)256>(int, T1 *, int, long, const T1 *, long)"
,,3033121,3035516,0,2,4864,2432.0,2432.0,2272,2592,226.3,"void at::native::triu_tril_kernel<float, int, (bool)0, (int)2, (bool)1>(at::cuda::detail::TensorInfo<T1, T2>, at::cuda::detail::TensorInfo<const T1, T2>, long, long, T2)"
,,3033121,3035516,0,2,4864,2432.0,2432.0,2432,2432,0.0,"void scale_max<double, (int)32, (int)32, (int)1>(long, long, T1 *, T1 *, T1 *, int *)"
,,3033121,3035516,0,2,4800,2400.0,2400.0,2400,2400,0.0,"void lascl_kernel<double, double, (int)8>(long, long, T1 *, long, long, T2 *, int, int)"
,,3033121,3035516,0,2,4800,2400.0,2400.0,2400,2400,0.0,"void lascl_kernel<float, float, (int)8>(long, long, T1 *, long, long, T2 *, int, int)"
,,3033121,3035516,0,2,4672,2336.0,2336.0,2240,2432,135.8,"void at::native::triu_tril_kernel<double, int, (bool)0, (int)1, (bool)1>(at::cuda::detail::TensorInfo<T1, T2>, at::cuda::detail::TensorInfo<const T1, T2>, long, long, T2)"
,,3033121,3035516,0,2,4544,2272.0,2272.0,2208,2336,90.5,"void scale_max<float, (int)32, (int)32, (int)1>(long, long, T1 *, T1 *, T1 *, int *)"
,,3033121,3035516,0,2,4416,2208.0,2208.0,2208,2208,0.0,"void lansy_M_stage2<double, (int)8>(T1, T1, long, T1 *, long, T1 *, T1 *)"
,,3033121,3035516,0,2,4192,2096.0,2096.0,2048,2144,67.9,"void lansy_M_stage2<float, (int)8>(T1, T1, long, T1 *, long, T1 *, T1 *)"
,,3033121,3035516,0,2,4160,2080.0,2080.0,2080,2080,0.0,"void epilogue<sytrd_params<double, (int)32, (int)8, (int)512, (int)32, (int)16, (int)1, (int)2>, (int)128, (int)1, (int)1>(int, int, T1::data_type *, int, int, T1::pod_type *, int, T1::pod_type *, int, T1::data_type *, int, T1::data_type *, int, int)"
,,3033121,3035516,0,2,4128,2064.0,2064.0,2016,2112,67.9,"void epilogue<sytrd_params<float, (int)32, (int)8, (int)512, (int)32, (int)16, (int)1, (int)2>, (int)128, (int)1, (int)1>(int, int, T1::data_type *, int, int, T1::pod_type *, int, T1::pod_type *, int, T1::data_type *, int, T1::data_type *, int, int)"
,,3033121,3035516,0,2,3456,1728.0,1728.0,1728,1728,0.0,"void at::native::vectorized_elementwise_kernel<(int)2, at::native::CUDAFunctor_add<double>, std::array<char *, (unsigned long)3>>(int, T2, T3)"
,,3033121,3035516,0,2,3360,1680.0,1680.0,1632,1728,67.9,"void scale_max<float, (int)32, (int)128, (int)0>(long, long, T1 *, T1 *, T1 *, int *)"
,,3033121,3035516,0,2,3328,1664.0,1664.0,1600,1728,90.5,"void at::native::elementwise_kernel<(int)128, (int)2, void at::native::gpu_kernel_impl_nocast<at::native::FillFunctor<float>>(at::TensorIteratorBase &, const T1 &)::[lambda(int) (instance 1)]>(int, T3)"
,,3033121,3035516,0,2,3264,1632.0,1632.0,1632,1632,0.0,"void scale_max<double, (int)32, (int)128, (int)0>(long, long, T1 *, T1 *, T1 *, int *)"
,,3033121,3035516,0,2,3232,1616.0,1616.0,1600,1632,22.6,"void at::native::elementwise_kernel<(int)128, (int)2, void at::native::gpu_kernel_impl_nocast<at::native::FillFunctor<double>>(at::TensorIteratorBase &, const T1 &)::[lambda(int) (instance 1)]>(int, T3)"
,,3033121,3035516,0,2,3200,1600.0,1600.0,1600,1600,0.0,"void at::native::vectorized_elementwise_kernel<(int)4, at::native::CUDAFunctor_add<float>, std::array<char *, (unsigned long)3>>(int, T2, T3)"
,,3033121,3035516,0,2,3104,1552.0,1552.0,1472,1632,113.1,"void at::native::vectorized_elementwise_kernel<(int)4, at::native::AUnaryFunctor<float, float, float, at::native::binary_internal::MulFunctor<float>>, std::array<char *, (unsigned long)2>>(int, T2, T3)"
,,3033121,3035516,0,2,3040,1520.0,1520.0,1504,1536,22.6,"void at::native::vectorized_elementwise_kernel<(int)2, at::native::AUnaryFunctor<double, double, double, at::native::binary_internal::MulFunctor<double>>, std::array<char *, (unsigned long)2>>(int, T2, T3)"
,,3033121,3035516,0,2,2976,1488.0,1488.0,1440,1536,67.9,"void batch_eye_kernel<float, (int)5, (int)3>(long, long, T1 *, unsigned long, long long, int)"
,,3033121,3035516,0,2,2912,1456.0,1456.0,1408,1504,67.9,"void cuds_scal_batch_kernel<float, (int)256>(int, const T1 *, T1 *, long long)"
,,3033121,3035516,0,2,2880,1440.0,1440.0,1440,1440,0.0,"void batch_eye_kernel<double, (int)5, (int)3>(long, long, T1 *, unsigned long, long long, int)"
,,3033121,3035516,0,2,2816,1408.0,1408.0,1408,1408,0.0,"void cuds_scal_batch_kernel<double, (int)256>(int, const T1 *, T1 *, long long)"
,,3033121,3035516,0,2,2752,1376.0,1376.0,1312,1440,90.5,"void at::native::vectorized_elementwise_kernel<(int)4, at::native::FillFunctor<float>, std::array<char *, (unsigned long)1>>(int, T2, T3)"
,,3033121,3035516,0,2,2720,1360.0,1360.0,1344,1376,22.6,"void at::native::vectorized_elementwise_kernel<(int)2, at::native::FillFunctor<double>, std::array<char *, (unsigned long)1>>(int, T2, T3)"
,,3033121,3035516,0,2,2624,1312.0,1312.0,1248,1376,90.5,"void orgqr_step1_kernel<float, (int)5, (int)3>(int, int, int, T1 *, int)"
,,3033121,3035516,0,2,2560,1280.0,1280.0,1280,1280,0.0,"void orgqr_step1_kernel<double, (int)5, (int)3>(int, int, int, T1 *, int)"
:qvq_api.qvq_cuda_viterbi,PushPop,3033121,3035516,5120,5120,17189281978,3357281.6,2759142.0,1362492,7319742,1964415.2,"void <unnamed>::qvq_viterbi_kernel<(int)4, (int)2, __half, unsigned char>(const float *, const T3 *, const float *, const long *, const float *, T4 *, long *, float *, int, int, int, bool, bool, bool)"
:qvq_api.qvq_cuda_viterbi,PushPop,3033121,3035516,5120,25600,160528506,6270.6,7296.0,2528,8480,1983.4,"void at::native::reduce_kernel<(int)512, (int)1, at::native::ReduceOp<bool, at::native::func_wrapper_t<bool, at::native::and_kernel_cuda(at::TensorIterator &)::[lambda() (instance 1)]::operator ()() const::[lambda() (instance 12)]::operator ()() const::[lambda(bool, bool) (instance 1)]>, unsigned int, bool, (int)4, (int)4>>(T3)"
:qvq_api.qvq_cuda_viterbi,PushPop,3033121,3035516,5120,10240,82853663,8091.2,8160.0,7392,8640,255.5,"void at::native::reduce_kernel<(int)512, (int)1, at::native::ReduceOp<c10::Half, at::native::func_wrapper_t<c10::Half, at::native::MaxNanFunctor<c10::Half>>, unsigned int, c10::Half, (int)4, (int)4>>(T3)"
:qvq_api.qvq_cuda_viterbi,PushPop,3033121,3035516,5120,10240,72938237,7122.9,7616.0,4352,8608,1245.3,"void at::native::reduce_kernel<(int)512, (int)1, at::native::ReduceOp<float, at::native::func_wrapper_t<float, at::native::MaxNanFunctor<float>>, unsigned int, float, (int)4, (int)4>>(T3)"
:qvq_api.qvq_cuda_viterbi,PushPop,3033121,3035516,5120,20480,43847160,2141.0,2144.0,2111,2240,18.7,"void at::native::vectorized_elementwise_kernel<(int)4, at::native::AbsFunctor<c10::Half>, std::array<char *, (unsigned long)2>>(int, T2, T3)"
:qvq_api.qvq_cuda_viterbi,PushPop,3033121,3035516,5120,20480,43806583,2139.0,2176.0,1984,2305,94.1,"void at::native::vectorized_elementwise_kernel<(int)4, at::native::BinaryFunctor<bool, bool, bool, at::native::binary_internal::MulFunctor<bool>>, std::array<char *, (unsigned long)3>>(int, T2, T3)"
:qvq_api.qvq_cuda_viterbi,PushPop,3033121,3035516,5120,20480,42215955,2061.3,2016.0,1888,2368,110.0,"void at::native::vectorized_elementwise_kernel<(int)4, at::native::AbsFunctor<float>, std::array<char *, (unsigned long)2>>(int, T2, T3)"
:qvq_api.qvq_cuda_viterbi,PushPop,3033121,3035516,5120,10240,23026412,2248.7,2240.0,2207,2336,17.4,"void at::native::vectorized_elementwise_kernel<(int)4, at::native::BinaryFunctor<c10::Half, c10::Half, bool, at::native::<unnamed>::CompareEqFunctor<c10::Half>>, std::array<char *, (unsigned long)3>>(int, T2, T3)"
:qvq_api.qvq_cuda_viterbi,PushPop,3033121,3035516,5120,10240,22812172,2227.8,2240.0,2175,2336,23.9,"void at::native::vectorized_elementwise_kernel<(int)4, at::native::AUnaryFunctor<c10::Half, c10::Half, bool, at::native::<unnamed>::CompareEqFunctor<c10::Half>>, std::array<char *, (unsigned long)2>>(int, T2, T3)"
:qvq_api.qvq_cuda_viterbi,PushPop,3033121,3035516,5120,10240,21458851,2095.6,2048.0,1984,2368,99.3,"void at::native::vectorized_elementwise_kernel<(int)4, at::native::BinaryFunctor<float, float, bool, at::native::<unnamed>::CompareEqFunctor<float>>, std::array<char *, (unsigned long)3>>(int, T2, T3)"
:qvq_api.qvq_cuda_viterbi,PushPop,3033121,3035516,5120,10240,21351946,2085.2,2048.0,1952,2368,101.6,"void at::native::vectorized_elementwise_kernel<(int)4, at::native::AUnaryFunctor<float, float, bool, at::native::<unnamed>::CompareEqFunctor<float>>, std::array<char *, (unsigned long)2>>(int, T2, T3)"
:qvq_api.qvq_cuda_viterbi,PushPop,3033121,3035516,2560,10240,18086311,1766.2,1760.0,1600,1952,65.6,"void at::native::vectorized_elementwise_kernel<(int)4, void at::native::compare_scalar_kernel<long>(at::TensorIteratorBase &, at::native::<unnamed>::OpType, T1)::[lambda(long) (instance 1)], std::array<char *, (unsigned long)2>>(int, T2, T3)"
:qvq_api.qvq_cuda_viterbi,PushPop,3033121,3035516,5120,5120,12921445,2523.7,2528.0,2336,2752,85.2,"void at::native::unrolled_elementwise_kernel<at::native::BinaryFunctor<float, float, float, at::native::maximum_kernel_cuda(at::TensorIteratorBase &)::[lambda() (instance 2)]::operator ()() const::[lambda() (instance 2)]::operator ()() const::[lambda(float, float) (instance 1)]>, std::array<char *, (unsigned long)3>, (int)4, TrivialOffsetCalculator<(int)2, unsigned int>, TrivialOffsetCalculator<(int)1, unsigned int>, at::native::memory::LoadWithCast<(int)2>, at::native::memory::StoreWithCast<(int)1>>(int, T1, T2, T4, T5, T6, T7)"
:qvq_api.qvq_cuda_viterbi,PushPop,3033121,3035516,5120,5120,11740964,2293.2,2304.0,2176,2848,90.1,"<unnamed>::qvq_half2_codebook_norm_pack_kernel(const __half *, unsigned long *, int)"
:qvq_api.qvq_cuda_viterbi,PushPop,3033121,3035516,5120,5120,8632097,1686.0,1664.0,1536,1824,90.2,"void at::native::vectorized_elementwise_kernel<(int)4, void at::native::compare_scalar_kernel<float>(at::TensorIteratorBase &, at::native::<unnamed>::OpType, T1)::[lambda(float) (instance 1)], std::array<char *, (unsigned long)2>>(int, T2, T3)"
:qvq_api.qvq_cuda_viterbi,PushPop,3033121,3035516,2560,2560,8554175,3341.5,3328.0,3008,3712,136.6,"void at::native::reduce_kernel<(int)512, (int)1, at::native::ReduceOp<bool, at::native::func_wrapper_t<bool, at::native::or_kernel_cuda(at::TensorIterator &)::[lambda() (instance 1)]::operator ()() const::[lambda() (instance 12)]::operator ()() const::[lambda(bool, bool) (instance 1)]>, unsigned int, bool, (int)4, (int)4>>(T3)"
:qvq_api.qvq_cuda_viterbi,PushPop,3033121,3035516,2560,2560,4420030,1726.6,1728.0,1568,1952,81.3,"void at::native::vectorized_elementwise_kernel<(int)4, at::native::BinaryFunctor<bool, bool, bool, at::native::BitwiseOrFunctor<bool>>, std::array<char *, (unsigned long)3>>(int, T2, T3)"
:qvq_cuda.viterbi,PushPop,3033121,3035516,5120,5120,17189281978,3357281.6,2759142.0,1362492,7319742,1964415.2,"void <unnamed>::qvq_viterbi_kernel<(int)4, (int)2, __half, unsigned char>(const float *, const T3 *, const float *, const long *, const float *, T4 *, long *, float *, int, int, int, bool, bool, bool)"
:qvq_cuda.viterbi,PushPop,3033121,3035516,5120,15360,87033409,5666.2,7040.0,2528,8480,2247.1,"void at::native::reduce_kernel<(int)512, (int)1, at::native::ReduceOp<bool, at::native::func_wrapper_t<bool, at::native::and_kernel_cuda(at::TensorIterator &)::[lambda() (instance 1)]::operator ()() const::[lambda() (instance 12)]::operator ()() const::[lambda(bool, bool) (instance 1)]>, unsigned int, bool, (int)4, (int)4>>(T3)"
:qvq_cuda.viterbi,PushPop,3033121,3035516,5120,5120,41449139,8095.5,8160.0,7392,8640,248.1,"void at::native::reduce_kernel<(int)512, (int)1, at::native::ReduceOp<c10::Half, at::native::func_wrapper_t<c10::Half, at::native::MaxNanFunctor<c10::Half>>, unsigned int, c10::Half, (int)4, (int)4>>(T3)"
:qvq_cuda.viterbi,PushPop,3033121,3035516,5120,5120,36462701,7121.6,7616.0,4352,8608,1244.7,"void at::native::reduce_kernel<(int)512, (int)1, at::native::ReduceOp<float, at::native::func_wrapper_t<float, at::native::MaxNanFunctor<float>>, unsigned int, float, (int)4, (int)4>>(T3)"
:qvq_cuda.viterbi,PushPop,3033121,3035516,5120,10240,21922441,2140.9,2144.0,2111,2208,18.7,"void at::native::vectorized_elementwise_kernel<(int)4, at::native::AbsFunctor<c10::Half>, std::array<char *, (unsigned long)2>>(int, T2, T3)"
:qvq_cuda.viterbi,PushPop,3033121,3035516,5120,10240,21905327,2139.2,2176.0,1984,2304,94.2,"void at::native::vectorized_elementwise_kernel<(int)4, at::native::BinaryFunctor<bool, bool, bool, at::native::binary_internal::MulFunctor<bool>>, std::array<char *, (unsigned long)3>>(int, T2, T3)"
:qvq_cuda.viterbi,PushPop,3033121,3035516,5120,10240,21113419,2061.9,2016.0,1888,2368,110.0,"void at::native::vectorized_elementwise_kernel<(int)4, at::native::AbsFunctor<float>, std::array<char *, (unsigned long)2>>(int, T2, T3)"
:qvq_cuda.viterbi,PushPop,3033121,3035516,5120,5120,11740964,2293.2,2304.0,2176,2848,90.1,"<unnamed>::qvq_half2_codebook_norm_pack_kernel(const __half *, unsigned long *, int)"
:qvq_cuda.viterbi,PushPop,3033121,3035516,5120,5120,11511628,2248.4,2240.0,2207,2336,17.4,"void at::native::vectorized_elementwise_kernel<(int)4, at::native::BinaryFunctor<c10::Half, c10::Half, bool, at::native::<unnamed>::CompareEqFunctor<c10::Half>>, std::array<char *, (unsigned long)3>>(int, T2, T3)"
:qvq_cuda.viterbi,PushPop,3033121,3035516,5120,5120,11405283,2227.6,2240.0,2175,2336,23.7,"void at::native::vectorized_elementwise_kernel<(int)4, at::native::AUnaryFunctor<c10::Half, c10::Half, bool, at::native::<unnamed>::CompareEqFunctor<c10::Half>>, std::array<char *, (unsigned long)2>>(int, T2, T3)"
:qvq_cuda.viterbi,PushPop,3033121,3035516,5120,5120,10726946,2095.1,2048.0,1984,2368,99.5,"void at::native::vectorized_elementwise_kernel<(int)4, at::native::BinaryFunctor<float, float, bool, at::native::<unnamed>::CompareEqFunctor<float>>, std::array<char *, (unsigned long)3>>(int, T2, T3)"
:qvq_cuda.viterbi,PushPop,3033121,3035516,5120,5120,10675943,2085.1,2048.0,1984,2336,101.2,"void at::native::vectorized_elementwise_kernel<(int)4, at::native::AUnaryFunctor<float, float, bool, at::native::<unnamed>::CompareEqFunctor<float>>, std::array<char *, (unsigned long)2>>(int, T2, T3)"
:qvq_cuda.viterbi,PushPop,3033121,3035516,2560,5120,8992484,1756.3,1760.0,1600,1952,57.8,"void at::native::vectorized_elementwise_kernel<(int)4, void at::native::compare_scalar_kernel<long>(at::TensorIteratorBase &, at::native::<unnamed>::OpType, T1)::[lambda(long) (instance 1)], std::array<char *, (unsigned long)2>>(int, T2, T3)"
:qvq_cuda.viterbi_tail_trusted,PushPop,3033121,3035516,5490,10980,21898383756,1994388.3,1456050.5,1350397,2884228,685656.0,"void <unnamed>::qvq_viterbi_kernel<(int)4, (int)2, __half, unsigned char>(const float *, const T3 *, const float *, const long *, const float *, T4 *, long *, float *, int, int, int, bool, bool, bool)"
:qvq_cuda.viterbi_tail_trusted,PushPop,3033121,3035516,5490,10980,31723715,2889.2,2688.0,2080,522722,9893.2,"<unnamed>::qvq_half2_codebook_norm_pack_kernel(const __half *, unsigned long *, int)"
:qvq_cuda.viterbi_tail_trusted,PushPop,3033121,3035516,5462,5462,17939213,3284.4,3680.0,1824,67424,1565.3,"void at::native::elementwise_kernel<(int)128, (int)2, void at::native::gpu_kernel_impl_nocast<at::native::AUnaryFunctor<long, long, long, at::native::BitwiseAndFunctor<long>>>(at::TensorIteratorBase &, const T1 &)::[lambda(int) (instance 1)]>(int, T3)"
:qvq_cuda.viterbi_tail_trusted,PushPop,3033121,3035516,5490,5490,13999149,2549.9,2496.0,1728,167808,2832.4,"void at::native::roll_cuda_kernel<float>(const T1 *, T1 *, long, long, long, long, long, long)"
:qvq_cuda.viterbi_tail_trusted,PushPop,3033121,3035516,28,28,58048,2073.1,1600.0,1408,5568,913.1,"void at::native::unrolled_elementwise_kernel<at::native::AUnaryFunctor<long, long, long, at::native::BitwiseAndFunctor<long>>, std::array<char *, (unsigned long)2>, (int)4, TrivialOffsetCalculator<(int)1, unsigned int>, TrivialOffsetCalculator<(int)1, unsigned int>, at::native::memory::LoadWithoutCast, at::native::memory::StoreWithoutCast>(int, T1, T2, T4, T5, T6, T7)"
:qvq_cuda.viterbi_v2_segment_family_grid_trusted,PushPop,3033121,3035516,12476,12476,45830572865,3673498.9,3331549.0,1047423,13581333,3003591.2,void <unnamed>::qvq_fused_w2_family_grid_kernel<(bool)0>(<unnamed>::FusedSequenceArgs)
:qvq_cuda.viterbi_v2_segment_family_grid_trusted,PushPop,3033121,3035516,12476,12476,1256309341,100698.1,101825.0,71424,117632,6804.2,"<unnamed>::qvq_fused_w2_traceback_kernel(const unsigned char *, const unsigned char *, const int *, long *, unsigned char *, int)"
:qvq_cuda.viterbi_v2_segment_family_grid_trusted,PushPop,3033121,3035516,312,2496,366703229,146916.4,145856.5,133121,520993,12029.2,"void <unnamed>::qvq_v2_segment_grid_kernel<(int)4, (int)2, (int)16, (bool)1, (bool)0, __half, unsigned char>(const float *, const T6 *, const float *, const long *, const float *, const float *, float *, T7 *, unsigned char *, int, int, int, bool, bool)"
:qvq_cuda.viterbi_v2_segment_family_grid_trusted,PushPop,3033121,3035516,12476,12476,164605344,13193.8,13568.0,9152,15936,1523.3,"<unnamed>::qvq_fused_detect_family_mask_kernel(const unsigned int *, int *)"
:qvq_cuda.viterbi_v2_segment_family_grid_trusted,PushPop,3033121,3035516,312,312,25911453,83049.5,82352.5,70688,119712,7657.4,"void <unnamed>::qvq_v2_segment_grid_finalize_kernel<(int)4, (int)2, (int)16, (bool)0, __half, unsigned char>(const float *, const T5 *, const float *, const long *, const float *, const float *, const T6 *, const unsigned char *, long *, unsigned char *, float *, int, int, bool, bool)"
:qvq_cuda.viterbi_v2_segment_family_grid_trusted,PushPop,3033121,3035516,12476,12476,19716859,1580.4,1568.0,1311,3456,155.7,"void at::native::vectorized_elementwise_kernel<(int)4, at::native::FillFunctor<int>, std::array<char *, (unsigned long)1>>(int, T2, T3)"
:qvq_cuda.viterbi_v2_segment_family_grid_trusted,PushPop,3033121,3035516,312,312,1521793,4877.5,4224.0,3296,11104,2155.6,"<unnamed>::qvq_half2_codebook_norm_pack_kernel(const __half *, unsigned long *, int)"
:qvq_cuda.viterbi_v2_segment_tail_trusted,PushPop,3033121,3035516,2844,45504,6613657223,145342.3,146464.0,132416,218816,3746.8,"void <unnamed>::qvq_v2_segment_grid_kernel<(int)4, (int)2, (int)16, (bool)1, (bool)0, __half, unsigned char>(const float *, const T6 *, const float *, const long *, const float *, const float *, float *, T7 *, unsigned char *, int, int, int, bool, bool)"
:qvq_cuda.viterbi_v2_segment_tail_trusted,PushPop,3033121,3035516,2124,4248,4376634245,1030281.1,1011582.0,1001921,1211805,36424.5,void <unnamed>::qvq_fused_w2_family_grid_kernel<(bool)0>(<unnamed>::FusedSequenceArgs)
:qvq_cuda.viterbi_v2_segment_tail_trusted,PushPop,3033121,3035516,2844,5688,452598954,79570.8,80384.0,67328,90400,3921.7,"void <unnamed>::qvq_v2_segment_grid_finalize_kernel<(int)4, (int)2, (int)16, (bool)0, __half, unsigned char>(const float *, const T5 *, const float *, const long *, const float *, const float *, const T6 *, const unsigned char *, long *, unsigned char *, float *, int, int, bool, bool)"
:qvq_cuda.viterbi_v2_segment_tail_trusted,PushPop,3033121,3035516,2124,4248,356985728,84036.2,84928.0,67968,95488,6035.1,"<unnamed>::qvq_fused_w2_traceback_kernel(const unsigned char *, const unsigned char *, const int *, long *, unsigned char *, int)"
:qvq_cuda.viterbi_v2_segment_tail_trusted,PushPop,3033121,3035516,2124,4248,48427278,11400.0,11072.0,9088,14848,2178.5,"<unnamed>::qvq_fused_detect_family_mask_kernel(const unsigned int *, int *)"
:qvq_cuda.viterbi_v2_segment_tail_trusted,PushPop,3033121,3035516,2844,5688,15494997,2724.2,2784.0,2304,3328,211.4,"<unnamed>::qvq_half2_codebook_norm_pack_kernel(const __half *, unsigned long *, int)"
:qvq_cuda.viterbi_v2_segment_tail_trusted,PushPop,3033121,3035516,4968,4968,12076350,2430.8,2432.0,1728,2529,83.2,"void at::native::roll_cuda_kernel<float>(const T1 *, T1 *, long, long, long, long, long, long)"
:qvq_cuda.viterbi_v2_segment_tail_trusted,PushPop,3033121,3035516,4920,4920,11501146,2337.6,2304.0,1792,2784,196.4,"void at::native::elementwise_kernel<(int)128, (int)2, void at::native::gpu_kernel_impl_nocast<at::native::AUnaryFunctor<long, long, long, at::native::BitwiseAndFunctor<long>>>(at::TensorIteratorBase &, const T1 &)::[lambda(int) (instance 1)]>(int, T3)"
:qvq_cuda.viterbi_v2_segment_tail_trusted,PushPop,3033121,3035516,2124,4248,5937600,1397.7,1408.0,1280,1568,51.5,"void at::native::vectorized_elementwise_kernel<(int)4, at::native::FillFunctor<int>, std::array<char *, (unsigned long)1>>(int, T2, T3)"
:qvq_cuda.viterbi_v2_segment_tail_trusted,PushPop,3033121,3035516,48,48,72832,1517.3,1536.0,1408,1568,45.7,"void at::native::unrolled_elementwise_kernel<at::native::AUnaryFunctor<long, long, long, at::native::BitwiseAndFunctor<long>>, std::array<char *, (unsigned long)2>, (int)4, TrivialOffsetCalculator<(int)1, unsigned int>, TrivialOffsetCalculator<(int)1, unsigned int>, at::native::memory::LoadWithoutCast, at::native::memory::StoreWithoutCast>(int, T1, T2, T4, T5, T6, T7)"
:qvq_cuda.yaqa_feedback,PushPop,3033121,3035516,7668,7668,12199549527,1590968.9,1164866.0,21184,5813283,1409686.2,void cutlass::Kernel2<cutlass_80_simt_sgemm_grouped_128x128_8x4_align1>(T1::Params)
:qvq_cuda.yaqa_feedback,PushPop,3033121,3035516,7668,7668,27556704,3593.7,3392.0,2176,270753,4551.0,"<unnamed>::qvq_yaqa_feedback_epilogue_kernel(const float *, const float *, const float *, const float *, const float *, float *, int, int, int, int, int)"
:qvq_cuda.yaqa_feedback,PushPop,3033121,3035516,7668,7668,16618866,2167.3,2144.0,1408,4768,147.6,"<unnamed>::qvq_yaqa_grouped_pointers_kernel(const float *, const float *, float *, float **, float **, float **, int, int, int, int, int, int)"
:qvq_cuda.yaqa_feedback_update,PushPop,3033121,3035516,7652,7652,3001439996,392242.6,308847.5,4608,962914,328854.4,"void gemmSN_NN_kernel<float, (int)128, (int)2, (int)4, (int)8, (int)4, (int)4, (bool)0, cublasGemvTensorBatched<const float>, cublasGemvTensorBatched<const float>, cublasGemvTensorBatched<float>>(cublasGemmSmallNParams<T9, T10, T11, T1>)"
:qvq_cuda.yaqa_feedback_update,PushPop,3033121,3035516,7656,7656,2463615178,321788.8,253087.5,9952,1186051,332116.4,ampere_sgemm_128x128_nt
:qvq_cuda.yaqa_feedback_update,PushPop,3033121,3035516,7668,7668,14876849,1940.1,1952.0,1440,5184,113.7,"<unnamed>::qvq_yaqa_update_grouped_pointers_kernel(float *, float *, const float *, const float *, const float *, float **, float **, float **, int, int, int, int, int, int)"
:qvq_cuda.yaqa_feedback_update,PushPop,3033121,3035516,16,16,102369,6398.1,5392.0,3968,11584,2429.5,"void gemmSN_NN_kernel<float, (int)256, (int)4, (int)2, (int)8, (int)4, (int)4, (bool)0, cublasGemvTensorBatched<const float>, cublasGemvTensorBatched<const float>, cublasGemvTensorBatched<float>>(cublasGemmSmallNParams<T9, T10, T11, T1>)"
:qvq_cuda.yaqa_feedback_update,PushPop,3033121,3035516,12,12,98881,8240.1,7984.0,7648,10304,808.5,ampere_sgemm_32x128_nt
:qvq_quantize.main,PushPop,3033121,3033121,1,254,603446676,2375774.3,1914433.0,445217,6744164,1342229.5,ampere_sgemm_128x64_nt
:qvq_quantize.main,PushPop,3033121,3033121,1,1358,235172680,173175.8,133951.5,59519,12595334,481568.0,void cutlass::Kernel2<cutlass_80_simt_sgemm_128x32_8x5_nt_align1>(T1::Params)
:qvq_quantize.main,PushPop,3033121,3033121,1,764,174986471,229039.9,137760.0,34400,1214746,284478.4,ampere_fp16_s16816gemm_fp16_128x128_ldg8_f2f_stages_32x5_tn
:qvq_quantize.main,PushPop,3033121,3033121,1,297,173989251,585822.4,411870.0,36704,11330280,1135198.5,ampere_fp16_s16816gemm_fp16_128x256_ldg8_f2f_stages_64x3_tn
:qvq_quantize.main,PushPop,3033121,3033121,1,37,127553633,3447395.5,1519645.0,634593,6735261,2918814.7,"void at::native::<unnamed>::cunn_SoftMaxForward<(int)8, c10::Half, float, float, at::native::<unnamed>::SoftMaxForwardEpilogue>(T4 *, const T2 *, int)"
:qvq_quantize.main,PushPop,3033121,3033121,1,381,110280477,289450.1,165728.0,84256,17427302,979096.5,ampere_fp16_s16816gemm_fp16_256x128_ldg8_f2f_stages_64x3_tn
:qvq_quantize.main,PushPop,3033121,3033121,1,3456,109764270,31760.5,6560.0,3936,1584888,124698.1,"void at::native::elementwise_kernel<(int)128, (int)4, void at::native::gpu_kernel_impl_nocast<at::native::CUDAFunctor_add<c10::Half>>(at::TensorIteratorBase &, const T1 &)::[lambda(int) (instance 1)]>(int, T3)"
:qvq_quantize.main,PushPop,3033121,3033121,1,4294,94669484,22046.9,6176.0,2048,2469013,141879.6,"void at::native::unrolled_elementwise_kernel<at::native::direct_copy_kernel_cuda(at::TensorIteratorBase &)::[lambda() (instance 3)]::operator ()() const::[lambda() (instance 7)]::operator ()() const::[lambda(float) (instance 1)], std::array<char *, (unsigned long)2>, (int)4, TrivialOffsetCalculator<(int)1, unsigned int>, TrivialOffsetCalculator<(int)1, unsigned int>, at::native::memory::LoadWithCast<(int)1>, at::native::memory::StoreWithCast<(int)1>>(int, T1, T2, T4, T5, T6, T7)"
:qvq_quantize.main,PushPop,3033121,3033121,1,3760,77919735,20723.3,3872.0,1888,1139898,86084.8,"void at::native::vectorized_elementwise_kernel<(int)4, at::native::float16_copy_kernel_cuda(at::TensorIteratorBase &)::[lambda(float) (instance 1)], std::array<char *, (unsigned long)2>>(int, T2, T3)"
:qvq_quantize.main,PushPop,3033121,3033121,1,541,77244027,142780.1,29984.0,6464,1995190,360073.5,void cutlass::Kernel2<cutlass_75_tensorop_f16_s1688gemm_f16_64x64_tn_align1>(T1::Params)
:qvq_quantize.main,PushPop,3033121,3033121,1,6928,62738261,9055.8,5504.0,3840,90464,10780.5,"void at::native::elementwise_kernel<(int)128, (int)4, void at::native::gpu_kernel_impl_nocast<at::native::BinaryFunctor<c10::Half, c10::Half, c10::Half, at::native::binary_internal::MulFunctor<float>>>(at::TensorIteratorBase &, const T1 &)::[lambda(int) (instance 1)]>(int, T3)"
:qvq_quantize.main,PushPop,3033121,3033121,1,144,60018557,416795.5,370928.0,318976,837825,137176.0,ampere_sgemm_64x32_sliced1x4_nt
:qvq_quantize.main,PushPop,3033121,3033121,1,492,50859294,103372.5,25408.0,10816,1235738,230350.8,void cutlass::Kernel2<cutlass_75_tensorop_f16_s1688gemm_f16_64x64_nn_align1>(T1::Params)
:qvq_quantize.main,PushPop,3033121,3033121,1,16,48069526,3004345.4,2326279.5,803870,8075031,2024852.8,"void at::native::index_elementwise_kernel<(int)128, (int)4, void at::native::gpu_index_kernel<void at::native::index_kernel_impl<at::native::OpaqueType<(int)2>>(at::TensorIteratorBase &, c10::ArrayRef<long>, c10::ArrayRef<long>)::[lambda(char *, const char *, long) (instance 1)]>(at::TensorIteratorBase &, c10::ArrayRef<long>, c10::ArrayRef<long>, const T1 &, bool)::[lambda(int) (instance 1)]>(long, T3)"
:qvq_quantize.main,PushPop,3033121,3033121,1,16,47780534,2986283.4,2375575.0,833822,7596281,1906309.0,"void at::native::<unnamed>::cunn_SoftMaxForward<(int)4, float, float, float, at::native::<unnamed>::SoftMaxForwardEpilogue>(T4 *, const T2 *, int)"
:qvq_quantize.main,PushPop,3033121,3033121,1,16,47313627,2957101.7,2356503.5,842526,7519834,1883221.2,"void at::native::<unnamed>::cunn_SoftMaxForward<(int)4, float, float, float, at::native::<unnamed>::LogSoftMaxForwardEpilogue>(T4 *, const T2 *, int)"
:qvq_quantize.main,PushPop,3033121,3033121,1,3712,46454476,12514.7,6016.0,4128,90496,14874.7,"void at::native::elementwise_kernel<(int)128, (int)4, void at::native::gpu_kernel_impl_nocast<at::native::direct_copy_kernel_cuda(at::TensorIteratorBase &)::[lambda() (instance 3)]::operator ()() const::[lambda() (instance 10)]::operator ()() const::[lambda(c10::Half) (instance 1)]>(at::TensorIteratorBase &, const T1 &)::[lambda(int) (instance 1)]>(int, T3)"
:qvq_quantize.main,PushPop,3033121,3033121,1,600,41119574,68532.6,66688.0,58624,97792,9148.8,void cutlass::Kernel2<cutlass_80_tensorop_f16_s16816gemm_relu_f16_256x64_32x4_tn_align8>(T1::Params)
:qvq_quantize.main,PushPop,3033121,3033121,1,1152,40537781,35189.0,6400.0,1760,755932,98747.2,"void at::native::vectorized_elementwise_kernel<(int)4, at::native::AUnaryFunctor<c10::Half, c10::Half, c10::Half, at::native::binary_internal::MulFunctor<float>>, std::array<char *, (unsigned long)2>>(int, T2, T3)"
:qvq_quantize.main,PushPop,3033121,3033121,1,4147,40367554,9734.2,8096.0,3360,23840,4044.2,"void at::native::reduce_kernel<(int)512, (int)1, at::native::ReduceOp<bool, at::native::func_wrapper_t<bool, at::native::or_kernel_cuda(at::TensorIterator &)::[lambda() (instance 1)]::operator ()() const::[lambda() (instance 12)]::operator ()() const::[lambda(bool, bool) (instance 1)]>, unsigned int, bool, (int)4, (int)4>>(T3)"
:qvq_quantize.main,PushPop,3033121,3033121,1,400,36200187,90500.5,29392.0,8768,740126,162370.9,void cutlass::Kernel2<cutlass_80_wmma_tensorop_f16_s161616gemm_f16_32x32_32x1_tn_align2>(T1::Params)
:qvq_quantize.main,PushPop,3033121,3033121,1,244,33495202,137275.4,62544.0,42752,584894,159157.3,"void <unnamed>::softmax_warp_forward<c10::Half, float, float, (int)10, (bool)0, (bool)0, (int)32>(T2 *, const T1 *, int, int, int, const bool *, int, bool)"
:qvq_quantize.main,PushPop,3033121,3033121,1,19,33221845,1748518.2,1772856.0,584894,2904179,660336.7,"void at::native::vectorized_elementwise_kernel<(int)4, at::native::BinaryFunctor<float, float, float, at::native::binary_internal::DivFunctor<float>>, std::array<char *, (unsigned long)3>>(int, T2, T3)"
:qvq_quantize.main,PushPop,3033121,3033121,1,2304,31014087,13461.0,8576.0,5600,134591,15785.6,"void at::native::<unnamed>::CatArrayBatchedCopy<at::native::<unnamed>::OpaqueType<(unsigned int)2>, unsigned int, (int)4, (int)64, (int)64>(T1 *, at::native::<unnamed>::CatArrInputTensorMetadata<T1, T2, T4, T5>, at::native::<unnamed>::TensorSizeStride<T2, (unsigned int)4>, int, T2)"
:qvq_quantize.main,PushPop,3033121,3033121,1,2320,26163125,11277.2,9248.0,7872,60160,7124.9,"void at::native::reduce_kernel<(int)512, (int)1, at::native::ReduceOp<float, at::native::MeanOps<float, float, float, float>, unsigned int, float, (int)4, (int)4>>(T3)"
:qvq_quantize.main,PushPop,3033121,3033121,1,2320,25754369,11101.0,5472.0,3648,92479,14507.1,"void at::native::elementwise_kernel<(int)128, (int)2, void at::native::gpu_kernel_impl_nocast<at::native::BinaryFunctor<float, float, float, at::native::binary_internal::MulFunctor<float>>>(at::TensorIteratorBase &, const T1 &)::[lambda(int) (instance 1)]>(int, T3)"
:qvq_quantize.main,PushPop,3033121,3033121,1,478,25279173,52885.3,60112.5,26272,106560,19878.0,ampere_fp16_s16816gemm_fp16_128x128_ldg8_f2f_stages_64x3_tn
:qvq_quantize.main,PushPop,3033121,3033121,1,1310,25243798,19270.1,18208.0,9248,62720,6466.3,ampere_fp16_s16816gemm_fp16_128x64_ldg8_f2f_stages_64x4_tn
:qvq_quantize.main,PushPop,3033121,3033121,1,531,24667697,46455.2,32352.0,9056,141857,28124.0,void cutlass::Kernel2<cutlass_80_tensorop_f16_s16816gemm_relu_f16_128x128_32x5_tn_align8>(T1::Params)
:qvq_quantize.main,PushPop,3033121,3033121,1,640,21111213,32986.3,10464.0,3232,231071,45504.1,"void at::native::vectorized_elementwise_kernel<(int)4, at::native::BinaryFunctor<c10::Half, c10::Half, c10::Half, at::native::binary_internal::MulFunctor<float>>, std::array<char *, (unsigned long)3>>(int, T2, T3)"
:qvq_quantize.main,PushPop,3033121,3033121,1,896,18641352,20805.1,9088.0,3520,155519,27217.2,"void at::native::vectorized_elementwise_kernel<(int)4, at::native::<unnamed>::silu_kernel(at::TensorIteratorBase &)::[lambda() (instance 1)]::operator ()() const::[lambda() (instance 5)]::operator ()() const::[lambda(c10::Half) (instance 1)], std::array<char *, (unsigned long)2>>(int, T2, T3)"
:qvq_quantize.main,PushPop,3033121,3033121,1,2320,17972847,7746.9,3616.0,2368,78879,12116.0,"void at::native::vectorized_elementwise_kernel<(int)4, void at::native::<unnamed>::pow_tensor_scalar_kernel_impl<float, float>(at::TensorIteratorBase &, T2)::[lambda(float) (instance 1)], std::array<char *, (unsigned long)2>>(int, T2, T3)"
:qvq_quantize.main,PushPop,3033121,3033121,1,83,17215783,207419.1,283519.0,55680,340542,122223.3,ampere_fp16_s16816gemm_fp16_256x128_ldg8_f2f_stages_32x3_tn
:qvq_quantize.main,PushPop,3033121,3033121,1,1306,16895972,12937.2,12544.0,11712,40032,1975.0,ampere_fp16_s16816gemm_fp16_64x64_sliced1x2_ldg8_f2f_stages_64x5_tn
:qvq_quantize.main,PushPop,3033121,3033121,1,416,16717905,40187.3,19392.0,12960,189119,46773.4,"void <unnamed>::softmax_warp_forward<c10::Half, float, float, (int)9, (bool)0, (bool)0, (int)32>(T2 *, const T1 *, int, int, int, const bool *, int, bool)"
:qvq_quantize.main,PushPop,3033121,3033121,1,19,16164603,850768.6,915739.0,269664,1504154,340703.9,"void at::native::<unnamed>::distribution_elementwise_grid_stride_kernel<float, (int)4, void at::native::templates::cuda::uniform_and_transform<float, float, at::CUDAGeneratorImpl *, void at::native::templates::cuda::exponential_kernel<at::CUDAGeneratorImpl *>(at::TensorIteratorBase &, double, T1)::[lambda() (instance 1)]::operator ()() const::[lambda() (instance 2)]::operator ()() const::[lambda(float) (instance 1)]>(at::TensorIteratorBase &, T3, T4)::[lambda(curandStatePhilox4_32_10 *) (instance 2)], void at::native::<unnamed>::distribution_nullary_kernel<float, float, float4, at::CUDAGeneratorImpl *, void at::native::templates::cuda::uniform_and_transform<float, float, at::CUDAGeneratorImpl *, void at::native::templates::cuda::exponential_kernel<at::CUDAGeneratorImpl *>(at::TensorIteratorBase &, double, T1)::[lambda() (instance 1)]::operator ()() const::[lambda() (instance 2)]::operator ()() const::[lambda(float) (instance 1)]>(at::TensorIteratorBase &, T3, T4)::[lambda(curandStatePhilox4_32_10 *) (instance 2)], void at::native::templates::cuda::exponential_kernel<at::CUDAGeneratorImpl *>(at::TensorIteratorBase &, double, T1)::[lambda() (instance 1)]::operator ()() const::[lambda() (instance 2)]::operator ()() const::[lambda(float) (instance 1)]>(at::TensorIteratorBase &, T4, const T5 &, T6)::[lambda(int, float) (instance 1)]>(long, at::PhiloxCudaState, T3, T4)"
:qvq_quantize.main,PushPop,3033121,3033121,1,3728,14153117,3796.4,3232.0,2272,35360,2121.8,"void at::native::vectorized_gather_kernel<(int)16, long>(char *, char *, T2 *, int, long, long, long, long, bool)"
:qvq_quantize.main,PushPop,3033121,3033121,1,2304,12713602,5518.1,4352.0,3456,42336,4515.5,"void at::native::elementwise_kernel<(int)128, (int)4, void at::native::gpu_kernel_impl_nocast<at::native::neg_kernel_cuda(at::TensorIteratorBase &)::[lambda() (instance 2)]::operator ()() const::[lambda() (instance 8)]::operator ()() const::[lambda(c10::Half) (instance 1)]>(at::TensorIteratorBase &, const T1 &)::[lambda(int) (instance 1)]>(int, T3)"
:qvq_quantize.main,PushPop,3033121,3033121,1,263,12345348,46940.5,25408.0,9600,251904,64305.4,void cutlass::Kernel2<cutlass_80_tensorop_f16_s16816gemm_f16_64x128_64x3_nn_align2>(T1::Params)
:qvq_quantize.main,PushPop,3033121,3033121,1,1168,12301400,10532.0,2848.0,2336,1414553,75985.0,"void at::native::vectorized_elementwise_kernel<(int)4, at::native::BinaryFunctor<c10::Half, c10::Half, bool, at::native::<unnamed>::CompareEqFunctor<c10::Half>>, std::array<char *, (unsigned long)3>>(int, T2, T3)"
:qvq_quantize.main,PushPop,3033121,3033121,1,19,12107567,637240.4,641566.0,238400,1053308,228300.1,"void at::native::reduce_kernel<(int)512, (int)1, at::native::ReduceOp<float, at::native::ArgMaxOps<float>, unsigned int, long, (int)4, (int)4>>(T3)"
:qvq_quantize.main,PushPop,3033121,3033121,1,19,11699953,615787.0,620253.0,220351,1015196,224731.3,"void at::native::reduce_kernel<(int)512, (int)1, at::native::ReduceOp<float, at::native::MinMaxOps<float, float, int>, unsigned int, float, (int)4, (int)4>>(T3)"
:qvq_quantize.main,PushPop,3033121,3033121,1,35,11573104,330660.1,280512.0,3968,996155,344699.6,"void at::native::reduce_kernel<(int)512, (int)1, at::native::ReduceOp<float, at::native::func_wrapper_t<float, at::native::sum_functor<float, float, float>::operator ()(at::TensorIterator &)::[lambda(float, float) (instance 1)]>, unsigned int, float, (int)4, (int)4>>(T3)"
:qvq_quantize.main,PushPop,3033121,3033121,1,1280,11429628,8929.4,4512.0,2560,61408,10423.2,"void at::native::vectorized_elementwise_kernel<(int)4, at::native::CUDAFunctor_add<c10::Half>, std::array<char *, (unsigned long)3>>(int, T2, T3)"
:qvq_quantize.main,PushPop,3033121,3033121,1,16,11090674,693167.1,549454.0,192320,1779447,445729.5,"void at::native::vectorized_elementwise_kernel<(int)4, at::native::AbsFunctor<c10::Half>, std::array<char *, (unsigned long)2>>(int, T2, T3)"
:qvq_quantize.main,PushPop,3033121,3033121,1,3600,9463623,2628.8,2560.0,2304,4896,200.7,"void at_cuda_detail::cub::detail::select::DeviceSelectSweepKernel<at_cuda_detail::cub::detail::select::policy_hub<long, bool, int, (bool)0, (at_cuda_detail::cub::SelectImpl)0>::Policy1000, thrust::_V_300200_SM_750_800_860_900_1000_1200::counting_iterator<long, thrust::_V_300200_SM_750_800_860_900_1000_1200::use_default, thrust::_V_300200_SM_750_800_860_900_1000_1200::use_default, thrust::_V_300200_SM_750_800_860_900_1000_1200::use_default, thrust::_V_300200_SM_750_800_860_900_1000_1200::compile_time_value<(int)1>>, thrust::_V_300200_SM_750_800_860_900_1000_1200::transform_iterator<at::native::<unnamed>::NonZeroOp<bool>, const bool *, thrust::_V_300200_SM_750_800_860_900_1000_1200::use_default, thrust::_V_300200_SM_750_800_860_900_1000_1200::use_default>, long *, int *, at_cuda_detail::cub::ScanTileState<int, (bool)1>, at_cuda_detail::cub::NullType, at_cuda_detail::cub::NullType, int, at_cuda_detail::cub::detail::select::streaming_context_t<long, (bool)1>, (at_cuda_detail::cub::SelectImpl)0>(T2, T3, T4, T5, T6, T7, T8, T9, int, T10, at_cuda_detail::cub::detail::vsmem_t)"
:qvq_quantize.main,PushPop,3033121,3033121,1,32,9216217,288006.8,82431.5,1792,1459513,386527.9,"void at::native::vectorized_elementwise_kernel<(int)4, at::native::BinaryFunctor<bool, bool, bool, at::native::binary_internal::MulFunctor<bool>>, std::array<char *, (unsigned long)3>>(int, T2, T3)"
:qvq_quantize.main,PushPop,3033121,3033121,1,864,9088254,10518.8,9952.0,8768,13312,1298.5,sm80_xmma_gemm_f16f16_f16f32_f32_tn_n_tilesize32x32x64_stage6_warpsize2x2x1_tensor16x8x16_execute_kernel__5x_cublas
:qvq_quantize.main,PushPop,3033121,3033121,1,16,8903164,556447.8,446110.5,159167,1412761,352549.5,"void at::native::vectorized_elementwise_kernel<(int)4, at::native::AUnaryFunctor<c10::Half, c10::Half, bool, at::native::<unnamed>::CompareEqFunctor<c10::Half>>, std::array<char *, (unsigned long)2>>(int, T2, T3)"
:qvq_quantize.main,PushPop,3033121,3033121,1,3456,8261144,2390.4,2336.0,1792,5696,373.6,"void at::native::vectorized_elementwise_kernel<(int)4, void at::native::compare_scalar_kernel<c10::Half>(at::TensorIteratorBase &, at::native::<unnamed>::OpType, T1)::[lambda(c10::Half) (instance 1)], std::array<char *, (unsigned long)2>>(int, T2, T3)"
:qvq_quantize.main,PushPop,3033121,3033121,1,179,8010798,44753.1,44384.0,26368,90656,15903.3,sm80_xmma_gemm_f16f16_f16f32_f32_tn_n_tilesize96x128x32_stage4_warpsize2x2x1_tensor16x8x16_execute_kernel__5x_cublas
:qvq_quantize.main,PushPop,3033121,3033121,1,3596,7980862,2219.4,1984.0,1600,5024,563.1,"void at_cuda_detail::cub::detail::reduce::DeviceReduceSingleTileKernel<at_cuda_detail::cub::detail::reduce::policy_hub<int, unsigned long long, cuda::std::__4::plus<void>>::Policy1000, thrust::_V_300200_SM_750_800_860_900_1000_1200::transform_iterator<at::native::<unnamed>::NonZeroOp<bool>, const bool *, thrust::_V_300200_SM_750_800_860_900_1000_1200::use_default, thrust::_V_300200_SM_750_800_860_900_1000_1200::use_default>, int *, unsigned long long, cuda::std::__4::plus<void>, int, int, cuda::std::__4::identity>(T2, T3, T4, T5, T6, T8)"
:qvq_quantize.main,PushPop,3033121,3033121,1,390,6891922,17671.6,8736.0,6016,62944,17323.0,"void <unnamed>::softmax_warp_forward<c10::Half, float, float, (int)8, (bool)0, (bool)0, (int)32>(T2 *, const T1 *, int, int, int, const bool *, int, bool)"
:qvq_quantize.main,PushPop,3033121,3033121,1,194,6760450,34847.7,34784.0,31552,39968,2637.4,ampere_fp16_s16816gemm_fp16_256x64_ldg8_f2f_stages_64x3_tn
:qvq_quantize.main,PushPop,3033121,3033121,1,224,5888836,26289.4,22784.0,20672,31680,4442.5,ampere_fp16_s16816gemm_fp16_128x64_ldg8_f2f_stages_64x3_tn
:qvq_quantize.main,PushPop,3033121,3033121,1,32,5148843,160901.3,54272.0,2944,765180,207295.1,"void at::native::reduce_kernel<(int)512, (int)1, at::native::ReduceOp<bool, at::native::func_wrapper_t<bool, at::native::and_kernel_cuda(at::TensorIterator &)::[lambda() (instance 1)]::operator ()() const::[lambda() (instance 12)]::operator ()() const::[lambda(bool, bool) (instance 1)]>, unsigned int, bool, (int)4, (int)4>>(T3)"
:qvq_quantize.main,PushPop,3033121,3033121,1,3600,4952862,1375.8,1344.0,1184,1952,164.6,"void at_cuda_detail::cub::detail::scan::DeviceCompactInitKernel<at_cuda_detail::cub::ScanTileState<int, (bool)1>, int *>(T1, int, T2)"
:qvq_quantize.main,PushPop,3033121,3033121,1,90,4904415,54493.5,45008.0,42848,134880,27944.7,sm80_xmma_gemm_f16f16_f16f32_f32_tn_n_tilesize192x128x32_stage3_warpsize4x2x1_tensor16x8x16_execute_kernel__5x_cublas
:qvq_quantize.main,PushPop,3033121,3033121,1,315,4884706,15507.0,14208.0,8704,25120,4715.5,"void at::native::reduce_kernel<(int)128, (int)4, at::native::ReduceOp<bool, at::native::func_wrapper_t<bool, at::native::or_kernel_cuda(at::TensorIterator &)::[lambda() (instance 1)]::operator ()() const::[lambda() (instance 12)]::operator ()() const::[lambda(bool, bool) (instance 1)]>, unsigned int, bool, (int)4, (int)4>>(T3)"
:qvq_quantize.main,PushPop,3033121,3033121,1,2320,4773311,2057.5,2016.0,1664,2656,177.5,"void at::native::vectorized_elementwise_kernel<(int)4, at::native::rsqrt_kernel_cuda(at::TensorIteratorBase &)::[lambda() (instance 2)]::operator ()() const::[lambda() (instance 2)]::operator ()() const::[lambda(float) (instance 1)], std::array<char *, (unsigned long)2>>(int, T2, T3)"
:qvq_quantize.main,PushPop,3033121,3033121,1,2320,4681113,2017.7,1952.0,1568,2912,242.7,"void at::native::vectorized_elementwise_kernel<(int)4, at::native::CUDAFunctorOnSelf_add<float>, std::array<char *, (unsigned long)2>>(int, T2, T3)"
:qvq_quantize.main,PushPop,3033121,3033121,1,7,4272067,610295.3,610241.0,610049,610912,297.9,"void at::native::<unnamed>::cunn_SoftMaxForwardSmem<(int)8, c10::Half, float, float, at::native::<unnamed>::SoftMaxForwardEpilogue, long>(T4 *, const T2 *, T6)"
:qvq_quantize.main,PushPop,3033121,3033121,1,105,4101322,39060.2,38977.0,38432,41376,407.2,void cutlass::Kernel2<cutlass_80_tensorop_f16_s16816gemm_relu_f16_128x128_32x6_tn_align8>(T1::Params)
:qvq_quantize.main,PushPop,3033121,3033121,1,306,2977695,9731.0,8528.0,6528,29824,4004.2,"void at::native::reduce_kernel<(int)256, (int)2, at::native::ReduceOp<bool, at::native::func_wrapper_t<bool, at::native::or_kernel_cuda(at::TensorIterator &)::[lambda() (instance 1)]::operator ()() const::[lambda() (instance 12)]::operator ()() const::[lambda(bool, bool) (instance 1)]>, unsigned int, bool, (int)4, (int)4>>(T3)"
:qvq_quantize.main,PushPop,3033121,3033121,1,64,2753622,43025.3,41952.0,34176,54400,8457.3,void cutlass::Kernel2<cutlass_80_tensorop_f16_s16816gemm_relu_f16_128x128_32x4_tn_align8>(T1::Params)
:qvq_quantize.main,PushPop,3033121,3033121,1,32,2722772,85086.6,85167.5,83648,85631,372.8,sm80_xmma_gemm_f16f16_f16f32_f32_tn_n_tilesize128x128x32_stage4_warpsize2x2x1_tensor16x8x16_execute_kernel__5x_cublas
:qvq_quantize.main,PushPop,3033121,3033121,1,180,2360003,13111.1,13056.0,12832,13504,163.9,ampere_fp16_s16816gemm_fp16_64x64_ldg8_f2f_stages_64x5_tn
:qvq_quantize.main,PushPop,3033121,3033121,1,32,2290550,71579.7,71616.0,71040,71903,180.0,sm80_xmma_gemm_f16f16_f16f32_f32_tn_n_tilesize160x128x32_stage4_warpsize2x2x1_tensor16x8x16_execute_kernel__5x_cublas
:qvq_quantize.main,PushPop,3033121,3033121,1,179,2274365,12705.9,12448.0,12192,22880,1339.3,ampere_fp16_s16816gemm_fp16_64x64_sliced1x2_ldg8_f2f_stages_64x6_tn
:qvq_quantize.main,PushPop,3033121,3033121,1,72,2180472,30284.3,16528.0,9792,84864,28044.6,ampere_fp16_s16816gemm_fp16_64x128_sliced1x2_ldg8_f2f_stages_64x3_nn
:qvq_quantize.main,PushPop,3033121,3033121,1,56,2141474,38240.6,32384.0,28448,80672,16346.2,ampere_fp16_s1688gemm_fp16_256x64_ldg8_f2f_tn
:qvq_quantize.main,PushPop,3033121,3033121,1,123,1943005,15796.8,11040.0,6528,39840,11153.8,void cutlass::Kernel2<cutlass_80_tensorop_f16_s16816gemm_f16_64x64_32x6_nn_align2>(T1::Params)
:qvq_quantize.main,PushPop,3033121,3033121,1,24,1440703,60029.3,59952.0,59200,61248,471.4,ampere_sgemm_32x128_nt
:qvq_quantize.main,PushPop,3033121,3033121,1,67,1306365,19498.0,11456.0,9312,36096,10076.0,void cutlass::Kernel2<cutlass_80_tensorop_f16_s16816gemm_relu_f16_64x256_32x4_nn_align8>(T1::Params)
:qvq_quantize.main,PushPop,3033121,3033121,1,288,1241973,4312.4,3808.0,3392,43488,2777.7,"void at::native::elementwise_kernel<(int)128, (int)4, void at::native::gpu_kernel_impl_nocast<at::native::BinaryFunctor<bool, bool, bool, at::native::BitwiseAndFunctor<bool>>>(at::TensorIteratorBase &, const T1 &)::[lambda(int) (instance 1)]>(int, T3)"
:qvq_quantize.main,PushPop,3033121,3033121,1,720,1149600,1596.7,1728.0,1248,1952,207.1,"void <unnamed>::elementwise_kernel_with_index<int, at::native::arange_cuda_out(const c10::Scalar &, const c10::Scalar &, const c10::Scalar &, at::Tensor &)::[lambda() (instance 1)]::operator ()() const::[lambda() (instance 4)]::operator ()() const::[lambda(long) (instance 1)]>(T1, T2, function_traits<T2>::result_type *)"
:qvq_quantize.main,PushPop,3033121,3033121,1,14,1107714,79122.4,78832.0,72640,85729,6491.9,void cutlass::Kernel2<cutlass_80_tensorop_f16_s16816gemm_f16_64x128_64x4_nn_align2>(T1::Params)
:qvq_quantize.main,PushPop,3033121,3033121,1,28,1015262,36259.4,31456.0,25984,57312,11723.1,ampere_fp16_s16816gemm_fp16_64x64_sliced1x2_ldg8_f2f_stages_64x5_nn
:qvq_quantize.main,PushPop,3033121,3033121,1,144,828479,5753.3,5712.0,3424,8512,1219.5,"void at::native::index_elementwise_kernel<(int)128, (int)4, void at::native::gpu_index_kernel<void at::native::index_kernel_impl<at::native::OpaqueType<(int)1>>(at::TensorIteratorBase &, c10::ArrayRef<long>, c10::ArrayRef<long>)::[lambda(char *, const char *, long) (instance 1)]>(at::TensorIteratorBase &, c10::ArrayRef<long>, c10::ArrayRef<long>, const T1 &, bool)::[lambda(int) (instance 1)]>(long, T3)"
:qvq_quantize.main,PushPop,3033121,3033121,1,154,800577,5198.6,5312.0,3328,6272,659.1,"void cublasLt::splitKreduce_kernel<(int)32, (int)16, int, __half, __half, float, __half, (bool)0, __half, __half, __half, (bool)1, (bool)0, (bool)0, (bool)0>(cublasLt::cublasSplitKParams<T6>, const T4 *, const T10 *, T9 *, T5 *, const T6 *, const T6 *, const T11 *, const T4 *, T11 *, void *, long, T6 *, int *, T6 *, T6 *, const T6 *, const T6 *, const T6 *, const T6 *, const T6 *)"
:qvq_quantize.main,PushPop,3033121,3033121,1,432,795516,1841.5,1824.0,1504,2592,140.9,"void at::native::vectorized_elementwise_kernel<(int)2, at::native::CUDAFunctorOnSelf_add<long>, std::array<char *, (unsigned long)2>>(int, T2, T3)"
:qvq_quantize.main,PushPop,3033121,3033121,1,144,705468,4899.1,4864.0,4767,5536,103.4,"void at::native::<unnamed>::CatArrayBatchedCopy<at::native::<unnamed>::OpaqueType<(unsigned int)4>, unsigned int, (int)3, (int)64, (int)64>(T1 *, at::native::<unnamed>::CatArrInputTensorMetadata<T1, T2, T4, T5>, at::native::<unnamed>::TensorSizeStride<T2, (unsigned int)4>, int, T2)"
:qvq_quantize.main,PushPop,3033121,3033121,1,30,694143,23138.1,35616.0,8128,36672,14089.6,ampere_fp16_s16816gemm_fp16_64x64_ldg8_f2f_tn
:qvq_quantize.main,PushPop,3033121,3033121,1,144,662494,4600.7,3968.0,3584,37888,3186.2,"void at::native::elementwise_kernel<(int)128, (int)4, void at::native::gpu_kernel_impl_nocast<at::native::<unnamed>::where_kernel_impl(at::TensorIterator &)::[lambda() (instance 1)]::operator ()() const::[lambda() (instance 2)]::operator ()() const::[lambda(bool, unsigned short, unsigned short) (instance 1)]>(at::TensorIteratorBase &, const T1 &)::[lambda(int) (instance 1)]>(int, T3)"
:qvq_quantize.main,PushPop,3033121,3033121,1,144,607519,4218.9,3936.0,3424,16704,1264.5,"void at::native::elementwise_kernel<(int)128, (int)4, void at::native::gpu_kernel_impl_nocast<at::native::<unnamed>::CompareFunctor<long>>(at::TensorIteratorBase &, const T1 &)::[lambda(int) (instance 1)]>(int, T3)"
:qvq_quantize.main,PushPop,3033121,3033121,1,288,593375,2060.3,2048.0,1920,2304,77.4,"void at::native::vectorized_elementwise_kernel<(int)4, at::native::AUnaryFunctor<float, float, float, at::native::binary_internal::MulFunctor<float>>, std::array<char *, (unsigned long)2>>(int, T2, T3)"
:qvq_quantize.main,PushPop,3033121,3033121,1,272,526719,1936.5,1888.0,1600,2624,145.5,"void at::native::vectorized_elementwise_kernel<(int)4, void at::native::compare_scalar_kernel<long>(at::TensorIteratorBase &, at::native::<unnamed>::OpType, T1)::[lambda(long) (instance 1)], std::array<char *, (unsigned long)2>>(int, T2, T3)"
:qvq_quantize.main,PushPop,3033121,3033121,1,51,484864,9507.1,5632.0,5440,18656,5892.5,"void <unnamed>::softmax_warp_forward<c10::Half, float, float, (int)7, (bool)0, (bool)0, (int)32>(T2 *, const T1 *, int, int, int, const bool *, int, bool)"
:qvq_quantize.main,PushPop,3033121,3033121,1,12,480417,40034.8,40032.0,38912,40896,703.5,ampere_sgemm_128x32_nt
:qvq_quantize.main,PushPop,3033121,3033121,1,144,456640,3171.1,3072.0,2912,3744,174.7,"void at::native::vectorized_elementwise_kernel<(int)4, at::native::cos_kernel_cuda(at::TensorIteratorBase &)::[lambda() (instance 2)]::operator ()() const::[lambda() (instance 2)]::operator ()() const::[lambda(float) (instance 1)], std::array<char *, (unsigned long)2>>(int, T2, T3)"
:qvq_quantize.main,PushPop,3033121,3033121,1,12,454336,37861.3,37840.0,37152,38432,331.1,void cutlass::Kernel2<cutlass_80_tensorop_f16_s16816gemm_relu_f16_128x256_32x3_tn_align8>(T1::Params)
:qvq_quantize.main,PushPop,3033121,3033121,1,144,443741,3081.5,3008.0,2848,3744,199.1,"void at::native::vectorized_elementwise_kernel<(int)4, at::native::sin_kernel_cuda(at::TensorIteratorBase &)::[lambda() (instance 2)]::operator ()() const::[lambda() (instance 2)]::operator ()() const::[lambda(float) (instance 1)], std::array<char *, (unsigned long)2>>(int, T2, T3)"
:qvq_quantize.main,PushPop,3033121,3033121,1,30,433152,14438.4,21072.0,5760,21568,7430.2,void cutlass::Kernel2<cutlass_80_wmma_tensorop_f16_s161616gemm_f16_32x32_64x1_tn_align2>(T1::Params)
:qvq_quantize.main,PushPop,3033121,3033121,1,160,409248,2557.8,2720.0,1792,3072,347.4,"void at::native::elementwise_kernel<(int)128, (int)2, void at::native::gpu_kernel_impl_nocast<at::native::direct_copy_kernel_cuda(at::TensorIteratorBase &)::[lambda() (instance 3)]::operator ()() const::[lambda() (instance 4)]::operator ()() const::[lambda(long) (instance 1)]>(at::TensorIteratorBase &, const T1 &)::[lambda(int) (instance 1)]>(int, T3)"
:qvq_quantize.main,PushPop,3033121,3033121,1,144,402687,2796.4,2848.0,1888,3744,196.3,_bmm_outer_product_kernel
:qvq_quantize.main,PushPop,3033121,3033121,1,42,388736,9255.6,9008.0,7616,12000,1573.1,void cutlass::Kernel2<cutlass_75_wmma_tensorop_f16_s161616gemm_f16_32x32_64x1_nn_align1>(T1::Params)
:qvq_quantize.main,PushPop,3033121,3033121,1,46,376034,8174.7,2016.0,1344,111489,22446.9,"void at::native::vectorized_elementwise_kernel<(int)4, at::native::FillFunctor<float>, std::array<char *, (unsigned long)1>>(int, T2, T3)"
:qvq_quantize.main,PushPop,3033121,3033121,1,16,358527,22407.9,22464.0,22112,22816,202.9,void cutlass::Kernel2<cutlass_80_wmma_tensorop_f16_s161616gemm_f16_32x32_64x1_nn_align2>(T1::Params)
:qvq_quantize.main,PushPop,3033121,3033121,1,128,245824,1920.5,1920.0,1600,2624,118.3,"void at::native::vectorized_elementwise_kernel<(int)4, at::native::BinaryFunctor<bool, bool, bool, at::native::BitwiseOrFunctor<bool>>, std::array<char *, (unsigned long)3>>(int, T2, T3)"
:qvq_quantize.main,PushPop,3033121,3033121,1,145,217504,1500.0,1504.0,1408,2176,72.4,"void at::native::vectorized_elementwise_kernel<(int)4, at::native::FillFunctor<bool>, std::array<char *, (unsigned long)1>>(int, T2, T3)"
:qvq_quantize.main,PushPop,3033121,3033121,1,144,212320,1474.4,1504.0,1376,1536,43.2,"void at::native::vectorized_elementwise_kernel<(int)4, at::native::FillFunctor<c10::Half>, std::array<char *, (unsigned long)1>>(int, T2, T3)"
:qvq_quantize.main,PushPop,3033121,3033121,1,32,115136,3598.0,3584.0,3232,4032,201.1,"void at::native::_assert_async_cuda_kernel<bool>(const T1 *, at::native::Msg)"
:qvq_quantize.main,PushPop,3033121,3033121,1,14,103712,7408.0,7392.0,6464,8320,905.0,void cutlass::Kernel2<cutlass_80_wmma_tensorop_f16_s161616gemm_f16_32x32_128x1_nn_align2>(T1::Params)
:qvq_quantize.main,PushPop,3033121,3033121,1,14,84736,6052.6,6064.0,5312,6816,721.9,void cutlass::Kernel2<cutlass_80_wmma_tensorop_f16_s161616gemm_f16_32x32_128x1_nn_align8>(T1::Params)
:qvq_quantize.main,PushPop,3033121,3033121,1,14,79552,5682.3,5648.0,5024,6368,655.5,ampere_fp16_s16816gemm_fp16_128x64_ldg8_f2f_stages_32x6_tn
:qvq_quantize.main,PushPop,3033121,3033121,1,16,79424,4964.0,4960.0,4704,5216,168.5,"void at::native::<unnamed>::write_indices<long>(long *, at::native::<unnamed>::TensorDims<T1>, int, T1, long *, long)"
:qvq_quantize.main,PushPop,3033121,3033121,1,32,77440,2420.0,2400.0,2144,2848,186.5,"void at::native::vectorized_elementwise_kernel<(int)4, void at::native::compare_scalar_kernel<float>(at::TensorIteratorBase &, at::native::<unnamed>::OpType, T1)::[lambda(float) (instance 1)], std::array<char *, (unsigned long)2>>(int, T2, T3)"
:qvq_quantize.main,PushPop,3033121,3033121,1,16,76064,4754.0,4752.0,4320,5216,239.7,"void at::native::unrolled_elementwise_kernel<at::native::AUnaryFunctor<long, long, bool, at::native::<unnamed>::CompareEqFunctor<long>>, std::array<char *, (unsigned long)2>, (int)4, TrivialOffsetCalculator<(int)1, unsigned int>, TrivialOffsetCalculator<(int)1, unsigned int>, at::native::memory::LoadWithCast<(int)1>, at::native::memory::StoreWithCast<(int)1>>(int, T1, T2, T4, T5, T6, T7)"
:qvq_quantize.main,PushPop,3033121,3033121,1,16,75936,4746.0,4688.0,4320,5472,345.0,"void at::native::reduce_kernel<(int)512, (int)1, at::native::ReduceOp<long, at::native::func_wrapper_t<long, at::native::sum_functor<long, long, long>::operator ()(at::TensorIterator &)::[lambda(long, long) (instance 1)]>, unsigned int, long, (int)4, (int)4>>(T3)"
:qvq_quantize.main,PushPop,3033121,3033121,1,32,75424,2357.0,2304.0,1760,3072,471.0,"void at::native::vectorized_elementwise_kernel<(int)4, at::native::AUnaryFunctor<float, float, bool, at::native::<unnamed>::CompareEqFunctor<float>>, std::array<char *, (unsigned long)2>>(int, T2, T3)"
:qvq_quantize.main,PushPop,3033121,3033121,1,16,68992,4312.0,4336.0,3744,4736,305.5,"void at::native::<unnamed>::nll_loss_forward_no_reduce_cuda_kernel<float, long>(long, torch::headeronly::detail::GenericPackedTensorAccessor<torch::headeronly::detail::TensorAccessor<c10::ArrayRef<long>, T1, (unsigned long)1, torch::headeronly::DefaultPtrTraits, long>, at::detail::IndexBoundsCheck<(unsigned long)2, long>, T1, (unsigned long)2, torch::headeronly::DefaultPtrTraits, long>, const T2 *, T1 *, const T1 *, long, long)"
:qvq_quantize.main,PushPop,3033121,3033121,1,16,67584,4224.0,4256.0,3872,4480,151.9,"void at::native::unrolled_elementwise_kernel<at::native::direct_copy_kernel_cuda(at::TensorIteratorBase &)::[lambda() (instance 3)]::operator ()() const::[lambda() (instance 4)]::operator ()() const::[lambda(long) (instance 1)], std::array<char *, (unsigned long)2>, (int)4, TrivialOffsetCalculator<(int)1, unsigned int>, TrivialOffsetCalculator<(int)1, unsigned int>, at::native::memory::LoadWithCast<(int)1>, at::native::memory::StoreWithCast<(int)1>>(int, T1, T2, T4, T5, T6, T7)"
:qvq_quantize.main,PushPop,3033121,3033121,1,7,36192,5170.3,5152.0,5120,5280,66.2,void cutlass::Kernel2<cutlass_75_wmma_tensorop_f16_s161616gemm_f16_32x32_32x1_nn_align1>(T1::Params)
:qvq_quantize.main,PushPop,3033121,3033121,1,16,33088,2068.0,2048.0,1856,2272,123.0,"void at::native::vectorized_elementwise_kernel<(int)4, at::native::BinaryFunctor<bool, bool, bool, at::native::BitwiseAndFunctor<bool>>, std::array<char *, (unsigned long)3>>(int, T2, T3)"
:qvq_quantize.main,PushPop,3033121,3033121,1,16,32864,2054.0,2048.0,1888,2272,114.6,"void at::native::vectorized_elementwise_kernel<(int)4, at::native::bitwise_not_kernel_cuda(at::TensorIteratorBase &)::[lambda(bool) (instance 1)], std::array<char *, (unsigned long)2>>(int, T2, T3)"
:qvq_quantize.main,PushPop,3033121,3033121,1,16,29440,1840.0,1856.0,1664,2112,116.8,"void at::native::vectorized_elementwise_kernel<(int)4, at::native::AbsFunctor<float>, std::array<char *, (unsigned long)2>>(int, T2, T3)"
:qvq_quantize.main,PushPop,3033121,3033121,1,16,26528,1658.0,1648.0,1536,1792,66.3,"void at::native::vectorized_elementwise_kernel<(int)4, at::native::BinaryFunctor<float, float, bool, at::native::<unnamed>::CompareEqFunctor<float>>, std::array<char *, (unsigned long)3>>(int, T2, T3)"
:qvq_quantize.main,PushPop,3033121,3033121,1,7,26080,3725.7,3712.0,3712,3744,17.1,"void <unnamed>::softmax_warp_forward<c10::Half, float, float, (int)6, (bool)0, (bool)0, (int)32>(T2 *, const T1 *, int, int, int, const bool *, int, bool)"
:qvq_quantize.main,PushPop,3033121,3033121,1,4,13952,3488.0,3392.0,2944,4224,534.2,"void at_cuda_detail::cub::detail::reduce::DeviceReduceKernel<at_cuda_detail::cub::detail::reduce::policy_hub<int, unsigned long long, cuda::std::__4::plus<void>>::Policy1000, thrust::_V_300200_SM_750_800_860_900_1000_1200::transform_iterator<at::native::<unnamed>::NonZeroOp<bool>, const bool *, thrust::_V_300200_SM_750_800_860_900_1000_1200::use_default, thrust::_V_300200_SM_750_800_860_900_1000_1200::use_default>, unsigned long long, cuda::std::__4::plus<void>, int, cuda::std::__4::identity>(T2, T5 *, T3, at_cuda_detail::cub::GridEvenShare<T3>, T4, T6)"
:qvq_quantize.main,PushPop,3033121,3033121,1,4,8928,2232.0,2272.0,2112,2272,80.0,"void at_cuda_detail::cub::detail::reduce::DeviceReduceSingleTileKernel<at_cuda_detail::cub::detail::reduce::policy_hub<int, unsigned long long, cuda::std::__4::plus<void>>::Policy1000, int *, int *, int, cuda::std::__4::plus<void>, int, int, cuda::std::__4::identity>(T2, T3, T4, T5, T6, T8)"
:stage.prepare_yaqa,PushPop,3033121,3033121,1,279,172603167,618649.3,415487.0,202047,11330280,1163722.2,ampere_fp16_s16816gemm_fp16_128x256_ldg8_f2f_stages_64x3_tn
:stage.prepare_yaqa,PushPop,3033121,3033121,1,688,164284892,238786.2,137583.5,34400,1214746,297665.8,ampere_fp16_s16816gemm_fp16_128x128_ldg8_f2f_stages_32x5_tn
:stage.prepare_yaqa,PushPop,3033121,3033121,1,16,107636054,6727253.4,6734509.5,6666718,6735261,20168.7,"void at::native::<unnamed>::cunn_SoftMaxForward<(int)8, c10::Half, float, float, at::native::<unnamed>::SoftMaxForwardEpilogue>(T4 *, const T2 *, int)"
:stage.prepare_yaqa,PushPop,3033121,3033121,1,217,92882286,428029.0,223263.0,144319,17427302,1281212.5,ampere_fp16_s16816gemm_fp16_256x128_ldg8_f2f_stages_64x3_tn
:stage.prepare_yaqa,PushPop,3033121,3033121,1,768,75593932,98429.6,23808.0,5184,1584888,247157.4,"void at::native::elementwise_kernel<(int)128, (int)4, void at::native::gpu_kernel_impl_nocast<at::native::CUDAFunctor_add<c10::Half>>(at::TensorIteratorBase &, const T1 &)::[lambda(int) (instance 1)]>(int, T3)"
:stage.prepare_yaqa,PushPop,3033121,3033121,1,582,69163561,118837.7,19968.0,2560,2469013,371186.3,"void at::native::unrolled_elementwise_kernel<at::native::direct_copy_kernel_cuda(at::TensorIteratorBase &)::[lambda() (instance 3)]::operator ()() const::[lambda() (instance 7)]::operator ()() const::[lambda(float) (instance 1)], std::array<char *, (unsigned long)2>, (int)4, TrivialOffsetCalculator<(int)1, unsigned int>, TrivialOffsetCalculator<(int)1, unsigned int>, at::native::memory::LoadWithCast<(int)1>, at::native::memory::StoreWithCast<(int)1>>(int, T1, T2, T4, T5, T6, T7)"
:stage.prepare_yaqa,PushPop,3033121,3033121,1,128,62716308,489971.2,183839.5,47648,1995190,623221.3,void cutlass::Kernel2<cutlass_75_tensorop_f16_s1688gemm_f16_64x64_tn_align1>(T1::Params)
:stage.prepare_yaqa,PushPop,3033121,3033121,1,816,54444047,66720.6,15680.0,1952,1139898,172273.9,"void at::native::vectorized_elementwise_kernel<(int)4, at::native::float16_copy_kernel_cuda(at::TensorIteratorBase &)::[lambda(float) (instance 1)], std::array<char *, (unsigned long)2>>(int, T2, T3)"
:stage.prepare_yaqa,PushPop,3033121,3033121,1,16,48069526,3004345.4,2326279.5,803870,8075031,2024852.8,"void at::native::index_elementwise_kernel<(int)128, (int)4, void at::native::gpu_index_kernel<void at::native::index_kernel_impl<at::native::OpaqueType<(int)2>>(at::TensorIteratorBase &, c10::ArrayRef<long>, c10::ArrayRef<long>)::[lambda(char *, const char *, long) (instance 1)]>(at::TensorIteratorBase &, c10::ArrayRef<long>, c10::ArrayRef<long>, const T1 &, bool)::[lambda(int) (instance 1)]>(long, T3)"
:stage.prepare_yaqa,PushPop,3033121,3033121,1,16,47780534,2986283.4,2375575.0,833822,7596281,1906309.0,"void at::native::<unnamed>::cunn_SoftMaxForward<(int)4, float, float, float, at::native::<unnamed>::SoftMaxForwardEpilogue>(T4 *, const T2 *, int)"
:stage.prepare_yaqa,PushPop,3033121,3033121,1,16,47313627,2957101.7,2356503.5,842526,7519834,1883221.2,"void at::native::<unnamed>::cunn_SoftMaxForward<(int)4, float, float, float, at::native::<unnamed>::LogSoftMaxForwardEpilogue>(T4 *, const T2 *, int)"
:stage.prepare_yaqa,PushPop,3033121,3033121,1,128,39615551,309496.5,128240.0,32352,1235738,380932.1,void cutlass::Kernel2<cutlass_75_tensorop_f16_s1688gemm_f16_64x64_nn_align1>(T1::Params)
:stage.prepare_yaqa,PushPop,3033121,3033121,1,19,33221845,1748518.2,1772856.0,584894,2904179,660336.7,"void at::native::vectorized_elementwise_kernel<(int)4, at::native::BinaryFunctor<float, float, float, at::native::binary_internal::DivFunctor<float>>, std::array<char *, (unsigned long)3>>(int, T2, T3)"
:stage.prepare_yaqa,PushPop,3033121,3033121,1,1552,32978741,21249.2,14752.0,4704,90464,17865.3,"void at::native::elementwise_kernel<(int)128, (int)4, void at::native::gpu_kernel_impl_nocast<at::native::BinaryFunctor<c10::Half, c10::Half, c10::Half, at::native::binary_internal::MulFunctor<float>>>(at::TensorIteratorBase &, const T1 &)::[lambda(int) (instance 1)]>(int, T3)"
:stage.prepare_yaqa,PushPop,3033121,3033121,1,1024,30519875,29804.6,23408.0,9728,90496,19505.0,"void at::native::elementwise_kernel<(int)128, (int)4, void at::native::gpu_kernel_impl_nocast<at::native::direct_copy_kernel_cuda(at::TensorIteratorBase &)::[lambda() (instance 3)]::operator ()() const::[lambda() (instance 10)]::operator ()() const::[lambda(c10::Half) (instance 1)]>(at::TensorIteratorBase &, const T1 &)::[lambda(int) (instance 1)]>(int, T3)"
:stage.prepare_yaqa,PushPop,3033121,3033121,1,256,29530538,115353.7,44207.5,5664,755932,183313.5,"void at::native::vectorized_elementwise_kernel<(int)4, at::native::AUnaryFunctor<c10::Half, c10::Half, c10::Half, at::native::binary_internal::MulFunctor<float>>, std::array<char *, (unsigned long)2>>(int, T2, T3)"
:stage.prepare_yaqa,PushPop,3033121,3033121,1,48,21287198,443483.3,432878.0,318558,584894,103781.9,"void <unnamed>::softmax_warp_forward<c10::Half, float, float, (int)10, (bool)0, (bool)0, (int)32>(T2 *, const T1 *, int, int, int, const bool *, int, bool)"
:stage.prepare_yaqa,PushPop,3033121,3033121,1,256,18090249,70665.0,52175.5,18304,231071,52676.4,"void at::native::vectorized_elementwise_kernel<(int)4, at::native::BinaryFunctor<c10::Half, c10::Half, c10::Half, at::native::binary_internal::MulFunctor<float>>, std::array<char *, (unsigned long)3>>(int, T2, T3)"
:stage.prepare_yaqa,PushPop,3033121,3033121,1,64,17856564,279008.8,198255.0,53504,680157,248797.0,void cutlass::Kernel2<cutlass_80_wmma_tensorop_f16_s161616gemm_f16_32x32_32x1_tn_align2>(T1::Params)
:stage.prepare_yaqa,PushPop,3033121,3033121,1,80,16360934,204511.7,283391.0,55680,340542,123567.6,ampere_fp16_s16816gemm_fp16_256x128_ldg8_f2f_stages_32x3_tn
:stage.prepare_yaqa,PushPop,3033121,3033121,1,19,16164603,850768.6,915739.0,269664,1504154,340703.9,"void at::native::<unnamed>::distribution_elementwise_grid_stride_kernel<float, (int)4, void at::native::templates::cuda::uniform_and_transform<float, float, at::CUDAGeneratorImpl *, void at::native::templates::cuda::exponential_kernel<at::CUDAGeneratorImpl *>(at::TensorIteratorBase &, double, T1)::[lambda() (instance 1)]::operator ()() const::[lambda() (instance 2)]::operator ()() const::[lambda(float) (instance 1)]>(at::TensorIteratorBase &, T3, T4)::[lambda(curandStatePhilox4_32_10 *) (instance 2)], void at::native::<unnamed>::distribution_nullary_kernel<float, float, float4, at::CUDAGeneratorImpl *, void at::native::templates::cuda::uniform_and_transform<float, float, at::CUDAGeneratorImpl *, void at::native::templates::cuda::exponential_kernel<at::CUDAGeneratorImpl *>(at::TensorIteratorBase &, double, T1)::[lambda() (instance 1)]::operator ()() const::[lambda() (instance 2)]::operator ()() const::[lambda(float) (instance 1)]>(at::TensorIteratorBase &, T3, T4)::[lambda(curandStatePhilox4_32_10 *) (instance 2)], void at::native::templates::cuda::exponential_kernel<at::CUDAGeneratorImpl *>(at::TensorIteratorBase &, double, T1)::[lambda() (instance 1)]::operator ()() const::[lambda() (instance 2)]::operator ()() const::[lambda(float) (instance 1)]>(at::TensorIteratorBase &, T4, const T5 &, T6)::[lambda(int, float) (instance 1)]>(long, at::PhiloxCudaState, T3, T4)"
:stage.prepare_yaqa,PushPop,3033121,3033121,1,528,15871488,30059.6,23792.0,9056,92479,21208.4,"void at::native::elementwise_kernel<(int)128, (int)2, void at::native::gpu_kernel_impl_nocast<at::native::BinaryFunctor<float, float, float, at::native::binary_internal::MulFunctor<float>>>(at::TensorIteratorBase &, const T1 &)::[lambda(int) (instance 1)]>(int, T3)"
:stage.prepare_yaqa,PushPop,3033121,3033121,1,512,15584066,30437.6,21951.5,8160,134591,26884.4,"void at::native::<unnamed>::CatArrayBatchedCopy<at::native::<unnamed>::OpaqueType<(unsigned int)2>, unsigned int, (int)4, (int)64, (int)64>(T1 *, at::native::<unnamed>::CatArrInputTensorMetadata<T1, T2, T4, T5>, at::native::<unnamed>::TensorSizeStride<T2, (unsigned int)4>, int, T2)"
:stage.prepare_yaqa,PushPop,3033121,3033121,1,256,13181984,51492.1,39343.0,15840,155519,35136.1,"void at::native::vectorized_elementwise_kernel<(int)4, at::native::<unnamed>::silu_kernel(at::TensorIteratorBase &)::[lambda() (instance 1)]::operator ()() const::[lambda() (instance 5)]::operator ()() const::[lambda(c10::Half) (instance 1)], std::array<char *, (unsigned long)2>>(int, T2, T3)"
:stage.prepare_yaqa,PushPop,3033121,3033121,1,19,12107567,637240.4,641566.0,238400,1053308,228300.1,"void at::native::reduce_kernel<(int)512, (int)1, at::native::ReduceOp<float, at::native::ArgMaxOps<float>, unsigned int, long, (int)4, (int)4>>(T3)"
:stage.prepare_yaqa,PushPop,3033121,3033121,1,19,11699953,615787.0,620253.0,220351,1015196,224731.3,"void at::native::reduce_kernel<(int)512, (int)1, at::native::ReduceOp<float, at::native::MinMaxOps<float, float, int>, unsigned int, float, (int)4, (int)4>>(T3)"
:stage.prepare_yaqa,PushPop,3033121,3033121,1,35,11573104,330660.1,280512.0,3968,996155,344699.6,"void at::native::reduce_kernel<(int)512, (int)1, at::native::ReduceOp<float, at::native::func_wrapper_t<float, at::native::sum_functor<float, float, float>::operator ()(at::TensorIterator &)::[lambda(float, float) (instance 1)]>, unsigned int, float, (int)4, (int)4>>(T3)"
:stage.prepare_yaqa,PushPop,3033121,3033121,1,528,11494250,21769.4,12544.0,5280,78879,19696.7,"void at::native::vectorized_elementwise_kernel<(int)4, void at::native::<unnamed>::pow_tensor_scalar_kernel_impl<float, float>(at::TensorIteratorBase &, T2)::[lambda(float) (instance 1)], std::array<char *, (unsigned long)2>>(int, T2, T3)"
:stage.prepare_yaqa,PushPop,3033121,3033121,1,16,11090674,693167.1,549454.0,192320,1779447,445729.5,"void at::native::vectorized_elementwise_kernel<(int)4, at::native::AbsFunctor<c10::Half>, std::array<char *, (unsigned long)2>>(int, T2, T3)"
:stage.prepare_yaqa,PushPop,3033121,3033121,1,80,10428559,130357.0,122943.0,85760,189119,34765.6,"void <unnamed>::softmax_warp_forward<c10::Half, float, float, (int)9, (bool)0, (bool)0, (int)32>(T2 *, const T1 *, int, int, int, const bool *, int, bool)"
:stage.prepare_yaqa,PushPop,3033121,3033121,1,528,9731761,18431.4,13824.0,9184,60160,12521.0,"void at::native::reduce_kernel<(int)512, (int)1, at::native::ReduceOp<float, at::native::MeanOps<float, float, float, float>, unsigned int, float, (int)4, (int)4>>(T3)"
:stage.prepare_yaqa,PushPop,3033121,3033121,1,32,9216217,288006.8,82431.5,1792,1459513,386527.9,"void at::native::vectorized_elementwise_kernel<(int)4, at::native::BinaryFunctor<bool, bool, bool, at::native::binary_internal::MulFunctor<bool>>, std::array<char *, (unsigned long)3>>(int, T2, T3)"
:stage.prepare_yaqa,PushPop,3033121,3033121,1,16,8914588,557161.8,444958.5,158880,1414553,354985.1,"void at::native::vectorized_elementwise_kernel<(int)4, at::native::BinaryFunctor<c10::Half, c10::Half, bool, at::native::<unnamed>::CompareEqFunctor<c10::Half>>, std::array<char *, (unsigned long)3>>(int, T2, T3)"
:stage.prepare_yaqa,PushPop,3033121,3033121,1,16,8903164,556447.8,446110.5,159167,1412761,352549.5,"void at::native::vectorized_elementwise_kernel<(int)4, at::native::AUnaryFunctor<c10::Half, c10::Half, bool, at::native::<unnamed>::CompareEqFunctor<c10::Half>>, std::array<char *, (unsigned long)2>>(int, T2, T3)"
:stage.prepare_yaqa,PushPop,3033121,3033121,1,512,8548190,16695.7,11008.0,5568,61408,13036.8,"void at::native::vectorized_elementwise_kernel<(int)4, at::native::CUDAFunctor_add<c10::Half>, std::array<char *, (unsigned long)3>>(int, T2, T3)"
:stage.prepare_yaqa,PushPop,3033121,3033121,1,32,5582694,174459.2,173215.5,116992,233663,57228.0,void cutlass::Kernel2<cutlass_80_tensorop_f16_s16816gemm_f16_64x128_64x3_nn_align2>(T1::Params)
:stage.prepare_yaqa,PushPop,3033121,3033121,1,32,5148843,160901.3,54272.0,2944,765180,207295.1,"void at::native::reduce_kernel<(int)512, (int)1, at::native::ReduceOp<bool, at::native::func_wrapper_t<bool, at::native::and_kernel_cuda(at::TensorIterator &)::[lambda() (instance 1)]::operator ()() const::[lambda() (instance 12)]::operator ()() const::[lambda(bool, bool) (instance 1)]>, unsigned int, bool, (int)4, (int)4>>(T3)"
:stage.prepare_yaqa,PushPop,3033121,3033121,1,512,5038758,9841.3,7264.0,4288,42336,8180.0,"void at::native::elementwise_kernel<(int)128, (int)4, void at::native::gpu_kernel_impl_nocast<at::native::neg_kernel_cuda(at::TensorIteratorBase &)::[lambda() (instance 2)]::operator ()() const::[lambda() (instance 8)]::operator ()() const::[lambda(c10::Half) (instance 1)]>(at::TensorIteratorBase &, const T1 &)::[lambda(int) (instance 1)]>(int, T3)"
:stage.prepare_yaqa,PushPop,3033121,3033121,1,96,4930702,51361.5,44559.5,43904,66240,9886.1,sm80_xmma_gemm_f16f16_f16f32_f32_tn_n_tilesize96x128x32_stage4_warpsize2x2x1_tensor16x8x16_execute_kernel__5x_cublas
:stage.prepare_yaqa,PushPop,3033121,3033121,1,96,4414100,45980.2,45247.5,28288,62944,12206.8,"void <unnamed>::softmax_warp_forward<c10::Half, float, float, (int)8, (bool)0, (bool)0, (int)32>(T2 *, const T1 *, int, int, int, const bool *, int, bool)"
:stage.prepare_yaqa,PushPop,3033121,3033121,1,192,3578068,18635.8,18320.0,17728,20608,768.5,ampere_fp16_s16816gemm_fp16_128x64_ldg8_f2f_stages_64x4_tn
:stage.prepare_yaqa,PushPop,3033121,3033121,1,96,2963762,30872.5,30832.0,30400,32448,369.8,ampere_fp16_s16816gemm_fp16_128x128_ldg8_f2f_stages_64x3_tn
:stage.prepare_yaqa,PushPop,3033121,3033121,1,64,2753622,43025.3,41952.0,34176,54400,8457.3,void cutlass::Kernel2<cutlass_80_tensorop_f16_s16816gemm_relu_f16_128x128_32x4_tn_align8>(T1::Params)
:stage.prepare_yaqa,PushPop,3033121,3033121,1,32,2722772,85086.6,85167.5,83648,85631,372.8,sm80_xmma_gemm_f16f16_f16f32_f32_tn_n_tilesize128x128x32_stage4_warpsize2x2x1_tensor16x8x16_execute_kernel__5x_cublas
:stage.prepare_yaqa,PushPop,3033121,3033121,1,32,2290550,71579.7,71616.0,71040,71903,180.0,sm80_xmma_gemm_f16f16_f16f32_f32_tn_n_tilesize160x128x32_stage4_warpsize2x2x1_tensor16x8x16_execute_kernel__5x_cublas
:stage.prepare_yaqa,PushPop,3033121,3033121,1,32,2183704,68240.8,67999.0,32736,106303,35371.9,void cutlass::Kernel2<cutlass_80_tensorop_f16_s16816gemm_relu_f16_128x128_32x5_tn_align8>(T1::Params)
:stage.prepare_yaqa,PushPop,3033121,3033121,1,32,1454301,45446.9,45455.5,44352,46432,547.1,sm80_xmma_gemm_f16f16_f16f32_f32_tn_n_tilesize192x128x32_stage3_warpsize4x2x1_tensor16x8x16_execute_kernel__5x_cublas
:stage.prepare_yaqa,PushPop,3033121,3033121,1,16,1312441,82027.6,81936.0,79231,84864,1555.2,ampere_fp16_s16816gemm_fp16_64x128_sliced1x2_ldg8_f2f_stages_64x3_nn
:stage.prepare_yaqa,PushPop,3033121,3033121,1,528,1245911,2359.7,2336.0,1824,2912,194.2,"void at::native::vectorized_elementwise_kernel<(int)4, at::native::CUDAFunctorOnSelf_add<float>, std::array<char *, (unsigned long)2>>(int, T2, T3)"
:stage.prepare_yaqa,PushPop,3033121,3033121,1,528,1198877,2270.6,2272.0,1824,2624,118.5,"void at::native::vectorized_elementwise_kernel<(int)4, at::native::rsqrt_kernel_cuda(at::TensorIteratorBase &)::[lambda() (instance 2)]::operator ()() const::[lambda() (instance 2)]::operator ()() const::[lambda(float) (instance 1)], std::array<char *, (unsigned long)2>>(int, T2, T3)"
:stage.prepare_yaqa,PushPop,3033121,3033121,1,32,1077821,33681.9,33488.0,27935,39840,5668.5,void cutlass::Kernel2<cutlass_80_tensorop_f16_s16816gemm_f16_64x64_32x6_nn_align2>(T1::Params)
:stage.prepare_yaqa,PushPop,3033121,3033121,1,32,947549,29610.9,30480.0,25824,36096,3657.1,void cutlass::Kernel2<cutlass_80_tensorop_f16_s16816gemm_relu_f16_64x256_32x4_nn_align8>(T1::Params)
:stage.prepare_yaqa,PushPop,3033121,3033121,1,16,577503,36093.9,36096.0,35616,36672,361.7,ampere_fp16_s16816gemm_fp16_64x64_ldg8_f2f_tn
:stage.prepare_yaqa,PushPop,3033121,3033121,1,16,358527,22407.9,22464.0,22112,22816,202.9,void cutlass::Kernel2<cutlass_80_wmma_tensorop_f16_s161616gemm_f16_32x32_64x1_nn_align2>(T1::Params)
:stage.prepare_yaqa,PushPop,3033121,3033121,1,16,340000,21250.0,21152.0,21056,21568,162.9,void cutlass::Kernel2<cutlass_80_wmma_tensorop_f16_s161616gemm_f16_32x32_64x1_tn_align2>(T1::Params)
:stage.prepare_yaqa,PushPop,3033121,3033121,1,16,290144,18134.0,18032.0,17888,18656,227.7,"void <unnamed>::softmax_warp_forward<c10::Half, float, float, (int)7, (bool)0, (bool)0, (int)32>(T2 *, const T1 *, int, int, int, const bool *, int, bool)"
:stage.prepare_yaqa,PushPop,3033121,3033121,1,32,218237,6819.9,4367.5,3552,43488,7519.0,"void at::native::elementwise_kernel<(int)128, (int)4, void at::native::gpu_kernel_impl_nocast<at::native::BinaryFunctor<bool, bool, bool, at::native::BitwiseAndFunctor<bool>>>(at::TensorIteratorBase &, const T1 &)::[lambda(int) (instance 1)]>(int, T3)"
:stage.prepare_yaqa,PushPop,3033121,3033121,1,32,164992,5156.0,5120.0,4032,6784,659.0,"void at::native::reduce_kernel<(int)512, (int)1, at::native::ReduceOp<bool, at::native::func_wrapper_t<bool, at::native::or_kernel_cuda(at::TensorIterator &)::[lambda() (instance 1)]::operator ()() const::[lambda() (instance 12)]::operator ()() const::[lambda(bool, bool) (instance 1)]>, unsigned int, bool, (int)4, (int)4>>(T3)"
:stage.prepare_yaqa,PushPop,3033121,3033121,1,16,158560,9910.0,8544.0,4672,27168,5403.9,"void at::native::vectorized_gather_kernel<(int)16, long>(char *, char *, T2 *, int, long, long, long, long, bool)"
:stage.prepare_yaqa,PushPop,3033121,3033121,1,16,135904,8494.0,5104.0,4128,37888,8473.5,"void at::native::elementwise_kernel<(int)128, (int)4, void at::native::gpu_kernel_impl_nocast<at::native::<unnamed>::where_kernel_impl(at::TensorIterator &)::[lambda() (instance 1)]::operator ()() const::[lambda() (instance 2)]::operator ()() const::[lambda(bool, unsigned short, unsigned short) (instance 1)]>(at::TensorIteratorBase &, const T1 &)::[lambda(int) (instance 1)]>(int, T3)"
:stage.prepare_yaqa,PushPop,3033121,3033121,1,80,129856,1623.2,1760.0,1280,1952,210.3,"void <unnamed>::elementwise_kernel_with_index<int, at::native::arange_cuda_out(const c10::Scalar &, const c10::Scalar &, const c10::Scalar &, at::Tensor &)::[lambda() (instance 1)]::operator ()() const::[lambda() (instance 4)]::operator ()() const::[lambda(long) (instance 1)]>(T1, T2, function_traits<T2>::result_type *)"
:stage.prepare_yaqa,PushPop,3033121,3033121,1,16,123200,7700.0,7680.0,7136,8512,424.8,"void at::native::index_elementwise_kernel<(int)128, (int)4, void at::native::gpu_index_kernel<void at::native::index_kernel_impl<at::native::OpaqueType<(int)1>>(at::TensorIteratorBase &, c10::ArrayRef<long>, c10::ArrayRef<long>)::[lambda(char *, const char *, long) (instance 1)]>(at::TensorIteratorBase &, c10::ArrayRef<long>, c10::ArrayRef<long>, const T1 &, bool)::[lambda(int) (instance 1)]>(long, T3)"
:stage.prepare_yaqa,PushPop,3033121,3033121,1,32,115136,3598.0,3584.0,3232,4032,201.1,"void at::native::_assert_async_cuda_kernel<bool>(const T1 *, at::native::Msg)"
:stage.prepare_yaqa,PushPop,3033121,3033121,1,32,91616,2863.0,2848.0,2688,3072,76.7,"void at::native::elementwise_kernel<(int)128, (int)2, void at::native::gpu_kernel_impl_nocast<at::native::direct_copy_kernel_cuda(at::TensorIteratorBase &)::[lambda() (instance 3)]::operator ()() const::[lambda() (instance 4)]::operator ()() const::[lambda(long) (instance 1)]>(at::TensorIteratorBase &, const T1 &)::[lambda(int) (instance 1)]>(int, T3)"
:stage.prepare_yaqa,PushPop,3033121,3033121,1,48,90816,1892.0,1888.0,1632,2592,195.9,"void at::native::vectorized_elementwise_kernel<(int)2, at::native::CUDAFunctorOnSelf_add<long>, std::array<char *, (unsigned long)2>>(int, T2, T3)"
:stage.prepare_yaqa,PushPop,3033121,3033121,1,16,80608,5038.0,5024.0,4896,5184,82.6,"void at::native::<unnamed>::CatArrayBatchedCopy<at::native::<unnamed>::OpaqueType<(unsigned int)4>, unsigned int, (int)3, (int)64, (int)64>(T1 *, at::native::<unnamed>::CatArrInputTensorMetadata<T1, T2, T4, T5>, at::native::<unnamed>::TensorSizeStride<T2, (unsigned int)4>, int, T2)"
:stage.prepare_yaqa,PushPop,3033121,3033121,1,16,79424,4964.0,4960.0,4704,5216,168.5,"void at::native::<unnamed>::write_indices<long>(long *, at::native::<unnamed>::TensorDims<T1>, int, T1, long *, long)"
:stage.prepare_yaqa,PushPop,3033121,3033121,1,32,77440,2420.0,2400.0,2144,2848,186.5,"void at::native::vectorized_elementwise_kernel<(int)4, void at::native::compare_scalar_kernel<float>(at::TensorIteratorBase &, at::native::<unnamed>::OpType, T1)::[lambda(float) (instance 1)], std::array<char *, (unsigned long)2>>(int, T2, T3)"
:stage.prepare_yaqa,PushPop,3033121,3033121,1,16,76064,4754.0,4752.0,4320,5216,239.7,"void at::native::unrolled_elementwise_kernel<at::native::AUnaryFunctor<long, long, bool, at::native::<unnamed>::CompareEqFunctor<long>>, std::array<char *, (unsigned long)2>, (int)4, TrivialOffsetCalculator<(int)1, unsigned int>, TrivialOffsetCalculator<(int)1, unsigned int>, at::native::memory::LoadWithCast<(int)1>, at::native::memory::StoreWithCast<(int)1>>(int, T1, T2, T4, T5, T6, T7)"
:stage.prepare_yaqa,PushPop,3033121,3033121,1,16,75936,4746.0,4688.0,4320,5472,345.0,"void at::native::reduce_kernel<(int)512, (int)1, at::native::ReduceOp<long, at::native::func_wrapper_t<long, at::native::sum_functor<long, long, long>::operator ()(at::TensorIterator &)::[lambda(long, long) (instance 1)]>, unsigned int, long, (int)4, (int)4>>(T3)"
:stage.prepare_yaqa,PushPop,3033121,3033121,1,32,75424,2357.0,2304.0,1760,3072,471.0,"void at::native::vectorized_elementwise_kernel<(int)4, at::native::AUnaryFunctor<float, float, bool, at::native::<unnamed>::CompareEqFunctor<float>>, std::array<char *, (unsigned long)2>>(int, T2, T3)"
:stage.prepare_yaqa,PushPop,3033121,3033121,1,16,70208,4388.0,4048.0,3648,8128,1108.0,"void at::native::elementwise_kernel<(int)128, (int)4, void at::native::gpu_kernel_impl_nocast<at::native::<unnamed>::CompareFunctor<long>>(at::TensorIteratorBase &, const T1 &)::[lambda(int) (instance 1)]>(int, T3)"
:stage.prepare_yaqa,PushPop,3033121,3033121,1,16,68992,4312.0,4336.0,3744,4736,305.5,"void at::native::<unnamed>::nll_loss_forward_no_reduce_cuda_kernel<float, long>(long, torch::headeronly::detail::GenericPackedTensorAccessor<torch::headeronly::detail::TensorAccessor<c10::ArrayRef<long>, T1, (unsigned long)1, torch::headeronly::DefaultPtrTraits, long>, at::detail::IndexBoundsCheck<(unsigned long)2, long>, T1, (unsigned long)2, torch::headeronly::DefaultPtrTraits, long>, const T2 *, T1 *, const T1 *, long, long)"
:stage.prepare_yaqa,PushPop,3033121,3033121,1,32,67712,2116.0,2144.0,1952,2240,79.1,"void at::native::vectorized_elementwise_kernel<(int)4, at::native::AUnaryFunctor<float, float, float, at::native::binary_internal::MulFunctor<float>>, std::array<char *, (unsigned long)2>>(int, T2, T3)"
:stage.prepare_yaqa,PushPop,3033121,3033121,1,16,67584,4224.0,4256.0,3872,4480,151.9,"void at::native::unrolled_elementwise_kernel<at::native::direct_copy_kernel_cuda(at::TensorIteratorBase &)::[lambda() (instance 3)]::operator ()() const::[lambda() (instance 4)]::operator ()() const::[lambda(long) (instance 1)], std::array<char *, (unsigned long)2>, (int)4, TrivialOffsetCalculator<(int)1, unsigned int>, TrivialOffsetCalculator<(int)1, unsigned int>, at::native::memory::LoadWithCast<(int)1>, at::native::memory::StoreWithCast<(int)1>>(int, T1, T2, T4, T5, T6, T7)"
:stage.prepare_yaqa,PushPop,3033121,3033121,1,16,62080,3880.0,3696.0,3040,4896,749.3,"void at_cuda_detail::cub::detail::select::DeviceSelectSweepKernel<at_cuda_detail::cub::detail::select::policy_hub<long, bool, int, (bool)0, (at_cuda_detail::cub::SelectImpl)0>::Policy1000, thrust::_V_300200_SM_750_800_860_900_1000_1200::counting_iterator<long, thrust::_V_300200_SM_750_800_860_900_1000_1200::use_default, thrust::_V_300200_SM_750_800_860_900_1000_1200::use_default, thrust::_V_300200_SM_750_800_860_900_1000_1200::use_default, thrust::_V_300200_SM_750_800_860_900_1000_1200::compile_time_value<(int)1>>, thrust::_V_300200_SM_750_800_860_900_1000_1200::transform_iterator<at::native::<unnamed>::NonZeroOp<bool>, const bool *, thrust::_V_300200_SM_750_800_860_900_1000_1200::use_default, thrust::_V_300200_SM_750_800_860_900_1000_1200::use_default>, long *, int *, at_cuda_detail::cub::ScanTileState<int, (bool)1>, at_cuda_detail::cub::NullType, at_cuda_detail::cub::NullType, int, at_cuda_detail::cub::detail::select::streaming_context_t<long, (bool)1>, (at_cuda_detail::cub::SelectImpl)0>(T2, T3, T4, T5, T6, T7, T8, T9, int, T10, at_cuda_detail::cub::detail::vsmem_t)"
:stage.prepare_yaqa,PushPop,3033121,3033121,1,32,55424,1732.0,1632.0,1344,2272,336.1,"void at::native::vectorized_elementwise_kernel<(int)4, at::native::FillFunctor<float>, std::array<char *, (unsigned long)1>>(int, T2, T3)"
:stage.prepare_yaqa,PushPop,3033121,3033121,1,16,54048,3378.0,3344.0,3072,3744,192.3,"void at::native::vectorized_elementwise_kernel<(int)4, at::native::cos_kernel_cuda(at::TensorIteratorBase &)::[lambda() (instance 2)]::operator ()() const::[lambda() (instance 2)]::operator ()() const::[lambda(float) (instance 1)], std::array<char *, (unsigned long)2>>(int, T2, T3)"
:stage.prepare_yaqa,PushPop,3033121,3033121,1,16,53470,3341.9,3296.0,3071,3744,203.2,"void at::native::vectorized_elementwise_kernel<(int)4, at::native::sin_kernel_cuda(at::TensorIteratorBase &)::[lambda() (instance 2)]::operator ()() const::[lambda() (instance 2)]::operator ()() const::[lambda(float) (instance 1)], std::array<char *, (unsigned long)2>>(int, T2, T3)"
:stage.prepare_yaqa,PushPop,3033121,3033121,1,16,45312,2832.0,2784.0,2464,3744,264.1,_bmm_outer_product_kernel
:stage.prepare_yaqa,PushPop,3033121,3033121,1,12,35392,2949.3,2960.0,2624,3136,146.9,"void at_cuda_detail::cub::detail::reduce::DeviceReduceSingleTileKernel<at_cuda_detail::cub::detail::reduce::policy_hub<int, unsigned long long, cuda::std::__4::plus<void>>::Policy1000, thrust::_V_300200_SM_750_800_860_900_1000_1200::transform_iterator<at::native::<unnamed>::NonZeroOp<bool>, const bool *, thrust::_V_300200_SM_750_800_860_900_1000_1200::use_default, thrust::_V_300200_SM_750_800_860_900_1000_1200::use_default>, int *, unsigned long long, cuda::std::__4::plus<void>, int, int, cuda::std::__4::identity>(T2, T3, T4, T5, T6, T8)"
:stage.prepare_yaqa,PushPop,3033121,3033121,1,16,33088,2068.0,2048.0,1856,2272,123.0,"void at::native::vectorized_elementwise_kernel<(int)4, at::native::BinaryFunctor<bool, bool, bool, at::native::BitwiseAndFunctor<bool>>, std::array<char *, (unsigned long)3>>(int, T2, T3)"
:stage.prepare_yaqa,PushPop,3033121,3033121,1,16,32864,2054.0,2048.0,1888,2272,114.6,"void at::native::vectorized_elementwise_kernel<(int)4, at::native::bitwise_not_kernel_cuda(at::TensorIteratorBase &)::[lambda(bool) (instance 1)], std::array<char *, (unsigned long)2>>(int, T2, T3)"
:stage.prepare_yaqa,PushPop,3033121,3033121,1,16,29440,1840.0,1856.0,1664,2112,116.8,"void at::native::vectorized_elementwise_kernel<(int)4, at::native::AbsFunctor<float>, std::array<char *, (unsigned long)2>>(int, T2, T3)"
:stage.prepare_yaqa,PushPop,3033121,3033121,1,16,28512,1782.0,1792.0,1696,1824,38.3,"void at::native::vectorized_elementwise_kernel<(int)4, void at::native::compare_scalar_kernel<long>(at::TensorIteratorBase &, at::native::<unnamed>::OpType, T1)::[lambda(long) (instance 1)], std::array<char *, (unsigned long)2>>(int, T2, T3)"
:stage.prepare_yaqa,PushPop,3033121,3033121,1,16,26528,1658.0,1648.0,1536,1792,66.3,"void at::native::vectorized_elementwise_kernel<(int)4, at::native::BinaryFunctor<float, float, bool, at::native::<unnamed>::CompareEqFunctor<float>>, std::array<char *, (unsigned long)3>>(int, T2, T3)"
:stage.prepare_yaqa,PushPop,3033121,3033121,1,17,26368,1551.1,1536.0,1408,2176,166.7,"void at::native::vectorized_elementwise_kernel<(int)4, at::native::FillFunctor<bool>, std::array<char *, (unsigned long)1>>(int, T2, T3)"
:stage.prepare_yaqa,PushPop,3033121,3033121,1,16,23808,1488.0,1504.0,1376,1536,42.1,"void at::native::vectorized_elementwise_kernel<(int)4, at::native::FillFunctor<c10::Half>, std::array<char *, (unsigned long)1>>(int, T2, T3)"
:stage.prepare_yaqa,PushPop,3033121,3033121,1,16,22496,1406.0,1392.0,1344,1536,47.4,"void at_cuda_detail::cub::detail::scan::DeviceCompactInitKernel<at_cuda_detail::cub::ScanTileState<int, (bool)1>, int *>(T1, int, T2)"
:stage.prepare_yaqa,PushPop,3033121,3033121,1,4,13952,3488.0,3392.0,2944,4224,534.2,"void at_cuda_detail::cub::detail::reduce::DeviceReduceKernel<at_cuda_detail::cub::detail::reduce::policy_hub<int, unsigned long long, cuda::std::__4::plus<void>>::Policy1000, thrust::_V_300200_SM_750_800_860_900_1000_1200::transform_iterator<at::native::<unnamed>::NonZeroOp<bool>, const bool *, thrust::_V_300200_SM_750_800_860_900_1000_1200::use_default, thrust::_V_300200_SM_750_800_860_900_1000_1200::use_default>, unsigned long long, cuda::std::__4::plus<void>, int, cuda::std::__4::identity>(T2, T5 *, T3, at_cuda_detail::cub::GridEvenShare<T3>, T4, T6)"
:stage.prepare_yaqa,PushPop,3033121,3033121,1,4,8928,2232.0,2272.0,2112,2272,80.0,"void at_cuda_detail::cub::detail::reduce::DeviceReduceSingleTileKernel<at_cuda_detail::cub::detail::reduce::policy_hub<int, unsigned long long, cuda::std::__4::plus<void>>::Policy1000, int *, int *, int, cuda::std::__4::plus<void>, int, int, cuda::std::__4::identity>(T2, T3, T4, T5, T6, T8)"
:stage.process:model.layers.0.mlp.down_proj,PushPop,3033121,3035516,1,2250,6933163643,3081406.1,3333123.5,1048033,3443906,669802.2,void <unnamed>::qvq_fused_w2_family_grid_kernel<(bool)0>(<unnamed>::FusedSequenceArgs)
:stage.process:model.layers.0.mlp.down_proj,PushPop,3033121,3035516,1,2302,5696057049,2474394.9,2762433.0,1361697,2838946,560842.0,"void <unnamed>::qvq_viterbi_kernel<(int)4, (int)2, __half, unsigned char>(const float *, const T3 *, const float *, const long *, const float *, T4 *, long *, float *, int, int, int, bool, bool, bool)"
:stage.process:model.layers.0.mlp.down_proj,PushPop,3033121,3035516,1,1278,838439242,656055.7,425088.0,21760,1192674,379778.4,void cutlass::Kernel2<cutlass_80_simt_sgemm_grouped_128x128_8x4_align1>(T1::Params)
:stage.process:model.layers.0.mlp.down_proj,PushPop,3033121,3035516,1,1276,807291473,632673.6,398272.0,14016,1176225,407162.8,ampere_sgemm_128x128_nt
:stage.process:model.layers.0.mlp.down_proj,PushPop,3033121,3035516,1,2250,227459812,101093.2,102208.5,72448,105760,4200.1,"<unnamed>::qvq_fused_w2_traceback_kernel(const unsigned char *, const unsigned char *, const int *, long *, unsigned char *, int)"
:stage.process:model.layers.0.mlp.down_proj,PushPop,3033121,3035516,1,1270,181979249,143290.7,92640.0,4608,262561,89030.6,"void gemmSN_NN_kernel<float, (int)128, (int)2, (int)4, (int)8, (int)4, (int)4, (bool)0, cublasGemvTensorBatched<const float>, cublasGemvTensorBatched<const float>, cublasGemvTensorBatched<float>>(cublasGemmSmallNParams<T9, T10, T11, T1>)"
:stage.process:model.layers.0.mlp.down_proj,PushPop,3033121,3035516,1,435,124307713,285764.9,44192.0,17728,13278379,1775269.3,ampere_sgemm_128x32_sliced1x4_nn
:stage.process:model.layers.0.mlp.down_proj,PushPop,3033121,3035516,1,537,68867473,128244.8,128128.0,4512,257376,74994.4,"void gemmSN_NN_kernel<float, (int)256, (int)4, (int)2, (int)8, (int)4, (int)4, (bool)0, cublasGemvTensorStridedBatched<const float>, cublasGemvTensorStridedBatched<const float>, cublasGemvTensorStridedBatched<float>>(cublasGemmSmallNParams<T9, T10, T11, T1>)"
:stage.process:model.layers.0.mlp.down_proj,PushPop,3033121,3035516,1,8982,61496990,6846.7,7296.0,2560,91552,2629.6,"void at::native::reduce_kernel<(int)512, (int)1, at::native::ReduceOp<bool, at::native::func_wrapper_t<bool, at::native::and_kernel_cuda(at::TensorIterator &)::[lambda() (instance 1)]::operator ()() const::[lambda() (instance 12)]::operator ()() const::[lambda(bool, bool) (instance 1)]>, unsigned int, bool, (int)4, (int)4>>(T3)"
:stage.process:model.layers.0.mlp.down_proj,PushPop,3033121,3035516,1,416,61138054,146966.5,145888.0,133312,274977,11719.7,"void <unnamed>::qvq_v2_segment_grid_kernel<(int)4, (int)2, (int)16, (bool)1, (bool)0, __half, unsigned char>(const float *, const T6 *, const float *, const long *, const float *, const float *, float *, T7 *, unsigned char *, int, int, int, bool, bool)"
:stage.process:model.layers.0.mlp.down_proj,PushPop,3033121,3035516,1,4,52714725,13178681.3,13092033.0,12977617,13553042,260831.4,void cutlass::Kernel2<cutlass_80_simt_sgemm_128x32_8x5_nt_align1>(T1::Params)
:stage.process:model.layers.0.mlp.down_proj,PushPop,3033121,3035516,1,6857,37422324,5457.5,3392.0,2112,623776,22423.3,"void at::native::elementwise_kernel<(int)128, (int)2, void at::native::gpu_kernel_impl_nocast<at::native::direct_copy_kernel_cuda(at::TensorIteratorBase &)::[lambda() (instance 3)]::operator ()() const::[lambda() (instance 7)]::operator ()() const::[lambda(float) (instance 1)]>(at::TensorIteratorBase &, const T1 &)::[lambda(int) (instance 1)]>(int, T3)"
:stage.process:model.layers.0.mlp.down_proj,PushPop,3033121,3035516,1,4350,34318041,7889.2,7872.0,3936,68096,1178.6,"void at::native::reduce_kernel<(int)512, (int)1, at::native::ReduceOp<float, at::native::func_wrapper_t<float, at::native::MaxNanFunctor<float>>, unsigned int, float, (int)4, (int)4>>(T3)"
:stage.process:model.layers.0.mlp.down_proj,PushPop,3033121,3035516,1,2250,30463833,13539.5,13696.0,9184,15424,1062.7,"<unnamed>::qvq_fused_detect_family_mask_kernel(const unsigned int *, int *)"
:stage.process:model.layers.0.mlp.down_proj,PushPop,3033121,3035516,1,2815,27977049,9938.6,8992.0,5280,121088,2637.2,"void at::native::index_elementwise_kernel<(int)128, (int)4, void at::native::gpu_index_kernel<void at::native::index_kernel_impl<at::native::OpaqueType<(int)2>>(at::TensorIteratorBase &, c10::ArrayRef<long>, c10::ArrayRef<long>)::[lambda(char *, const char *, long) (instance 1)]>(at::TensorIteratorBase &, c10::ArrayRef<long>, c10::ArrayRef<long>, const T1 &, bool)::[lambda(int) (instance 1)]>(long, T3)"
:stage.process:model.layers.0.mlp.down_proj,PushPop,3033121,3035516,1,2,26112386,13056193.0,13056193.0,13032305,13080081,33782.7,void cutlass::Kernel2<cutlass_80_simt_sgemm_128x64_8x5_nn_align1>(T1::Params)
:stage.process:model.layers.0.mlp.down_proj,PushPop,3033121,3035516,1,2,25853432,12926716.0,12926716.0,12886221,12967211,57268.6,void cutlass::Kernel2<cutlass_80_simt_sgemm_64x128_8x5_nt_align1>(T1::Params)
:stage.process:model.layers.0.mlp.down_proj,PushPop,3033121,3035516,1,3074,24221420,7879.4,7872.0,7424,8832,157.9,"void at::native::reduce_kernel<(int)512, (int)1, at::native::ReduceOp<c10::Half, at::native::func_wrapper_t<c10::Half, at::native::MaxNanFunctor<c10::Half>>, unsigned int, c10::Half, (int)4, (int)4>>(T3)"
:stage.process:model.layers.0.mlp.down_proj,PushPop,3033121,3035516,1,1213,21311379,17569.2,4224.0,3200,653665,46269.1,"void at::native::elementwise_kernel<(int)128, (int)2, void at::native::gpu_kernel_impl_nocast<at::native::CUDAFunctor_add<float>>(at::TensorIteratorBase &, const T1 &)::[lambda(int) (instance 1)]>(int, T3)"
:stage.process:model.layers.0.mlp.down_proj,PushPop,3033121,3035516,1,5,20018924,4003784.8,2262049.0,928001,7290756,3044227.6,"void kernel<getrf_wo_pivot_params_<float, (int)0, (int)256, (int)1, (int)64, (int)64, (int)68, (int)8, (int)1, (int)1>>(int, int, void *, int, void *, int, int, int, int, int, int *)"
:stage.process:model.layers.0.mlp.down_proj,PushPop,3033121,3035516,1,8730,19732207,2260.3,2048.0,1536,255328,5606.5,"void at::native::vectorized_elementwise_kernel<(int)4, at::native::AbsFunctor<float>, std::array<char *, (unsigned long)2>>(int, T2, T3)"
:stage.process:model.layers.0.mlp.down_proj,PushPop,3033121,3035516,1,7454,16426798,2203.8,2112.0,1632,100000,2339.2,"void at::native::vectorized_elementwise_kernel<(int)4, at::native::BinaryFunctor<bool, bool, bool, at::native::binary_internal::MulFunctor<bool>>, std::array<char *, (unsigned long)3>>(int, T2, T3)"
:stage.process:model.layers.0.mlp.down_proj,PushPop,3033121,3035516,1,21,14170992,674809.1,14944.0,11072,3546276,1396608.9,ampere_sgemm_64x32_sliced1x4_nn
:stage.process:model.layers.0.mlp.down_proj,PushPop,3033121,3035516,1,6148,13657510,2221.5,2144.0,2048,4160,191.2,"void at::native::vectorized_elementwise_kernel<(int)4, at::native::AbsFunctor<c10::Half>, std::array<char *, (unsigned long)2>>(int, T2, T3)"
:stage.process:model.layers.0.mlp.down_proj,PushPop,3033121,3035516,1,1917,13175660,6873.1,6816.0,4384,10016,410.8,"void at::native::index_elementwise_kernel<(int)128, (int)4, void at::native::gpu_index_kernel<void at::native::index_put_kernel_impl<at::native::OpaqueType<(int)4>>(at::TensorIterator &, c10::ArrayRef<long>, c10::ArrayRef<long>)::[lambda(char *, const char *, long) (instance 1)]>(at::TensorIteratorBase &, c10::ArrayRef<long>, c10::ArrayRef<long>, const T1 &, bool)::[lambda(int) (instance 1)]>(long, T3)"
:stage.process:model.layers.0.mlp.down_proj,PushPop,3033121,3035516,1,4381,10198659,2327.9,2080.0,1472,163008,5191.3,"void at::native::vectorized_elementwise_kernel<(int)4, at::native::BinaryFunctor<float, float, bool, at::native::<unnamed>::CompareEqFunctor<float>>, std::array<char *, (unsigned long)3>>(int, T2, T3)"
:stage.process:model.layers.0.mlp.down_proj,PushPop,3033121,3035516,1,4380,10079400,2301.2,2048.0,1600,164832,5189.0,"void at::native::vectorized_elementwise_kernel<(int)4, at::native::AUnaryFunctor<float, float, bool, at::native::<unnamed>::CompareEqFunctor<float>>, std::array<char *, (unsigned long)2>>(int, T2, T3)"
:stage.process:model.layers.0.mlp.down_proj,PushPop,3033121,3035516,1,2311,9790186,4236.3,4096.0,3168,77120,2472.4,"void at::native::unrolled_elementwise_kernel<at::native::direct_copy_kernel_cuda(at::TensorIteratorBase &)::[lambda() (instance 3)]::operator ()() const::[lambda() (instance 7)]::operator ()() const::[lambda(float) (instance 1)], std::array<char *, (unsigned long)2>, (int)4, TrivialOffsetCalculator<(int)1, unsigned int>, TrivialOffsetCalculator<(int)1, unsigned int>, at::native::memory::LoadWithCast<(int)1>, at::native::memory::StoreWithCast<(int)1>>(int, T1, T2, T4, T5, T6, T7)"
:stage.process:model.layers.0.mlp.down_proj,PushPop,3033121,3035516,1,1146,9776583,8531.0,8192.0,7808,10336,783.1,"void batch_trsm_left_kernel<float, (int)64, (int)4, (int)3, (bool)0, (bool)0, (bool)1>(cublasTrsmBatchParams2<T1>, T1, const T1 *, int)"
:stage.process:model.layers.0.mlp.down_proj,PushPop,3033121,3035516,1,2815,9251054,3286.3,3296.0,2528,114400,2106.5,"void at::native::elementwise_kernel<(int)128, (int)2, void at::native::gpu_kernel_impl_nocast<at::native::direct_copy_kernel_cuda(at::TensorIteratorBase &)::[lambda() (instance 3)]::operator ()() const::[lambda() (instance 4)]::operator ()() const::[lambda(long) (instance 1)]>(at::TensorIteratorBase &, const T1 &)::[lambda(int) (instance 1)]>(int, T3)"
:stage.process:model.layers.0.mlp.down_proj,PushPop,3033121,3035516,1,1278,9064586,7092.8,7040.0,4096,10336,330.3,"void at::native::index_elementwise_kernel<(int)128, (int)4, void at::native::gpu_index_kernel<void at::native::index_put_kernel_impl<at::native::OpaqueType<(int)8>>(at::TensorIterator &, c10::ArrayRef<long>, c10::ArrayRef<long>)::[lambda(char *, const char *, long) (instance 1)]>(at::TensorIteratorBase &, c10::ArrayRef<long>, c10::ArrayRef<long>, const T1 &, bool)::[lambda(int) (instance 1)]>(long, T3)"
:stage.process:model.layers.0.mlp.down_proj,PushPop,3033121,3035516,1,2300,7141130,3104.8,3040.0,2048,67424,1410.2,"void at::native::elementwise_kernel<(int)128, (int)2, void at::native::gpu_kernel_impl_nocast<at::native::AUnaryFunctor<long, long, long, at::native::BitwiseAndFunctor<long>>>(at::TensorIteratorBase &, const T1 &)::[lambda(int) (instance 1)]>(int, T3)"
:stage.process:model.layers.0.mlp.down_proj,PushPop,3033121,3035516,1,3074,6982053,2271.3,2272.0,1792,2368,39.1,"void at::native::vectorized_elementwise_kernel<(int)4, at::native::BinaryFunctor<c10::Half, c10::Half, bool, at::native::<unnamed>::CompareEqFunctor<c10::Half>>, std::array<char *, (unsigned long)3>>(int, T2, T3)"
:stage.process:model.layers.0.mlp.down_proj,PushPop,3033121,3035516,1,3074,6908195,2247.3,2240.0,1792,2368,40.9,"void at::native::vectorized_elementwise_kernel<(int)4, at::native::AUnaryFunctor<c10::Half, c10::Half, bool, at::native::<unnamed>::CompareEqFunctor<c10::Half>>, std::array<char *, (unsigned long)2>>(int, T2, T3)"
:stage.process:model.layers.0.mlp.down_proj,PushPop,3033121,3035516,1,2,6847330,3423665.0,3423665.0,3423361,3423969,429.9,ampere_sgemm_128x64_lower_nt
:stage.process:model.layers.0.mlp.down_proj,PushPop,3033121,3035516,1,2,6674503,3337251.5,3337251.5,3254819,3419684,116577.2,ampere_sgemm_128x64_nn
:stage.process:model.layers.0.mlp.down_proj,PushPop,3033121,3035516,1,2302,6462694,2807.4,2624.0,2112,130688,2676.9,"void at::native::roll_cuda_kernel<float>(const T1 *, T1 *, long, long, long, long, long, long)"
:stage.process:model.layers.0.mlp.down_proj,PushPop,3033121,3035516,1,2354,6304039,2678.0,2624.0,2080,117057,3037.2,"<unnamed>::qvq_half2_codebook_norm_pack_kernel(const __half *, unsigned long *, int)"
:stage.process:model.layers.0.mlp.down_proj,PushPop,3033121,3035516,1,3328,6174819,1855.4,1792.0,1568,55360,939.3,"void at::native::vectorized_elementwise_kernel<(int)4, void at::native::compare_scalar_kernel<float>(at::TensorIteratorBase &, at::native::<unnamed>::OpType, T1)::[lambda(float) (instance 1)], std::array<char *, (unsigned long)2>>(int, T2, T3)"
:stage.process:model.layers.0.mlp.down_proj,PushPop,3033121,3035516,1,3086,5845540,1894.2,1792.0,1696,45312,1999.4,"void at::native::vectorized_elementwise_kernel<(int)4, void at::native::compare_scalar_kernel<long>(at::TensorIteratorBase &, at::native::<unnamed>::OpType, T1)::[lambda(long) (instance 1)], std::array<char *, (unsigned long)2>>(int, T2, T3)"
:stage.process:model.layers.0.mlp.down_proj,PushPop,3033121,3035516,1,2048,5448805,2660.5,2624.0,2432,2976,144.6,"void at::native::unrolled_elementwise_kernel<at::native::BinaryFunctor<float, float, float, at::native::maximum_kernel_cuda(at::TensorIteratorBase &)::[lambda() (instance 2)]::operator ()() const::[lambda() (instance 2)]::operator ()() const::[lambda(float, float) (instance 1)]>, std::array<char *, (unsigned long)3>, (int)4, TrivialOffsetCalculator<(int)2, unsigned int>, TrivialOffsetCalculator<(int)1, unsigned int>, at::native::memory::LoadWithCast<(int)2>, at::native::memory::StoreWithCast<(int)1>>(int, T1, T2, T4, T5, T6, T7)"
:stage.process:model.layers.0.mlp.down_proj,PushPop,3033121,3035516,1,2558,5292230,2068.9,2048.0,1568,54400,1227.0,"void at::native::vectorized_elementwise_kernel<(int)4, at::native::BinaryFunctor<bool, bool, bool, at::native::logical_or_kernel_cuda(at::TensorIterator &)::[lambda() (instance 2)]::operator ()() const::[lambda() (instance 9)]::operator ()() const::[lambda(bool, bool) (instance 1)]>, std::array<char *, (unsigned long)3>>(int, T2, T3)"
:stage.process:model.layers.0.mlp.down_proj,PushPop,3033121,3035516,1,639,5178182,8103.6,8224.0,5568,8864,425.8,"void at::native::index_elementwise_kernel<(int)128, (int)4, void at::native::gpu_index_kernel<void at::native::index_kernel_impl<at::native::OpaqueType<(int)4>>(at::TensorIteratorBase &, c10::ArrayRef<long>, c10::ArrayRef<long>)::[lambda(char *, const char *, long) (instance 1)]>(at::TensorIteratorBase &, c10::ArrayRef<long>, c10::ArrayRef<long>, const T1 &, bool)::[lambda(int) (instance 1)]>(long, T3)"
:stage.process:model.layers.0.mlp.down_proj,PushPop,3033121,3035516,1,3594,4869152,1354.8,1376.0,1248,2112,65.9,"void <unnamed>::elementwise_kernel_with_index<int, at::native::arange_cuda_out(const c10::Scalar &, const c10::Scalar &, const c10::Scalar &, at::Tensor &)::[lambda() (instance 1)]::operator ()() const::[lambda() (instance 4)]::operator ()() const::[lambda(long) (instance 1)]>(T1, T2, function_traits<T2>::result_type *)"
:stage.process:model.layers.0.mlp.down_proj,PushPop,3033121,3035516,1,1154,4648484,4028.1,4032.0,3968,9408,197.9,ampere_sgemm_32x128_nt
:stage.process:model.layers.0.mlp.down_proj,PushPop,3033121,3035516,1,1173,4630885,3947.9,2272.0,1856,192128,12662.8,"void at::native::vectorized_elementwise_kernel<(int)4, at::native::CUDAFunctor_add<float>, std::array<char *, (unsigned long)3>>(int, T2, T3)"
:stage.process:model.layers.0.mlp.down_proj,PushPop,3033121,3035516,1,1278,4313732,3375.4,3104.0,2176,5536,580.9,"<unnamed>::qvq_yaqa_feedback_epilogue_kernel(const float *, const float *, const float *, const float *, const float *, float *, int, int, int, int, int)"
:stage.process:model.layers.0.mlp.down_proj,PushPop,3033121,3035516,1,52,4288037,82462.3,81584.0,74368,97056,6499.5,"void <unnamed>::qvq_v2_segment_grid_finalize_kernel<(int)4, (int)2, (int)16, (bool)0, __half, unsigned char>(const float *, const T5 *, const float *, const long *, const float *, const float *, const T6 *, const unsigned char *, long *, unsigned char *, float *, int, int, bool, bool)"
:stage.process:model.layers.0.mlp.down_proj,PushPop,3033121,3035516,1,1024,4271136,4171.0,4128.0,3904,4576,233.2,"void at::native::elementwise_kernel<(int)128, (int)4, void at::native::gpu_kernel_impl_nocast<at::native::direct_copy_kernel_cuda(at::TensorIteratorBase &)::[lambda() (instance 3)]::operator ()() const::[lambda() (instance 10)]::operator ()() const::[lambda(c10::Half) (instance 1)]>(at::TensorIteratorBase &, const T1 &)::[lambda(int) (instance 1)]>(int, T3)"
:stage.process:model.layers.0.mlp.down_proj,PushPop,3033121,3035516,1,639,4200038,6572.8,6688.0,3296,10432,550.5,"void at::native::index_elementwise_kernel<(int)128, (int)4, void at::native::gpu_index_kernel<void at::native::index_put_kernel_impl<at::native::OpaqueType<(int)1>>(at::TensorIterator &, c10::ArrayRef<long>, c10::ArrayRef<long>)::[lambda(char *, const char *, long) (instance 1)]>(at::TensorIteratorBase &, c10::ArrayRef<long>, c10::ArrayRef<long>, const T1 &, bool)::[lambda(int) (instance 1)]>(long, T3)"
:stage.process:model.layers.0.mlp.down_proj,PushPop,3033121,3035516,1,1159,4087654,3526.9,3424.0,1792,52160,2291.6,"void at::native::unrolled_elementwise_kernel<at::native::direct_copy_kernel_cuda(at::TensorIteratorBase &)::[lambda() (instance 3)]::operator ()() const::[lambda() (instance 4)]::operator ()() const::[lambda(long) (instance 1)], std::array<char *, (unsigned long)2>, (int)4, TrivialOffsetCalculator<(int)1, unsigned int>, TrivialOffsetCalculator<(int)1, unsigned int>, at::native::memory::LoadWithCast<(int)1>, at::native::memory::StoreWithCast<(int)1>>(int, T1, T2, T4, T5, T6, T7)"
:stage.process:model.layers.0.mlp.down_proj,PushPop,3033121,3035516,1,1,3842533,3842533.0,3842533.0,3842533,3842533,0.0,ampere_sgemm_32x128_tn
:stage.process:model.layers.0.mlp.down_proj,PushPop,3033121,3035516,1,1280,3742820,2924.1,2944.0,1760,3264,222.6,"void at::native::elementwise_kernel<(int)128, (int)2, void at::native::gpu_kernel_impl_nocast<at::native::CUDAFunctor_add<long>>(at::TensorIteratorBase &, const T1 &)::[lambda(int) (instance 1)]>(int, T3)"
:stage.process:model.layers.0.mlp.down_proj,PushPop,3033121,3035516,1,2250,3481511,1547.3,1568.0,1312,3456,71.8,"void at::native::vectorized_elementwise_kernel<(int)4, at::native::FillFunctor<int>, std::array<char *, (unsigned long)1>>(int, T2, T3)"
:stage.process:model.layers.0.mlp.down_proj,PushPop,3033121,3035516,1,1032,3471137,3363.5,3296.0,3072,15552,792.8,"void at::native::reduce_kernel<(int)512, (int)1, at::native::ReduceOp<bool, at::native::func_wrapper_t<bool, at::native::or_kernel_cuda(at::TensorIterator &)::[lambda() (instance 1)]::operator ()() const::[lambda() (instance 12)]::operator ()() const::[lambda(bool, bool) (instance 1)]>, unsigned int, bool, (int)4, (int)4>>(T3)"
:stage.process:model.layers.0.mlp.down_proj,PushPop,3033121,3035516,1,1923,3239457,1684.6,1632.0,1504,62112,1380.8,"void at::native::vectorized_elementwise_kernel<(int)2, at::native::AUnaryFunctor<long, long, long, at::native::binary_internal::MulFunctor<long>>, std::array<char *, (unsigned long)2>>(int, T2, T3)"
:stage.process:model.layers.0.mlp.down_proj,PushPop,3033121,3035516,1,512,2931296,5725.2,5728.0,5312,6176,139.1,"void at::native::unrolled_elementwise_kernel<at::native::CUDAFunctor_add<float>, std::array<char *, (unsigned long)3>, (int)4, TrivialOffsetCalculator<(int)2, unsigned int>, TrivialOffsetCalculator<(int)1, unsigned int>, at::native::memory::LoadWithCast<(int)2>, at::native::memory::StoreWithCast<(int)1>>(int, T1, T2, T4, T5, T6, T7)"
:stage.process:model.layers.0.mlp.down_proj,PushPop,3033121,3035516,1,1278,2767202,2165.3,2144.0,1440,2752,144.2,"<unnamed>::qvq_yaqa_grouped_pointers_kernel(const float *, const float *, float *, float **, float **, float **, int, int, int, int, int, int)"
:stage.process:model.layers.0.mlp.down_proj,PushPop,3033121,3035516,1,1278,2658594,2080.3,2080.0,1632,3040,203.2,"void at::native::vectorized_elementwise_kernel<(int)4, at::native::bitwise_not_kernel_cuda(at::TensorIteratorBase &)::[lambda(bool) (instance 1)], std::array<char *, (unsigned long)2>>(int, T2, T3)"
:stage.process:model.layers.0.mlp.down_proj,PushPop,3033121,3035516,1,3,2632259,877419.7,1311650.0,8800,1311809,752246.7,"void at::native::reduce_kernel<(int)512, (int)1, at::native::ReduceOp<long, at::native::func_wrapper_t<long, at::native::sum_functor<long, long, long>::operator ()(at::TensorIterator &)::[lambda(long, long) (instance 1)]>, unsigned int, long, (int)4, (int)4>>(T3)"
:stage.process:model.layers.0.mlp.down_proj,PushPop,3033121,3035516,1,1278,2481442,1941.7,1952.0,1440,5184,139.9,"<unnamed>::qvq_yaqa_update_grouped_pointers_kernel(float *, float *, const float *, const float *, const float *, float **, float **, float **, int, int, int, int, int, int)"
:stage.process:model.layers.0.mlp.down_proj,PushPop,3033121,3035516,1,11,2471204,224654.9,65760.0,5536,1029665,397377.0,"void at::native::vectorized_elementwise_kernel<(int)2, at::native::AUnaryFunctor<long, long, long, at::native::BitwiseAndFunctor<long>>, std::array<char *, (unsigned long)2>>(int, T2, T3)"
:stage.process:model.layers.0.mlp.down_proj,PushPop,3033121,3035516,1,4,2169123,542280.8,558257.0,5024,1047585,583219.3,"void at::native::elementwise_kernel<(int)128, (int)2, void at::native::gpu_kernel_impl_nocast<at::native::BinaryFunctor<long, long, long, at::native::lshift_kernel_cuda(at::TensorIteratorBase &)::[lambda() (instance 1)]::operator ()() const::[lambda() (instance 4)]::operator ()() const::[lambda(long, long) (instance 1)]>>(at::TensorIteratorBase &, const T1 &)::[lambda(int) (instance 1)]>(int, T3)"
:stage.process:model.layers.0.mlp.down_proj,PushPop,3033121,3035516,1,4,2164611,541152.8,540561.0,41280,1042209,576945.9,"void at::native::elementwise_kernel<(int)128, (int)2, void at::native::gpu_kernel_impl_nocast<at::native::BinaryFunctor<long, long, long, at::native::rshift_kernel_cuda(at::TensorIteratorBase &)::[lambda() (instance 1)]::operator ()() const::[lambda() (instance 4)]::operator ()() const::[lambda(long, long) (instance 1)]>>(at::TensorIteratorBase &, const T1 &)::[lambda(int) (instance 1)]>(int, T3)"
:stage.process:model.layers.0.mlp.down_proj,PushPop,3033121,3035516,1,513,1967907,3836.1,3648.0,3456,20992,800.0,"void at::native::elementwise_kernel<(int)128, (int)4, void at::native::gpu_kernel_impl_nocast<at::native::direct_copy_kernel_cuda(at::TensorIteratorBase &)::[lambda() (instance 3)]::operator ()() const::[lambda() (instance 1)]::operator ()() const::[lambda(unsigned char) (instance 1)]>(at::TensorIteratorBase &, const T1 &)::[lambda(int) (instance 1)]>(int, T3)"
:stage.process:model.layers.0.mlp.down_proj,PushPop,3033121,3035516,1,3,1897859,632619.7,910978.0,72832,914049,484792.8,"void at::native::index_elementwise_kernel<(int)128, (int)4, void at::native::gpu_index_kernel<void at::native::index_kernel_impl<at::native::OpaqueType<(int)8>>(at::TensorIteratorBase &, c10::ArrayRef<long>, c10::ArrayRef<long>)::[lambda(char *, const char *, long) (instance 1)]>(at::TensorIteratorBase &, c10::ArrayRef<long>, c10::ArrayRef<long>, const T1 &, bool)::[lambda(int) (instance 1)]>(long, T3)"
:stage.process:model.layers.0.mlp.down_proj,PushPop,3033121,3035516,1,1031,1816577,1762.0,1728.0,1696,13216,638.5,"void at::native::vectorized_elementwise_kernel<(int)4, at::native::BinaryFunctor<bool, bool, bool, at::native::BitwiseOrFunctor<bool>>, std::array<char *, (unsigned long)3>>(int, T2, T3)"
:stage.process:model.layers.0.mlp.down_proj,PushPop,3033121,3035516,1,491,1755041,3574.4,3392.0,2848,16224,1135.3,"void cublasLt::splitKreduce_kernel<(int)32, (int)16, int, float, float, float, float, (bool)0, float, float, float, (bool)1, (bool)0, (bool)0, (bool)0>(cublasLt::cublasSplitKParams<T6>, const T4 *, const T10 *, T9 *, T5 *, const T6 *, const T6 *, const T11 *, const T4 *, T11 *, void *, long, T6 *, int *, T6 *, T6 *, const T6 *, const T6 *, const T6 *, const T6 *, const T6 *)"
:stage.process:model.layers.0.mlp.down_proj,PushPop,3033121,3035516,1,3,1697857,565952.3,823520.0,47840,826497,448700.9,"void at::native::triu_tril_kernel<float, int, (bool)0, (int)2, (bool)1>(at::cuda::detail::TensorInfo<T1, T2>, at::cuda::detail::TensorInfo<const T1, T2>, long, long, T2)"
:stage.process:model.layers.0.mlp.down_proj,PushPop,3033121,3035516,1,516,1201568,2328.6,1792.0,1760,72448,6081.9,"void at::native::vectorized_elementwise_kernel<(int)4, at::native::BinaryFunctor<long, long, bool, at::native::<unnamed>::CompareEqFunctor<long>>, std::array<char *, (unsigned long)3>>(int, T2, T3)"
:stage.process:model.layers.0.mlp.down_proj,PushPop,3033121,3035516,1,641,1196002,1865.8,1792.0,1568,29728,1553.8,"void at::native::vectorized_elementwise_kernel<(int)2, at::native::FillFunctor<long>, std::array<char *, (unsigned long)1>>(int, T2, T3)"
:stage.process:model.layers.0.mlp.down_proj,PushPop,3033121,3035516,1,639,1152608,1803.8,1824.0,1568,2176,126.0,"void at::native::vectorized_elementwise_kernel<(int)2, at::native::CUDAFunctor_add<long>, std::array<char *, (unsigned long)3>>(int, T2, T3)"
:stage.process:model.layers.0.mlp.down_proj,PushPop,3033121,3035516,1,512,1113664,2175.1,2176.0,2144,2208,14.4,"void at::native::elementwise_kernel<(int)128, (int)2, void at::native::gpu_kernel_impl_nocast<at::native::BUnaryFunctor<long, long, long, at::native::rshift_kernel_cuda(at::TensorIteratorBase &)::[lambda() (instance 1)]::operator ()() const::[lambda() (instance 4)]::operator ()() const::[lambda(long, long) (instance 1)]>>(at::TensorIteratorBase &, const T1 &)::[lambda(int) (instance 1)]>(int, T3)"
:stage.process:model.layers.0.mlp.down_proj,PushPop,3033121,3035516,1,10,995169,99516.9,77280.0,3552,295424,105655.8,"void at::native::elementwise_kernel<(int)128, (int)2, void at::native::gpu_kernel_impl_nocast<at::native::BinaryFunctor<float, float, float, at::native::binary_internal::MulFunctor<float>>>(at::TensorIteratorBase &, const T1 &)::[lambda(int) (instance 1)]>(int, T3)"
:stage.process:model.layers.0.mlp.down_proj,PushPop,3033121,3035516,1,9,813504,90389.3,66784.0,1984,258592,99131.3,"void at::native::vectorized_elementwise_kernel<(int)4, at::native::BUnaryFunctor<float, float, float, at::native::binary_internal::MulFunctor<float>>, std::array<char *, (unsigned long)2>>(int, T2, T3)"
:stage.process:model.layers.0.mlp.down_proj,PushPop,3033121,3035516,1,9,775937,86215.2,86112.0,85632,87616,588.1,"void at::native::vectorized_elementwise_kernel<(int)4, at::native::BinaryFunctor<float, float, float, at::native::binary_internal::MulFunctor<float>>, std::array<char *, (unsigned long)3>>(int, T2, T3)"
:stage.process:model.layers.0.mlp.down_proj,PushPop,3033121,3035516,1,13,703840,54141.5,29632.0,1312,114176,50023.4,"void at::native::vectorized_elementwise_kernel<(int)4, at::native::FillFunctor<float>, std::array<char *, (unsigned long)1>>(int, T2, T3)"
:stage.process:model.layers.0.mlp.down_proj,PushPop,3033121,3035516,1,26,485088,18657.2,18528.0,15808,21280,1504.5,ampere_sgemm_128x32_nn
:stage.process:model.layers.0.mlp.down_proj,PushPop,3033121,3035516,1,10,436640,43664.0,46896.0,13824,47936,10493.5,"void at::native::reduce_kernel<(int)512, (int)1, at::native::ReduceOp<float, at::native::func_wrapper_t<float, at::native::sum_functor<float, float, float>::operator ()(at::TensorIterator &)::[lambda(float, float) (instance 1)]>, unsigned int, float, (int)4, (int)4>>(T3)"
:stage.process:model.layers.0.mlp.down_proj,PushPop,3033121,3035516,1,1,340160,340160.0,340160.0,340160,340160,0.0,"void at::native::<unnamed>::CatArrayBatchedCopy_alignedK_contig<at::native::<unnamed>::OpaqueType<(unsigned int)8>, unsigned int, (int)3, (int)128, (int)1, (int)16>(T1 *, at::native::<unnamed>::CatArrInputTensorMetadata<T1, T2, T4, T5>, at::native::<unnamed>::TensorSizeStride<T2, (unsigned int)4>, int, T2)"
:stage.process:model.layers.0.mlp.down_proj,PushPop,3033121,3035516,1,3,295104,98368.0,99008.0,95456,100640,2650.6,"void at::native::vectorized_elementwise_kernel<(int)2, at::native::BinaryFunctor<long, long, long, at::native::BitwiseXorFunctor<long>>, std::array<char *, (unsigned long)3>>(int, T2, T3)"
:stage.process:model.layers.0.mlp.down_proj,PushPop,3033121,3035516,1,6,269600,44933.3,1984.0,1536,251008,101030.0,"void at::native::vectorized_elementwise_kernel<(int)4, at::native::AUnaryFunctor<float, float, float, at::native::binary_internal::MulFunctor<float>>, std::array<char *, (unsigned long)2>>(int, T2, T3)"
:stage.process:model.layers.0.mlp.down_proj,PushPop,3033121,3035516,1,4,263072,65768.0,65200.0,62112,70560,3769.2,"void at::native::vectorized_elementwise_kernel<(int)2, at::native::BUnaryFunctor<long, long, long, at::native::rshift_kernel_cuda(at::TensorIteratorBase &)::[lambda() (instance 1)]::operator ()() const::[lambda() (instance 4)]::operator ()() const::[lambda(long, long) (instance 1)]>, std::array<char *, (unsigned long)2>>(int, T2, T3)"
:stage.process:model.layers.0.mlp.down_proj,PushPop,3033121,3035516,1,10,202880,20288.0,20304.0,20064,20544,130.6,"void at::native::<unnamed>::CatArrayBatchedCopy<at::native::<unnamed>::OpaqueType<(unsigned int)4>, unsigned int, (int)2, (int)64, (int)64>(T1 *, at::native::<unnamed>::CatArrInputTensorMetadata<T1, T2, T4, T5>, at::native::<unnamed>::TensorSizeStride<T2, (unsigned int)4>, int, T2)"
:stage.process:model.layers.0.mlp.down_proj,PushPop,3033121,3035516,1,2,201760,100880.0,100880.0,100640,101120,339.4,"void at::native::vectorized_elementwise_kernel<(int)2, at::native::BinaryFunctor<long, long, long, at::native::BitwiseOrFunctor<long>>, std::array<char *, (unsigned long)3>>(int, T2, T3)"
:stage.process:model.layers.0.mlp.down_proj,PushPop,3033121,3035516,1,16,171233,10702.1,10400.0,9120,12160,905.8,void cutlass::Kernel2<cutlass_80_simt_sgemm_128x32_8x5_nn_align1>(T1::Params)
:stage.process:model.layers.0.mlp.down_proj,PushPop,3033121,3035516,1,10,149696,14969.6,7200.0,3936,49568,14063.0,"void at::native::reduce_kernel<(int)512, (int)1, at::native::ReduceOp<float, at::native::MeanOps<float, float, float, float>, unsigned int, float, (int)4, (int)4>>(T3)"
:stage.process:model.layers.0.mlp.down_proj,PushPop,3033121,3035516,1,6,133472,22245.3,22192.0,16224,28512,6585.9,"void trsm_batch_left_upper_kernel_small<float, (int)16, (int)16, (int)64>(cublasTrsmBatchParams<T1>, const T1 *const *, T1 *const *, const T1 *, T1)"
:stage.process:model.layers.0.mlp.down_proj,PushPop,3033121,3035516,1,2,132288,66144.0,66144.0,64128,68160,2851.1,"void at::native::vectorized_elementwise_kernel<(int)2, at::native::BUnaryFunctor<long, long, long, at::native::lshift_kernel_cuda(at::TensorIteratorBase &)::[lambda() (instance 1)]::operator ()() const::[lambda() (instance 4)]::operator ()() const::[lambda(long, long) (instance 1)]>, std::array<char *, (unsigned long)2>>(int, T2, T3)"
:stage.process:model.layers.0.mlp.down_proj,PushPop,3033121,3035516,1,3,115232,38410.7,54560.0,5920,54752,28137.9,"void at::native::unrolled_elementwise_kernel<at::native::direct_copy_kernel_cuda(at::TensorIteratorBase &)::[lambda() (instance 3)]::operator ()() const::[lambda() (instance 3)]::operator ()() const::[lambda(int) (instance 1)], std::array<char *, (unsigned long)2>, (int)4, TrivialOffsetCalculator<(int)1, unsigned int>, TrivialOffsetCalculator<(int)1, unsigned int>, at::native::memory::LoadWithCast<(int)1>, at::native::memory::StoreWithCast<(int)1>>(int, T1, T2, T4, T5, T6, T7)"
:stage.process:model.layers.0.mlp.down_proj,PushPop,3033121,3035516,1,4,87264,21816.0,21712.0,21504,22336,362.4,"std::enable_if<!T7, void>::type internal::gemvx::kernel<int, int, float, float, float, float, (bool)0, (bool)1, (bool)1, (bool)0, (int)7, (bool)0, cublasGemvParamsEx<int, cublasGemvTensorStridedBatched<const float>, cublasGemvTensorStridedBatched<const float>, cublasGemvTensorStridedBatched<float>, float>>(T13)"
:stage.process:model.layers.0.mlp.down_proj,PushPop,3033121,3035516,1,5,77088,15417.6,1728.0,1632,70368,30718.2,"void at::native::vectorized_elementwise_kernel<(int)2, at::native::CUDAFunctorOnSelf_add<long>, std::array<char *, (unsigned long)2>>(int, T2, T3)"
:stage.process:model.layers.0.mlp.down_proj,PushPop,3033121,3035516,1,1,73344,73344.0,73344.0,73344,73344,0.0,"void at::native::elementwise_kernel<(int)128, (int)2, void at::native::gpu_kernel_impl_nocast<at::native::BinaryFunctor<float, float, float, at::native::binary_internal::DivFunctor<float>>>(at::TensorIteratorBase &, const T1 &)::[lambda(int) (instance 1)]>(int, T3)"
:stage.process:model.layers.0.mlp.down_proj,PushPop,3033121,3035516,1,1,62400,62400.0,62400.0,62400,62400,0.0,"void at::native::vectorized_elementwise_kernel<(int)4, void at::native::<unnamed>::pow_tensor_scalar_kernel_impl<float, float>(at::TensorIteratorBase &, T2)::[lambda(float) (instance 1)], std::array<char *, (unsigned long)2>>(int, T2, T3)"
:stage.process:model.layers.0.mlp.down_proj,PushPop,3033121,3035516,1,8,50496,6312.0,5392.0,3968,11584,2483.0,"void gemmSN_NN_kernel<float, (int)256, (int)4, (int)2, (int)8, (int)4, (int)4, (bool)0, cublasGemvTensorBatched<const float>, cublasGemvTensorBatched<const float>, cublasGemvTensorBatched<float>>(cublasGemmSmallNParams<T9, T10, T11, T1>)"
:stage.process:model.layers.0.mlp.down_proj,PushPop,3033121,3035516,1,1,49344,49344.0,49344.0,49344,49344,0.0,"void at::native::reduce_kernel<(int)128, (int)4, at::native::ReduceOp<long, at::native::func_wrapper_t<long, at::native::sum_functor<long, long, long>::operator ()(at::TensorIterator &)::[lambda(long, long) (instance 1)]>, unsigned int, long, (int)4, (int)4>>(T3)"
:stage.process:model.layers.0.mlp.down_proj,PushPop,3033121,3035516,1,1,48704,48704.0,48704.0,48704,48704,0.0,"void at::native::vectorized_elementwise_kernel<(int)4, at::native::float16_copy_kernel_cuda(at::TensorIteratorBase &)::[lambda(float) (instance 1)], std::array<char *, (unsigned long)2>>(int, T2, T3)"
:stage.process:model.layers.0.mlp.down_proj,PushPop,3033121,3035516,1,6,29152,4858.7,4960.0,3936,6112,820.2,"void at::native::elementwise_kernel<(int)128, (int)2, void at::native::gpu_kernel_impl_nocast<at::native::CUDAFunctorOnSelf_add<float>>(at::TensorIteratorBase &, const T1 &)::[lambda(int) (instance 1)]>(int, T3)"
:stage.process:model.layers.0.mlp.down_proj,PushPop,3033121,3035516,1,3,27840,9280.0,9984.0,7072,10784,1953.6,"void at::native::elementwise_kernel<(int)128, (int)2, void at::native::gpu_kernel_impl_nocast<at::native::direct_copy_kernel_cuda(at::TensorIteratorBase &)::[lambda() (instance 3)]::operator ()() const::[lambda() (instance 3)]::operator ()() const::[lambda(int) (instance 1)]>(at::TensorIteratorBase &, const T1 &)::[lambda(int) (instance 1)]>(int, T3)"
:stage.process:model.layers.0.mlp.down_proj,PushPop,3033121,3035516,1,4,14592,3648.0,3600.0,3456,3936,235.2,"void at::native::vectorized_elementwise_kernel<(int)2, at::native::BUnaryFunctor<long, long, long, at::native::remainder_kernel_cuda(at::TensorIteratorBase &)::[lambda() (instance 1)]::operator ()() const::[lambda() (instance 4)]::operator ()() const::[lambda(long, long) (instance 1)]>, std::array<char *, (unsigned long)2>>(int, T2, T3)"
:stage.process:model.layers.0.mlp.down_proj,PushPop,3033121,3035516,1,6,13664,2277.3,2240.0,2208,2400,86.9,"void at::native::vectorized_elementwise_kernel<(int)4, at::native::<unnamed>::CompareFunctor<float>, std::array<char *, (unsigned long)3>>(int, T2, T3)"
:stage.process:model.layers.0.mlp.down_proj,PushPop,3033121,3035516,1,3,12160,4053.3,4288.0,3520,4352,463.0,"void at::native::unrolled_elementwise_kernel<at::native::direct_copy_kernel_cuda(at::TensorIteratorBase &)::[lambda() (instance 3)]::operator ()() const::[lambda() (instance 1)]::operator ()() const::[lambda(unsigned char) (instance 1)], std::array<char *, (unsigned long)2>, (int)4, TrivialOffsetCalculator<(int)1, unsigned int>, TrivialOffsetCalculator<(int)1, unsigned int>, at::native::memory::LoadWithCast<(int)1>, at::native::memory::StoreWithCast<(int)1>>(int, T1, T2, T4, T5, T6, T7)"
:stage.process:model.layers.0.mlp.down_proj,PushPop,3033121,3035516,1,2,11072,5536.0,5536.0,5120,5952,588.3,"void at::native::<unnamed>::CatArrayBatchedCopy_vectorized<at::native::<unnamed>::OpaqueType<(unsigned int)2>, unsigned int, (int)1, (int)128, (int)1, (int)16, (int)8>(char *, at::native::<unnamed>::CatArrInputTensorMetadata<T1, T2, T4, T5>, at::native::<unnamed>::TensorSizeStride<T2, (unsigned int)4>, int, T2)"
:stage.process:model.layers.0.mlp.down_proj,PushPop,3033121,3035516,1,3,9408,3136.0,3168.0,3040,3200,84.7,"void at::native::vectorized_elementwise_kernel<(int)4, at::native::AUnaryFunctor<unsigned char, unsigned char, bool, at::native::<unnamed>::CompareEqFunctor<unsigned char>>, std::array<char *, (unsigned long)2>>(int, T2, T3)"
:stage.process:model.layers.0.mlp.down_proj,PushPop,3033121,3035516,1,1,9248,9248.0,9248.0,9248,9248,0.0,ampere_sgemm_32x32_sliced1x4_nn
:stage.process:model.layers.0.mlp.down_proj,PushPop,3033121,3035516,1,2,8320,4160.0,4160.0,3264,5056,1267.1,"void at::native::elementwise_kernel<(int)128, (int)2, void at::native::gpu_kernel_impl_nocast<at::native::AbsFunctor<float>>(at::TensorIteratorBase &, const T1 &)::[lambda(int) (instance 1)]>(int, T3)"
:stage.process:model.layers.0.mlp.down_proj,PushPop,3033121,3035516,1,1,8288,8288.0,8288.0,8288,8288,0.0,"void at::native::vectorized_elementwise_kernel<(int)4, at::native::AUnaryFunctor<unsigned char, unsigned char, unsigned char, at::native::binary_internal::MulFunctor<unsigned char>>, std::array<char *, (unsigned long)2>>(int, T2, T3)"
:stage.process:model.layers.0.mlp.down_proj,PushPop,3033121,3035516,1,2,7712,3856.0,3856.0,3840,3872,22.6,"void at::native::vectorized_elementwise_kernel<(int)2, at::native::BUnaryFunctor<long, long, long, at::native::binary_internal::div_floor_kernel_cuda(at::TensorIteratorBase &)::[lambda() (instance 1)]::operator ()() const::[lambda() (instance 4)]::operator ()() const::[lambda(long, long) (instance 1)]>, std::array<char *, (unsigned long)2>>(int, T2, T3)"
:stage.process:model.layers.0.mlp.down_proj,PushPop,3033121,3035516,1,3,6464,2154.7,2144.0,1984,2336,176.2,"void at::native::vectorized_elementwise_kernel<(int)4, at::native::FillFunctor<unsigned char>, std::array<char *, (unsigned long)1>>(int, T2, T3)"
:stage.process:model.layers.0.mlp.down_proj,PushPop,3033121,3035516,1,3,6304,2101.3,2048.0,1760,2496,370.9,"void at::native::vectorized_elementwise_kernel<(int)4, at::native::BinaryFunctor<float, float, float, at::native::maximum_kernel_cuda(at::TensorIteratorBase &)::[lambda() (instance 2)]::operator ()() const::[lambda() (instance 2)]::operator ()() const::[lambda(float, float) (instance 1)]>, std::array<char *, (unsigned long)3>>(int, T2, T3)"
:stage.process:model.layers.0.mlp.down_proj,PushPop,3033121,3035516,1,2,5856,2928.0,2928.0,2720,3136,294.2,"void at::native::<unnamed>::CatArrayBatchedCopy_alignedK_contig<at::native::<unnamed>::OpaqueType<(unsigned int)4>, unsigned int, (int)1, (int)128, (int)1, (int)16>(T1 *, at::native::<unnamed>::CatArrInputTensorMetadata<T1, T2, T4, T5>, at::native::<unnamed>::TensorSizeStride<T2, (unsigned int)4>, int, T2)"
:stage.process:model.layers.0.mlp.down_proj,PushPop,3033121,3035516,1,1,5344,5344.0,5344.0,5344,5344,0.0,"void at::native::reduce_kernel<(int)512, (int)1, at::native::ReduceOp<float, at::native::ArgMinOps<float>, unsigned int, long, (int)4, (int)4>>(T3)"
:stage.process:model.layers.0.mlp.down_proj,PushPop,3033121,3035516,1,3,5248,1749.3,1824.0,1568,1856,157.9,"xxtrf4_set_info_ker(int, int *)"
:stage.process:model.layers.0.mlp.down_proj,PushPop,3033121,3035516,1,2,5088,2544.0,2544.0,1984,3104,792.0,"void at::native::unrolled_elementwise_kernel<at::native::AUnaryFunctor<long, long, long, at::native::BitwiseAndFunctor<long>>, std::array<char *, (unsigned long)2>, (int)4, TrivialOffsetCalculator<(int)1, unsigned int>, TrivialOffsetCalculator<(int)1, unsigned int>, at::native::memory::LoadWithoutCast, at::native::memory::StoreWithoutCast>(int, T1, T2, T4, T5, T6, T7)"
:stage.process:model.layers.0.mlp.down_proj,PushPop,3033121,3035516,1,2,5056,2528.0,2528.0,2336,2720,271.5,"void at::native::vectorized_elementwise_kernel<(int)4, void at::native::compare_scalar_kernel<c10::Half>(at::TensorIteratorBase &, at::native::<unnamed>::OpType, T1)::[lambda(c10::Half) (instance 1)], std::array<char *, (unsigned long)2>>(int, T2, T3)"
:stage.process:model.layers.0.mlp.down_proj,PushPop,3033121,3035516,1,2,4864,2432.0,2432.0,2368,2496,90.5,"void at::native::vectorized_elementwise_kernel<(int)2, at::native::CUDAFunctorOnOther_add<long>, std::array<char *, (unsigned long)2>>(int, T2, T3)"
:stage.process:model.layers.0.mlp.down_proj,PushPop,3033121,3035516,1,2,4672,2336.0,2336.0,2336,2336,0.0,"void at::native::vectorized_elementwise_kernel<(int)4, at::native::FillFunctor<bool>, std::array<char *, (unsigned long)1>>(int, T2, T3)"
:stage.process:model.layers.0.mlp.down_proj,PushPop,3033121,3035516,1,1,3488,3488.0,3488.0,3488,3488,0.0,"void at::native::vectorized_elementwise_kernel<(int)4, at::native::BinaryFunctor<unsigned char, unsigned char, bool, at::native::<unnamed>::CompareEqFunctor<unsigned char>>, std::array<char *, (unsigned long)3>>(int, T2, T3)"
:stage.process:model.layers.0.mlp.down_proj,PushPop,3033121,3035516,1,1,3424,3424.0,3424.0,3424,3424,0.0,"void at::native::<unnamed>::CatArrayBatchedCopy_contig<at::native::<unnamed>::OpaqueType<(unsigned int)1>, unsigned int, (int)1, (int)128, (int)1>(T1 *, at::native::<unnamed>::CatArrInputTensorMetadata<T1, T2, T4, T5>, at::native::<unnamed>::TensorSizeStride<T2, (unsigned int)4>, int, T2)"
:stage.process:model.layers.0.mlp.down_proj,PushPop,3033121,3035516,1,1,2752,2752.0,2752.0,2752,2752,0.0,"void at::native::unrolled_elementwise_kernel<at::native::direct_copy_kernel_cuda(at::TensorIteratorBase &)::[lambda() (instance 3)]::operator ()() const::[lambda() (instance 11)]::operator ()() const::[lambda(bool) (instance 1)], std::array<char *, (unsigned long)2>, (int)4, TrivialOffsetCalculator<(int)1, unsigned int>, TrivialOffsetCalculator<(int)1, unsigned int>, at::native::memory::LoadWithCast<(int)1>, at::native::memory::StoreWithCast<(int)1>>(int, T1, T2, T4, T5, T6, T7)"
:stage.process:model.layers.0.mlp.down_proj,PushPop,3033121,3035516,1,1,2688,2688.0,2688.0,2688,2688,0.0,"void at::native::vectorized_elementwise_kernel<(int)4, at::native::sqrt_kernel_cuda(at::TensorIteratorBase &)::[lambda() (instance 2)]::operator ()() const::[lambda() (instance 2)]::operator ()() const::[lambda(float) (instance 1)], std::array<char *, (unsigned long)2>>(int, T2, T3)"
:stage.process:model.layers.0.mlp.down_proj,PushPop,3033121,3035516,1,1,2464,2464.0,2464.0,2464,2464,0.0,"void at::native::elementwise_kernel<(int)128, (int)2, void at::native::gpu_kernel_impl_nocast<at::native::<unnamed>::where_kernel_impl(at::TensorIterator &)::[lambda() (instance 1)]::operator ()() const::[lambda() (instance 3)]::operator ()() const::[lambda(bool, unsigned int, unsigned int) (instance 1)]>(at::TensorIteratorBase &, const T1 &)::[lambda(int) (instance 1)]>(int, T3)"
:stage.process:model.layers.0.mlp.down_proj,PushPop,3033121,3035516,1,1,2112,2112.0,2112.0,2112,2112,0.0,"void at::native::unrolled_elementwise_kernel<at::native::<unnamed>::CompareFunctor<c10::Half>, std::array<char *, (unsigned long)3>, (int)4, TrivialOffsetCalculator<(int)2, unsigned int>, TrivialOffsetCalculator<(int)1, unsigned int>, at::native::memory::LoadWithoutCast, at::native::memory::StoreWithoutCast>(int, T1, T2, T4, T5, T6, T7)"
:stage.process:model.layers.0.mlp.down_proj,PushPop,3033121,3035516,1,1,1920,1920.0,1920.0,1920,1920,0.0,"void at::native::vectorized_elementwise_kernel<(int)4, at::native::<unnamed>::launch_clamp_scalar(at::TensorIteratorBase &, c10::Scalar, c10::Scalar, at::native::detail::ClampLimits)::[lambda() (instance 1)]::operator ()() const::[lambda() (instance 7)]::operator ()() const::[lambda(float) (instance 1)], std::array<char *, (unsigned long)2>>(int, T2, T3)"
:stage.process:model.layers.0.mlp.gate_proj,PushPop,3033121,3035516,1,1482,6833882019,4611256.4,3334941.5,1047423,13312719,4002216.2,void <unnamed>::qvq_fused_w2_family_grid_kernel<(bool)0>(<unnamed>::FusedSequenceArgs)
:stage.process:model.layers.0.mlp.gate_proj,PushPop,3033121,3035516,1,1534,4687405348,3055674.9,2774333.0,1355518,7219763,1915221.2,"void <unnamed>::qvq_viterbi_kernel<(int)4, (int)2, __half, unsigned char>(const float *, const T3 *, const float *, const long *, const float *, T4 *, long *, float *, int, int, int, bool, bool, bool)"
:stage.process:model.layers.0.mlp.gate_proj,PushPop,3033121,3035516,1,1278,2630774114,2058508.7,1611022.0,21184,5812572,1501855.4,void cutlass::Kernel2<cutlass_80_simt_sgemm_grouped_128x128_8x4_align1>(T1::Params)
:stage.process:model.layers.0.mlp.gate_proj,PushPop,3033121,3035516,1,1278,659415382,515974.5,323392.0,5472,961919,334547.5,"void gemmSN_NN_kernel<float, (int)128, (int)2, (int)4, (int)8, (int)4, (int)4, (bool)0, cublasGemvTensorBatched<const float>, cublasGemvTensorBatched<const float>, cublasGemvTensorBatched<float>>(cublasGemmSmallNParams<T9, T10, T11, T1>)"
:stage.process:model.layers.0.mlp.gate_proj,PushPop,3033121,3035516,1,1276,212303604,166382.1,109088.0,9952,301824,100587.5,ampere_sgemm_128x128_nt
:stage.process:model.layers.0.mlp.gate_proj,PushPop,3033121,3035516,1,1482,151220823,102038.3,101632.0,71424,116992,7272.1,"<unnamed>::qvq_fused_w2_traceback_kernel(const unsigned char *, const unsigned char *, const int *, long *, unsigned char *, int)"
:stage.process:model.layers.0.mlp.gate_proj,PushPop,3033121,3035516,1,14,83870690,5990763.6,3357324.0,3233310,12679513,4388265.0,ampere_sgemm_128x64_nn
:stage.process:model.layers.0.mlp.gate_proj,PushPop,3033121,3035516,1,416,60953204,146522.1,145904.0,133568,276128,8537.5,"void <unnamed>::qvq_v2_segment_grid_kernel<(int)4, (int)2, (int)16, (bool)1, (bool)0, __half, unsigned char>(const float *, const T6 *, const float *, const long *, const float *, const float *, float *, T7 *, unsigned char *, int, int, int, bool, bool)"
:stage.process:model.layers.0.mlp.gate_proj,PushPop,3033121,3035516,1,3785,29566319,7811.4,3232.0,2143,648447,34732.1,"void at::native::elementwise_kernel<(int)128, (int)2, void at::native::gpu_kernel_impl_nocast<at::native::direct_copy_kernel_cuda(at::TensorIteratorBase &)::[lambda() (instance 3)]::operator ()() const::[lambda() (instance 7)]::operator ()() const::[lambda(float) (instance 1)]>(at::TensorIteratorBase &, const T1 &)::[lambda(int) (instance 1)]>(int, T3)"
:stage.process:model.layers.0.mlp.gate_proj,PushPop,3033121,3035516,1,2,25782309,12891154.5,12891154.5,12887697,12894612,4889.6,void cutlass::Kernel2<cutlass_80_simt_sgemm_128x64_8x5_nn_align1>(T1::Params)
:stage.process:model.layers.0.mlp.gate_proj,PushPop,3033121,3035516,1,3222,23287716,7227.7,7328.0,2592,102688,3597.7,"void at::native::reduce_kernel<(int)512, (int)1, at::native::ReduceOp<bool, at::native::func_wrapper_t<bool, at::native::and_kernel_cuda(at::TensorIterator &)::[lambda() (instance 1)]::operator ()() const::[lambda() (instance 12)]::operator ()() const::[lambda(bool, bool) (instance 1)]>, unsigned int, bool, (int)4, (int)4>>(T3)"
:stage.process:model.layers.0.mlp.gate_proj,PushPop,3033121,3035516,1,1482,19817012,13371.8,13408.0,9216,15936,1283.8,"<unnamed>::qvq_fused_detect_family_mask_kernel(const unsigned int *, int *)"
:stage.process:model.layers.0.mlp.gate_proj,PushPop,3033121,3035516,1,445,18438053,41433.8,5760.0,3264,664958,70714.2,"void at::native::elementwise_kernel<(int)128, (int)2, void at::native::gpu_kernel_impl_nocast<at::native::CUDAFunctor_add<float>>(at::TensorIteratorBase &, const T1 &)::[lambda(int) (instance 1)]>(int, T3)"
:stage.process:model.layers.0.mlp.gate_proj,PushPop,3033121,3035516,1,1663,16981738,10211.5,9280.0,5440,119936,3181.9,"void at::native::index_elementwise_kernel<(int)128, (int)4, void at::native::gpu_index_kernel<void at::native::index_kernel_impl<at::native::OpaqueType<(int)2>>(at::TensorIteratorBase &, c10::ArrayRef<long>, c10::ArrayRef<long>)::[lambda(char *, const char *, long) (instance 1)]>(at::TensorIteratorBase &, c10::ArrayRef<long>, c10::ArrayRef<long>, const T1 &, bool)::[lambda(int) (instance 1)]>(long, T3)"
:stage.process:model.layers.0.mlp.gate_proj,PushPop,3033121,3035516,1,2046,15909001,7775.7,7616.0,3712,14688,1068.0,"void at::native::reduce_kernel<(int)512, (int)1, at::native::ReduceOp<float, at::native::func_wrapper_t<float, at::native::MaxNanFunctor<float>>, unsigned int, float, (int)4, (int)4>>(T3)"
:stage.process:model.layers.0.mlp.gate_proj,PushPop,3033121,3035516,1,130,15632066,120246.7,120335.0,5216,231360,65817.5,"void gemmSN_NN_kernel<float, (int)128, (int)2, (int)4, (int)8, (int)4, (int)4, (bool)0, cublasGemvTensorStridedBatched<const float>, cublasGemvTensorStridedBatched<const float>, cublasGemvTensorStridedBatched<float>>(cublasGemmSmallNParams<T9, T10, T11, T1>)"
:stage.process:model.layers.0.mlp.gate_proj,PushPop,3033121,3035516,1,1917,13191512,6881.3,6816.0,4352,8640,434.8,"void at::native::index_elementwise_kernel<(int)128, (int)4, void at::native::gpu_index_kernel<void at::native::index_put_kernel_impl<at::native::OpaqueType<(int)4>>(at::TensorIterator &, c10::ArrayRef<long>, c10::ArrayRef<long>)::[lambda(char *, const char *, long) (instance 1)]>(at::TensorIteratorBase &, c10::ArrayRef<long>, c10::ArrayRef<long>, const T1 &, bool)::[lambda(int) (instance 1)]>(long, T3)"
:stage.process:model.layers.0.mlp.gate_proj,PushPop,3033121,3035516,1,4,12927161,3231790.3,3231774.5,3231262,3232350,491.4,ampere_sgemm_128x64_nt
:stage.process:model.layers.0.mlp.gate_proj,PushPop,3033121,3035516,1,1,12699994,12699994.0,12699994.0,12699994,12699994,0.0,ampere_sgemm_128x64_tn
:stage.process:model.layers.0.mlp.gate_proj,PushPop,3033121,3035516,1,4,11422185,2855546.3,1600284.5,926686,7294930,3026231.7,"void kernel<getrf_wo_pivot_params_<float, (int)0, (int)256, (int)1, (int)64, (int)64, (int)68, (int)8, (int)1, (int)1>>(int, int, void *, int, void *, int, int, int, int, int, int *)"
:stage.process:model.layers.0.mlp.gate_proj,PushPop,3033121,3035516,1,4122,10439859,2532.7,2240.0,1600,255424,7191.5,"void at::native::vectorized_elementwise_kernel<(int)4, at::native::AbsFunctor<float>, std::array<char *, (unsigned long)2>>(int, T2, T3)"
:stage.process:model.layers.0.mlp.gate_proj,PushPop,3033121,3035516,1,1278,9057111,7086.9,7008.0,4544,9408,311.7,"void at::native::index_elementwise_kernel<(int)128, (int)4, void at::native::gpu_index_kernel<void at::native::index_put_kernel_impl<at::native::OpaqueType<(int)8>>(at::TensorIterator &, c10::ArrayRef<long>, c10::ArrayRef<long>)::[lambda(char *, const char *, long) (instance 1)]>(at::TensorIteratorBase &, c10::ArrayRef<long>, c10::ArrayRef<long>, const T1 &, bool)::[lambda(int) (instance 1)]>(long, T3)"
:stage.process:model.layers.0.mlp.gate_proj,PushPop,3033121,3035516,1,2846,6678424,2346.6,2208.0,1728,97312,3287.7,"void at::native::vectorized_elementwise_kernel<(int)4, at::native::BinaryFunctor<bool, bool, bool, at::native::binary_internal::MulFunctor<bool>>, std::array<char *, (unsigned long)3>>(int, T2, T3)"
:stage.process:model.layers.0.mlp.gate_proj,PushPop,3033121,3035516,1,1543,6649563,4309.5,4160.0,2976,76896,2983.4,"void at::native::unrolled_elementwise_kernel<at::native::direct_copy_kernel_cuda(at::TensorIteratorBase &)::[lambda() (instance 3)]::operator ()() const::[lambda() (instance 7)]::operator ()() const::[lambda(float) (instance 1)], std::array<char *, (unsigned long)2>, (int)4, TrivialOffsetCalculator<(int)1, unsigned int>, TrivialOffsetCalculator<(int)1, unsigned int>, at::native::memory::LoadWithCast<(int)1>, at::native::memory::StoreWithCast<(int)1>>(int, T1, T2, T4, T5, T6, T7)"
:stage.process:model.layers.0.mlp.gate_proj,PushPop,3033121,3035516,1,2,6523129,3261564.5,3261564.5,3260828,3262301,1041.6,void cutlass::Kernel2<cutlass_80_simt_sgemm_128x32_8x5_nt_align1>(T1::Params)
:stage.process:model.layers.0.mlp.gate_proj,PushPop,3033121,3035516,1,762,6448407,8462.5,8224.0,7840,10336,681.6,"void batch_trsm_left_kernel<float, (int)64, (int)4, (int)3, (bool)0, (bool)0, (bool)1>(cublasTrsmBatchParams2<T1>, T1, const T1 *, int)"
:stage.process:model.layers.0.mlp.gate_proj,PushPop,3033121,3035516,1,770,6413591,8329.3,8352.0,7904,8704,165.3,"void at::native::reduce_kernel<(int)512, (int)1, at::native::ReduceOp<c10::Half, at::native::func_wrapper_t<c10::Half, at::native::MaxNanFunctor<c10::Half>>, unsigned int, c10::Half, (int)4, (int)4>>(T3)"
:stage.process:model.layers.0.mlp.gate_proj,PushPop,3033121,3035516,1,1663,5560507,3343.7,3359.0,2528,114144,2741.1,"void at::native::elementwise_kernel<(int)128, (int)2, void at::native::gpu_kernel_impl_nocast<at::native::direct_copy_kernel_cuda(at::TensorIteratorBase &)::[lambda() (instance 3)]::operator ()() const::[lambda() (instance 4)]::operator ()() const::[lambda(long) (instance 1)]>(at::TensorIteratorBase &, const T1 &)::[lambda(int) (instance 1)]>(int, T3)"
:stage.process:model.layers.0.mlp.gate_proj,PushPop,3033121,3035516,1,2077,5441625,2619.9,2240.0,1504,162720,6664.1,"void at::native::vectorized_elementwise_kernel<(int)4, at::native::BinaryFunctor<float, float, bool, at::native::<unnamed>::CompareEqFunctor<float>>, std::array<char *, (unsigned long)3>>(int, T2, T3)"
:stage.process:model.layers.0.mlp.gate_proj,PushPop,3033121,3035516,1,2076,5329465,2567.2,2240.0,1600,164064,6622.1,"void at::native::vectorized_elementwise_kernel<(int)4, at::native::AUnaryFunctor<float, float, bool, at::native::<unnamed>::CompareEqFunctor<float>>, std::array<char *, (unsigned long)2>>(int, T2, T3)"
:stage.process:model.layers.0.mlp.gate_proj,PushPop,3033121,3035516,1,2558,5251065,2052.8,2048.0,1600,8608,236.8,"void at::native::vectorized_elementwise_kernel<(int)4, at::native::BinaryFunctor<bool, bool, bool, at::native::logical_or_kernel_cuda(at::TensorIterator &)::[lambda() (instance 2)]::operator ()() const::[lambda() (instance 9)]::operator ()() const::[lambda(bool, bool) (instance 1)]>, std::array<char *, (unsigned long)3>>(int, T2, T3)"
:stage.process:model.layers.0.mlp.gate_proj,PushPop,3033121,3035516,1,639,5088376,7963.0,8064.0,5600,8736,450.6,"void at::native::index_elementwise_kernel<(int)128, (int)4, void at::native::gpu_index_kernel<void at::native::index_kernel_impl<at::native::OpaqueType<(int)4>>(at::TensorIteratorBase &, c10::ArrayRef<long>, c10::ArrayRef<long>)::[lambda(char *, const char *, long) (instance 1)]>(at::TensorIteratorBase &, c10::ArrayRef<long>, c10::ArrayRef<long>, const T1 &, bool)::[lambda(int) (instance 1)]>(long, T3)"
:stage.process:model.layers.0.mlp.gate_proj,PushPop,3033121,3035516,1,1532,5077403,3314.2,3360.0,2048,12192,468.0,"void at::native::elementwise_kernel<(int)128, (int)2, void at::native::gpu_kernel_impl_nocast<at::native::AUnaryFunctor<long, long, long, at::native::BitwiseAndFunctor<long>>>(at::TensorIteratorBase &, const T1 &)::[lambda(int) (instance 1)]>(int, T3)"
:stage.process:model.layers.0.mlp.gate_proj,PushPop,3033121,3035516,1,1586,4864958,3067.4,2624.0,2080,508128,12761.8,"<unnamed>::qvq_half2_codebook_norm_pack_kernel(const __half *, unsigned long *, int)"
:stage.process:model.layers.0.mlp.gate_proj,PushPop,3033121,3035516,1,55,4728982,85981.5,69760.0,17568,141440,45452.6,void cutlass::Kernel2<cutlass_80_simt_sgemm_128x32_8x5_nn_align1>(T1::Params)
:stage.process:model.layers.0.mlp.gate_proj,PushPop,3033121,3035516,1,1278,4565210,3572.2,3456.0,2272,5504,549.7,"<unnamed>::qvq_yaqa_feedback_epilogue_kernel(const float *, const float *, const float *, const float *, const float *, float *, int, int, int, int, int)"
:stage.process:model.layers.0.mlp.gate_proj,PushPop,3033121,3035516,1,1534,4453110,2902.9,2672.0,2208,10400,638.3,"void at::native::roll_cuda_kernel<float>(const T1 *, T1 *, long, long, long, long, long, long)"
:stage.process:model.layers.0.mlp.gate_proj,PushPop,3033121,3035516,1,52,4334266,83351.3,82880.0,71520,113632,7627.1,"void <unnamed>::qvq_v2_segment_grid_finalize_kernel<(int)4, (int)2, (int)16, (bool)0, __half, unsigned char>(const float *, const T5 *, const float *, const long *, const float *, const float *, const T6 *, const unsigned char *, long *, unsigned char *, float *, int, int, bool, bool)"
:stage.process:model.layers.0.mlp.gate_proj,PushPop,3033121,3035516,1,639,4196285,6567.0,6688.0,3328,7328,535.6,"void at::native::index_elementwise_kernel<(int)128, (int)4, void at::native::gpu_index_kernel<void at::native::index_put_kernel_impl<at::native::OpaqueType<(int)1>>(at::TensorIterator &, c10::ArrayRef<long>, c10::ArrayRef<long>)::[lambda(char *, const char *, long) (instance 1)]>(at::TensorIteratorBase &, c10::ArrayRef<long>, c10::ArrayRef<long>, const T1 &, bool)::[lambda(int) (instance 1)]>(long, T3)"
:stage.process:model.layers.0.mlp.gate_proj,PushPop,3033121,3035516,1,2826,3812890,1349.2,1376.0,1247,2208,65.7,"void <unnamed>::elementwise_kernel_with_index<int, at::native::arange_cuda_out(const c10::Scalar &, const c10::Scalar &, const c10::Scalar &, at::Tensor &)::[lambda() (instance 1)]::operator ()() const::[lambda() (instance 4)]::operator ()() const::[lambda(long) (instance 1)]>(T1, T2, function_traits<T2>::result_type *)"
:stage.process:model.layers.0.mlp.gate_proj,PushPop,3033121,3035516,1,1280,3742715,2924.0,2944.0,1824,3296,219.1,"void at::native::elementwise_kernel<(int)128, (int)2, void at::native::gpu_kernel_impl_nocast<at::native::CUDAFunctor_add<long>>(at::TensorIteratorBase &, const T1 &)::[lambda(int) (instance 1)]>(int, T3)"
:stage.process:model.layers.0.mlp.gate_proj,PushPop,3033121,3035516,1,789,3655837,4633.5,2208.0,1952,194367,15278.2,"void at::native::vectorized_elementwise_kernel<(int)4, at::native::CUDAFunctor_add<float>, std::array<char *, (unsigned long)3>>(int, T2, T3)"
:stage.process:model.layers.0.mlp.gate_proj,PushPop,3033121,3035516,1,1,3428346,3428346.0,3428346.0,3428346,3428346,0.0,ampere_sgemm_128x64_lower_nt
:stage.process:model.layers.0.mlp.gate_proj,PushPop,3033121,3035516,1,1540,3379771,2194.7,2144.0,1728,4544,155.4,"void at::native::vectorized_elementwise_kernel<(int)4, at::native::AbsFunctor<c10::Half>, std::array<char *, (unsigned long)2>>(int, T2, T3)"
:stage.process:model.layers.0.mlp.gate_proj,PushPop,3033121,3035516,1,1792,3244574,1810.6,1792.0,1536,6943,231.7,"void at::native::vectorized_elementwise_kernel<(int)4, void at::native::compare_scalar_kernel<float>(at::TensorIteratorBase &, at::native::<unnamed>::OpType, T1)::[lambda(float) (instance 1)], std::array<char *, (unsigned long)2>>(int, T2, T3)"
:stage.process:model.layers.0.mlp.gate_proj,PushPop,3033121,3035516,1,1923,3236415,1683.0,1632.0,1504,63584,1414.2,"void at::native::vectorized_elementwise_kernel<(int)2, at::native::AUnaryFunctor<long, long, long, at::native::binary_internal::MulFunctor<long>>, std::array<char *, (unsigned long)2>>(int, T2, T3)"
:stage.process:model.layers.0.mlp.gate_proj,PushPop,3033121,3035516,1,770,3106995,4035.1,4032.0,3999,8416,206.5,ampere_sgemm_32x128_nt
:stage.process:model.layers.0.mlp.gate_proj,PushPop,3033121,3035516,1,1278,2769275,2166.9,2144.0,1472,3040,139.2,"<unnamed>::qvq_yaqa_grouped_pointers_kernel(const float *, const float *, float *, float **, float **, float **, int, int, int, int, int, int)"
:stage.process:model.layers.0.mlp.gate_proj,PushPop,3033121,3035516,1,775,2761758,3563.6,3392.0,1824,53280,2828.9,"void at::native::unrolled_elementwise_kernel<at::native::direct_copy_kernel_cuda(at::TensorIteratorBase &)::[lambda() (instance 3)]::operator ()() const::[lambda() (instance 4)]::operator ()() const::[lambda(long) (instance 1)], std::array<char *, (unsigned long)2>, (int)4, TrivialOffsetCalculator<(int)1, unsigned int>, TrivialOffsetCalculator<(int)1, unsigned int>, at::native::memory::LoadWithCast<(int)1>, at::native::memory::StoreWithCast<(int)1>>(int, T1, T2, T4, T5, T6, T7)"
:stage.process:model.layers.0.mlp.gate_proj,PushPop,3033121,3035516,1,1278,2702204,2114.4,2112.0,1632,29216,786.2,"void at::native::vectorized_elementwise_kernel<(int)4, at::native::bitwise_not_kernel_cuda(at::TensorIteratorBase &)::[lambda(bool) (instance 1)], std::array<char *, (unsigned long)2>>(int, T2, T3)"
:stage.process:model.layers.0.mlp.gate_proj,PushPop,3033121,3035516,1,3,2605215,868405.0,1298272.0,8640,1298303,744578.3,"void at::native::reduce_kernel<(int)512, (int)1, at::native::ReduceOp<long, at::native::func_wrapper_t<long, at::native::sum_functor<long, long, long>::operator ()(at::TensorIterator &)::[lambda(long, long) (instance 1)]>, unsigned int, long, (int)4, (int)4>>(T3)"
:stage.process:model.layers.0.mlp.gate_proj,PushPop,3033121,3035516,1,11,2485695,225972.3,65824.0,5632,1037951,399609.5,"void at::native::vectorized_elementwise_kernel<(int)2, at::native::AUnaryFunctor<long, long, long, at::native::BitwiseAndFunctor<long>>, std::array<char *, (unsigned long)2>>(int, T2, T3)"
:stage.process:model.layers.0.mlp.gate_proj,PushPop,3033121,3035516,1,1278,2476028,1937.4,1952.0,1472,2368,93.9,"<unnamed>::qvq_yaqa_update_grouped_pointers_kernel(float *, float *, const float *, const float *, const float *, float **, float **, float **, int, int, int, int, int, int)"
:stage.process:model.layers.0.mlp.gate_proj,PushPop,3033121,3035516,1,1482,2425215,1636.4,1568.0,1312,2336,193.1,"void at::native::vectorized_elementwise_kernel<(int)4, at::native::FillFunctor<int>, std::array<char *, (unsigned long)1>>(int, T2, T3)"
:stage.process:model.layers.0.mlp.gate_proj,PushPop,3033121,3035516,1,4,2173599,543399.8,559488.0,4896,1049727,584657.5,"void at::native::elementwise_kernel<(int)128, (int)2, void at::native::gpu_kernel_impl_nocast<at::native::BinaryFunctor<long, long, long, at::native::lshift_kernel_cuda(at::TensorIteratorBase &)::[lambda() (instance 1)]::operator ()() const::[lambda() (instance 4)]::operator ()() const::[lambda(long, long) (instance 1)]>>(at::TensorIteratorBase &, const T1 &)::[lambda(int) (instance 1)]>(int, T3)"
:stage.process:model.layers.0.mlp.gate_proj,PushPop,3033121,3035516,1,4,2166143,541535.8,541199.5,41056,1042688,577886.0,"void at::native::elementwise_kernel<(int)128, (int)2, void at::native::gpu_kernel_impl_nocast<at::native::BinaryFunctor<long, long, long, at::native::rshift_kernel_cuda(at::TensorIteratorBase &)::[lambda() (instance 1)]::operator ()() const::[lambda() (instance 4)]::operator ()() const::[lambda(long, long) (instance 1)]>>(at::TensorIteratorBase &, const T1 &)::[lambda(int) (instance 1)]>(int, T3)"
:stage.process:model.layers.0.mlp.gate_proj,PushPop,3033121,3035516,1,3,1877151,625717.0,900351.0,72736,904064,478899.2,"void at::native::index_elementwise_kernel<(int)128, (int)4, void at::native::gpu_index_kernel<void at::native::index_kernel_impl<at::native::OpaqueType<(int)8>>(at::TensorIteratorBase &, c10::ArrayRef<long>, c10::ArrayRef<long>)::[lambda(char *, const char *, long) (instance 1)]>(at::TensorIteratorBase &, c10::ArrayRef<long>, c10::ArrayRef<long>, const T1 &, bool)::[lambda(int) (instance 1)]>(long, T3)"
:stage.process:model.layers.0.mlp.gate_proj,PushPop,3033121,3035516,1,770,1747197,2269.1,2240.0,1664,2368,42.6,"void at::native::vectorized_elementwise_kernel<(int)4, at::native::BinaryFunctor<c10::Half, c10::Half, bool, at::native::<unnamed>::CompareEqFunctor<c10::Half>>, std::array<char *, (unsigned long)3>>(int, T2, T3)"
:stage.process:model.layers.0.mlp.gate_proj,PushPop,3033121,3035516,1,782,1746556,2233.4,1824.0,1696,45472,3931.1,"void at::native::vectorized_elementwise_kernel<(int)4, void at::native::compare_scalar_kernel<long>(at::TensorIteratorBase &, at::native::<unnamed>::OpType, T1)::[lambda(long) (instance 1)], std::array<char *, (unsigned long)2>>(int, T2, T3)"
:stage.process:model.layers.0.mlp.gate_proj,PushPop,3033121,3035516,1,770,1732892,2250.5,2240.0,1664,2368,40.0,"void at::native::vectorized_elementwise_kernel<(int)4, at::native::AUnaryFunctor<c10::Half, c10::Half, bool, at::native::<unnamed>::CompareEqFunctor<c10::Half>>, std::array<char *, (unsigned long)2>>(int, T2, T3)"
:stage.process:model.layers.0.mlp.gate_proj,PushPop,3033121,3035516,1,10,1606462,160646.2,79984.0,3584,662655,204955.4,"void at::native::elementwise_kernel<(int)128, (int)2, void at::native::gpu_kernel_impl_nocast<at::native::BinaryFunctor<float, float, float, at::native::binary_internal::MulFunctor<float>>>(at::TensorIteratorBase &, const T1 &)::[lambda(int) (instance 1)]>(int, T3)"
:stage.process:model.layers.0.mlp.gate_proj,PushPop,3033121,3035516,1,512,1388317,2711.6,2656.0,2560,2944,117.6,"void at::native::unrolled_elementwise_kernel<at::native::BinaryFunctor<float, float, float, at::native::maximum_kernel_cuda(at::TensorIteratorBase &)::[lambda() (instance 2)]::operator ()() const::[lambda() (instance 2)]::operator ()() const::[lambda(float, float) (instance 1)]>, std::array<char *, (unsigned long)3>, (int)4, TrivialOffsetCalculator<(int)2, unsigned int>, TrivialOffsetCalculator<(int)1, unsigned int>, at::native::memory::LoadWithCast<(int)2>, at::native::memory::StoreWithCast<(int)1>>(int, T1, T2, T4, T5, T6, T7)"
:stage.process:model.layers.0.mlp.gate_proj,PushPop,3033121,3035516,1,45,1385471,30788.2,32832.0,6688,55296,15817.2,"void gemmSN_NN_kernel<float, (int)256, (int)4, (int)2, (int)8, (int)4, (int)4, (bool)0, cublasGemvTensorStridedBatched<const float>, cublasGemvTensorStridedBatched<const float>, cublasGemvTensorStridedBatched<float>>(cublasGemmSmallNParams<T9, T10, T11, T1>)"
:stage.process:model.layers.0.mlp.gate_proj,PushPop,3033121,3035516,1,4,1283167,320791.8,320815.5,319200,322336,1335.5,"std::enable_if<!T7, void>::type internal::gemvx::kernel<int, int, float, float, float, float, (bool)0, (bool)1, (bool)1, (bool)0, (int)7, (bool)0, cublasGemvParamsEx<int, cublasGemvTensorStridedBatched<const float>, cublasGemvTensorStridedBatched<const float>, cublasGemvTensorStridedBatched<float>, float>>(T13)"
:stage.process:model.layers.0.mlp.gate_proj,PushPop,3033121,3035516,1,641,1198400,1869.6,1792.0,1600,29984,1579.0,"void at::native::vectorized_elementwise_kernel<(int)2, at::native::FillFunctor<long>, std::array<char *, (unsigned long)1>>(int, T2, T3)"
:stage.process:model.layers.0.mlp.gate_proj,PushPop,3033121,3035516,1,256,1155646,4514.2,4480.0,4032,5024,391.5,"void at::native::elementwise_kernel<(int)128, (int)4, void at::native::gpu_kernel_impl_nocast<at::native::direct_copy_kernel_cuda(at::TensorIteratorBase &)::[lambda() (instance 3)]::operator ()() const::[lambda() (instance 10)]::operator ()() const::[lambda(c10::Half) (instance 1)]>(at::TensorIteratorBase &, const T1 &)::[lambda(int) (instance 1)]>(int, T3)"
:stage.process:model.layers.0.mlp.gate_proj,PushPop,3033121,3035516,1,639,1148992,1798.1,1792.0,1568,2176,129.7,"void at::native::vectorized_elementwise_kernel<(int)2, at::native::CUDAFunctor_add<long>, std::array<char *, (unsigned long)3>>(int, T2, T3)"
:stage.process:model.layers.0.mlp.gate_proj,PushPop,3033121,3035516,1,26,1148861,44187.0,45200.0,35392,50944,4706.0,ampere_sgemm_128x32_nn
:stage.process:model.layers.0.mlp.gate_proj,PushPop,3033121,3035516,1,264,966333,3660.4,3424.0,3104,15392,1513.2,"void at::native::reduce_kernel<(int)512, (int)1, at::native::ReduceOp<bool, at::native::func_wrapper_t<bool, at::native::or_kernel_cuda(at::TensorIterator &)::[lambda() (instance 1)]::operator ()() const::[lambda() (instance 12)]::operator ()() const::[lambda(bool, bool) (instance 1)]>, unsigned int, bool, (int)4, (int)4>>(T3)"
:stage.process:model.layers.0.mlp.gate_proj,PushPop,3033121,3035516,1,3,921759,307253.0,47456.0,47040,827263,450341.9,"void at::native::triu_tril_kernel<float, int, (bool)0, (int)2, (bool)1>(at::cuda::detail::TensorInfo<T1, T2>, at::cuda::detail::TensorInfo<const T1, T2>, long, long, T2)"
:stage.process:model.layers.0.mlp.gate_proj,PushPop,3033121,3035516,1,9,810048,90005.3,66688.0,1984,258272,99072.1,"void at::native::vectorized_elementwise_kernel<(int)4, at::native::BUnaryFunctor<float, float, float, at::native::binary_internal::MulFunctor<float>>, std::array<char *, (unsigned long)2>>(int, T2, T3)"
:stage.process:model.layers.0.mlp.gate_proj,PushPop,3033121,3035516,1,9,782112,86901.3,86624.0,86368,88992,814.1,"void at::native::vectorized_elementwise_kernel<(int)4, at::native::BinaryFunctor<float, float, float, at::native::binary_internal::MulFunctor<float>>, std::array<char *, (unsigned long)3>>(int, T2, T3)"
:stage.process:model.layers.0.mlp.gate_proj,PushPop,3033121,3035516,1,128,758206,5923.5,5920.0,5568,6368,137.7,"void at::native::unrolled_elementwise_kernel<at::native::CUDAFunctor_add<float>, std::array<char *, (unsigned long)3>, (int)4, TrivialOffsetCalculator<(int)2, unsigned int>, TrivialOffsetCalculator<(int)1, unsigned int>, at::native::memory::LoadWithCast<(int)2>, at::native::memory::StoreWithCast<(int)1>>(int, T1, T2, T4, T5, T6, T7)"
:stage.process:model.layers.0.mlp.gate_proj,PushPop,3033121,3035516,1,10,579648,57964.8,47216.0,46144,155424,34246.6,"void at::native::reduce_kernel<(int)512, (int)1, at::native::ReduceOp<float, at::native::func_wrapper_t<float, at::native::sum_functor<float, float, float>::operator ()(at::TensorIterator &)::[lambda(float, float) (instance 1)]>, unsigned int, float, (int)4, (int)4>>(T3)"
:stage.process:model.layers.0.mlp.gate_proj,PushPop,3033121,3035516,1,129,548960,4255.5,4128.0,4000,20736,1463.2,"void at::native::elementwise_kernel<(int)128, (int)4, void at::native::gpu_kernel_impl_nocast<at::native::direct_copy_kernel_cuda(at::TensorIteratorBase &)::[lambda() (instance 3)]::operator ()() const::[lambda() (instance 1)]::operator ()() const::[lambda(unsigned char) (instance 1)]>(at::TensorIteratorBase &, const T1 &)::[lambda(int) (instance 1)]>(int, T3)"
:stage.process:model.layers.0.mlp.gate_proj,PushPop,3033121,3035516,1,263,538430,2047.3,1888.0,1855,12896,1222.2,"void at::native::vectorized_elementwise_kernel<(int)4, at::native::BinaryFunctor<bool, bool, bool, at::native::BitwiseOrFunctor<bool>>, std::array<char *, (unsigned long)3>>(int, T2, T3)"
:stage.process:model.layers.0.mlp.gate_proj,PushPop,3033121,3035516,1,132,509632,3860.8,1824.0,1760,71648,11623.3,"void at::native::vectorized_elementwise_kernel<(int)4, at::native::BinaryFunctor<long, long, bool, at::native::<unnamed>::CompareEqFunctor<long>>, std::array<char *, (unsigned long)3>>(int, T2, T3)"
:stage.process:model.layers.0.mlp.gate_proj,PushPop,3033121,3035516,1,13,489823,37678.7,8896.0,1344,112895,44318.1,"void at::native::vectorized_elementwise_kernel<(int)4, at::native::FillFunctor<float>, std::array<char *, (unsigned long)1>>(int, T2, T3)"
:stage.process:model.layers.0.mlp.gate_proj,PushPop,3033121,3035516,1,128,414271,3236.5,3232.0,3200,3296,16.9,"void at::native::elementwise_kernel<(int)128, (int)2, void at::native::gpu_kernel_impl_nocast<at::native::BUnaryFunctor<long, long, long, at::native::rshift_kernel_cuda(at::TensorIteratorBase &)::[lambda() (instance 1)]::operator ()() const::[lambda() (instance 4)]::operator ()() const::[lambda(long, long) (instance 1)]>>(at::TensorIteratorBase &, const T1 &)::[lambda(int) (instance 1)]>(int, T3)"
:stage.process:model.layers.0.mlp.gate_proj,PushPop,3033121,3035516,1,1,339776,339776.0,339776.0,339776,339776,0.0,"void at::native::<unnamed>::CatArrayBatchedCopy_alignedK_contig<at::native::<unnamed>::OpaqueType<(unsigned int)8>, unsigned int, (int)3, (int)128, (int)1, (int)16>(T1 *, at::native::<unnamed>::CatArrInputTensorMetadata<T1, T2, T4, T5>, at::native::<unnamed>::TensorSizeStride<T2, (unsigned int)4>, int, T2)"
:stage.process:model.layers.0.mlp.gate_proj,PushPop,3033121,3035516,1,58,324447,5593.9,5248.0,3424,16384,3016.0,"void cublasLt::splitKreduce_kernel<(int)32, (int)16, int, float, float, float, float, (bool)0, float, float, float, (bool)1, (bool)0, (bool)0, (bool)0>(cublasLt::cublasSplitKParams<T6>, const T4 *, const T10 *, T9 *, T5 *, const T6 *, const T6 *, const T11 *, const T4 *, T11 *, void *, long, T6 *, int *, T6 *, T6 *, const T6 *, const T6 *, const T6 *, const T6 *, const T6 *)"
:stage.process:model.layers.0.mlp.gate_proj,PushPop,3033121,3035516,1,3,295040,98346.7,99744.0,95168,100128,2759.5,"void at::native::vectorized_elementwise_kernel<(int)2, at::native::BinaryFunctor<long, long, long, at::native::BitwiseXorFunctor<long>>, std::array<char *, (unsigned long)3>>(int, T2, T3)"
:stage.process:model.layers.0.mlp.gate_proj,PushPop,3033121,3035516,1,6,269216,44869.3,1936.0,1568,250848,100980.6,"void at::native::vectorized_elementwise_kernel<(int)4, at::native::AUnaryFunctor<float, float, float, at::native::binary_internal::MulFunctor<float>>, std::array<char *, (unsigned long)2>>(int, T2, T3)"
:stage.process:model.layers.0.mlp.gate_proj,PushPop,3033121,3035516,1,4,261728,65432.0,65120.0,59744,71744,5206.1,"void at::native::vectorized_elementwise_kernel<(int)2, at::native::BUnaryFunctor<long, long, long, at::native::rshift_kernel_cuda(at::TensorIteratorBase &)::[lambda() (instance 1)]::operator ()() const::[lambda() (instance 4)]::operator ()() const::[lambda(long, long) (instance 1)]>, std::array<char *, (unsigned long)2>>(int, T2, T3)"
:stage.process:model.layers.0.mlp.gate_proj,PushPop,3033121,3035516,1,10,202240,20224.0,20208.0,20032,20448,124.4,"void at::native::<unnamed>::CatArrayBatchedCopy<at::native::<unnamed>::OpaqueType<(unsigned int)4>, unsigned int, (int)2, (int)64, (int)64>(T1 *, at::native::<unnamed>::CatArrInputTensorMetadata<T1, T2, T4, T5>, at::native::<unnamed>::TensorSizeStride<T2, (unsigned int)4>, int, T2)"
:stage.process:model.layers.0.mlp.gate_proj,PushPop,3033121,3035516,1,2,201472,100736.0,100736.0,100416,101056,452.5,"void at::native::vectorized_elementwise_kernel<(int)2, at::native::BinaryFunctor<long, long, long, at::native::BitwiseOrFunctor<long>>, std::array<char *, (unsigned long)3>>(int, T2, T3)"
:stage.process:model.layers.0.mlp.gate_proj,PushPop,3033121,3035516,1,10,147007,14700.7,7088.0,3808,49535,14006.3,"void at::native::reduce_kernel<(int)512, (int)1, at::native::ReduceOp<float, at::native::MeanOps<float, float, float, float>, unsigned int, float, (int)4, (int)4>>(T3)"
:stage.process:model.layers.0.mlp.gate_proj,PushPop,3033121,3035516,1,6,132896,22149.3,22080.0,16256,28288,6457.2,"void trsm_batch_left_upper_kernel_small<float, (int)16, (int)16, (int)64>(cublasTrsmBatchParams<T1>, const T1 *const *, T1 *const *, const T1 *, T1)"
:stage.process:model.layers.0.mlp.gate_proj,PushPop,3033121,3035516,1,2,131967,65983.5,65983.5,64255,67712,2444.5,"void at::native::vectorized_elementwise_kernel<(int)2, at::native::BUnaryFunctor<long, long, long, at::native::lshift_kernel_cuda(at::TensorIteratorBase &)::[lambda() (instance 1)]::operator ()() const::[lambda() (instance 4)]::operator ()() const::[lambda(long, long) (instance 1)]>, std::array<char *, (unsigned long)2>>(int, T2, T3)"
:stage.process:model.layers.0.mlp.gate_proj,PushPop,3033121,3035516,1,3,114272,38090.7,54048.0,5600,54624,28139.2,"void at::native::unrolled_elementwise_kernel<at::native::direct_copy_kernel_cuda(at::TensorIteratorBase &)::[lambda() (instance 3)]::operator ()() const::[lambda() (instance 3)]::operator ()() const::[lambda(int) (instance 1)], std::array<char *, (unsigned long)2>, (int)4, TrivialOffsetCalculator<(int)1, unsigned int>, TrivialOffsetCalculator<(int)1, unsigned int>, at::native::memory::LoadWithCast<(int)1>, at::native::memory::StoreWithCast<(int)1>>(int, T1, T2, T4, T5, T6, T7)"
:stage.process:model.layers.0.mlp.gate_proj,PushPop,3033121,3035516,1,5,75968,15193.6,1696.0,1600,69344,30271.0,"void at::native::vectorized_elementwise_kernel<(int)2, at::native::CUDAFunctorOnSelf_add<long>, std::array<char *, (unsigned long)2>>(int, T2, T3)"
:stage.process:model.layers.0.mlp.gate_proj,PushPop,3033121,3035516,1,1,73568,73568.0,73568.0,73568,73568,0.0,"void at::native::elementwise_kernel<(int)128, (int)2, void at::native::gpu_kernel_impl_nocast<at::native::BinaryFunctor<float, float, float, at::native::binary_internal::DivFunctor<float>>>(at::TensorIteratorBase &, const T1 &)::[lambda(int) (instance 1)]>(int, T3)"
:stage.process:model.layers.0.mlp.gate_proj,PushPop,3033121,3035516,1,1,60064,60064.0,60064.0,60064,60064,0.0,"void at::native::vectorized_elementwise_kernel<(int)4, void at::native::<unnamed>::pow_tensor_scalar_kernel_impl<float, float>(at::TensorIteratorBase &, T2)::[lambda(float) (instance 1)], std::array<char *, (unsigned long)2>>(int, T2, T3)"
:stage.process:model.layers.0.mlp.gate_proj,PushPop,3033121,3035516,1,1,51104,51104.0,51104.0,51104,51104,0.0,"void at::native::reduce_kernel<(int)128, (int)4, at::native::ReduceOp<long, at::native::func_wrapper_t<long, at::native::sum_functor<long, long, long>::operator ()(at::TensorIterator &)::[lambda(long, long) (instance 1)]>, unsigned int, long, (int)4, (int)4>>(T3)"
:stage.process:model.layers.0.mlp.gate_proj,PushPop,3033121,3035516,1,1,45088,45088.0,45088.0,45088,45088,0.0,"void at::native::vectorized_elementwise_kernel<(int)4, at::native::float16_copy_kernel_cuda(at::TensorIteratorBase &)::[lambda(float) (instance 1)], std::array<char *, (unsigned long)2>>(int, T2, T3)"
:stage.process:model.layers.0.mlp.gate_proj,PushPop,3033121,3035516,1,3,28224,9408.0,10208.0,7168,10848,1966.1,"void at::native::elementwise_kernel<(int)128, (int)2, void at::native::gpu_kernel_impl_nocast<at::native::direct_copy_kernel_cuda(at::TensorIteratorBase &)::[lambda() (instance 3)]::operator ()() const::[lambda() (instance 3)]::operator ()() const::[lambda(int) (instance 1)]>(at::TensorIteratorBase &, const T1 &)::[lambda(int) (instance 1)]>(int, T3)"
:stage.process:model.layers.0.mlp.gate_proj,PushPop,3033121,3035516,1,6,26304,4384.0,4656.0,3328,5280,832.0,"void at::native::elementwise_kernel<(int)128, (int)2, void at::native::gpu_kernel_impl_nocast<at::native::CUDAFunctorOnSelf_add<float>>(at::TensorIteratorBase &, const T1 &)::[lambda(int) (instance 1)]>(int, T3)"
:stage.process:model.layers.0.mlp.gate_proj,PushPop,3033121,3035516,1,4,14688,3672.0,3616.0,3488,3968,231.3,"void at::native::vectorized_elementwise_kernel<(int)2, at::native::BUnaryFunctor<long, long, long, at::native::remainder_kernel_cuda(at::TensorIteratorBase &)::[lambda() (instance 1)]::operator ()() const::[lambda() (instance 4)]::operator ()() const::[lambda(long, long) (instance 1)]>, std::array<char *, (unsigned long)2>>(int, T2, T3)"
:stage.process:model.layers.0.mlp.gate_proj,PushPop,3033121,3035516,1,6,13920,2320.0,2272.0,2240,2464,89.9,"void at::native::vectorized_elementwise_kernel<(int)4, at::native::<unnamed>::CompareFunctor<float>, std::array<char *, (unsigned long)3>>(int, T2, T3)"
:stage.process:model.layers.0.mlp.gate_proj,PushPop,3033121,3035516,1,3,12064,4021.3,4256.0,3520,4288,434.5,"void at::native::unrolled_elementwise_kernel<at::native::direct_copy_kernel_cuda(at::TensorIteratorBase &)::[lambda() (instance 3)]::operator ()() const::[lambda() (instance 1)]::operator ()() const::[lambda(unsigned char) (instance 1)], std::array<char *, (unsigned long)2>, (int)4, TrivialOffsetCalculator<(int)1, unsigned int>, TrivialOffsetCalculator<(int)1, unsigned int>, at::native::memory::LoadWithCast<(int)1>, at::native::memory::StoreWithCast<(int)1>>(int, T1, T2, T4, T5, T6, T7)"
:stage.process:model.layers.0.mlp.gate_proj,PushPop,3033121,3035516,1,2,11040,5520.0,5520.0,5024,6016,701.4,"void at::native::<unnamed>::CatArrayBatchedCopy_vectorized<at::native::<unnamed>::OpaqueType<(unsigned int)2>, unsigned int, (int)1, (int)128, (int)1, (int)16, (int)8>(char *, at::native::<unnamed>::CatArrInputTensorMetadata<T1, T2, T4, T5>, at::native::<unnamed>::TensorSizeStride<T2, (unsigned int)4>, int, T2)"
:stage.process:model.layers.0.mlp.gate_proj,PushPop,3033121,3035516,1,3,9440,3146.7,3104.0,3104,3232,73.9,"void at::native::vectorized_elementwise_kernel<(int)4, at::native::AUnaryFunctor<unsigned char, unsigned char, bool, at::native::<unnamed>::CompareEqFunctor<unsigned char>>, std::array<char *, (unsigned long)2>>(int, T2, T3)"
:stage.process:model.layers.0.mlp.gate_proj,PushPop,3033121,3035516,1,1,8192,8192.0,8192.0,8192,8192,0.0,"void at::native::vectorized_elementwise_kernel<(int)4, at::native::AUnaryFunctor<unsigned char, unsigned char, unsigned char, at::native::binary_internal::MulFunctor<unsigned char>>, std::array<char *, (unsigned long)2>>(int, T2, T3)"
:stage.process:model.layers.0.mlp.gate_proj,PushPop,3033121,3035516,1,2,8128,4064.0,4064.0,3328,4800,1040.9,"void at::native::elementwise_kernel<(int)128, (int)2, void at::native::gpu_kernel_impl_nocast<at::native::AbsFunctor<float>>(at::TensorIteratorBase &, const T1 &)::[lambda(int) (instance 1)]>(int, T3)"
:stage.process:model.layers.0.mlp.gate_proj,PushPop,3033121,3035516,1,2,7616,3808.0,3808.0,3808,3808,0.0,"void at::native::vectorized_elementwise_kernel<(int)2, at::native::BUnaryFunctor<long, long, long, at::native::binary_internal::div_floor_kernel_cuda(at::TensorIteratorBase &)::[lambda() (instance 1)]::operator ()() const::[lambda() (instance 4)]::operator ()() const::[lambda(long, long) (instance 1)]>, std::array<char *, (unsigned long)2>>(int, T2, T3)"
:stage.process:model.layers.0.mlp.gate_proj,PushPop,3033121,3035516,1,3,7104,2368.0,2176.0,2112,2816,389.3,"void at::native::vectorized_elementwise_kernel<(int)4, at::native::FillFunctor<unsigned char>, std::array<char *, (unsigned long)1>>(int, T2, T3)"
:stage.process:model.layers.0.mlp.gate_proj,PushPop,3033121,3035516,1,3,6080,2026.7,1984.0,1760,2336,290.4,"void at::native::vectorized_elementwise_kernel<(int)4, at::native::BinaryFunctor<float, float, float, at::native::maximum_kernel_cuda(at::TensorIteratorBase &)::[lambda() (instance 2)]::operator ()() const::[lambda() (instance 2)]::operator ()() const::[lambda(float, float) (instance 1)]>, std::array<char *, (unsigned long)3>>(int, T2, T3)"
:stage.process:model.layers.0.mlp.gate_proj,PushPop,3033121,3035516,1,2,5696,2848.0,2848.0,2720,2976,181.0,"void at::native::<unnamed>::CatArrayBatchedCopy_alignedK_contig<at::native::<unnamed>::OpaqueType<(unsigned int)4>, unsigned int, (int)1, (int)128, (int)1, (int)16>(T1 *, at::native::<unnamed>::CatArrInputTensorMetadata<T1, T2, T4, T5>, at::native::<unnamed>::TensorSizeStride<T2, (unsigned int)4>, int, T2)"
:stage.process:model.layers.0.mlp.gate_proj,PushPop,3033121,3035516,1,3,5216,1738.7,1568.0,1568,2080,295.6,"xxtrf4_set_info_ker(int, int *)"
:stage.process:model.layers.0.mlp.gate_proj,PushPop,3033121,3035516,1,2,4960,2480.0,2480.0,1984,2976,701.4,"void at::native::unrolled_elementwise_kernel<at::native::AUnaryFunctor<long, long, long, at::native::BitwiseAndFunctor<long>>, std::array<char *, (unsigned long)2>, (int)4, TrivialOffsetCalculator<(int)1, unsigned int>, TrivialOffsetCalculator<(int)1, unsigned int>, at::native::memory::LoadWithoutCast, at::native::memory::StoreWithoutCast>(int, T1, T2, T4, T5, T6, T7)"
:stage.process:model.layers.0.mlp.gate_proj,PushPop,3033121,3035516,1,2,4736,2368.0,2368.0,2368,2368,0.0,"void at::native::vectorized_elementwise_kernel<(int)2, at::native::CUDAFunctorOnOther_add<long>, std::array<char *, (unsigned long)2>>(int, T2, T3)"
:stage.process:model.layers.0.mlp.gate_proj,PushPop,3033121,3035516,1,2,4704,2352.0,2352.0,2304,2400,67.9,"void at::native::vectorized_elementwise_kernel<(int)4, at::native::FillFunctor<bool>, std::array<char *, (unsigned long)1>>(int, T2, T3)"
:stage.process:model.layers.0.mlp.gate_proj,PushPop,3033121,3035516,1,2,4448,2224.0,2224.0,2112,2336,158.4,"void at::native::vectorized_elementwise_kernel<(int)4, void at::native::compare_scalar_kernel<c10::Half>(at::TensorIteratorBase &, at::native::<unnamed>::OpType, T1)::[lambda(c10::Half) (instance 1)], std::array<char *, (unsigned long)2>>(int, T2, T3)"
:stage.process:model.layers.0.mlp.gate_proj,PushPop,3033121,3035516,1,1,3904,3904.0,3904.0,3904,3904,0.0,"void at::native::reduce_kernel<(int)512, (int)1, at::native::ReduceOp<float, at::native::ArgMinOps<float>, unsigned int, long, (int)4, (int)4>>(T3)"
:stage.process:model.layers.0.mlp.gate_proj,PushPop,3033121,3035516,1,1,3616,3616.0,3616.0,3616,3616,0.0,"void at::native::vectorized_elementwise_kernel<(int)4, at::native::BinaryFunctor<unsigned char, unsigned char, bool, at::native::<unnamed>::CompareEqFunctor<unsigned char>>, std::array<char *, (unsigned long)3>>(int, T2, T3)"
:stage.process:model.layers.0.mlp.gate_proj,PushPop,3033121,3035516,1,1,3456,3456.0,3456.0,3456,3456,0.0,"void at::native::<unnamed>::CatArrayBatchedCopy_contig<at::native::<unnamed>::OpaqueType<(unsigned int)1>, unsigned int, (int)1, (int)128, (int)1>(T1 *, at::native::<unnamed>::CatArrInputTensorMetadata<T1, T2, T4, T5>, at::native::<unnamed>::TensorSizeStride<T2, (unsigned int)4>, int, T2)"
:stage.process:model.layers.0.mlp.gate_proj,PushPop,3033121,3035516,1,1,2688,2688.0,2688.0,2688,2688,0.0,"void at::native::vectorized_elementwise_kernel<(int)4, at::native::sqrt_kernel_cuda(at::TensorIteratorBase &)::[lambda() (instance 2)]::operator ()() const::[lambda() (instance 2)]::operator ()() const::[lambda(float) (instance 1)], std::array<char *, (unsigned long)2>>(int, T2, T3)"
:stage.process:model.layers.0.mlp.gate_proj,PushPop,3033121,3035516,1,1,2400,2400.0,2400.0,2400,2400,0.0,"void at::native::unrolled_elementwise_kernel<at::native::direct_copy_kernel_cuda(at::TensorIteratorBase &)::[lambda() (instance 3)]::operator ()() const::[lambda() (instance 11)]::operator ()() const::[lambda(bool) (instance 1)], std::array<char *, (unsigned long)2>, (int)4, TrivialOffsetCalculator<(int)1, unsigned int>, TrivialOffsetCalculator<(int)1, unsigned int>, at::native::memory::LoadWithCast<(int)1>, at::native::memory::StoreWithCast<(int)1>>(int, T1, T2, T4, T5, T6, T7)"
:stage.process:model.layers.0.mlp.gate_proj,PushPop,3033121,3035516,1,1,2368,2368.0,2368.0,2368,2368,0.0,"void at::native::elementwise_kernel<(int)128, (int)2, void at::native::gpu_kernel_impl_nocast<at::native::<unnamed>::where_kernel_impl(at::TensorIterator &)::[lambda() (instance 1)]::operator ()() const::[lambda() (instance 3)]::operator ()() const::[lambda(bool, unsigned int, unsigned int) (instance 1)]>(at::TensorIteratorBase &, const T1 &)::[lambda(int) (instance 1)]>(int, T3)"
:stage.process:model.layers.0.mlp.gate_proj,PushPop,3033121,3035516,1,1,2016,2016.0,2016.0,2016,2016,0.0,"void at::native::vectorized_elementwise_kernel<(int)4, at::native::<unnamed>::launch_clamp_scalar(at::TensorIteratorBase &, c10::Scalar, c10::Scalar, at::native::detail::ClampLimits)::[lambda() (instance 1)]::operator ()() const::[lambda() (instance 7)]::operator ()() const::[lambda(float) (instance 1)], std::array<char *, (unsigned long)2>>(int, T2, T3)"
:stage.process:model.layers.0.mlp.gate_proj,PushPop,3033121,3035516,1,1,1984,1984.0,1984.0,1984,1984,0.0,"void at::native::unrolled_elementwise_kernel<at::native::<unnamed>::CompareFunctor<c10::Half>, std::array<char *, (unsigned long)3>, (int)4, TrivialOffsetCalculator<(int)2, unsigned int>, TrivialOffsetCalculator<(int)1, unsigned int>, at::native::memory::LoadWithoutCast, at::native::memory::StoreWithoutCast>(int, T1, T2, T4, T5, T6, T7)"
:stage.process:model.layers.0.mlp.up_proj,PushPop,3033121,3035516,1,1482,6854528082,4625187.6,3331329.0,1048288,13454079,4037668.5,void <unnamed>::qvq_fused_w2_family_grid_kernel<(bool)0>(<unnamed>::FusedSequenceArgs)
:stage.process:model.layers.0.mlp.up_proj,PushPop,3033121,3035516,1,1534,4693355365,3059553.7,2776193.0,1364064,7319742,1918851.4,"void <unnamed>::qvq_viterbi_kernel<(int)4, (int)2, __half, unsigned char>(const float *, const T3 *, const float *, const long *, const float *, T4 *, long *, float *, int, int, int, bool, bool, bool)"
:stage.process:model.layers.0.mlp.up_proj,PushPop,3033121,3035516,1,1278,2630829434,2058552.0,1609424.0,21792,5813283,1501779.5,void cutlass::Kernel2<cutlass_80_simt_sgemm_grouped_128x128_8x4_align1>(T1::Params)
:stage.process:model.layers.0.mlp.up_proj,PushPop,3033121,3035516,1,1278,659299855,515884.1,323296.0,5600,962688,334598.0,"void gemmSN_NN_kernel<float, (int)128, (int)2, (int)4, (int)8, (int)4, (int)4, (bool)0, cublasGemvTensorBatched<const float>, cublasGemvTensorBatched<const float>, cublasGemvTensorBatched<float>>(cublasGemmSmallNParams<T9, T10, T11, T1>)"
:stage.process:model.layers.0.mlp.up_proj,PushPop,3033121,3035516,1,1276,212278688,166362.6,109120.0,9984,301664,100552.5,ampere_sgemm_128x128_nt
:stage.process:model.layers.0.mlp.up_proj,PushPop,3033121,3035516,1,1482,151432127,102180.9,101696.0,71808,117184,7359.0,"<unnamed>::qvq_fused_w2_traceback_kernel(const unsigned char *, const unsigned char *, const int *, long *, unsigned char *, int)"
:stage.process:model.layers.0.mlp.up_proj,PushPop,3033121,3035516,1,14,83949404,5996386.0,3355424.0,3234465,12677830,4384722.8,ampere_sgemm_128x64_nn
:stage.process:model.layers.0.mlp.up_proj,PushPop,3033121,3035516,1,416,61044277,146741.1,145664.0,133184,275104,10336.3,"void <unnamed>::qvq_v2_segment_grid_kernel<(int)4, (int)2, (int)16, (bool)1, (bool)0, __half, unsigned char>(const float *, const T6 *, const float *, const long *, const float *, const float *, float *, T7 *, unsigned char *, int, int, int, bool, bool)"
:stage.process:model.layers.0.mlp.up_proj,PushPop,3033121,3035516,1,3785,29637912,7830.4,3232.0,2143,683936,35017.0,"void at::native::elementwise_kernel<(int)128, (int)2, void at::native::gpu_kernel_impl_nocast<at::native::direct_copy_kernel_cuda(at::TensorIteratorBase &)::[lambda() (instance 3)]::operator ()() const::[lambda() (instance 7)]::operator ()() const::[lambda(float) (instance 1)]>(at::TensorIteratorBase &, const T1 &)::[lambda(int) (instance 1)]>(int, T3)"
:stage.process:model.layers.0.mlp.up_proj,PushPop,3033121,3035516,1,2,26110052,13055026.0,13055026.0,12895683,13214369,225345.0,void cutlass::Kernel2<cutlass_80_simt_sgemm_128x64_8x5_nn_align1>(T1::Params)
:stage.process:model.layers.0.mlp.up_proj,PushPop,3033121,3035516,1,3222,23591482,7322.0,7616.0,2592,90976,3275.8,"void at::native::reduce_kernel<(int)512, (int)1, at::native::ReduceOp<bool, at::native::func_wrapper_t<bool, at::native::and_kernel_cuda(at::TensorIterator &)::[lambda() (instance 1)]::operator ()() const::[lambda() (instance 12)]::operator ()() const::[lambda(bool, bool) (instance 1)]>, unsigned int, bool, (int)4, (int)4>>(T3)"
:stage.process:model.layers.0.mlp.up_proj,PushPop,3033121,3035516,1,1482,19822338,13375.4,13440.0,9184,15936,1333.8,"<unnamed>::qvq_fused_detect_family_mask_kernel(const unsigned int *, int *)"
:stage.process:model.layers.0.mlp.up_proj,PushPop,3033121,3035516,1,445,18472155,41510.5,5760.0,3296,665280,70764.9,"void at::native::elementwise_kernel<(int)128, (int)2, void at::native::gpu_kernel_impl_nocast<at::native::CUDAFunctor_add<float>>(at::TensorIteratorBase &, const T1 &)::[lambda(int) (instance 1)]>(int, T3)"
:stage.process:model.layers.0.mlp.up_proj,PushPop,3033121,3035516,1,1663,17017344,10232.9,9312.0,5792,120416,3196.9,"void at::native::index_elementwise_kernel<(int)128, (int)4, void at::native::gpu_index_kernel<void at::native::index_kernel_impl<at::native::OpaqueType<(int)2>>(at::TensorIteratorBase &, c10::ArrayRef<long>, c10::ArrayRef<long>)::[lambda(char *, const char *, long) (instance 1)]>(at::TensorIteratorBase &, c10::ArrayRef<long>, c10::ArrayRef<long>, const T1 &, bool)::[lambda(int) (instance 1)]>(long, T3)"
:stage.process:model.layers.0.mlp.up_proj,PushPop,3033121,3035516,1,2046,16113604,7875.7,7904.0,3904,9472,1043.9,"void at::native::reduce_kernel<(int)512, (int)1, at::native::ReduceOp<float, at::native::func_wrapper_t<float, at::native::MaxNanFunctor<float>>, unsigned int, float, (int)4, (int)4>>(T3)"
:stage.process:model.layers.0.mlp.up_proj,PushPop,3033121,3035516,1,130,15695745,120736.5,120480.0,5312,231200,65989.9,"void gemmSN_NN_kernel<float, (int)128, (int)2, (int)4, (int)8, (int)4, (int)4, (bool)0, cublasGemvTensorStridedBatched<const float>, cublasGemvTensorStridedBatched<const float>, cublasGemvTensorStridedBatched<float>>(cublasGemmSmallNParams<T9, T10, T11, T1>)"
:stage.process:model.layers.0.mlp.up_proj,PushPop,3033121,3035516,1,1917,13174052,6872.2,6816.0,4384,7776,404.8,"void at::native::index_elementwise_kernel<(int)128, (int)4, void at::native::gpu_index_kernel<void at::native::index_put_kernel_impl<at::native::OpaqueType<(int)4>>(at::TensorIterator &, c10::ArrayRef<long>, c10::ArrayRef<long>)::[lambda(char *, const char *, long) (instance 1)]>(at::TensorIteratorBase &, c10::ArrayRef<long>, c10::ArrayRef<long>, const T1 &, bool)::[lambda(int) (instance 1)]>(long, T3)"
:stage.process:model.layers.0.mlp.up_proj,PushPop,3033121,3035516,1,4,12928646,3232161.5,3232273.5,3231554,3232545,448.3,ampere_sgemm_128x64_nt
:stage.process:model.layers.0.mlp.up_proj,PushPop,3033121,3035516,1,1,12700454,12700454.0,12700454.0,12700454,12700454,0.0,ampere_sgemm_128x64_tn
:stage.process:model.layers.0.mlp.up_proj,PushPop,3033121,3035516,1,4,11402074,2850518.5,1594927.5,926367,7285852,3023297.9,"void kernel<getrf_wo_pivot_params_<float, (int)0, (int)256, (int)1, (int)64, (int)64, (int)68, (int)8, (int)1, (int)1>>(int, int, void *, int, void *, int, int, int, int, int, int *)"
:stage.process:model.layers.0.mlp.up_proj,PushPop,3033121,3035516,1,4122,10458338,2537.2,2272.0,1472,254432,7196.6,"void at::native::vectorized_elementwise_kernel<(int)4, at::native::AbsFunctor<float>, std::array<char *, (unsigned long)2>>(int, T2, T3)"
:stage.process:model.layers.0.mlp.up_proj,PushPop,3033121,3035516,1,1278,9066432,7094.2,7040.0,4992,9920,308.2,"void at::native::index_elementwise_kernel<(int)128, (int)4, void at::native::gpu_index_kernel<void at::native::index_put_kernel_impl<at::native::OpaqueType<(int)8>>(at::TensorIterator &, c10::ArrayRef<long>, c10::ArrayRef<long>)::[lambda(char *, const char *, long) (instance 1)]>(at::TensorIteratorBase &, c10::ArrayRef<long>, c10::ArrayRef<long>, const T1 &, bool)::[lambda(int) (instance 1)]>(long, T3)"
:stage.process:model.layers.0.mlp.up_proj,PushPop,3033121,3035516,1,2,6688257,3344128.5,3344128.5,3320545,3367712,33352.1,void cutlass::Kernel2<cutlass_80_simt_sgemm_128x32_8x5_nt_align1>(T1::Params)
:stage.process:model.layers.0.mlp.up_proj,PushPop,3033121,3035516,1,2846,6684575,2348.8,2208.0,1664,99008,3281.9,"void at::native::vectorized_elementwise_kernel<(int)4, at::native::BinaryFunctor<bool, bool, bool, at::native::binary_internal::MulFunctor<bool>>, std::array<char *, (unsigned long)3>>(int, T2, T3)"
:stage.process:model.layers.0.mlp.up_proj,PushPop,3033121,3035516,1,1543,6650974,4310.4,4160.0,3072,76992,2982.2,"void at::native::unrolled_elementwise_kernel<at::native::direct_copy_kernel_cuda(at::TensorIteratorBase &)::[lambda() (instance 3)]::operator ()() const::[lambda() (instance 7)]::operator ()() const::[lambda(float) (instance 1)], std::array<char *, (unsigned long)2>, (int)4, TrivialOffsetCalculator<(int)1, unsigned int>, TrivialOffsetCalculator<(int)1, unsigned int>, at::native::memory::LoadWithCast<(int)1>, at::native::memory::StoreWithCast<(int)1>>(int, T1, T2, T4, T5, T6, T7)"
:stage.process:model.layers.0.mlp.up_proj,PushPop,3033121,3035516,1,762,6448092,8462.1,8224.0,7808,10400,691.4,"void batch_trsm_left_kernel<float, (int)64, (int)4, (int)3, (bool)0, (bool)0, (bool)1>(cublasTrsmBatchParams2<T1>, T1, const T1 *, int)"
:stage.process:model.layers.0.mlp.up_proj,PushPop,3033121,3035516,1,770,6339422,8233.0,8224.0,7648,8992,203.5,"void at::native::reduce_kernel<(int)512, (int)1, at::native::ReduceOp<c10::Half, at::native::func_wrapper_t<c10::Half, at::native::MaxNanFunctor<c10::Half>>, unsigned int, c10::Half, (int)4, (int)4>>(T3)"
:stage.process:model.layers.0.mlp.up_proj,PushPop,3033121,3035516,1,1663,5567589,3347.9,3360.0,2464,112929,2711.7,"void at::native::elementwise_kernel<(int)128, (int)2, void at::native::gpu_kernel_impl_nocast<at::native::direct_copy_kernel_cuda(at::TensorIteratorBase &)::[lambda() (instance 3)]::operator ()() const::[lambda() (instance 4)]::operator ()() const::[lambda(long) (instance 1)]>(at::TensorIteratorBase &, const T1 &)::[lambda(int) (instance 1)]>(int, T3)"
:stage.process:model.layers.0.mlp.up_proj,PushPop,3033121,3035516,1,2077,5458111,2627.9,2272.0,1472,162528,6651.5,"void at::native::vectorized_elementwise_kernel<(int)4, at::native::BinaryFunctor<float, float, bool, at::native::<unnamed>::CompareEqFunctor<float>>, std::array<char *, (unsigned long)3>>(int, T2, T3)"
:stage.process:model.layers.0.mlp.up_proj,PushPop,3033121,3035516,1,2076,5362464,2583.1,2240.0,1504,165408,6645.1,"void at::native::vectorized_elementwise_kernel<(int)4, at::native::AUnaryFunctor<float, float, bool, at::native::<unnamed>::CompareEqFunctor<float>>, std::array<char *, (unsigned long)2>>(int, T2, T3)"
:stage.process:model.layers.0.mlp.up_proj,PushPop,3033121,3035516,1,2558,5245472,2050.6,2048.0,1600,3200,170.5,"void at::native::vectorized_elementwise_kernel<(int)4, at::native::BinaryFunctor<bool, bool, bool, at::native::logical_or_kernel_cuda(at::TensorIterator &)::[lambda() (instance 2)]::operator ()() const::[lambda() (instance 9)]::operator ()() const::[lambda(bool, bool) (instance 1)]>, std::array<char *, (unsigned long)3>>(int, T2, T3)"
:stage.process:model.layers.0.mlp.up_proj,PushPop,3033121,3035516,1,1532,5098176,3327.8,3360.0,2048,14688,503.4,"void at::native::elementwise_kernel<(int)128, (int)2, void at::native::gpu_kernel_impl_nocast<at::native::AUnaryFunctor<long, long, long, at::native::BitwiseAndFunctor<long>>>(at::TensorIteratorBase &, const T1 &)::[lambda(int) (instance 1)]>(int, T3)"
:stage.process:model.layers.0.mlp.up_proj,PushPop,3033121,3035516,1,639,5087746,7962.0,8064.0,5472,8672,436.1,"void at::native::index_elementwise_kernel<(int)128, (int)4, void at::native::gpu_index_kernel<void at::native::index_kernel_impl<at::native::OpaqueType<(int)4>>(at::TensorIteratorBase &, c10::ArrayRef<long>, c10::ArrayRef<long>)::[lambda(char *, const char *, long) (instance 1)]>(at::TensorIteratorBase &, c10::ArrayRef<long>, c10::ArrayRef<long>, const T1 &, bool)::[lambda(int) (instance 1)]>(long, T3)"
:stage.process:model.layers.0.mlp.up_proj,PushPop,3033121,3035516,1,1586,4809313,3032.4,2624.0,2112,497825,12454.3,"<unnamed>::qvq_half2_codebook_norm_pack_kernel(const __half *, unsigned long *, int)"
:stage.process:model.layers.0.mlp.up_proj,PushPop,3033121,3035516,1,55,4786397,87025.4,69408.0,17920,138496,46083.6,void cutlass::Kernel2<cutlass_80_simt_sgemm_128x32_8x5_nn_align1>(T1::Params)
:stage.process:model.layers.0.mlp.up_proj,PushPop,3033121,3035516,1,1278,4767457,3730.4,3424.0,2240,208288,5753.1,"<unnamed>::qvq_yaqa_feedback_epilogue_kernel(const float *, const float *, const float *, const float *, const float *, float *, int, int, int, int, int)"
:stage.process:model.layers.0.mlp.up_proj,PushPop,3033121,3035516,1,1534,4460897,2908.0,2672.0,2144,10432,650.8,"void at::native::roll_cuda_kernel<float>(const T1 *, T1 *, long, long, long, long, long, long)"
:stage.process:model.layers.0.mlp.up_proj,PushPop,3033121,3035516,1,52,4342048,83500.9,82096.0,72384,119104,8781.2,"void <unnamed>::qvq_v2_segment_grid_finalize_kernel<(int)4, (int)2, (int)16, (bool)0, __half, unsigned char>(const float *, const T5 *, const float *, const long *, const float *, const float *, const T6 *, const unsigned char *, long *, unsigned char *, float *, int, int, bool, bool)"
:stage.process:model.layers.0.mlp.up_proj,PushPop,3033121,3035516,1,639,4198112,6569.8,6720.0,3360,7200,540.8,"void at::native::index_elementwise_kernel<(int)128, (int)4, void at::native::gpu_index_kernel<void at::native::index_put_kernel_impl<at::native::OpaqueType<(int)1>>(at::TensorIterator &, c10::ArrayRef<long>, c10::ArrayRef<long>)::[lambda(char *, const char *, long) (instance 1)]>(at::TensorIteratorBase &, c10::ArrayRef<long>, c10::ArrayRef<long>, const T1 &, bool)::[lambda(int) (instance 1)]>(long, T3)"
:stage.process:model.layers.0.mlp.up_proj,PushPop,3033121,3035516,1,789,3654592,4631.9,2208.0,1920,193088,15256.4,"void at::native::vectorized_elementwise_kernel<(int)4, at::native::CUDAFunctor_add<float>, std::array<char *, (unsigned long)3>>(int, T2, T3)"
:stage.process:model.layers.0.mlp.up_proj,PushPop,3033121,3035516,1,1,3422911,3422911.0,3422911.0,3422911,3422911,0.0,ampere_sgemm_128x64_lower_nt
:stage.process:model.layers.0.mlp.up_proj,PushPop,3033121,3035516,1,1540,3395966,2205.2,2144.0,1856,4160,149.5,"void at::native::vectorized_elementwise_kernel<(int)4, at::native::AbsFunctor<c10::Half>, std::array<char *, (unsigned long)2>>(int, T2, T3)"
:stage.process:model.layers.0.mlp.up_proj,PushPop,3033121,3035516,1,1792,3243327,1809.9,1792.0,1536,3360,198.8,"void at::native::vectorized_elementwise_kernel<(int)4, void at::native::compare_scalar_kernel<float>(at::TensorIteratorBase &, at::native::<unnamed>::OpType, T1)::[lambda(float) (instance 1)], std::array<char *, (unsigned long)2>>(int, T2, T3)"
:stage.process:model.layers.0.mlp.up_proj,PushPop,3033121,3035516,1,770,3100574,4026.7,4032.0,3968,8096,197.4,ampere_sgemm_32x128_nt
:stage.process:model.layers.0.mlp.up_proj,PushPop,3033121,3035516,1,1278,2771937,2169.0,2144.0,1440,4736,158.8,"<unnamed>::qvq_yaqa_grouped_pointers_kernel(const float *, const float *, float *, float **, float **, float **, int, int, int, int, int, int)"
:stage.process:model.layers.0.mlp.up_proj,PushPop,3033121,3035516,1,775,2763264,3565.5,3392.0,1888,52032,2783.0,"void at::native::unrolled_elementwise_kernel<at::native::direct_copy_kernel_cuda(at::TensorIteratorBase &)::[lambda() (instance 3)]::operator ()() const::[lambda() (instance 4)]::operator ()() const::[lambda(long) (instance 1)], std::array<char *, (unsigned long)2>, (int)4, TrivialOffsetCalculator<(int)1, unsigned int>, TrivialOffsetCalculator<(int)1, unsigned int>, at::native::memory::LoadWithCast<(int)1>, at::native::memory::StoreWithCast<(int)1>>(int, T1, T2, T4, T5, T6, T7)"
:stage.process:model.layers.0.mlp.up_proj,PushPop,3033121,3035516,1,1278,2681760,2098.4,2112.0,1632,5920,228.3,"void at::native::vectorized_elementwise_kernel<(int)4, at::native::bitwise_not_kernel_cuda(at::TensorIteratorBase &)::[lambda(bool) (instance 1)], std::array<char *, (unsigned long)2>>(int, T2, T3)"
:stage.process:model.layers.0.mlp.up_proj,PushPop,3033121,3035516,1,3,2605762,868587.3,1298497.0,8736,1298529,744653.1,"void at::native::reduce_kernel<(int)512, (int)1, at::native::ReduceOp<long, at::native::func_wrapper_t<long, at::native::sum_functor<long, long, long>::operator ()(at::TensorIterator &)::[lambda(long, long) (instance 1)]>, unsigned int, long, (int)4, (int)4>>(T3)"
:stage.process:model.layers.0.mlp.up_proj,PushPop,3033121,3035516,1,1278,2479521,1940.2,1952.0,1472,3552,103.6,"<unnamed>::qvq_yaqa_update_grouped_pointers_kernel(float *, float *, const float *, const float *, const float *, float **, float **, float **, int, int, int, int, int, int)"
:stage.process:model.layers.0.mlp.up_proj,PushPop,3033121,3035516,1,11,2474114,224919.5,66176.0,5728,1027905,396844.6,"void at::native::vectorized_elementwise_kernel<(int)2, at::native::AUnaryFunctor<long, long, long, at::native::BitwiseAndFunctor<long>>, std::array<char *, (unsigned long)2>>(int, T2, T3)"
:stage.process:model.layers.0.mlp.up_proj,PushPop,3033121,3035516,1,1482,2426562,1637.4,1568.0,1312,2272,196.7,"void at::native::vectorized_elementwise_kernel<(int)4, at::native::FillFunctor<int>, std::array<char *, (unsigned long)1>>(int, T2, T3)"
:stage.process:model.layers.0.mlp.up_proj,PushPop,3033121,3035516,1,4,2175840,543960.0,560224.0,4928,1050464,584642.1,"void at::native::elementwise_kernel<(int)128, (int)2, void at::native::gpu_kernel_impl_nocast<at::native::BinaryFunctor<long, long, long, at::native::lshift_kernel_cuda(at::TensorIteratorBase &)::[lambda() (instance 1)]::operator ()() const::[lambda() (instance 4)]::operator ()() const::[lambda(long, long) (instance 1)]>>(at::TensorIteratorBase &, const T1 &)::[lambda(int) (instance 1)]>(int, T3)"
:stage.process:model.layers.0.mlp.up_proj,PushPop,3033121,3035516,1,4,2164800,541200.0,540352.0,40896,1043200,577610.7,"void at::native::elementwise_kernel<(int)128, (int)2, void at::native::gpu_kernel_impl_nocast<at::native::BinaryFunctor<long, long, long, at::native::rshift_kernel_cuda(at::TensorIteratorBase &)::[lambda() (instance 1)]::operator ()() const::[lambda() (instance 4)]::operator ()() const::[lambda(long, long) (instance 1)]>>(at::TensorIteratorBase &, const T1 &)::[lambda(int) (instance 1)]>(int, T3)"
:stage.process:model.layers.0.mlp.up_proj,PushPop,3033121,3035516,1,1548,2100256,1356.8,1376.0,1248,2048,72.8,"void <unnamed>::elementwise_kernel_with_index<int, at::native::arange_cuda_out(const c10::Scalar &, const c10::Scalar &, const c10::Scalar &, at::Tensor &)::[lambda() (instance 1)]::operator ()() const::[lambda() (instance 4)]::operator ()() const::[lambda(long) (instance 1)]>(T1, T2, function_traits<T2>::result_type *)"
:stage.process:model.layers.0.mlp.up_proj,PushPop,3033121,3035516,1,3,1883330,627776.7,904481.0,73088,905761,480374.9,"void at::native::index_elementwise_kernel<(int)128, (int)4, void at::native::gpu_index_kernel<void at::native::index_kernel_impl<at::native::OpaqueType<(int)8>>(at::TensorIteratorBase &, c10::ArrayRef<long>, c10::ArrayRef<long>)::[lambda(char *, const char *, long) (instance 1)]>(at::TensorIteratorBase &, c10::ArrayRef<long>, c10::ArrayRef<long>, const T1 &, bool)::[lambda(int) (instance 1)]>(long, T3)"
:stage.process:model.layers.0.mlp.up_proj,PushPop,3033121,3035516,1,782,1764575,2256.5,1824.0,1696,45824,3932.8,"void at::native::vectorized_elementwise_kernel<(int)4, void at::native::compare_scalar_kernel<long>(at::TensorIteratorBase &, at::native::<unnamed>::OpType, T1)::[lambda(long) (instance 1)], std::array<char *, (unsigned long)2>>(int, T2, T3)"
:stage.process:model.layers.0.mlp.up_proj,PushPop,3033121,3035516,1,770,1756478,2281.1,2272.0,1792,2400,44.5,"void at::native::vectorized_elementwise_kernel<(int)4, at::native::BinaryFunctor<c10::Half, c10::Half, bool, at::native::<unnamed>::CompareEqFunctor<c10::Half>>, std::array<char *, (unsigned long)3>>(int, T2, T3)"
:stage.process:model.layers.0.mlp.up_proj,PushPop,3033121,3035516,1,770,1742208,2262.6,2272.0,1760,2336,38.2,"void at::native::vectorized_elementwise_kernel<(int)4, at::native::AUnaryFunctor<c10::Half, c10::Half, bool, at::native::<unnamed>::CompareEqFunctor<c10::Half>>, std::array<char *, (unsigned long)2>>(int, T2, T3)"
:stage.process:model.layers.0.mlp.up_proj,PushPop,3033121,3035516,1,10,1612863,161286.3,81248.5,3616,662656,204724.1,"void at::native::elementwise_kernel<(int)128, (int)2, void at::native::gpu_kernel_impl_nocast<at::native::BinaryFunctor<float, float, float, at::native::binary_internal::MulFunctor<float>>>(at::TensorIteratorBase &, const T1 &)::[lambda(int) (instance 1)]>(int, T3)"
:stage.process:model.layers.0.mlp.up_proj,PushPop,3033121,3035516,1,45,1385216,30782.6,32256.0,6752,56128,15893.6,"void gemmSN_NN_kernel<float, (int)256, (int)4, (int)2, (int)8, (int)4, (int)4, (bool)0, cublasGemvTensorStridedBatched<const float>, cublasGemvTensorStridedBatched<const float>, cublasGemvTensorStridedBatched<float>>(cublasGemmSmallNParams<T9, T10, T11, T1>)"
:stage.process:model.layers.0.mlp.up_proj,PushPop,3033121,3035516,1,512,1309824,2558.3,2528.0,2336,2848,125.8,"void at::native::unrolled_elementwise_kernel<at::native::BinaryFunctor<float, float, float, at::native::maximum_kernel_cuda(at::TensorIteratorBase &)::[lambda() (instance 2)]::operator ()() const::[lambda() (instance 2)]::operator ()() const::[lambda(float, float) (instance 1)]>, std::array<char *, (unsigned long)3>, (int)4, TrivialOffsetCalculator<(int)2, unsigned int>, TrivialOffsetCalculator<(int)1, unsigned int>, at::native::memory::LoadWithCast<(int)2>, at::native::memory::StoreWithCast<(int)1>>(int, T1, T2, T4, T5, T6, T7)"
:stage.process:model.layers.0.mlp.up_proj,PushPop,3033121,3035516,1,4,1275329,318832.3,318768.5,316416,321376,2029.6,"std::enable_if<!T7, void>::type internal::gemvx::kernel<int, int, float, float, float, float, (bool)0, (bool)1, (bool)1, (bool)0, (int)7, (bool)0, cublasGemvParamsEx<int, cublasGemvTensorStridedBatched<const float>, cublasGemvTensorStridedBatched<const float>, cublasGemvTensorStridedBatched<float>, float>>(T13)"
:stage.process:model.layers.0.mlp.up_proj,PushPop,3033121,3035516,1,641,1195744,1865.4,1792.0,1568,30848,1599.9,"void at::native::vectorized_elementwise_kernel<(int)2, at::native::FillFunctor<long>, std::array<char *, (unsigned long)1>>(int, T2, T3)"
:stage.process:model.layers.0.mlp.up_proj,PushPop,3033121,3035516,1,256,1158464,4525.3,4560.0,4064,5024,359.4,"void at::native::elementwise_kernel<(int)128, (int)4, void at::native::gpu_kernel_impl_nocast<at::native::direct_copy_kernel_cuda(at::TensorIteratorBase &)::[lambda() (instance 3)]::operator ()() const::[lambda() (instance 10)]::operator ()() const::[lambda(c10::Half) (instance 1)]>(at::TensorIteratorBase &, const T1 &)::[lambda(int) (instance 1)]>(int, T3)"
:stage.process:model.layers.0.mlp.up_proj,PushPop,3033121,3035516,1,26,1149983,44230.1,45248.0,35168,50624,4832.5,ampere_sgemm_128x32_nn
:stage.process:model.layers.0.mlp.up_proj,PushPop,3033121,3035516,1,264,956960,3624.8,3392.0,3136,15360,1510.1,"void at::native::reduce_kernel<(int)512, (int)1, at::native::ReduceOp<bool, at::native::func_wrapper_t<bool, at::native::or_kernel_cuda(at::TensorIterator &)::[lambda() (instance 1)]::operator ()() const::[lambda() (instance 12)]::operator ()() const::[lambda(bool, bool) (instance 1)]>, unsigned int, bool, (int)4, (int)4>>(T3)"
:stage.process:model.layers.0.mlp.up_proj,PushPop,3033121,3035516,1,3,918975,306325.0,46176.0,45728,827071,450979.3,"void at::native::triu_tril_kernel<float, int, (bool)0, (int)2, (bool)1>(at::cuda::detail::TensorInfo<T1, T2>, at::cuda::detail::TensorInfo<const T1, T2>, long, long, T2)"
:stage.process:model.layers.0.mlp.up_proj,PushPop,3033121,3035516,1,9,812224,90247.1,67936.0,1984,258816,99112.8,"void at::native::vectorized_elementwise_kernel<(int)4, at::native::BUnaryFunctor<float, float, float, at::native::binary_internal::MulFunctor<float>>, std::array<char *, (unsigned long)2>>(int, T2, T3)"
:stage.process:model.layers.0.mlp.up_proj,PushPop,3033121,3035516,1,9,782368,86929.8,86656.0,86080,89056,887.5,"void at::native::vectorized_elementwise_kernel<(int)4, at::native::BinaryFunctor<float, float, float, at::native::binary_internal::MulFunctor<float>>, std::array<char *, (unsigned long)3>>(int, T2, T3)"
:stage.process:model.layers.0.mlp.up_proj,PushPop,3033121,3035516,1,128,763328,5963.5,5984.0,5600,6304,145.5,"void at::native::unrolled_elementwise_kernel<at::native::CUDAFunctor_add<float>, std::array<char *, (unsigned long)3>, (int)4, TrivialOffsetCalculator<(int)2, unsigned int>, TrivialOffsetCalculator<(int)1, unsigned int>, at::native::memory::LoadWithCast<(int)2>, at::native::memory::StoreWithCast<(int)1>>(int, T1, T2, T4, T5, T6, T7)"
:stage.process:model.layers.0.mlp.up_proj,PushPop,3033121,3035516,1,10,575968,57596.8,46784.0,46176,155456,34386.5,"void at::native::reduce_kernel<(int)512, (int)1, at::native::ReduceOp<float, at::native::func_wrapper_t<float, at::native::sum_functor<float, float, float>::operator ()(at::TensorIterator &)::[lambda(float, float) (instance 1)]>, unsigned int, float, (int)4, (int)4>>(T3)"
:stage.process:model.layers.0.mlp.up_proj,PushPop,3033121,3035516,1,129,545952,4232.2,4096.0,4032,20704,1462.0,"void at::native::elementwise_kernel<(int)128, (int)4, void at::native::gpu_kernel_impl_nocast<at::native::direct_copy_kernel_cuda(at::TensorIteratorBase &)::[lambda() (instance 3)]::operator ()() const::[lambda() (instance 1)]::operator ()() const::[lambda(unsigned char) (instance 1)]>(at::TensorIteratorBase &, const T1 &)::[lambda(int) (instance 1)]>(int, T3)"
:stage.process:model.layers.0.mlp.up_proj,PushPop,3033121,3035516,1,132,528000,4000.0,1952.0,1856,71392,11610.6,"void at::native::vectorized_elementwise_kernel<(int)4, at::native::BinaryFunctor<long, long, bool, at::native::<unnamed>::CompareEqFunctor<long>>, std::array<char *, (unsigned long)3>>(int, T2, T3)"
:stage.process:model.layers.0.mlp.up_proj,PushPop,3033121,3035516,1,263,525568,1998.4,1856.0,1760,11488,1168.6,"void at::native::vectorized_elementwise_kernel<(int)4, at::native::BinaryFunctor<bool, bool, bool, at::native::BitwiseOrFunctor<bool>>, std::array<char *, (unsigned long)3>>(int, T2, T3)"
:stage.process:model.layers.0.mlp.up_proj,PushPop,3033121,3035516,1,13,490400,37723.1,8416.0,1312,113376,44486.0,"void at::native::vectorized_elementwise_kernel<(int)4, at::native::FillFunctor<float>, std::array<char *, (unsigned long)1>>(int, T2, T3)"
:stage.process:model.layers.0.mlp.up_proj,PushPop,3033121,3035516,1,128,415520,3246.3,3232.0,3200,3296,25.3,"void at::native::elementwise_kernel<(int)128, (int)2, void at::native::gpu_kernel_impl_nocast<at::native::BUnaryFunctor<long, long, long, at::native::rshift_kernel_cuda(at::TensorIteratorBase &)::[lambda() (instance 1)]::operator ()() const::[lambda() (instance 4)]::operator ()() const::[lambda(long, long) (instance 1)]>>(at::TensorIteratorBase &, const T1 &)::[lambda(int) (instance 1)]>(int, T3)"
:stage.process:model.layers.0.mlp.up_proj,PushPop,3033121,3035516,1,1,340128,340128.0,340128.0,340128,340128,0.0,"void at::native::<unnamed>::CatArrayBatchedCopy_alignedK_contig<at::native::<unnamed>::OpaqueType<(unsigned int)8>, unsigned int, (int)3, (int)128, (int)1, (int)16>(T1 *, at::native::<unnamed>::CatArrInputTensorMetadata<T1, T2, T4, T5>, at::native::<unnamed>::TensorSizeStride<T2, (unsigned int)4>, int, T2)"
:stage.process:model.layers.0.mlp.up_proj,PushPop,3033121,3035516,1,58,323456,5576.8,5200.0,3424,16192,2996.2,"void cublasLt::splitKreduce_kernel<(int)32, (int)16, int, float, float, float, float, (bool)0, float, float, float, (bool)1, (bool)0, (bool)0, (bool)0>(cublasLt::cublasSplitKParams<T6>, const T4 *, const T10 *, T9 *, T5 *, const T6 *, const T6 *, const T11 *, const T4 *, T11 *, void *, long, T6 *, int *, T6 *, T6 *, const T6 *, const T6 *, const T6 *, const T6 *, const T6 *)"
:stage.process:model.layers.0.mlp.up_proj,PushPop,3033121,3035516,1,3,295488,98496.0,100320.0,94592,100576,3383.4,"void at::native::vectorized_elementwise_kernel<(int)2, at::native::BinaryFunctor<long, long, long, at::native::BitwiseXorFunctor<long>>, std::array<char *, (unsigned long)3>>(int, T2, T3)"
:stage.process:model.layers.0.mlp.up_proj,PushPop,3033121,3035516,1,6,268864,44810.7,1712.0,1568,250592,100891.1,"void at::native::vectorized_elementwise_kernel<(int)4, at::native::AUnaryFunctor<float, float, float, at::native::binary_internal::MulFunctor<float>>, std::array<char *, (unsigned long)2>>(int, T2, T3)"
:stage.process:model.layers.0.mlp.up_proj,PushPop,3033121,3035516,1,4,261440,65360.0,64816.0,61568,70240,3907.0,"void at::native::vectorized_elementwise_kernel<(int)2, at::native::BUnaryFunctor<long, long, long, at::native::rshift_kernel_cuda(at::TensorIteratorBase &)::[lambda() (instance 1)]::operator ()() const::[lambda() (instance 4)]::operator ()() const::[lambda(long, long) (instance 1)]>, std::array<char *, (unsigned long)2>>(int, T2, T3)"
:stage.process:model.layers.0.mlp.up_proj,PushPop,3033121,3035516,1,10,207584,20758.4,20784.0,20544,20928,111.9,"void at::native::<unnamed>::CatArrayBatchedCopy<at::native::<unnamed>::OpaqueType<(unsigned int)4>, unsigned int, (int)2, (int)64, (int)64>(T1 *, at::native::<unnamed>::CatArrInputTensorMetadata<T1, T2, T4, T5>, at::native::<unnamed>::TensorSizeStride<T2, (unsigned int)4>, int, T2)"
:stage.process:model.layers.0.mlp.up_proj,PushPop,3033121,3035516,1,2,201504,100752.0,100752.0,100704,100800,67.9,"void at::native::vectorized_elementwise_kernel<(int)2, at::native::BinaryFunctor<long, long, long, at::native::BitwiseOrFunctor<long>>, std::array<char *, (unsigned long)3>>(int, T2, T3)"
:stage.process:model.layers.0.mlp.up_proj,PushPop,3033121,3035516,1,10,147840,14784.0,6992.0,4064,49632,14042.1,"void at::native::reduce_kernel<(int)512, (int)1, at::native::ReduceOp<float, at::native::MeanOps<float, float, float, float>, unsigned int, float, (int)4, (int)4>>(T3)"
:stage.process:model.layers.0.mlp.up_proj,PushPop,3033121,3035516,1,6,133440,22240.0,22176.0,16256,28480,6545.1,"void trsm_batch_left_upper_kernel_small<float, (int)16, (int)16, (int)64>(cublasTrsmBatchParams<T1>, const T1 *const *, T1 *const *, const T1 *, T1)"
:stage.process:model.layers.0.mlp.up_proj,PushPop,3033121,3035516,1,2,128928,64464.0,64464.0,64160,64768,429.9,"void at::native::vectorized_elementwise_kernel<(int)2, at::native::BUnaryFunctor<long, long, long, at::native::lshift_kernel_cuda(at::TensorIteratorBase &)::[lambda() (instance 1)]::operator ()() const::[lambda() (instance 4)]::operator ()() const::[lambda(long, long) (instance 1)]>, std::array<char *, (unsigned long)2>>(int, T2, T3)"
:stage.process:model.layers.0.mlp.up_proj,PushPop,3033121,3035516,1,3,114208,38069.3,53888.0,5760,54560,27982.7,"void at::native::unrolled_elementwise_kernel<at::native::direct_copy_kernel_cuda(at::TensorIteratorBase &)::[lambda() (instance 3)]::operator ()() const::[lambda() (instance 3)]::operator ()() const::[lambda(int) (instance 1)], std::array<char *, (unsigned long)2>, (int)4, TrivialOffsetCalculator<(int)1, unsigned int>, TrivialOffsetCalculator<(int)1, unsigned int>, at::native::memory::LoadWithCast<(int)1>, at::native::memory::StoreWithCast<(int)1>>(int, T1, T2, T4, T5, T6, T7)"
:stage.process:model.layers.0.mlp.up_proj,PushPop,3033121,3035516,1,5,75712,15142.4,1664.0,1600,69120,30174.4,"void at::native::vectorized_elementwise_kernel<(int)2, at::native::CUDAFunctorOnSelf_add<long>, std::array<char *, (unsigned long)2>>(int, T2, T3)"
:stage.process:model.layers.0.mlp.up_proj,PushPop,3033121,3035516,1,1,73503,73503.0,73503.0,73503,73503,0.0,"void at::native::elementwise_kernel<(int)128, (int)2, void at::native::gpu_kernel_impl_nocast<at::native::BinaryFunctor<float, float, float, at::native::binary_internal::DivFunctor<float>>>(at::TensorIteratorBase &, const T1 &)::[lambda(int) (instance 1)]>(int, T3)"
:stage.process:model.layers.0.mlp.up_proj,PushPop,3033121,3035516,1,6,71648,11941.3,2016.0,1632,62304,24673.2,"void at::native::vectorized_elementwise_kernel<(int)2, at::native::AUnaryFunctor<long, long, long, at::native::binary_internal::MulFunctor<long>>, std::array<char *, (unsigned long)2>>(int, T2, T3)"
:stage.process:model.layers.0.mlp.up_proj,PushPop,3033121,3035516,1,1,59520,59520.0,59520.0,59520,59520,0.0,"void at::native::vectorized_elementwise_kernel<(int)4, void at::native::<unnamed>::pow_tensor_scalar_kernel_impl<float, float>(at::TensorIteratorBase &, T2)::[lambda(float) (instance 1)], std::array<char *, (unsigned long)2>>(int, T2, T3)"
:stage.process:model.layers.0.mlp.up_proj,PushPop,3033121,3035516,1,1,50656,50656.0,50656.0,50656,50656,0.0,"void at::native::reduce_kernel<(int)128, (int)4, at::native::ReduceOp<long, at::native::func_wrapper_t<long, at::native::sum_functor<long, long, long>::operator ()(at::TensorIterator &)::[lambda(long, long) (instance 1)]>, unsigned int, long, (int)4, (int)4>>(T3)"
:stage.process:model.layers.0.mlp.up_proj,PushPop,3033121,3035516,1,1,45632,45632.0,45632.0,45632,45632,0.0,"void at::native::vectorized_elementwise_kernel<(int)4, at::native::float16_copy_kernel_cuda(at::TensorIteratorBase &)::[lambda(float) (instance 1)], std::array<char *, (unsigned long)2>>(int, T2, T3)"
:stage.process:model.layers.0.mlp.up_proj,PushPop,3033121,3035516,1,3,27904,9301.3,10144.0,7200,10560,1831.7,"void at::native::elementwise_kernel<(int)128, (int)2, void at::native::gpu_kernel_impl_nocast<at::native::direct_copy_kernel_cuda(at::TensorIteratorBase &)::[lambda() (instance 3)]::operator ()() const::[lambda() (instance 3)]::operator ()() const::[lambda(int) (instance 1)]>(at::TensorIteratorBase &, const T1 &)::[lambda(int) (instance 1)]>(int, T3)"
:stage.process:model.layers.0.mlp.up_proj,PushPop,3033121,3035516,1,6,25408,4234.7,4496.0,3392,4864,669.0,"void at::native::elementwise_kernel<(int)128, (int)2, void at::native::gpu_kernel_impl_nocast<at::native::CUDAFunctorOnSelf_add<float>>(at::TensorIteratorBase &, const T1 &)::[lambda(int) (instance 1)]>(int, T3)"
:stage.process:model.layers.0.mlp.up_proj,PushPop,3033121,3035516,1,4,14624,3656.0,3664.0,3520,3776,139.2,"void at::native::vectorized_elementwise_kernel<(int)2, at::native::BUnaryFunctor<long, long, long, at::native::remainder_kernel_cuda(at::TensorIteratorBase &)::[lambda() (instance 1)]::operator ()() const::[lambda() (instance 4)]::operator ()() const::[lambda(long, long) (instance 1)]>, std::array<char *, (unsigned long)2>>(int, T2, T3)"
:stage.process:model.layers.0.mlp.up_proj,PushPop,3033121,3035516,1,6,12960,2160.0,2160.0,2144,2176,17.5,"void at::native::vectorized_elementwise_kernel<(int)4, at::native::<unnamed>::CompareFunctor<float>, std::array<char *, (unsigned long)3>>(int, T2, T3)"
:stage.process:model.layers.0.mlp.up_proj,PushPop,3033121,3035516,1,3,11904,3968.0,4128.0,3552,4224,363.5,"void at::native::unrolled_elementwise_kernel<at::native::direct_copy_kernel_cuda(at::TensorIteratorBase &)::[lambda() (instance 3)]::operator ()() const::[lambda() (instance 1)]::operator ()() const::[lambda(unsigned char) (instance 1)], std::array<char *, (unsigned long)2>, (int)4, TrivialOffsetCalculator<(int)1, unsigned int>, TrivialOffsetCalculator<(int)1, unsigned int>, at::native::memory::LoadWithCast<(int)1>, at::native::memory::StoreWithCast<(int)1>>(int, T1, T2, T4, T5, T6, T7)"
:stage.process:model.layers.0.mlp.up_proj,PushPop,3033121,3035516,1,2,11104,5552.0,5552.0,5120,5984,610.9,"void at::native::<unnamed>::CatArrayBatchedCopy_vectorized<at::native::<unnamed>::OpaqueType<(unsigned int)2>, unsigned int, (int)1, (int)128, (int)1, (int)16, (int)8>(char *, at::native::<unnamed>::CatArrInputTensorMetadata<T1, T2, T4, T5>, at::native::<unnamed>::TensorSizeStride<T2, (unsigned int)4>, int, T2)"
:stage.process:model.layers.0.mlp.up_proj,PushPop,3033121,3035516,1,3,9120,3040.0,2976.0,2976,3168,110.9,"void at::native::vectorized_elementwise_kernel<(int)4, at::native::AUnaryFunctor<unsigned char, unsigned char, bool, at::native::<unnamed>::CompareEqFunctor<unsigned char>>, std::array<char *, (unsigned long)2>>(int, T2, T3)"
:stage.process:model.layers.0.mlp.up_proj,PushPop,3033121,3035516,1,2,8416,4208.0,4208.0,3328,5088,1244.5,"void at::native::elementwise_kernel<(int)128, (int)2, void at::native::gpu_kernel_impl_nocast<at::native::AbsFunctor<float>>(at::TensorIteratorBase &, const T1 &)::[lambda(int) (instance 1)]>(int, T3)"
:stage.process:model.layers.0.mlp.up_proj,PushPop,3033121,3035516,1,1,8192,8192.0,8192.0,8192,8192,0.0,"void at::native::vectorized_elementwise_kernel<(int)4, at::native::AUnaryFunctor<unsigned char, unsigned char, unsigned char, at::native::binary_internal::MulFunctor<unsigned char>>, std::array<char *, (unsigned long)2>>(int, T2, T3)"
:stage.process:model.layers.0.mlp.up_proj,PushPop,3033121,3035516,1,2,7424,3712.0,3712.0,3680,3744,45.3,"void at::native::vectorized_elementwise_kernel<(int)2, at::native::BUnaryFunctor<long, long, long, at::native::binary_internal::div_floor_kernel_cuda(at::TensorIteratorBase &)::[lambda() (instance 1)]::operator ()() const::[lambda() (instance 4)]::operator ()() const::[lambda(long, long) (instance 1)]>, std::array<char *, (unsigned long)2>>(int, T2, T3)"
:stage.process:model.layers.0.mlp.up_proj,PushPop,3033121,3035516,1,3,7168,2389.3,2144.0,2048,2976,510.3,"void at::native::vectorized_elementwise_kernel<(int)4, at::native::FillFunctor<unsigned char>, std::array<char *, (unsigned long)1>>(int, T2, T3)"
:stage.process:model.layers.0.mlp.up_proj,PushPop,3033121,3035516,1,2,6400,3200.0,3200.0,3168,3232,45.3,"void at::native::elementwise_kernel<(int)128, (int)2, void at::native::gpu_kernel_impl_nocast<at::native::CUDAFunctor_add<long>>(at::TensorIteratorBase &, const T1 &)::[lambda(int) (instance 1)]>(int, T3)"
:stage.process:model.layers.0.mlp.up_proj,PushPop,3033121,3035516,1,3,5824,1941.3,1952.0,1856,2016,80.5,"void at::native::vectorized_elementwise_kernel<(int)4, at::native::BinaryFunctor<float, float, float, at::native::maximum_kernel_cuda(at::TensorIteratorBase &)::[lambda() (instance 2)]::operator ()() const::[lambda() (instance 2)]::operator ()() const::[lambda(float, float) (instance 1)]>, std::array<char *, (unsigned long)3>>(int, T2, T3)"
:stage.process:model.layers.0.mlp.up_proj,PushPop,3033121,3035516,1,2,5696,2848.0,2848.0,2720,2976,181.0,"void at::native::<unnamed>::CatArrayBatchedCopy_alignedK_contig<at::native::<unnamed>::OpaqueType<(unsigned int)4>, unsigned int, (int)1, (int)128, (int)1, (int)16>(T1 *, at::native::<unnamed>::CatArrInputTensorMetadata<T1, T2, T4, T5>, at::native::<unnamed>::TensorSizeStride<T2, (unsigned int)4>, int, T2)"
:stage.process:model.layers.0.mlp.up_proj,PushPop,3033121,3035516,1,2,5312,2656.0,2656.0,2048,3264,859.8,"void at::native::unrolled_elementwise_kernel<at::native::AUnaryFunctor<long, long, long, at::native::BitwiseAndFunctor<long>>, std::array<char *, (unsigned long)2>, (int)4, TrivialOffsetCalculator<(int)1, unsigned int>, TrivialOffsetCalculator<(int)1, unsigned int>, at::native::memory::LoadWithoutCast, at::native::memory::StoreWithoutCast>(int, T1, T2, T4, T5, T6, T7)"
:stage.process:model.layers.0.mlp.up_proj,PushPop,3033121,3035516,1,1,5024,5024.0,5024.0,5024,5024,0.0,"void at::native::reduce_kernel<(int)512, (int)1, at::native::ReduceOp<float, at::native::ArgMinOps<float>, unsigned int, long, (int)4, (int)4>>(T3)"
:stage.process:model.layers.0.mlp.up_proj,PushPop,3033121,3035516,1,3,5024,1674.7,1600.0,1472,1952,248.6,"xxtrf4_set_info_ker(int, int *)"
:stage.process:model.layers.0.mlp.up_proj,PushPop,3033121,3035516,1,2,4928,2464.0,2464.0,2464,2464,0.0,"void at::native::vectorized_elementwise_kernel<(int)2, at::native::CUDAFunctorOnOther_add<long>, std::array<char *, (unsigned long)2>>(int, T2, T3)"
:stage.process:model.layers.0.mlp.up_proj,PushPop,3033121,3035516,1,2,4640,2320.0,2320.0,2272,2368,67.9,"void at::native::vectorized_elementwise_kernel<(int)4, at::native::FillFunctor<bool>, std::array<char *, (unsigned long)1>>(int, T2, T3)"
:stage.process:model.layers.0.mlp.up_proj,PushPop,3033121,3035516,1,2,4640,2320.0,2320.0,2240,2400,113.1,"void at::native::vectorized_elementwise_kernel<(int)4, void at::native::compare_scalar_kernel<c10::Half>(at::TensorIteratorBase &, at::native::<unnamed>::OpType, T1)::[lambda(c10::Half) (instance 1)], std::array<char *, (unsigned long)2>>(int, T2, T3)"
:stage.process:model.layers.0.mlp.up_proj,PushPop,3033121,3035516,1,1,3488,3488.0,3488.0,3488,3488,0.0,"void at::native::<unnamed>::CatArrayBatchedCopy_contig<at::native::<unnamed>::OpaqueType<(unsigned int)1>, unsigned int, (int)1, (int)128, (int)1>(T1 *, at::native::<unnamed>::CatArrInputTensorMetadata<T1, T2, T4, T5>, at::native::<unnamed>::TensorSizeStride<T2, (unsigned int)4>, int, T2)"
:stage.process:model.layers.0.mlp.up_proj,PushPop,3033121,3035516,1,1,3360,3360.0,3360.0,3360,3360,0.0,"void at::native::vectorized_elementwise_kernel<(int)4, at::native::BinaryFunctor<unsigned char, unsigned char, bool, at::native::<unnamed>::CompareEqFunctor<unsigned char>>, std::array<char *, (unsigned long)3>>(int, T2, T3)"
:stage.process:model.layers.0.mlp.up_proj,PushPop,3033121,3035516,1,1,2688,2688.0,2688.0,2688,2688,0.0,"void at::native::vectorized_elementwise_kernel<(int)4, at::native::sqrt_kernel_cuda(at::TensorIteratorBase &)::[lambda() (instance 2)]::operator ()() const::[lambda() (instance 2)]::operator ()() const::[lambda(float) (instance 1)], std::array<char *, (unsigned long)2>>(int, T2, T3)"
:stage.process:model.layers.0.mlp.up_proj,PushPop,3033121,3035516,1,1,2400,2400.0,2400.0,2400,2400,0.0,"void at::native::elementwise_kernel<(int)128, (int)2, void at::native::gpu_kernel_impl_nocast<at::native::<unnamed>::where_kernel_impl(at::TensorIterator &)::[lambda() (instance 1)]::operator ()() const::[lambda() (instance 3)]::operator ()() const::[lambda(bool, unsigned int, unsigned int) (instance 1)]>(at::TensorIteratorBase &, const T1 &)::[lambda(int) (instance 1)]>(int, T3)"
:stage.process:model.layers.0.mlp.up_proj,PushPop,3033121,3035516,1,1,2176,2176.0,2176.0,2176,2176,0.0,"void at::native::unrolled_elementwise_kernel<at::native::direct_copy_kernel_cuda(at::TensorIteratorBase &)::[lambda() (instance 3)]::operator ()() const::[lambda() (instance 11)]::operator ()() const::[lambda(bool) (instance 1)], std::array<char *, (unsigned long)2>, (int)4, TrivialOffsetCalculator<(int)1, unsigned int>, TrivialOffsetCalculator<(int)1, unsigned int>, at::native::memory::LoadWithCast<(int)1>, at::native::memory::StoreWithCast<(int)1>>(int, T1, T2, T4, T5, T6, T7)"
:stage.process:model.layers.0.mlp.up_proj,PushPop,3033121,3035516,1,1,2080,2080.0,2080.0,2080,2080,0.0,"void at::native::unrolled_elementwise_kernel<at::native::<unnamed>::CompareFunctor<c10::Half>, std::array<char *, (unsigned long)3>, (int)4, TrivialOffsetCalculator<(int)2, unsigned int>, TrivialOffsetCalculator<(int)1, unsigned int>, at::native::memory::LoadWithoutCast, at::native::memory::StoreWithoutCast>(int, T1, T2, T4, T5, T6, T7)"
:stage.process:model.layers.0.mlp.up_proj,PushPop,3033121,3035516,1,1,1920,1920.0,1920.0,1920,1920,0.0,"void at::native::vectorized_elementwise_kernel<(int)4, at::native::<unnamed>::launch_clamp_scalar(at::TensorIteratorBase &, c10::Scalar, c10::Scalar, at::native::detail::ClampLimits)::[lambda() (instance 1)]::operator ()() const::[lambda() (instance 7)]::operator ()() const::[lambda(float) (instance 1)], std::array<char *, (unsigned long)2>>(int, T2, T3)"
:stage.process:model.layers.0.self_attn.k_proj,PushPop,3033121,3035516,1,7632,1111431360,145627.8,147232.0,132896,150560,3539.9,"void <unnamed>::qvq_v2_segment_grid_kernel<(int)4, (int)2, (int)16, (bool)1, (bool)0, __half, unsigned char>(const float *, const T6 *, const float *, const long *, const float *, const float *, float *, T7 *, unsigned char *, int, int, int, bool, bool)"
:stage.process:model.layers.0.self_attn.k_proj,PushPop,3033121,3035516,1,574,788451927,1373609.6,1373260.5,1354013,1383356,5801.5,"void <unnamed>::qvq_viterbi_kernel<(int)4, (int)2, __half, unsigned char>(const float *, const T3 *, const float *, const long *, const float *, T4 *, long *, float *, int, int, int, bool, bool, bool)"
:stage.process:model.layers.0.self_attn.k_proj,PushPop,3033121,3035516,1,256,270268554,1055736.5,1055789.5,1051550,1059837,1927.3,void <unnamed>::qvq_fused_w2_family_grid_kernel<(bool)0>(<unnamed>::FusedSequenceArgs)
:stage.process:model.layers.0.self_attn.k_proj,PushPop,3033121,3035516,1,954,76352281,80033.8,81504.0,68575,85792,3342.5,"void <unnamed>::qvq_v2_segment_grid_finalize_kernel<(int)4, (int)2, (int)16, (bool)0, __half, unsigned char>(const float *, const T5 *, const float *, const long *, const float *, const float *, const T6 *, const unsigned char *, long *, unsigned char *, float *, int, int, bool, bool)"
:stage.process:model.layers.0.self_attn.k_proj,PushPop,3033121,3035516,1,468,30165500,64456.2,70687.0,20832,71551,14760.2,void cutlass::Kernel2<cutlass_80_simt_sgemm_128x32_8x5_nt_align1>(T1::Params)
:stage.process:model.layers.0.self_attn.k_proj,PushPop,3033121,3035516,1,2544,23566709,9263.6,7744.0,3968,18848,4109.7,"void at::native::index_elementwise_kernel<(int)128, (int)4, void at::native::gpu_index_kernel<void at::native::index_kernel_impl<at::native::OpaqueType<(int)4>>(at::TensorIteratorBase &, c10::ArrayRef<long>, c10::ArrayRef<long>)::[lambda(char *, const char *, long) (instance 1)]>(at::TensorIteratorBase &, c10::ArrayRef<long>, c10::ArrayRef<long>, const T1 &, bool)::[lambda(int) (instance 1)]>(long, T3)"
:stage.process:model.layers.0.self_attn.k_proj,PushPop,3033121,3035516,1,256,22588825,88237.6,88192.0,86112,90592,802.6,"<unnamed>::qvq_fused_w2_traceback_kernel(const unsigned char *, const unsigned char *, const int *, long *, unsigned char *, int)"
:stage.process:model.layers.0.self_attn.k_proj,PushPop,3033121,3035516,1,2580,13133948,5090.7,4576.0,2656,11584,1560.1,"void at::native::reduce_kernel<(int)512, (int)1, at::native::ReduceOp<bool, at::native::func_wrapper_t<bool, at::native::and_kernel_cuda(at::TensorIterator &)::[lambda() (instance 1)]::operator ()() const::[lambda() (instance 12)]::operator ()() const::[lambda(bool, bool) (instance 1)]>, unsigned int, bool, (int)4, (int)4>>(T3)"
:stage.process:model.layers.0.self_attn.k_proj,PushPop,3033121,3035516,1,1021,8506891,8331.9,8480.0,4640,10880,1396.1,"void at::native::index_elementwise_kernel<(int)128, (int)4, void at::native::gpu_index_kernel<void at::native::index_kernel_impl<at::native::OpaqueType<(int)2>>(at::TensorIteratorBase &, c10::ArrayRef<long>, c10::ArrayRef<long>)::[lambda(char *, const char *, long) (instance 1)]>(at::TensorIteratorBase &, c10::ArrayRef<long>, c10::ArrayRef<long>, const T1 &, bool)::[lambda(int) (instance 1)]>(long, T3)"
:stage.process:model.layers.0.self_attn.k_proj,PushPop,3033121,3035516,1,1272,8292742,6519.5,6560.0,3456,7040,381.2,"void at::native::index_elementwise_kernel<(int)128, (int)4, void at::native::gpu_index_kernel<void at::native::index_put_kernel_impl<at::native::OpaqueType<(int)4>>(at::TensorIterator &, c10::ArrayRef<long>, c10::ArrayRef<long>)::[lambda(char *, const char *, long) (instance 1)]>(at::TensorIteratorBase &, c10::ArrayRef<long>, c10::ArrayRef<long>, const T1 &, bool)::[lambda(int) (instance 1)]>(long, T3)"
:stage.process:model.layers.0.self_attn.k_proj,PushPop,3033121,3035516,1,1404,6444596,4590.2,4640.0,3168,5056,323.7,"void at::native::reduce_kernel<(int)512, (int)1, at::native::ReduceOp<float, at::native::func_wrapper_t<float, at::native::MaxNanFunctor<float>>, unsigned int, float, (int)4, (int)4>>(T3)"
:stage.process:model.layers.0.self_attn.k_proj,PushPop,3033121,3035516,1,772,6416651,8311.7,8352.0,7872,8736,155.2,"void at::native::reduce_kernel<(int)512, (int)1, at::native::ReduceOp<c10::Half, at::native::func_wrapper_t<c10::Half, at::native::MaxNanFunctor<c10::Half>>, unsigned int, c10::Half, (int)4, (int)4>>(T3)"
:stage.process:model.layers.0.self_attn.k_proj,PushPop,3033121,3035516,1,1841,5997400,3257.7,3104.0,2112,47136,2779.0,"void at::native::elementwise_kernel<(int)128, (int)2, void at::native::gpu_kernel_impl_nocast<at::native::direct_copy_kernel_cuda(at::TensorIteratorBase &)::[lambda() (instance 3)]::operator ()() const::[lambda() (instance 7)]::operator ()() const::[lambda(float) (instance 1)]>(at::TensorIteratorBase &, const T1 &)::[lambda(int) (instance 1)]>(int, T3)"
:stage.process:model.layers.0.self_attn.k_proj,PushPop,3033121,3035516,1,2843,5798484,2039.6,1984.0,1440,18016,547.9,"void at::native::vectorized_elementwise_kernel<(int)4, at::native::AbsFunctor<float>, std::array<char *, (unsigned long)2>>(int, T2, T3)"
:stage.process:model.layers.0.self_attn.k_proj,PushPop,3033121,3035516,1,400,5795442,14488.6,4032.0,3968,66464,20320.6,ampere_sgemm_32x128_nt
:stage.process:model.layers.0.self_attn.k_proj,PushPop,3033121,3035516,1,66,4997397,75718.1,46655.5,38720,245215,71323.1,ampere_sgemm_32x32_sliced1x4_nt
:stage.process:model.layers.0.self_attn.k_proj,PushPop,3033121,3035516,1,2209,4662715,2110.8,2048.0,1536,6560,215.3,"void at::native::vectorized_elementwise_kernel<(int)4, at::native::BinaryFunctor<bool, bool, bool, at::native::binary_internal::MulFunctor<bool>>, std::array<char *, (unsigned long)3>>(int, T2, T3)"
:stage.process:model.layers.0.self_attn.k_proj,PushPop,3033121,3035516,1,262,4480917,17102.7,5056.0,3328,56928,16933.4,"void gemmSN_NN_kernel<float, (int)256, (int)4, (int)2, (int)8, (int)4, (int)4, (bool)0, cublasGemvTensorStridedBatched<const float>, cublasGemvTensorStridedBatched<const float>, cublasGemvTensorStridedBatched<float>>(cublasGemmSmallNParams<T9, T10, T11, T1>)"
:stage.process:model.layers.0.self_attn.k_proj,PushPop,3033121,3035516,1,636,4300728,6762.2,6912.0,3456,7328,582.3,"void at::native::index_elementwise_kernel<(int)128, (int)4, void at::native::gpu_index_kernel<void at::native::index_put_kernel_impl<at::native::OpaqueType<(int)8>>(at::TensorIterator &, c10::ArrayRef<long>, c10::ArrayRef<long>)::[lambda(char *, const char *, long) (instance 1)]>(at::TensorIteratorBase &, c10::ArrayRef<long>, c10::ArrayRef<long>, const T1 &, bool)::[lambda(int) (instance 1)]>(long, T3)"
:stage.process:model.layers.0.self_attn.k_proj,PushPop,3033121,3035516,1,1528,3921691,2566.6,2672.0,2144,3072,285.3,"<unnamed>::qvq_half2_codebook_norm_pack_kernel(const __half *, unsigned long *, int)"
:stage.process:model.layers.0.self_attn.k_proj,PushPop,3033121,3035516,1,901,3483352,3866.1,3840.0,2528,7008,219.7,"void at::native::unrolled_elementwise_kernel<at::native::direct_copy_kernel_cuda(at::TensorIteratorBase &)::[lambda() (instance 3)]::operator ()() const::[lambda() (instance 7)]::operator ()() const::[lambda(float) (instance 1)], std::array<char *, (unsigned long)2>, (int)4, TrivialOffsetCalculator<(int)1, unsigned int>, TrivialOffsetCalculator<(int)1, unsigned int>, at::native::memory::LoadWithCast<(int)1>, at::native::memory::StoreWithCast<(int)1>>(int, T1, T2, T4, T5, T6, T7)"
:stage.process:model.layers.0.self_attn.k_proj,PushPop,3033121,3035516,1,1542,3304312,2142.9,2144.0,1760,2912,48.6,"void at::native::vectorized_elementwise_kernel<(int)4, at::native::AbsFunctor<c10::Half>, std::array<char *, (unsigned long)2>>(int, T2, T3)"
:stage.process:model.layers.0.self_attn.k_proj,PushPop,3033121,3035516,1,516,3151547,6107.6,6368.0,4320,6752,670.3,"void gemmSN_NN_kernel<float, (int)128, (int)2, (int)4, (int)8, (int)4, (int)4, (bool)0, cublasGemvTensorStridedBatched<const float>, cublasGemvTensorStridedBatched<const float>, cublasGemvTensorStridedBatched<float>>(cublasGemmSmallNParams<T9, T10, T11, T1>)"
:stage.process:model.layers.0.self_attn.k_proj,PushPop,3033121,3035516,1,1440,3005594,2087.2,2048.0,1504,12704,567.4,"void at::native::vectorized_elementwise_kernel<(int)4, at::native::BinaryFunctor<float, float, bool, at::native::<unnamed>::CompareEqFunctor<float>>, std::array<char *, (unsigned long)3>>(int, T2, T3)"
:stage.process:model.layers.0.self_attn.k_proj,PushPop,3033121,3035516,1,1439,2946809,2047.8,2048.0,1536,6144,233.0,"void at::native::vectorized_elementwise_kernel<(int)4, at::native::AUnaryFunctor<float, float, bool, at::native::<unnamed>::CompareEqFunctor<float>>, std::array<char *, (unsigned long)2>>(int, T2, T3)"
:stage.process:model.layers.0.self_attn.k_proj,PushPop,3033121,3035516,1,12,2778367,231530.6,231552.0,231040,231904,249.1,ampere_sgemm_128x64_nn
:stage.process:model.layers.0.self_attn.k_proj,PushPop,3033121,3035516,1,862,2594265,3009.6,2944.0,1888,8608,285.8,"void at::native::elementwise_kernel<(int)128, (int)2, void at::native::gpu_kernel_impl_nocast<at::native::direct_copy_kernel_cuda(at::TensorIteratorBase &)::[lambda() (instance 3)]::operator ()() const::[lambda() (instance 4)]::operator ()() const::[lambda(long) (instance 1)]>(at::TensorIteratorBase &, const T1 &)::[lambda(int) (instance 1)]>(int, T3)"
:stage.process:model.layers.0.self_attn.k_proj,PushPop,3033121,3035516,1,256,2477402,9677.4,9504.0,9248,14528,464.2,"<unnamed>::qvq_fused_detect_family_mask_kernel(const unsigned int *, int *)"
:stage.process:model.layers.0.self_attn.k_proj,PushPop,3033121,3035516,1,282,2331418,8267.4,8256.0,7840,8544,72.7,"void batch_trsm_left_kernel<float, (int)64, (int)4, (int)3, (bool)0, (bool)0, (bool)1>(cublasTrsmBatchParams2<T1>, T1, const T1 *, int)"
:stage.process:model.layers.0.self_attn.k_proj,PushPop,3033121,3035516,1,1276,2248921,1762.5,1760.0,1536,2112,112.6,"void at::native::vectorized_elementwise_kernel<(int)4, at::native::BinaryFunctor<bool, bool, bool, at::native::logical_or_kernel_cuda(at::TensorIterator &)::[lambda() (instance 2)]::operator ()() const::[lambda() (instance 9)]::operator ()() const::[lambda(bool, bool) (instance 1)]>, std::array<char *, (unsigned long)3>>(int, T2, T3)"
:stage.process:model.layers.0.self_attn.k_proj,PushPop,3033121,3035516,1,477,2210973,4635.2,4832.0,3136,5568,576.0,"void at::native::index_elementwise_kernel<(int)128, (int)4, void at::native::gpu_index_kernel<void at::native::index_put_kernel_impl<at::native::OpaqueType<(int)1>>(at::TensorIterator &, c10::ArrayRef<long>, c10::ArrayRef<long>)::[lambda(char *, const char *, long) (instance 1)]>(at::TensorIteratorBase &, c10::ArrayRef<long>, c10::ArrayRef<long>, const T1 &, bool)::[lambda(int) (instance 1)]>(long, T3)"
:stage.process:model.layers.0.self_attn.k_proj,PushPop,3033121,3035516,1,892,2186397,2451.1,2432.0,1728,2624,102.0,"void at::native::roll_cuda_kernel<float>(const T1 *, T1 *, long, long, long, long, long, long)"
:stage.process:model.layers.0.self_attn.k_proj,PushPop,3033121,3035516,1,3,2080284,693428.0,920990.0,235936,923358,396201.5,"void kernel<getrf_wo_pivot_params_<float, (int)0, (int)256, (int)1, (int)64, (int)64, (int)68, (int)8, (int)1, (int)1>>(int, int, void *, int, void *, int, int, int, int, int, int *)"
:stage.process:model.layers.0.self_attn.k_proj,PushPop,3033121,3035516,1,413,1983482,4802.6,3712.0,3200,48448,3388.4,"void at::native::elementwise_kernel<(int)128, (int)2, void at::native::gpu_kernel_impl_nocast<at::native::CUDAFunctor_add<float>>(at::TensorIteratorBase &, const T1 &)::[lambda(int) (instance 1)]>(int, T3)"
:stage.process:model.layers.0.self_attn.k_proj,PushPop,3033121,3035516,1,884,1962684,2220.2,2240.0,1824,2720,171.8,"void at::native::elementwise_kernel<(int)128, (int)2, void at::native::gpu_kernel_impl_nocast<at::native::AUnaryFunctor<long, long, long, at::native::BitwiseAndFunctor<long>>>(at::TensorIteratorBase &, const T1 &)::[lambda(int) (instance 1)]>(int, T3)"
:stage.process:model.layers.0.self_attn.k_proj,PushPop,3033121,3035516,1,1150,1901885,1653.8,1664.0,1536,2080,73.1,"void at::native::vectorized_elementwise_kernel<(int)4, void at::native::compare_scalar_kernel<float>(at::TensorIteratorBase &, at::native::<unnamed>::OpType, T1)::[lambda(float) (instance 1)], std::array<char *, (unsigned long)2>>(int, T2, T3)"
:stage.process:model.layers.0.self_attn.k_proj,PushPop,3033121,3035516,1,792,1852988,2339.6,2176.0,1600,9216,830.8,"void at::native::vectorized_elementwise_kernel<(int)4, at::native::CUDAFunctor_add<float>, std::array<char *, (unsigned long)3>>(int, T2, T3)"
:stage.process:model.layers.0.self_attn.k_proj,PushPop,3033121,3035516,1,770,1735325,2253.7,2240.0,1792,2336,23.7,"void at::native::vectorized_elementwise_kernel<(int)4, at::native::BinaryFunctor<c10::Half, c10::Half, bool, at::native::<unnamed>::CompareEqFunctor<c10::Half>>, std::array<char *, (unsigned long)3>>(int, T2, T3)"
:stage.process:model.layers.0.self_attn.k_proj,PushPop,3033121,3035516,1,770,1707384,2217.4,2208.0,1664,2304,27.6,"void at::native::vectorized_elementwise_kernel<(int)4, at::native::AUnaryFunctor<c10::Half, c10::Half, bool, at::native::<unnamed>::CompareEqFunctor<c10::Half>>, std::array<char *, (unsigned long)2>>(int, T2, T3)"
:stage.process:model.layers.0.self_attn.k_proj,PushPop,3033121,3035516,1,613,1625564,2651.8,2560.0,1792,4832,487.6,"void at::native::unrolled_elementwise_kernel<at::native::direct_copy_kernel_cuda(at::TensorIteratorBase &)::[lambda() (instance 3)]::operator ()() const::[lambda() (instance 4)]::operator ()() const::[lambda(long) (instance 1)], std::array<char *, (unsigned long)2>, (int)4, TrivialOffsetCalculator<(int)1, unsigned int>, TrivialOffsetCalculator<(int)1, unsigned int>, at::native::memory::LoadWithCast<(int)1>, at::native::memory::StoreWithCast<(int)1>>(int, T1, T2, T4, T5, T6, T7)"
:stage.process:model.layers.0.self_attn.k_proj,PushPop,3033121,3035516,1,82,1502779,18326.6,9760.0,5984,88831,26159.9,ampere_sgemm_32x32_sliced1x4_nn
:stage.process:model.layers.0.self_attn.k_proj,PushPop,3033121,3035516,1,782,1389117,1776.4,1728.0,1695,4896,195.6,"void at::native::vectorized_elementwise_kernel<(int)4, void at::native::compare_scalar_kernel<long>(at::TensorIteratorBase &, at::native::<unnamed>::OpType, T1)::[lambda(long) (instance 1)], std::array<char *, (unsigned long)2>>(int, T2, T3)"
:stage.process:model.layers.0.self_attn.k_proj,PushPop,3033121,3035516,1,512,1321337,2580.7,2592.0,2399,2816,67.0,"void at::native::unrolled_elementwise_kernel<at::native::BinaryFunctor<float, float, float, at::native::maximum_kernel_cuda(at::TensorIteratorBase &)::[lambda() (instance 2)]::operator ()() const::[lambda() (instance 2)]::operator ()() const::[lambda(float, float) (instance 1)]>, std::array<char *, (unsigned long)3>, (int)4, TrivialOffsetCalculator<(int)2, unsigned int>, TrivialOffsetCalculator<(int)1, unsigned int>, at::native::memory::LoadWithCast<(int)2>, at::native::memory::StoreWithCast<(int)1>>(int, T1, T2, T4, T5, T6, T7)"
:stage.process:model.layers.0.self_attn.k_proj,PushPop,3033121,3035516,1,905,1239837,1370.0,1376.0,1248,2048,60.0,"void <unnamed>::elementwise_kernel_with_index<int, at::native::arange_cuda_out(const c10::Scalar &, const c10::Scalar &, const c10::Scalar &, at::Tensor &)::[lambda() (instance 1)]::operator ()() const::[lambda() (instance 4)]::operator ()() const::[lambda(long) (instance 1)]>(T1, T2, function_traits<T2>::result_type *)"
:stage.process:model.layers.0.self_attn.k_proj,PushPop,3033121,3035516,1,636,1169119,1838.2,1824.0,1600,2176,107.6,"void at::native::vectorized_elementwise_kernel<(int)4, at::native::bitwise_not_kernel_cuda(at::TensorIteratorBase &)::[lambda(bool) (instance 1)], std::array<char *, (unsigned long)2>>(int, T2, T3)"
:stage.process:model.layers.0.self_attn.k_proj,PushPop,3033121,3035516,1,256,1009408,3943.0,3968.0,3808,4256,102.3,"void at::native::elementwise_kernel<(int)128, (int)4, void at::native::gpu_kernel_impl_nocast<at::native::direct_copy_kernel_cuda(at::TensorIteratorBase &)::[lambda() (instance 3)]::operator ()() const::[lambda() (instance 10)]::operator ()() const::[lambda(c10::Half) (instance 1)]>(at::TensorIteratorBase &, const T1 &)::[lambda(int) (instance 1)]>(int, T3)"
:stage.process:model.layers.0.self_attn.k_proj,PushPop,3033121,3035516,1,263,966366,3674.4,3552.0,3360,8480,738.1,"void at::native::reduce_kernel<(int)512, (int)1, at::native::ReduceOp<bool, at::native::func_wrapper_t<bool, at::native::or_kernel_cuda(at::TensorIterator &)::[lambda() (instance 1)]::operator ()() const::[lambda() (instance 12)]::operator ()() const::[lambda(bool, bool) (instance 1)]>, unsigned int, bool, (int)4, (int)4>>(T3)"
:stage.process:model.layers.0.self_attn.k_proj,PushPop,3033121,3035516,1,638,892095,1398.3,1408.0,1311,3296,117.4,"void at::native::vectorized_elementwise_kernel<(int)2, at::native::FillFunctor<long>, std::array<char *, (unsigned long)1>>(int, T2, T3)"
:stage.process:model.layers.0.self_attn.k_proj,PushPop,3033121,3035516,1,320,866909,2709.1,2784.0,1824,3232,369.7,"void at::native::elementwise_kernel<(int)128, (int)2, void at::native::gpu_kernel_impl_nocast<at::native::CUDAFunctor_add<long>>(at::TensorIteratorBase &, const T1 &)::[lambda(int) (instance 1)]>(int, T3)"
:stage.process:model.layers.0.self_attn.k_proj,PushPop,3033121,3035516,1,483,794973,1645.9,1632.0,1504,3776,113.3,"void at::native::vectorized_elementwise_kernel<(int)2, at::native::AUnaryFunctor<long, long, long, at::native::binary_internal::MulFunctor<long>>, std::array<char *, (unsigned long)2>>(int, T2, T3)"
:stage.process:model.layers.0.self_attn.k_proj,PushPop,3033121,3035516,1,128,574272,4486.5,4464.0,4384,4864,84.0,"void at::native::unrolled_elementwise_kernel<at::native::CUDAFunctor_add<float>, std::array<char *, (unsigned long)3>, (int)4, TrivialOffsetCalculator<(int)2, unsigned int>, TrivialOffsetCalculator<(int)1, unsigned int>, at::native::memory::LoadWithCast<(int)2>, at::native::memory::StoreWithCast<(int)1>>(int, T1, T2, T4, T5, T6, T7)"
:stage.process:model.layers.0.self_attn.k_proj,PushPop,3033121,3035516,1,2,448831,224415.5,224415.5,224287,224544,181.7,ampere_sgemm_128x32_nn
:stage.process:model.layers.0.self_attn.k_proj,PushPop,3033121,3035516,1,263,444160,1688.8,1696.0,1568,2624,131.3,"void at::native::vectorized_elementwise_kernel<(int)4, at::native::BinaryFunctor<bool, bool, bool, at::native::BitwiseOrFunctor<bool>>, std::array<char *, (unsigned long)3>>(int, T2, T3)"
:stage.process:model.layers.0.self_attn.k_proj,PushPop,3033121,3035516,1,129,415135,3218.1,3200.0,3168,3712,47.3,"void at::native::elementwise_kernel<(int)128, (int)4, void at::native::gpu_kernel_impl_nocast<at::native::direct_copy_kernel_cuda(at::TensorIteratorBase &)::[lambda() (instance 3)]::operator ()() const::[lambda() (instance 1)]::operator ()() const::[lambda(unsigned char) (instance 1)]>(at::TensorIteratorBase &, const T1 &)::[lambda(int) (instance 1)]>(int, T3)"
:stage.process:model.layers.0.self_attn.k_proj,PushPop,3033121,3035516,1,42,381374,9080.3,8576.0,7424,11168,1298.7,ampere_sgemm_64x32_sliced1x4_nn
:stage.process:model.layers.0.self_attn.k_proj,PushPop,3033121,3035516,1,256,353342,1380.2,1344.0,1311,1472,50.0,"void at::native::vectorized_elementwise_kernel<(int)4, at::native::FillFunctor<int>, std::array<char *, (unsigned long)1>>(int, T2, T3)"
:stage.process:model.layers.0.self_attn.k_proj,PushPop,3033121,3035516,1,114,350367,3073.4,3040.0,2496,3648,240.5,"void cublasLt::splitKreduce_kernel<(int)32, (int)16, int, float, float, float, float, (bool)0, float, float, float, (bool)1, (bool)0, (bool)0, (bool)0>(cublasLt::cublasSplitKParams<T6>, const T4 *, const T10 *, T9 *, T5 *, const T6 *, const T6 *, const T11 *, const T4 *, T11 *, void *, long, T6 *, int *, T6 *, T6 *, const T6 *, const T6 *, const T6 *, const T6 *, const T6 *)"
:stage.process:model.layers.0.self_attn.k_proj,PushPop,3033121,3035516,1,4,286623,71655.8,71615.5,71456,71936,216.3,ampere_sgemm_32x128_tn
:stage.process:model.layers.0.self_attn.k_proj,PushPop,3033121,3035516,1,159,280736,1765.6,1792.0,1536,2144,103.8,"void at::native::vectorized_elementwise_kernel<(int)2, at::native::CUDAFunctor_add<long>, std::array<char *, (unsigned long)3>>(int, T2, T3)"
:stage.process:model.layers.0.self_attn.k_proj,PushPop,3033121,3035516,1,128,265215,2072.0,2080.0,2016,2112,16.1,"void at::native::elementwise_kernel<(int)128, (int)2, void at::native::gpu_kernel_impl_nocast<at::native::BUnaryFunctor<long, long, long, at::native::rshift_kernel_cuda(at::TensorIteratorBase &)::[lambda() (instance 1)]::operator ()() const::[lambda() (instance 4)]::operator ()() const::[lambda(long, long) (instance 1)]>>(at::TensorIteratorBase &, const T1 &)::[lambda(int) (instance 1)]>(int, T3)"
:stage.process:model.layers.0.self_attn.k_proj,PushPop,3033121,3035516,1,132,250912,1900.8,1760.0,1728,6528,805.7,"void at::native::vectorized_elementwise_kernel<(int)4, at::native::BinaryFunctor<long, long, bool, at::native::<unnamed>::CompareEqFunctor<long>>, std::array<char *, (unsigned long)3>>(int, T2, T3)"
:stage.process:model.layers.0.self_attn.k_proj,PushPop,3033121,3035516,1,12,208032,17336.0,20224.0,11168,20576,4445.6,"void at::native::<unnamed>::CatArrayBatchedCopy<at::native::<unnamed>::OpaqueType<(unsigned int)4>, unsigned int, (int)2, (int)64, (int)64>(T1 *, at::native::<unnamed>::CatArrInputTensorMetadata<T1, T2, T4, T5>, at::native::<unnamed>::TensorSizeStride<T2, (unsigned int)4>, int, T2)"
:stage.process:model.layers.0.self_attn.k_proj,PushPop,3033121,3035516,1,3,180608,60202.7,87872.0,4832,87904,47952.4,"void at::native::reduce_kernel<(int)512, (int)1, at::native::ReduceOp<long, at::native::func_wrapper_t<long, at::native::sum_functor<long, long, long>::operator ()(at::TensorIterator &)::[lambda(long, long) (instance 1)]>, unsigned int, long, (int)4, (int)4>>(T3)"
:stage.process:model.layers.0.self_attn.k_proj,PushPop,3033121,3035516,1,11,156480,14225.5,3808.0,2336,63328,24199.4,"void at::native::vectorized_elementwise_kernel<(int)2, at::native::AUnaryFunctor<long, long, long, at::native::BitwiseAndFunctor<long>>, std::array<char *, (unsigned long)2>>(int, T2, T3)"
:stage.process:model.layers.0.self_attn.k_proj,PushPop,3033121,3035516,1,4,145056,36264.0,36256.0,4928,67616,36183.7,"void at::native::elementwise_kernel<(int)128, (int)2, void at::native::gpu_kernel_impl_nocast<at::native::BinaryFunctor<long, long, long, at::native::rshift_kernel_cuda(at::TensorIteratorBase &)::[lambda() (instance 1)]::operator ()() const::[lambda() (instance 4)]::operator ()() const::[lambda(long, long) (instance 1)]>>(at::TensorIteratorBase &, const T1 &)::[lambda(int) (instance 1)]>(int, T3)"
:stage.process:model.layers.0.self_attn.k_proj,PushPop,3033121,3035516,1,4,143264,35816.0,36160.0,3520,67424,36392.6,"void at::native::elementwise_kernel<(int)128, (int)2, void at::native::gpu_kernel_impl_nocast<at::native::BinaryFunctor<long, long, long, at::native::lshift_kernel_cuda(at::TensorIteratorBase &)::[lambda() (instance 1)]::operator ()() const::[lambda() (instance 4)]::operator ()() const::[lambda(long, long) (instance 1)]>>(at::TensorIteratorBase &, const T1 &)::[lambda(int) (instance 1)]>(int, T3)"
:stage.process:model.layers.0.self_attn.k_proj,PushPop,3033121,3035516,1,1,135200,135200.0,135200.0,135200,135200,0.0,ampere_sgemm_128x32_tn
:stage.process:model.layers.0.self_attn.k_proj,PushPop,3033121,3035516,1,6,132415,22069.2,22031.5,16224,27968,6392.0,"void trsm_batch_left_upper_kernel_small<float, (int)16, (int)16, (int)64>(cublasTrsmBatchParams<T1>, const T1 *const *, T1 *const *, const T1 *, T1)"
:stage.process:model.layers.0.self_attn.k_proj,PushPop,3033121,3035516,1,3,121055,40351.7,56799.0,7392,56864,28543.9,"void at::native::index_elementwise_kernel<(int)128, (int)4, void at::native::gpu_index_kernel<void at::native::index_kernel_impl<at::native::OpaqueType<(int)8>>(at::TensorIteratorBase &, c10::ArrayRef<long>, c10::ArrayRef<long>)::[lambda(char *, const char *, long) (instance 1)]>(at::TensorIteratorBase &, c10::ArrayRef<long>, c10::ArrayRef<long>, const T1 &, bool)::[lambda(int) (instance 1)]>(long, T3)"
:stage.process:model.layers.0.self_attn.k_proj,PushPop,3033121,3035516,1,3,100384,33461.3,46592.0,6272,47520,23551.2,"void at::native::triu_tril_kernel<float, int, (bool)0, (int)2, (bool)1>(at::cuda::detail::TensorInfo<T1, T2>, at::cuda::detail::TensorInfo<const T1, T2>, long, long, T2)"
:stage.process:model.layers.0.self_attn.k_proj,PushPop,3033121,3035516,1,10,80543,8054.3,6176.0,3488,20736,6027.5,"void at::native::elementwise_kernel<(int)128, (int)2, void at::native::gpu_kernel_impl_nocast<at::native::BinaryFunctor<float, float, float, at::native::binary_internal::MulFunctor<float>>>(at::TensorIteratorBase &, const T1 &)::[lambda(int) (instance 1)]>(int, T3)"
:stage.process:model.layers.0.self_attn.k_proj,PushPop,3033121,3035516,1,10,76991,7699.1,7760.0,7424,8032,227.7,"void at::native::reduce_kernel<(int)512, (int)1, at::native::ReduceOp<float, at::native::func_wrapper_t<float, at::native::sum_functor<float, float, float>::operator ()(at::TensorIterator &)::[lambda(float, float) (instance 1)]>, unsigned int, float, (int)4, (int)4>>(T3)"
:stage.process:model.layers.0.self_attn.k_proj,PushPop,3033121,3035516,1,10,67552,6755.2,7376.0,3136,8064,1721.0,"void at::native::reduce_kernel<(int)512, (int)1, at::native::ReduceOp<float, at::native::MeanOps<float, float, float, float>, unsigned int, float, (int)4, (int)4>>(T3)"
:stage.process:model.layers.0.self_attn.k_proj,PushPop,3033121,3035516,1,14,60512,4322.3,3248.0,1408,8256,2535.3,"void at::native::vectorized_elementwise_kernel<(int)4, at::native::FillFunctor<float>, std::array<char *, (unsigned long)1>>(int, T2, T3)"
:stage.process:model.layers.0.self_attn.k_proj,PushPop,3033121,3035516,1,9,45407,5045.2,3648.0,1664,12064,3798.2,"void at::native::vectorized_elementwise_kernel<(int)4, at::native::BUnaryFunctor<float, float, float, at::native::binary_internal::MulFunctor<float>>, std::array<char *, (unsigned long)2>>(int, T2, T3)"
:stage.process:model.layers.0.self_attn.k_proj,PushPop,3033121,3035516,1,10,38687,3868.7,3872.0,3776,3936,46.4,"void dot_kernel<float, (int)128, (int)0, cublasDotParams<cublasGemvTensorStridedBatched<const float>, cublasGemvTensorStridedBatched<float>>>(T4)"
:stage.process:model.layers.0.self_attn.k_proj,PushPop,3033121,3035516,1,9,38272,4252.4,4256.0,3936,4448,178.5,"void at::native::vectorized_elementwise_kernel<(int)4, at::native::BinaryFunctor<float, float, float, at::native::binary_internal::MulFunctor<float>>, std::array<char *, (unsigned long)3>>(int, T2, T3)"
:stage.process:model.layers.0.self_attn.k_proj,PushPop,3033121,3035516,1,10,36384,3638.4,3376.0,3232,4416,471.8,"void at::native::elementwise_kernel<(int)128, (int)2, void at::native::gpu_kernel_impl_nocast<at::native::CUDAFunctorOnSelf_add<float>>(at::TensorIteratorBase &, const T1 &)::[lambda(int) (instance 1)]>(int, T3)"
:stage.process:model.layers.0.self_attn.k_proj,PushPop,3033121,3035516,1,10,27680,2768.0,2784.0,2688,2816,56.9,"void reduce_1Block_kernel<float, (int)128, (int)7, cublasGemvTensorStridedBatched<float>, cublasGemvTensorStridedBatched<const float>, cublasGemvTensorStridedBatched<float>>(const T1 *, T1, T4, int, const T1 *, T1, T5, T6, cublasPointerMode_t, cublasLtEpilogue_t, cublasGemvTensorStridedBatched<const biasType<T6::value_type, T1>::type>)"
:stage.process:model.layers.0.self_attn.k_proj,PushPop,3033121,3035516,1,12,25600,2133.3,2192.0,1888,2400,169.5,"void at::native::vectorized_elementwise_kernel<(int)4, at::native::<unnamed>::CompareFunctor<float>, std::array<char *, (unsigned long)3>>(int, T2, T3)"
:stage.process:model.layers.0.self_attn.k_proj,PushPop,3033121,3035516,1,6,21312,3552.0,1680.0,1568,12256,4279.6,"void at::native::vectorized_elementwise_kernel<(int)4, at::native::AUnaryFunctor<float, float, float, at::native::binary_internal::MulFunctor<float>>, std::array<char *, (unsigned long)2>>(int, T2, T3)"
:stage.process:model.layers.0.self_attn.k_proj,PushPop,3033121,3035516,1,1,15392,15392.0,15392.0,15392,15392,0.0,"void at::native::<unnamed>::CatArrayBatchedCopy_alignedK_contig<at::native::<unnamed>::OpaqueType<(unsigned int)8>, unsigned int, (int)3, (int)128, (int)1, (int)16>(T1 *, at::native::<unnamed>::CatArrInputTensorMetadata<T1, T2, T4, T5>, at::native::<unnamed>::TensorSizeStride<T2, (unsigned int)4>, int, T2)"
:stage.process:model.layers.0.self_attn.k_proj,PushPop,3033121,3035516,1,4,14976,3744.0,3664.0,3520,4128,289.8,"void at::native::vectorized_elementwise_kernel<(int)2, at::native::BUnaryFunctor<long, long, long, at::native::remainder_kernel_cuda(at::TensorIteratorBase &)::[lambda() (instance 1)]::operator ()() const::[lambda() (instance 4)]::operator ()() const::[lambda(long, long) (instance 1)]>, std::array<char *, (unsigned long)2>>(int, T2, T3)"
:stage.process:model.layers.0.self_attn.k_proj,PushPop,3033121,3035516,1,4,14784,3696.0,3712.0,3616,3744,55.4,"void at::native::vectorized_elementwise_kernel<(int)2, at::native::BUnaryFunctor<long, long, long, at::native::rshift_kernel_cuda(at::TensorIteratorBase &)::[lambda() (instance 1)]::operator ()() const::[lambda() (instance 4)]::operator ()() const::[lambda(long, long) (instance 1)]>, std::array<char *, (unsigned long)2>>(int, T2, T3)"
:stage.process:model.layers.0.self_attn.k_proj,PushPop,3033121,3035516,1,3,13952,4650.7,4224.0,4128,5600,823.5,"void at::native::vectorized_elementwise_kernel<(int)2, at::native::BinaryFunctor<long, long, long, at::native::BitwiseXorFunctor<long>>, std::array<char *, (unsigned long)3>>(int, T2, T3)"
:stage.process:model.layers.0.self_attn.k_proj,PushPop,3033121,3035516,1,8,12288,1536.0,1536.0,1504,1568,17.1,"void at::native::unrolled_elementwise_kernel<at::native::AUnaryFunctor<long, long, long, at::native::BitwiseAndFunctor<long>>, std::array<char *, (unsigned long)2>, (int)4, TrivialOffsetCalculator<(int)1, unsigned int>, TrivialOffsetCalculator<(int)1, unsigned int>, at::native::memory::LoadWithoutCast, at::native::memory::StoreWithoutCast>(int, T1, T2, T4, T5, T6, T7)"
:stage.process:model.layers.0.self_attn.k_proj,PushPop,3033121,3035516,1,3,11872,3957.3,4032.0,3584,4256,342.2,"void at::native::unrolled_elementwise_kernel<at::native::direct_copy_kernel_cuda(at::TensorIteratorBase &)::[lambda() (instance 3)]::operator ()() const::[lambda() (instance 3)]::operator ()() const::[lambda(int) (instance 1)], std::array<char *, (unsigned long)2>, (int)4, TrivialOffsetCalculator<(int)1, unsigned int>, TrivialOffsetCalculator<(int)1, unsigned int>, at::native::memory::LoadWithCast<(int)1>, at::native::memory::StoreWithCast<(int)1>>(int, T1, T2, T4, T5, T6, T7)"
:stage.process:model.layers.0.self_attn.k_proj,PushPop,3033121,3035516,1,6,10976,1829.3,1824.0,1824,1856,13.1,"void at::native::vectorized_elementwise_kernel<(int)4, at::native::FillFunctor<unsigned char>, std::array<char *, (unsigned long)1>>(int, T2, T3)"
:stage.process:model.layers.0.self_attn.k_proj,PushPop,3033121,3035516,1,3,10304,3434.7,3488.0,3328,3488,92.4,"void at::native::elementwise_kernel<(int)128, (int)2, void at::native::gpu_kernel_impl_nocast<at::native::direct_copy_kernel_cuda(at::TensorIteratorBase &)::[lambda() (instance 3)]::operator ()() const::[lambda() (instance 3)]::operator ()() const::[lambda(int) (instance 1)]>(at::TensorIteratorBase &, const T1 &)::[lambda(int) (instance 1)]>(int, T3)"
:stage.process:model.layers.0.self_attn.k_proj,PushPop,3033121,3035516,1,5,10240,2048.0,1632.0,1568,3808,984.2,"void at::native::vectorized_elementwise_kernel<(int)2, at::native::CUDAFunctorOnSelf_add<long>, std::array<char *, (unsigned long)2>>(int, T2, T3)"
:stage.process:model.layers.0.self_attn.k_proj,PushPop,3033121,3035516,1,3,10080,3360.0,3328.0,3328,3424,55.4,"void at::native::unrolled_elementwise_kernel<at::native::direct_copy_kernel_cuda(at::TensorIteratorBase &)::[lambda() (instance 3)]::operator ()() const::[lambda() (instance 1)]::operator ()() const::[lambda(unsigned char) (instance 1)], std::array<char *, (unsigned long)2>, (int)4, TrivialOffsetCalculator<(int)1, unsigned int>, TrivialOffsetCalculator<(int)1, unsigned int>, at::native::memory::LoadWithCast<(int)1>, at::native::memory::StoreWithCast<(int)1>>(int, T1, T2, T4, T5, T6, T7)"
:stage.process:model.layers.0.self_attn.k_proj,PushPop,3033121,3035516,1,2,8384,4192.0,4192.0,4192,4192,0.0,"void at::native::vectorized_elementwise_kernel<(int)2, at::native::BinaryFunctor<long, long, long, at::native::BitwiseOrFunctor<long>>, std::array<char *, (unsigned long)3>>(int, T2, T3)"
:stage.process:model.layers.0.self_attn.k_proj,PushPop,3033121,3035516,1,1,7968,7968.0,7968.0,7968,7968,0.0,"void at::native::reduce_kernel<(int)128, (int)4, at::native::ReduceOp<long, at::native::func_wrapper_t<long, at::native::sum_functor<long, long, long>::operator ()(at::TensorIterator &)::[lambda(long, long) (instance 1)]>, unsigned int, long, (int)4, (int)4>>(T3)"
:stage.process:model.layers.0.self_attn.k_proj,PushPop,3033121,3035516,1,2,7712,3856.0,3856.0,3808,3904,67.9,"void at::native::vectorized_elementwise_kernel<(int)2, at::native::BUnaryFunctor<long, long, long, at::native::lshift_kernel_cuda(at::TensorIteratorBase &)::[lambda() (instance 1)]::operator ()() const::[lambda() (instance 4)]::operator ()() const::[lambda(long, long) (instance 1)]>, std::array<char *, (unsigned long)2>>(int, T2, T3)"
:stage.process:model.layers.0.self_attn.k_proj,PushPop,3033121,3035516,1,4,7616,1904.0,1872.0,1856,2016,76.2,"void at::native::vectorized_elementwise_kernel<(int)4, void at::native::compare_scalar_kernel<c10::Half>(at::TensorIteratorBase &, at::native::<unnamed>::OpType, T1)::[lambda(c10::Half) (instance 1)], std::array<char *, (unsigned long)2>>(int, T2, T3)"
:stage.process:model.layers.0.self_attn.k_proj,PushPop,3033121,3035516,1,2,7488,3744.0,3744.0,3712,3776,45.3,"void at::native::vectorized_elementwise_kernel<(int)2, at::native::BUnaryFunctor<long, long, long, at::native::binary_internal::div_floor_kernel_cuda(at::TensorIteratorBase &)::[lambda() (instance 1)]::operator ()() const::[lambda() (instance 4)]::operator ()() const::[lambda(long, long) (instance 1)]>, std::array<char *, (unsigned long)2>>(int, T2, T3)"
:stage.process:model.layers.0.self_attn.k_proj,PushPop,3033121,3035516,1,3,7456,2485.3,2528.0,2368,2560,102.9,"void at::native::vectorized_elementwise_kernel<(int)4, at::native::AUnaryFunctor<unsigned char, unsigned char, bool, at::native::<unnamed>::CompareEqFunctor<unsigned char>>, std::array<char *, (unsigned long)2>>(int, T2, T3)"
:stage.process:model.layers.0.self_attn.k_proj,PushPop,3033121,3035516,1,4,6976,1744.0,1712.0,1696,1856,76.2,"void at::native::vectorized_elementwise_kernel<(int)4, at::native::FillFunctor<bool>, std::array<char *, (unsigned long)1>>(int, T2, T3)"
:stage.process:model.layers.0.self_attn.k_proj,PushPop,3033121,3035516,1,2,6560,3280.0,3280.0,3232,3328,67.9,"void at::native::elementwise_kernel<(int)128, (int)2, void at::native::gpu_kernel_impl_nocast<at::native::AbsFunctor<float>>(at::TensorIteratorBase &, const T1 &)::[lambda(int) (instance 1)]>(int, T3)"
:stage.process:model.layers.0.self_attn.k_proj,PushPop,3033121,3035516,1,1,6144,6144.0,6144.0,6144,6144,0.0,"void at::native::elementwise_kernel<(int)128, (int)2, void at::native::gpu_kernel_impl_nocast<at::native::BinaryFunctor<float, float, float, at::native::binary_internal::DivFunctor<float>>>(at::TensorIteratorBase &, const T1 &)::[lambda(int) (instance 1)]>(int, T3)"
:stage.process:model.layers.0.self_attn.k_proj,PushPop,3033121,3035516,1,1,5696,5696.0,5696.0,5696,5696,0.0,"void at::native::vectorized_elementwise_kernel<(int)4, void at::native::<unnamed>::pow_tensor_scalar_kernel_impl<float, float>(at::TensorIteratorBase &, T2)::[lambda(float) (instance 1)], std::array<char *, (unsigned long)2>>(int, T2, T3)"
:stage.process:model.layers.0.self_attn.k_proj,PushPop,3033121,3035516,1,3,5568,1856.0,1824.0,1760,1984,115.4,"void at::native::vectorized_elementwise_kernel<(int)4, at::native::BinaryFunctor<float, float, float, at::native::maximum_kernel_cuda(at::TensorIteratorBase &)::[lambda() (instance 2)]::operator ()() const::[lambda() (instance 2)]::operator ()() const::[lambda(float, float) (instance 1)]>, std::array<char *, (unsigned long)3>>(int, T2, T3)"
:stage.process:model.layers.0.self_attn.k_proj,PushPop,3033121,3035516,1,2,4703,2351.5,2351.5,2336,2367,21.9,"void at::native::vectorized_elementwise_kernel<(int)2, at::native::CUDAFunctorOnOther_add<long>, std::array<char *, (unsigned long)2>>(int, T2, T3)"
:stage.process:model.layers.0.self_attn.k_proj,PushPop,3033121,3035516,1,3,4608,1536.0,1440.0,1408,1760,194.6,"xxtrf4_set_info_ker(int, int *)"
:stage.process:model.layers.0.self_attn.k_proj,PushPop,3033121,3035516,1,1,4288,4288.0,4288.0,4288,4288,0.0,"void at::native::<unnamed>::CatArrayBatchedCopy_vectorized<at::native::<unnamed>::OpaqueType<(unsigned int)2>, unsigned int, (int)1, (int)128, (int)1, (int)16, (int)8>(char *, at::native::<unnamed>::CatArrInputTensorMetadata<T1, T2, T4, T5>, at::native::<unnamed>::TensorSizeStride<T2, (unsigned int)4>, int, T2)"
:stage.process:model.layers.0.self_attn.k_proj,PushPop,3033121,3035516,1,1,4288,4288.0,4288.0,4288,4288,0.0,"void at::native::vectorized_elementwise_kernel<(int)4, at::native::float16_copy_kernel_cuda(at::TensorIteratorBase &)::[lambda(float) (instance 1)], std::array<char *, (unsigned long)2>>(int, T2, T3)"
:stage.process:model.layers.0.self_attn.k_proj,PushPop,3033121,3035516,1,1,2688,2688.0,2688.0,2688,2688,0.0,"void at::native::vectorized_elementwise_kernel<(int)4, at::native::BinaryFunctor<unsigned char, unsigned char, bool, at::native::<unnamed>::CompareEqFunctor<unsigned char>>, std::array<char *, (unsigned long)3>>(int, T2, T3)"
:stage.process:model.layers.0.self_attn.k_proj,PushPop,3033121,3035516,1,1,2560,2560.0,2560.0,2560,2560,0.0,"void at::native::vectorized_elementwise_kernel<(int)4, at::native::AUnaryFunctor<unsigned char, unsigned char, unsigned char, at::native::binary_internal::MulFunctor<unsigned char>>, std::array<char *, (unsigned long)2>>(int, T2, T3)"
:stage.process:model.layers.0.self_attn.k_proj,PushPop,3033121,3035516,1,1,2272,2272.0,2272.0,2272,2272,0.0,"void at::native::unrolled_elementwise_kernel<at::native::direct_copy_kernel_cuda(at::TensorIteratorBase &)::[lambda() (instance 3)]::operator ()() const::[lambda() (instance 11)]::operator ()() const::[lambda(bool) (instance 1)], std::array<char *, (unsigned long)2>, (int)4, TrivialOffsetCalculator<(int)1, unsigned int>, TrivialOffsetCalculator<(int)1, unsigned int>, at::native::memory::LoadWithCast<(int)1>, at::native::memory::StoreWithCast<(int)1>>(int, T1, T2, T4, T5, T6, T7)"
:stage.process:model.layers.0.self_attn.k_proj,PushPop,3033121,3035516,1,1,2080,2080.0,2080.0,2080,2080,0.0,"void at::native::unrolled_elementwise_kernel<at::native::<unnamed>::CompareFunctor<c10::Half>, std::array<char *, (unsigned long)3>, (int)4, TrivialOffsetCalculator<(int)2, unsigned int>, TrivialOffsetCalculator<(int)1, unsigned int>, at::native::memory::LoadWithoutCast, at::native::memory::StoreWithoutCast>(int, T1, T2, T4, T5, T6, T7)"
:stage.process:model.layers.0.self_attn.k_proj,PushPop,3033121,3035516,1,1,1952,1952.0,1952.0,1952,1952,0.0,"void at::native::vectorized_elementwise_kernel<(int)4, at::native::sqrt_kernel_cuda(at::TensorIteratorBase &)::[lambda() (instance 2)]::operator ()() const::[lambda() (instance 2)]::operator ()() const::[lambda(float) (instance 1)], std::array<char *, (unsigned long)2>>(int, T2, T3)"
:stage.process:model.layers.0.self_attn.k_proj,PushPop,3033121,3035516,1,1,1760,1760.0,1760.0,1760,1760,0.0,"void at::native::vectorized_elementwise_kernel<(int)4, at::native::<unnamed>::launch_clamp_scalar(at::TensorIteratorBase &, c10::Scalar, c10::Scalar, at::native::detail::ClampLimits)::[lambda() (instance 1)]::operator ()() const::[lambda() (instance 7)]::operator ()() const::[lambda(float) (instance 1)], std::array<char *, (unsigned long)2>>(int, T2, T3)"
:stage.process:model.layers.0.self_attn.o_proj,PushPop,3033121,3035516,1,1318,1953896518,1482470.8,1017198.0,1001982,3369529,922497.1,void <unnamed>::qvq_fused_w2_family_grid_kernel<(bool)0>(<unnamed>::FusedSequenceArgs)
:stage.process:model.layers.0.self_attn.o_proj,PushPop,3033121,3035516,1,766,1441121088,1881359.1,1421596.5,1356765,2845817,656973.1,"void <unnamed>::qvq_viterbi_kernel<(int)4, (int)2, __half, unsigned char>(const float *, const T3 *, const float *, const long *, const float *, T4 *, long *, float *, int, int, int, bool, bool, bool)"
:stage.process:model.layers.0.self_attn.o_proj,PushPop,3033121,3035516,1,3744,541084560,144520.4,144671.0,132608,153344,3867.2,"void <unnamed>::qvq_v2_segment_grid_kernel<(int)4, (int)2, (int)16, (bool)1, (bool)0, __half, unsigned char>(const float *, const T6 *, const float *, const long *, const float *, const float *, float *, T7 *, unsigned char *, int, int, int, bool, bool)"
:stage.process:model.layers.0.self_attn.o_proj,PushPop,3033121,3035516,1,694,402826701,580441.9,576078.5,307679,874366,162050.2,ampere_sgemm_64x32_sliced1x4_nt
:stage.process:model.layers.0.self_attn.o_proj,PushPop,3033121,3035516,1,1318,115510878,87641.0,86912.0,68800,104480,8974.5,"<unnamed>::qvq_fused_w2_traceback_kernel(const unsigned char *, const unsigned char *, const int *, long *, unsigned char *, int)"
:stage.process:model.layers.0.self_attn.o_proj,PushPop,3033121,3035516,1,4080,72362514,17735.9,8256.0,4384,51808,13525.3,"void at::native::index_elementwise_kernel<(int)128, (int)4, void at::native::gpu_index_kernel<void at::native::index_kernel_impl<at::native::OpaqueType<(int)4>>(at::TensorIteratorBase &, c10::ArrayRef<long>, c10::ArrayRef<long>)::[lambda(char *, const char *, long) (instance 1)]>(at::TensorIteratorBase &, c10::ArrayRef<long>, c10::ArrayRef<long>, const T1 &, bool)::[lambda(int) (instance 1)]>(long, T3)"
:stage.process:model.layers.0.self_attn.o_proj,PushPop,3033121,3035516,1,288,51156984,177628.4,178287.5,59231,295584,69959.5,void cutlass::Kernel2<cutlass_80_simt_sgemm_128x32_8x5_nt_align1>(T1::Params)
:stage.process:model.layers.0.self_attn.o_proj,PushPop,3033121,3035516,1,468,36720918,78463.5,77280.0,68256,88064,4284.9,"void <unnamed>::qvq_v2_segment_grid_finalize_kernel<(int)4, (int)2, (int)16, (bool)0, __half, unsigned char>(const float *, const T5 *, const float *, const long *, const float *, const float *, const T6 *, const unsigned char *, long *, unsigned char *, float *, int, int, bool, bool)"
:stage.process:model.layers.0.self_attn.o_proj,PushPop,3033121,3035516,1,996,29935649,30055.9,30208.0,4320,60576,15621.9,"void gemmSN_NN_kernel<float, (int)128, (int)2, (int)4, (int)8, (int)4, (int)4, (bool)0, cublasGemvTensorStridedBatched<const float>, cublasGemvTensorStridedBatched<const float>, cublasGemvTensorStridedBatched<float>>(cublasGemmSmallNParams<T9, T10, T11, T1>)"
:stage.process:model.layers.0.self_attn.o_proj,PushPop,3033121,3035516,1,50,20530967,410619.3,21104.0,15904,842623,412130.8,ampere_sgemm_128x32_nn
:stage.process:model.layers.0.self_attn.o_proj,PushPop,3033121,3035516,1,2964,19246581,6493.4,7360.0,2528,11680,1788.8,"void at::native::reduce_kernel<(int)512, (int)1, at::native::ReduceOp<bool, at::native::func_wrapper_t<bool, at::native::and_kernel_cuda(at::TensorIterator &)::[lambda() (instance 1)]::operator ()() const::[lambda() (instance 12)]::operator ()() const::[lambda(bool, bool) (instance 1)]>, unsigned int, bool, (int)4, (int)4>>(T3)"
:stage.process:model.layers.0.self_attn.o_proj,PushPop,3033121,3035516,1,1318,15557307,11803.7,13216.0,9088,14848,2141.1,"<unnamed>::qvq_fused_detect_family_mask_kernel(const unsigned int *, int *)"
:stage.process:model.layers.0.self_attn.o_proj,PushPop,3033121,3035516,1,2040,13595450,6664.4,6688.0,3488,7424,369.1,"void at::native::index_elementwise_kernel<(int)128, (int)4, void at::native::gpu_index_kernel<void at::native::index_put_kernel_impl<at::native::OpaqueType<(int)4>>(at::TensorIterator &, c10::ArrayRef<long>, c10::ArrayRef<long>)::[lambda(char *, const char *, long) (instance 1)]>(at::TensorIteratorBase &, c10::ArrayRef<long>, c10::ArrayRef<long>, const T1 &, bool)::[lambda(int) (instance 1)]>(long, T3)"
:stage.process:model.layers.0.self_attn.o_proj,PushPop,3033121,3035516,1,1405,12370598,8804.7,8384.0,4288,33984,1364.5,"void at::native::index_elementwise_kernel<(int)128, (int)4, void at::native::gpu_index_kernel<void at::native::index_kernel_impl<at::native::OpaqueType<(int)2>>(at::TensorIteratorBase &, c10::ArrayRef<long>, c10::ArrayRef<long>)::[lambda(char *, const char *, long) (instance 1)]>(at::TensorIteratorBase &, c10::ArrayRef<long>, c10::ArrayRef<long>, const T1 &, bool)::[lambda(int) (instance 1)]>(long, T3)"
:stage.process:model.layers.0.self_attn.o_proj,PushPop,3033121,3035516,1,1788,11946055,6681.2,7360.0,3136,8768,1433.0,"void at::native::reduce_kernel<(int)512, (int)1, at::native::ReduceOp<float, at::native::func_wrapper_t<float, at::native::MaxNanFunctor<float>>, unsigned int, float, (int)4, (int)4>>(T3)"
:stage.process:model.layers.0.self_attn.o_proj,PushPop,3033121,3035516,1,2241,8718602,3890.5,3168.0,2144,54848,4840.4,"void at::native::elementwise_kernel<(int)128, (int)2, void at::native::gpu_kernel_impl_nocast<at::native::direct_copy_kernel_cuda(at::TensorIteratorBase &)::[lambda() (instance 3)]::operator ()() const::[lambda() (instance 7)]::operator ()() const::[lambda(float) (instance 1)]>(at::TensorIteratorBase &, const T1 &)::[lambda(int) (instance 1)]>(int, T3)"
:stage.process:model.layers.0.self_attn.o_proj,PushPop,3033121,3035516,1,3611,7728851,2140.4,2048.0,1536,18464,828.6,"void at::native::vectorized_elementwise_kernel<(int)4, at::native::AbsFunctor<float>, std::array<char *, (unsigned long)2>>(int, T2, T3)"
:stage.process:model.layers.0.self_attn.o_proj,PushPop,3033121,3035516,1,1020,7070260,6931.6,7040.0,3584,7392,476.3,"void at::native::index_elementwise_kernel<(int)128, (int)4, void at::native::gpu_index_kernel<void at::native::index_put_kernel_impl<at::native::OpaqueType<(int)8>>(at::TensorIterator &, c10::ArrayRef<long>, c10::ArrayRef<long>)::[lambda(char *, const char *, long) (instance 1)]>(at::TensorIteratorBase &, c10::ArrayRef<long>, c10::ArrayRef<long>, const T1 &, bool)::[lambda(int) (instance 1)]>(long, T3)"
:stage.process:model.layers.0.self_attn.o_proj,PushPop,3033121,3035516,1,772,6323124,8190.6,8192.0,7872,8672,124.6,"void at::native::reduce_kernel<(int)512, (int)1, at::native::ReduceOp<c10::Half, at::native::func_wrapper_t<c10::Half, at::native::MaxNanFunctor<c10::Half>>, unsigned int, c10::Half, (int)4, (int)4>>(T3)"
:stage.process:model.layers.0.self_attn.o_proj,PushPop,3033121,3035516,1,2593,5576496,2150.6,2080.0,1536,6560,320.3,"void at::native::vectorized_elementwise_kernel<(int)4, at::native::BinaryFunctor<bool, bool, bool, at::native::binary_internal::MulFunctor<bool>>, std::array<char *, (unsigned long)3>>(int, T2, T3)"
:stage.process:model.layers.0.self_attn.o_proj,PushPop,3033121,3035516,1,177,5425080,30650.2,26848.0,3872,70528,22009.1,"void gemmSN_NN_kernel<float, (int)256, (int)4, (int)2, (int)8, (int)4, (int)4, (bool)0, cublasGemvTensorStridedBatched<const float>, cublasGemvTensorStridedBatched<const float>, cublasGemvTensorStridedBatched<float>>(cublasGemmSmallNParams<T9, T10, T11, T1>)"
:stage.process:model.layers.0.self_attn.o_proj,PushPop,3033121,3035516,1,1285,5131571,3993.4,3968.0,2560,19488,624.3,"void at::native::unrolled_elementwise_kernel<at::native::direct_copy_kernel_cuda(at::TensorIteratorBase &)::[lambda() (instance 3)]::operator ()() const::[lambda() (instance 7)]::operator ()() const::[lambda(float) (instance 1)], std::array<char *, (unsigned long)2>, (int)4, TrivialOffsetCalculator<(int)1, unsigned int>, TrivialOffsetCalculator<(int)1, unsigned int>, at::native::memory::LoadWithCast<(int)1>, at::native::memory::StoreWithCast<(int)1>>(int, T1, T2, T4, T5, T6, T7)"
:stage.process:model.layers.0.self_attn.o_proj,PushPop,3033121,3035516,1,765,4793046,6265.4,6656.0,3392,8416,1223.8,"void at::native::index_elementwise_kernel<(int)128, (int)4, void at::native::gpu_index_kernel<void at::native::index_put_kernel_impl<at::native::OpaqueType<(int)1>>(at::TensorIterator &, c10::ArrayRef<long>, c10::ArrayRef<long>)::[lambda(char *, const char *, long) (instance 1)]>(at::TensorIteratorBase &, c10::ArrayRef<long>, c10::ArrayRef<long>, const T1 &, bool)::[lambda(int) (instance 1)]>(long, T3)"
:stage.process:model.layers.0.self_attn.o_proj,PushPop,3033121,3035516,1,5,4680246,936049.2,933982.0,933086,944606,4818.3,ampere_sgemm_128x32_tn
:stage.process:model.layers.0.self_attn.o_proj,PushPop,3033121,3035516,1,1824,3972340,2177.8,2080.0,1504,17248,968.4,"void at::native::vectorized_elementwise_kernel<(int)4, at::native::BinaryFunctor<float, float, bool, at::native::<unnamed>::CompareEqFunctor<float>>, std::array<char *, (unsigned long)3>>(int, T2, T3)"
:stage.process:model.layers.0.self_attn.o_proj,PushPop,3033121,3035516,1,1823,3851064,2112.5,2080.0,1536,6432,342.7,"void at::native::vectorized_elementwise_kernel<(int)4, at::native::AUnaryFunctor<float, float, bool, at::native::<unnamed>::CompareEqFunctor<float>>, std::array<char *, (unsigned long)2>>(int, T2, T3)"
:stage.process:model.layers.0.self_attn.o_proj,PushPop,3033121,3035516,1,2044,3812278,1865.1,1856.0,1536,2208,111.8,"void at::native::vectorized_elementwise_kernel<(int)4, at::native::BinaryFunctor<bool, bool, bool, at::native::logical_or_kernel_cuda(at::TensorIterator &)::[lambda() (instance 2)]::operator ()() const::[lambda() (instance 9)]::operator ()() const::[lambda(bool, bool) (instance 1)]>, std::array<char *, (unsigned long)3>>(int, T2, T3)"
:stage.process:model.layers.0.self_attn.o_proj,PushPop,3033121,3035516,1,1150,3694839,3212.9,3200.0,1856,24160,643.7,"void at::native::elementwise_kernel<(int)128, (int)2, void at::native::gpu_kernel_impl_nocast<at::native::direct_copy_kernel_cuda(at::TensorIteratorBase &)::[lambda() (instance 3)]::operator ()() const::[lambda() (instance 4)]::operator ()() const::[lambda(long) (instance 1)]>(at::TensorIteratorBase &, const T1 &)::[lambda(int) (instance 1)]>(int, T3)"
:stage.process:model.layers.0.self_attn.o_proj,PushPop,3033121,3035516,1,1542,3418008,2216.6,2144.0,1952,3072,181.3,"void at::native::vectorized_elementwise_kernel<(int)4, at::native::AbsFunctor<c10::Half>, std::array<char *, (unsigned long)2>>(int, T2, T3)"
:stage.process:model.layers.0.self_attn.o_proj,PushPop,3033121,3035516,1,429,3227607,7523.6,4192.0,3200,47296,4957.2,"void at::native::elementwise_kernel<(int)128, (int)2, void at::native::gpu_kernel_impl_nocast<at::native::CUDAFunctor_add<float>>(at::TensorIteratorBase &, const T1 &)::[lambda(int) (instance 1)]>(int, T3)"
:stage.process:model.layers.0.self_attn.o_proj,PushPop,3033121,3035516,1,1276,3221463,2524.7,2464.0,1760,3072,186.4,"void at::native::roll_cuda_kernel<float>(const T1 *, T1 *, long, long, long, long, long, long)"
:stage.process:model.layers.0.self_attn.o_proj,PushPop,3033121,3035516,1,1268,3218263,2538.1,2528.0,1824,3328,339.9,"void at::native::elementwise_kernel<(int)128, (int)2, void at::native::gpu_kernel_impl_nocast<at::native::AUnaryFunctor<long, long, long, at::native::BitwiseAndFunctor<long>>>(at::TensorIteratorBase &, const T1 &)::[lambda(int) (instance 1)]>(int, T3)"
:stage.process:model.layers.0.self_attn.o_proj,PushPop,3033121,3035516,1,1234,3201627,2594.5,2656.0,2176,3264,262.8,"<unnamed>::qvq_half2_codebook_norm_pack_kernel(const __half *, unsigned long *, int)"
:stage.process:model.layers.0.self_attn.o_proj,PushPop,3033121,3035516,1,1176,3155189,2683.0,2208.0,1504,27552,2977.3,"void at::native::vectorized_elementwise_kernel<(int)4, at::native::CUDAFunctor_add<float>, std::array<char *, (unsigned long)3>>(int, T2, T3)"
:stage.process:model.layers.0.self_attn.o_proj,PushPop,3033121,3035516,1,378,3121943,8259.1,8256.0,7872,8448,64.6,"void batch_trsm_left_kernel<float, (int)64, (int)4, (int)3, (bool)0, (bool)0, (bool)1>(cublasTrsmBatchParams2<T1>, T1, const T1 *, int)"
:stage.process:model.layers.0.self_attn.o_proj,PushPop,3033121,3035516,1,3,2784792,928264.0,928414.0,927261,929117,937.0,"void kernel<getrf_wo_pivot_params_<float, (int)0, (int)256, (int)1, (int)64, (int)64, (int)68, (int)8, (int)1, (int)1>>(int, int, void *, int, void *, int, int, int, int, int, int *)"
:stage.process:model.layers.0.self_attn.o_proj,PushPop,3033121,3035516,1,901,2710046,3007.8,3104.0,1792,11616,643.1,"void at::native::unrolled_elementwise_kernel<at::native::direct_copy_kernel_cuda(at::TensorIteratorBase &)::[lambda() (instance 3)]::operator ()() const::[lambda() (instance 4)]::operator ()() const::[lambda(long) (instance 1)], std::array<char *, (unsigned long)2>, (int)4, TrivialOffsetCalculator<(int)1, unsigned int>, TrivialOffsetCalculator<(int)1, unsigned int>, at::native::memory::LoadWithCast<(int)1>, at::native::memory::StoreWithCast<(int)1>>(int, T1, T2, T4, T5, T6, T7)"
:stage.process:model.layers.0.self_attn.o_proj,PushPop,3033121,3035516,1,1534,2559069,1668.2,1664.0,1536,2080,93.2,"void at::native::vectorized_elementwise_kernel<(int)4, void at::native::compare_scalar_kernel<float>(at::TensorIteratorBase &, at::native::<unnamed>::OpType, T1)::[lambda(float) (instance 1)], std::array<char *, (unsigned long)2>>(int, T2, T3)"
:stage.process:model.layers.0.self_attn.o_proj,PushPop,3033121,3035516,1,400,2325406,5813.5,4032.0,3999,53280,8798.7,ampere_sgemm_32x128_nt
:stage.process:model.layers.0.self_attn.o_proj,PushPop,3033121,3035516,1,1020,1929243,1891.4,1920.0,1632,2208,91.1,"void at::native::vectorized_elementwise_kernel<(int)4, at::native::bitwise_not_kernel_cuda(at::TensorIteratorBase &)::[lambda(bool) (instance 1)], std::array<char *, (unsigned long)2>>(int, T2, T3)"
:stage.process:model.layers.0.self_attn.o_proj,PushPop,3033121,3035516,1,1318,1875484,1423.0,1440.0,1280,1600,82.3,"void at::native::vectorized_elementwise_kernel<(int)4, at::native::FillFunctor<int>, std::array<char *, (unsigned long)1>>(int, T2, T3)"
:stage.process:model.layers.0.self_attn.o_proj,PushPop,3033121,3035516,1,770,1747773,2269.8,2240.0,1792,2336,41.7,"void at::native::vectorized_elementwise_kernel<(int)4, at::native::BinaryFunctor<c10::Half, c10::Half, bool, at::native::<unnamed>::CompareEqFunctor<c10::Half>>, std::array<char *, (unsigned long)3>>(int, T2, T3)"
:stage.process:model.layers.0.self_attn.o_proj,PushPop,3033121,3035516,1,770,1727774,2243.9,2240.0,1760,2336,40.1,"void at::native::vectorized_elementwise_kernel<(int)4, at::native::AUnaryFunctor<c10::Half, c10::Half, bool, at::native::<unnamed>::CompareEqFunctor<c10::Half>>, std::array<char *, (unsigned long)2>>(int, T2, T3)"
:stage.process:model.layers.0.self_attn.o_proj,PushPop,3033121,3035516,1,1022,1437725,1406.8,1408.0,1312,7168,253.2,"void at::native::vectorized_elementwise_kernel<(int)2, at::native::FillFunctor<long>, std::array<char *, (unsigned long)1>>(int, T2, T3)"
:stage.process:model.layers.0.self_attn.o_proj,PushPop,3033121,3035516,1,782,1413917,1808.1,1760.0,1632,12000,547.2,"void at::native::vectorized_elementwise_kernel<(int)4, void at::native::compare_scalar_kernel<long>(at::TensorIteratorBase &, at::native::<unnamed>::OpType, T1)::[lambda(long) (instance 1)], std::array<char *, (unsigned long)2>>(int, T2, T3)"
:stage.process:model.layers.0.self_attn.o_proj,PushPop,3033121,3035516,1,512,1338140,2613.6,2592.0,2368,2944,145.0,"void at::native::unrolled_elementwise_kernel<at::native::BinaryFunctor<float, float, float, at::native::maximum_kernel_cuda(at::TensorIteratorBase &)::[lambda() (instance 2)]::operator ()() const::[lambda() (instance 2)]::operator ()() const::[lambda(float, float) (instance 1)]>, std::array<char *, (unsigned long)3>, (int)4, TrivialOffsetCalculator<(int)2, unsigned int>, TrivialOffsetCalculator<(int)1, unsigned int>, at::native::memory::LoadWithCast<(int)2>, at::native::memory::StoreWithCast<(int)1>>(int, T1, T2, T4, T5, T6, T7)"
:stage.process:model.layers.0.self_attn.o_proj,PushPop,3033121,3035516,1,779,1067134,1369.9,1376.0,1247,2112,69.9,"void <unnamed>::elementwise_kernel_with_index<int, at::native::arange_cuda_out(const c10::Scalar &, const c10::Scalar &, const c10::Scalar &, at::Tensor &)::[lambda() (instance 1)]::operator ()() const::[lambda() (instance 4)]::operator ()() const::[lambda(long) (instance 1)]>(T1, T2, function_traits<T2>::result_type *)"
:stage.process:model.layers.0.self_attn.o_proj,PushPop,3033121,3035516,1,256,1050335,4102.9,4127.5,3904,4320,155.1,"void at::native::elementwise_kernel<(int)128, (int)4, void at::native::gpu_kernel_impl_nocast<at::native::direct_copy_kernel_cuda(at::TensorIteratorBase &)::[lambda() (instance 3)]::operator ()() const::[lambda() (instance 10)]::operator ()() const::[lambda(c10::Half) (instance 1)]>(at::TensorIteratorBase &, const T1 &)::[lambda(int) (instance 1)]>(int, T3)"
:stage.process:model.layers.0.self_attn.o_proj,PushPop,3033121,3035516,1,32,932862,29151.9,28576.0,19840,39232,6868.8,ampere_sgemm_128x32_nt
:stage.process:model.layers.0.self_attn.o_proj,PushPop,3033121,3035516,1,263,932092,3544.1,3392.0,3072,10400,960.9,"void at::native::reduce_kernel<(int)512, (int)1, at::native::ReduceOp<bool, at::native::func_wrapper_t<bool, at::native::or_kernel_cuda(at::TensorIterator &)::[lambda() (instance 1)]::operator ()() const::[lambda() (instance 12)]::operator ()() const::[lambda(bool, bool) (instance 1)]>, unsigned int, bool, (int)4, (int)4>>(T3)"
:stage.process:model.layers.0.self_attn.o_proj,PushPop,3033121,3035516,1,43,851807,19809.5,19680.0,17696,23264,1560.2,ampere_sgemm_128x32_sliced1x4_nn
:stage.process:model.layers.0.self_attn.o_proj,PushPop,3033121,3035516,1,128,707710,5529.0,5504.0,5184,6144,137.6,"void at::native::unrolled_elementwise_kernel<at::native::CUDAFunctor_add<float>, std::array<char *, (unsigned long)3>, (int)4, TrivialOffsetCalculator<(int)2, unsigned int>, TrivialOffsetCalculator<(int)1, unsigned int>, at::native::memory::LoadWithCast<(int)2>, at::native::memory::StoreWithCast<(int)1>>(int, T1, T2, T4, T5, T6, T7)"
:stage.process:model.layers.0.self_attn.o_proj,PushPop,3033121,3035516,1,3,665567,221855.7,329887.0,5344,330336,187504.7,"void at::native::reduce_kernel<(int)512, (int)1, at::native::ReduceOp<long, at::native::func_wrapper_t<long, at::native::sum_functor<long, long, long>::operator ()(at::TensorIterator &)::[lambda(long, long) (instance 1)]>, unsigned int, long, (int)4, (int)4>>(T3)"
:stage.process:model.layers.0.self_attn.o_proj,PushPop,3033121,3035516,1,11,588191,53471.9,10304.0,3200,257919,100907.3,"void at::native::vectorized_elementwise_kernel<(int)2, at::native::AUnaryFunctor<long, long, long, at::native::BitwiseAndFunctor<long>>, std::array<char *, (unsigned long)2>>(int, T2, T3)"
:stage.process:model.layers.0.self_attn.o_proj,PushPop,3033121,3035516,1,4,556670,139167.5,141039.5,3712,270879,151790.7,"void at::native::elementwise_kernel<(int)128, (int)2, void at::native::gpu_kernel_impl_nocast<at::native::BinaryFunctor<long, long, long, at::native::lshift_kernel_cuda(at::TensorIteratorBase &)::[lambda() (instance 1)]::operator ()() const::[lambda() (instance 4)]::operator ()() const::[lambda(long, long) (instance 1)]>>(at::TensorIteratorBase &, const T1 &)::[lambda(int) (instance 1)]>(int, T3)"
:stage.process:model.layers.0.self_attn.o_proj,PushPop,3033121,3035516,1,4,537343,134335.8,133903.5,11488,258048,141817.3,"void at::native::elementwise_kernel<(int)128, (int)2, void at::native::gpu_kernel_impl_nocast<at::native::BinaryFunctor<long, long, long, at::native::rshift_kernel_cuda(at::TensorIteratorBase &)::[lambda() (instance 1)]::operator ()() const::[lambda() (instance 4)]::operator ()() const::[lambda(long, long) (instance 1)]>>(at::TensorIteratorBase &, const T1 &)::[lambda(int) (instance 1)]>(int, T3)"
:stage.process:model.layers.0.self_attn.o_proj,PushPop,3033121,3035516,1,113,508863,4503.2,3392.0,2912,15648,3454.2,"void cublasLt::splitKreduce_kernel<(int)32, (int)16, int, float, float, float, float, (bool)0, float, float, float, (bool)1, (bool)0, (bool)0, (bool)0>(cublasLt::cublasSplitKParams<T6>, const T4 *, const T10 *, T9 *, T5 *, const T6 *, const T6 *, const T11 *, const T4 *, T11 *, void *, long, T6 *, int *, T6 *, T6 *, const T6 *, const T6 *, const T6 *, const T6 *, const T6 *)"
:stage.process:model.layers.0.self_attn.o_proj,PushPop,3033121,3035516,1,129,485247,3761.6,3584.0,3456,7008,366.5,"void at::native::elementwise_kernel<(int)128, (int)4, void at::native::gpu_kernel_impl_nocast<at::native::direct_copy_kernel_cuda(at::TensorIteratorBase &)::[lambda() (instance 3)]::operator ()() const::[lambda() (instance 1)]::operator ()() const::[lambda(unsigned char) (instance 1)]>(at::TensorIteratorBase &, const T1 &)::[lambda(int) (instance 1)]>(int, T3)"
:stage.process:model.layers.0.self_attn.o_proj,PushPop,3033121,3035516,1,3,469695,156565.0,225279.0,18560,225856,119516.2,"void at::native::index_elementwise_kernel<(int)128, (int)4, void at::native::gpu_index_kernel<void at::native::index_kernel_impl<at::native::OpaqueType<(int)8>>(at::TensorIteratorBase &, c10::ArrayRef<long>, c10::ArrayRef<long>)::[lambda(char *, const char *, long) (instance 1)]>(at::TensorIteratorBase &, c10::ArrayRef<long>, c10::ArrayRef<long>, const T1 &, bool)::[lambda(int) (instance 1)]>(long, T3)"
:stage.process:model.layers.0.self_attn.o_proj,PushPop,3033121,3035516,1,263,453407,1724.0,1696.0,1600,3776,262.5,"void at::native::vectorized_elementwise_kernel<(int)4, at::native::BinaryFunctor<bool, bool, bool, at::native::BitwiseOrFunctor<bool>>, std::array<char *, (unsigned long)3>>(int, T2, T3)"
:stage.process:model.layers.0.self_attn.o_proj,PushPop,3033121,3035516,1,16,324256,20266.0,20272.0,19904,20640,185.0,"void at::native::<unnamed>::CatArrayBatchedCopy<at::native::<unnamed>::OpaqueType<(unsigned int)4>, unsigned int, (int)2, (int)64, (int)64>(T1 *, at::native::<unnamed>::CatArrInputTensorMetadata<T1, T2, T4, T5>, at::native::<unnamed>::TensorSizeStride<T2, (unsigned int)4>, int, T2)"
:stage.process:model.layers.0.self_attn.o_proj,PushPop,3033121,3035516,1,132,310240,2350.3,1760.0,1664,22208,3390.4,"void at::native::vectorized_elementwise_kernel<(int)4, at::native::BinaryFunctor<long, long, bool, at::native::<unnamed>::CompareEqFunctor<long>>, std::array<char *, (unsigned long)3>>(int, T2, T3)"
:stage.process:model.layers.0.self_attn.o_proj,PushPop,3033121,3035516,1,128,279519,2183.7,2176.0,2144,2208,17.4,"void at::native::elementwise_kernel<(int)128, (int)2, void at::native::gpu_kernel_impl_nocast<at::native::BUnaryFunctor<long, long, long, at::native::rshift_kernel_cuda(at::TensorIteratorBase &)::[lambda() (instance 1)]::operator ()() const::[lambda() (instance 4)]::operator ()() const::[lambda(long, long) (instance 1)]>>(at::TensorIteratorBase &, const T1 &)::[lambda(int) (instance 1)]>(int, T3)"
:stage.process:model.layers.0.self_attn.o_proj,PushPop,3033121,3035516,1,17,233792,13752.5,14624.0,11104,15072,1372.7,ampere_sgemm_64x32_sliced1x4_nn
:stage.process:model.layers.0.self_attn.o_proj,PushPop,3033121,3035516,1,10,215744,21574.4,21600.0,21248,21952,242.7,"std::enable_if<!T7, void>::type internal::gemvx::kernel<int, int, float, float, float, float, (bool)0, (bool)1, (bool)1, (bool)0, (int)7, (bool)0, cublasGemvParamsEx<int, cublasGemvTensorStridedBatched<const float>, cublasGemvTensorStridedBatched<const float>, cublasGemvTensorStridedBatched<float>, float>>(T13)"
:stage.process:model.layers.0.self_attn.o_proj,PushPop,3033121,3035516,1,10,203008,20300.8,18208.0,3424,48320,11075.3,"void at::native::elementwise_kernel<(int)128, (int)2, void at::native::gpu_kernel_impl_nocast<at::native::BinaryFunctor<float, float, float, at::native::binary_internal::MulFunctor<float>>>(at::TensorIteratorBase &, const T1 &)::[lambda(int) (instance 1)]>(int, T3)"
:stage.process:model.layers.0.self_attn.o_proj,PushPop,3033121,3035516,1,9,177664,19740.4,19680.0,19392,20160,275.9,"void at::native::vectorized_elementwise_kernel<(int)4, at::native::BinaryFunctor<float, float, float, at::native::binary_internal::MulFunctor<float>>, std::array<char *, (unsigned long)3>>(int, T2, T3)"
:stage.process:model.layers.0.self_attn.o_proj,PushPop,3033121,3035516,1,16,168926,10557.9,10288.0,8960,12095,966.9,void cutlass::Kernel2<cutlass_80_simt_sgemm_128x32_8x5_nn_align1>(T1::Params)
:stage.process:model.layers.0.self_attn.o_proj,PushPop,3033121,3035516,1,3,140192,46730.7,46432.0,45728,48032,1180.7,"void at::native::triu_tril_kernel<float, int, (bool)0, (int)2, (bool)1>(at::cuda::detail::TensorInfo<T1, T2>, at::cuda::detail::TensorInfo<const T1, T2>, long, long, T2)"
:stage.process:model.layers.0.self_attn.o_proj,PushPop,3033121,3035516,1,6,133312,22218.7,22096.0,16224,28672,6548.8,"void trsm_batch_left_upper_kernel_small<float, (int)16, (int)16, (int)64>(cublasTrsmBatchParams<T1>, const T1 *const *, T1 *const *, const T1 *, T1)"
:stage.process:model.layers.0.self_attn.o_proj,PushPop,3033121,3035516,1,10,117023,11702.3,11488.0,11328,13888,771.9,"void at::native::reduce_kernel<(int)512, (int)1, at::native::ReduceOp<float, at::native::func_wrapper_t<float, at::native::sum_functor<float, float, float>::operator ()(at::TensorIterator &)::[lambda(float, float) (instance 1)]>, unsigned int, float, (int)4, (int)4>>(T3)"
:stage.process:model.layers.0.self_attn.o_proj,PushPop,3033121,3035516,1,14,108479,7748.5,7376.0,1344,21375,4573.1,"void at::native::vectorized_elementwise_kernel<(int)4, at::native::FillFunctor<float>, std::array<char *, (unsigned long)1>>(int, T2, T3)"
:stage.process:model.layers.0.self_attn.o_proj,PushPop,3033121,3035516,1,9,94784,10531.6,11552.0,1632,12192,3349.3,"void at::native::vectorized_elementwise_kernel<(int)4, at::native::BUnaryFunctor<float, float, float, at::native::binary_internal::MulFunctor<float>>, std::array<char *, (unsigned long)2>>(int, T2, T3)"
:stage.process:model.layers.0.self_attn.o_proj,PushPop,3033121,3035516,1,1,75871,75871.0,75871.0,75871,75871,0.0,"void at::native::<unnamed>::CatArrayBatchedCopy_alignedK_contig<at::native::<unnamed>::OpaqueType<(unsigned int)8>, unsigned int, (int)3, (int)128, (int)1, (int)16>(T1 *, at::native::<unnamed>::CatArrInputTensorMetadata<T1, T2, T4, T5>, at::native::<unnamed>::TensorSizeStride<T2, (unsigned int)4>, int, T2)"
:stage.process:model.layers.0.self_attn.o_proj,PushPop,3033121,3035516,1,10,75712,7571.2,7568.0,3872,11168,2213.0,"void at::native::reduce_kernel<(int)512, (int)1, at::native::ReduceOp<float, at::native::MeanOps<float, float, float, float>, unsigned int, float, (int)4, (int)4>>(T3)"
:stage.process:model.layers.0.self_attn.o_proj,PushPop,3033121,3035516,1,3,53888,17962.7,16832.0,16576,20480,2183.8,"void at::native::vectorized_elementwise_kernel<(int)2, at::native::BinaryFunctor<long, long, long, at::native::BitwiseXorFunctor<long>>, std::array<char *, (unsigned long)3>>(int, T2, T3)"
:stage.process:model.layers.0.self_attn.o_proj,PushPop,3033121,3035516,1,4,41888,10472.0,10416.0,10368,10688,146.4,"void at::native::vectorized_elementwise_kernel<(int)2, at::native::BUnaryFunctor<long, long, long, at::native::rshift_kernel_cuda(at::TensorIteratorBase &)::[lambda() (instance 1)]::operator ()() const::[lambda() (instance 4)]::operator ()() const::[lambda(long, long) (instance 1)]>, std::array<char *, (unsigned long)2>>(int, T2, T3)"
:stage.process:model.layers.0.self_attn.o_proj,PushPop,3033121,3035516,1,10,40767,4076.7,4064.0,3360,4928,444.8,"void at::native::elementwise_kernel<(int)128, (int)2, void at::native::gpu_kernel_impl_nocast<at::native::CUDAFunctorOnSelf_add<float>>(at::TensorIteratorBase &, const T1 &)::[lambda(int) (instance 1)]>(int, T3)"
:stage.process:model.layers.0.self_attn.o_proj,PushPop,3033121,3035516,1,2,38592,19296.0,19296.0,19008,19584,407.3,"void at::native::vectorized_elementwise_kernel<(int)2, at::native::BinaryFunctor<long, long, long, at::native::BitwiseOrFunctor<long>>, std::array<char *, (unsigned long)3>>(int, T2, T3)"
:stage.process:model.layers.0.self_attn.o_proj,PushPop,3033121,3035516,1,6,29664,4944.0,1696.0,1568,11616,5131.5,"void at::native::vectorized_elementwise_kernel<(int)4, at::native::AUnaryFunctor<float, float, float, at::native::binary_internal::MulFunctor<float>>, std::array<char *, (unsigned long)2>>(int, T2, T3)"
:stage.process:model.layers.0.self_attn.o_proj,PushPop,3033121,3035516,1,12,24928,2077.3,2128.0,1664,2432,234.1,"void at::native::vectorized_elementwise_kernel<(int)4, at::native::<unnamed>::CompareFunctor<float>, std::array<char *, (unsigned long)3>>(int, T2, T3)"
:stage.process:model.layers.0.self_attn.o_proj,PushPop,3033121,3035516,1,3,20256,6752.0,8224.0,3776,8256,2577.3,"void at::native::unrolled_elementwise_kernel<at::native::direct_copy_kernel_cuda(at::TensorIteratorBase &)::[lambda() (instance 3)]::operator ()() const::[lambda() (instance 3)]::operator ()() const::[lambda(int) (instance 1)], std::array<char *, (unsigned long)2>, (int)4, TrivialOffsetCalculator<(int)1, unsigned int>, TrivialOffsetCalculator<(int)1, unsigned int>, at::native::memory::LoadWithCast<(int)1>, at::native::memory::StoreWithCast<(int)1>>(int, T1, T2, T4, T5, T6, T7)"
:stage.process:model.layers.0.self_attn.o_proj,PushPop,3033121,3035516,1,2,19648,9824.0,9824.0,9728,9920,135.8,"void at::native::vectorized_elementwise_kernel<(int)2, at::native::BUnaryFunctor<long, long, long, at::native::lshift_kernel_cuda(at::TensorIteratorBase &)::[lambda() (instance 1)]::operator ()() const::[lambda() (instance 4)]::operator ()() const::[lambda(long, long) (instance 1)]>, std::array<char *, (unsigned long)2>>(int, T2, T3)"
:stage.process:model.layers.0.self_attn.o_proj,PushPop,3033121,3035516,1,1,19584,19584.0,19584.0,19584,19584,0.0,"void at::native::elementwise_kernel<(int)128, (int)2, void at::native::gpu_kernel_impl_nocast<at::native::BinaryFunctor<float, float, float, at::native::binary_internal::DivFunctor<float>>>(at::TensorIteratorBase &, const T1 &)::[lambda(int) (instance 1)]>(int, T3)"
:stage.process:model.layers.0.self_attn.o_proj,PushPop,3033121,3035516,1,6,18368,3061.3,1664.0,1632,10112,3454.1,"void at::native::vectorized_elementwise_kernel<(int)2, at::native::AUnaryFunctor<long, long, long, at::native::binary_internal::MulFunctor<long>>, std::array<char *, (unsigned long)2>>(int, T2, T3)"
:stage.process:model.layers.0.self_attn.o_proj,PushPop,3033121,3035516,1,5,16736,3347.2,1632.0,1600,10208,3835.4,"void at::native::vectorized_elementwise_kernel<(int)2, at::native::CUDAFunctorOnSelf_add<long>, std::array<char *, (unsigned long)2>>(int, T2, T3)"
:stage.process:model.layers.0.self_attn.o_proj,PushPop,3033121,3035516,1,1,16416,16416.0,16416.0,16416,16416,0.0,"void at::native::vectorized_elementwise_kernel<(int)4, void at::native::<unnamed>::pow_tensor_scalar_kernel_impl<float, float>(at::TensorIteratorBase &, T2)::[lambda(float) (instance 1)], std::array<char *, (unsigned long)2>>(int, T2, T3)"
:stage.process:model.layers.0.self_attn.o_proj,PushPop,3033121,3035516,1,4,14432,3608.0,3600.0,3456,3776,159.7,"void at::native::vectorized_elementwise_kernel<(int)2, at::native::BUnaryFunctor<long, long, long, at::native::remainder_kernel_cuda(at::TensorIteratorBase &)::[lambda() (instance 1)]::operator ()() const::[lambda() (instance 4)]::operator ()() const::[lambda(long, long) (instance 1)]>, std::array<char *, (unsigned long)2>>(int, T2, T3)"
:stage.process:model.layers.0.self_attn.o_proj,PushPop,3033121,3035516,1,3,13311,4437.0,4480.0,4160,4671,258.2,"void at::native::elementwise_kernel<(int)128, (int)2, void at::native::gpu_kernel_impl_nocast<at::native::direct_copy_kernel_cuda(at::TensorIteratorBase &)::[lambda() (instance 3)]::operator ()() const::[lambda() (instance 3)]::operator ()() const::[lambda(int) (instance 1)]>(at::TensorIteratorBase &, const T1 &)::[lambda(int) (instance 1)]>(int, T3)"
:stage.process:model.layers.0.self_attn.o_proj,PushPop,3033121,3035516,1,8,12224,1528.0,1536.0,1440,1664,70.0,"void at::native::unrolled_elementwise_kernel<at::native::AUnaryFunctor<long, long, long, at::native::BitwiseAndFunctor<long>>, std::array<char *, (unsigned long)2>, (int)4, TrivialOffsetCalculator<(int)1, unsigned int>, TrivialOffsetCalculator<(int)1, unsigned int>, at::native::memory::LoadWithoutCast, at::native::memory::StoreWithoutCast>(int, T1, T2, T4, T5, T6, T7)"
:stage.process:model.layers.0.self_attn.o_proj,PushPop,3033121,3035516,1,1,11488,11488.0,11488.0,11488,11488,0.0,"void at::native::vectorized_elementwise_kernel<(int)4, at::native::float16_copy_kernel_cuda(at::TensorIteratorBase &)::[lambda(float) (instance 1)], std::array<char *, (unsigned long)2>>(int, T2, T3)"
:stage.process:model.layers.0.self_attn.o_proj,PushPop,3033121,3035516,1,6,11391,1898.5,1903.5,1856,1920,26.0,"void at::native::vectorized_elementwise_kernel<(int)4, at::native::FillFunctor<unsigned char>, std::array<char *, (unsigned long)1>>(int, T2, T3)"
:stage.process:model.layers.0.self_attn.o_proj,PushPop,3033121,3035516,1,1,11136,11136.0,11136.0,11136,11136,0.0,"void at::native::reduce_kernel<(int)128, (int)4, at::native::ReduceOp<long, at::native::func_wrapper_t<long, at::native::sum_functor<long, long, long>::operator ()(at::TensorIterator &)::[lambda(long, long) (instance 1)]>, unsigned int, long, (int)4, (int)4>>(T3)"
:stage.process:model.layers.0.self_attn.o_proj,PushPop,3033121,3035516,1,3,10592,3530.7,3584.0,3424,3584,92.4,"void at::native::unrolled_elementwise_kernel<at::native::direct_copy_kernel_cuda(at::TensorIteratorBase &)::[lambda() (instance 3)]::operator ()() const::[lambda() (instance 1)]::operator ()() const::[lambda(unsigned char) (instance 1)], std::array<char *, (unsigned long)2>, (int)4, TrivialOffsetCalculator<(int)1, unsigned int>, TrivialOffsetCalculator<(int)1, unsigned int>, at::native::memory::LoadWithCast<(int)1>, at::native::memory::StoreWithCast<(int)1>>(int, T1, T2, T4, T5, T6, T7)"
:stage.process:model.layers.0.self_attn.o_proj,PushPop,3033121,3035516,1,1,9056,9056.0,9056.0,9056,9056,0.0,ampere_sgemm_32x32_sliced1x4_nn
:stage.process:model.layers.0.self_attn.o_proj,PushPop,3033121,3035516,1,4,8224,2056.0,2080.0,1984,2080,48.0,"void at::native::vectorized_elementwise_kernel<(int)4, at::native::FillFunctor<bool>, std::array<char *, (unsigned long)1>>(int, T2, T3)"
:stage.process:model.layers.0.self_attn.o_proj,PushPop,3033121,3035516,1,3,8032,2677.3,2656.0,2624,2752,66.6,"void at::native::vectorized_elementwise_kernel<(int)4, at::native::AUnaryFunctor<unsigned char, unsigned char, bool, at::native::<unnamed>::CompareEqFunctor<unsigned char>>, std::array<char *, (unsigned long)2>>(int, T2, T3)"
:stage.process:model.layers.0.self_attn.o_proj,PushPop,3033121,3035516,1,2,7424,3712.0,3712.0,3680,3744,45.3,"void at::native::vectorized_elementwise_kernel<(int)2, at::native::BUnaryFunctor<long, long, long, at::native::binary_internal::div_floor_kernel_cuda(at::TensorIteratorBase &)::[lambda() (instance 1)]::operator ()() const::[lambda() (instance 4)]::operator ()() const::[lambda(long, long) (instance 1)]>, std::array<char *, (unsigned long)2>>(int, T2, T3)"
:stage.process:model.layers.0.self_attn.o_proj,PushPop,3033121,3035516,1,4,7264,1816.0,1808.0,1760,1888,54.7,"void at::native::vectorized_elementwise_kernel<(int)4, void at::native::compare_scalar_kernel<c10::Half>(at::TensorIteratorBase &, at::native::<unnamed>::OpType, T1)::[lambda(c10::Half) (instance 1)], std::array<char *, (unsigned long)2>>(int, T2, T3)"
:stage.process:model.layers.0.self_attn.o_proj,PushPop,3033121,3035516,1,2,6656,3328.0,3328.0,3232,3424,135.8,"void at::native::elementwise_kernel<(int)128, (int)2, void at::native::gpu_kernel_impl_nocast<at::native::AbsFunctor<float>>(at::TensorIteratorBase &, const T1 &)::[lambda(int) (instance 1)]>(int, T3)"
:stage.process:model.layers.0.self_attn.o_proj,PushPop,3033121,3035516,1,2,6400,3200.0,3200.0,3200,3200,0.0,"void at::native::elementwise_kernel<(int)128, (int)2, void at::native::gpu_kernel_impl_nocast<at::native::CUDAFunctor_add<long>>(at::TensorIteratorBase &, const T1 &)::[lambda(int) (instance 1)]>(int, T3)"
:stage.process:model.layers.0.self_attn.o_proj,PushPop,3033121,3035516,1,3,5664,1888.0,1952.0,1728,1984,139.5,"void at::native::vectorized_elementwise_kernel<(int)4, at::native::BinaryFunctor<float, float, float, at::native::maximum_kernel_cuda(at::TensorIteratorBase &)::[lambda() (instance 2)]::operator ()() const::[lambda() (instance 2)]::operator ()() const::[lambda(float, float) (instance 1)]>, std::array<char *, (unsigned long)3>>(int, T2, T3)"
:stage.process:model.layers.0.self_attn.o_proj,PushPop,3033121,3035516,1,3,4928,1642.7,1728.0,1440,1760,176.2,"xxtrf4_set_info_ker(int, int *)"
:stage.process:model.layers.0.self_attn.o_proj,PushPop,3033121,3035516,1,2,4800,2400.0,2400.0,2400,2400,0.0,"void at::native::vectorized_elementwise_kernel<(int)2, at::native::CUDAFunctorOnOther_add<long>, std::array<char *, (unsigned long)2>>(int, T2, T3)"
:stage.process:model.layers.0.self_attn.o_proj,PushPop,3033121,3035516,1,1,4480,4480.0,4480.0,4480,4480,0.0,"void at::native::<unnamed>::CatArrayBatchedCopy_vectorized<at::native::<unnamed>::OpaqueType<(unsigned int)2>, unsigned int, (int)1, (int)128, (int)1, (int)16, (int)8>(char *, at::native::<unnamed>::CatArrInputTensorMetadata<T1, T2, T4, T5>, at::native::<unnamed>::TensorSizeStride<T2, (unsigned int)4>, int, T2)"
:stage.process:model.layers.0.self_attn.o_proj,PushPop,3033121,3035516,1,1,3616,3616.0,3616.0,3616,3616,0.0,"void at::native::vectorized_elementwise_kernel<(int)4, at::native::AUnaryFunctor<unsigned char, unsigned char, unsigned char, at::native::binary_internal::MulFunctor<unsigned char>>, std::array<char *, (unsigned long)2>>(int, T2, T3)"
:stage.process:model.layers.0.self_attn.o_proj,PushPop,3033121,3035516,1,1,2752,2752.0,2752.0,2752,2752,0.0,"void at::native::vectorized_elementwise_kernel<(int)4, at::native::BinaryFunctor<unsigned char, unsigned char, bool, at::native::<unnamed>::CompareEqFunctor<unsigned char>>, std::array<char *, (unsigned long)3>>(int, T2, T3)"
:stage.process:model.layers.0.self_attn.o_proj,PushPop,3033121,3035516,1,1,2208,2208.0,2208.0,2208,2208,0.0,"void at::native::unrolled_elementwise_kernel<at::native::direct_copy_kernel_cuda(at::TensorIteratorBase &)::[lambda() (instance 3)]::operator ()() const::[lambda() (instance 11)]::operator ()() const::[lambda(bool) (instance 1)], std::array<char *, (unsigned long)2>, (int)4, TrivialOffsetCalculator<(int)1, unsigned int>, TrivialOffsetCalculator<(int)1, unsigned int>, at::native::memory::LoadWithCast<(int)1>, at::native::memory::StoreWithCast<(int)1>>(int, T1, T2, T4, T5, T6, T7)"
:stage.process:model.layers.0.self_attn.o_proj,PushPop,3033121,3035516,1,1,2144,2144.0,2144.0,2144,2144,0.0,"void at::native::vectorized_elementwise_kernel<(int)4, at::native::sqrt_kernel_cuda(at::TensorIteratorBase &)::[lambda() (instance 2)]::operator ()() const::[lambda() (instance 2)]::operator ()() const::[lambda(float) (instance 1)], std::array<char *, (unsigned long)2>>(int, T2, T3)"
:stage.process:model.layers.0.self_attn.o_proj,PushPop,3033121,3035516,1,1,2080,2080.0,2080.0,2080,2080,0.0,"void at::native::unrolled_elementwise_kernel<at::native::<unnamed>::CompareFunctor<c10::Half>, std::array<char *, (unsigned long)3>, (int)4, TrivialOffsetCalculator<(int)2, unsigned int>, TrivialOffsetCalculator<(int)1, unsigned int>, at::native::memory::LoadWithoutCast, at::native::memory::StoreWithoutCast>(int, T1, T2, T4, T5, T6, T7)"
:stage.process:model.layers.0.self_attn.o_proj,PushPop,3033121,3035516,1,1,1760,1760.0,1760.0,1760,1760,0.0,"void at::native::vectorized_elementwise_kernel<(int)4, at::native::<unnamed>::launch_clamp_scalar(at::TensorIteratorBase &, c10::Scalar, c10::Scalar, at::native::detail::ClampLimits)::[lambda() (instance 1)]::operator ()() const::[lambda() (instance 7)]::operator ()() const::[lambda(float) (instance 1)], std::array<char *, (unsigned long)2>>(int, T2, T3)"
:stage.process:model.layers.0.self_attn.q_proj,PushPop,3033121,3035516,1,1318,1952509098,1481418.1,1018094.0,1002077,3439191,918507.9,void <unnamed>::qvq_fused_w2_family_grid_kernel<(bool)0>(<unnamed>::FusedSequenceArgs)
:stage.process:model.layers.0.self_attn.q_proj,PushPop,3033121,3035516,1,766,1442436259,1883076.1,1419229.0,1356060,2856600,660035.9,"void <unnamed>::qvq_viterbi_kernel<(int)4, (int)2, __half, unsigned char>(const float *, const T3 *, const float *, const long *, const float *, T4 *, long *, float *, int, int, int, bool, bool, bool)"
:stage.process:model.layers.0.self_attn.q_proj,PushPop,3033121,3035516,1,3744,541900213,144738.3,145312.0,132416,153376,3853.0,"void <unnamed>::qvq_v2_segment_grid_kernel<(int)4, (int)2, (int)16, (bool)1, (bool)0, __half, unsigned char>(const float *, const T6 *, const float *, const long *, const float *, const float *, float *, T7 *, unsigned char *, int, int, int, bool, bool)"
:stage.process:model.layers.0.self_attn.q_proj,PushPop,3033121,3035516,1,694,402915593,580570.0,576334.5,308191,862654,161925.0,ampere_sgemm_64x32_sliced1x4_nt
:stage.process:model.layers.0.self_attn.q_proj,PushPop,3033121,3035516,1,1318,115423758,87574.9,86911.5,69344,104704,8880.9,"<unnamed>::qvq_fused_w2_traceback_kernel(const unsigned char *, const unsigned char *, const int *, long *, unsigned char *, int)"
:stage.process:model.layers.0.self_attn.q_proj,PushPop,3033121,3035516,1,4080,73082447,17912.4,8352.0,4384,52192,13674.3,"void at::native::index_elementwise_kernel<(int)128, (int)4, void at::native::gpu_index_kernel<void at::native::index_kernel_impl<at::native::OpaqueType<(int)4>>(at::TensorIteratorBase &, c10::ArrayRef<long>, c10::ArrayRef<long>)::[lambda(char *, const char *, long) (instance 1)]>(at::TensorIteratorBase &, c10::ArrayRef<long>, c10::ArrayRef<long>, const T1 &, bool)::[lambda(int) (instance 1)]>(long, T3)"
:stage.process:model.layers.0.self_attn.q_proj,PushPop,3033121,3035516,1,288,51173953,177687.3,177664.0,58688,296000,70103.4,void cutlass::Kernel2<cutlass_80_simt_sgemm_128x32_8x5_nt_align1>(T1::Params)
:stage.process:model.layers.0.self_attn.q_proj,PushPop,3033121,3035516,1,468,36648733,78309.3,77487.5,68448,89472,4372.8,"void <unnamed>::qvq_v2_segment_grid_finalize_kernel<(int)4, (int)2, (int)16, (bool)0, __half, unsigned char>(const float *, const T5 *, const float *, const long *, const float *, const float *, const T6 *, const unsigned char *, long *, unsigned char *, float *, int, int, bool, bool)"
:stage.process:model.layers.0.self_attn.q_proj,PushPop,3033121,3035516,1,996,29927039,30047.2,30256.0,4320,60768,15647.8,"void gemmSN_NN_kernel<float, (int)128, (int)2, (int)4, (int)8, (int)4, (int)4, (bool)0, cublasGemvTensorStridedBatched<const float>, cublasGemvTensorStridedBatched<const float>, cublasGemvTensorStridedBatched<float>>(cublasGemmSmallNParams<T9, T10, T11, T1>)"
:stage.process:model.layers.0.self_attn.q_proj,PushPop,3033121,3035516,1,50,20697900,413958.0,20784.0,15648,861246,415664.3,ampere_sgemm_128x32_nn
:stage.process:model.layers.0.self_attn.q_proj,PushPop,3033121,3035516,1,2974,18982347,6382.8,7200.0,2528,11808,1780.5,"void at::native::reduce_kernel<(int)512, (int)1, at::native::ReduceOp<bool, at::native::func_wrapper_t<bool, at::native::and_kernel_cuda(at::TensorIterator &)::[lambda() (instance 1)]::operator ()() const::[lambda() (instance 12)]::operator ()() const::[lambda(bool, bool) (instance 1)]>, unsigned int, bool, (int)4, (int)4>>(T3)"
:stage.process:model.layers.0.self_attn.q_proj,PushPop,3033121,3035516,1,1318,15591837,11829.9,13184.0,9120,14944,2148.6,"<unnamed>::qvq_fused_detect_family_mask_kernel(const unsigned int *, int *)"
:stage.process:model.layers.0.self_attn.q_proj,PushPop,3033121,3035516,1,2040,13336764,6537.6,6624.0,3456,7104,335.0,"void at::native::index_elementwise_kernel<(int)128, (int)4, void at::native::gpu_index_kernel<void at::native::index_put_kernel_impl<at::native::OpaqueType<(int)4>>(at::TensorIterator &, c10::ArrayRef<long>, c10::ArrayRef<long>)::[lambda(char *, const char *, long) (instance 1)]>(at::TensorIteratorBase &, c10::ArrayRef<long>, c10::ArrayRef<long>, const T1 &, bool)::[lambda(int) (instance 1)]>(long, T3)"
:stage.process:model.layers.0.self_attn.q_proj,PushPop,3033121,3035516,1,1410,12286079,8713.5,8288.0,4576,32576,1375.7,"void at::native::index_elementwise_kernel<(int)128, (int)4, void at::native::gpu_index_kernel<void at::native::index_kernel_impl<at::native::OpaqueType<(int)2>>(at::TensorIteratorBase &, c10::ArrayRef<long>, c10::ArrayRef<long>)::[lambda(char *, const char *, long) (instance 1)]>(at::TensorIteratorBase &, c10::ArrayRef<long>, c10::ArrayRef<long>, const T1 &, bool)::[lambda(int) (instance 1)]>(long, T3)"
:stage.process:model.layers.0.self_attn.q_proj,PushPop,3033121,3035516,1,1788,11801928,6600.6,7168.0,3232,8608,1267.4,"void at::native::reduce_kernel<(int)512, (int)1, at::native::ReduceOp<float, at::native::func_wrapper_t<float, at::native::MaxNanFunctor<float>>, unsigned int, float, (int)4, (int)4>>(T3)"
:stage.process:model.layers.0.self_attn.q_proj,PushPop,3033121,3035516,1,2241,8728901,3895.1,3168.0,2143,54912,4951.9,"void at::native::elementwise_kernel<(int)128, (int)2, void at::native::gpu_kernel_impl_nocast<at::native::direct_copy_kernel_cuda(at::TensorIteratorBase &)::[lambda() (instance 3)]::operator ()() const::[lambda() (instance 7)]::operator ()() const::[lambda(float) (instance 1)]>(at::TensorIteratorBase &, const T1 &)::[lambda(int) (instance 1)]>(int, T3)"
:stage.process:model.layers.0.self_attn.q_proj,PushPop,3033121,3035516,1,3611,7740193,2143.5,2048.0,1536,18784,825.7,"void at::native::vectorized_elementwise_kernel<(int)4, at::native::AbsFunctor<float>, std::array<char *, (unsigned long)2>>(int, T2, T3)"
:stage.process:model.layers.0.self_attn.q_proj,PushPop,3033121,3035516,1,1020,6875630,6740.8,6831.5,3456,7104,446.6,"void at::native::index_elementwise_kernel<(int)128, (int)4, void at::native::gpu_index_kernel<void at::native::index_put_kernel_impl<at::native::OpaqueType<(int)8>>(at::TensorIterator &, c10::ArrayRef<long>, c10::ArrayRef<long>)::[lambda(char *, const char *, long) (instance 1)]>(at::TensorIteratorBase &, c10::ArrayRef<long>, c10::ArrayRef<long>, const T1 &, bool)::[lambda(int) (instance 1)]>(long, T3)"
:stage.process:model.layers.0.self_attn.q_proj,PushPop,3033121,3035516,1,772,6219765,8056.7,8064.0,7584,8576,180.7,"void at::native::reduce_kernel<(int)512, (int)1, at::native::ReduceOp<c10::Half, at::native::func_wrapper_t<c10::Half, at::native::MaxNanFunctor<c10::Half>>, unsigned int, c10::Half, (int)4, (int)4>>(T3)"
:stage.process:model.layers.0.self_attn.q_proj,PushPop,3033121,3035516,1,2598,5580691,2148.1,2080.0,1536,6592,317.5,"void at::native::vectorized_elementwise_kernel<(int)4, at::native::BinaryFunctor<bool, bool, bool, at::native::binary_internal::MulFunctor<bool>>, std::array<char *, (unsigned long)3>>(int, T2, T3)"
:stage.process:model.layers.0.self_attn.q_proj,PushPop,3033121,3035516,1,177,5442512,30748.7,26880.0,3872,72128,22130.1,"void gemmSN_NN_kernel<float, (int)256, (int)4, (int)2, (int)8, (int)4, (int)4, (bool)0, cublasGemvTensorStridedBatched<const float>, cublasGemvTensorStridedBatched<const float>, cublasGemvTensorStridedBatched<float>>(cublasGemmSmallNParams<T9, T10, T11, T1>)"
:stage.process:model.layers.0.self_attn.q_proj,PushPop,3033121,3035516,1,1285,5271219,4102.1,4096.0,2688,19264,609.7,"void at::native::unrolled_elementwise_kernel<at::native::direct_copy_kernel_cuda(at::TensorIteratorBase &)::[lambda() (instance 3)]::operator ()() const::[lambda() (instance 7)]::operator ()() const::[lambda(float) (instance 1)], std::array<char *, (unsigned long)2>, (int)4, TrivialOffsetCalculator<(int)1, unsigned int>, TrivialOffsetCalculator<(int)1, unsigned int>, at::native::memory::LoadWithCast<(int)1>, at::native::memory::StoreWithCast<(int)1>>(int, T1, T2, T4, T5, T6, T7)"
:stage.process:model.layers.0.self_attn.q_proj,PushPop,3033121,3035516,1,5,4703445,940689.0,934814.0,932734,966205,14329.1,ampere_sgemm_128x32_tn
:stage.process:model.layers.0.self_attn.q_proj,PushPop,3033121,3035516,1,765,4673652,6109.3,6496.0,3200,8256,1200.3,"void at::native::index_elementwise_kernel<(int)128, (int)4, void at::native::gpu_index_kernel<void at::native::index_put_kernel_impl<at::native::OpaqueType<(int)1>>(at::TensorIterator &, c10::ArrayRef<long>, c10::ArrayRef<long>)::[lambda(char *, const char *, long) (instance 1)]>(at::TensorIteratorBase &, c10::ArrayRef<long>, c10::ArrayRef<long>, const T1 &, bool)::[lambda(int) (instance 1)]>(long, T3)"
:stage.process:model.layers.0.self_attn.q_proj,PushPop,3033121,3035516,1,1824,3980157,2182.1,2112.0,1568,16768,961.8,"void at::native::vectorized_elementwise_kernel<(int)4, at::native::BinaryFunctor<float, float, bool, at::native::<unnamed>::CompareEqFunctor<float>>, std::array<char *, (unsigned long)3>>(int, T2, T3)"
:stage.process:model.layers.0.self_attn.q_proj,PushPop,3033121,3035516,1,2044,3877397,1897.0,1920.0,1568,2240,105.1,"void at::native::vectorized_elementwise_kernel<(int)4, at::native::BinaryFunctor<bool, bool, bool, at::native::logical_or_kernel_cuda(at::TensorIterator &)::[lambda() (instance 2)]::operator ()() const::[lambda() (instance 9)]::operator ()() const::[lambda(bool, bool) (instance 1)]>, std::array<char *, (unsigned long)3>>(int, T2, T3)"
:stage.process:model.layers.0.self_attn.q_proj,PushPop,3033121,3035516,1,1823,3855124,2114.7,2080.0,1472,6560,348.1,"void at::native::vectorized_elementwise_kernel<(int)4, at::native::AUnaryFunctor<float, float, bool, at::native::<unnamed>::CompareEqFunctor<float>>, std::array<char *, (unsigned long)2>>(int, T2, T3)"
:stage.process:model.layers.0.self_attn.q_proj,PushPop,3033121,3035516,1,1150,3618579,3146.6,3168.0,1952,24160,647.2,"void at::native::elementwise_kernel<(int)128, (int)2, void at::native::gpu_kernel_impl_nocast<at::native::direct_copy_kernel_cuda(at::TensorIteratorBase &)::[lambda() (instance 3)]::operator ()() const::[lambda() (instance 4)]::operator ()() const::[lambda(long) (instance 1)]>(at::TensorIteratorBase &, const T1 &)::[lambda(int) (instance 1)]>(int, T3)"
:stage.process:model.layers.0.self_attn.q_proj,PushPop,3033121,3035516,1,1547,3423054,2212.7,2144.0,1632,3072,182.6,"void at::native::vectorized_elementwise_kernel<(int)4, at::native::AbsFunctor<c10::Half>, std::array<char *, (unsigned long)2>>(int, T2, T3)"
:stage.process:model.layers.0.self_attn.q_proj,PushPop,3033121,3035516,1,1268,3223579,2542.3,2528.0,1824,3392,348.8,"void at::native::elementwise_kernel<(int)128, (int)2, void at::native::gpu_kernel_impl_nocast<at::native::AUnaryFunctor<long, long, long, at::native::BitwiseAndFunctor<long>>>(at::TensorIteratorBase &, const T1 &)::[lambda(int) (instance 1)]>(int, T3)"
:stage.process:model.layers.0.self_attn.q_proj,PushPop,3033121,3035516,1,1276,3217273,2521.4,2464.0,1728,3072,182.8,"void at::native::roll_cuda_kernel<float>(const T1 *, T1 *, long, long, long, long, long, long)"
:stage.process:model.layers.0.self_attn.q_proj,PushPop,3033121,3035516,1,429,3208504,7479.0,4192.0,3168,48320,4956.1,"void at::native::elementwise_kernel<(int)128, (int)2, void at::native::gpu_kernel_impl_nocast<at::native::CUDAFunctor_add<float>>(at::TensorIteratorBase &, const T1 &)::[lambda(int) (instance 1)]>(int, T3)"
:stage.process:model.layers.0.self_attn.q_proj,PushPop,3033121,3035516,1,1234,3191508,2586.3,2656.0,2176,3200,267.6,"<unnamed>::qvq_half2_codebook_norm_pack_kernel(const __half *, unsigned long *, int)"
:stage.process:model.layers.0.self_attn.q_proj,PushPop,3033121,3035516,1,1176,3145627,2674.9,2208.0,1632,27008,2986.3,"void at::native::vectorized_elementwise_kernel<(int)4, at::native::CUDAFunctor_add<float>, std::array<char *, (unsigned long)3>>(int, T2, T3)"
:stage.process:model.layers.0.self_attn.q_proj,PushPop,3033121,3035516,1,378,3123283,8262.7,8256.0,7840,8448,68.1,"void batch_trsm_left_kernel<float, (int)64, (int)4, (int)3, (bool)0, (bool)0, (bool)1>(cublasTrsmBatchParams2<T1>, T1, const T1 *, int)"
:stage.process:model.layers.0.self_attn.q_proj,PushPop,3033121,3035516,1,905,2826837,3123.6,3232.0,1920,11680,595.3,"void at::native::unrolled_elementwise_kernel<at::native::direct_copy_kernel_cuda(at::TensorIteratorBase &)::[lambda() (instance 3)]::operator ()() const::[lambda() (instance 4)]::operator ()() const::[lambda(long) (instance 1)], std::array<char *, (unsigned long)2>, (int)4, TrivialOffsetCalculator<(int)1, unsigned int>, TrivialOffsetCalculator<(int)1, unsigned int>, at::native::memory::LoadWithCast<(int)1>, at::native::memory::StoreWithCast<(int)1>>(int, T1, T2, T4, T5, T6, T7)"
:stage.process:model.layers.0.self_attn.q_proj,PushPop,3033121,3035516,1,3,2771608,923869.3,923933.0,922686,924989,1152.8,"void kernel<getrf_wo_pivot_params_<float, (int)0, (int)256, (int)1, (int)64, (int)64, (int)68, (int)8, (int)1, (int)1>>(int, int, void *, int, void *, int, int, int, int, int, int *)"
:stage.process:model.layers.0.self_attn.q_proj,PushPop,3033121,3035516,1,1534,2634748,1717.6,1696.0,1536,2176,113.3,"void at::native::vectorized_elementwise_kernel<(int)4, void at::native::compare_scalar_kernel<float>(at::TensorIteratorBase &, at::native::<unnamed>::OpType, T1)::[lambda(float) (instance 1)], std::array<char *, (unsigned long)2>>(int, T2, T3)"
:stage.process:model.layers.0.self_attn.q_proj,PushPop,3033121,3035516,1,400,2325018,5812.5,4032.0,3999,53280,8830.0,ampere_sgemm_32x128_nt
:stage.process:model.layers.0.self_attn.q_proj,PushPop,3033121,3035516,1,1020,2035773,1995.9,2048.0,1664,2368,110.1,"void at::native::vectorized_elementwise_kernel<(int)4, at::native::bitwise_not_kernel_cuda(at::TensorIteratorBase &)::[lambda(bool) (instance 1)], std::array<char *, (unsigned long)2>>(int, T2, T3)"
:stage.process:model.layers.0.self_attn.q_proj,PushPop,3033121,3035516,1,1318,1895867,1438.4,1440.0,1280,1760,80.8,"void at::native::vectorized_elementwise_kernel<(int)4, at::native::FillFunctor<int>, std::array<char *, (unsigned long)1>>(int, T2, T3)"
:stage.process:model.layers.0.self_attn.q_proj,PushPop,3033121,3035516,1,1294,1780958,1376.3,1376.0,1248,2496,91.6,"void <unnamed>::elementwise_kernel_with_index<int, at::native::arange_cuda_out(const c10::Scalar &, const c10::Scalar &, const c10::Scalar &, at::Tensor &)::[lambda() (instance 1)]::operator ()() const::[lambda() (instance 4)]::operator ()() const::[lambda(long) (instance 1)]>(T1, T2, function_traits<T2>::result_type *)"
:stage.process:model.layers.0.self_attn.q_proj,PushPop,3033121,3035516,1,775,1756156,2266.0,2240.0,1728,2368,58.7,"void at::native::vectorized_elementwise_kernel<(int)4, at::native::BinaryFunctor<c10::Half, c10::Half, bool, at::native::<unnamed>::CompareEqFunctor<c10::Half>>, std::array<char *, (unsigned long)3>>(int, T2, T3)"
:stage.process:model.layers.0.self_attn.q_proj,PushPop,3033121,3035516,1,775,1748924,2256.7,2272.0,1760,2368,58.2,"void at::native::vectorized_elementwise_kernel<(int)4, at::native::AUnaryFunctor<c10::Half, c10::Half, bool, at::native::<unnamed>::CompareEqFunctor<c10::Half>>, std::array<char *, (unsigned long)2>>(int, T2, T3)"
:stage.process:model.layers.0.self_attn.q_proj,PushPop,3033121,3035516,1,800,1469214,1836.5,1760.0,1632,11967,545.5,"void at::native::vectorized_elementwise_kernel<(int)4, void at::native::compare_scalar_kernel<long>(at::TensorIteratorBase &, at::native::<unnamed>::OpType, T1)::[lambda(long) (instance 1)], std::array<char *, (unsigned long)2>>(int, T2, T3)"
:stage.process:model.layers.0.self_attn.q_proj,PushPop,3033121,3035516,1,1022,1467354,1435.8,1440.0,1312,7328,255.5,"void at::native::vectorized_elementwise_kernel<(int)2, at::native::FillFunctor<long>, std::array<char *, (unsigned long)1>>(int, T2, T3)"
:stage.process:model.layers.0.self_attn.q_proj,PushPop,3033121,3035516,1,512,1465503,2862.3,2976.0,1856,3424,321.9,"void at::native::elementwise_kernel<(int)128, (int)2, void at::native::gpu_kernel_impl_nocast<at::native::CUDAFunctor_add<long>>(at::TensorIteratorBase &, const T1 &)::[lambda(int) (instance 1)]>(int, T3)"
:stage.process:model.layers.0.self_attn.q_proj,PushPop,3033121,3035516,1,512,1338876,2615.0,2592.0,2368,2912,128.9,"void at::native::unrolled_elementwise_kernel<at::native::BinaryFunctor<float, float, float, at::native::maximum_kernel_cuda(at::TensorIteratorBase &)::[lambda() (instance 2)]::operator ()() const::[lambda() (instance 2)]::operator ()() const::[lambda(float, float) (instance 1)]>, std::array<char *, (unsigned long)3>, (int)4, TrivialOffsetCalculator<(int)2, unsigned int>, TrivialOffsetCalculator<(int)1, unsigned int>, at::native::memory::LoadWithCast<(int)2>, at::native::memory::StoreWithCast<(int)1>>(int, T1, T2, T4, T5, T6, T7)"
:stage.process:model.layers.0.self_attn.q_proj,PushPop,3033121,3035516,1,776,1306587,1683.7,1664.0,1504,9920,310.2,"void at::native::vectorized_elementwise_kernel<(int)2, at::native::AUnaryFunctor<long, long, long, at::native::binary_internal::MulFunctor<long>>, std::array<char *, (unsigned long)2>>(int, T2, T3)"
:stage.process:model.layers.0.self_attn.q_proj,PushPop,3033121,3035516,1,256,1054301,4118.4,4064.0,3903,4512,199.5,"void at::native::elementwise_kernel<(int)128, (int)4, void at::native::gpu_kernel_impl_nocast<at::native::direct_copy_kernel_cuda(at::TensorIteratorBase &)::[lambda() (instance 3)]::operator ()() const::[lambda() (instance 10)]::operator ()() const::[lambda(c10::Half) (instance 1)]>(at::TensorIteratorBase &, const T1 &)::[lambda(int) (instance 1)]>(int, T3)"
:stage.process:model.layers.0.self_attn.q_proj,PushPop,3033121,3035516,1,272,1030652,3789.2,3328.0,3104,13536,1943.4,"void at::native::reduce_kernel<(int)512, (int)1, at::native::ReduceOp<bool, at::native::func_wrapper_t<bool, at::native::or_kernel_cuda(at::TensorIterator &)::[lambda() (instance 1)]::operator ()() const::[lambda() (instance 12)]::operator ()() const::[lambda(bool, bool) (instance 1)]>, unsigned int, bool, (int)4, (int)4>>(T3)"
:stage.process:model.layers.0.self_attn.q_proj,PushPop,3033121,3035516,1,32,929693,29052.9,28832.0,19584,39200,7067.0,ampere_sgemm_128x32_nt
:stage.process:model.layers.0.self_attn.q_proj,PushPop,3033121,3035516,1,43,855229,19889.0,19744.0,17760,23456,1550.8,ampere_sgemm_128x32_sliced1x4_nn
:stage.process:model.layers.0.self_attn.q_proj,PushPop,3033121,3035516,1,128,730942,5710.5,5696.0,5280,6272,171.3,"void at::native::unrolled_elementwise_kernel<at::native::CUDAFunctor_add<float>, std::array<char *, (unsigned long)3>, (int)4, TrivialOffsetCalculator<(int)2, unsigned int>, TrivialOffsetCalculator<(int)1, unsigned int>, at::native::memory::LoadWithCast<(int)2>, at::native::memory::StoreWithCast<(int)1>>(int, T1, T2, T4, T5, T6, T7)"
:stage.process:model.layers.0.self_attn.q_proj,PushPop,3033121,3035516,1,3,665694,221898.0,330015.0,5472,330207,187430.4,"void at::native::reduce_kernel<(int)512, (int)1, at::native::ReduceOp<long, at::native::func_wrapper_t<long, at::native::sum_functor<long, long, long>::operator ()(at::TensorIterator &)::[lambda(long, long) (instance 1)]>, unsigned int, long, (int)4, (int)4>>(T3)"
:stage.process:model.layers.0.self_attn.q_proj,PushPop,3033121,3035516,1,21,608285,28966.0,3264.0,2176,258175,75738.9,"void at::native::vectorized_elementwise_kernel<(int)2, at::native::AUnaryFunctor<long, long, long, at::native::BitwiseAndFunctor<long>>, std::array<char *, (unsigned long)2>>(int, T2, T3)"
:stage.process:model.layers.0.self_attn.q_proj,PushPop,3033121,3035516,1,4,558654,139663.5,141039.5,3776,272799,152057.7,"void at::native::elementwise_kernel<(int)128, (int)2, void at::native::gpu_kernel_impl_nocast<at::native::BinaryFunctor<long, long, long, at::native::lshift_kernel_cuda(at::TensorIteratorBase &)::[lambda() (instance 1)]::operator ()() const::[lambda() (instance 4)]::operator ()() const::[lambda(long, long) (instance 1)]>>(at::TensorIteratorBase &, const T1 &)::[lambda(int) (instance 1)]>(int, T3)"
:stage.process:model.layers.0.self_attn.q_proj,PushPop,3033121,3035516,1,4,539904,134976.0,134992.0,11264,258656,142628.8,"void at::native::elementwise_kernel<(int)128, (int)2, void at::native::gpu_kernel_impl_nocast<at::native::BinaryFunctor<long, long, long, at::native::rshift_kernel_cuda(at::TensorIteratorBase &)::[lambda() (instance 1)]::operator ()() const::[lambda() (instance 4)]::operator ()() const::[lambda(long, long) (instance 1)]>>(at::TensorIteratorBase &, const T1 &)::[lambda(int) (instance 1)]>(int, T3)"
:stage.process:model.layers.0.self_attn.q_proj,PushPop,3033121,3035516,1,129,515264,3994.3,3968.0,3904,6976,266.9,"void at::native::elementwise_kernel<(int)128, (int)4, void at::native::gpu_kernel_impl_nocast<at::native::direct_copy_kernel_cuda(at::TensorIteratorBase &)::[lambda() (instance 3)]::operator ()() const::[lambda() (instance 1)]::operator ()() const::[lambda(unsigned char) (instance 1)]>(at::TensorIteratorBase &, const T1 &)::[lambda(int) (instance 1)]>(int, T3)"
:stage.process:model.layers.0.self_attn.q_proj,PushPop,3033121,3035516,1,113,507391,4490.2,3392.0,2912,15744,3441.7,"void cublasLt::splitKreduce_kernel<(int)32, (int)16, int, float, float, float, float, (bool)0, float, float, float, (bool)1, (bool)0, (bool)0, (bool)0>(cublasLt::cublasSplitKParams<T6>, const T4 *, const T10 *, T9 *, T5 *, const T6 *, const T6 *, const T11 *, const T4 *, T11 *, void *, long, T6 *, int *, T6 *, T6 *, const T6 *, const T6 *, const T6 *, const T6 *, const T6 *)"
:stage.process:model.layers.0.self_attn.q_proj,PushPop,3033121,3035516,1,7,493758,70536.9,6144.0,5920,226047,106042.4,"void at::native::index_elementwise_kernel<(int)128, (int)4, void at::native::gpu_index_kernel<void at::native::index_kernel_impl<at::native::OpaqueType<(int)8>>(at::TensorIteratorBase &, c10::ArrayRef<long>, c10::ArrayRef<long>)::[lambda(char *, const char *, long) (instance 1)]>(at::TensorIteratorBase &, c10::ArrayRef<long>, c10::ArrayRef<long>, const T1 &, bool)::[lambda(int) (instance 1)]>(long, T3)"
:stage.process:model.layers.0.self_attn.q_proj,PushPop,3033121,3035516,1,255,484094,1898.4,1952.0,1568,2208,121.7,"void at::native::vectorized_elementwise_kernel<(int)2, at::native::CUDAFunctor_add<long>, std::array<char *, (unsigned long)3>>(int, T2, T3)"
:stage.process:model.layers.0.self_attn.q_proj,PushPop,3033121,3035516,1,272,480861,1767.9,1728.0,1696,3744,254.6,"void at::native::vectorized_elementwise_kernel<(int)4, at::native::BinaryFunctor<bool, bool, bool, at::native::BitwiseOrFunctor<bool>>, std::array<char *, (unsigned long)3>>(int, T2, T3)"
:stage.process:model.layers.0.self_attn.q_proj,PushPop,3033121,3035516,1,16,327359,20459.9,20368.0,20064,21248,350.4,"void at::native::<unnamed>::CatArrayBatchedCopy<at::native::<unnamed>::OpaqueType<(unsigned int)4>, unsigned int, (int)2, (int)64, (int)64>(T1 *, at::native::<unnamed>::CatArrInputTensorMetadata<T1, T2, T4, T5>, at::native::<unnamed>::TensorSizeStride<T2, (unsigned int)4>, int, T2)"
:stage.process:model.layers.0.self_attn.q_proj,PushPop,3033121,3035516,1,132,311902,2362.9,1792.0,1695,22048,3383.2,"void at::native::vectorized_elementwise_kernel<(int)4, at::native::BinaryFunctor<long, long, bool, at::native::<unnamed>::CompareEqFunctor<long>>, std::array<char *, (unsigned long)3>>(int, T2, T3)"
:stage.process:model.layers.0.self_attn.q_proj,PushPop,3033121,3035516,1,128,280128,2188.5,2176.0,2176,2240,16.7,"void at::native::elementwise_kernel<(int)128, (int)2, void at::native::gpu_kernel_impl_nocast<at::native::BUnaryFunctor<long, long, long, at::native::rshift_kernel_cuda(at::TensorIteratorBase &)::[lambda() (instance 1)]::operator ()() const::[lambda() (instance 4)]::operator ()() const::[lambda(long, long) (instance 1)]>>(at::TensorIteratorBase &, const T1 &)::[lambda(int) (instance 1)]>(int, T3)"
:stage.process:model.layers.0.self_attn.q_proj,PushPop,3033121,3035516,1,17,234944,13820.2,14848.0,11264,15040,1353.3,ampere_sgemm_64x32_sliced1x4_nn
:stage.process:model.layers.0.self_attn.q_proj,PushPop,3033121,3035516,1,10,213888,21388.8,21440.0,21056,21696,226.9,"std::enable_if<!T7, void>::type internal::gemvx::kernel<int, int, float, float, float, float, (bool)0, (bool)1, (bool)1, (bool)0, (int)7, (bool)0, cublasGemvParamsEx<int, cublasGemvTensorStridedBatched<const float>, cublasGemvTensorStridedBatched<const float>, cublasGemvTensorStridedBatched<float>, float>>(T13)"
:stage.process:model.layers.0.self_attn.q_proj,PushPop,3033121,3035516,1,10,206208,20620.8,18032.0,3648,51968,12090.9,"void at::native::elementwise_kernel<(int)128, (int)2, void at::native::gpu_kernel_impl_nocast<at::native::BinaryFunctor<float, float, float, at::native::binary_internal::MulFunctor<float>>>(at::TensorIteratorBase &, const T1 &)::[lambda(int) (instance 1)]>(int, T3)"
:stage.process:model.layers.0.self_attn.q_proj,PushPop,3033121,3035516,1,9,178464,19829.3,19712.0,19552,20480,308.2,"void at::native::vectorized_elementwise_kernel<(int)4, at::native::BinaryFunctor<float, float, float, at::native::binary_internal::MulFunctor<float>>, std::array<char *, (unsigned long)3>>(int, T2, T3)"
:stage.process:model.layers.0.self_attn.q_proj,PushPop,3033121,3035516,1,16,170783,10673.9,10416.0,9183,12256,962.2,void cutlass::Kernel2<cutlass_80_simt_sgemm_128x32_8x5_nn_align1>(T1::Params)
:stage.process:model.layers.0.self_attn.q_proj,PushPop,3033121,3035516,1,3,141536,47178.7,47296.0,46784,47456,351.0,"void at::native::triu_tril_kernel<float, int, (bool)0, (int)2, (bool)1>(at::cuda::detail::TensorInfo<T1, T2>, at::cuda::detail::TensorInfo<const T1, T2>, long, long, T2)"
:stage.process:model.layers.0.self_attn.q_proj,PushPop,3033121,3035516,1,6,132608,22101.3,22064.0,16192,28064,6461.9,"void trsm_batch_left_upper_kernel_small<float, (int)16, (int)16, (int)64>(cublasTrsmBatchParams<T1>, const T1 *const *, T1 *const *, const T1 *, T1)"
:stage.process:model.layers.0.self_attn.q_proj,PushPop,3033121,3035516,1,10,116288,11628.8,11456.0,10912,13632,750.2,"void at::native::reduce_kernel<(int)512, (int)1, at::native::ReduceOp<float, at::native::func_wrapper_t<float, at::native::sum_functor<float, float, float>::operator ()(at::TensorIterator &)::[lambda(float, float) (instance 1)]>, unsigned int, float, (int)4, (int)4>>(T3)"
:stage.process:model.layers.0.self_attn.q_proj,PushPop,3033121,3035516,1,14,108224,7730.3,7408.0,1344,21408,4569.3,"void at::native::vectorized_elementwise_kernel<(int)4, at::native::FillFunctor<float>, std::array<char *, (unsigned long)1>>(int, T2, T3)"
:stage.process:model.layers.0.self_attn.q_proj,PushPop,3033121,3035516,1,9,95167,10574.1,11520.0,1920,12128,3259.8,"void at::native::vectorized_elementwise_kernel<(int)4, at::native::BUnaryFunctor<float, float, float, at::native::binary_internal::MulFunctor<float>>, std::array<char *, (unsigned long)2>>(int, T2, T3)"
:stage.process:model.layers.0.self_attn.q_proj,PushPop,3033121,3035516,1,17,88512,5206.6,2496.0,2368,20256,6081.3,"void at::native::vectorized_elementwise_kernel<(int)2, at::native::BinaryFunctor<long, long, long, at::native::BitwiseXorFunctor<long>>, std::array<char *, (unsigned long)3>>(int, T2, T3)"
:stage.process:model.layers.0.self_attn.q_proj,PushPop,3033121,3035516,1,1,76640,76640.0,76640.0,76640,76640,0.0,"void at::native::<unnamed>::CatArrayBatchedCopy_alignedK_contig<at::native::<unnamed>::OpaqueType<(unsigned int)8>, unsigned int, (int)3, (int)128, (int)1, (int)16>(T1 *, at::native::<unnamed>::CatArrInputTensorMetadata<T1, T2, T4, T5>, at::native::<unnamed>::TensorSizeStride<T2, (unsigned int)4>, int, T2)"
:stage.process:model.layers.0.self_attn.q_proj,PushPop,3033121,3035516,1,19,75552,3976.4,2272.0,2176,10784,3440.4,"void at::native::vectorized_elementwise_kernel<(int)2, at::native::BUnaryFunctor<long, long, long, at::native::rshift_kernel_cuda(at::TensorIteratorBase &)::[lambda() (instance 1)]::operator ()() const::[lambda() (instance 4)]::operator ()() const::[lambda(long, long) (instance 1)]>, std::array<char *, (unsigned long)2>>(int, T2, T3)"
:stage.process:model.layers.0.self_attn.q_proj,PushPop,3033121,3035516,1,10,72768,7276.8,7440.0,3840,10848,2097.8,"void at::native::reduce_kernel<(int)512, (int)1, at::native::ReduceOp<float, at::native::MeanOps<float, float, float, float>, unsigned int, float, (int)4, (int)4>>(T3)"
:stage.process:model.layers.0.self_attn.q_proj,PushPop,3033121,3035516,1,10,40320,4032.0,4192.0,3264,4480,414.5,"void at::native::elementwise_kernel<(int)128, (int)2, void at::native::gpu_kernel_impl_nocast<at::native::CUDAFunctorOnSelf_add<float>>(at::TensorIteratorBase &, const T1 &)::[lambda(int) (instance 1)]>(int, T3)"
:stage.process:model.layers.0.self_attn.q_proj,PushPop,3033121,3035516,1,2,38368,19184.0,19184.0,19136,19232,67.9,"void at::native::vectorized_elementwise_kernel<(int)2, at::native::BinaryFunctor<long, long, long, at::native::BitwiseOrFunctor<long>>, std::array<char *, (unsigned long)3>>(int, T2, T3)"
:stage.process:model.layers.0.self_attn.q_proj,PushPop,3033121,3035516,1,6,30304,5050.7,1792.0,1600,12000,5188.8,"void at::native::vectorized_elementwise_kernel<(int)4, at::native::AUnaryFunctor<float, float, float, at::native::binary_internal::MulFunctor<float>>, std::array<char *, (unsigned long)2>>(int, T2, T3)"
:stage.process:model.layers.0.self_attn.q_proj,PushPop,3033121,3035516,1,10,28768,2876.8,2320.0,1600,10336,2640.5,"void at::native::vectorized_elementwise_kernel<(int)2, at::native::CUDAFunctorOnSelf_add<long>, std::array<char *, (unsigned long)2>>(int, T2, T3)"
:stage.process:model.layers.0.self_attn.q_proj,PushPop,3033121,3035516,1,12,25120,2093.3,2208.0,1824,2336,209.4,"void at::native::vectorized_elementwise_kernel<(int)4, at::native::<unnamed>::CompareFunctor<float>, std::array<char *, (unsigned long)3>>(int, T2, T3)"
:stage.process:model.layers.0.self_attn.q_proj,PushPop,3033121,3035516,1,5,22464,4492.8,4448.0,4352,4704,131.2,"void at::native::<unnamed>::CatArrayBatchedCopy_alignedK_contig<at::native::<unnamed>::OpaqueType<(unsigned int)8>, unsigned int, (int)2, (int)128, (int)1, (int)16>(T1 *, at::native::<unnamed>::CatArrInputTensorMetadata<T1, T2, T4, T5>, at::native::<unnamed>::TensorSizeStride<T2, (unsigned int)4>, int, T2)"
:stage.process:model.layers.0.self_attn.q_proj,PushPop,3033121,3035516,1,3,20832,6944.0,8384.0,3776,8672,2747.3,"void at::native::unrolled_elementwise_kernel<at::native::direct_copy_kernel_cuda(at::TensorIteratorBase &)::[lambda() (instance 3)]::operator ()() const::[lambda() (instance 3)]::operator ()() const::[lambda(int) (instance 1)], std::array<char *, (unsigned long)2>, (int)4, TrivialOffsetCalculator<(int)1, unsigned int>, TrivialOffsetCalculator<(int)1, unsigned int>, at::native::memory::LoadWithCast<(int)1>, at::native::memory::StoreWithCast<(int)1>>(int, T1, T2, T4, T5, T6, T7)"
:stage.process:model.layers.0.self_attn.q_proj,PushPop,3033121,3035516,1,2,19936,9968.0,9968.0,9856,10080,158.4,"void at::native::vectorized_elementwise_kernel<(int)2, at::native::BUnaryFunctor<long, long, long, at::native::lshift_kernel_cuda(at::TensorIteratorBase &)::[lambda() (instance 1)]::operator ()() const::[lambda() (instance 4)]::operator ()() const::[lambda(long, long) (instance 1)]>, std::array<char *, (unsigned long)2>>(int, T2, T3)"
:stage.process:model.layers.0.self_attn.q_proj,PushPop,3033121,3035516,1,1,19168,19168.0,19168.0,19168,19168,0.0,"void at::native::elementwise_kernel<(int)128, (int)2, void at::native::gpu_kernel_impl_nocast<at::native::BinaryFunctor<float, float, float, at::native::binary_internal::DivFunctor<float>>>(at::TensorIteratorBase &, const T1 &)::[lambda(int) (instance 1)]>(int, T3)"
:stage.process:model.layers.0.self_attn.q_proj,PushPop,3033121,3035516,1,10,18880,1888.0,1888.0,1856,1920,30.2,"void at::native::vectorized_elementwise_kernel<(int)4, at::native::FillFunctor<unsigned char>, std::array<char *, (unsigned long)1>>(int, T2, T3)"
:stage.process:model.layers.0.self_attn.q_proj,PushPop,3033121,3035516,1,5,16928,3385.6,2976.0,2944,4576,704.5,"void at::native::<unnamed>::CatArrayBatchedCopy_vectorized<at::native::<unnamed>::OpaqueType<(unsigned int)2>, unsigned int, (int)1, (int)128, (int)1, (int)16, (int)8>(char *, at::native::<unnamed>::CatArrInputTensorMetadata<T1, T2, T4, T5>, at::native::<unnamed>::TensorSizeStride<T2, (unsigned int)4>, int, T2)"
:stage.process:model.layers.0.self_attn.q_proj,PushPop,3033121,3035516,1,1,16000,16000.0,16000.0,16000,16000,0.0,"void at::native::vectorized_elementwise_kernel<(int)4, void at::native::<unnamed>::pow_tensor_scalar_kernel_impl<float, float>(at::TensorIteratorBase &, T2)::[lambda(float) (instance 1)], std::array<char *, (unsigned long)2>>(int, T2, T3)"
:stage.process:model.layers.0.self_attn.q_proj,PushPop,3033121,3035516,1,4,14336,3584.0,3568.0,3424,3776,171.3,"void at::native::vectorized_elementwise_kernel<(int)2, at::native::BUnaryFunctor<long, long, long, at::native::remainder_kernel_cuda(at::TensorIteratorBase &)::[lambda() (instance 1)]::operator ()() const::[lambda() (instance 4)]::operator ()() const::[lambda(long, long) (instance 1)]>, std::array<char *, (unsigned long)2>>(int, T2, T3)"
:stage.process:model.layers.0.self_attn.q_proj,PushPop,3033121,3035516,1,3,13408,4469.3,4576.0,4064,4768,363.9,"void at::native::elementwise_kernel<(int)128, (int)2, void at::native::gpu_kernel_impl_nocast<at::native::direct_copy_kernel_cuda(at::TensorIteratorBase &)::[lambda() (instance 3)]::operator ()() const::[lambda() (instance 3)]::operator ()() const::[lambda(int) (instance 1)]>(at::TensorIteratorBase &, const T1 &)::[lambda(int) (instance 1)]>(int, T3)"
:stage.process:model.layers.0.self_attn.q_proj,PushPop,3033121,3035516,1,8,12000,1500.0,1520.0,1408,1568,55.3,"void at::native::unrolled_elementwise_kernel<at::native::AUnaryFunctor<long, long, long, at::native::BitwiseAndFunctor<long>>, std::array<char *, (unsigned long)2>, (int)4, TrivialOffsetCalculator<(int)1, unsigned int>, TrivialOffsetCalculator<(int)1, unsigned int>, at::native::memory::LoadWithoutCast, at::native::memory::StoreWithoutCast>(int, T1, T2, T4, T5, T6, T7)"
:stage.process:model.layers.0.self_attn.q_proj,PushPop,3033121,3035516,1,6,11296,1882.7,1792.0,1760,2112,166.2,"void at::native::unrolled_elementwise_kernel<at::native::<unnamed>::CompareFunctor<c10::Half>, std::array<char *, (unsigned long)3>, (int)4, TrivialOffsetCalculator<(int)2, unsigned int>, TrivialOffsetCalculator<(int)1, unsigned int>, at::native::memory::LoadWithoutCast, at::native::memory::StoreWithoutCast>(int, T1, T2, T4, T5, T6, T7)"
:stage.process:model.layers.0.self_attn.q_proj,PushPop,3033121,3035516,1,1,11136,11136.0,11136.0,11136,11136,0.0,"void at::native::vectorized_elementwise_kernel<(int)4, at::native::float16_copy_kernel_cuda(at::TensorIteratorBase &)::[lambda(float) (instance 1)], std::array<char *, (unsigned long)2>>(int, T2, T3)"
:stage.process:model.layers.0.self_attn.q_proj,PushPop,3033121,3035516,1,1,10464,10464.0,10464.0,10464,10464,0.0,"void at::native::reduce_kernel<(int)128, (int)4, at::native::ReduceOp<long, at::native::func_wrapper_t<long, at::native::sum_functor<long, long, long>::operator ()(at::TensorIterator &)::[lambda(long, long) (instance 1)]>, unsigned int, long, (int)4, (int)4>>(T3)"
:stage.process:model.layers.0.self_attn.q_proj,PushPop,3033121,3035516,1,3,10176,3392.0,3360.0,3264,3552,146.6,"void at::native::unrolled_elementwise_kernel<at::native::direct_copy_kernel_cuda(at::TensorIteratorBase &)::[lambda() (instance 3)]::operator ()() const::[lambda() (instance 1)]::operator ()() const::[lambda(unsigned char) (instance 1)], std::array<char *, (unsigned long)2>, (int)4, TrivialOffsetCalculator<(int)1, unsigned int>, TrivialOffsetCalculator<(int)1, unsigned int>, at::native::memory::LoadWithCast<(int)1>, at::native::memory::StoreWithCast<(int)1>>(int, T1, T2, T4, T5, T6, T7)"
:stage.process:model.layers.0.self_attn.q_proj,PushPop,3033121,3035516,1,1,8960,8960.0,8960.0,8960,8960,0.0,ampere_sgemm_32x32_sliced1x4_nn
:stage.process:model.layers.0.self_attn.q_proj,PushPop,3033121,3035516,1,4,8223,2055.8,2047.5,1984,2144,66.0,"void at::native::vectorized_elementwise_kernel<(int)4, at::native::FillFunctor<bool>, std::array<char *, (unsigned long)1>>(int, T2, T3)"
:stage.process:model.layers.0.self_attn.q_proj,PushPop,3033121,3035516,1,3,8000,2666.7,2720.0,2560,2720,92.4,"void at::native::vectorized_elementwise_kernel<(int)4, at::native::AUnaryFunctor<unsigned char, unsigned char, bool, at::native::<unnamed>::CompareEqFunctor<unsigned char>>, std::array<char *, (unsigned long)2>>(int, T2, T3)"
:stage.process:model.layers.0.self_attn.q_proj,PushPop,3033121,3035516,1,4,7872,1968.0,1984.0,1856,2048,80.5,"void at::native::vectorized_elementwise_kernel<(int)4, void at::native::compare_scalar_kernel<c10::Half>(at::TensorIteratorBase &, at::native::<unnamed>::OpType, T1)::[lambda(c10::Half) (instance 1)], std::array<char *, (unsigned long)2>>(int, T2, T3)"
:stage.process:model.layers.0.self_attn.q_proj,PushPop,3033121,3035516,1,2,7424,3712.0,3712.0,3584,3840,181.0,"void at::native::vectorized_elementwise_kernel<(int)2, at::native::BUnaryFunctor<long, long, long, at::native::binary_internal::div_floor_kernel_cuda(at::TensorIteratorBase &)::[lambda() (instance 1)]::operator ()() const::[lambda() (instance 4)]::operator ()() const::[lambda(long, long) (instance 1)]>, std::array<char *, (unsigned long)2>>(int, T2, T3)"
:stage.process:model.layers.0.self_attn.q_proj,PushPop,3033121,3035516,1,2,6976,3488.0,3488.0,3360,3616,181.0,"void at::native::elementwise_kernel<(int)128, (int)2, void at::native::gpu_kernel_impl_nocast<at::native::AbsFunctor<float>>(at::TensorIteratorBase &, const T1 &)::[lambda(int) (instance 1)]>(int, T3)"
:stage.process:model.layers.0.self_attn.q_proj,PushPop,3033121,3035516,1,3,5568,1856.0,1888.0,1728,1952,115.4,"void at::native::vectorized_elementwise_kernel<(int)4, at::native::BinaryFunctor<float, float, float, at::native::maximum_kernel_cuda(at::TensorIteratorBase &)::[lambda() (instance 2)]::operator ()() const::[lambda() (instance 2)]::operator ()() const::[lambda(float, float) (instance 1)]>, std::array<char *, (unsigned long)3>>(int, T2, T3)"
:stage.process:model.layers.0.self_attn.q_proj,PushPop,3033121,3035516,1,2,4800,2400.0,2400.0,2304,2496,135.8,"void at::native::vectorized_elementwise_kernel<(int)2, at::native::CUDAFunctorOnOther_add<long>, std::array<char *, (unsigned long)2>>(int, T2, T3)"
:stage.process:model.layers.0.self_attn.q_proj,PushPop,3033121,3035516,1,3,4704,1568.0,1536.0,1440,1728,146.6,"xxtrf4_set_info_ker(int, int *)"
:stage.process:model.layers.0.self_attn.q_proj,PushPop,3033121,3035516,1,1,3648,3648.0,3648.0,3648,3648,0.0,"void at::native::vectorized_elementwise_kernel<(int)4, at::native::AUnaryFunctor<unsigned char, unsigned char, unsigned char, at::native::binary_internal::MulFunctor<unsigned char>>, std::array<char *, (unsigned long)2>>(int, T2, T3)"
:stage.process:model.layers.0.self_attn.q_proj,PushPop,3033121,3035516,1,1,2816,2816.0,2816.0,2816,2816,0.0,"void at::native::vectorized_elementwise_kernel<(int)4, at::native::BinaryFunctor<unsigned char, unsigned char, bool, at::native::<unnamed>::CompareEqFunctor<unsigned char>>, std::array<char *, (unsigned long)3>>(int, T2, T3)"
:stage.process:model.layers.0.self_attn.q_proj,PushPop,3033121,3035516,1,1,2304,2304.0,2304.0,2304,2304,0.0,"void at::native::unrolled_elementwise_kernel<at::native::direct_copy_kernel_cuda(at::TensorIteratorBase &)::[lambda() (instance 3)]::operator ()() const::[lambda() (instance 11)]::operator ()() const::[lambda(bool) (instance 1)], std::array<char *, (unsigned long)2>, (int)4, TrivialOffsetCalculator<(int)1, unsigned int>, TrivialOffsetCalculator<(int)1, unsigned int>, at::native::memory::LoadWithCast<(int)1>, at::native::memory::StoreWithCast<(int)1>>(int, T1, T2, T4, T5, T6, T7)"
:stage.process:model.layers.0.self_attn.q_proj,PushPop,3033121,3035516,1,1,1920,1920.0,1920.0,1920,1920,0.0,"void at::native::vectorized_elementwise_kernel<(int)4, at::native::<unnamed>::launch_clamp_scalar(at::TensorIteratorBase &, c10::Scalar, c10::Scalar, at::native::detail::ClampLimits)::[lambda() (instance 1)]::operator ()() const::[lambda() (instance 7)]::operator ()() const::[lambda(float) (instance 1)], std::array<char *, (unsigned long)2>>(int, T2, T3)"
:stage.process:model.layers.0.self_attn.q_proj,PushPop,3033121,3035516,1,1,1824,1824.0,1824.0,1824,1824,0.0,"void at::native::vectorized_elementwise_kernel<(int)4, at::native::sqrt_kernel_cuda(at::TensorIteratorBase &)::[lambda() (instance 2)]::operator ()() const::[lambda() (instance 2)]::operator ()() const::[lambda(float) (instance 1)], std::array<char *, (unsigned long)2>>(int, T2, T3)"
:stage.process:model.layers.0.self_attn.v_proj,PushPop,3033121,3035516,1,7632,1111266284,145606.2,147168.0,132704,150784,3546.4,"void <unnamed>::qvq_v2_segment_grid_kernel<(int)4, (int)2, (int)16, (bool)1, (bool)0, __half, unsigned char>(const float *, const T6 *, const float *, const long *, const float *, const float *, float *, T7 *, unsigned char *, int, int, int, bool, bool)"
:stage.process:model.layers.0.self_attn.v_proj,PushPop,3033121,3035516,1,574,785048986,1367681.2,1368253.0,1350397,1382749,3994.3,"void <unnamed>::qvq_viterbi_kernel<(int)4, (int)2, __half, unsigned char>(const float *, const T3 *, const float *, const long *, const float *, T4 *, long *, float *, int, int, int, bool, bool, bool)"
:stage.process:model.layers.0.self_attn.v_proj,PushPop,3033121,3035516,1,256,270067915,1054952.8,1055230.0,1051293,1058814,1933.9,void <unnamed>::qvq_fused_w2_family_grid_kernel<(bool)0>(<unnamed>::FusedSequenceArgs)
:stage.process:model.layers.0.self_attn.v_proj,PushPop,3033121,3035516,1,954,76496355,80184.9,81568.0,68608,85248,3429.5,"void <unnamed>::qvq_v2_segment_grid_finalize_kernel<(int)4, (int)2, (int)16, (bool)0, __half, unsigned char>(const float *, const T5 *, const float *, const long *, const float *, const float *, const T6 *, const unsigned char *, long *, unsigned char *, float *, int, int, bool, bool)"
:stage.process:model.layers.0.self_attn.v_proj,PushPop,3033121,3035516,1,468,30185142,64498.2,70720.0,20832,71808,14751.6,void cutlass::Kernel2<cutlass_80_simt_sgemm_128x32_8x5_nt_align1>(T1::Params)
:stage.process:model.layers.0.self_attn.v_proj,PushPop,3033121,3035516,1,2544,23524913,9247.2,7648.0,4032,18848,4112.0,"void at::native::index_elementwise_kernel<(int)128, (int)4, void at::native::gpu_index_kernel<void at::native::index_kernel_impl<at::native::OpaqueType<(int)4>>(at::TensorIteratorBase &, c10::ArrayRef<long>, c10::ArrayRef<long>)::[lambda(char *, const char *, long) (instance 1)]>(at::TensorIteratorBase &, c10::ArrayRef<long>, c10::ArrayRef<long>, const T1 &, bool)::[lambda(int) (instance 1)]>(long, T3)"
:stage.process:model.layers.0.self_attn.v_proj,PushPop,3033121,3035516,1,256,22591918,88249.7,88192.0,86368,90143,715.9,"<unnamed>::qvq_fused_w2_traceback_kernel(const unsigned char *, const unsigned char *, const int *, long *, unsigned char *, int)"
:stage.process:model.layers.0.self_attn.v_proj,PushPop,3033121,3035516,1,2580,13125688,5087.5,4544.0,2656,11456,1600.4,"void at::native::reduce_kernel<(int)512, (int)1, at::native::ReduceOp<bool, at::native::func_wrapper_t<bool, at::native::and_kernel_cuda(at::TensorIterator &)::[lambda() (instance 1)]::operator ()() const::[lambda() (instance 12)]::operator ()() const::[lambda(bool, bool) (instance 1)]>, unsigned int, bool, (int)4, (int)4>>(T3)"
:stage.process:model.layers.0.self_attn.v_proj,PushPop,3033121,3035516,1,1021,8430636,8257.2,8384.0,4320,10976,1399.0,"void at::native::index_elementwise_kernel<(int)128, (int)4, void at::native::gpu_index_kernel<void at::native::index_kernel_impl<at::native::OpaqueType<(int)2>>(at::TensorIteratorBase &, c10::ArrayRef<long>, c10::ArrayRef<long>)::[lambda(char *, const char *, long) (instance 1)]>(at::TensorIteratorBase &, c10::ArrayRef<long>, c10::ArrayRef<long>, const T1 &, bool)::[lambda(int) (instance 1)]>(long, T3)"
:stage.process:model.layers.0.self_attn.v_proj,PushPop,3033121,3035516,1,1272,8285553,6513.8,6560.0,3456,7104,378.7,"void at::native::index_elementwise_kernel<(int)128, (int)4, void at::native::gpu_index_kernel<void at::native::index_put_kernel_impl<at::native::OpaqueType<(int)4>>(at::TensorIterator &, c10::ArrayRef<long>, c10::ArrayRef<long>)::[lambda(char *, const char *, long) (instance 1)]>(at::TensorIteratorBase &, c10::ArrayRef<long>, c10::ArrayRef<long>, const T1 &, bool)::[lambda(int) (instance 1)]>(long, T3)"
:stage.process:model.layers.0.self_attn.v_proj,PushPop,3033121,3035516,1,1404,6553137,4667.5,4704.0,3200,5024,297.9,"void at::native::reduce_kernel<(int)512, (int)1, at::native::ReduceOp<float, at::native::func_wrapper_t<float, at::native::MaxNanFunctor<float>>, unsigned int, float, (int)4, (int)4>>(T3)"
:stage.process:model.layers.0.self_attn.v_proj,PushPop,3033121,3035516,1,772,6440851,8343.1,8352.0,8064,8704,88.4,"void at::native::reduce_kernel<(int)512, (int)1, at::native::ReduceOp<c10::Half, at::native::func_wrapper_t<c10::Half, at::native::MaxNanFunctor<c10::Half>>, unsigned int, c10::Half, (int)4, (int)4>>(T3)"
:stage.process:model.layers.0.self_attn.v_proj,PushPop,3033121,3035516,1,1841,5995698,3256.8,3104.0,2112,47040,2782.2,"void at::native::elementwise_kernel<(int)128, (int)2, void at::native::gpu_kernel_impl_nocast<at::native::direct_copy_kernel_cuda(at::TensorIteratorBase &)::[lambda() (instance 3)]::operator ()() const::[lambda() (instance 7)]::operator ()() const::[lambda(float) (instance 1)]>(at::TensorIteratorBase &, const T1 &)::[lambda(int) (instance 1)]>(int, T3)"
:stage.process:model.layers.0.self_attn.v_proj,PushPop,3033121,3035516,1,2843,5803534,2041.3,1984.0,1536,17856,539.0,"void at::native::vectorized_elementwise_kernel<(int)4, at::native::AbsFunctor<float>, std::array<char *, (unsigned long)2>>(int, T2, T3)"
:stage.process:model.layers.0.self_attn.v_proj,PushPop,3033121,3035516,1,400,5801738,14504.3,4032.0,3999,65984,20323.0,ampere_sgemm_32x128_nt
:stage.process:model.layers.0.self_attn.v_proj,PushPop,3033121,3035516,1,66,4997424,75718.5,46271.5,38912,245887,71527.5,ampere_sgemm_32x32_sliced1x4_nt
:stage.process:model.layers.0.self_attn.v_proj,PushPop,3033121,3035516,1,2209,4683537,2120.2,2048.0,1632,6496,221.4,"void at::native::vectorized_elementwise_kernel<(int)4, at::native::BinaryFunctor<bool, bool, bool, at::native::binary_internal::MulFunctor<bool>>, std::array<char *, (unsigned long)3>>(int, T2, T3)"
:stage.process:model.layers.0.self_attn.v_proj,PushPop,3033121,3035516,1,262,4484403,17116.0,5024.0,3328,57056,16955.9,"void gemmSN_NN_kernel<float, (int)256, (int)4, (int)2, (int)8, (int)4, (int)4, (bool)0, cublasGemvTensorStridedBatched<const float>, cublasGemvTensorStridedBatched<const float>, cublasGemvTensorStridedBatched<float>>(cublasGemmSmallNParams<T9, T10, T11, T1>)"
:stage.process:model.layers.0.self_attn.v_proj,PushPop,3033121,3035516,1,636,4299958,6760.9,6880.0,3360,7392,578.8,"void at::native::index_elementwise_kernel<(int)128, (int)4, void at::native::gpu_index_kernel<void at::native::index_put_kernel_impl<at::native::OpaqueType<(int)8>>(at::TensorIterator &, c10::ArrayRef<long>, c10::ArrayRef<long>)::[lambda(char *, const char *, long) (instance 1)]>(at::TensorIteratorBase &, c10::ArrayRef<long>, c10::ArrayRef<long>, const T1 &, bool)::[lambda(int) (instance 1)]>(long, T3)"
:stage.process:model.layers.0.self_attn.v_proj,PushPop,3033121,3035516,1,1528,3920731,2565.9,2672.0,2176,3136,281.7,"<unnamed>::qvq_half2_codebook_norm_pack_kernel(const __half *, unsigned long *, int)"
:stage.process:model.layers.0.self_attn.v_proj,PushPop,3033121,3035516,1,901,3480055,3862.4,3840.0,2528,6944,235.3,"void at::native::unrolled_elementwise_kernel<at::native::direct_copy_kernel_cuda(at::TensorIteratorBase &)::[lambda() (instance 3)]::operator ()() const::[lambda() (instance 7)]::operator ()() const::[lambda(float) (instance 1)], std::array<char *, (unsigned long)2>, (int)4, TrivialOffsetCalculator<(int)1, unsigned int>, TrivialOffsetCalculator<(int)1, unsigned int>, at::native::memory::LoadWithCast<(int)1>, at::native::memory::StoreWithCast<(int)1>>(int, T1, T2, T4, T5, T6, T7)"
:stage.process:model.layers.0.self_attn.v_proj,PushPop,3033121,3035516,1,1542,3309879,2146.5,2144.0,1664,2848,53.8,"void at::native::vectorized_elementwise_kernel<(int)4, at::native::AbsFunctor<c10::Half>, std::array<char *, (unsigned long)2>>(int, T2, T3)"
:stage.process:model.layers.0.self_attn.v_proj,PushPop,3033121,3035516,1,516,3147930,6100.6,6368.0,4352,6784,669.4,"void gemmSN_NN_kernel<float, (int)128, (int)2, (int)4, (int)8, (int)4, (int)4, (bool)0, cublasGemvTensorStridedBatched<const float>, cublasGemvTensorStridedBatched<const float>, cublasGemvTensorStridedBatched<float>>(cublasGemmSmallNParams<T9, T10, T11, T1>)"
:stage.process:model.layers.0.self_attn.v_proj,PushPop,3033121,3035516,1,1440,3005245,2087.0,2048.0,1504,13152,566.3,"void at::native::vectorized_elementwise_kernel<(int)4, at::native::BinaryFunctor<float, float, bool, at::native::<unnamed>::CompareEqFunctor<float>>, std::array<char *, (unsigned long)3>>(int, T2, T3)"
:stage.process:model.layers.0.self_attn.v_proj,PushPop,3033121,3035516,1,1439,2940890,2043.7,2048.0,1504,6208,238.3,"void at::native::vectorized_elementwise_kernel<(int)4, at::native::AUnaryFunctor<float, float, bool, at::native::<unnamed>::CompareEqFunctor<float>>, std::array<char *, (unsigned long)2>>(int, T2, T3)"
:stage.process:model.layers.0.self_attn.v_proj,PushPop,3033121,3035516,1,12,2779004,231583.7,231599.5,231168,232063,272.6,ampere_sgemm_128x64_nn
:stage.process:model.layers.0.self_attn.v_proj,PushPop,3033121,3035516,1,862,2586233,3000.3,2944.0,1856,8736,286.7,"void at::native::elementwise_kernel<(int)128, (int)2, void at::native::gpu_kernel_impl_nocast<at::native::direct_copy_kernel_cuda(at::TensorIteratorBase &)::[lambda() (instance 3)]::operator ()() const::[lambda() (instance 4)]::operator ()() const::[lambda(long) (instance 1)]>(at::TensorIteratorBase &, const T1 &)::[lambda(int) (instance 1)]>(int, T3)"
:stage.process:model.layers.0.self_attn.v_proj,PushPop,3033121,3035516,1,256,2493848,9741.6,9536.0,9248,14208,565.8,"<unnamed>::qvq_fused_detect_family_mask_kernel(const unsigned int *, int *)"
:stage.process:model.layers.0.self_attn.v_proj,PushPop,3033121,3035516,1,282,2331261,8266.9,8288.0,7872,8544,68.0,"void batch_trsm_left_kernel<float, (int)64, (int)4, (int)3, (bool)0, (bool)0, (bool)1>(cublasTrsmBatchParams2<T1>, T1, const T1 *, int)"
:stage.process:model.layers.0.self_attn.v_proj,PushPop,3033121,3035516,1,1276,2279129,1786.2,1760.0,1536,2176,125.1,"void at::native::vectorized_elementwise_kernel<(int)4, at::native::BinaryFunctor<bool, bool, bool, at::native::logical_or_kernel_cuda(at::TensorIterator &)::[lambda() (instance 2)]::operator ()() const::[lambda() (instance 9)]::operator ()() const::[lambda(bool, bool) (instance 1)]>, std::array<char *, (unsigned long)3>>(int, T2, T3)"
:stage.process:model.layers.0.self_attn.v_proj,PushPop,3033121,3035516,1,892,2183065,2447.4,2432.0,1728,2624,102.1,"void at::native::roll_cuda_kernel<float>(const T1 *, T1 *, long, long, long, long, long, long)"
:stage.process:model.layers.0.self_attn.v_proj,PushPop,3033121,3035516,1,477,2167387,4543.8,4768.0,3168,5312,586.9,"void at::native::index_elementwise_kernel<(int)128, (int)4, void at::native::gpu_index_kernel<void at::native::index_put_kernel_impl<at::native::OpaqueType<(int)1>>(at::TensorIterator &, c10::ArrayRef<long>, c10::ArrayRef<long>)::[lambda(char *, const char *, long) (instance 1)]>(at::TensorIteratorBase &, c10::ArrayRef<long>, c10::ArrayRef<long>, const T1 &, bool)::[lambda(int) (instance 1)]>(long, T3)"
:stage.process:model.layers.0.self_attn.v_proj,PushPop,3033121,3035516,1,3,2086044,695348.0,925022.0,234976,926046,398694.2,"void kernel<getrf_wo_pivot_params_<float, (int)0, (int)256, (int)1, (int)64, (int)64, (int)68, (int)8, (int)1, (int)1>>(int, int, void *, int, void *, int, int, int, int, int, int *)"
:stage.process:model.layers.0.self_attn.v_proj,PushPop,3033121,3035516,1,413,1987420,4812.2,3712.0,3168,48384,3397.5,"void at::native::elementwise_kernel<(int)128, (int)2, void at::native::gpu_kernel_impl_nocast<at::native::CUDAFunctor_add<float>>(at::TensorIteratorBase &, const T1 &)::[lambda(int) (instance 1)]>(int, T3)"
:stage.process:model.layers.0.self_attn.v_proj,PushPop,3033121,3035516,1,884,1956890,2213.7,2240.0,1792,2752,171.9,"void at::native::elementwise_kernel<(int)128, (int)2, void at::native::gpu_kernel_impl_nocast<at::native::AUnaryFunctor<long, long, long, at::native::BitwiseAndFunctor<long>>>(at::TensorIteratorBase &, const T1 &)::[lambda(int) (instance 1)]>(int, T3)"
:stage.process:model.layers.0.self_attn.v_proj,PushPop,3033121,3035516,1,1150,1874045,1629.6,1664.0,1536,1984,55.3,"void at::native::vectorized_elementwise_kernel<(int)4, void at::native::compare_scalar_kernel<float>(at::TensorIteratorBase &, at::native::<unnamed>::OpType, T1)::[lambda(float) (instance 1)], std::array<char *, (unsigned long)2>>(int, T2, T3)"
:stage.process:model.layers.0.self_attn.v_proj,PushPop,3033121,3035516,1,792,1848570,2334.1,2176.0,1504,9632,833.0,"void at::native::vectorized_elementwise_kernel<(int)4, at::native::CUDAFunctor_add<float>, std::array<char *, (unsigned long)3>>(int, T2, T3)"
:stage.process:model.layers.0.self_attn.v_proj,PushPop,3033121,3035516,1,770,1732668,2250.2,2240.0,1760,2336,24.6,"void at::native::vectorized_elementwise_kernel<(int)4, at::native::BinaryFunctor<c10::Half, c10::Half, bool, at::native::<unnamed>::CompareEqFunctor<c10::Half>>, std::array<char *, (unsigned long)3>>(int, T2, T3)"
:stage.process:model.layers.0.self_attn.v_proj,PushPop,3033121,3035516,1,770,1718204,2231.4,2240.0,1760,2304,26.4,"void at::native::vectorized_elementwise_kernel<(int)4, at::native::AUnaryFunctor<c10::Half, c10::Half, bool, at::native::<unnamed>::CompareEqFunctor<c10::Half>>, std::array<char *, (unsigned long)2>>(int, T2, T3)"
:stage.process:model.layers.0.self_attn.v_proj,PushPop,3033121,3035516,1,613,1649596,2691.0,2656.0,1760,4800,466.2,"void at::native::unrolled_elementwise_kernel<at::native::direct_copy_kernel_cuda(at::TensorIteratorBase &)::[lambda() (instance 3)]::operator ()() const::[lambda() (instance 4)]::operator ()() const::[lambda(long) (instance 1)], std::array<char *, (unsigned long)2>, (int)4, TrivialOffsetCalculator<(int)1, unsigned int>, TrivialOffsetCalculator<(int)1, unsigned int>, at::native::memory::LoadWithCast<(int)1>, at::native::memory::StoreWithCast<(int)1>>(int, T1, T2, T4, T5, T6, T7)"
:stage.process:model.layers.0.self_attn.v_proj,PushPop,3033121,3035516,1,82,1503646,18337.1,9728.0,6016,88800,26171.4,ampere_sgemm_32x32_sliced1x4_nn
:stage.process:model.layers.0.self_attn.v_proj,PushPop,3033121,3035516,1,782,1403870,1795.2,1760.0,1696,4960,197.7,"void at::native::vectorized_elementwise_kernel<(int)4, void at::native::compare_scalar_kernel<long>(at::TensorIteratorBase &, at::native::<unnamed>::OpType, T1)::[lambda(long) (instance 1)], std::array<char *, (unsigned long)2>>(int, T2, T3)"
:stage.process:model.layers.0.self_attn.v_proj,PushPop,3033121,3035516,1,512,1316188,2570.7,2592.0,2400,2848,89.3,"void at::native::unrolled_elementwise_kernel<at::native::BinaryFunctor<float, float, float, at::native::maximum_kernel_cuda(at::TensorIteratorBase &)::[lambda() (instance 2)]::operator ()() const::[lambda() (instance 2)]::operator ()() const::[lambda(float, float) (instance 1)]>, std::array<char *, (unsigned long)3>, (int)4, TrivialOffsetCalculator<(int)2, unsigned int>, TrivialOffsetCalculator<(int)1, unsigned int>, at::native::memory::LoadWithCast<(int)2>, at::native::memory::StoreWithCast<(int)1>>(int, T1, T2, T4, T5, T6, T7)"
:stage.process:model.layers.0.self_attn.v_proj,PushPop,3033121,3035516,1,636,1168831,1837.8,1824.0,1631,2176,115.4,"void at::native::vectorized_elementwise_kernel<(int)4, at::native::bitwise_not_kernel_cuda(at::TensorIteratorBase &)::[lambda(bool) (instance 1)], std::array<char *, (unsigned long)2>>(int, T2, T3)"
:stage.process:model.layers.0.self_attn.v_proj,PushPop,3033121,3035516,1,256,1005760,3928.8,3920.0,3808,4096,92.5,"void at::native::elementwise_kernel<(int)128, (int)4, void at::native::gpu_kernel_impl_nocast<at::native::direct_copy_kernel_cuda(at::TensorIteratorBase &)::[lambda() (instance 3)]::operator ()() const::[lambda() (instance 10)]::operator ()() const::[lambda(c10::Half) (instance 1)]>(at::TensorIteratorBase &, const T1 &)::[lambda(int) (instance 1)]>(int, T3)"
:stage.process:model.layers.0.self_attn.v_proj,PushPop,3033121,3035516,1,263,928574,3530.7,3392.0,3200,8960,789.2,"void at::native::reduce_kernel<(int)512, (int)1, at::native::ReduceOp<bool, at::native::func_wrapper_t<bool, at::native::or_kernel_cuda(at::TensorIterator &)::[lambda() (instance 1)]::operator ()() const::[lambda() (instance 12)]::operator ()() const::[lambda(bool, bool) (instance 1)]>, unsigned int, bool, (int)4, (int)4>>(T3)"
:stage.process:model.layers.0.self_attn.v_proj,PushPop,3033121,3035516,1,638,892926,1399.6,1408.0,1311,3232,115.1,"void at::native::vectorized_elementwise_kernel<(int)2, at::native::FillFunctor<long>, std::array<char *, (unsigned long)1>>(int, T2, T3)"
:stage.process:model.layers.0.self_attn.v_proj,PushPop,3033121,3035516,1,587,808765,1377.8,1376.0,1248,2016,65.1,"void <unnamed>::elementwise_kernel_with_index<int, at::native::arange_cuda_out(const c10::Scalar &, const c10::Scalar &, const c10::Scalar &, at::Tensor &)::[lambda() (instance 1)]::operator ()() const::[lambda() (instance 4)]::operator ()() const::[lambda(long) (instance 1)]>(T1, T2, function_traits<T2>::result_type *)"
:stage.process:model.layers.0.self_attn.v_proj,PushPop,3033121,3035516,1,128,595773,4654.5,4672.0,4352,4896,69.4,"void at::native::unrolled_elementwise_kernel<at::native::CUDAFunctor_add<float>, std::array<char *, (unsigned long)3>, (int)4, TrivialOffsetCalculator<(int)2, unsigned int>, TrivialOffsetCalculator<(int)1, unsigned int>, at::native::memory::LoadWithCast<(int)2>, at::native::memory::StoreWithCast<(int)1>>(int, T1, T2, T4, T5, T6, T7)"
:stage.process:model.layers.0.self_attn.v_proj,PushPop,3033121,3035516,1,2,448702,224351.0,224351.0,224255,224447,135.8,ampere_sgemm_128x32_nn
:stage.process:model.layers.0.self_attn.v_proj,PushPop,3033121,3035516,1,263,440736,1675.8,1664.0,1568,2688,140.1,"void at::native::vectorized_elementwise_kernel<(int)4, at::native::BinaryFunctor<bool, bool, bool, at::native::BitwiseOrFunctor<bool>>, std::array<char *, (unsigned long)3>>(int, T2, T3)"
:stage.process:model.layers.0.self_attn.v_proj,PushPop,3033121,3035516,1,129,414557,3213.6,3200.0,3168,3616,38.9,"void at::native::elementwise_kernel<(int)128, (int)4, void at::native::gpu_kernel_impl_nocast<at::native::direct_copy_kernel_cuda(at::TensorIteratorBase &)::[lambda() (instance 3)]::operator ()() const::[lambda() (instance 1)]::operator ()() const::[lambda(unsigned char) (instance 1)]>(at::TensorIteratorBase &, const T1 &)::[lambda(int) (instance 1)]>(int, T3)"
:stage.process:model.layers.0.self_attn.v_proj,PushPop,3033121,3035516,1,42,383135,9122.3,8528.0,7456,11360,1319.3,ampere_sgemm_64x32_sliced1x4_nn
:stage.process:model.layers.0.self_attn.v_proj,PushPop,3033121,3035516,1,256,356544,1392.8,1408.0,1312,1472,50.5,"void at::native::vectorized_elementwise_kernel<(int)4, at::native::FillFunctor<int>, std::array<char *, (unsigned long)1>>(int, T2, T3)"
:stage.process:model.layers.0.self_attn.v_proj,PushPop,3033121,3035516,1,114,352384,3091.1,3120.0,2528,3712,248.0,"void cublasLt::splitKreduce_kernel<(int)32, (int)16, int, float, float, float, float, (bool)0, float, float, float, (bool)1, (bool)0, (bool)0, (bool)0>(cublasLt::cublasSplitKParams<T6>, const T4 *, const T10 *, T9 *, T5 *, const T6 *, const T6 *, const T11 *, const T4 *, T11 *, void *, long, T6 *, int *, T6 *, T6 *, const T6 *, const T6 *, const T6 *, const T6 *, const T6 *)"
:stage.process:model.layers.0.self_attn.v_proj,PushPop,3033121,3035516,1,4,287200,71800.0,71792.0,71776,71840,30.6,ampere_sgemm_32x128_tn
:stage.process:model.layers.0.self_attn.v_proj,PushPop,3033121,3035516,1,128,263487,2058.5,2048.0,2016,2080,16.1,"void at::native::elementwise_kernel<(int)128, (int)2, void at::native::gpu_kernel_impl_nocast<at::native::BUnaryFunctor<long, long, long, at::native::rshift_kernel_cuda(at::TensorIteratorBase &)::[lambda() (instance 1)]::operator ()() const::[lambda() (instance 4)]::operator ()() const::[lambda(long, long) (instance 1)]>>(at::TensorIteratorBase &, const T1 &)::[lambda(int) (instance 1)]>(int, T3)"
:stage.process:model.layers.0.self_attn.v_proj,PushPop,3033121,3035516,1,132,252574,1913.4,1760.0,1759,6624,806.4,"void at::native::vectorized_elementwise_kernel<(int)4, at::native::BinaryFunctor<long, long, bool, at::native::<unnamed>::CompareEqFunctor<long>>, std::array<char *, (unsigned long)3>>(int, T2, T3)"
:stage.process:model.layers.0.self_attn.v_proj,PushPop,3033121,3035516,1,12,208063,17338.6,20144.0,11232,20640,4438.0,"void at::native::<unnamed>::CatArrayBatchedCopy<at::native::<unnamed>::OpaqueType<(unsigned int)4>, unsigned int, (int)2, (int)64, (int)64>(T1 *, at::native::<unnamed>::CatArrInputTensorMetadata<T1, T2, T4, T5>, at::native::<unnamed>::TensorSizeStride<T2, (unsigned int)4>, int, T2)"
:stage.process:model.layers.0.self_attn.v_proj,PushPop,3033121,3035516,1,3,180191,60063.7,87679.0,4576,87936,48053.9,"void at::native::reduce_kernel<(int)512, (int)1, at::native::ReduceOp<long, at::native::func_wrapper_t<long, at::native::sum_functor<long, long, long>::operator ()(at::TensorIterator &)::[lambda(long, long) (instance 1)]>, unsigned int, long, (int)4, (int)4>>(T3)"
:stage.process:model.layers.0.self_attn.v_proj,PushPop,3033121,3035516,1,11,156576,14234.2,3744.0,2368,63136,24156.0,"void at::native::vectorized_elementwise_kernel<(int)2, at::native::AUnaryFunctor<long, long, long, at::native::BitwiseAndFunctor<long>>, std::array<char *, (unsigned long)2>>(int, T2, T3)"
:stage.process:model.layers.0.self_attn.v_proj,PushPop,3033121,3035516,1,4,145120,36280.0,36208.0,4960,67744,36147.0,"void at::native::elementwise_kernel<(int)128, (int)2, void at::native::gpu_kernel_impl_nocast<at::native::BinaryFunctor<long, long, long, at::native::rshift_kernel_cuda(at::TensorIteratorBase &)::[lambda() (instance 1)]::operator ()() const::[lambda() (instance 4)]::operator ()() const::[lambda(long, long) (instance 1)]>>(at::TensorIteratorBase &, const T1 &)::[lambda(int) (instance 1)]>(int, T3)"
:stage.process:model.layers.0.self_attn.v_proj,PushPop,3033121,3035516,1,4,143487,35871.8,36240.0,3552,67455,36401.8,"void at::native::elementwise_kernel<(int)128, (int)2, void at::native::gpu_kernel_impl_nocast<at::native::BinaryFunctor<long, long, long, at::native::lshift_kernel_cuda(at::TensorIteratorBase &)::[lambda() (instance 1)]::operator ()() const::[lambda() (instance 4)]::operator ()() const::[lambda(long, long) (instance 1)]>>(at::TensorIteratorBase &, const T1 &)::[lambda(int) (instance 1)]>(int, T3)"
:stage.process:model.layers.0.self_attn.v_proj,PushPop,3033121,3035516,1,1,139168,139168.0,139168.0,139168,139168,0.0,ampere_sgemm_128x32_tn
:stage.process:model.layers.0.self_attn.v_proj,PushPop,3033121,3035516,1,6,132288,22048.0,22016.0,16224,27936,6380.0,"void trsm_batch_left_upper_kernel_small<float, (int)16, (int)16, (int)64>(cublasTrsmBatchParams<T1>, const T1 *const *, T1 *const *, const T1 *, T1)"
:stage.process:model.layers.0.self_attn.v_proj,PushPop,3033121,3035516,1,3,120928,40309.3,56480.0,7456,56992,28453.0,"void at::native::index_elementwise_kernel<(int)128, (int)4, void at::native::gpu_index_kernel<void at::native::index_kernel_impl<at::native::OpaqueType<(int)8>>(at::TensorIteratorBase &, c10::ArrayRef<long>, c10::ArrayRef<long>)::[lambda(char *, const char *, long) (instance 1)]>(at::TensorIteratorBase &, c10::ArrayRef<long>, c10::ArrayRef<long>, const T1 &, bool)::[lambda(int) (instance 1)]>(long, T3)"
:stage.process:model.layers.0.self_attn.v_proj,PushPop,3033121,3035516,1,3,101215,33738.3,47136.0,6496,47583,23593.6,"void at::native::triu_tril_kernel<float, int, (bool)0, (int)2, (bool)1>(at::cuda::detail::TensorInfo<T1, T2>, at::cuda::detail::TensorInfo<const T1, T2>, long, long, T2)"
:stage.process:model.layers.0.self_attn.v_proj,PushPop,3033121,3035516,1,10,80416,8041.6,6048.0,3648,20704,6037.1,"void at::native::elementwise_kernel<(int)128, (int)2, void at::native::gpu_kernel_impl_nocast<at::native::BinaryFunctor<float, float, float, at::native::binary_internal::MulFunctor<float>>>(at::TensorIteratorBase &, const T1 &)::[lambda(int) (instance 1)]>(int, T3)"
:stage.process:model.layers.0.self_attn.v_proj,PushPop,3033121,3035516,1,10,78111,7811.1,7791.5,7392,8224,253.1,"void at::native::reduce_kernel<(int)512, (int)1, at::native::ReduceOp<float, at::native::func_wrapper_t<float, at::native::sum_functor<float, float, float>::operator ()(at::TensorIterator &)::[lambda(float, float) (instance 1)]>, unsigned int, float, (int)4, (int)4>>(T3)"
:stage.process:model.layers.0.self_attn.v_proj,PushPop,3033121,3035516,1,10,68799,6879.9,7536.0,3200,8159,1780.1,"void at::native::reduce_kernel<(int)512, (int)1, at::native::ReduceOp<float, at::native::MeanOps<float, float, float, float>, unsigned int, float, (int)4, (int)4>>(T3)"
:stage.process:model.layers.0.self_attn.v_proj,PushPop,3033121,3035516,1,14,60543,4324.5,3232.0,1312,8640,2614.1,"void at::native::vectorized_elementwise_kernel<(int)4, at::native::FillFunctor<float>, std::array<char *, (unsigned long)1>>(int, T2, T3)"
:stage.process:model.layers.0.self_attn.v_proj,PushPop,3033121,3035516,1,9,44992,4999.1,3584.0,1600,12000,3826.2,"void at::native::vectorized_elementwise_kernel<(int)4, at::native::BUnaryFunctor<float, float, float, at::native::binary_internal::MulFunctor<float>>, std::array<char *, (unsigned long)2>>(int, T2, T3)"
:stage.process:model.layers.0.self_attn.v_proj,PushPop,3033121,3035516,1,10,39616,3961.6,3872.0,3872,4288,172.5,"void dot_kernel<float, (int)128, (int)0, cublasDotParams<cublasGemvTensorStridedBatched<const float>, cublasGemvTensorStridedBatched<float>>>(T4)"
:stage.process:model.layers.0.self_attn.v_proj,PushPop,3033121,3035516,1,9,37536,4170.7,4128.0,4096,4320,91.9,"void at::native::vectorized_elementwise_kernel<(int)4, at::native::BinaryFunctor<float, float, float, at::native::binary_internal::MulFunctor<float>>, std::array<char *, (unsigned long)3>>(int, T2, T3)"
:stage.process:model.layers.0.self_attn.v_proj,PushPop,3033121,3035516,1,10,35776,3577.6,3376.0,3232,4192,376.2,"void at::native::elementwise_kernel<(int)128, (int)2, void at::native::gpu_kernel_impl_nocast<at::native::CUDAFunctorOnSelf_add<float>>(at::TensorIteratorBase &, const T1 &)::[lambda(int) (instance 1)]>(int, T3)"
:stage.process:model.layers.0.self_attn.v_proj,PushPop,3033121,3035516,1,10,27520,2752.0,2752.0,2688,2816,50.0,"void reduce_1Block_kernel<float, (int)128, (int)7, cublasGemvTensorStridedBatched<float>, cublasGemvTensorStridedBatched<const float>, cublasGemvTensorStridedBatched<float>>(const T1 *, T1, T4, int, const T1 *, T1, T5, T6, cublasPointerMode_t, cublasLtEpilogue_t, cublasGemvTensorStridedBatched<const biasType<T6::value_type, T1>::type>)"
:stage.process:model.layers.0.self_attn.v_proj,PushPop,3033121,3035516,1,12,26432,2202.7,2208.0,1984,2400,90.3,"void at::native::vectorized_elementwise_kernel<(int)4, at::native::<unnamed>::CompareFunctor<float>, std::array<char *, (unsigned long)3>>(int, T2, T3)"
:stage.process:model.layers.0.self_attn.v_proj,PushPop,3033121,3035516,1,6,20672,3445.3,1840.0,1440,11200,3830.4,"void at::native::vectorized_elementwise_kernel<(int)4, at::native::AUnaryFunctor<float, float, float, at::native::binary_internal::MulFunctor<float>>, std::array<char *, (unsigned long)2>>(int, T2, T3)"
:stage.process:model.layers.0.self_attn.v_proj,PushPop,3033121,3035516,1,1,15488,15488.0,15488.0,15488,15488,0.0,"void at::native::<unnamed>::CatArrayBatchedCopy_alignedK_contig<at::native::<unnamed>::OpaqueType<(unsigned int)8>, unsigned int, (int)3, (int)128, (int)1, (int)16>(T1 *, at::native::<unnamed>::CatArrInputTensorMetadata<T1, T2, T4, T5>, at::native::<unnamed>::TensorSizeStride<T2, (unsigned int)4>, int, T2)"
:stage.process:model.layers.0.self_attn.v_proj,PushPop,3033121,3035516,1,4,14784,3696.0,3680.0,3616,3808,84.7,"void at::native::vectorized_elementwise_kernel<(int)2, at::native::BUnaryFunctor<long, long, long, at::native::rshift_kernel_cuda(at::TensorIteratorBase &)::[lambda() (instance 1)]::operator ()() const::[lambda() (instance 4)]::operator ()() const::[lambda(long, long) (instance 1)]>, std::array<char *, (unsigned long)2>>(int, T2, T3)"
:stage.process:model.layers.0.self_attn.v_proj,PushPop,3033121,3035516,1,4,14464,3616.0,3600.0,3456,3808,186.6,"void at::native::vectorized_elementwise_kernel<(int)2, at::native::BUnaryFunctor<long, long, long, at::native::remainder_kernel_cuda(at::TensorIteratorBase &)::[lambda() (instance 1)]::operator ()() const::[lambda() (instance 4)]::operator ()() const::[lambda(long, long) (instance 1)]>, std::array<char *, (unsigned long)2>>(int, T2, T3)"
:stage.process:model.layers.0.self_attn.v_proj,PushPop,3033121,3035516,1,3,13792,4597.3,4192.0,4064,5536,815.4,"void at::native::vectorized_elementwise_kernel<(int)2, at::native::BinaryFunctor<long, long, long, at::native::BitwiseXorFunctor<long>>, std::array<char *, (unsigned long)3>>(int, T2, T3)"
:stage.process:model.layers.0.self_attn.v_proj,PushPop,3033121,3035516,1,6,12000,2000.0,1648.0,1632,3744,854.8,"void at::native::vectorized_elementwise_kernel<(int)2, at::native::AUnaryFunctor<long, long, long, at::native::binary_internal::MulFunctor<long>>, std::array<char *, (unsigned long)2>>(int, T2, T3)"
:stage.process:model.layers.0.self_attn.v_proj,PushPop,3033121,3035516,1,3,11872,3957.3,4032.0,3584,4256,342.2,"void at::native::unrolled_elementwise_kernel<at::native::direct_copy_kernel_cuda(at::TensorIteratorBase &)::[lambda() (instance 3)]::operator ()() const::[lambda() (instance 3)]::operator ()() const::[lambda(int) (instance 1)], std::array<char *, (unsigned long)2>, (int)4, TrivialOffsetCalculator<(int)1, unsigned int>, TrivialOffsetCalculator<(int)1, unsigned int>, at::native::memory::LoadWithCast<(int)1>, at::native::memory::StoreWithCast<(int)1>>(int, T1, T2, T4, T5, T6, T7)"
:stage.process:model.layers.0.self_attn.v_proj,PushPop,3033121,3035516,1,8,11840,1480.0,1440.0,1408,1568,65.7,"void at::native::unrolled_elementwise_kernel<at::native::AUnaryFunctor<long, long, long, at::native::BitwiseAndFunctor<long>>, std::array<char *, (unsigned long)2>, (int)4, TrivialOffsetCalculator<(int)1, unsigned int>, TrivialOffsetCalculator<(int)1, unsigned int>, at::native::memory::LoadWithoutCast, at::native::memory::StoreWithoutCast>(int, T1, T2, T4, T5, T6, T7)"
:stage.process:model.layers.0.self_attn.v_proj,PushPop,3033121,3035516,1,6,10944,1824.0,1824.0,1824,1824,0.0,"void at::native::vectorized_elementwise_kernel<(int)4, at::native::FillFunctor<unsigned char>, std::array<char *, (unsigned long)1>>(int, T2, T3)"
:stage.process:model.layers.0.self_attn.v_proj,PushPop,3033121,3035516,1,5,10432,2086.4,1696.0,1632,3776,945.1,"void at::native::vectorized_elementwise_kernel<(int)2, at::native::CUDAFunctorOnSelf_add<long>, std::array<char *, (unsigned long)2>>(int, T2, T3)"
:stage.process:model.layers.0.self_attn.v_proj,PushPop,3033121,3035516,1,3,10208,3402.7,3456.0,3264,3488,121.2,"void at::native::elementwise_kernel<(int)128, (int)2, void at::native::gpu_kernel_impl_nocast<at::native::direct_copy_kernel_cuda(at::TensorIteratorBase &)::[lambda() (instance 3)]::operator ()() const::[lambda() (instance 3)]::operator ()() const::[lambda(int) (instance 1)]>(at::TensorIteratorBase &, const T1 &)::[lambda(int) (instance 1)]>(int, T3)"
:stage.process:model.layers.0.self_attn.v_proj,PushPop,3033121,3035516,1,3,10047,3349.0,3328.0,3327,3392,37.2,"void at::native::unrolled_elementwise_kernel<at::native::direct_copy_kernel_cuda(at::TensorIteratorBase &)::[lambda() (instance 3)]::operator ()() const::[lambda() (instance 1)]::operator ()() const::[lambda(unsigned char) (instance 1)], std::array<char *, (unsigned long)2>, (int)4, TrivialOffsetCalculator<(int)1, unsigned int>, TrivialOffsetCalculator<(int)1, unsigned int>, at::native::memory::LoadWithCast<(int)1>, at::native::memory::StoreWithCast<(int)1>>(int, T1, T2, T4, T5, T6, T7)"
:stage.process:model.layers.0.self_attn.v_proj,PushPop,3033121,3035516,1,2,8320,4160.0,4160.0,4160,4160,0.0,"void at::native::vectorized_elementwise_kernel<(int)2, at::native::BinaryFunctor<long, long, long, at::native::BitwiseOrFunctor<long>>, std::array<char *, (unsigned long)3>>(int, T2, T3)"
:stage.process:model.layers.0.self_attn.v_proj,PushPop,3033121,3035516,1,2,7744,3872.0,3872.0,3840,3904,45.3,"void at::native::vectorized_elementwise_kernel<(int)2, at::native::BUnaryFunctor<long, long, long, at::native::lshift_kernel_cuda(at::TensorIteratorBase &)::[lambda() (instance 1)]::operator ()() const::[lambda() (instance 4)]::operator ()() const::[lambda(long, long) (instance 1)]>, std::array<char *, (unsigned long)2>>(int, T2, T3)"
:stage.process:model.layers.0.self_attn.v_proj,PushPop,3033121,3035516,1,2,7616,3808.0,3808.0,3776,3840,45.3,"void at::native::vectorized_elementwise_kernel<(int)2, at::native::BUnaryFunctor<long, long, long, at::native::binary_internal::div_floor_kernel_cuda(at::TensorIteratorBase &)::[lambda() (instance 1)]::operator ()() const::[lambda() (instance 4)]::operator ()() const::[lambda(long, long) (instance 1)]>, std::array<char *, (unsigned long)2>>(int, T2, T3)"
:stage.process:model.layers.0.self_attn.v_proj,PushPop,3033121,3035516,1,1,7488,7488.0,7488.0,7488,7488,0.0,"void at::native::reduce_kernel<(int)128, (int)4, at::native::ReduceOp<long, at::native::func_wrapper_t<long, at::native::sum_functor<long, long, long>::operator ()(at::TensorIterator &)::[lambda(long, long) (instance 1)]>, unsigned int, long, (int)4, (int)4>>(T3)"
:stage.process:model.layers.0.self_attn.v_proj,PushPop,3033121,3035516,1,3,7488,2496.0,2496.0,2400,2592,96.0,"void at::native::vectorized_elementwise_kernel<(int)4, at::native::AUnaryFunctor<unsigned char, unsigned char, bool, at::native::<unnamed>::CompareEqFunctor<unsigned char>>, std::array<char *, (unsigned long)2>>(int, T2, T3)"
:stage.process:model.layers.0.self_attn.v_proj,PushPop,3033121,3035516,1,4,7168,1792.0,1760.0,1760,1888,64.0,"void at::native::vectorized_elementwise_kernel<(int)4, void at::native::compare_scalar_kernel<c10::Half>(at::TensorIteratorBase &, at::native::<unnamed>::OpType, T1)::[lambda(c10::Half) (instance 1)], std::array<char *, (unsigned long)2>>(int, T2, T3)"
:stage.process:model.layers.0.self_attn.v_proj,PushPop,3033121,3035516,1,2,6464,3232.0,3232.0,3168,3296,90.5,"void at::native::elementwise_kernel<(int)128, (int)2, void at::native::gpu_kernel_impl_nocast<at::native::AbsFunctor<float>>(at::TensorIteratorBase &, const T1 &)::[lambda(int) (instance 1)]>(int, T3)"
:stage.process:model.layers.0.self_attn.v_proj,PushPop,3033121,3035516,1,2,6368,3184.0,3184.0,3168,3200,22.6,"void at::native::elementwise_kernel<(int)128, (int)2, void at::native::gpu_kernel_impl_nocast<at::native::CUDAFunctor_add<long>>(at::TensorIteratorBase &, const T1 &)::[lambda(int) (instance 1)]>(int, T3)"
:stage.process:model.layers.0.self_attn.v_proj,PushPop,3033121,3035516,1,4,6208,1552.0,1552.0,1408,1696,118.3,"void at::native::vectorized_elementwise_kernel<(int)4, at::native::FillFunctor<bool>, std::array<char *, (unsigned long)1>>(int, T2, T3)"
:stage.process:model.layers.0.self_attn.v_proj,PushPop,3033121,3035516,1,1,6016,6016.0,6016.0,6016,6016,0.0,"void at::native::elementwise_kernel<(int)128, (int)2, void at::native::gpu_kernel_impl_nocast<at::native::BinaryFunctor<float, float, float, at::native::binary_internal::DivFunctor<float>>>(at::TensorIteratorBase &, const T1 &)::[lambda(int) (instance 1)]>(int, T3)"
:stage.process:model.layers.0.self_attn.v_proj,PushPop,3033121,3035516,1,1,5888,5888.0,5888.0,5888,5888,0.0,"void at::native::vectorized_elementwise_kernel<(int)4, void at::native::<unnamed>::pow_tensor_scalar_kernel_impl<float, float>(at::TensorIteratorBase &, T2)::[lambda(float) (instance 1)], std::array<char *, (unsigned long)2>>(int, T2, T3)"
:stage.process:model.layers.0.self_attn.v_proj,PushPop,3033121,3035516,1,3,5600,1866.7,1760.0,1696,2144,242.3,"void at::native::vectorized_elementwise_kernel<(int)4, at::native::BinaryFunctor<float, float, float, at::native::maximum_kernel_cuda(at::TensorIteratorBase &)::[lambda() (instance 2)]::operator ()() const::[lambda() (instance 2)]::operator ()() const::[lambda(float, float) (instance 1)]>, std::array<char *, (unsigned long)3>>(int, T2, T3)"
:stage.process:model.layers.0.self_attn.v_proj,PushPop,3033121,3035516,1,2,4896,2448.0,2448.0,2368,2528,113.1,"void at::native::vectorized_elementwise_kernel<(int)2, at::native::CUDAFunctorOnOther_add<long>, std::array<char *, (unsigned long)2>>(int, T2, T3)"
:stage.process:model.layers.0.self_attn.v_proj,PushPop,3033121,3035516,1,3,4384,1461.3,1440.0,1376,1568,97.8,"xxtrf4_set_info_ker(int, int *)"
:stage.process:model.layers.0.self_attn.v_proj,PushPop,3033121,3035516,1,1,4352,4352.0,4352.0,4352,4352,0.0,"void at::native::vectorized_elementwise_kernel<(int)4, at::native::float16_copy_kernel_cuda(at::TensorIteratorBase &)::[lambda(float) (instance 1)], std::array<char *, (unsigned long)2>>(int, T2, T3)"
:stage.process:model.layers.0.self_attn.v_proj,PushPop,3033121,3035516,1,1,4224,4224.0,4224.0,4224,4224,0.0,"void at::native::<unnamed>::CatArrayBatchedCopy_vectorized<at::native::<unnamed>::OpaqueType<(unsigned int)2>, unsigned int, (int)1, (int)128, (int)1, (int)16, (int)8>(char *, at::native::<unnamed>::CatArrInputTensorMetadata<T1, T2, T4, T5>, at::native::<unnamed>::TensorSizeStride<T2, (unsigned int)4>, int, T2)"
:stage.process:model.layers.0.self_attn.v_proj,PushPop,3033121,3035516,1,1,2560,2560.0,2560.0,2560,2560,0.0,"void at::native::vectorized_elementwise_kernel<(int)4, at::native::AUnaryFunctor<unsigned char, unsigned char, unsigned char, at::native::binary_internal::MulFunctor<unsigned char>>, std::array<char *, (unsigned long)2>>(int, T2, T3)"
:stage.process:model.layers.0.self_attn.v_proj,PushPop,3033121,3035516,1,1,2464,2464.0,2464.0,2464,2464,0.0,"void at::native::vectorized_elementwise_kernel<(int)4, at::native::BinaryFunctor<unsigned char, unsigned char, bool, at::native::<unnamed>::CompareEqFunctor<unsigned char>>, std::array<char *, (unsigned long)3>>(int, T2, T3)"
:stage.process:model.layers.0.self_attn.v_proj,PushPop,3033121,3035516,1,1,2400,2400.0,2400.0,2400,2400,0.0,"void at::native::unrolled_elementwise_kernel<at::native::direct_copy_kernel_cuda(at::TensorIteratorBase &)::[lambda() (instance 3)]::operator ()() const::[lambda() (instance 11)]::operator ()() const::[lambda(bool) (instance 1)], std::array<char *, (unsigned long)2>, (int)4, TrivialOffsetCalculator<(int)1, unsigned int>, TrivialOffsetCalculator<(int)1, unsigned int>, at::native::memory::LoadWithCast<(int)1>, at::native::memory::StoreWithCast<(int)1>>(int, T1, T2, T4, T5, T6, T7)"
:stage.process:model.layers.0.self_attn.v_proj,PushPop,3033121,3035516,1,1,2112,2112.0,2112.0,2112,2112,0.0,"void at::native::unrolled_elementwise_kernel<at::native::<unnamed>::CompareFunctor<c10::Half>, std::array<char *, (unsigned long)3>, (int)4, TrivialOffsetCalculator<(int)2, unsigned int>, TrivialOffsetCalculator<(int)1, unsigned int>, at::native::memory::LoadWithoutCast, at::native::memory::StoreWithoutCast>(int, T1, T2, T4, T5, T6, T7)"
:stage.process:model.layers.0.self_attn.v_proj,PushPop,3033121,3035516,1,1,1984,1984.0,1984.0,1984,1984,0.0,"void at::native::vectorized_elementwise_kernel<(int)4, at::native::sqrt_kernel_cuda(at::TensorIteratorBase &)::[lambda() (instance 2)]::operator ()() const::[lambda() (instance 2)]::operator ()() const::[lambda(float) (instance 1)], std::array<char *, (unsigned long)2>>(int, T2, T3)"
:stage.process:model.layers.0.self_attn.v_proj,PushPop,3033121,3035516,1,1,1760,1760.0,1760.0,1760,1760,0.0,"void at::native::vectorized_elementwise_kernel<(int)4, at::native::<unnamed>::launch_clamp_scalar(at::TensorIteratorBase &, c10::Scalar, c10::Scalar, at::native::detail::ClampLimits)::[lambda() (instance 1)]::operator ()() const::[lambda() (instance 7)]::operator ()() const::[lambda(float) (instance 1)], std::array<char *, (unsigned long)2>>(int, T2, T3)"
:stage.process:model.layers.1.mlp.down_proj,PushPop,3033121,3035516,1,2250,6948129531,3088057.6,3332233.0,1049699,3515785,673134.8,void <unnamed>::qvq_fused_w2_family_grid_kernel<(bool)0>(<unnamed>::FusedSequenceArgs)
:stage.process:model.layers.1.mlp.down_proj,PushPop,3033121,3035516,1,2302,5692479045,2472840.6,2758759.0,1360643,2838599,559125.0,"void <unnamed>::qvq_viterbi_kernel<(int)4, (int)2, __half, unsigned char>(const float *, const T3 *, const float *, const long *, const float *, T4 *, long *, float *, int, int, int, bool, bool, bool)"
:stage.process:model.layers.1.mlp.down_proj,PushPop,3033121,3035516,1,1278,838700453,656260.1,424993.0,21568,1193379,379710.6,void cutlass::Kernel2<cutlass_80_simt_sgemm_grouped_128x128_8x4_align1>(T1::Params)
:stage.process:model.layers.1.mlp.down_proj,PushPop,3033121,3035516,1,1276,807277171,632662.4,398209.0,14208,1186051,407231.0,ampere_sgemm_128x128_nt
:stage.process:model.layers.1.mlp.down_proj,PushPop,3033121,3035516,1,2250,227681233,101191.7,102272.0,71456,107296,4281.9,"<unnamed>::qvq_fused_w2_traceback_kernel(const unsigned char *, const unsigned char *, const int *, long *, unsigned char *, int)"
:stage.process:model.layers.1.mlp.down_proj,PushPop,3033121,3035516,1,1270,181999048,143306.3,92688.5,4640,264064,89011.9,"void gemmSN_NN_kernel<float, (int)128, (int)2, (int)4, (int)8, (int)4, (int)4, (bool)0, cublasGemvTensorBatched<const float>, cublasGemvTensorBatched<const float>, cublasGemvTensorBatched<float>>(cublasGemmSmallNParams<T9, T10, T11, T1>)"
:stage.process:model.layers.1.mlp.down_proj,PushPop,3033121,3035516,1,435,124302872,285753.7,44096.0,17664,13420258,1775660.5,ampere_sgemm_128x32_sliced1x4_nn
:stage.process:model.layers.1.mlp.down_proj,PushPop,3033121,3035516,1,537,69021422,128531.5,128704.0,4352,259456,75152.6,"void gemmSN_NN_kernel<float, (int)256, (int)4, (int)2, (int)8, (int)4, (int)4, (bool)0, cublasGemvTensorStridedBatched<const float>, cublasGemvTensorStridedBatched<const float>, cublasGemvTensorStridedBatched<float>>(cublasGemmSmallNParams<T9, T10, T11, T1>)"
:stage.process:model.layers.1.mlp.down_proj,PushPop,3033121,3035516,1,8982,61851827,6886.2,7424.0,2528,90337,2637.6,"void at::native::reduce_kernel<(int)512, (int)1, at::native::ReduceOp<bool, at::native::func_wrapper_t<bool, at::native::and_kernel_cuda(at::TensorIterator &)::[lambda() (instance 1)]::operator ()() const::[lambda() (instance 12)]::operator ()() const::[lambda(bool, bool) (instance 1)]>, unsigned int, bool, (int)4, (int)4>>(T3)"
:stage.process:model.layers.1.mlp.down_proj,PushPop,3033121,3035516,1,416,61524645,147895.8,145856.5,133312,520993,21169.7,"void <unnamed>::qvq_v2_segment_grid_kernel<(int)4, (int)2, (int)16, (bool)1, (bool)0, __half, unsigned char>(const float *, const T6 *, const float *, const long *, const float *, const float *, float *, T7 *, unsigned char *, int, int, int, bool, bool)"
:stage.process:model.layers.1.mlp.down_proj,PushPop,3033121,3035516,1,4,52602770,13150692.5,13120260.5,12976452,13385797,206917.0,void cutlass::Kernel2<cutlass_80_simt_sgemm_128x32_8x5_nt_align1>(T1::Params)
:stage.process:model.layers.1.mlp.down_proj,PushPop,3033121,3035516,1,6857,37440191,5460.1,3392.0,2112,623682,22436.6,"void at::native::elementwise_kernel<(int)128, (int)2, void at::native::gpu_kernel_impl_nocast<at::native::direct_copy_kernel_cuda(at::TensorIteratorBase &)::[lambda() (instance 3)]::operator ()() const::[lambda() (instance 7)]::operator ()() const::[lambda(float) (instance 1)]>(at::TensorIteratorBase &, const T1 &)::[lambda(int) (instance 1)]>(int, T3)"
:stage.process:model.layers.1.mlp.down_proj,PushPop,3033121,3035516,1,4350,33719643,7751.6,7712.0,3744,79585,1333.9,"void at::native::reduce_kernel<(int)512, (int)1, at::native::ReduceOp<float, at::native::func_wrapper_t<float, at::native::MaxNanFunctor<float>>, unsigned int, float, (int)4, (int)4>>(T3)"
:stage.process:model.layers.1.mlp.down_proj,PushPop,3033121,3035516,1,2250,30655407,13624.6,13728.0,9216,15488,1059.0,"<unnamed>::qvq_fused_detect_family_mask_kernel(const unsigned int *, int *)"
:stage.process:model.layers.1.mlp.down_proj,PushPop,3033121,3035516,1,2815,28036615,9959.7,8992.0,5504,119136,2632.5,"void at::native::index_elementwise_kernel<(int)128, (int)4, void at::native::gpu_index_kernel<void at::native::index_kernel_impl<at::native::OpaqueType<(int)2>>(at::TensorIteratorBase &, c10::ArrayRef<long>, c10::ArrayRef<long>)::[lambda(char *, const char *, long) (instance 1)]>(at::TensorIteratorBase &, c10::ArrayRef<long>, c10::ArrayRef<long>, const T1 &, bool)::[lambda(int) (instance 1)]>(long, T3)"
:stage.process:model.layers.1.mlp.down_proj,PushPop,3033121,3035516,1,2,25963464,12981732.0,12981732.0,12953604,13009860,39779.0,void cutlass::Kernel2<cutlass_80_simt_sgemm_128x64_8x5_nn_align1>(T1::Params)
:stage.process:model.layers.1.mlp.down_proj,PushPop,3033121,3035516,1,2,25881474,12940737.0,12940737.0,12872930,13008544,95893.6,void cutlass::Kernel2<cutlass_80_simt_sgemm_64x128_8x5_nt_align1>(T1::Params)
:stage.process:model.layers.1.mlp.down_proj,PushPop,3033121,3035516,1,3074,25460665,8282.6,8256.5,7968,8768,115.6,"void at::native::reduce_kernel<(int)512, (int)1, at::native::ReduceOp<c10::Half, at::native::func_wrapper_t<c10::Half, at::native::MaxNanFunctor<c10::Half>>, unsigned int, c10::Half, (int)4, (int)4>>(T3)"
:stage.process:model.layers.1.mlp.down_proj,PushPop,3033121,3035516,1,1213,21341333,17593.8,4256.0,3168,654434,46255.0,"void at::native::elementwise_kernel<(int)128, (int)2, void at::native::gpu_kernel_impl_nocast<at::native::CUDAFunctor_add<float>>(at::TensorIteratorBase &, const T1 &)::[lambda(int) (instance 1)]>(int, T3)"
:stage.process:model.layers.1.mlp.down_proj,PushPop,3033121,3035516,1,5,20012401,4002480.2,2257381.0,925539,7289137,3047142.9,"void kernel<getrf_wo_pivot_params_<float, (int)0, (int)256, (int)1, (int)64, (int)64, (int)68, (int)8, (int)1, (int)1>>(int, int, void *, int, void *, int, int, int, int, int, int *)"
:stage.process:model.layers.1.mlp.down_proj,PushPop,3033121,3035516,1,8730,19719325,2258.8,2048.0,1536,255137,5582.9,"void at::native::vectorized_elementwise_kernel<(int)4, at::native::AbsFunctor<float>, std::array<char *, (unsigned long)2>>(int, T2, T3)"
:stage.process:model.layers.1.mlp.down_proj,PushPop,3033121,3035516,1,7454,16390922,2198.9,2112.0,1632,100192,2334.5,"void at::native::vectorized_elementwise_kernel<(int)4, at::native::BinaryFunctor<bool, bool, bool, at::native::binary_internal::MulFunctor<bool>>, std::array<char *, (unsigned long)3>>(int, T2, T3)"
:stage.process:model.layers.1.mlp.down_proj,PushPop,3033121,3035516,1,21,14030535,668120.7,14912.0,11136,3509386,1382323.7,ampere_sgemm_64x32_sliced1x4_nn
:stage.process:model.layers.1.mlp.down_proj,PushPop,3033121,3035516,1,6148,13655784,2221.2,2144.0,2016,4128,195.2,"void at::native::vectorized_elementwise_kernel<(int)4, at::native::AbsFunctor<c10::Half>, std::array<char *, (unsigned long)2>>(int, T2, T3)"
:stage.process:model.layers.1.mlp.down_proj,PushPop,3033121,3035516,1,1917,13193827,6882.5,6848.0,4352,10496,423.4,"void at::native::index_elementwise_kernel<(int)128, (int)4, void at::native::gpu_index_kernel<void at::native::index_put_kernel_impl<at::native::OpaqueType<(int)4>>(at::TensorIterator &, c10::ArrayRef<long>, c10::ArrayRef<long>)::[lambda(char *, const char *, long) (instance 1)]>(at::TensorIteratorBase &, c10::ArrayRef<long>, c10::ArrayRef<long>, const T1 &, bool)::[lambda(int) (instance 1)]>(long, T3)"
:stage.process:model.layers.1.mlp.down_proj,PushPop,3033121,3035516,1,4381,10197048,2327.6,2080.0,1536,164097,5209.1,"void at::native::vectorized_elementwise_kernel<(int)4, at::native::BinaryFunctor<float, float, bool, at::native::<unnamed>::CompareEqFunctor<float>>, std::array<char *, (unsigned long)3>>(int, T2, T3)"
:stage.process:model.layers.1.mlp.down_proj,PushPop,3033121,3035516,1,4380,10078138,2300.9,2048.0,1536,165313,5195.9,"void at::native::vectorized_elementwise_kernel<(int)4, at::native::AUnaryFunctor<float, float, bool, at::native::<unnamed>::CompareEqFunctor<float>>, std::array<char *, (unsigned long)2>>(int, T2, T3)"
:stage.process:model.layers.1.mlp.down_proj,PushPop,3033121,3035516,1,2311,9816885,4247.9,4096.0,2944,77056,2464.8,"void at::native::unrolled_elementwise_kernel<at::native::direct_copy_kernel_cuda(at::TensorIteratorBase &)::[lambda() (instance 3)]::operator ()() const::[lambda() (instance 7)]::operator ()() const::[lambda(float) (instance 1)], std::array<char *, (unsigned long)2>, (int)4, TrivialOffsetCalculator<(int)1, unsigned int>, TrivialOffsetCalculator<(int)1, unsigned int>, at::native::memory::LoadWithCast<(int)1>, at::native::memory::StoreWithCast<(int)1>>(int, T1, T2, T4, T5, T6, T7)"
:stage.process:model.layers.1.mlp.down_proj,PushPop,3033121,3035516,1,1146,9768924,8524.4,8192.0,7808,10496,771.6,"void batch_trsm_left_kernel<float, (int)64, (int)4, (int)3, (bool)0, (bool)0, (bool)1>(cublasTrsmBatchParams2<T1>, T1, const T1 *, int)"
:stage.process:model.layers.1.mlp.down_proj,PushPop,3033121,3035516,1,2815,9304191,3305.2,3360.0,2528,116033,2138.3,"void at::native::elementwise_kernel<(int)128, (int)2, void at::native::gpu_kernel_impl_nocast<at::native::direct_copy_kernel_cuda(at::TensorIteratorBase &)::[lambda() (instance 3)]::operator ()() const::[lambda() (instance 4)]::operator ()() const::[lambda(long) (instance 1)]>(at::TensorIteratorBase &, const T1 &)::[lambda(int) (instance 1)]>(int, T3)"
:stage.process:model.layers.1.mlp.down_proj,PushPop,3033121,3035516,1,1278,9073623,7099.9,7040.0,4704,12064,337.2,"void at::native::index_elementwise_kernel<(int)128, (int)4, void at::native::gpu_index_kernel<void at::native::index_put_kernel_impl<at::native::OpaqueType<(int)8>>(at::TensorIterator &, c10::ArrayRef<long>, c10::ArrayRef<long>)::[lambda(char *, const char *, long) (instance 1)]>(at::TensorIteratorBase &, c10::ArrayRef<long>, c10::ArrayRef<long>, const T1 &, bool)::[lambda(int) (instance 1)]>(long, T3)"
:stage.process:model.layers.1.mlp.down_proj,PushPop,3033121,3035516,1,2300,7152048,3109.6,3040.0,2048,61792,1298.7,"void at::native::elementwise_kernel<(int)128, (int)2, void at::native::gpu_kernel_impl_nocast<at::native::AUnaryFunctor<long, long, long, at::native::BitwiseAndFunctor<long>>>(at::TensorIteratorBase &, const T1 &)::[lambda(int) (instance 1)]>(int, T3)"
:stage.process:model.layers.1.mlp.down_proj,PushPop,3033121,3035516,1,3074,6971509,2267.9,2240.0,1792,2337,38.4,"void at::native::vectorized_elementwise_kernel<(int)4, at::native::BinaryFunctor<c10::Half, c10::Half, bool, at::native::<unnamed>::CompareEqFunctor<c10::Half>>, std::array<char *, (unsigned long)3>>(int, T2, T3)"
:stage.process:model.layers.1.mlp.down_proj,PushPop,3033121,3035516,1,3074,6905743,2246.5,2240.0,1760,2305,33.7,"void at::native::vectorized_elementwise_kernel<(int)4, at::native::AUnaryFunctor<c10::Half, c10::Half, bool, at::native::<unnamed>::CompareEqFunctor<c10::Half>>, std::array<char *, (unsigned long)2>>(int, T2, T3)"
:stage.process:model.layers.1.mlp.down_proj,PushPop,3033121,3035516,1,2,6834897,3417448.5,3417448.5,3412937,3421960,6380.2,ampere_sgemm_128x64_lower_nt
:stage.process:model.layers.1.mlp.down_proj,PushPop,3033121,3035516,1,2,6688017,3344008.5,3344008.5,3268936,3419081,106168.5,ampere_sgemm_128x64_nn
:stage.process:model.layers.1.mlp.down_proj,PushPop,3033121,3035516,1,2302,6501036,2824.1,2624.0,2112,167808,3448.2,"void at::native::roll_cuda_kernel<float>(const T1 *, T1 *, long, long, long, long, long, long)"
:stage.process:model.layers.1.mlp.down_proj,PushPop,3033121,3035516,1,2354,6303729,2677.9,2624.0,2112,117856,3062.7,"<unnamed>::qvq_half2_codebook_norm_pack_kernel(const __half *, unsigned long *, int)"
:stage.process:model.layers.1.mlp.down_proj,PushPop,3033121,3035516,1,3328,5778639,1736.4,1664.0,1536,50656,866.0,"void at::native::vectorized_elementwise_kernel<(int)4, void at::native::compare_scalar_kernel<float>(at::TensorIteratorBase &, at::native::<unnamed>::OpType, T1)::[lambda(float) (instance 1)], std::array<char *, (unsigned long)2>>(int, T2, T3)"
:stage.process:model.layers.1.mlp.down_proj,PushPop,3033121,3035516,1,3086,5674698,1838.9,1728.0,1600,46016,1966.8,"void at::native::vectorized_elementwise_kernel<(int)4, void at::native::compare_scalar_kernel<long>(at::TensorIteratorBase &, at::native::<unnamed>::OpType, T1)::[lambda(long) (instance 1)], std::array<char *, (unsigned long)2>>(int, T2, T3)"
:stage.process:model.layers.1.mlp.down_proj,PushPop,3033121,3035516,1,2558,5320075,2079.8,2048.0,1568,69984,1566.7,"void at::native::vectorized_elementwise_kernel<(int)4, at::native::BinaryFunctor<bool, bool, bool, at::native::logical_or_kernel_cuda(at::TensorIterator &)::[lambda() (instance 2)]::operator ()() const::[lambda() (instance 9)]::operator ()() const::[lambda(bool, bool) (instance 1)]>, std::array<char *, (unsigned long)3>>(int, T2, T3)"
:stage.process:model.layers.1.mlp.down_proj,PushPop,3033121,3035516,1,2048,5232686,2555.0,2528.0,2336,2848,125.7,"void at::native::unrolled_elementwise_kernel<at::native::BinaryFunctor<float, float, float, at::native::maximum_kernel_cuda(at::TensorIteratorBase &)::[lambda() (instance 2)]::operator ()() const::[lambda() (instance 2)]::operator ()() const::[lambda(float, float) (instance 1)]>, std::array<char *, (unsigned long)3>, (int)4, TrivialOffsetCalculator<(int)2, unsigned int>, TrivialOffsetCalculator<(int)1, unsigned int>, at::native::memory::LoadWithCast<(int)2>, at::native::memory::StoreWithCast<(int)1>>(int, T1, T2, T4, T5, T6, T7)"
:stage.process:model.layers.1.mlp.down_proj,PushPop,3033121,3035516,1,639,5185225,8114.6,8224.0,5472,9120,420.0,"void at::native::index_elementwise_kernel<(int)128, (int)4, void at::native::gpu_index_kernel<void at::native::index_kernel_impl<at::native::OpaqueType<(int)4>>(at::TensorIteratorBase &, c10::ArrayRef<long>, c10::ArrayRef<long>)::[lambda(char *, const char *, long) (instance 1)]>(at::TensorIteratorBase &, c10::ArrayRef<long>, c10::ArrayRef<long>, const T1 &, bool)::[lambda(int) (instance 1)]>(long, T3)"
:stage.process:model.layers.1.mlp.down_proj,PushPop,3033121,3035516,1,1154,4649284,4028.8,4032.0,3968,10304,220.5,ampere_sgemm_32x128_nt
:stage.process:model.layers.1.mlp.down_proj,PushPop,3033121,3035516,1,1173,4636141,3952.4,2272.0,1888,192384,12691.9,"void at::native::vectorized_elementwise_kernel<(int)4, at::native::CUDAFunctor_add<float>, std::array<char *, (unsigned long)3>>(int, T2, T3)"
:stage.process:model.layers.1.mlp.down_proj,PushPop,3033121,3035516,1,1278,4324522,3383.8,3104.0,2240,5888,579.7,"<unnamed>::qvq_yaqa_feedback_epilogue_kernel(const float *, const float *, const float *, const float *, const float *, float *, int, int, int, int, int)"
:stage.process:model.layers.1.mlp.down_proj,PushPop,3033121,3035516,1,52,4282762,82360.8,81584.0,70688,99520,6749.0,"void <unnamed>::qvq_v2_segment_grid_finalize_kernel<(int)4, (int)2, (int)16, (bool)0, __half, unsigned char>(const float *, const T5 *, const float *, const long *, const float *, const float *, const T6 *, const unsigned char *, long *, unsigned char *, float *, int, int, bool, bool)"
:stage.process:model.layers.1.mlp.down_proj,PushPop,3033121,3035516,1,1024,4217577,4118.7,4080.0,3904,4512,200.8,"void at::native::elementwise_kernel<(int)128, (int)4, void at::native::gpu_kernel_impl_nocast<at::native::direct_copy_kernel_cuda(at::TensorIteratorBase &)::[lambda() (instance 3)]::operator ()() const::[lambda() (instance 10)]::operator ()() const::[lambda(c10::Half) (instance 1)]>(at::TensorIteratorBase &, const T1 &)::[lambda(int) (instance 1)]>(int, T3)"
:stage.process:model.layers.1.mlp.down_proj,PushPop,3033121,3035516,1,639,4201423,6575.0,6688.0,3328,10240,557.6,"void at::native::index_elementwise_kernel<(int)128, (int)4, void at::native::gpu_index_kernel<void at::native::index_put_kernel_impl<at::native::OpaqueType<(int)1>>(at::TensorIterator &, c10::ArrayRef<long>, c10::ArrayRef<long>)::[lambda(char *, const char *, long) (instance 1)]>(at::TensorIteratorBase &, c10::ArrayRef<long>, c10::ArrayRef<long>, const T1 &, bool)::[lambda(int) (instance 1)]>(long, T3)"
:stage.process:model.layers.1.mlp.down_proj,PushPop,3033121,3035516,1,1159,4109258,3545.5,3424.0,1824,53472,2316.2,"void at::native::unrolled_elementwise_kernel<at::native::direct_copy_kernel_cuda(at::TensorIteratorBase &)::[lambda() (instance 3)]::operator ()() const::[lambda() (instance 4)]::operator ()() const::[lambda(long) (instance 1)], std::array<char *, (unsigned long)2>, (int)4, TrivialOffsetCalculator<(int)1, unsigned int>, TrivialOffsetCalculator<(int)1, unsigned int>, at::native::memory::LoadWithCast<(int)1>, at::native::memory::StoreWithCast<(int)1>>(int, T1, T2, T4, T5, T6, T7)"
:stage.process:model.layers.1.mlp.down_proj,PushPop,3033121,3035516,1,1,3807435,3807435.0,3807435.0,3807435,3807435,0.0,ampere_sgemm_32x128_tn
:stage.process:model.layers.1.mlp.down_proj,PushPop,3033121,3035516,1,2250,3485287,1549.0,1568.0,1312,2016,60.3,"void at::native::vectorized_elementwise_kernel<(int)4, at::native::FillFunctor<int>, std::array<char *, (unsigned long)1>>(int, T2, T3)"
:stage.process:model.layers.1.mlp.down_proj,PushPop,3033121,3035516,1,1032,3415720,3309.8,3232.0,3008,15776,810.7,"void at::native::reduce_kernel<(int)512, (int)1, at::native::ReduceOp<bool, at::native::func_wrapper_t<bool, at::native::or_kernel_cuda(at::TensorIterator &)::[lambda() (instance 1)]::operator ()() const::[lambda() (instance 12)]::operator ()() const::[lambda(bool, bool) (instance 1)]>, unsigned int, bool, (int)4, (int)4>>(T3)"
:stage.process:model.layers.1.mlp.down_proj,PushPop,3033121,3035516,1,2316,3157028,1363.1,1376.0,1248,2080,70.1,"void <unnamed>::elementwise_kernel_with_index<int, at::native::arange_cuda_out(const c10::Scalar &, const c10::Scalar &, const c10::Scalar &, at::Tensor &)::[lambda() (instance 1)]::operator ()() const::[lambda() (instance 4)]::operator ()() const::[lambda(long) (instance 1)]>(T1, T2, function_traits<T2>::result_type *)"
:stage.process:model.layers.1.mlp.down_proj,PushPop,3033121,3035516,1,512,2929157,5721.0,5728.0,5344,6080,122.3,"void at::native::unrolled_elementwise_kernel<at::native::CUDAFunctor_add<float>, std::array<char *, (unsigned long)3>, (int)4, TrivialOffsetCalculator<(int)2, unsigned int>, TrivialOffsetCalculator<(int)1, unsigned int>, at::native::memory::LoadWithCast<(int)2>, at::native::memory::StoreWithCast<(int)1>>(int, T1, T2, T4, T5, T6, T7)"
:stage.process:model.layers.1.mlp.down_proj,PushPop,3033121,3035516,1,1278,2773640,2170.3,2144.5,1408,3136,142.6,"<unnamed>::qvq_yaqa_grouped_pointers_kernel(const float *, const float *, float *, float **, float **, float **, int, int, int, int, int, int)"
:stage.process:model.layers.1.mlp.down_proj,PushPop,3033121,3035516,1,1278,2662726,2083.5,2080.0,1632,3296,206.7,"void at::native::vectorized_elementwise_kernel<(int)4, at::native::bitwise_not_kernel_cuda(at::TensorIteratorBase &)::[lambda(bool) (instance 1)], std::array<char *, (unsigned long)2>>(int, T2, T3)"
:stage.process:model.layers.1.mlp.down_proj,PushPop,3033121,3035516,1,3,2632038,877346.0,1311459.0,8800,1311779,752182.9,"void at::native::reduce_kernel<(int)512, (int)1, at::native::ReduceOp<long, at::native::func_wrapper_t<long, at::native::sum_functor<long, long, long>::operator ()(at::TensorIterator &)::[lambda(long, long) (instance 1)]>, unsigned int, long, (int)4, (int)4>>(T3)"
:stage.process:model.layers.1.mlp.down_proj,PushPop,3033121,3035516,1,1278,2482407,1942.4,1952.0,1440,5088,140.5,"<unnamed>::qvq_yaqa_update_grouped_pointers_kernel(float *, float *, const float *, const float *, const float *, float **, float **, float **, int, int, int, int, int, int)"
:stage.process:model.layers.1.mlp.down_proj,PushPop,3033121,3035516,1,11,2466987,224271.5,66049.0,5633,1028419,396912.5,"void at::native::vectorized_elementwise_kernel<(int)2, at::native::AUnaryFunctor<long, long, long, at::native::BitwiseAndFunctor<long>>, std::array<char *, (unsigned long)2>>(int, T2, T3)"
:stage.process:model.layers.1.mlp.down_proj,PushPop,3033121,3035516,1,4,2171974,542993.5,559569.5,4960,1047875,583329.5,"void at::native::elementwise_kernel<(int)128, (int)2, void at::native::gpu_kernel_impl_nocast<at::native::BinaryFunctor<long, long, long, at::native::lshift_kernel_cuda(at::TensorIteratorBase &)::[lambda() (instance 1)]::operator ()() const::[lambda() (instance 4)]::operator ()() const::[lambda(long, long) (instance 1)]>>(at::TensorIteratorBase &, const T1 &)::[lambda(int) (instance 1)]>(int, T3)"
:stage.process:model.layers.1.mlp.down_proj,PushPop,3033121,3035516,1,4,2166406,541601.5,541617.5,41376,1041795,577536.8,"void at::native::elementwise_kernel<(int)128, (int)2, void at::native::gpu_kernel_impl_nocast<at::native::BinaryFunctor<long, long, long, at::native::rshift_kernel_cuda(at::TensorIteratorBase &)::[lambda() (instance 1)]::operator ()() const::[lambda() (instance 4)]::operator ()() const::[lambda(long, long) (instance 1)]>>(at::TensorIteratorBase &, const T1 &)::[lambda(int) (instance 1)]>(int, T3)"
:stage.process:model.layers.1.mlp.down_proj,PushPop,3033121,3035516,1,3,1896261,632087.0,911202.0,73312,911747,483913.4,"void at::native::index_elementwise_kernel<(int)128, (int)4, void at::native::gpu_index_kernel<void at::native::index_kernel_impl<at::native::OpaqueType<(int)8>>(at::TensorIteratorBase &, c10::ArrayRef<long>, c10::ArrayRef<long>)::[lambda(char *, const char *, long) (instance 1)]>(at::TensorIteratorBase &, c10::ArrayRef<long>, c10::ArrayRef<long>, const T1 &, bool)::[lambda(int) (instance 1)]>(long, T3)"
:stage.process:model.layers.1.mlp.down_proj,PushPop,3033121,3035516,1,513,1865447,3636.3,3616.0,3456,20960,768.8,"void at::native::elementwise_kernel<(int)128, (int)4, void at::native::gpu_kernel_impl_nocast<at::native::direct_copy_kernel_cuda(at::TensorIteratorBase &)::[lambda() (instance 3)]::operator ()() const::[lambda() (instance 1)]::operator ()() const::[lambda(unsigned char) (instance 1)]>(at::TensorIteratorBase &, const T1 &)::[lambda(int) (instance 1)]>(int, T3)"
:stage.process:model.layers.1.mlp.down_proj,PushPop,3033121,3035516,1,1031,1763202,1710.2,1696.0,1600,11968,623.6,"void at::native::vectorized_elementwise_kernel<(int)4, at::native::BinaryFunctor<bool, bool, bool, at::native::BitwiseOrFunctor<bool>>, std::array<char *, (unsigned long)3>>(int, T2, T3)"
:stage.process:model.layers.1.mlp.down_proj,PushPop,3033121,3035516,1,491,1743203,3550.3,3360.0,2912,16128,1142.0,"void cublasLt::splitKreduce_kernel<(int)32, (int)16, int, float, float, float, float, (bool)0, float, float, float, (bool)1, (bool)0, (bool)0, (bool)0>(cublasLt::cublasSplitKParams<T6>, const T4 *, const T10 *, T9 *, T5 *, const T6 *, const T6 *, const T11 *, const T4 *, T11 *, void *, long, T6 *, int *, T6 *, T6 *, const T6 *, const T6 *, const T6 *, const T6 *, const T6 *)"
:stage.process:model.layers.1.mlp.down_proj,PushPop,3033121,3035516,1,3,1697188,565729.3,826434.0,43872,826882,451941.8,"void at::native::triu_tril_kernel<float, int, (bool)0, (int)2, (bool)1>(at::cuda::detail::TensorInfo<T1, T2>, at::cuda::detail::TensorInfo<const T1, T2>, long, long, T2)"
:stage.process:model.layers.1.mlp.down_proj,PushPop,3033121,3035516,1,641,1195554,1865.1,1792.0,1472,29696,1538.2,"void at::native::vectorized_elementwise_kernel<(int)2, at::native::FillFunctor<long>, std::array<char *, (unsigned long)1>>(int, T2, T3)"
:stage.process:model.layers.1.mlp.down_proj,PushPop,3033121,3035516,1,516,1175427,2278.0,1760.0,1664,72417,6060.8,"void at::native::vectorized_elementwise_kernel<(int)4, at::native::BinaryFunctor<long, long, bool, at::native::<unnamed>::CompareEqFunctor<long>>, std::array<char *, (unsigned long)3>>(int, T2, T3)"
:stage.process:model.layers.1.mlp.down_proj,PushPop,3033121,3035516,1,512,1114436,2176.6,2176.0,2144,2209,11.1,"void at::native::elementwise_kernel<(int)128, (int)2, void at::native::gpu_kernel_impl_nocast<at::native::BUnaryFunctor<long, long, long, at::native::rshift_kernel_cuda(at::TensorIteratorBase &)::[lambda() (instance 1)]::operator ()() const::[lambda() (instance 4)]::operator ()() const::[lambda(long, long) (instance 1)]>>(at::TensorIteratorBase &, const T1 &)::[lambda(int) (instance 1)]>(int, T3)"
:stage.process:model.layers.1.mlp.down_proj,PushPop,3033121,3035516,1,10,994658,99465.8,76864.0,3744,295201,105562.3,"void at::native::elementwise_kernel<(int)128, (int)2, void at::native::gpu_kernel_impl_nocast<at::native::BinaryFunctor<float, float, float, at::native::binary_internal::MulFunctor<float>>>(at::TensorIteratorBase &, const T1 &)::[lambda(int) (instance 1)]>(int, T3)"
:stage.process:model.layers.1.mlp.down_proj,PushPop,3033121,3035516,1,9,810050,90005.6,65984.0,1984,259296,99206.5,"void at::native::vectorized_elementwise_kernel<(int)4, at::native::BUnaryFunctor<float, float, float, at::native::binary_internal::MulFunctor<float>>, std::array<char *, (unsigned long)2>>(int, T2, T3)"
:stage.process:model.layers.1.mlp.down_proj,PushPop,3033121,3035516,1,9,775457,86161.9,86080.0,85376,87712,701.9,"void at::native::vectorized_elementwise_kernel<(int)4, at::native::BinaryFunctor<float, float, float, at::native::binary_internal::MulFunctor<float>>, std::array<char *, (unsigned long)3>>(int, T2, T3)"
:stage.process:model.layers.1.mlp.down_proj,PushPop,3033121,3035516,1,13,707617,54432.1,28960.0,1376,115777,50352.9,"void at::native::vectorized_elementwise_kernel<(int)4, at::native::FillFunctor<float>, std::array<char *, (unsigned long)1>>(int, T2, T3)"
:stage.process:model.layers.1.mlp.down_proj,PushPop,3033121,3035516,1,26,486976,18729.8,19008.0,15968,21088,1486.6,ampere_sgemm_128x32_nn
:stage.process:model.layers.1.mlp.down_proj,PushPop,3033121,3035516,1,10,438146,43814.6,47040.0,13888,48000,10522.8,"void at::native::reduce_kernel<(int)512, (int)1, at::native::ReduceOp<float, at::native::func_wrapper_t<float, at::native::sum_functor<float, float, float>::operator ()(at::TensorIterator &)::[lambda(float, float) (instance 1)]>, unsigned int, float, (int)4, (int)4>>(T3)"
:stage.process:model.layers.1.mlp.down_proj,PushPop,3033121,3035516,1,1,342977,342977.0,342977.0,342977,342977,0.0,"void at::native::<unnamed>::CatArrayBatchedCopy_alignedK_contig<at::native::<unnamed>::OpaqueType<(unsigned int)8>, unsigned int, (int)3, (int)128, (int)1, (int)16>(T1 *, at::native::<unnamed>::CatArrInputTensorMetadata<T1, T2, T4, T5>, at::native::<unnamed>::TensorSizeStride<T2, (unsigned int)4>, int, T2)"
:stage.process:model.layers.1.mlp.down_proj,PushPop,3033121,3035516,1,3,296256,98752.0,100160.0,95232,100864,3068.7,"void at::native::vectorized_elementwise_kernel<(int)2, at::native::BinaryFunctor<long, long, long, at::native::BitwiseXorFunctor<long>>, std::array<char *, (unsigned long)3>>(int, T2, T3)"
:stage.process:model.layers.1.mlp.down_proj,PushPop,3033121,3035516,1,6,270112,45018.7,2064.0,1472,251168,101070.1,"void at::native::vectorized_elementwise_kernel<(int)4, at::native::AUnaryFunctor<float, float, float, at::native::binary_internal::MulFunctor<float>>, std::array<char *, (unsigned long)2>>(int, T2, T3)"
:stage.process:model.layers.1.mlp.down_proj,PushPop,3033121,3035516,1,4,257600,64400.0,65040.0,58816,68704,4872.0,"void at::native::vectorized_elementwise_kernel<(int)2, at::native::BUnaryFunctor<long, long, long, at::native::rshift_kernel_cuda(at::TensorIteratorBase &)::[lambda() (instance 1)]::operator ()() const::[lambda() (instance 4)]::operator ()() const::[lambda(long, long) (instance 1)]>, std::array<char *, (unsigned long)2>>(int, T2, T3)"
:stage.process:model.layers.1.mlp.down_proj,PushPop,3033121,3035516,1,10,203713,20371.3,20352.0,20224,20672,122.6,"void at::native::<unnamed>::CatArrayBatchedCopy<at::native::<unnamed>::OpaqueType<(unsigned int)4>, unsigned int, (int)2, (int)64, (int)64>(T1 *, at::native::<unnamed>::CatArrInputTensorMetadata<T1, T2, T4, T5>, at::native::<unnamed>::TensorSizeStride<T2, (unsigned int)4>, int, T2)"
:stage.process:model.layers.1.mlp.down_proj,PushPop,3033121,3035516,1,2,201248,100624.0,100624.0,100448,100800,248.9,"void at::native::vectorized_elementwise_kernel<(int)2, at::native::BinaryFunctor<long, long, long, at::native::BitwiseOrFunctor<long>>, std::array<char *, (unsigned long)3>>(int, T2, T3)"
:stage.process:model.layers.1.mlp.down_proj,PushPop,3033121,3035516,1,16,170976,10686.0,10400.0,9120,12096,928.4,void cutlass::Kernel2<cutlass_80_simt_sgemm_128x32_8x5_nn_align1>(T1::Params)
:stage.process:model.layers.1.mlp.down_proj,PushPop,3033121,3035516,1,10,151808,15180.8,7680.0,4064,49376,13911.1,"void at::native::reduce_kernel<(int)512, (int)1, at::native::ReduceOp<float, at::native::MeanOps<float, float, float, float>, unsigned int, float, (int)4, (int)4>>(T3)"
:stage.process:model.layers.1.mlp.down_proj,PushPop,3033121,3035516,1,6,132544,22090.7,22080.0,16224,27968,6403.3,"void trsm_batch_left_upper_kernel_small<float, (int)16, (int)16, (int)64>(cublasTrsmBatchParams<T1>, const T1 *const *, T1 *const *, const T1 *, T1)"
:stage.process:model.layers.1.mlp.down_proj,PushPop,3033121,3035516,1,2,128864,64432.0,64432.0,64288,64576,203.6,"void at::native::vectorized_elementwise_kernel<(int)2, at::native::BUnaryFunctor<long, long, long, at::native::lshift_kernel_cuda(at::TensorIteratorBase &)::[lambda() (instance 1)]::operator ()() const::[lambda() (instance 4)]::operator ()() const::[lambda(long, long) (instance 1)]>, std::array<char *, (unsigned long)2>>(int, T2, T3)"
:stage.process:model.layers.1.mlp.down_proj,PushPop,3033121,3035516,1,3,114880,38293.3,54336.0,5728,54816,28203.4,"void at::native::unrolled_elementwise_kernel<at::native::direct_copy_kernel_cuda(at::TensorIteratorBase &)::[lambda() (instance 3)]::operator ()() const::[lambda() (instance 3)]::operator ()() const::[lambda(int) (instance 1)], std::array<char *, (unsigned long)2>, (int)4, TrivialOffsetCalculator<(int)1, unsigned int>, TrivialOffsetCalculator<(int)1, unsigned int>, at::native::memory::LoadWithCast<(int)1>, at::native::memory::StoreWithCast<(int)1>>(int, T1, T2, T4, T5, T6, T7)"
:stage.process:model.layers.1.mlp.down_proj,PushPop,3033121,3035516,1,4,87744,21936.0,22112.0,21376,22144,374.6,"std::enable_if<!T7, void>::type internal::gemvx::kernel<int, int, float, float, float, float, (bool)0, (bool)1, (bool)1, (bool)0, (int)7, (bool)0, cublasGemvParamsEx<int, cublasGemvTensorStridedBatched<const float>, cublasGemvTensorStridedBatched<const float>, cublasGemvTensorStridedBatched<float>, float>>(T13)"
:stage.process:model.layers.1.mlp.down_proj,PushPop,3033121,3035516,1,5,76385,15277.0,1696.0,1664,69633,30385.9,"void at::native::vectorized_elementwise_kernel<(int)2, at::native::CUDAFunctorOnSelf_add<long>, std::array<char *, (unsigned long)2>>(int, T2, T3)"
:stage.process:model.layers.1.mlp.down_proj,PushPop,3033121,3035516,1,6,73664,12277.3,2016.0,1632,64320,25496.2,"void at::native::vectorized_elementwise_kernel<(int)2, at::native::AUnaryFunctor<long, long, long, at::native::binary_internal::MulFunctor<long>>, std::array<char *, (unsigned long)2>>(int, T2, T3)"
:stage.process:model.layers.1.mlp.down_proj,PushPop,3033121,3035516,1,1,73281,73281.0,73281.0,73281,73281,0.0,"void at::native::elementwise_kernel<(int)128, (int)2, void at::native::gpu_kernel_impl_nocast<at::native::BinaryFunctor<float, float, float, at::native::binary_internal::DivFunctor<float>>>(at::TensorIteratorBase &, const T1 &)::[lambda(int) (instance 1)]>(int, T3)"
:stage.process:model.layers.1.mlp.down_proj,PushPop,3033121,3035516,1,1,62208,62208.0,62208.0,62208,62208,0.0,"void at::native::vectorized_elementwise_kernel<(int)4, void at::native::<unnamed>::pow_tensor_scalar_kernel_impl<float, float>(at::TensorIteratorBase &, T2)::[lambda(float) (instance 1)], std::array<char *, (unsigned long)2>>(int, T2, T3)"
:stage.process:model.layers.1.mlp.down_proj,PushPop,3033121,3035516,1,1,53600,53600.0,53600.0,53600,53600,0.0,"void at::native::reduce_kernel<(int)128, (int)4, at::native::ReduceOp<long, at::native::func_wrapper_t<long, at::native::sum_functor<long, long, long>::operator ()(at::TensorIterator &)::[lambda(long, long) (instance 1)]>, unsigned int, long, (int)4, (int)4>>(T3)"
:stage.process:model.layers.1.mlp.down_proj,PushPop,3033121,3035516,1,8,51873,6484.1,5472.5,4032,11392,2542.8,"void gemmSN_NN_kernel<float, (int)256, (int)4, (int)2, (int)8, (int)4, (int)4, (bool)0, cublasGemvTensorBatched<const float>, cublasGemvTensorBatched<const float>, cublasGemvTensorBatched<float>>(cublasGemmSmallNParams<T9, T10, T11, T1>)"
:stage.process:model.layers.1.mlp.down_proj,PushPop,3033121,3035516,1,1,47520,47520.0,47520.0,47520,47520,0.0,"void at::native::vectorized_elementwise_kernel<(int)4, at::native::float16_copy_kernel_cuda(at::TensorIteratorBase &)::[lambda(float) (instance 1)], std::array<char *, (unsigned long)2>>(int, T2, T3)"
:stage.process:model.layers.1.mlp.down_proj,PushPop,3033121,3035516,1,6,29760,4960.0,5120.0,4064,6112,758.1,"void at::native::elementwise_kernel<(int)128, (int)2, void at::native::gpu_kernel_impl_nocast<at::native::CUDAFunctorOnSelf_add<float>>(at::TensorIteratorBase &, const T1 &)::[lambda(int) (instance 1)]>(int, T3)"
:stage.process:model.layers.1.mlp.down_proj,PushPop,3033121,3035516,1,3,28064,9354.7,10080.0,7136,10848,1959.4,"void at::native::elementwise_kernel<(int)128, (int)2, void at::native::gpu_kernel_impl_nocast<at::native::direct_copy_kernel_cuda(at::TensorIteratorBase &)::[lambda() (instance 3)]::operator ()() const::[lambda() (instance 3)]::operator ()() const::[lambda(int) (instance 1)]>(at::TensorIteratorBase &, const T1 &)::[lambda(int) (instance 1)]>(int, T3)"
:stage.process:model.layers.1.mlp.down_proj,PushPop,3033121,3035516,1,4,14400,3600.0,3568.0,3488,3776,139.5,"void at::native::vectorized_elementwise_kernel<(int)2, at::native::BUnaryFunctor<long, long, long, at::native::remainder_kernel_cuda(at::TensorIteratorBase &)::[lambda() (instance 1)]::operator ()() const::[lambda() (instance 4)]::operator ()() const::[lambda(long, long) (instance 1)]>, std::array<char *, (unsigned long)2>>(int, T2, T3)"
:stage.process:model.layers.1.mlp.down_proj,PushPop,3033121,3035516,1,6,13088,2181.3,2176.0,2112,2272,68.4,"void at::native::vectorized_elementwise_kernel<(int)4, at::native::<unnamed>::CompareFunctor<float>, std::array<char *, (unsigned long)3>>(int, T2, T3)"
:stage.process:model.layers.1.mlp.down_proj,PushPop,3033121,3035516,1,3,12160,4053.3,4320.0,3488,4352,489.9,"void at::native::unrolled_elementwise_kernel<at::native::direct_copy_kernel_cuda(at::TensorIteratorBase &)::[lambda() (instance 3)]::operator ()() const::[lambda() (instance 1)]::operator ()() const::[lambda(unsigned char) (instance 1)], std::array<char *, (unsigned long)2>, (int)4, TrivialOffsetCalculator<(int)1, unsigned int>, TrivialOffsetCalculator<(int)1, unsigned int>, at::native::memory::LoadWithCast<(int)1>, at::native::memory::StoreWithCast<(int)1>>(int, T1, T2, T4, T5, T6, T7)"
:stage.process:model.layers.1.mlp.down_proj,PushPop,3033121,3035516,1,2,10944,5472.0,5472.0,4832,6112,905.1,"void at::native::<unnamed>::CatArrayBatchedCopy_vectorized<at::native::<unnamed>::OpaqueType<(unsigned int)2>, unsigned int, (int)1, (int)128, (int)1, (int)16, (int)8>(char *, at::native::<unnamed>::CatArrInputTensorMetadata<T1, T2, T4, T5>, at::native::<unnamed>::TensorSizeStride<T2, (unsigned int)4>, int, T2)"
:stage.process:model.layers.1.mlp.down_proj,PushPop,3033121,3035516,1,3,9312,3104.0,3136.0,3040,3136,55.4,"void at::native::vectorized_elementwise_kernel<(int)4, at::native::AUnaryFunctor<unsigned char, unsigned char, bool, at::native::<unnamed>::CompareEqFunctor<unsigned char>>, std::array<char *, (unsigned long)2>>(int, T2, T3)"
:stage.process:model.layers.1.mlp.down_proj,PushPop,3033121,3035516,1,1,9120,9120.0,9120.0,9120,9120,0.0,ampere_sgemm_32x32_sliced1x4_nn
:stage.process:model.layers.1.mlp.down_proj,PushPop,3033121,3035516,1,1,8320,8320.0,8320.0,8320,8320,0.0,"void at::native::vectorized_elementwise_kernel<(int)4, at::native::AUnaryFunctor<unsigned char, unsigned char, unsigned char, at::native::binary_internal::MulFunctor<unsigned char>>, std::array<char *, (unsigned long)2>>(int, T2, T3)"
:stage.process:model.layers.1.mlp.down_proj,PushPop,3033121,3035516,1,2,8096,4048.0,4048.0,3200,4896,1199.3,"void at::native::elementwise_kernel<(int)128, (int)2, void at::native::gpu_kernel_impl_nocast<at::native::AbsFunctor<float>>(at::TensorIteratorBase &, const T1 &)::[lambda(int) (instance 1)]>(int, T3)"
:stage.process:model.layers.1.mlp.down_proj,PushPop,3033121,3035516,1,2,7744,3872.0,3872.0,3872,3872,0.0,"void at::native::vectorized_elementwise_kernel<(int)2, at::native::BUnaryFunctor<long, long, long, at::native::binary_internal::div_floor_kernel_cuda(at::TensorIteratorBase &)::[lambda() (instance 1)]::operator ()() const::[lambda() (instance 4)]::operator ()() const::[lambda(long, long) (instance 1)]>, std::array<char *, (unsigned long)2>>(int, T2, T3)"
:stage.process:model.layers.1.mlp.down_proj,PushPop,3033121,3035516,1,2,7616,3808.0,3808.0,2048,5568,2489.0,"void at::native::unrolled_elementwise_kernel<at::native::AUnaryFunctor<long, long, long, at::native::BitwiseAndFunctor<long>>, std::array<char *, (unsigned long)2>, (int)4, TrivialOffsetCalculator<(int)1, unsigned int>, TrivialOffsetCalculator<(int)1, unsigned int>, at::native::memory::LoadWithoutCast, at::native::memory::StoreWithoutCast>(int, T1, T2, T4, T5, T6, T7)"
:stage.process:model.layers.1.mlp.down_proj,PushPop,3033121,3035516,1,3,7040,2346.7,2144.0,2016,2880,466.3,"void at::native::vectorized_elementwise_kernel<(int)4, at::native::FillFunctor<unsigned char>, std::array<char *, (unsigned long)1>>(int, T2, T3)"
:stage.process:model.layers.1.mlp.down_proj,PushPop,3033121,3035516,1,2,6432,3216.0,3216.0,3200,3232,22.6,"void at::native::elementwise_kernel<(int)128, (int)2, void at::native::gpu_kernel_impl_nocast<at::native::CUDAFunctor_add<long>>(at::TensorIteratorBase &, const T1 &)::[lambda(int) (instance 1)]>(int, T3)"
:stage.process:model.layers.1.mlp.down_proj,PushPop,3033121,3035516,1,3,6272,2090.7,1952.0,1664,2656,510.3,"void at::native::vectorized_elementwise_kernel<(int)4, at::native::BinaryFunctor<float, float, float, at::native::maximum_kernel_cuda(at::TensorIteratorBase &)::[lambda() (instance 2)]::operator ()() const::[lambda() (instance 2)]::operator ()() const::[lambda(float, float) (instance 1)]>, std::array<char *, (unsigned long)3>>(int, T2, T3)"
:stage.process:model.layers.1.mlp.down_proj,PushPop,3033121,3035516,1,2,5888,2944.0,2944.0,2816,3072,181.0,"void at::native::<unnamed>::CatArrayBatchedCopy_alignedK_contig<at::native::<unnamed>::OpaqueType<(unsigned int)4>, unsigned int, (int)1, (int)128, (int)1, (int)16>(T1 *, at::native::<unnamed>::CatArrInputTensorMetadata<T1, T2, T4, T5>, at::native::<unnamed>::TensorSizeStride<T2, (unsigned int)4>, int, T2)"
:stage.process:model.layers.1.mlp.down_proj,PushPop,3033121,3035516,1,3,5600,1866.7,1952.0,1600,2048,235.9,"xxtrf4_set_info_ker(int, int *)"
:stage.process:model.layers.1.mlp.down_proj,PushPop,3033121,3035516,1,2,4864,2432.0,2432.0,2432,2432,0.0,"void at::native::vectorized_elementwise_kernel<(int)2, at::native::CUDAFunctorOnOther_add<long>, std::array<char *, (unsigned long)2>>(int, T2, T3)"
:stage.process:model.layers.1.mlp.down_proj,PushPop,3033121,3035516,1,1,4832,4832.0,4832.0,4832,4832,0.0,"void at::native::reduce_kernel<(int)512, (int)1, at::native::ReduceOp<float, at::native::ArgMinOps<float>, unsigned int, long, (int)4, (int)4>>(T3)"
:stage.process:model.layers.1.mlp.down_proj,PushPop,3033121,3035516,1,2,4608,2304.0,2304.0,2240,2368,90.5,"void at::native::vectorized_elementwise_kernel<(int)4, at::native::FillFunctor<bool>, std::array<char *, (unsigned long)1>>(int, T2, T3)"
:stage.process:model.layers.1.mlp.down_proj,PushPop,3033121,3035516,1,2,4480,2240.0,2240.0,2144,2336,135.8,"void at::native::vectorized_elementwise_kernel<(int)4, void at::native::compare_scalar_kernel<c10::Half>(at::TensorIteratorBase &, at::native::<unnamed>::OpType, T1)::[lambda(c10::Half) (instance 1)], std::array<char *, (unsigned long)2>>(int, T2, T3)"
:stage.process:model.layers.1.mlp.down_proj,PushPop,3033121,3035516,1,1,3456,3456.0,3456.0,3456,3456,0.0,"void at::native::vectorized_elementwise_kernel<(int)4, at::native::BinaryFunctor<unsigned char, unsigned char, bool, at::native::<unnamed>::CompareEqFunctor<unsigned char>>, std::array<char *, (unsigned long)3>>(int, T2, T3)"
:stage.process:model.layers.1.mlp.down_proj,PushPop,3033121,3035516,1,1,3360,3360.0,3360.0,3360,3360,0.0,"void at::native::<unnamed>::CatArrayBatchedCopy_contig<at::native::<unnamed>::OpaqueType<(unsigned int)1>, unsigned int, (int)1, (int)128, (int)1>(T1 *, at::native::<unnamed>::CatArrInputTensorMetadata<T1, T2, T4, T5>, at::native::<unnamed>::TensorSizeStride<T2, (unsigned int)4>, int, T2)"
:stage.process:model.layers.1.mlp.down_proj,PushPop,3033121,3035516,1,1,3200,3200.0,3200.0,3200,3200,0.0,"void at::native::unrolled_elementwise_kernel<at::native::direct_copy_kernel_cuda(at::TensorIteratorBase &)::[lambda() (instance 3)]::operator ()() const::[lambda() (instance 11)]::operator ()() const::[lambda(bool) (instance 1)], std::array<char *, (unsigned long)2>, (int)4, TrivialOffsetCalculator<(int)1, unsigned int>, TrivialOffsetCalculator<(int)1, unsigned int>, at::native::memory::LoadWithCast<(int)1>, at::native::memory::StoreWithCast<(int)1>>(int, T1, T2, T4, T5, T6, T7)"
:stage.process:model.layers.1.mlp.down_proj,PushPop,3033121,3035516,1,1,2784,2784.0,2784.0,2784,2784,0.0,"void at::native::vectorized_elementwise_kernel<(int)4, at::native::sqrt_kernel_cuda(at::TensorIteratorBase &)::[lambda() (instance 2)]::operator ()() const::[lambda() (instance 2)]::operator ()() const::[lambda(float) (instance 1)], std::array<char *, (unsigned long)2>>(int, T2, T3)"
:stage.process:model.layers.1.mlp.down_proj,PushPop,3033121,3035516,1,1,2240,2240.0,2240.0,2240,2240,0.0,"void at::native::unrolled_elementwise_kernel<at::native::<unnamed>::CompareFunctor<c10::Half>, std::array<char *, (unsigned long)3>, (int)4, TrivialOffsetCalculator<(int)2, unsigned int>, TrivialOffsetCalculator<(int)1, unsigned int>, at::native::memory::LoadWithoutCast, at::native::memory::StoreWithoutCast>(int, T1, T2, T4, T5, T6, T7)"
:stage.process:model.layers.1.mlp.down_proj,PushPop,3033121,3035516,1,1,2208,2208.0,2208.0,2208,2208,0.0,"void at::native::elementwise_kernel<(int)128, (int)2, void at::native::gpu_kernel_impl_nocast<at::native::<unnamed>::where_kernel_impl(at::TensorIterator &)::[lambda() (instance 1)]::operator ()() const::[lambda() (instance 3)]::operator ()() const::[lambda(bool, unsigned int, unsigned int) (instance 1)]>(at::TensorIteratorBase &, const T1 &)::[lambda(int) (instance 1)]>(int, T3)"
:stage.process:model.layers.1.mlp.down_proj,PushPop,3033121,3035516,1,1,1952,1952.0,1952.0,1952,1952,0.0,"void at::native::vectorized_elementwise_kernel<(int)4, at::native::<unnamed>::launch_clamp_scalar(at::TensorIteratorBase &, c10::Scalar, c10::Scalar, at::native::detail::ClampLimits)::[lambda() (instance 1)]::operator ()() const::[lambda() (instance 7)]::operator ()() const::[lambda(float) (instance 1)], std::array<char *, (unsigned long)2>>(int, T2, T3)"
:stage.process:model.layers.1.mlp.gate_proj,PushPop,3033121,3035516,1,1482,6867458908,4633912.9,3329734.5,1049474,13581333,4058490.6,void <unnamed>::qvq_fused_w2_family_grid_kernel<(bool)0>(<unnamed>::FusedSequenceArgs)
:stage.process:model.layers.1.mlp.gate_proj,PushPop,3033121,3035516,1,1534,4702052536,3065223.3,2776101.0,1363458,7232618,1929811.0,"void <unnamed>::qvq_viterbi_kernel<(int)4, (int)2, __half, unsigned char>(const float *, const T3 *, const float *, const long *, const float *, T4 *, long *, float *, int, int, int, bool, bool, bool)"
:stage.process:model.layers.1.mlp.gate_proj,PushPop,3033121,3035516,1,1278,2630423795,2058234.6,1609411.0,21792,5813228,1501452.2,void cutlass::Kernel2<cutlass_80_simt_sgemm_grouped_128x128_8x4_align1>(T1::Params)
:stage.process:model.layers.1.mlp.gate_proj,PushPop,3033121,3035516,1,1278,659386791,515952.1,323297.0,5504,962914,334485.7,"void gemmSN_NN_kernel<float, (int)128, (int)2, (int)4, (int)8, (int)4, (int)4, (bool)0, cublasGemvTensorBatched<const float>, cublasGemvTensorBatched<const float>, cublasGemvTensorBatched<float>>(cublasGemmSmallNParams<T9, T10, T11, T1>)"
:stage.process:model.layers.1.mlp.gate_proj,PushPop,3033121,3035516,1,1276,212222443,166318.5,109120.0,10080,301697,100576.3,ampere_sgemm_128x128_nt
:stage.process:model.layers.1.mlp.gate_proj,PushPop,3033121,3035516,1,1482,151525268,102243.8,101696.0,73344,117632,7438.6,"<unnamed>::qvq_fused_w2_traceback_kernel(const unsigned char *, const unsigned char *, const int *, long *, unsigned char *, int)"
:stage.process:model.layers.1.mlp.gate_proj,PushPop,3033121,3035516,1,14,84153668,6010976.3,3391510.0,3233991,12675834,4374200.0,ampere_sgemm_128x64_nn
:stage.process:model.layers.1.mlp.gate_proj,PushPop,3033121,3035516,1,416,60995387,146623.5,145840.5,133185,271808,8305.5,"void <unnamed>::qvq_v2_segment_grid_kernel<(int)4, (int)2, (int)16, (bool)1, (bool)0, __half, unsigned char>(const float *, const T6 *, const float *, const long *, const float *, const float *, float *, T7 *, unsigned char *, int, int, int, bool, bool)"
:stage.process:model.layers.1.mlp.gate_proj,PushPop,3033121,3035516,1,3785,29638158,7830.4,3232.0,2112,684513,35014.3,"void at::native::elementwise_kernel<(int)128, (int)2, void at::native::gpu_kernel_impl_nocast<at::native::direct_copy_kernel_cuda(at::TensorIteratorBase &)::[lambda() (instance 3)]::operator ()() const::[lambda() (instance 7)]::operator ()() const::[lambda(float) (instance 1)]>(at::TensorIteratorBase &, const T1 &)::[lambda(int) (instance 1)]>(int, T3)"
:stage.process:model.layers.1.mlp.gate_proj,PushPop,3033121,3035516,1,2,26168911,13084455.5,13084455.5,12888216,13280695,277524.6,void cutlass::Kernel2<cutlass_80_simt_sgemm_128x64_8x5_nn_align1>(T1::Params)
:stage.process:model.layers.1.mlp.gate_proj,PushPop,3033121,3035516,1,3222,23706116,7357.6,7712.0,2560,90624,3175.4,"void at::native::reduce_kernel<(int)512, (int)1, at::native::ReduceOp<bool, at::native::func_wrapper_t<bool, at::native::and_kernel_cuda(at::TensorIterator &)::[lambda() (instance 1)]::operator ()() const::[lambda() (instance 12)]::operator ()() const::[lambda(bool, bool) (instance 1)]>, unsigned int, bool, (int)4, (int)4>>(T3)"
:stage.process:model.layers.1.mlp.gate_proj,PushPop,3033121,3035516,1,1482,19932878,13450.0,13568.0,9216,15808,1312.4,"<unnamed>::qvq_fused_detect_family_mask_kernel(const unsigned int *, int *)"
:stage.process:model.layers.1.mlp.gate_proj,PushPop,3033121,3035516,1,445,18434566,41426.0,5792.0,3264,664929,70680.8,"void at::native::elementwise_kernel<(int)128, (int)2, void at::native::gpu_kernel_impl_nocast<at::native::CUDAFunctor_add<float>>(at::TensorIteratorBase &, const T1 &)::[lambda(int) (instance 1)]>(int, T3)"
:stage.process:model.layers.1.mlp.gate_proj,PushPop,3033121,3035516,1,1663,17071905,10265.7,9344.0,5600,120032,3198.6,"void at::native::index_elementwise_kernel<(int)128, (int)4, void at::native::gpu_index_kernel<void at::native::index_kernel_impl<at::native::OpaqueType<(int)2>>(at::TensorIteratorBase &, c10::ArrayRef<long>, c10::ArrayRef<long>)::[lambda(char *, const char *, long) (instance 1)]>(at::TensorIteratorBase &, c10::ArrayRef<long>, c10::ArrayRef<long>, const T1 &, bool)::[lambda(int) (instance 1)]>(long, T3)"
:stage.process:model.layers.1.mlp.gate_proj,PushPop,3033121,3035516,1,2046,16169126,7902.8,8000.0,3808,12608,1044.9,"void at::native::reduce_kernel<(int)512, (int)1, at::native::ReduceOp<float, at::native::func_wrapper_t<float, at::native::MaxNanFunctor<float>>, unsigned int, float, (int)4, (int)4>>(T3)"
:stage.process:model.layers.1.mlp.gate_proj,PushPop,3033121,3035516,1,130,15757402,121210.8,121824.0,5280,233889,66275.4,"void gemmSN_NN_kernel<float, (int)128, (int)2, (int)4, (int)8, (int)4, (int)4, (bool)0, cublasGemvTensorStridedBatched<const float>, cublasGemvTensorStridedBatched<const float>, cublasGemvTensorStridedBatched<float>>(cublasGemmSmallNParams<T9, T10, T11, T1>)"
:stage.process:model.layers.1.mlp.gate_proj,PushPop,3033121,3035516,1,1917,13176117,6873.3,6816.0,4416,7968,408.4,"void at::native::index_elementwise_kernel<(int)128, (int)4, void at::native::gpu_index_kernel<void at::native::index_put_kernel_impl<at::native::OpaqueType<(int)4>>(at::TensorIterator &, c10::ArrayRef<long>, c10::ArrayRef<long>)::[lambda(char *, const char *, long) (instance 1)]>(at::TensorIteratorBase &, c10::ArrayRef<long>, c10::ArrayRef<long>, const T1 &, bool)::[lambda(int) (instance 1)]>(long, T3)"
:stage.process:model.layers.1.mlp.gate_proj,PushPop,3033121,3035516,1,4,12927707,3231926.8,3231958.5,3230695,3233095,1025.6,ampere_sgemm_128x64_nt
:stage.process:model.layers.1.mlp.gate_proj,PushPop,3033121,3035516,1,1,12697434,12697434.0,12697434.0,12697434,12697434,0.0,ampere_sgemm_128x64_tn
:stage.process:model.layers.1.mlp.gate_proj,PushPop,3033121,3035516,1,4,11399343,2849835.8,1592178.0,924257,7290730,3026680.8,"void kernel<getrf_wo_pivot_params_<float, (int)0, (int)256, (int)1, (int)64, (int)64, (int)68, (int)8, (int)1, (int)1>>(int, int, void *, int, void *, int, int, int, int, int, int *)"
:stage.process:model.layers.1.mlp.gate_proj,PushPop,3033121,3035516,1,4122,10478067,2542.0,2272.0,1600,255584,7211.7,"void at::native::vectorized_elementwise_kernel<(int)4, at::native::AbsFunctor<float>, std::array<char *, (unsigned long)2>>(int, T2, T3)"
:stage.process:model.layers.1.mlp.gate_proj,PushPop,3033121,3035516,1,1278,9062291,7091.0,7008.0,4736,9952,313.0,"void at::native::index_elementwise_kernel<(int)128, (int)4, void at::native::gpu_index_kernel<void at::native::index_put_kernel_impl<at::native::OpaqueType<(int)8>>(at::TensorIterator &, c10::ArrayRef<long>, c10::ArrayRef<long>)::[lambda(char *, const char *, long) (instance 1)]>(at::TensorIteratorBase &, c10::ArrayRef<long>, c10::ArrayRef<long>, const T1 &, bool)::[lambda(int) (instance 1)]>(long, T3)"
:stage.process:model.layers.1.mlp.gate_proj,PushPop,3033121,3035516,1,2,6730861,3365430.5,3365430.5,3359207,3371654,8801.4,void cutlass::Kernel2<cutlass_80_simt_sgemm_128x32_8x5_nt_align1>(T1::Params)
:stage.process:model.layers.1.mlp.gate_proj,PushPop,3033121,3035516,1,2846,6716586,2360.0,2240.0,1632,98240,3277.3,"void at::native::vectorized_elementwise_kernel<(int)4, at::native::BinaryFunctor<bool, bool, bool, at::native::binary_internal::MulFunctor<bool>>, std::array<char *, (unsigned long)3>>(int, T2, T3)"
:stage.process:model.layers.1.mlp.gate_proj,PushPop,3033121,3035516,1,1543,6666255,4320.3,4192.0,3104,76960,2975.9,"void at::native::unrolled_elementwise_kernel<at::native::direct_copy_kernel_cuda(at::TensorIteratorBase &)::[lambda() (instance 3)]::operator ()() const::[lambda() (instance 7)]::operator ()() const::[lambda(float) (instance 1)], std::array<char *, (unsigned long)2>, (int)4, TrivialOffsetCalculator<(int)1, unsigned int>, TrivialOffsetCalculator<(int)1, unsigned int>, at::native::memory::LoadWithCast<(int)1>, at::native::memory::StoreWithCast<(int)1>>(int, T1, T2, T4, T5, T6, T7)"
:stage.process:model.layers.1.mlp.gate_proj,PushPop,3033121,3035516,1,762,6449708,8464.2,8224.0,7872,10464,675.1,"void batch_trsm_left_kernel<float, (int)64, (int)4, (int)3, (bool)0, (bool)0, (bool)1>(cublasTrsmBatchParams2<T1>, T1, const T1 *, int)"
:stage.process:model.layers.1.mlp.gate_proj,PushPop,3033121,3035516,1,770,6442694,8367.1,8352.0,8000,8800,140.8,"void at::native::reduce_kernel<(int)512, (int)1, at::native::ReduceOp<c10::Half, at::native::func_wrapper_t<c10::Half, at::native::MaxNanFunctor<c10::Half>>, unsigned int, c10::Half, (int)4, (int)4>>(T3)"
:stage.process:model.layers.1.mlp.gate_proj,PushPop,3033121,3035516,1,1663,5581605,3356.3,3360.0,2528,117376,2821.1,"void at::native::elementwise_kernel<(int)128, (int)2, void at::native::gpu_kernel_impl_nocast<at::native::direct_copy_kernel_cuda(at::TensorIteratorBase &)::[lambda() (instance 3)]::operator ()() const::[lambda() (instance 4)]::operator ()() const::[lambda(long) (instance 1)]>(at::TensorIteratorBase &, const T1 &)::[lambda(int) (instance 1)]>(int, T3)"
:stage.process:model.layers.1.mlp.gate_proj,PushPop,3033121,3035516,1,2077,5461768,2629.6,2272.0,1472,163169,6687.0,"void at::native::vectorized_elementwise_kernel<(int)4, at::native::BinaryFunctor<float, float, bool, at::native::<unnamed>::CompareEqFunctor<float>>, std::array<char *, (unsigned long)3>>(int, T2, T3)"
:stage.process:model.layers.1.mlp.gate_proj,PushPop,3033121,3035516,1,2076,5365446,2584.5,2240.0,1504,165248,6668.4,"void at::native::vectorized_elementwise_kernel<(int)4, at::native::AUnaryFunctor<float, float, bool, at::native::<unnamed>::CompareEqFunctor<float>>, std::array<char *, (unsigned long)2>>(int, T2, T3)"
:stage.process:model.layers.1.mlp.gate_proj,PushPop,3033121,3035516,1,2558,5249927,2052.4,2048.0,1600,7232,205.2,"void at::native::vectorized_elementwise_kernel<(int)4, at::native::BinaryFunctor<bool, bool, bool, at::native::logical_or_kernel_cuda(at::TensorIterator &)::[lambda() (instance 2)]::operator ()() const::[lambda() (instance 9)]::operator ()() const::[lambda(bool, bool) (instance 1)]>, std::array<char *, (unsigned long)3>>(int, T2, T3)"
:stage.process:model.layers.1.mlp.gate_proj,PushPop,3033121,3035516,1,639,5090150,7965.8,8096.0,5312,8608,447.9,"void at::native::index_elementwise_kernel<(int)128, (int)4, void at::native::gpu_index_kernel<void at::native::index_kernel_impl<at::native::OpaqueType<(int)4>>(at::TensorIteratorBase &, c10::ArrayRef<long>, c10::ArrayRef<long>)::[lambda(char *, const char *, long) (instance 1)]>(at::TensorIteratorBase &, c10::ArrayRef<long>, c10::ArrayRef<long>, const T1 &, bool)::[lambda(int) (instance 1)]>(long, T3)"
:stage.process:model.layers.1.mlp.gate_proj,PushPop,3033121,3035516,1,1532,5086888,3320.4,3392.0,2048,9120,435.7,"void at::native::elementwise_kernel<(int)128, (int)2, void at::native::gpu_kernel_impl_nocast<at::native::AUnaryFunctor<long, long, long, at::native::BitwiseAndFunctor<long>>>(at::TensorIteratorBase &, const T1 &)::[lambda(int) (instance 1)]>(int, T3)"
:stage.process:model.layers.1.mlp.gate_proj,PushPop,3033121,3035516,1,1586,4832203,3046.8,2624.0,2112,510273,12767.7,"<unnamed>::qvq_half2_codebook_norm_pack_kernel(const __half *, unsigned long *, int)"
:stage.process:model.layers.1.mlp.gate_proj,PushPop,3033121,3035516,1,55,4767083,86674.2,70592.0,17824,139680,45876.9,void cutlass::Kernel2<cutlass_80_simt_sgemm_128x32_8x5_nn_align1>(T1::Params)
:stage.process:model.layers.1.mlp.gate_proj,PushPop,3033121,3035516,1,1278,4763533,3727.3,3424.0,2240,210944,5827.0,"<unnamed>::qvq_yaqa_feedback_epilogue_kernel(const float *, const float *, const float *, const float *, const float *, float *, int, int, int, int, int)"
:stage.process:model.layers.1.mlp.gate_proj,PushPop,3033121,3035516,1,1534,4461261,2908.3,2688.0,2240,10880,647.7,"void at::native::roll_cuda_kernel<float>(const T1 *, T1 *, long, long, long, long, long, long)"
:stage.process:model.layers.1.mlp.gate_proj,PushPop,3033121,3035516,1,52,4313317,82948.4,81936.0,74592,115328,7508.0,"void <unnamed>::qvq_v2_segment_grid_finalize_kernel<(int)4, (int)2, (int)16, (bool)0, __half, unsigned char>(const float *, const T5 *, const float *, const long *, const float *, const float *, const T6 *, const unsigned char *, long *, unsigned char *, float *, int, int, bool, bool)"
:stage.process:model.layers.1.mlp.gate_proj,PushPop,3033121,3035516,1,639,4194218,6563.7,6688.0,3360,7264,541.1,"void at::native::index_elementwise_kernel<(int)128, (int)4, void at::native::gpu_index_kernel<void at::native::index_put_kernel_impl<at::native::OpaqueType<(int)1>>(at::TensorIterator &, c10::ArrayRef<long>, c10::ArrayRef<long>)::[lambda(char *, const char *, long) (instance 1)]>(at::TensorIteratorBase &, c10::ArrayRef<long>, c10::ArrayRef<long>, const T1 &, bool)::[lambda(int) (instance 1)]>(long, T3)"
:stage.process:model.layers.1.mlp.gate_proj,PushPop,3033121,3035516,1,789,3655016,4632.5,2208.0,1952,192640,15251.5,"void at::native::vectorized_elementwise_kernel<(int)4, at::native::CUDAFunctor_add<float>, std::array<char *, (unsigned long)3>>(int, T2, T3)"
:stage.process:model.layers.1.mlp.gate_proj,PushPop,3033121,3035516,1,1,3421764,3421764.0,3421764.0,3421764,3421764,0.0,ampere_sgemm_128x64_lower_nt
:stage.process:model.layers.1.mlp.gate_proj,PushPop,3033121,3035516,1,1540,3415906,2218.1,2176.0,1824,4032,149.7,"void at::native::vectorized_elementwise_kernel<(int)4, at::native::AbsFunctor<c10::Half>, std::array<char *, (unsigned long)2>>(int, T2, T3)"
:stage.process:model.layers.1.mlp.gate_proj,PushPop,3033121,3035516,1,1792,3248100,1812.6,1792.0,1536,5664,215.1,"void at::native::vectorized_elementwise_kernel<(int)4, void at::native::compare_scalar_kernel<float>(at::TensorIteratorBase &, at::native::<unnamed>::OpType, T1)::[lambda(float) (instance 1)], std::array<char *, (unsigned long)2>>(int, T2, T3)"
:stage.process:model.layers.1.mlp.gate_proj,PushPop,3033121,3035516,1,770,3104674,4032.0,4032.0,3968,7840,191.1,ampere_sgemm_32x128_nt
:stage.process:model.layers.1.mlp.gate_proj,PushPop,3033121,3035516,1,1278,2769444,2167.0,2144.0,1440,4768,158.6,"<unnamed>::qvq_yaqa_grouped_pointers_kernel(const float *, const float *, float *, float **, float **, float **, int, int, int, int, int, int)"
:stage.process:model.layers.1.mlp.gate_proj,PushPop,3033121,3035516,1,775,2760007,3561.3,3392.0,1920,51616,2797.0,"void at::native::unrolled_elementwise_kernel<at::native::direct_copy_kernel_cuda(at::TensorIteratorBase &)::[lambda() (instance 3)]::operator ()() const::[lambda() (instance 4)]::operator ()() const::[lambda(long) (instance 1)], std::array<char *, (unsigned long)2>, (int)4, TrivialOffsetCalculator<(int)1, unsigned int>, TrivialOffsetCalculator<(int)1, unsigned int>, at::native::memory::LoadWithCast<(int)1>, at::native::memory::StoreWithCast<(int)1>>(int, T1, T2, T4, T5, T6, T7)"
:stage.process:model.layers.1.mlp.gate_proj,PushPop,3033121,3035516,1,1278,2678276,2095.7,2112.0,1664,6656,240.2,"void at::native::vectorized_elementwise_kernel<(int)4, at::native::bitwise_not_kernel_cuda(at::TensorIteratorBase &)::[lambda(bool) (instance 1)], std::array<char *, (unsigned long)2>>(int, T2, T3)"
:stage.process:model.layers.1.mlp.gate_proj,PushPop,3033121,3035516,1,3,2605414,868471.3,1298243.0,8736,1298435,744552.6,"void at::native::reduce_kernel<(int)512, (int)1, at::native::ReduceOp<long, at::native::func_wrapper_t<long, at::native::sum_functor<long, long, long>::operator ()(at::TensorIterator &)::[lambda(long, long) (instance 1)]>, unsigned int, long, (int)4, (int)4>>(T3)"
:stage.process:model.layers.1.mlp.gate_proj,PushPop,3033121,3035516,1,11,2483622,225783.8,65344.0,5632,1031522,399135.6,"void at::native::vectorized_elementwise_kernel<(int)2, at::native::AUnaryFunctor<long, long, long, at::native::BitwiseAndFunctor<long>>, std::array<char *, (unsigned long)2>>(int, T2, T3)"
:stage.process:model.layers.1.mlp.gate_proj,PushPop,3033121,3035516,1,1278,2478436,1939.3,1952.0,1472,3424,101.1,"<unnamed>::qvq_yaqa_update_grouped_pointers_kernel(float *, float *, const float *, const float *, const float *, float **, float **, float **, int, int, int, int, int, int)"
:stage.process:model.layers.1.mlp.gate_proj,PushPop,3033121,3035516,1,1482,2422084,1634.3,1568.0,1312,2336,195.8,"void at::native::vectorized_elementwise_kernel<(int)4, at::native::FillFunctor<int>, std::array<char *, (unsigned long)1>>(int, T2, T3)"
:stage.process:model.layers.1.mlp.gate_proj,PushPop,3033121,3035516,1,4,2178020,544505.0,559825.0,4960,1053410,587324.4,"void at::native::elementwise_kernel<(int)128, (int)2, void at::native::gpu_kernel_impl_nocast<at::native::BinaryFunctor<long, long, long, at::native::lshift_kernel_cuda(at::TensorIteratorBase &)::[lambda() (instance 1)]::operator ()() const::[lambda() (instance 4)]::operator ()() const::[lambda(long, long) (instance 1)]>>(at::TensorIteratorBase &, const T1 &)::[lambda(int) (instance 1)]>(int, T3)"
:stage.process:model.layers.1.mlp.gate_proj,PushPop,3033121,3035516,1,4,2165060,541265.0,540737.0,40832,1042754,577832.4,"void at::native::elementwise_kernel<(int)128, (int)2, void at::native::gpu_kernel_impl_nocast<at::native::BinaryFunctor<long, long, long, at::native::rshift_kernel_cuda(at::TensorIteratorBase &)::[lambda() (instance 1)]::operator ()() const::[lambda() (instance 4)]::operator ()() const::[lambda(long, long) (instance 1)]>>(at::TensorIteratorBase &, const T1 &)::[lambda(int) (instance 1)]>(int, T3)"
:stage.process:model.layers.1.mlp.gate_proj,PushPop,3033121,3035516,1,1548,2107108,1361.2,1376.0,1248,2208,71.6,"void <unnamed>::elementwise_kernel_with_index<int, at::native::arange_cuda_out(const c10::Scalar &, const c10::Scalar &, const c10::Scalar &, at::Tensor &)::[lambda() (instance 1)]::operator ()() const::[lambda() (instance 4)]::operator ()() const::[lambda(long) (instance 1)]>(T1, T2, function_traits<T2>::result_type *)"
:stage.process:model.layers.1.mlp.gate_proj,PushPop,3033121,3035516,1,3,1880964,626988.0,903586.0,72608,904770,480107.5,"void at::native::index_elementwise_kernel<(int)128, (int)4, void at::native::gpu_index_kernel<void at::native::index_kernel_impl<at::native::OpaqueType<(int)8>>(at::TensorIteratorBase &, c10::ArrayRef<long>, c10::ArrayRef<long>)::[lambda(char *, const char *, long) (instance 1)]>(at::TensorIteratorBase &, c10::ArrayRef<long>, c10::ArrayRef<long>, const T1 &, bool)::[lambda(int) (instance 1)]>(long, T3)"
:stage.process:model.layers.1.mlp.gate_proj,PushPop,3033121,3035516,1,770,1766402,2294.0,2272.0,1760,2400,46.3,"void at::native::vectorized_elementwise_kernel<(int)4, at::native::BinaryFunctor<c10::Half, c10::Half, bool, at::native::<unnamed>::CompareEqFunctor<c10::Half>>, std::array<char *, (unsigned long)3>>(int, T2, T3)"
:stage.process:model.layers.1.mlp.gate_proj,PushPop,3033121,3035516,1,770,1752132,2275.5,2272.0,1760,2337,34.6,"void at::native::vectorized_elementwise_kernel<(int)4, at::native::AUnaryFunctor<c10::Half, c10::Half, bool, at::native::<unnamed>::CompareEqFunctor<c10::Half>>, std::array<char *, (unsigned long)2>>(int, T2, T3)"
:stage.process:model.layers.1.mlp.gate_proj,PushPop,3033121,3035516,1,782,1745441,2232.0,1824.0,1696,46336,3982.3,"void at::native::vectorized_elementwise_kernel<(int)4, void at::native::compare_scalar_kernel<long>(at::TensorIteratorBase &, at::native::<unnamed>::OpType, T1)::[lambda(long) (instance 1)], std::array<char *, (unsigned long)2>>(int, T2, T3)"
:stage.process:model.layers.1.mlp.gate_proj,PushPop,3033121,3035516,1,10,1604835,160483.5,79872.0,3616,662594,204981.7,"void at::native::elementwise_kernel<(int)128, (int)2, void at::native::gpu_kernel_impl_nocast<at::native::BinaryFunctor<float, float, float, at::native::binary_internal::MulFunctor<float>>>(at::TensorIteratorBase &, const T1 &)::[lambda(int) (instance 1)]>(int, T3)"
:stage.process:model.layers.1.mlp.gate_proj,PushPop,3033121,3035516,1,45,1397217,31049.3,33120.0,6496,56128,16011.9,"void gemmSN_NN_kernel<float, (int)256, (int)4, (int)2, (int)8, (int)4, (int)4, (bool)0, cublasGemvTensorStridedBatched<const float>, cublasGemvTensorStridedBatched<const float>, cublasGemvTensorStridedBatched<float>>(cublasGemmSmallNParams<T9, T10, T11, T1>)"
:stage.process:model.layers.1.mlp.gate_proj,PushPop,3033121,3035516,1,512,1315875,2570.1,2528.0,2368,2848,126.4,"void at::native::unrolled_elementwise_kernel<at::native::BinaryFunctor<float, float, float, at::native::maximum_kernel_cuda(at::TensorIteratorBase &)::[lambda() (instance 2)]::operator ()() const::[lambda() (instance 2)]::operator ()() const::[lambda(float, float) (instance 1)]>, std::array<char *, (unsigned long)3>, (int)4, TrivialOffsetCalculator<(int)2, unsigned int>, TrivialOffsetCalculator<(int)1, unsigned int>, at::native::memory::LoadWithCast<(int)2>, at::native::memory::StoreWithCast<(int)1>>(int, T1, T2, T4, T5, T6, T7)"
:stage.process:model.layers.1.mlp.gate_proj,PushPop,3033121,3035516,1,4,1273537,318384.3,318320.5,316000,320896,2263.0,"std::enable_if<!T7, void>::type internal::gemvx::kernel<int, int, float, float, float, float, (bool)0, (bool)1, (bool)1, (bool)0, (int)7, (bool)0, cublasGemvParamsEx<int, cublasGemvTensorStridedBatched<const float>, cublasGemvTensorStridedBatched<const float>, cublasGemvTensorStridedBatched<float>, float>>(T13)"
:stage.process:model.layers.1.mlp.gate_proj,PushPop,3033121,3035516,1,641,1191363,1858.6,1792.0,1568,29120,1524.8,"void at::native::vectorized_elementwise_kernel<(int)2, at::native::FillFunctor<long>, std::array<char *, (unsigned long)1>>(int, T2, T3)"
:stage.process:model.layers.1.mlp.gate_proj,PushPop,3033121,3035516,1,256,1183234,4622.0,4624.0,4096,5120,377.4,"void at::native::elementwise_kernel<(int)128, (int)4, void at::native::gpu_kernel_impl_nocast<at::native::direct_copy_kernel_cuda(at::TensorIteratorBase &)::[lambda() (instance 3)]::operator ()() const::[lambda() (instance 10)]::operator ()() const::[lambda(c10::Half) (instance 1)]>(at::TensorIteratorBase &, const T1 &)::[lambda(int) (instance 1)]>(int, T3)"
:stage.process:model.layers.1.mlp.gate_proj,PushPop,3033121,3035516,1,26,1160194,44622.8,45488.0,36128,51296,4719.5,ampere_sgemm_128x32_nn
:stage.process:model.layers.1.mlp.gate_proj,PushPop,3033121,3035516,1,264,973828,3688.7,3488.0,3104,15360,1516.8,"void at::native::reduce_kernel<(int)512, (int)1, at::native::ReduceOp<bool, at::native::func_wrapper_t<bool, at::native::or_kernel_cuda(at::TensorIterator &)::[lambda() (instance 1)]::operator ()() const::[lambda() (instance 12)]::operator ()() const::[lambda(bool, bool) (instance 1)]>, unsigned int, bool, (int)4, (int)4>>(T3)"
:stage.process:model.layers.1.mlp.gate_proj,PushPop,3033121,3035516,1,3,915715,305238.3,46112.0,45537,824066,449318.0,"void at::native::triu_tril_kernel<float, int, (bool)0, (int)2, (bool)1>(at::cuda::detail::TensorInfo<T1, T2>, at::cuda::detail::TensorInfo<const T1, T2>, long, long, T2)"
:stage.process:model.layers.1.mlp.gate_proj,PushPop,3033121,3035516,1,9,812449,90272.1,67680.0,1952,258496,99021.6,"void at::native::vectorized_elementwise_kernel<(int)4, at::native::BUnaryFunctor<float, float, float, at::native::binary_internal::MulFunctor<float>>, std::array<char *, (unsigned long)2>>(int, T2, T3)"
:stage.process:model.layers.1.mlp.gate_proj,PushPop,3033121,3035516,1,9,784609,87178.8,87040.0,86560,89472,898.8,"void at::native::vectorized_elementwise_kernel<(int)4, at::native::BinaryFunctor<float, float, float, at::native::binary_internal::MulFunctor<float>>, std::array<char *, (unsigned long)3>>(int, T2, T3)"
:stage.process:model.layers.1.mlp.gate_proj,PushPop,3033121,3035516,1,128,763746,5966.8,5968.0,5696,6400,143.9,"void at::native::unrolled_elementwise_kernel<at::native::CUDAFunctor_add<float>, std::array<char *, (unsigned long)3>, (int)4, TrivialOffsetCalculator<(int)2, unsigned int>, TrivialOffsetCalculator<(int)1, unsigned int>, at::native::memory::LoadWithCast<(int)2>, at::native::memory::StoreWithCast<(int)1>>(int, T1, T2, T4, T5, T6, T7)"
:stage.process:model.layers.1.mlp.gate_proj,PushPop,3033121,3035516,1,10,578017,57801.7,46896.0,46496,155968,34493.2,"void at::native::reduce_kernel<(int)512, (int)1, at::native::ReduceOp<float, at::native::func_wrapper_t<float, at::native::sum_functor<float, float, float>::operator ()(at::TensorIterator &)::[lambda(float, float) (instance 1)]>, unsigned int, float, (int)4, (int)4>>(T3)"
:stage.process:model.layers.1.mlp.gate_proj,PushPop,3033121,3035516,1,129,554337,4297.2,4160.0,4096,20672,1453.4,"void at::native::elementwise_kernel<(int)128, (int)4, void at::native::gpu_kernel_impl_nocast<at::native::direct_copy_kernel_cuda(at::TensorIteratorBase &)::[lambda() (instance 3)]::operator ()() const::[lambda() (instance 1)]::operator ()() const::[lambda(unsigned char) (instance 1)]>(at::TensorIteratorBase &, const T1 &)::[lambda(int) (instance 1)]>(int, T3)"
:stage.process:model.layers.1.mlp.gate_proj,PushPop,3033121,3035516,1,263,530176,2015.9,1888.0,1760,12928,1272.3,"void at::native::vectorized_elementwise_kernel<(int)4, at::native::BinaryFunctor<bool, bool, bool, at::native::BitwiseOrFunctor<bool>>, std::array<char *, (unsigned long)3>>(int, T2, T3)"
:stage.process:model.layers.1.mlp.gate_proj,PushPop,3033121,3035516,1,132,529280,4009.7,1952.0,1760,71680,11646.0,"void at::native::vectorized_elementwise_kernel<(int)4, at::native::BinaryFunctor<long, long, bool, at::native::<unnamed>::CompareEqFunctor<long>>, std::array<char *, (unsigned long)3>>(int, T2, T3)"
:stage.process:model.layers.1.mlp.gate_proj,PushPop,3033121,3035516,1,13,488193,37553.3,8384.0,1344,113248,44376.3,"void at::native::vectorized_elementwise_kernel<(int)4, at::native::FillFunctor<float>, std::array<char *, (unsigned long)1>>(int, T2, T3)"
:stage.process:model.layers.1.mlp.gate_proj,PushPop,3033121,3035516,1,128,419072,3274.0,3264.0,3200,3296,19.6,"void at::native::elementwise_kernel<(int)128, (int)2, void at::native::gpu_kernel_impl_nocast<at::native::BUnaryFunctor<long, long, long, at::native::rshift_kernel_cuda(at::TensorIteratorBase &)::[lambda() (instance 1)]::operator ()() const::[lambda() (instance 4)]::operator ()() const::[lambda(long, long) (instance 1)]>>(at::TensorIteratorBase &, const T1 &)::[lambda(int) (instance 1)]>(int, T3)"
:stage.process:model.layers.1.mlp.gate_proj,PushPop,3033121,3035516,1,1,338209,338209.0,338209.0,338209,338209,0.0,"void at::native::<unnamed>::CatArrayBatchedCopy_alignedK_contig<at::native::<unnamed>::OpaqueType<(unsigned int)8>, unsigned int, (int)3, (int)128, (int)1, (int)16>(T1 *, at::native::<unnamed>::CatArrInputTensorMetadata<T1, T2, T4, T5>, at::native::<unnamed>::TensorSizeStride<T2, (unsigned int)4>, int, T2)"
:stage.process:model.layers.1.mlp.gate_proj,PushPop,3033121,3035516,1,58,325537,5612.7,5328.0,3424,16000,2965.2,"void cublasLt::splitKreduce_kernel<(int)32, (int)16, int, float, float, float, float, (bool)0, float, float, float, (bool)1, (bool)0, (bool)0, (bool)0>(cublasLt::cublasSplitKParams<T6>, const T4 *, const T10 *, T9 *, T5 *, const T6 *, const T6 *, const T11 *, const T4 *, T11 *, void *, long, T6 *, int *, T6 *, T6 *, const T6 *, const T6 *, const T6 *, const T6 *, const T6 *)"
:stage.process:model.layers.1.mlp.gate_proj,PushPop,3033121,3035516,1,3,295649,98549.7,99809.0,95168,100672,2960.2,"void at::native::vectorized_elementwise_kernel<(int)2, at::native::BinaryFunctor<long, long, long, at::native::BitwiseXorFunctor<long>>, std::array<char *, (unsigned long)3>>(int, T2, T3)"
:stage.process:model.layers.1.mlp.gate_proj,PushPop,3033121,3035516,1,6,268544,44757.3,1648.0,1472,250176,100723.0,"void at::native::vectorized_elementwise_kernel<(int)4, at::native::AUnaryFunctor<float, float, float, at::native::binary_internal::MulFunctor<float>>, std::array<char *, (unsigned long)2>>(int, T2, T3)"
:stage.process:model.layers.1.mlp.gate_proj,PushPop,3033121,3035516,1,4,260865,65216.3,65296.5,62080,68192,2941.1,"void at::native::vectorized_elementwise_kernel<(int)2, at::native::BUnaryFunctor<long, long, long, at::native::rshift_kernel_cuda(at::TensorIteratorBase &)::[lambda() (instance 1)]::operator ()() const::[lambda() (instance 4)]::operator ()() const::[lambda(long, long) (instance 1)]>, std::array<char *, (unsigned long)2>>(int, T2, T3)"
:stage.process:model.layers.1.mlp.gate_proj,PushPop,3033121,3035516,1,10,208769,20876.9,20848.5,20704,21280,164.0,"void at::native::<unnamed>::CatArrayBatchedCopy<at::native::<unnamed>::OpaqueType<(unsigned int)4>, unsigned int, (int)2, (int)64, (int)64>(T1 *, at::native::<unnamed>::CatArrInputTensorMetadata<T1, T2, T4, T5>, at::native::<unnamed>::TensorSizeStride<T2, (unsigned int)4>, int, T2)"
:stage.process:model.layers.1.mlp.gate_proj,PushPop,3033121,3035516,1,2,201984,100992.0,100992.0,100704,101280,407.3,"void at::native::vectorized_elementwise_kernel<(int)2, at::native::BinaryFunctor<long, long, long, at::native::BitwiseOrFunctor<long>>, std::array<char *, (unsigned long)3>>(int, T2, T3)"
:stage.process:model.layers.1.mlp.gate_proj,PushPop,3033121,3035516,1,10,148960,14896.0,7504.0,3648,49440,13948.4,"void at::native::reduce_kernel<(int)512, (int)1, at::native::ReduceOp<float, at::native::MeanOps<float, float, float, float>, unsigned int, float, (int)4, (int)4>>(T3)"
:stage.process:model.layers.1.mlp.gate_proj,PushPop,3033121,3035516,1,2,134658,67329.0,67329.0,64385,70273,4163.4,"void at::native::vectorized_elementwise_kernel<(int)2, at::native::BUnaryFunctor<long, long, long, at::native::lshift_kernel_cuda(at::TensorIteratorBase &)::[lambda() (instance 1)]::operator ()() const::[lambda() (instance 4)]::operator ()() const::[lambda(long, long) (instance 1)]>, std::array<char *, (unsigned long)2>>(int, T2, T3)"
:stage.process:model.layers.1.mlp.gate_proj,PushPop,3033121,3035516,1,6,132320,22053.3,22032.0,16224,27936,6385.8,"void trsm_batch_left_upper_kernel_small<float, (int)16, (int)16, (int)64>(cublasTrsmBatchParams<T1>, const T1 *const *, T1 *const *, const T1 *, T1)"
:stage.process:model.layers.1.mlp.gate_proj,PushPop,3033121,3035516,1,3,114304,38101.3,54112.0,5568,54624,28175.9,"void at::native::unrolled_elementwise_kernel<at::native::direct_copy_kernel_cuda(at::TensorIteratorBase &)::[lambda() (instance 3)]::operator ()() const::[lambda() (instance 3)]::operator ()() const::[lambda(int) (instance 1)], std::array<char *, (unsigned long)2>, (int)4, TrivialOffsetCalculator<(int)1, unsigned int>, TrivialOffsetCalculator<(int)1, unsigned int>, at::native::memory::LoadWithCast<(int)1>, at::native::memory::StoreWithCast<(int)1>>(int, T1, T2, T4, T5, T6, T7)"
:stage.process:model.layers.1.mlp.gate_proj,PushPop,3033121,3035516,1,5,75264,15052.8,1568.0,1536,69024,30170.8,"void at::native::vectorized_elementwise_kernel<(int)2, at::native::CUDAFunctorOnSelf_add<long>, std::array<char *, (unsigned long)2>>(int, T2, T3)"
:stage.process:model.layers.1.mlp.gate_proj,PushPop,3033121,3035516,1,1,73504,73504.0,73504.0,73504,73504,0.0,"void at::native::elementwise_kernel<(int)128, (int)2, void at::native::gpu_kernel_impl_nocast<at::native::BinaryFunctor<float, float, float, at::native::binary_internal::DivFunctor<float>>>(at::TensorIteratorBase &, const T1 &)::[lambda(int) (instance 1)]>(int, T3)"
:stage.process:model.layers.1.mlp.gate_proj,PushPop,3033121,3035516,1,6,70944,11824.0,1984.0,1536,61824,24496.1,"void at::native::vectorized_elementwise_kernel<(int)2, at::native::AUnaryFunctor<long, long, long, at::native::binary_internal::MulFunctor<long>>, std::array<char *, (unsigned long)2>>(int, T2, T3)"
:stage.process:model.layers.1.mlp.gate_proj,PushPop,3033121,3035516,1,1,60257,60257.0,60257.0,60257,60257,0.0,"void at::native::vectorized_elementwise_kernel<(int)4, void at::native::<unnamed>::pow_tensor_scalar_kernel_impl<float, float>(at::TensorIteratorBase &, T2)::[lambda(float) (instance 1)], std::array<char *, (unsigned long)2>>(int, T2, T3)"
:stage.process:model.layers.1.mlp.gate_proj,PushPop,3033121,3035516,1,1,51360,51360.0,51360.0,51360,51360,0.0,"void at::native::reduce_kernel<(int)128, (int)4, at::native::ReduceOp<long, at::native::func_wrapper_t<long, at::native::sum_functor<long, long, long>::operator ()(at::TensorIterator &)::[lambda(long, long) (instance 1)]>, unsigned int, long, (int)4, (int)4>>(T3)"
:stage.process:model.layers.1.mlp.gate_proj,PushPop,3033121,3035516,1,1,44736,44736.0,44736.0,44736,44736,0.0,"void at::native::vectorized_elementwise_kernel<(int)4, at::native::float16_copy_kernel_cuda(at::TensorIteratorBase &)::[lambda(float) (instance 1)], std::array<char *, (unsigned long)2>>(int, T2, T3)"
:stage.process:model.layers.1.mlp.gate_proj,PushPop,3033121,3035516,1,3,27872,9290.7,10016.0,6944,10912,2081.1,"void at::native::elementwise_kernel<(int)128, (int)2, void at::native::gpu_kernel_impl_nocast<at::native::direct_copy_kernel_cuda(at::TensorIteratorBase &)::[lambda() (instance 3)]::operator ()() const::[lambda() (instance 3)]::operator ()() const::[lambda(int) (instance 1)]>(at::TensorIteratorBase &, const T1 &)::[lambda(int) (instance 1)]>(int, T3)"
:stage.process:model.layers.1.mlp.gate_proj,PushPop,3033121,3035516,1,6,25472,4245.3,4544.0,3360,4928,689.2,"void at::native::elementwise_kernel<(int)128, (int)2, void at::native::gpu_kernel_impl_nocast<at::native::CUDAFunctorOnSelf_add<float>>(at::TensorIteratorBase &, const T1 &)::[lambda(int) (instance 1)]>(int, T3)"
:stage.process:model.layers.1.mlp.gate_proj,PushPop,3033121,3035516,1,4,14272,3568.0,3552.0,3392,3776,204.9,"void at::native::vectorized_elementwise_kernel<(int)2, at::native::BUnaryFunctor<long, long, long, at::native::remainder_kernel_cuda(at::TensorIteratorBase &)::[lambda() (instance 1)]::operator ()() const::[lambda() (instance 4)]::operator ()() const::[lambda(long, long) (instance 1)]>, std::array<char *, (unsigned long)2>>(int, T2, T3)"
:stage.process:model.layers.1.mlp.gate_proj,PushPop,3033121,3035516,1,6,13696,2282.7,2288.0,2240,2304,26.1,"void at::native::vectorized_elementwise_kernel<(int)4, at::native::<unnamed>::CompareFunctor<float>, std::array<char *, (unsigned long)3>>(int, T2, T3)"
:stage.process:model.layers.1.mlp.gate_proj,PushPop,3033121,3035516,1,3,11968,3989.3,4160.0,3552,4256,381.8,"void at::native::unrolled_elementwise_kernel<at::native::direct_copy_kernel_cuda(at::TensorIteratorBase &)::[lambda() (instance 3)]::operator ()() const::[lambda() (instance 1)]::operator ()() const::[lambda(unsigned char) (instance 1)], std::array<char *, (unsigned long)2>, (int)4, TrivialOffsetCalculator<(int)1, unsigned int>, TrivialOffsetCalculator<(int)1, unsigned int>, at::native::memory::LoadWithCast<(int)1>, at::native::memory::StoreWithCast<(int)1>>(int, T1, T2, T4, T5, T6, T7)"
:stage.process:model.layers.1.mlp.gate_proj,PushPop,3033121,3035516,1,2,11072,5536.0,5536.0,4992,6080,769.3,"void at::native::<unnamed>::CatArrayBatchedCopy_vectorized<at::native::<unnamed>::OpaqueType<(unsigned int)2>, unsigned int, (int)1, (int)128, (int)1, (int)16, (int)8>(char *, at::native::<unnamed>::CatArrInputTensorMetadata<T1, T2, T4, T5>, at::native::<unnamed>::TensorSizeStride<T2, (unsigned int)4>, int, T2)"
:stage.process:model.layers.1.mlp.gate_proj,PushPop,3033121,3035516,1,3,9152,3050.7,3072.0,2944,3136,97.8,"void at::native::vectorized_elementwise_kernel<(int)4, at::native::AUnaryFunctor<unsigned char, unsigned char, bool, at::native::<unnamed>::CompareEqFunctor<unsigned char>>, std::array<char *, (unsigned long)2>>(int, T2, T3)"
:stage.process:model.layers.1.mlp.gate_proj,PushPop,3033121,3035516,1,1,8192,8192.0,8192.0,8192,8192,0.0,"void at::native::vectorized_elementwise_kernel<(int)4, at::native::AUnaryFunctor<unsigned char, unsigned char, unsigned char, at::native::binary_internal::MulFunctor<unsigned char>>, std::array<char *, (unsigned long)2>>(int, T2, T3)"
:stage.process:model.layers.1.mlp.gate_proj,PushPop,3033121,3035516,1,2,8160,4080.0,4080.0,3296,4864,1108.7,"void at::native::elementwise_kernel<(int)128, (int)2, void at::native::gpu_kernel_impl_nocast<at::native::AbsFunctor<float>>(at::TensorIteratorBase &, const T1 &)::[lambda(int) (instance 1)]>(int, T3)"
:stage.process:model.layers.1.mlp.gate_proj,PushPop,3033121,3035516,1,2,7648,3824.0,3824.0,3808,3840,22.6,"void at::native::vectorized_elementwise_kernel<(int)2, at::native::BUnaryFunctor<long, long, long, at::native::binary_internal::div_floor_kernel_cuda(at::TensorIteratorBase &)::[lambda() (instance 1)]::operator ()() const::[lambda() (instance 4)]::operator ()() const::[lambda(long, long) (instance 1)]>, std::array<char *, (unsigned long)2>>(int, T2, T3)"
:stage.process:model.layers.1.mlp.gate_proj,PushPop,3033121,3035516,1,3,7232,2410.7,2176.0,2048,3008,521.2,"void at::native::vectorized_elementwise_kernel<(int)4, at::native::FillFunctor<unsigned char>, std::array<char *, (unsigned long)1>>(int, T2, T3)"
:stage.process:model.layers.1.mlp.gate_proj,PushPop,3033121,3035516,1,2,6368,3184.0,3184.0,3168,3200,22.6,"void at::native::elementwise_kernel<(int)128, (int)2, void at::native::gpu_kernel_impl_nocast<at::native::CUDAFunctor_add<long>>(at::TensorIteratorBase &, const T1 &)::[lambda(int) (instance 1)]>(int, T3)"
:stage.process:model.layers.1.mlp.gate_proj,PushPop,3033121,3035516,1,2,5728,2864.0,2864.0,2752,2976,158.4,"void at::native::<unnamed>::CatArrayBatchedCopy_alignedK_contig<at::native::<unnamed>::OpaqueType<(unsigned int)4>, unsigned int, (int)1, (int)128, (int)1, (int)16>(T1 *, at::native::<unnamed>::CatArrInputTensorMetadata<T1, T2, T4, T5>, at::native::<unnamed>::TensorSizeStride<T2, (unsigned int)4>, int, T2)"
:stage.process:model.layers.1.mlp.gate_proj,PushPop,3033121,3035516,1,3,5472,1824.0,1856.0,1632,1984,178.2,"void at::native::vectorized_elementwise_kernel<(int)4, at::native::BinaryFunctor<float, float, float, at::native::maximum_kernel_cuda(at::TensorIteratorBase &)::[lambda() (instance 2)]::operator ()() const::[lambda() (instance 2)]::operator ()() const::[lambda(float, float) (instance 1)]>, std::array<char *, (unsigned long)3>>(int, T2, T3)"
:stage.process:model.layers.1.mlp.gate_proj,PushPop,3033121,3035516,1,2,5152,2576.0,2576.0,2048,3104,746.7,"void at::native::unrolled_elementwise_kernel<at::native::AUnaryFunctor<long, long, long, at::native::BitwiseAndFunctor<long>>, std::array<char *, (unsigned long)2>, (int)4, TrivialOffsetCalculator<(int)1, unsigned int>, TrivialOffsetCalculator<(int)1, unsigned int>, at::native::memory::LoadWithoutCast, at::native::memory::StoreWithoutCast>(int, T1, T2, T4, T5, T6, T7)"
:stage.process:model.layers.1.mlp.gate_proj,PushPop,3033121,3035516,1,1,4800,4800.0,4800.0,4800,4800,0.0,"void at::native::reduce_kernel<(int)512, (int)1, at::native::ReduceOp<float, at::native::ArgMinOps<float>, unsigned int, long, (int)4, (int)4>>(T3)"
:stage.process:model.layers.1.mlp.gate_proj,PushPop,3033121,3035516,1,2,4800,2400.0,2400.0,2400,2400,0.0,"void at::native::vectorized_elementwise_kernel<(int)2, at::native::CUDAFunctorOnOther_add<long>, std::array<char *, (unsigned long)2>>(int, T2, T3)"
:stage.process:model.layers.1.mlp.gate_proj,PushPop,3033121,3035516,1,3,4736,1578.7,1536.0,1280,1920,322.1,"xxtrf4_set_info_ker(int, int *)"
:stage.process:model.layers.1.mlp.gate_proj,PushPop,3033121,3035516,1,2,4704,2352.0,2352.0,2240,2464,158.4,"void at::native::vectorized_elementwise_kernel<(int)4, at::native::FillFunctor<bool>, std::array<char *, (unsigned long)1>>(int, T2, T3)"
:stage.process:model.layers.1.mlp.gate_proj,PushPop,3033121,3035516,1,2,4480,2240.0,2240.0,2112,2368,181.0,"void at::native::vectorized_elementwise_kernel<(int)4, void at::native::compare_scalar_kernel<c10::Half>(at::TensorIteratorBase &, at::native::<unnamed>::OpType, T1)::[lambda(c10::Half) (instance 1)], std::array<char *, (unsigned long)2>>(int, T2, T3)"
:stage.process:model.layers.1.mlp.gate_proj,PushPop,3033121,3035516,1,1,3424,3424.0,3424.0,3424,3424,0.0,"void at::native::<unnamed>::CatArrayBatchedCopy_contig<at::native::<unnamed>::OpaqueType<(unsigned int)1>, unsigned int, (int)1, (int)128, (int)1>(T1 *, at::native::<unnamed>::CatArrInputTensorMetadata<T1, T2, T4, T5>, at::native::<unnamed>::TensorSizeStride<T2, (unsigned int)4>, int, T2)"
:stage.process:model.layers.1.mlp.gate_proj,PushPop,3033121,3035516,1,1,3328,3328.0,3328.0,3328,3328,0.0,"void at::native::vectorized_elementwise_kernel<(int)4, at::native::BinaryFunctor<unsigned char, unsigned char, bool, at::native::<unnamed>::CompareEqFunctor<unsigned char>>, std::array<char *, (unsigned long)3>>(int, T2, T3)"
:stage.process:model.layers.1.mlp.gate_proj,PushPop,3033121,3035516,1,1,2688,2688.0,2688.0,2688,2688,0.0,"void at::native::vectorized_elementwise_kernel<(int)4, at::native::sqrt_kernel_cuda(at::TensorIteratorBase &)::[lambda() (instance 2)]::operator ()() const::[lambda() (instance 2)]::operator ()() const::[lambda(float) (instance 1)], std::array<char *, (unsigned long)2>>(int, T2, T3)"
:stage.process:model.layers.1.mlp.gate_proj,PushPop,3033121,3035516,1,1,2368,2368.0,2368.0,2368,2368,0.0,"void at::native::unrolled_elementwise_kernel<at::native::direct_copy_kernel_cuda(at::TensorIteratorBase &)::[lambda() (instance 3)]::operator ()() const::[lambda() (instance 11)]::operator ()() const::[lambda(bool) (instance 1)], std::array<char *, (unsigned long)2>, (int)4, TrivialOffsetCalculator<(int)1, unsigned int>, TrivialOffsetCalculator<(int)1, unsigned int>, at::native::memory::LoadWithCast<(int)1>, at::native::memory::StoreWithCast<(int)1>>(int, T1, T2, T4, T5, T6, T7)"
:stage.process:model.layers.1.mlp.gate_proj,PushPop,3033121,3035516,1,1,2240,2240.0,2240.0,2240,2240,0.0,"void at::native::elementwise_kernel<(int)128, (int)2, void at::native::gpu_kernel_impl_nocast<at::native::<unnamed>::where_kernel_impl(at::TensorIterator &)::[lambda() (instance 1)]::operator ()() const::[lambda() (instance 3)]::operator ()() const::[lambda(bool, unsigned int, unsigned int) (instance 1)]>(at::TensorIteratorBase &, const T1 &)::[lambda(int) (instance 1)]>(int, T3)"
:stage.process:model.layers.1.mlp.gate_proj,PushPop,3033121,3035516,1,1,2112,2112.0,2112.0,2112,2112,0.0,"void at::native::unrolled_elementwise_kernel<at::native::<unnamed>::CompareFunctor<c10::Half>, std::array<char *, (unsigned long)3>, (int)4, TrivialOffsetCalculator<(int)2, unsigned int>, TrivialOffsetCalculator<(int)1, unsigned int>, at::native::memory::LoadWithoutCast, at::native::memory::StoreWithoutCast>(int, T1, T2, T4, T5, T6, T7)"
:stage.process:model.layers.1.mlp.gate_proj,PushPop,3033121,3035516,1,1,1920,1920.0,1920.0,1920,1920,0.0,"void at::native::vectorized_elementwise_kernel<(int)4, at::native::<unnamed>::launch_clamp_scalar(at::TensorIteratorBase &, c10::Scalar, c10::Scalar, at::native::detail::ClampLimits)::[lambda() (instance 1)]::operator ()() const::[lambda() (instance 7)]::operator ()() const::[lambda(float) (instance 1)], std::array<char *, (unsigned long)2>>(int, T2, T3)"
:stage.process:model.layers.1.mlp.up_proj,PushPop,3033121,3035516,1,1482,6857048546,4626888.4,3329432.0,1048707,13447007,4044011.6,void <unnamed>::qvq_fused_w2_family_grid_kernel<(bool)0>(<unnamed>::FusedSequenceArgs)
:stage.process:model.layers.1.mlp.up_proj,PushPop,3033121,3035516,1,1534,4702858473,3065748.7,2775606.0,1360931,7241775,1931008.7,"void <unnamed>::qvq_viterbi_kernel<(int)4, (int)2, __half, unsigned char>(const float *, const T3 *, const float *, const long *, const float *, T4 *, long *, float *, int, int, int, bool, bool, bool)"
:stage.process:model.layers.1.mlp.up_proj,PushPop,3033121,3035516,1,1278,2630382489,2058202.3,1611155.5,21728,5813006,1501240.2,void cutlass::Kernel2<cutlass_80_simt_sgemm_grouped_128x128_8x4_align1>(T1::Params)
:stage.process:model.layers.1.mlp.up_proj,PushPop,3033121,3035516,1,1278,659359671,515930.9,323265.0,5504,962498,334539.1,"void gemmSN_NN_kernel<float, (int)128, (int)2, (int)4, (int)8, (int)4, (int)4, (bool)0, cublasGemvTensorBatched<const float>, cublasGemvTensorBatched<const float>, cublasGemvTensorBatched<float>>(cublasGemmSmallNParams<T9, T10, T11, T1>)"
:stage.process:model.layers.1.mlp.up_proj,PushPop,3033121,3035516,1,1276,212241799,166333.7,109152.0,9952,301824,100560.8,ampere_sgemm_128x128_nt
:stage.process:model.layers.1.mlp.up_proj,PushPop,3033121,3035516,1,1482,151430345,102179.7,101696.0,73056,117313,7421.2,"<unnamed>::qvq_fused_w2_traceback_kernel(const unsigned char *, const unsigned char *, const int *, long *, unsigned char *, int)"
:stage.process:model.layers.1.mlp.up_proj,PushPop,3033121,3035516,1,14,83893097,5992364.1,3353272.0,3233480,12672607,4383971.7,ampere_sgemm_128x64_nn
:stage.process:model.layers.1.mlp.up_proj,PushPop,3033121,3035516,1,416,61047662,146749.2,145952.5,133121,169152,5871.9,"void <unnamed>::qvq_v2_segment_grid_kernel<(int)4, (int)2, (int)16, (bool)1, (bool)0, __half, unsigned char>(const float *, const T6 *, const float *, const long *, const float *, const float *, float *, T7 *, unsigned char *, int, int, int, bool, bool)"
:stage.process:model.layers.1.mlp.up_proj,PushPop,3033121,3035516,1,3785,29636488,7830.0,3232.0,2144,682017,34984.9,"void at::native::elementwise_kernel<(int)128, (int)2, void at::native::gpu_kernel_impl_nocast<at::native::direct_copy_kernel_cuda(at::TensorIteratorBase &)::[lambda() (instance 3)]::operator ()() const::[lambda() (instance 7)]::operator ()() const::[lambda(float) (instance 1)]>(at::TensorIteratorBase &, const T1 &)::[lambda(int) (instance 1)]>(int, T3)"
:stage.process:model.layers.1.mlp.up_proj,PushPop,3033121,3035516,1,2,26024253,13012126.5,13012126.5,12883262,13140991,182241.9,void cutlass::Kernel2<cutlass_80_simt_sgemm_128x64_8x5_nn_align1>(T1::Params)
:stage.process:model.layers.1.mlp.up_proj,PushPop,3033121,3035516,1,3222,23702833,7356.6,7712.0,2592,91264,3205.0,"void at::native::reduce_kernel<(int)512, (int)1, at::native::ReduceOp<bool, at::native::func_wrapper_t<bool, at::native::and_kernel_cuda(at::TensorIterator &)::[lambda() (instance 1)]::operator ()() const::[lambda() (instance 12)]::operator ()() const::[lambda(bool, bool) (instance 1)]>, unsigned int, bool, (int)4, (int)4>>(T3)"
:stage.process:model.layers.1.mlp.up_proj,PushPop,3033121,3035516,1,1482,19931626,13449.1,13568.0,9184,15936,1306.4,"<unnamed>::qvq_fused_detect_family_mask_kernel(const unsigned int *, int *)"
:stage.process:model.layers.1.mlp.up_proj,PushPop,3033121,3035516,1,445,18392645,41331.8,5760.0,3264,664706,70573.7,"void at::native::elementwise_kernel<(int)128, (int)2, void at::native::gpu_kernel_impl_nocast<at::native::CUDAFunctor_add<float>>(at::TensorIteratorBase &, const T1 &)::[lambda(int) (instance 1)]>(int, T3)"
:stage.process:model.layers.1.mlp.up_proj,PushPop,3033121,3035516,1,1663,17067919,10263.3,9376.0,5408,118849,3171.5,"void at::native::index_elementwise_kernel<(int)128, (int)4, void at::native::gpu_index_kernel<void at::native::index_kernel_impl<at::native::OpaqueType<(int)2>>(at::TensorIteratorBase &, c10::ArrayRef<long>, c10::ArrayRef<long>)::[lambda(char *, const char *, long) (instance 1)]>(at::TensorIteratorBase &, c10::ArrayRef<long>, c10::ArrayRef<long>, const T1 &, bool)::[lambda(int) (instance 1)]>(long, T3)"
:stage.process:model.layers.1.mlp.up_proj,PushPop,3033121,3035516,1,2046,16165539,7901.0,8000.0,3808,12384,1044.0,"void at::native::reduce_kernel<(int)512, (int)1, at::native::ReduceOp<float, at::native::func_wrapper_t<float, at::native::MaxNanFunctor<float>>, unsigned int, float, (int)4, (int)4>>(T3)"
:stage.process:model.layers.1.mlp.up_proj,PushPop,3033121,3035516,1,130,15728734,120990.3,120272.0,5280,233376,66077.7,"void gemmSN_NN_kernel<float, (int)128, (int)2, (int)4, (int)8, (int)4, (int)4, (bool)0, cublasGemvTensorStridedBatched<const float>, cublasGemvTensorStridedBatched<const float>, cublasGemvTensorStridedBatched<float>>(cublasGemmSmallNParams<T9, T10, T11, T1>)"
:stage.process:model.layers.1.mlp.up_proj,PushPop,3033121,3035516,1,1917,13176308,6873.4,6816.0,4384,8832,408.7,"void at::native::index_elementwise_kernel<(int)128, (int)4, void at::native::gpu_index_kernel<void at::native::index_put_kernel_impl<at::native::OpaqueType<(int)4>>(at::TensorIterator &, c10::ArrayRef<long>, c10::ArrayRef<long>)::[lambda(char *, const char *, long) (instance 1)]>(at::TensorIteratorBase &, c10::ArrayRef<long>, c10::ArrayRef<long>, const T1 &, bool)::[lambda(int) (instance 1)]>(long, T3)"
:stage.process:model.layers.1.mlp.up_proj,PushPop,3033121,3035516,1,4,12925277,3231319.3,3231447.5,3230727,3231655,423.5,ampere_sgemm_128x64_nt
:stage.process:model.layers.1.mlp.up_proj,PushPop,3033121,3035516,1,1,12699103,12699103.0,12699103.0,12699103,12699103,0.0,ampere_sgemm_128x64_tn
:stage.process:model.layers.1.mlp.up_proj,PushPop,3033121,3035516,1,4,11390455,2847613.8,1590147.0,923265,7286896,3025472.9,"void kernel<getrf_wo_pivot_params_<float, (int)0, (int)256, (int)1, (int)64, (int)64, (int)68, (int)8, (int)1, (int)1>>(int, int, void *, int, void *, int, int, int, int, int, int *)"
:stage.process:model.layers.1.mlp.up_proj,PushPop,3033121,3035516,1,4122,10431673,2530.7,2272.0,1568,255553,7185.6,"void at::native::vectorized_elementwise_kernel<(int)4, at::native::AbsFunctor<float>, std::array<char *, (unsigned long)2>>(int, T2, T3)"
:stage.process:model.layers.1.mlp.up_proj,PushPop,3033121,3035516,1,1278,9063026,7091.6,7008.0,4672,11616,332.5,"void at::native::index_elementwise_kernel<(int)128, (int)4, void at::native::gpu_index_kernel<void at::native::index_put_kernel_impl<at::native::OpaqueType<(int)8>>(at::TensorIterator &, c10::ArrayRef<long>, c10::ArrayRef<long>)::[lambda(char *, const char *, long) (instance 1)]>(at::TensorIteratorBase &, c10::ArrayRef<long>, c10::ArrayRef<long>, const T1 &, bool)::[lambda(int) (instance 1)]>(long, T3)"
:stage.process:model.layers.1.mlp.up_proj,PushPop,3033121,3035516,1,2846,6710571,2357.9,2240.0,1632,98401,3291.8,"void at::native::vectorized_elementwise_kernel<(int)4, at::native::BinaryFunctor<bool, bool, bool, at::native::binary_internal::MulFunctor<bool>>, std::array<char *, (unsigned long)3>>(int, T2, T3)"
:stage.process:model.layers.1.mlp.up_proj,PushPop,3033121,3035516,1,1543,6656110,4313.7,4192.0,3200,77120,2980.3,"void at::native::unrolled_elementwise_kernel<at::native::direct_copy_kernel_cuda(at::TensorIteratorBase &)::[lambda() (instance 3)]::operator ()() const::[lambda() (instance 7)]::operator ()() const::[lambda(float) (instance 1)], std::array<char *, (unsigned long)2>, (int)4, TrivialOffsetCalculator<(int)1, unsigned int>, TrivialOffsetCalculator<(int)1, unsigned int>, at::native::memory::LoadWithCast<(int)1>, at::native::memory::StoreWithCast<(int)1>>(int, T1, T2, T4, T5, T6, T7)"
:stage.process:model.layers.1.mlp.up_proj,PushPop,3033121,3035516,1,2,6633872,3316936.0,3316936.0,3299720,3334152,24347.1,void cutlass::Kernel2<cutlass_80_simt_sgemm_128x32_8x5_nt_align1>(T1::Params)
:stage.process:model.layers.1.mlp.up_proj,PushPop,3033121,3035516,1,770,6444081,8368.9,8352.0,8000,8832,142.0,"void at::native::reduce_kernel<(int)512, (int)1, at::native::ReduceOp<c10::Half, at::native::func_wrapper_t<c10::Half, at::native::MaxNanFunctor<c10::Half>>, unsigned int, c10::Half, (int)4, (int)4>>(T3)"
:stage.process:model.layers.1.mlp.up_proj,PushPop,3033121,3035516,1,762,6438859,8449.9,8224.0,7840,10336,678.8,"void batch_trsm_left_kernel<float, (int)64, (int)4, (int)3, (bool)0, (bool)0, (bool)1>(cublasTrsmBatchParams2<T1>, T1, const T1 *, int)"
:stage.process:model.layers.1.mlp.up_proj,PushPop,3033121,3035516,1,1663,5571690,3350.4,3360.0,2496,115776,2781.7,"void at::native::elementwise_kernel<(int)128, (int)2, void at::native::gpu_kernel_impl_nocast<at::native::direct_copy_kernel_cuda(at::TensorIteratorBase &)::[lambda() (instance 3)]::operator ()() const::[lambda() (instance 4)]::operator ()() const::[lambda(long) (instance 1)]>(at::TensorIteratorBase &, const T1 &)::[lambda(int) (instance 1)]>(int, T3)"
:stage.process:model.layers.1.mlp.up_proj,PushPop,3033121,3035516,1,2077,5462088,2629.8,2272.0,1504,163200,6681.1,"void at::native::vectorized_elementwise_kernel<(int)4, at::native::BinaryFunctor<float, float, bool, at::native::<unnamed>::CompareEqFunctor<float>>, std::array<char *, (unsigned long)3>>(int, T2, T3)"
:stage.process:model.layers.1.mlp.up_proj,PushPop,3033121,3035516,1,2076,5345289,2574.8,2240.0,1568,165248,6645.0,"void at::native::vectorized_elementwise_kernel<(int)4, at::native::AUnaryFunctor<float, float, bool, at::native::<unnamed>::CompareEqFunctor<float>>, std::array<char *, (unsigned long)2>>(int, T2, T3)"
:stage.process:model.layers.1.mlp.up_proj,PushPop,3033121,3035516,1,2558,5237388,2047.5,2048.0,1568,3008,166.7,"void at::native::vectorized_elementwise_kernel<(int)4, at::native::BinaryFunctor<bool, bool, bool, at::native::logical_or_kernel_cuda(at::TensorIterator &)::[lambda() (instance 2)]::operator ()() const::[lambda() (instance 9)]::operator ()() const::[lambda(bool, bool) (instance 1)]>, std::array<char *, (unsigned long)3>>(int, T2, T3)"
:stage.process:model.layers.1.mlp.up_proj,PushPop,3033121,3035516,1,1532,5144815,3358.2,3392.0,2048,58272,1462.2,"void at::native::elementwise_kernel<(int)128, (int)2, void at::native::gpu_kernel_impl_nocast<at::native::AUnaryFunctor<long, long, long, at::native::BitwiseAndFunctor<long>>>(at::TensorIteratorBase &, const T1 &)::[lambda(int) (instance 1)]>(int, T3)"
:stage.process:model.layers.1.mlp.up_proj,PushPop,3033121,3035516,1,639,5094866,7973.2,8096.0,5632,8608,439.0,"void at::native::index_elementwise_kernel<(int)128, (int)4, void at::native::gpu_index_kernel<void at::native::index_kernel_impl<at::native::OpaqueType<(int)4>>(at::TensorIteratorBase &, c10::ArrayRef<long>, c10::ArrayRef<long>)::[lambda(char *, const char *, long) (instance 1)]>(at::TensorIteratorBase &, c10::ArrayRef<long>, c10::ArrayRef<long>, const T1 &, bool)::[lambda(int) (instance 1)]>(long, T3)"
:stage.process:model.layers.1.mlp.up_proj,PushPop,3033121,3035516,1,1586,4846601,3055.9,2624.0,2112,522722,13079.2,"<unnamed>::qvq_half2_codebook_norm_pack_kernel(const __half *, unsigned long *, int)"
:stage.process:model.layers.1.mlp.up_proj,PushPop,3033121,3035516,1,1278,4822250,3773.3,3424.0,2240,270753,7494.1,"<unnamed>::qvq_yaqa_feedback_epilogue_kernel(const float *, const float *, const float *, const float *, const float *, float *, int, int, int, int, int)"
:stage.process:model.layers.1.mlp.up_proj,PushPop,3033121,3035516,1,55,4778024,86873.2,70272.0,17984,139616,45935.5,void cutlass::Kernel2<cutlass_80_simt_sgemm_128x32_8x5_nn_align1>(T1::Params)
:stage.process:model.layers.1.mlp.up_proj,PushPop,3033121,3035516,1,1534,4460910,2908.0,2688.0,2144,10208,642.0,"void at::native::roll_cuda_kernel<float>(const T1 *, T1 *, long, long, long, long, long, long)"
:stage.process:model.layers.1.mlp.up_proj,PushPop,3033121,3035516,1,52,4351023,83673.5,83552.0,72833,119712,8750.9,"void <unnamed>::qvq_v2_segment_grid_finalize_kernel<(int)4, (int)2, (int)16, (bool)0, __half, unsigned char>(const float *, const T5 *, const float *, const long *, const float *, const float *, const T6 *, const unsigned char *, long *, unsigned char *, float *, int, int, bool, bool)"
:stage.process:model.layers.1.mlp.up_proj,PushPop,3033121,3035516,1,639,4199590,6572.1,6688.0,3296,9056,550.3,"void at::native::index_elementwise_kernel<(int)128, (int)4, void at::native::gpu_index_kernel<void at::native::index_put_kernel_impl<at::native::OpaqueType<(int)1>>(at::TensorIterator &, c10::ArrayRef<long>, c10::ArrayRef<long>)::[lambda(char *, const char *, long) (instance 1)]>(at::TensorIteratorBase &, c10::ArrayRef<long>, c10::ArrayRef<long>, const T1 &, bool)::[lambda(int) (instance 1)]>(long, T3)"
:stage.process:model.layers.1.mlp.up_proj,PushPop,3033121,3035516,1,789,3648683,4624.4,2208.0,1888,192193,15203.2,"void at::native::vectorized_elementwise_kernel<(int)4, at::native::CUDAFunctor_add<float>, std::array<char *, (unsigned long)3>>(int, T2, T3)"
:stage.process:model.layers.1.mlp.up_proj,PushPop,3033121,3035516,1,1540,3417771,2219.3,2176.0,2016,4096,150.6,"void at::native::vectorized_elementwise_kernel<(int)4, at::native::AbsFunctor<c10::Half>, std::array<char *, (unsigned long)2>>(int, T2, T3)"
:stage.process:model.layers.1.mlp.up_proj,PushPop,3033121,3035516,1,1,3413511,3413511.0,3413511.0,3413511,3413511,0.0,ampere_sgemm_128x64_lower_nt
:stage.process:model.layers.1.mlp.up_proj,PushPop,3033121,3035516,1,1792,3247078,1812.0,1792.0,1568,5600,214.1,"void at::native::vectorized_elementwise_kernel<(int)4, void at::native::compare_scalar_kernel<float>(at::TensorIteratorBase &, at::native::<unnamed>::OpType, T1)::[lambda(float) (instance 1)], std::array<char *, (unsigned long)2>>(int, T2, T3)"
:stage.process:model.layers.1.mlp.up_proj,PushPop,3033121,3035516,1,770,3099592,4025.4,4000.0,3968,7968,197.2,ampere_sgemm_32x128_nt
:stage.process:model.layers.1.mlp.up_proj,PushPop,3033121,3035516,1,775,2772365,3577.2,3392.0,1792,55232,2868.2,"void at::native::unrolled_elementwise_kernel<at::native::direct_copy_kernel_cuda(at::TensorIteratorBase &)::[lambda() (instance 3)]::operator ()() const::[lambda() (instance 4)]::operator ()() const::[lambda(long) (instance 1)], std::array<char *, (unsigned long)2>, (int)4, TrivialOffsetCalculator<(int)1, unsigned int>, TrivialOffsetCalculator<(int)1, unsigned int>, at::native::memory::LoadWithCast<(int)1>, at::native::memory::StoreWithCast<(int)1>>(int, T1, T2, T4, T5, T6, T7)"
:stage.process:model.layers.1.mlp.up_proj,PushPop,3033121,3035516,1,1278,2767368,2165.4,2144.0,1440,2528,141.0,"<unnamed>::qvq_yaqa_grouped_pointers_kernel(const float *, const float *, float *, float **, float **, float **, int, int, int, int, int, int)"
:stage.process:model.layers.1.mlp.up_proj,PushPop,3033121,3035516,1,1278,2681479,2098.2,2112.0,1632,6368,237.3,"void at::native::vectorized_elementwise_kernel<(int)4, at::native::bitwise_not_kernel_cuda(at::TensorIteratorBase &)::[lambda(bool) (instance 1)], std::array<char *, (unsigned long)2>>(int, T2, T3)"
:stage.process:model.layers.1.mlp.up_proj,PushPop,3033121,3035516,1,3,2605862,868620.7,1298371.0,8704,1298787,744709.7,"void at::native::reduce_kernel<(int)512, (int)1, at::native::ReduceOp<long, at::native::func_wrapper_t<long, at::native::sum_functor<long, long, long>::operator ()(at::TensorIterator &)::[lambda(long, long) (instance 1)]>, unsigned int, long, (int)4, (int)4>>(T3)"
:stage.process:model.layers.1.mlp.up_proj,PushPop,3033121,3035516,1,1278,2479015,1939.8,1952.0,1440,2496,92.1,"<unnamed>::qvq_yaqa_update_grouped_pointers_kernel(float *, float *, const float *, const float *, const float *, float **, float **, float **, int, int, int, int, int, int)"
:stage.process:model.layers.1.mlp.up_proj,PushPop,3033121,3035516,1,11,2478023,225274.8,65441.0,5472,1032483,398655.7,"void at::native::vectorized_elementwise_kernel<(int)2, at::native::AUnaryFunctor<long, long, long, at::native::BitwiseAndFunctor<long>>, std::array<char *, (unsigned long)2>>(int, T2, T3)"
:stage.process:model.layers.1.mlp.up_proj,PushPop,3033121,3035516,1,1482,2422188,1634.4,1568.0,1312,2368,192.9,"void at::native::vectorized_elementwise_kernel<(int)4, at::native::FillFunctor<int>, std::array<char *, (unsigned long)1>>(int, T2, T3)"
:stage.process:model.layers.1.mlp.up_proj,PushPop,3033121,3035516,1,4,2177253,544313.3,561169.5,5056,1049858,583778.0,"void at::native::elementwise_kernel<(int)128, (int)2, void at::native::gpu_kernel_impl_nocast<at::native::BinaryFunctor<long, long, long, at::native::lshift_kernel_cuda(at::TensorIteratorBase &)::[lambda() (instance 1)]::operator ()() const::[lambda() (instance 4)]::operator ()() const::[lambda(long, long) (instance 1)]>>(at::TensorIteratorBase &, const T1 &)::[lambda(int) (instance 1)]>(int, T3)"
:stage.process:model.layers.1.mlp.up_proj,PushPop,3033121,3035516,1,4,2164517,541129.3,540849.0,40928,1041891,577545.9,"void at::native::elementwise_kernel<(int)128, (int)2, void at::native::gpu_kernel_impl_nocast<at::native::BinaryFunctor<long, long, long, at::native::rshift_kernel_cuda(at::TensorIteratorBase &)::[lambda() (instance 1)]::operator ()() const::[lambda() (instance 4)]::operator ()() const::[lambda(long, long) (instance 1)]>>(at::TensorIteratorBase &, const T1 &)::[lambda(int) (instance 1)]>(int, T3)"
:stage.process:model.layers.1.mlp.up_proj,PushPop,3033121,3035516,1,1548,2103970,1359.2,1376.0,1248,2144,70.9,"void <unnamed>::elementwise_kernel_with_index<int, at::native::arange_cuda_out(const c10::Scalar &, const c10::Scalar &, const c10::Scalar &, at::Tensor &)::[lambda() (instance 1)]::operator ()() const::[lambda() (instance 4)]::operator ()() const::[lambda(long) (instance 1)]>(T1, T2, function_traits<T2>::result_type *)"
:stage.process:model.layers.1.mlp.up_proj,PushPop,3033121,3035516,1,3,1882373,627457.7,904451.0,72512,905410,480597.3,"void at::native::index_elementwise_kernel<(int)128, (int)4, void at::native::gpu_index_kernel<void at::native::index_kernel_impl<at::native::OpaqueType<(int)8>>(at::TensorIteratorBase &, c10::ArrayRef<long>, c10::ArrayRef<long>)::[lambda(char *, const char *, long) (instance 1)]>(at::TensorIteratorBase &, c10::ArrayRef<long>, c10::ArrayRef<long>, const T1 &, bool)::[lambda(int) (instance 1)]>(long, T3)"
:stage.process:model.layers.1.mlp.up_proj,PushPop,3033121,3035516,1,770,1766917,2294.7,2272.0,1664,2369,46.1,"void at::native::vectorized_elementwise_kernel<(int)4, at::native::BinaryFunctor<c10::Half, c10::Half, bool, at::native::<unnamed>::CompareEqFunctor<c10::Half>>, std::array<char *, (unsigned long)3>>(int, T2, T3)"
:stage.process:model.layers.1.mlp.up_proj,PushPop,3033121,3035516,1,770,1753541,2277.3,2272.0,1664,2336,37.2,"void at::native::vectorized_elementwise_kernel<(int)4, at::native::AUnaryFunctor<c10::Half, c10::Half, bool, at::native::<unnamed>::CompareEqFunctor<c10::Half>>, std::array<char *, (unsigned long)2>>(int, T2, T3)"
:stage.process:model.layers.1.mlp.up_proj,PushPop,3033121,3035516,1,782,1743685,2229.8,1824.0,1696,45504,3928.8,"void at::native::vectorized_elementwise_kernel<(int)4, void at::native::compare_scalar_kernel<long>(at::TensorIteratorBase &, at::native::<unnamed>::OpType, T1)::[lambda(long) (instance 1)], std::array<char *, (unsigned long)2>>(int, T2, T3)"
:stage.process:model.layers.1.mlp.up_proj,PushPop,3033121,3035516,1,10,1607683,160768.3,80608.0,3584,662626,204786.8,"void at::native::elementwise_kernel<(int)128, (int)2, void at::native::gpu_kernel_impl_nocast<at::native::BinaryFunctor<float, float, float, at::native::binary_internal::MulFunctor<float>>>(at::TensorIteratorBase &, const T1 &)::[lambda(int) (instance 1)]>(int, T3)"
:stage.process:model.layers.1.mlp.up_proj,PushPop,3033121,3035516,1,45,1397024,31045.0,32832.0,6624,55936,16034.9,"void gemmSN_NN_kernel<float, (int)256, (int)4, (int)2, (int)8, (int)4, (int)4, (bool)0, cublasGemvTensorStridedBatched<const float>, cublasGemvTensorStridedBatched<const float>, cublasGemvTensorStridedBatched<float>>(cublasGemmSmallNParams<T9, T10, T11, T1>)"
:stage.process:model.layers.1.mlp.up_proj,PushPop,3033121,3035516,1,512,1316194,2570.7,2528.0,2368,2848,127.2,"void at::native::unrolled_elementwise_kernel<at::native::BinaryFunctor<float, float, float, at::native::maximum_kernel_cuda(at::TensorIteratorBase &)::[lambda() (instance 2)]::operator ()() const::[lambda() (instance 2)]::operator ()() const::[lambda(float, float) (instance 1)]>, std::array<char *, (unsigned long)3>, (int)4, TrivialOffsetCalculator<(int)2, unsigned int>, TrivialOffsetCalculator<(int)1, unsigned int>, at::native::memory::LoadWithCast<(int)2>, at::native::memory::StoreWithCast<(int)1>>(int, T1, T2, T4, T5, T6, T7)"
:stage.process:model.layers.1.mlp.up_proj,PushPop,3033121,3035516,1,4,1273857,318464.3,318080.5,317920,319776,878.2,"std::enable_if<!T7, void>::type internal::gemvx::kernel<int, int, float, float, float, float, (bool)0, (bool)1, (bool)1, (bool)0, (int)7, (bool)0, cublasGemvParamsEx<int, cublasGemvTensorStridedBatched<const float>, cublasGemvTensorStridedBatched<const float>, cublasGemvTensorStridedBatched<float>, float>>(T13)"
:stage.process:model.layers.1.mlp.up_proj,PushPop,3033121,3035516,1,641,1192450,1860.3,1792.0,1504,29088,1518.5,"void at::native::vectorized_elementwise_kernel<(int)2, at::native::FillFunctor<long>, std::array<char *, (unsigned long)1>>(int, T2, T3)"
:stage.process:model.layers.1.mlp.up_proj,PushPop,3033121,3035516,1,256,1180707,4612.1,4608.0,4160,5088,375.3,"void at::native::elementwise_kernel<(int)128, (int)4, void at::native::gpu_kernel_impl_nocast<at::native::direct_copy_kernel_cuda(at::TensorIteratorBase &)::[lambda() (instance 3)]::operator ()() const::[lambda() (instance 10)]::operator ()() const::[lambda(c10::Half) (instance 1)]>(at::TensorIteratorBase &, const T1 &)::[lambda(int) (instance 1)]>(int, T3)"
:stage.process:model.layers.1.mlp.up_proj,PushPop,3033121,3035516,1,26,1161601,44677.0,45440.0,35840,50880,4686.7,ampere_sgemm_128x32_nn
:stage.process:model.layers.1.mlp.up_proj,PushPop,3033121,3035516,1,264,958754,3631.6,3392.0,3136,15392,1510.2,"void at::native::reduce_kernel<(int)512, (int)1, at::native::ReduceOp<bool, at::native::func_wrapper_t<bool, at::native::or_kernel_cuda(at::TensorIterator &)::[lambda() (instance 1)]::operator ()() const::[lambda() (instance 12)]::operator ()() const::[lambda(bool, bool) (instance 1)]>, unsigned int, bool, (int)4, (int)4>>(T3)"
:stage.process:model.layers.1.mlp.up_proj,PushPop,3033121,3035516,1,3,923587,307862.3,46081.0,45664,831842,453779.8,"void at::native::triu_tril_kernel<float, int, (bool)0, (int)2, (bool)1>(at::cuda::detail::TensorInfo<T1, T2>, at::cuda::detail::TensorInfo<const T1, T2>, long, long, T2)"
:stage.process:model.layers.1.mlp.up_proj,PushPop,3033121,3035516,1,9,812609,90289.9,67360.0,1984,259168,99221.4,"void at::native::vectorized_elementwise_kernel<(int)4, at::native::BUnaryFunctor<float, float, float, at::native::binary_internal::MulFunctor<float>>, std::array<char *, (unsigned long)2>>(int, T2, T3)"
:stage.process:model.layers.1.mlp.up_proj,PushPop,3033121,3035516,1,9,784225,87136.1,86816.0,86368,89600,972.8,"void at::native::vectorized_elementwise_kernel<(int)4, at::native::BinaryFunctor<float, float, float, at::native::binary_internal::MulFunctor<float>>, std::array<char *, (unsigned long)3>>(int, T2, T3)"
:stage.process:model.layers.1.mlp.up_proj,PushPop,3033121,3035516,1,128,769892,6014.8,6016.0,5696,6592,170.8,"void at::native::unrolled_elementwise_kernel<at::native::CUDAFunctor_add<float>, std::array<char *, (unsigned long)3>, (int)4, TrivialOffsetCalculator<(int)2, unsigned int>, TrivialOffsetCalculator<(int)1, unsigned int>, at::native::memory::LoadWithCast<(int)2>, at::native::memory::StoreWithCast<(int)1>>(int, T1, T2, T4, T5, T6, T7)"
:stage.process:model.layers.1.mlp.up_proj,PushPop,3033121,3035516,1,10,580193,58019.3,47344.0,46656,155488,34248.8,"void at::native::reduce_kernel<(int)512, (int)1, at::native::ReduceOp<float, at::native::func_wrapper_t<float, at::native::sum_functor<float, float, float>::operator ()(at::TensorIterator &)::[lambda(float, float) (instance 1)]>, unsigned int, float, (int)4, (int)4>>(T3)"
:stage.process:model.layers.1.mlp.up_proj,PushPop,3033121,3035516,1,129,552769,4285.0,4160.0,4096,20704,1457.3,"void at::native::elementwise_kernel<(int)128, (int)4, void at::native::gpu_kernel_impl_nocast<at::native::direct_copy_kernel_cuda(at::TensorIteratorBase &)::[lambda() (instance 3)]::operator ()() const::[lambda() (instance 1)]::operator ()() const::[lambda(unsigned char) (instance 1)]>(at::TensorIteratorBase &, const T1 &)::[lambda(int) (instance 1)]>(int, T3)"
:stage.process:model.layers.1.mlp.up_proj,PushPop,3033121,3035516,1,263,530113,2015.6,1888.0,1760,12864,1223.8,"void at::native::vectorized_elementwise_kernel<(int)4, at::native::BinaryFunctor<bool, bool, bool, at::native::BitwiseOrFunctor<bool>>, std::array<char *, (unsigned long)3>>(int, T2, T3)"
:stage.process:model.layers.1.mlp.up_proj,PushPop,3033121,3035516,1,132,528353,4002.7,1952.0,1760,71392,11597.2,"void at::native::vectorized_elementwise_kernel<(int)4, at::native::BinaryFunctor<long, long, bool, at::native::<unnamed>::CompareEqFunctor<long>>, std::array<char *, (unsigned long)3>>(int, T2, T3)"
:stage.process:model.layers.1.mlp.up_proj,PushPop,3033121,3035516,1,13,490721,37747.8,8480.0,1408,114080,44453.8,"void at::native::vectorized_elementwise_kernel<(int)4, at::native::FillFunctor<float>, std::array<char *, (unsigned long)1>>(int, T2, T3)"
:stage.process:model.layers.1.mlp.up_proj,PushPop,3033121,3035516,1,128,418210,3267.3,3264.0,3232,3328,17.9,"void at::native::elementwise_kernel<(int)128, (int)2, void at::native::gpu_kernel_impl_nocast<at::native::BUnaryFunctor<long, long, long, at::native::rshift_kernel_cuda(at::TensorIteratorBase &)::[lambda() (instance 1)]::operator ()() const::[lambda() (instance 4)]::operator ()() const::[lambda(long, long) (instance 1)]>>(at::TensorIteratorBase &, const T1 &)::[lambda(int) (instance 1)]>(int, T3)"
:stage.process:model.layers.1.mlp.up_proj,PushPop,3033121,3035516,1,1,339777,339777.0,339777.0,339777,339777,0.0,"void at::native::<unnamed>::CatArrayBatchedCopy_alignedK_contig<at::native::<unnamed>::OpaqueType<(unsigned int)8>, unsigned int, (int)3, (int)128, (int)1, (int)16>(T1 *, at::native::<unnamed>::CatArrInputTensorMetadata<T1, T2, T4, T5>, at::native::<unnamed>::TensorSizeStride<T2, (unsigned int)4>, int, T2)"
:stage.process:model.layers.1.mlp.up_proj,PushPop,3033121,3035516,1,58,323906,5584.6,5136.0,3424,16224,2998.5,"void cublasLt::splitKreduce_kernel<(int)32, (int)16, int, float, float, float, float, (bool)0, float, float, float, (bool)1, (bool)0, (bool)0, (bool)0>(cublasLt::cublasSplitKParams<T6>, const T4 *, const T10 *, T9 *, T5 *, const T6 *, const T6 *, const T11 *, const T4 *, T11 *, void *, long, T6 *, int *, T6 *, T6 *, const T6 *, const T6 *, const T6 *, const T6 *, const T6 *)"
:stage.process:model.layers.1.mlp.up_proj,PushPop,3033121,3035516,1,3,296544,98848.0,100256.0,94976,101312,3394.6,"void at::native::vectorized_elementwise_kernel<(int)2, at::native::BinaryFunctor<long, long, long, at::native::BitwiseXorFunctor<long>>, std::array<char *, (unsigned long)3>>(int, T2, T3)"
:stage.process:model.layers.1.mlp.up_proj,PushPop,3033121,3035516,1,6,268448,44741.3,1712.0,1472,250688,100966.6,"void at::native::vectorized_elementwise_kernel<(int)4, at::native::AUnaryFunctor<float, float, float, at::native::binary_internal::MulFunctor<float>>, std::array<char *, (unsigned long)2>>(int, T2, T3)"
:stage.process:model.layers.1.mlp.up_proj,PushPop,3033121,3035516,1,4,259200,64800.0,65040.0,59808,69312,4538.7,"void at::native::vectorized_elementwise_kernel<(int)2, at::native::BUnaryFunctor<long, long, long, at::native::rshift_kernel_cuda(at::TensorIteratorBase &)::[lambda() (instance 1)]::operator ()() const::[lambda() (instance 4)]::operator ()() const::[lambda(long, long) (instance 1)]>, std::array<char *, (unsigned long)2>>(int, T2, T3)"
:stage.process:model.layers.1.mlp.up_proj,PushPop,3033121,3035516,1,10,205633,20563.3,20528.0,20416,20864,131.6,"void at::native::<unnamed>::CatArrayBatchedCopy<at::native::<unnamed>::OpaqueType<(unsigned int)4>, unsigned int, (int)2, (int)64, (int)64>(T1 *, at::native::<unnamed>::CatArrInputTensorMetadata<T1, T2, T4, T5>, at::native::<unnamed>::TensorSizeStride<T2, (unsigned int)4>, int, T2)"
:stage.process:model.layers.1.mlp.up_proj,PushPop,3033121,3035516,1,2,201889,100944.5,100944.5,100769,101120,248.2,"void at::native::vectorized_elementwise_kernel<(int)2, at::native::BinaryFunctor<long, long, long, at::native::BitwiseOrFunctor<long>>, std::array<char *, (unsigned long)3>>(int, T2, T3)"
:stage.process:model.layers.1.mlp.up_proj,PushPop,3033121,3035516,1,10,149985,14998.5,7376.0,3968,49473,13995.9,"void at::native::reduce_kernel<(int)512, (int)1, at::native::ReduceOp<float, at::native::MeanOps<float, float, float, float>, unsigned int, float, (int)4, (int)4>>(T3)"
:stage.process:model.layers.1.mlp.up_proj,PushPop,3033121,3035516,1,6,132256,22042.7,22064.0,16128,27904,6397.5,"void trsm_batch_left_upper_kernel_small<float, (int)16, (int)16, (int)64>(cublasTrsmBatchParams<T1>, const T1 *const *, T1 *const *, const T1 *, T1)"
:stage.process:model.layers.1.mlp.up_proj,PushPop,3033121,3035516,1,2,128640,64320.0,64320.0,64192,64448,181.0,"void at::native::vectorized_elementwise_kernel<(int)2, at::native::BUnaryFunctor<long, long, long, at::native::lshift_kernel_cuda(at::TensorIteratorBase &)::[lambda() (instance 1)]::operator ()() const::[lambda() (instance 4)]::operator ()() const::[lambda(long, long) (instance 1)]>, std::array<char *, (unsigned long)2>>(int, T2, T3)"
:stage.process:model.layers.1.mlp.up_proj,PushPop,3033121,3035516,1,3,115008,38336.0,54368.0,5568,55072,28380.1,"void at::native::unrolled_elementwise_kernel<at::native::direct_copy_kernel_cuda(at::TensorIteratorBase &)::[lambda() (instance 3)]::operator ()() const::[lambda() (instance 3)]::operator ()() const::[lambda(int) (instance 1)], std::array<char *, (unsigned long)2>, (int)4, TrivialOffsetCalculator<(int)1, unsigned int>, TrivialOffsetCalculator<(int)1, unsigned int>, at::native::memory::LoadWithCast<(int)1>, at::native::memory::StoreWithCast<(int)1>>(int, T1, T2, T4, T5, T6, T7)"
:stage.process:model.layers.1.mlp.up_proj,PushPop,3033121,3035516,1,5,74976,14995.2,1568.0,1504,68800,30077.8,"void at::native::vectorized_elementwise_kernel<(int)2, at::native::CUDAFunctorOnSelf_add<long>, std::array<char *, (unsigned long)2>>(int, T2, T3)"
:stage.process:model.layers.1.mlp.up_proj,PushPop,3033121,3035516,1,1,73376,73376.0,73376.0,73376,73376,0.0,"void at::native::elementwise_kernel<(int)128, (int)2, void at::native::gpu_kernel_impl_nocast<at::native::BinaryFunctor<float, float, float, at::native::binary_internal::DivFunctor<float>>>(at::TensorIteratorBase &, const T1 &)::[lambda(int) (instance 1)]>(int, T3)"
:stage.process:model.layers.1.mlp.up_proj,PushPop,3033121,3035516,1,6,72512,12085.3,1920.0,1536,63584,25229.9,"void at::native::vectorized_elementwise_kernel<(int)2, at::native::AUnaryFunctor<long, long, long, at::native::binary_internal::MulFunctor<long>>, std::array<char *, (unsigned long)2>>(int, T2, T3)"
:stage.process:model.layers.1.mlp.up_proj,PushPop,3033121,3035516,1,1,61088,61088.0,61088.0,61088,61088,0.0,"void at::native::vectorized_elementwise_kernel<(int)4, void at::native::<unnamed>::pow_tensor_scalar_kernel_impl<float, float>(at::TensorIteratorBase &, T2)::[lambda(float) (instance 1)], std::array<char *, (unsigned long)2>>(int, T2, T3)"
:stage.process:model.layers.1.mlp.up_proj,PushPop,3033121,3035516,1,1,51649,51649.0,51649.0,51649,51649,0.0,"void at::native::reduce_kernel<(int)128, (int)4, at::native::ReduceOp<long, at::native::func_wrapper_t<long, at::native::sum_functor<long, long, long>::operator ()(at::TensorIterator &)::[lambda(long, long) (instance 1)]>, unsigned int, long, (int)4, (int)4>>(T3)"
:stage.process:model.layers.1.mlp.up_proj,PushPop,3033121,3035516,1,1,44672,44672.0,44672.0,44672,44672,0.0,"void at::native::vectorized_elementwise_kernel<(int)4, at::native::float16_copy_kernel_cuda(at::TensorIteratorBase &)::[lambda(float) (instance 1)], std::array<char *, (unsigned long)2>>(int, T2, T3)"
:stage.process:model.layers.1.mlp.up_proj,PushPop,3033121,3035516,1,3,27872,9290.7,10304.0,6976,10592,2009.7,"void at::native::elementwise_kernel<(int)128, (int)2, void at::native::gpu_kernel_impl_nocast<at::native::direct_copy_kernel_cuda(at::TensorIteratorBase &)::[lambda() (instance 3)]::operator ()() const::[lambda() (instance 3)]::operator ()() const::[lambda(int) (instance 1)]>(at::TensorIteratorBase &, const T1 &)::[lambda(int) (instance 1)]>(int, T3)"
:stage.process:model.layers.1.mlp.up_proj,PushPop,3033121,3035516,1,6,25824,4304.0,4464.0,3456,4832,477.5,"void at::native::elementwise_kernel<(int)128, (int)2, void at::native::gpu_kernel_impl_nocast<at::native::CUDAFunctorOnSelf_add<float>>(at::TensorIteratorBase &, const T1 &)::[lambda(int) (instance 1)]>(int, T3)"
:stage.process:model.layers.1.mlp.up_proj,PushPop,3033121,3035516,1,4,14496,3624.0,3584.0,3424,3904,240.0,"void at::native::vectorized_elementwise_kernel<(int)2, at::native::BUnaryFunctor<long, long, long, at::native::remainder_kernel_cuda(at::TensorIteratorBase &)::[lambda() (instance 1)]::operator ()() const::[lambda() (instance 4)]::operator ()() const::[lambda(long, long) (instance 1)]>, std::array<char *, (unsigned long)2>>(int, T2, T3)"
:stage.process:model.layers.1.mlp.up_proj,PushPop,3033121,3035516,1,6,13248,2208.0,2208.0,2112,2304,67.1,"void at::native::vectorized_elementwise_kernel<(int)4, at::native::<unnamed>::CompareFunctor<float>, std::array<char *, (unsigned long)3>>(int, T2, T3)"
:stage.process:model.layers.1.mlp.up_proj,PushPop,3033121,3035516,1,3,11872,3957.3,4128.0,3616,4128,295.6,"void at::native::unrolled_elementwise_kernel<at::native::direct_copy_kernel_cuda(at::TensorIteratorBase &)::[lambda() (instance 3)]::operator ()() const::[lambda() (instance 1)]::operator ()() const::[lambda(unsigned char) (instance 1)], std::array<char *, (unsigned long)2>, (int)4, TrivialOffsetCalculator<(int)1, unsigned int>, TrivialOffsetCalculator<(int)1, unsigned int>, at::native::memory::LoadWithCast<(int)1>, at::native::memory::StoreWithCast<(int)1>>(int, T1, T2, T4, T5, T6, T7)"
:stage.process:model.layers.1.mlp.up_proj,PushPop,3033121,3035516,1,2,10752,5376.0,5376.0,5024,5728,497.8,"void at::native::<unnamed>::CatArrayBatchedCopy_vectorized<at::native::<unnamed>::OpaqueType<(unsigned int)2>, unsigned int, (int)1, (int)128, (int)1, (int)16, (int)8>(char *, at::native::<unnamed>::CatArrInputTensorMetadata<T1, T2, T4, T5>, at::native::<unnamed>::TensorSizeStride<T2, (unsigned int)4>, int, T2)"
:stage.process:model.layers.1.mlp.up_proj,PushPop,3033121,3035516,1,3,9184,3061.3,2976.0,2944,3264,176.2,"void at::native::vectorized_elementwise_kernel<(int)4, at::native::AUnaryFunctor<unsigned char, unsigned char, bool, at::native::<unnamed>::CompareEqFunctor<unsigned char>>, std::array<char *, (unsigned long)2>>(int, T2, T3)"
:stage.process:model.layers.1.mlp.up_proj,PushPop,3033121,3035516,1,2,8224,4112.0,4112.0,3328,4896,1108.7,"void at::native::elementwise_kernel<(int)128, (int)2, void at::native::gpu_kernel_impl_nocast<at::native::AbsFunctor<float>>(at::TensorIteratorBase &, const T1 &)::[lambda(int) (instance 1)]>(int, T3)"
:stage.process:model.layers.1.mlp.up_proj,PushPop,3033121,3035516,1,1,8224,8224.0,8224.0,8224,8224,0.0,"void at::native::vectorized_elementwise_kernel<(int)4, at::native::AUnaryFunctor<unsigned char, unsigned char, unsigned char, at::native::binary_internal::MulFunctor<unsigned char>>, std::array<char *, (unsigned long)2>>(int, T2, T3)"
:stage.process:model.layers.1.mlp.up_proj,PushPop,3033121,3035516,1,2,7552,3776.0,3776.0,3776,3776,0.0,"void at::native::vectorized_elementwise_kernel<(int)2, at::native::BUnaryFunctor<long, long, long, at::native::binary_internal::div_floor_kernel_cuda(at::TensorIteratorBase &)::[lambda() (instance 1)]::operator ()() const::[lambda() (instance 4)]::operator ()() const::[lambda(long, long) (instance 1)]>, std::array<char *, (unsigned long)2>>(int, T2, T3)"
:stage.process:model.layers.1.mlp.up_proj,PushPop,3033121,3035516,1,3,7264,2421.3,2176.0,2112,2976,481.4,"void at::native::vectorized_elementwise_kernel<(int)4, at::native::FillFunctor<unsigned char>, std::array<char *, (unsigned long)1>>(int, T2, T3)"
:stage.process:model.layers.1.mlp.up_proj,PushPop,3033121,3035516,1,2,6400,3200.0,3200.0,3200,3200,0.0,"void at::native::elementwise_kernel<(int)128, (int)2, void at::native::gpu_kernel_impl_nocast<at::native::CUDAFunctor_add<long>>(at::TensorIteratorBase &, const T1 &)::[lambda(int) (instance 1)]>(int, T3)"
:stage.process:model.layers.1.mlp.up_proj,PushPop,3033121,3035516,1,2,5984,2992.0,2992.0,2720,3264,384.7,"void at::native::<unnamed>::CatArrayBatchedCopy_alignedK_contig<at::native::<unnamed>::OpaqueType<(unsigned int)4>, unsigned int, (int)1, (int)128, (int)1, (int)16>(T1 *, at::native::<unnamed>::CatArrInputTensorMetadata<T1, T2, T4, T5>, at::native::<unnamed>::TensorSizeStride<T2, (unsigned int)4>, int, T2)"
:stage.process:model.layers.1.mlp.up_proj,PushPop,3033121,3035516,1,3,5536,1845.3,1920.0,1664,1952,157.9,"void at::native::vectorized_elementwise_kernel<(int)4, at::native::BinaryFunctor<float, float, float, at::native::maximum_kernel_cuda(at::TensorIteratorBase &)::[lambda() (instance 2)]::operator ()() const::[lambda() (instance 2)]::operator ()() const::[lambda(float, float) (instance 1)]>, std::array<char *, (unsigned long)3>>(int, T2, T3)"
:stage.process:model.layers.1.mlp.up_proj,PushPop,3033121,3035516,1,2,5248,2624.0,2624.0,2016,3232,859.8,"void at::native::unrolled_elementwise_kernel<at::native::AUnaryFunctor<long, long, long, at::native::BitwiseAndFunctor<long>>, std::array<char *, (unsigned long)2>, (int)4, TrivialOffsetCalculator<(int)1, unsigned int>, TrivialOffsetCalculator<(int)1, unsigned int>, at::native::memory::LoadWithoutCast, at::native::memory::StoreWithoutCast>(int, T1, T2, T4, T5, T6, T7)"
:stage.process:model.layers.1.mlp.up_proj,PushPop,3033121,3035516,1,1,5056,5056.0,5056.0,5056,5056,0.0,"void at::native::reduce_kernel<(int)512, (int)1, at::native::ReduceOp<float, at::native::ArgMinOps<float>, unsigned int, long, (int)4, (int)4>>(T3)"
:stage.process:model.layers.1.mlp.up_proj,PushPop,3033121,3035516,1,3,4896,1632.0,1504.0,1344,2048,369.0,"xxtrf4_set_info_ker(int, int *)"
:stage.process:model.layers.1.mlp.up_proj,PushPop,3033121,3035516,1,2,4768,2384.0,2384.0,2368,2400,22.6,"void at::native::vectorized_elementwise_kernel<(int)2, at::native::CUDAFunctorOnOther_add<long>, std::array<char *, (unsigned long)2>>(int, T2, T3)"
:stage.process:model.layers.1.mlp.up_proj,PushPop,3033121,3035516,1,2,4544,2272.0,2272.0,2208,2336,90.5,"void at::native::vectorized_elementwise_kernel<(int)4, at::native::FillFunctor<bool>, std::array<char *, (unsigned long)1>>(int, T2, T3)"
:stage.process:model.layers.1.mlp.up_proj,PushPop,3033121,3035516,1,2,4448,2224.0,2224.0,2112,2336,158.4,"void at::native::vectorized_elementwise_kernel<(int)4, void at::native::compare_scalar_kernel<c10::Half>(at::TensorIteratorBase &, at::native::<unnamed>::OpType, T1)::[lambda(c10::Half) (instance 1)], std::array<char *, (unsigned long)2>>(int, T2, T3)"
:stage.process:model.layers.1.mlp.up_proj,PushPop,3033121,3035516,1,1,3392,3392.0,3392.0,3392,3392,0.0,"void at::native::<unnamed>::CatArrayBatchedCopy_contig<at::native::<unnamed>::OpaqueType<(unsigned int)1>, unsigned int, (int)1, (int)128, (int)1>(T1 *, at::native::<unnamed>::CatArrInputTensorMetadata<T1, T2, T4, T5>, at::native::<unnamed>::TensorSizeStride<T2, (unsigned int)4>, int, T2)"
:stage.process:model.layers.1.mlp.up_proj,PushPop,3033121,3035516,1,1,3360,3360.0,3360.0,3360,3360,0.0,"void at::native::vectorized_elementwise_kernel<(int)4, at::native::BinaryFunctor<unsigned char, unsigned char, bool, at::native::<unnamed>::CompareEqFunctor<unsigned char>>, std::array<char *, (unsigned long)3>>(int, T2, T3)"
:stage.process:model.layers.1.mlp.up_proj,PushPop,3033121,3035516,1,1,2784,2784.0,2784.0,2784,2784,0.0,"void at::native::vectorized_elementwise_kernel<(int)4, at::native::sqrt_kernel_cuda(at::TensorIteratorBase &)::[lambda() (instance 2)]::operator ()() const::[lambda() (instance 2)]::operator ()() const::[lambda(float) (instance 1)], std::array<char *, (unsigned long)2>>(int, T2, T3)"
:stage.process:model.layers.1.mlp.up_proj,PushPop,3033121,3035516,1,1,2240,2240.0,2240.0,2240,2240,0.0,"void at::native::elementwise_kernel<(int)128, (int)2, void at::native::gpu_kernel_impl_nocast<at::native::<unnamed>::where_kernel_impl(at::TensorIterator &)::[lambda() (instance 1)]::operator ()() const::[lambda() (instance 3)]::operator ()() const::[lambda(bool, unsigned int, unsigned int) (instance 1)]>(at::TensorIteratorBase &, const T1 &)::[lambda(int) (instance 1)]>(int, T3)"
:stage.process:model.layers.1.mlp.up_proj,PushPop,3033121,3035516,1,1,2176,2176.0,2176.0,2176,2176,0.0,"void at::native::unrolled_elementwise_kernel<at::native::direct_copy_kernel_cuda(at::TensorIteratorBase &)::[lambda() (instance 3)]::operator ()() const::[lambda() (instance 11)]::operator ()() const::[lambda(bool) (instance 1)], std::array<char *, (unsigned long)2>, (int)4, TrivialOffsetCalculator<(int)1, unsigned int>, TrivialOffsetCalculator<(int)1, unsigned int>, at::native::memory::LoadWithCast<(int)1>, at::native::memory::StoreWithCast<(int)1>>(int, T1, T2, T4, T5, T6, T7)"
:stage.process:model.layers.1.mlp.up_proj,PushPop,3033121,3035516,1,1,1984,1984.0,1984.0,1984,1984,0.0,"void at::native::unrolled_elementwise_kernel<at::native::<unnamed>::CompareFunctor<c10::Half>, std::array<char *, (unsigned long)3>, (int)4, TrivialOffsetCalculator<(int)2, unsigned int>, TrivialOffsetCalculator<(int)1, unsigned int>, at::native::memory::LoadWithoutCast, at::native::memory::StoreWithoutCast>(int, T1, T2, T4, T5, T6, T7)"
:stage.process:model.layers.1.mlp.up_proj,PushPop,3033121,3035516,1,1,1920,1920.0,1920.0,1920,1920,0.0,"void at::native::vectorized_elementwise_kernel<(int)4, at::native::<unnamed>::launch_clamp_scalar(at::TensorIteratorBase &, c10::Scalar, c10::Scalar, at::native::detail::ClampLimits)::[lambda() (instance 1)]::operator ()() const::[lambda() (instance 7)]::operator ()() const::[lambda(float) (instance 1)], std::array<char *, (unsigned long)2>>(int, T2, T3)"
:stage.process:model.layers.1.self_attn.k_proj,PushPop,3033121,3035516,1,7632,1112629836,145784.8,147328.0,132993,152128,3667.5,"void <unnamed>::qvq_v2_segment_grid_kernel<(int)4, (int)2, (int)16, (bool)1, (bool)0, __half, unsigned char>(const float *, const T6 *, const float *, const long *, const float *, const float *, float *, T7 *, unsigned char *, int, int, int, bool, bool)"
:stage.process:model.layers.1.self_attn.k_proj,PushPop,3033121,3035516,1,574,785312291,1368139.9,1368706.0,1354402,1375553,2982.0,"void <unnamed>::qvq_viterbi_kernel<(int)4, (int)2, __half, unsigned char>(const float *, const T3 *, const float *, const long *, const float *, T4 *, long *, float *, int, int, int, bool, bool, bool)"
:stage.process:model.layers.1.self_attn.k_proj,PushPop,3033121,3035516,1,256,269783520,1053841.9,1054033.0,1050497,1058498,1921.2,void <unnamed>::qvq_fused_w2_family_grid_kernel<(bool)0>(<unnamed>::FusedSequenceArgs)
:stage.process:model.layers.1.self_attn.k_proj,PushPop,3033121,3035516,1,954,76338109,80019.0,80960.0,67776,87072,3437.4,"void <unnamed>::qvq_v2_segment_grid_finalize_kernel<(int)4, (int)2, (int)16, (bool)0, __half, unsigned char>(const float *, const T5 *, const float *, const long *, const float *, const float *, const T6 *, const unsigned char *, long *, unsigned char *, float *, int, int, bool, bool)"
:stage.process:model.layers.1.self_attn.k_proj,PushPop,3033121,3035516,1,468,30177612,64482.1,70624.0,20992,71648,14651.2,void cutlass::Kernel2<cutlass_80_simt_sgemm_128x32_8x5_nt_align1>(T1::Params)
:stage.process:model.layers.1.self_attn.k_proj,PushPop,3033121,3035516,1,2544,23226684,9130.0,7744.0,3968,18336,3862.2,"void at::native::index_elementwise_kernel<(int)128, (int)4, void at::native::gpu_index_kernel<void at::native::index_kernel_impl<at::native::OpaqueType<(int)4>>(at::TensorIteratorBase &, c10::ArrayRef<long>, c10::ArrayRef<long>)::[lambda(char *, const char *, long) (instance 1)]>(at::TensorIteratorBase &, c10::ArrayRef<long>, c10::ArrayRef<long>, const T1 &, bool)::[lambda(int) (instance 1)]>(long, T3)"
:stage.process:model.layers.1.self_attn.k_proj,PushPop,3033121,3035516,1,256,22665149,88535.7,88544.0,86656,91137,815.7,"<unnamed>::qvq_fused_w2_traceback_kernel(const unsigned char *, const unsigned char *, const int *, long *, unsigned char *, int)"
:stage.process:model.layers.1.self_attn.k_proj,PushPop,3033121,3035516,1,2580,13236715,5130.5,4704.0,2784,11712,1478.8,"void at::native::reduce_kernel<(int)512, (int)1, at::native::ReduceOp<bool, at::native::func_wrapper_t<bool, at::native::and_kernel_cuda(at::TensorIterator &)::[lambda() (instance 1)]::operator ()() const::[lambda() (instance 12)]::operator ()() const::[lambda(bool, bool) (instance 1)]>, unsigned int, bool, (int)4, (int)4>>(T3)"
:stage.process:model.layers.1.self_attn.k_proj,PushPop,3033121,3035516,1,1021,8519308,8344.1,8608.0,4544,10976,1411.1,"void at::native::index_elementwise_kernel<(int)128, (int)4, void at::native::gpu_index_kernel<void at::native::index_kernel_impl<at::native::OpaqueType<(int)2>>(at::TensorIteratorBase &, c10::ArrayRef<long>, c10::ArrayRef<long>)::[lambda(char *, const char *, long) (instance 1)]>(at::TensorIteratorBase &, c10::ArrayRef<long>, c10::ArrayRef<long>, const T1 &, bool)::[lambda(int) (instance 1)]>(long, T3)"
:stage.process:model.layers.1.self_attn.k_proj,PushPop,3033121,3035516,1,1272,8281451,6510.6,6592.0,3456,7104,385.7,"void at::native::index_elementwise_kernel<(int)128, (int)4, void at::native::gpu_index_kernel<void at::native::index_put_kernel_impl<at::native::OpaqueType<(int)4>>(at::TensorIterator &, c10::ArrayRef<long>, c10::ArrayRef<long>)::[lambda(char *, const char *, long) (instance 1)]>(at::TensorIteratorBase &, c10::ArrayRef<long>, c10::ArrayRef<long>, const T1 &, bool)::[lambda(int) (instance 1)]>(long, T3)"
:stage.process:model.layers.1.self_attn.k_proj,PushPop,3033121,3035516,1,1404,6386057,4548.5,4576.0,3264,5024,289.5,"void at::native::reduce_kernel<(int)512, (int)1, at::native::ReduceOp<float, at::native::func_wrapper_t<float, at::native::MaxNanFunctor<float>>, unsigned int, float, (int)4, (int)4>>(T3)"
:stage.process:model.layers.1.self_attn.k_proj,PushPop,3033121,3035516,1,772,6006789,7780.8,7776.0,7392,8192,119.1,"void at::native::reduce_kernel<(int)512, (int)1, at::native::ReduceOp<c10::Half, at::native::func_wrapper_t<c10::Half, at::native::MaxNanFunctor<c10::Half>>, unsigned int, c10::Half, (int)4, (int)4>>(T3)"
:stage.process:model.layers.1.self_attn.k_proj,PushPop,3033121,3035516,1,1841,5994950,3256.4,3136.0,2144,45280,2702.6,"void at::native::elementwise_kernel<(int)128, (int)2, void at::native::gpu_kernel_impl_nocast<at::native::direct_copy_kernel_cuda(at::TensorIteratorBase &)::[lambda() (instance 3)]::operator ()() const::[lambda() (instance 7)]::operator ()() const::[lambda(float) (instance 1)]>(at::TensorIteratorBase &, const T1 &)::[lambda(int) (instance 1)]>(int, T3)"
:stage.process:model.layers.1.self_attn.k_proj,PushPop,3033121,3035516,1,400,5830407,14576.0,4032.0,4000,66592,20406.7,ampere_sgemm_32x128_nt
:stage.process:model.layers.1.self_attn.k_proj,PushPop,3033121,3035516,1,2843,5770984,2029.9,1984.0,1536,18336,553.1,"void at::native::vectorized_elementwise_kernel<(int)4, at::native::AbsFunctor<float>, std::array<char *, (unsigned long)2>>(int, T2, T3)"
:stage.process:model.layers.1.self_attn.k_proj,PushPop,3033121,3035516,1,66,5013030,75955.0,47216.0,38432,245216,71353.9,ampere_sgemm_32x32_sliced1x4_nt
:stage.process:model.layers.1.self_attn.k_proj,PushPop,3033121,3035516,1,2209,4679401,2118.3,2048.0,1536,6496,215.5,"void at::native::vectorized_elementwise_kernel<(int)4, at::native::BinaryFunctor<bool, bool, bool, at::native::binary_internal::MulFunctor<bool>>, std::array<char *, (unsigned long)3>>(int, T2, T3)"
:stage.process:model.layers.1.self_attn.k_proj,PushPop,3033121,3035516,1,262,4482182,17107.6,5024.0,3328,57184,17021.8,"void gemmSN_NN_kernel<float, (int)256, (int)4, (int)2, (int)8, (int)4, (int)4, (bool)0, cublasGemvTensorStridedBatched<const float>, cublasGemvTensorStridedBatched<const float>, cublasGemvTensorStridedBatched<float>>(cublasGemmSmallNParams<T9, T10, T11, T1>)"
:stage.process:model.layers.1.self_attn.k_proj,PushPop,3033121,3035516,1,636,4285956,6738.9,6880.0,3424,7200,558.4,"void at::native::index_elementwise_kernel<(int)128, (int)4, void at::native::gpu_index_kernel<void at::native::index_put_kernel_impl<at::native::OpaqueType<(int)8>>(at::TensorIterator &, c10::ArrayRef<long>, c10::ArrayRef<long>)::[lambda(char *, const char *, long) (instance 1)]>(at::TensorIteratorBase &, c10::ArrayRef<long>, c10::ArrayRef<long>, const T1 &, bool)::[lambda(int) (instance 1)]>(long, T3)"
:stage.process:model.layers.1.self_attn.k_proj,PushPop,3033121,3035516,1,1528,3925696,2569.2,2688.0,2144,3040,274.9,"<unnamed>::qvq_half2_codebook_norm_pack_kernel(const __half *, unsigned long *, int)"
:stage.process:model.layers.1.self_attn.k_proj,PushPop,3033121,3035516,1,901,3488201,3871.5,3840.0,2656,7200,223.2,"void at::native::unrolled_elementwise_kernel<at::native::direct_copy_kernel_cuda(at::TensorIteratorBase &)::[lambda() (instance 3)]::operator ()() const::[lambda() (instance 7)]::operator ()() const::[lambda(float) (instance 1)], std::array<char *, (unsigned long)2>, (int)4, TrivialOffsetCalculator<(int)1, unsigned int>, TrivialOffsetCalculator<(int)1, unsigned int>, at::native::memory::LoadWithCast<(int)1>, at::native::memory::StoreWithCast<(int)1>>(int, T1, T2, T4, T5, T6, T7)"
:stage.process:model.layers.1.self_attn.k_proj,PushPop,3033121,3035516,1,1542,3302757,2141.9,2144.0,1632,2816,54.1,"void at::native::vectorized_elementwise_kernel<(int)4, at::native::AbsFunctor<c10::Half>, std::array<char *, (unsigned long)2>>(int, T2, T3)"
:stage.process:model.layers.1.self_attn.k_proj,PushPop,3033121,3035516,1,516,3182179,6167.0,6432.0,4288,6912,717.1,"void gemmSN_NN_kernel<float, (int)128, (int)2, (int)4, (int)8, (int)4, (int)4, (bool)0, cublasGemvTensorStridedBatched<const float>, cublasGemvTensorStridedBatched<const float>, cublasGemvTensorStridedBatched<float>>(cublasGemmSmallNParams<T9, T10, T11, T1>)"
:stage.process:model.layers.1.self_attn.k_proj,PushPop,3033121,3035516,1,1440,3011587,2091.4,2080.0,1568,13024,587.8,"void at::native::vectorized_elementwise_kernel<(int)4, at::native::BinaryFunctor<float, float, bool, at::native::<unnamed>::CompareEqFunctor<float>>, std::array<char *, (unsigned long)3>>(int, T2, T3)"
:stage.process:model.layers.1.self_attn.k_proj,PushPop,3033121,3035516,1,1439,2948321,2048.9,2048.0,1536,6208,232.1,"void at::native::vectorized_elementwise_kernel<(int)4, at::native::AUnaryFunctor<float, float, bool, at::native::<unnamed>::CompareEqFunctor<float>>, std::array<char *, (unsigned long)2>>(int, T2, T3)"
:stage.process:model.layers.1.self_attn.k_proj,PushPop,3033121,3035516,1,12,2775812,231317.7,231296.0,230976,231968,305.8,ampere_sgemm_128x64_nn
:stage.process:model.layers.1.self_attn.k_proj,PushPop,3033121,3035516,1,862,2621635,3041.3,3136.0,1952,8928,276.1,"void at::native::elementwise_kernel<(int)128, (int)2, void at::native::gpu_kernel_impl_nocast<at::native::direct_copy_kernel_cuda(at::TensorIteratorBase &)::[lambda() (instance 3)]::operator ()() const::[lambda() (instance 4)]::operator ()() const::[lambda(long) (instance 1)]>(at::TensorIteratorBase &, const T1 &)::[lambda(int) (instance 1)]>(int, T3)"
:stage.process:model.layers.1.self_attn.k_proj,PushPop,3033121,3035516,1,256,2550499,9962.9,9536.0,9184,14816,822.5,"<unnamed>::qvq_fused_detect_family_mask_kernel(const unsigned int *, int *)"
:stage.process:model.layers.1.self_attn.k_proj,PushPop,3033121,3035516,1,1276,2368386,1856.1,1856.0,1536,2208,142.6,"void at::native::vectorized_elementwise_kernel<(int)4, at::native::BinaryFunctor<bool, bool, bool, at::native::logical_or_kernel_cuda(at::TensorIterator &)::[lambda() (instance 2)]::operator ()() const::[lambda() (instance 9)]::operator ()() const::[lambda(bool, bool) (instance 1)]>, std::array<char *, (unsigned long)3>>(int, T2, T3)"
:stage.process:model.layers.1.self_attn.k_proj,PushPop,3033121,3035516,1,282,2304164,8170.8,8160.0,7840,8416,83.1,"void batch_trsm_left_kernel<float, (int)64, (int)4, (int)3, (bool)0, (bool)0, (bool)1>(cublasTrsmBatchParams2<T1>, T1, const T1 *, int)"
:stage.process:model.layers.1.self_attn.k_proj,PushPop,3033121,3035516,1,477,2222215,4658.7,4864.0,3168,5440,580.2,"void at::native::index_elementwise_kernel<(int)128, (int)4, void at::native::gpu_index_kernel<void at::native::index_put_kernel_impl<at::native::OpaqueType<(int)1>>(at::TensorIterator &, c10::ArrayRef<long>, c10::ArrayRef<long>)::[lambda(char *, const char *, long) (instance 1)]>(at::TensorIteratorBase &, c10::ArrayRef<long>, c10::ArrayRef<long>, const T1 &, bool)::[lambda(int) (instance 1)]>(long, T3)"
:stage.process:model.layers.1.self_attn.k_proj,PushPop,3033121,3035516,1,892,2182658,2446.9,2432.0,1856,2624,98.0,"void at::native::roll_cuda_kernel<float>(const T1 *, T1 *, long, long, long, long, long, long)"
:stage.process:model.layers.1.self_attn.k_proj,PushPop,3033121,3035516,1,3,2085411,695137.0,923554.0,235776,926081,397820.3,"void kernel<getrf_wo_pivot_params_<float, (int)0, (int)256, (int)1, (int)64, (int)64, (int)68, (int)8, (int)1, (int)1>>(int, int, void *, int, void *, int, int, int, int, int, int *)"
:stage.process:model.layers.1.self_attn.k_proj,PushPop,3033121,3035516,1,413,2001891,4847.2,3808.0,3168,46080,3303.3,"void at::native::elementwise_kernel<(int)128, (int)2, void at::native::gpu_kernel_impl_nocast<at::native::CUDAFunctor_add<float>>(at::TensorIteratorBase &, const T1 &)::[lambda(int) (instance 1)]>(int, T3)"
:stage.process:model.layers.1.self_attn.k_proj,PushPop,3033121,3035516,1,1150,1976641,1718.8,1696.0,1536,2176,71.0,"void at::native::vectorized_elementwise_kernel<(int)4, void at::native::compare_scalar_kernel<float>(at::TensorIteratorBase &, at::native::<unnamed>::OpType, T1)::[lambda(float) (instance 1)], std::array<char *, (unsigned long)2>>(int, T2, T3)"
:stage.process:model.layers.1.self_attn.k_proj,PushPop,3033121,3035516,1,884,1960641,2217.9,2240.0,1856,2752,171.2,"void at::native::elementwise_kernel<(int)128, (int)2, void at::native::gpu_kernel_impl_nocast<at::native::AUnaryFunctor<long, long, long, at::native::BitwiseAndFunctor<long>>>(at::TensorIteratorBase &, const T1 &)::[lambda(int) (instance 1)]>(int, T3)"
:stage.process:model.layers.1.self_attn.k_proj,PushPop,3033121,3035516,1,792,1841921,2325.7,2176.0,1568,9792,860.4,"void at::native::vectorized_elementwise_kernel<(int)4, at::native::CUDAFunctor_add<float>, std::array<char *, (unsigned long)3>>(int, T2, T3)"
:stage.process:model.layers.1.self_attn.k_proj,PushPop,3033121,3035516,1,770,1732354,2249.8,2240.0,1760,2336,23.7,"void at::native::vectorized_elementwise_kernel<(int)4, at::native::BinaryFunctor<c10::Half, c10::Half, bool, at::native::<unnamed>::CompareEqFunctor<c10::Half>>, std::array<char *, (unsigned long)3>>(int, T2, T3)"
:stage.process:model.layers.1.self_attn.k_proj,PushPop,3033121,3035516,1,770,1702274,2210.7,2208.0,1760,2304,25.3,"void at::native::vectorized_elementwise_kernel<(int)4, at::native::AUnaryFunctor<c10::Half, c10::Half, bool, at::native::<unnamed>::CompareEqFunctor<c10::Half>>, std::array<char *, (unsigned long)2>>(int, T2, T3)"
:stage.process:model.layers.1.self_attn.k_proj,PushPop,3033121,3035516,1,613,1627268,2654.6,2560.0,1792,4864,474.8,"void at::native::unrolled_elementwise_kernel<at::native::direct_copy_kernel_cuda(at::TensorIteratorBase &)::[lambda() (instance 3)]::operator ()() const::[lambda() (instance 4)]::operator ()() const::[lambda(long) (instance 1)], std::array<char *, (unsigned long)2>, (int)4, TrivialOffsetCalculator<(int)1, unsigned int>, TrivialOffsetCalculator<(int)1, unsigned int>, at::native::memory::LoadWithCast<(int)1>, at::native::memory::StoreWithCast<(int)1>>(int, T1, T2, T4, T5, T6, T7)"
:stage.process:model.layers.1.self_attn.k_proj,PushPop,3033121,3035516,1,82,1505377,18358.3,9728.0,6048,89920,26271.6,ampere_sgemm_32x32_sliced1x4_nn
:stage.process:model.layers.1.self_attn.k_proj,PushPop,3033121,3035516,1,782,1390497,1778.1,1760.0,1600,4800,196.9,"void at::native::vectorized_elementwise_kernel<(int)4, void at::native::compare_scalar_kernel<long>(at::TensorIteratorBase &, at::native::<unnamed>::OpType, T1)::[lambda(long) (instance 1)], std::array<char *, (unsigned long)2>>(int, T2, T3)"
:stage.process:model.layers.1.self_attn.k_proj,PushPop,3033121,3035516,1,512,1329986,2597.6,2624.0,2368,2880,101.2,"void at::native::unrolled_elementwise_kernel<at::native::BinaryFunctor<float, float, float, at::native::maximum_kernel_cuda(at::TensorIteratorBase &)::[lambda() (instance 2)]::operator ()() const::[lambda() (instance 2)]::operator ()() const::[lambda(float, float) (instance 1)]>, std::array<char *, (unsigned long)3>, (int)4, TrivialOffsetCalculator<(int)2, unsigned int>, TrivialOffsetCalculator<(int)1, unsigned int>, at::native::memory::LoadWithCast<(int)2>, at::native::memory::StoreWithCast<(int)1>>(int, T1, T2, T4, T5, T6, T7)"
:stage.process:model.layers.1.self_attn.k_proj,PushPop,3033121,3035516,1,636,1252033,1968.6,2048.0,1632,2272,131.2,"void at::native::vectorized_elementwise_kernel<(int)4, at::native::bitwise_not_kernel_cuda(at::TensorIteratorBase &)::[lambda(bool) (instance 1)], std::array<char *, (unsigned long)2>>(int, T2, T3)"
:stage.process:model.layers.1.self_attn.k_proj,PushPop,3033121,3035516,1,256,1005952,3929.5,3920.0,3808,4064,86.2,"void at::native::elementwise_kernel<(int)128, (int)4, void at::native::gpu_kernel_impl_nocast<at::native::direct_copy_kernel_cuda(at::TensorIteratorBase &)::[lambda() (instance 3)]::operator ()() const::[lambda() (instance 10)]::operator ()() const::[lambda(c10::Half) (instance 1)]>(at::TensorIteratorBase &, const T1 &)::[lambda(int) (instance 1)]>(int, T3)"
:stage.process:model.layers.1.self_attn.k_proj,PushPop,3033121,3035516,1,263,980513,3728.2,3616.0,3328,8640,700.6,"void at::native::reduce_kernel<(int)512, (int)1, at::native::ReduceOp<bool, at::native::func_wrapper_t<bool, at::native::or_kernel_cuda(at::TensorIterator &)::[lambda() (instance 1)]::operator ()() const::[lambda() (instance 12)]::operator ()() const::[lambda(bool, bool) (instance 1)]>, unsigned int, bool, (int)4, (int)4>>(T3)"
:stage.process:model.layers.1.self_attn.k_proj,PushPop,3033121,3035516,1,638,917984,1438.8,1440.0,1312,3296,109.0,"void at::native::vectorized_elementwise_kernel<(int)2, at::native::FillFunctor<long>, std::array<char *, (unsigned long)1>>(int, T2, T3)"
:stage.process:model.layers.1.self_attn.k_proj,PushPop,3033121,3035516,1,587,802849,1367.7,1376.0,1248,2176,77.0,"void <unnamed>::elementwise_kernel_with_index<int, at::native::arange_cuda_out(const c10::Scalar &, const c10::Scalar &, const c10::Scalar &, at::Tensor &)::[lambda() (instance 1)]::operator ()() const::[lambda() (instance 4)]::operator ()() const::[lambda(long) (instance 1)]>(T1, T2, function_traits<T2>::result_type *)"
:stage.process:model.layers.1.self_attn.k_proj,PushPop,3033121,3035516,1,128,574592,4489.0,4464.0,4352,4960,97.5,"void at::native::unrolled_elementwise_kernel<at::native::CUDAFunctor_add<float>, std::array<char *, (unsigned long)3>, (int)4, TrivialOffsetCalculator<(int)2, unsigned int>, TrivialOffsetCalculator<(int)1, unsigned int>, at::native::memory::LoadWithCast<(int)2>, at::native::memory::StoreWithCast<(int)1>>(int, T1, T2, T4, T5, T6, T7)"
:stage.process:model.layers.1.self_attn.k_proj,PushPop,3033121,3035516,1,263,453632,1724.8,1696.0,1664,2624,117.6,"void at::native::vectorized_elementwise_kernel<(int)4, at::native::BinaryFunctor<bool, bool, bool, at::native::BitwiseOrFunctor<bool>>, std::array<char *, (unsigned long)3>>(int, T2, T3)"
:stage.process:model.layers.1.self_attn.k_proj,PushPop,3033121,3035516,1,2,449056,224528.0,224528.0,224416,224640,158.4,ampere_sgemm_128x32_nn
:stage.process:model.layers.1.self_attn.k_proj,PushPop,3033121,3035516,1,129,399873,3099.8,3168.0,2912,3584,124.1,"void at::native::elementwise_kernel<(int)128, (int)4, void at::native::gpu_kernel_impl_nocast<at::native::direct_copy_kernel_cuda(at::TensorIteratorBase &)::[lambda() (instance 3)]::operator ()() const::[lambda() (instance 1)]::operator ()() const::[lambda(unsigned char) (instance 1)]>(at::TensorIteratorBase &, const T1 &)::[lambda(int) (instance 1)]>(int, T3)"
:stage.process:model.layers.1.self_attn.k_proj,PushPop,3033121,3035516,1,42,383072,9120.8,8688.0,7488,11168,1271.7,ampere_sgemm_64x32_sliced1x4_nn
:stage.process:model.layers.1.self_attn.k_proj,PushPop,3033121,3035516,1,256,363712,1420.8,1440.0,1312,1472,38.5,"void at::native::vectorized_elementwise_kernel<(int)4, at::native::FillFunctor<int>, std::array<char *, (unsigned long)1>>(int, T2, T3)"
:stage.process:model.layers.1.self_attn.k_proj,PushPop,3033121,3035516,1,114,350656,3075.9,3024.0,2496,3776,270.1,"void cublasLt::splitKreduce_kernel<(int)32, (int)16, int, float, float, float, float, (bool)0, float, float, float, (bool)1, (bool)0, (bool)0, (bool)0>(cublasLt::cublasSplitKParams<T6>, const T4 *, const T10 *, T9 *, T5 *, const T6 *, const T6 *, const T11 *, const T4 *, T11 *, void *, long, T6 *, int *, T6 *, T6 *, const T6 *, const T6 *, const T6 *, const T6 *, const T6 *)"
:stage.process:model.layers.1.self_attn.k_proj,PushPop,3033121,3035516,1,4,286528,71632.0,71568.0,71488,71904,185.7,ampere_sgemm_32x128_tn
:stage.process:model.layers.1.self_attn.k_proj,PushPop,3033121,3035516,1,128,265953,2077.8,2080.0,2048,2112,13.4,"void at::native::elementwise_kernel<(int)128, (int)2, void at::native::gpu_kernel_impl_nocast<at::native::BUnaryFunctor<long, long, long, at::native::rshift_kernel_cuda(at::TensorIteratorBase &)::[lambda() (instance 1)]::operator ()() const::[lambda() (instance 4)]::operator ()() const::[lambda(long, long) (instance 1)]>>(at::TensorIteratorBase &, const T1 &)::[lambda(int) (instance 1)]>(int, T3)"
:stage.process:model.layers.1.self_attn.k_proj,PushPop,3033121,3035516,1,132,252352,1911.8,1760.0,1760,6688,801.7,"void at::native::vectorized_elementwise_kernel<(int)4, at::native::BinaryFunctor<long, long, bool, at::native::<unnamed>::CompareEqFunctor<long>>, std::array<char *, (unsigned long)3>>(int, T2, T3)"
:stage.process:model.layers.1.self_attn.k_proj,PushPop,3033121,3035516,1,12,208256,17354.7,20192.0,11168,20640,4448.4,"void at::native::<unnamed>::CatArrayBatchedCopy<at::native::<unnamed>::OpaqueType<(unsigned int)4>, unsigned int, (int)2, (int)64, (int)64>(T1 *, at::native::<unnamed>::CatArrInputTensorMetadata<T1, T2, T4, T5>, at::native::<unnamed>::TensorSizeStride<T2, (unsigned int)4>, int, T2)"
:stage.process:model.layers.1.self_attn.k_proj,PushPop,3033121,3035516,1,3,180993,60331.0,88032.0,4705,88256,48173.7,"void at::native::reduce_kernel<(int)512, (int)1, at::native::ReduceOp<long, at::native::func_wrapper_t<long, at::native::sum_functor<long, long, long>::operator ()(at::TensorIterator &)::[lambda(long, long) (instance 1)]>, unsigned int, long, (int)4, (int)4>>(T3)"
:stage.process:model.layers.1.self_attn.k_proj,PushPop,3033121,3035516,1,11,155552,14141.1,3744.0,2304,62880,24059.7,"void at::native::vectorized_elementwise_kernel<(int)2, at::native::AUnaryFunctor<long, long, long, at::native::BitwiseAndFunctor<long>>, std::array<char *, (unsigned long)2>>(int, T2, T3)"
:stage.process:model.layers.1.self_attn.k_proj,PushPop,3033121,3035516,1,4,145312,36328.0,36352.0,4928,67680,36202.2,"void at::native::elementwise_kernel<(int)128, (int)2, void at::native::gpu_kernel_impl_nocast<at::native::BinaryFunctor<long, long, long, at::native::rshift_kernel_cuda(at::TensorIteratorBase &)::[lambda() (instance 1)]::operator ()() const::[lambda() (instance 4)]::operator ()() const::[lambda(long, long) (instance 1)]>>(at::TensorIteratorBase &, const T1 &)::[lambda(int) (instance 1)]>(int, T3)"
:stage.process:model.layers.1.self_attn.k_proj,PushPop,3033121,3035516,1,4,143616,35904.0,36320.0,3520,67456,36366.6,"void at::native::elementwise_kernel<(int)128, (int)2, void at::native::gpu_kernel_impl_nocast<at::native::BinaryFunctor<long, long, long, at::native::lshift_kernel_cuda(at::TensorIteratorBase &)::[lambda() (instance 1)]::operator ()() const::[lambda() (instance 4)]::operator ()() const::[lambda(long, long) (instance 1)]>>(at::TensorIteratorBase &, const T1 &)::[lambda(int) (instance 1)]>(int, T3)"
:stage.process:model.layers.1.self_attn.k_proj,PushPop,3033121,3035516,1,6,132800,22133.3,22080.0,16256,28064,6438.6,"void trsm_batch_left_upper_kernel_small<float, (int)16, (int)16, (int)64>(cublasTrsmBatchParams<T1>, const T1 *const *, T1 *const *, const T1 *, T1)"
:stage.process:model.layers.1.self_attn.k_proj,PushPop,3033121,3035516,1,1,128128,128128.0,128128.0,128128,128128,0.0,ampere_sgemm_128x32_tn
:stage.process:model.layers.1.self_attn.k_proj,PushPop,3033121,3035516,1,3,121633,40544.3,56992.0,7264,57377,28822.3,"void at::native::index_elementwise_kernel<(int)128, (int)4, void at::native::gpu_index_kernel<void at::native::index_kernel_impl<at::native::OpaqueType<(int)8>>(at::TensorIteratorBase &, c10::ArrayRef<long>, c10::ArrayRef<long>)::[lambda(char *, const char *, long) (instance 1)]>(at::TensorIteratorBase &, c10::ArrayRef<long>, c10::ArrayRef<long>, const T1 &, bool)::[lambda(int) (instance 1)]>(long, T3)"
:stage.process:model.layers.1.self_attn.k_proj,PushPop,3033121,3035516,1,3,97792,32597.3,45536.0,6496,45760,22604.7,"void at::native::triu_tril_kernel<float, int, (bool)0, (int)2, (bool)1>(at::cuda::detail::TensorInfo<T1, T2>, at::cuda::detail::TensorInfo<const T1, T2>, long, long, T2)"
:stage.process:model.layers.1.self_attn.k_proj,PushPop,3033121,3035516,1,10,80320,8032.0,6064.0,3168,20832,6119.1,"void at::native::elementwise_kernel<(int)128, (int)2, void at::native::gpu_kernel_impl_nocast<at::native::BinaryFunctor<float, float, float, at::native::binary_internal::MulFunctor<float>>>(at::TensorIteratorBase &, const T1 &)::[lambda(int) (instance 1)]>(int, T3)"
:stage.process:model.layers.1.self_attn.k_proj,PushPop,3033121,3035516,1,10,75616,7561.6,7584.0,7136,7968,283.8,"void at::native::reduce_kernel<(int)512, (int)1, at::native::ReduceOp<float, at::native::func_wrapper_t<float, at::native::sum_functor<float, float, float>::operator ()(at::TensorIterator &)::[lambda(float, float) (instance 1)]>, unsigned int, float, (int)4, (int)4>>(T3)"
:stage.process:model.layers.1.self_attn.k_proj,PushPop,3033121,3035516,1,10,67200,6720.0,7312.0,3296,8032,1659.6,"void at::native::reduce_kernel<(int)512, (int)1, at::native::ReduceOp<float, at::native::MeanOps<float, float, float, float>, unsigned int, float, (int)4, (int)4>>(T3)"
:stage.process:model.layers.1.self_attn.k_proj,PushPop,3033121,3035516,1,14,60128,4294.9,3264.0,1440,8032,2464.7,"void at::native::vectorized_elementwise_kernel<(int)4, at::native::FillFunctor<float>, std::array<char *, (unsigned long)1>>(int, T2, T3)"
:stage.process:model.layers.1.self_attn.k_proj,PushPop,3033121,3035516,1,9,45056,5006.2,3648.0,1632,11872,3694.7,"void at::native::vectorized_elementwise_kernel<(int)4, at::native::BUnaryFunctor<float, float, float, at::native::binary_internal::MulFunctor<float>>, std::array<char *, (unsigned long)2>>(int, T2, T3)"
:stage.process:model.layers.1.self_attn.k_proj,PushPop,3033121,3035516,1,10,39104,3910.4,3904.0,3872,4032,47.2,"void dot_kernel<float, (int)128, (int)0, cublasDotParams<cublasGemvTensorStridedBatched<const float>, cublasGemvTensorStridedBatched<float>>>(T4)"
:stage.process:model.layers.1.self_attn.k_proj,PushPop,3033121,3035516,1,9,38432,4270.2,4224.0,4096,4640,161.7,"void at::native::vectorized_elementwise_kernel<(int)4, at::native::BinaryFunctor<float, float, float, at::native::binary_internal::MulFunctor<float>>, std::array<char *, (unsigned long)3>>(int, T2, T3)"
:stage.process:model.layers.1.self_attn.k_proj,PushPop,3033121,3035516,1,10,36160,3616.0,3360.0,3232,4128,422.4,"void at::native::elementwise_kernel<(int)128, (int)2, void at::native::gpu_kernel_impl_nocast<at::native::CUDAFunctorOnSelf_add<float>>(at::TensorIteratorBase &, const T1 &)::[lambda(int) (instance 1)]>(int, T3)"
:stage.process:model.layers.1.self_attn.k_proj,PushPop,3033121,3035516,1,10,28096,2809.6,2816.0,2784,2816,13.5,"void reduce_1Block_kernel<float, (int)128, (int)7, cublasGemvTensorStridedBatched<float>, cublasGemvTensorStridedBatched<const float>, cublasGemvTensorStridedBatched<float>>(const T1 *, T1, T4, int, const T1 *, T1, T5, T6, cublasPointerMode_t, cublasLtEpilogue_t, cublasGemvTensorStridedBatched<const biasType<T6::value_type, T1>::type>)"
:stage.process:model.layers.1.self_attn.k_proj,PushPop,3033121,3035516,1,12,26240,2186.7,2208.0,2080,2240,63.0,"void at::native::vectorized_elementwise_kernel<(int)4, at::native::<unnamed>::CompareFunctor<float>, std::array<char *, (unsigned long)3>>(int, T2, T3)"
:stage.process:model.layers.1.self_attn.k_proj,PushPop,3033121,3035516,1,6,21152,3525.3,1904.0,1440,11584,3971.4,"void at::native::vectorized_elementwise_kernel<(int)4, at::native::AUnaryFunctor<float, float, float, at::native::binary_internal::MulFunctor<float>>, std::array<char *, (unsigned long)2>>(int, T2, T3)"
:stage.process:model.layers.1.self_attn.k_proj,PushPop,3033121,3035516,1,1,15392,15392.0,15392.0,15392,15392,0.0,"void at::native::<unnamed>::CatArrayBatchedCopy_alignedK_contig<at::native::<unnamed>::OpaqueType<(unsigned int)8>, unsigned int, (int)3, (int)128, (int)1, (int)16>(T1 *, at::native::<unnamed>::CatArrInputTensorMetadata<T1, T2, T4, T5>, at::native::<unnamed>::TensorSizeStride<T2, (unsigned int)4>, int, T2)"
:stage.process:model.layers.1.self_attn.k_proj,PushPop,3033121,3035516,1,4,14848,3712.0,3728.0,3616,3776,69.1,"void at::native::vectorized_elementwise_kernel<(int)2, at::native::BUnaryFunctor<long, long, long, at::native::rshift_kernel_cuda(at::TensorIteratorBase &)::[lambda() (instance 1)]::operator ()() const::[lambda() (instance 4)]::operator ()() const::[lambda(long, long) (instance 1)]>, std::array<char *, (unsigned long)2>>(int, T2, T3)"
:stage.process:model.layers.1.self_attn.k_proj,PushPop,3033121,3035516,1,4,14048,3512.0,3472.0,3328,3776,199.6,"void at::native::vectorized_elementwise_kernel<(int)2, at::native::BUnaryFunctor<long, long, long, at::native::remainder_kernel_cuda(at::TensorIteratorBase &)::[lambda() (instance 1)]::operator ()() const::[lambda() (instance 4)]::operator ()() const::[lambda(long, long) (instance 1)]>, std::array<char *, (unsigned long)2>>(int, T2, T3)"
:stage.process:model.layers.1.self_attn.k_proj,PushPop,3033121,3035516,1,3,13760,4586.7,4064.0,4032,5664,933.1,"void at::native::vectorized_elementwise_kernel<(int)2, at::native::BinaryFunctor<long, long, long, at::native::BitwiseXorFunctor<long>>, std::array<char *, (unsigned long)3>>(int, T2, T3)"
:stage.process:model.layers.1.self_attn.k_proj,PushPop,3033121,3035516,1,8,12416,1552.0,1552.0,1536,1568,17.1,"void at::native::unrolled_elementwise_kernel<at::native::AUnaryFunctor<long, long, long, at::native::BitwiseAndFunctor<long>>, std::array<char *, (unsigned long)2>, (int)4, TrivialOffsetCalculator<(int)1, unsigned int>, TrivialOffsetCalculator<(int)1, unsigned int>, at::native::memory::LoadWithoutCast, at::native::memory::StoreWithoutCast>(int, T1, T2, T4, T5, T6, T7)"
:stage.process:model.layers.1.self_attn.k_proj,PushPop,3033121,3035516,1,6,12032,2005.3,1664.0,1632,3744,851.9,"void at::native::vectorized_elementwise_kernel<(int)2, at::native::AUnaryFunctor<long, long, long, at::native::binary_internal::MulFunctor<long>>, std::array<char *, (unsigned long)2>>(int, T2, T3)"
:stage.process:model.layers.1.self_attn.k_proj,PushPop,3033121,3035516,1,3,11808,3936.0,4032.0,3520,4256,377.3,"void at::native::unrolled_elementwise_kernel<at::native::direct_copy_kernel_cuda(at::TensorIteratorBase &)::[lambda() (instance 3)]::operator ()() const::[lambda() (instance 3)]::operator ()() const::[lambda(int) (instance 1)], std::array<char *, (unsigned long)2>, (int)4, TrivialOffsetCalculator<(int)1, unsigned int>, TrivialOffsetCalculator<(int)1, unsigned int>, at::native::memory::LoadWithCast<(int)1>, at::native::memory::StoreWithCast<(int)1>>(int, T1, T2, T4, T5, T6, T7)"
:stage.process:model.layers.1.self_attn.k_proj,PushPop,3033121,3035516,1,6,10912,1818.7,1824.0,1792,1824,13.1,"void at::native::vectorized_elementwise_kernel<(int)4, at::native::FillFunctor<unsigned char>, std::array<char *, (unsigned long)1>>(int, T2, T3)"
:stage.process:model.layers.1.self_attn.k_proj,PushPop,3033121,3035516,1,5,10656,2131.2,1760.0,1632,3840,958.0,"void at::native::vectorized_elementwise_kernel<(int)2, at::native::CUDAFunctorOnSelf_add<long>, std::array<char *, (unsigned long)2>>(int, T2, T3)"
:stage.process:model.layers.1.self_attn.k_proj,PushPop,3033121,3035516,1,3,10368,3456.0,3488.0,3296,3584,146.6,"void at::native::elementwise_kernel<(int)128, (int)2, void at::native::gpu_kernel_impl_nocast<at::native::direct_copy_kernel_cuda(at::TensorIteratorBase &)::[lambda() (instance 3)]::operator ()() const::[lambda() (instance 3)]::operator ()() const::[lambda(int) (instance 1)]>(at::TensorIteratorBase &, const T1 &)::[lambda(int) (instance 1)]>(int, T3)"
:stage.process:model.layers.1.self_attn.k_proj,PushPop,3033121,3035516,1,3,10016,3338.7,3296.0,3264,3456,102.9,"void at::native::unrolled_elementwise_kernel<at::native::direct_copy_kernel_cuda(at::TensorIteratorBase &)::[lambda() (instance 3)]::operator ()() const::[lambda() (instance 1)]::operator ()() const::[lambda(unsigned char) (instance 1)], std::array<char *, (unsigned long)2>, (int)4, TrivialOffsetCalculator<(int)1, unsigned int>, TrivialOffsetCalculator<(int)1, unsigned int>, at::native::memory::LoadWithCast<(int)1>, at::native::memory::StoreWithCast<(int)1>>(int, T1, T2, T4, T5, T6, T7)"
:stage.process:model.layers.1.self_attn.k_proj,PushPop,3033121,3035516,1,2,8576,4288.0,4288.0,4160,4416,181.0,"void at::native::vectorized_elementwise_kernel<(int)2, at::native::BinaryFunctor<long, long, long, at::native::BitwiseOrFunctor<long>>, std::array<char *, (unsigned long)3>>(int, T2, T3)"
:stage.process:model.layers.1.self_attn.k_proj,PushPop,3033121,3035516,1,1,7808,7808.0,7808.0,7808,7808,0.0,"void at::native::reduce_kernel<(int)128, (int)4, at::native::ReduceOp<long, at::native::func_wrapper_t<long, at::native::sum_functor<long, long, long>::operator ()(at::TensorIterator &)::[lambda(long, long) (instance 1)]>, unsigned int, long, (int)4, (int)4>>(T3)"
:stage.process:model.layers.1.self_attn.k_proj,PushPop,3033121,3035516,1,4,7808,1952.0,1984.0,1856,1984,64.0,"void at::native::vectorized_elementwise_kernel<(int)4, void at::native::compare_scalar_kernel<c10::Half>(at::TensorIteratorBase &, at::native::<unnamed>::OpType, T1)::[lambda(c10::Half) (instance 1)], std::array<char *, (unsigned long)2>>(int, T2, T3)"
:stage.process:model.layers.1.self_attn.k_proj,PushPop,3033121,3035516,1,2,7648,3824.0,3824.0,3808,3840,22.6,"void at::native::vectorized_elementwise_kernel<(int)2, at::native::BUnaryFunctor<long, long, long, at::native::lshift_kernel_cuda(at::TensorIteratorBase &)::[lambda() (instance 1)]::operator ()() const::[lambda() (instance 4)]::operator ()() const::[lambda(long, long) (instance 1)]>, std::array<char *, (unsigned long)2>>(int, T2, T3)"
:stage.process:model.layers.1.self_attn.k_proj,PushPop,3033121,3035516,1,2,7456,3728.0,3728.0,3680,3776,67.9,"void at::native::vectorized_elementwise_kernel<(int)2, at::native::BUnaryFunctor<long, long, long, at::native::binary_internal::div_floor_kernel_cuda(at::TensorIteratorBase &)::[lambda() (instance 1)]::operator ()() const::[lambda() (instance 4)]::operator ()() const::[lambda(long, long) (instance 1)]>, std::array<char *, (unsigned long)2>>(int, T2, T3)"
:stage.process:model.layers.1.self_attn.k_proj,PushPop,3033121,3035516,1,3,7200,2400.0,2400.0,2368,2432,32.0,"void at::native::vectorized_elementwise_kernel<(int)4, at::native::AUnaryFunctor<unsigned char, unsigned char, bool, at::native::<unnamed>::CompareEqFunctor<unsigned char>>, std::array<char *, (unsigned long)2>>(int, T2, T3)"
:stage.process:model.layers.1.self_attn.k_proj,PushPop,3033121,3035516,1,4,7072,1768.0,1744.0,1728,1856,60.6,"void at::native::vectorized_elementwise_kernel<(int)4, at::native::FillFunctor<bool>, std::array<char *, (unsigned long)1>>(int, T2, T3)"
:stage.process:model.layers.1.self_attn.k_proj,PushPop,3033121,3035516,1,2,6496,3248.0,3248.0,3168,3328,113.1,"void at::native::elementwise_kernel<(int)128, (int)2, void at::native::gpu_kernel_impl_nocast<at::native::AbsFunctor<float>>(at::TensorIteratorBase &, const T1 &)::[lambda(int) (instance 1)]>(int, T3)"
:stage.process:model.layers.1.self_attn.k_proj,PushPop,3033121,3035516,1,1,6176,6176.0,6176.0,6176,6176,0.0,"void at::native::elementwise_kernel<(int)128, (int)2, void at::native::gpu_kernel_impl_nocast<at::native::BinaryFunctor<float, float, float, at::native::binary_internal::DivFunctor<float>>>(at::TensorIteratorBase &, const T1 &)::[lambda(int) (instance 1)]>(int, T3)"
:stage.process:model.layers.1.self_attn.k_proj,PushPop,3033121,3035516,1,2,6112,3056.0,3056.0,3040,3072,22.6,"void at::native::elementwise_kernel<(int)128, (int)2, void at::native::gpu_kernel_impl_nocast<at::native::CUDAFunctor_add<long>>(at::TensorIteratorBase &, const T1 &)::[lambda(int) (instance 1)]>(int, T3)"
:stage.process:model.layers.1.self_attn.k_proj,PushPop,3033121,3035516,1,1,5760,5760.0,5760.0,5760,5760,0.0,"void at::native::vectorized_elementwise_kernel<(int)4, void at::native::<unnamed>::pow_tensor_scalar_kernel_impl<float, float>(at::TensorIteratorBase &, T2)::[lambda(float) (instance 1)], std::array<char *, (unsigned long)2>>(int, T2, T3)"
:stage.process:model.layers.1.self_attn.k_proj,PushPop,3033121,3035516,1,3,5408,1802.7,1792.0,1664,1952,144.3,"void at::native::vectorized_elementwise_kernel<(int)4, at::native::BinaryFunctor<float, float, float, at::native::maximum_kernel_cuda(at::TensorIteratorBase &)::[lambda() (instance 2)]::operator ()() const::[lambda() (instance 2)]::operator ()() const::[lambda(float, float) (instance 1)]>, std::array<char *, (unsigned long)3>>(int, T2, T3)"
:stage.process:model.layers.1.self_attn.k_proj,PushPop,3033121,3035516,1,3,4800,1600.0,1664.0,1408,1728,169.3,"xxtrf4_set_info_ker(int, int *)"
:stage.process:model.layers.1.self_attn.k_proj,PushPop,3033121,3035516,1,2,4672,2336.0,2336.0,2272,2400,90.5,"void at::native::vectorized_elementwise_kernel<(int)2, at::native::CUDAFunctorOnOther_add<long>, std::array<char *, (unsigned long)2>>(int, T2, T3)"
:stage.process:model.layers.1.self_attn.k_proj,PushPop,3033121,3035516,1,1,4256,4256.0,4256.0,4256,4256,0.0,"void at::native::<unnamed>::CatArrayBatchedCopy_vectorized<at::native::<unnamed>::OpaqueType<(unsigned int)2>, unsigned int, (int)1, (int)128, (int)1, (int)16, (int)8>(char *, at::native::<unnamed>::CatArrInputTensorMetadata<T1, T2, T4, T5>, at::native::<unnamed>::TensorSizeStride<T2, (unsigned int)4>, int, T2)"
:stage.process:model.layers.1.self_attn.k_proj,PushPop,3033121,3035516,1,1,3808,3808.0,3808.0,3808,3808,0.0,"void at::native::vectorized_elementwise_kernel<(int)4, at::native::float16_copy_kernel_cuda(at::TensorIteratorBase &)::[lambda(float) (instance 1)], std::array<char *, (unsigned long)2>>(int, T2, T3)"
:stage.process:model.layers.1.self_attn.k_proj,PushPop,3033121,3035516,1,1,2592,2592.0,2592.0,2592,2592,0.0,"void at::native::vectorized_elementwise_kernel<(int)4, at::native::BinaryFunctor<unsigned char, unsigned char, bool, at::native::<unnamed>::CompareEqFunctor<unsigned char>>, std::array<char *, (unsigned long)3>>(int, T2, T3)"
:stage.process:model.layers.1.self_attn.k_proj,PushPop,3033121,3035516,1,1,2496,2496.0,2496.0,2496,2496,0.0,"void at::native::vectorized_elementwise_kernel<(int)4, at::native::AUnaryFunctor<unsigned char, unsigned char, unsigned char, at::native::binary_internal::MulFunctor<unsigned char>>, std::array<char *, (unsigned long)2>>(int, T2, T3)"
:stage.process:model.layers.1.self_attn.k_proj,PushPop,3033121,3035516,1,1,2176,2176.0,2176.0,2176,2176,0.0,"void at::native::unrolled_elementwise_kernel<at::native::direct_copy_kernel_cuda(at::TensorIteratorBase &)::[lambda() (instance 3)]::operator ()() const::[lambda() (instance 11)]::operator ()() const::[lambda(bool) (instance 1)], std::array<char *, (unsigned long)2>, (int)4, TrivialOffsetCalculator<(int)1, unsigned int>, TrivialOffsetCalculator<(int)1, unsigned int>, at::native::memory::LoadWithCast<(int)1>, at::native::memory::StoreWithCast<(int)1>>(int, T1, T2, T4, T5, T6, T7)"
:stage.process:model.layers.1.self_attn.k_proj,PushPop,3033121,3035516,1,1,2080,2080.0,2080.0,2080,2080,0.0,"void at::native::unrolled_elementwise_kernel<at::native::<unnamed>::CompareFunctor<c10::Half>, std::array<char *, (unsigned long)3>, (int)4, TrivialOffsetCalculator<(int)2, unsigned int>, TrivialOffsetCalculator<(int)1, unsigned int>, at::native::memory::LoadWithoutCast, at::native::memory::StoreWithoutCast>(int, T1, T2, T4, T5, T6, T7)"
:stage.process:model.layers.1.self_attn.k_proj,PushPop,3033121,3035516,1,1,1952,1952.0,1952.0,1952,1952,0.0,"void at::native::vectorized_elementwise_kernel<(int)4, at::native::sqrt_kernel_cuda(at::TensorIteratorBase &)::[lambda() (instance 2)]::operator ()() const::[lambda() (instance 2)]::operator ()() const::[lambda(float) (instance 1)], std::array<char *, (unsigned long)2>>(int, T2, T3)"
:stage.process:model.layers.1.self_attn.k_proj,PushPop,3033121,3035516,1,1,1792,1792.0,1792.0,1792,1792,0.0,"void at::native::vectorized_elementwise_kernel<(int)4, at::native::<unnamed>::launch_clamp_scalar(at::TensorIteratorBase &, c10::Scalar, c10::Scalar, at::native::detail::ClampLimits)::[lambda() (instance 1)]::operator ()() const::[lambda() (instance 7)]::operator ()() const::[lambda(float) (instance 1)], std::array<char *, (unsigned long)2>>(int, T2, T3)"
:stage.process:model.layers.1.self_attn.o_proj,PushPop,3033121,3035516,1,1318,1963071794,1489432.3,1016625.5,1002593,3478789,936496.9,void <unnamed>::qvq_fused_w2_family_grid_kernel<(bool)0>(<unnamed>::FusedSequenceArgs)
:stage.process:model.layers.1.self_attn.o_proj,PushPop,3033121,3035516,1,766,1440025097,1879928.3,1428146.0,1355522,2850275,649702.0,"void <unnamed>::qvq_viterbi_kernel<(int)4, (int)2, __half, unsigned char>(const float *, const T3 *, const float *, const long *, const float *, T4 *, long *, float *, int, int, int, bool, bool, bool)"
:stage.process:model.layers.1.self_attn.o_proj,PushPop,3033121,3035516,1,3744,542161450,144808.1,144960.0,133248,154465,3979.8,"void <unnamed>::qvq_v2_segment_grid_kernel<(int)4, (int)2, (int)16, (bool)1, (bool)0, __half, unsigned char>(const float *, const T6 *, const float *, const long *, const float *, const float *, float *, T7 *, unsigned char *, int, int, int, bool, bool)"
:stage.process:model.layers.1.self_attn.o_proj,PushPop,3033121,3035516,1,694,403238865,581035.8,575936.5,307744,874465,162647.1,ampere_sgemm_64x32_sliced1x4_nt
:stage.process:model.layers.1.self_attn.o_proj,PushPop,3033121,3035516,1,1318,115519123,87647.3,86880.0,69248,105760,9352.1,"<unnamed>::qvq_fused_w2_traceback_kernel(const unsigned char *, const unsigned char *, const int *, long *, unsigned char *, int)"
:stage.process:model.layers.1.self_attn.o_proj,PushPop,3033121,3035516,1,4080,71633187,17557.2,8256.0,4736,50560,13324.3,"void at::native::index_elementwise_kernel<(int)128, (int)4, void at::native::gpu_index_kernel<void at::native::index_kernel_impl<at::native::OpaqueType<(int)4>>(at::TensorIteratorBase &, c10::ArrayRef<long>, c10::ArrayRef<long>)::[lambda(char *, const char *, long) (instance 1)]>(at::TensorIteratorBase &, c10::ArrayRef<long>, c10::ArrayRef<long>, const T1 &, bool)::[lambda(int) (instance 1)]>(long, T3)"
:stage.process:model.layers.1.self_attn.o_proj,PushPop,3033121,3035516,1,288,51189893,177742.7,178288.5,59104,296032,70029.5,void cutlass::Kernel2<cutlass_80_simt_sgemm_128x32_8x5_nt_align1>(T1::Params)
:stage.process:model.layers.1.self_attn.o_proj,PushPop,3033121,3035516,1,468,36636168,78282.4,77696.0,67521,90400,4453.1,"void <unnamed>::qvq_v2_segment_grid_finalize_kernel<(int)4, (int)2, (int)16, (bool)0, __half, unsigned char>(const float *, const T5 *, const float *, const long *, const float *, const float *, const T6 *, const unsigned char *, long *, unsigned char *, float *, int, int, bool, bool)"
:stage.process:model.layers.1.self_attn.o_proj,PushPop,3033121,3035516,1,996,29983661,30104.1,30272.0,4288,60928,15655.7,"void gemmSN_NN_kernel<float, (int)128, (int)2, (int)4, (int)8, (int)4, (int)4, (bool)0, cublasGemvTensorStridedBatched<const float>, cublasGemvTensorStridedBatched<const float>, cublasGemvTensorStridedBatched<float>>(cublasGemmSmallNParams<T9, T10, T11, T1>)"
:stage.process:model.layers.1.self_attn.o_proj,PushPop,3033121,3035516,1,50,20734363,414687.3,20912.0,15808,868513,416629.2,ampere_sgemm_128x32_nn
:stage.process:model.layers.1.self_attn.o_proj,PushPop,3033121,3035516,1,2964,18914677,6381.5,6944.0,2592,11904,1736.9,"void at::native::reduce_kernel<(int)512, (int)1, at::native::ReduceOp<bool, at::native::func_wrapper_t<bool, at::native::and_kernel_cuda(at::TensorIterator &)::[lambda() (instance 1)]::operator ()() const::[lambda() (instance 12)]::operator ()() const::[lambda(bool, bool) (instance 1)]>, unsigned int, bool, (int)4, (int)4>>(T3)"
:stage.process:model.layers.1.self_attn.o_proj,PushPop,3033121,3035516,1,1318,15629847,11858.8,13264.5,9088,14976,2185.0,"<unnamed>::qvq_fused_detect_family_mask_kernel(const unsigned int *, int *)"
:stage.process:model.layers.1.self_attn.o_proj,PushPop,3033121,3035516,1,2040,13599128,6666.2,6688.0,3488,7456,379.2,"void at::native::index_elementwise_kernel<(int)128, (int)4, void at::native::gpu_index_kernel<void at::native::index_put_kernel_impl<at::native::OpaqueType<(int)4>>(at::TensorIterator &, c10::ArrayRef<long>, c10::ArrayRef<long>)::[lambda(char *, const char *, long) (instance 1)]>(at::TensorIteratorBase &, c10::ArrayRef<long>, c10::ArrayRef<long>, const T1 &, bool)::[lambda(int) (instance 1)]>(long, T3)"
:stage.process:model.layers.1.self_attn.o_proj,PushPop,3033121,3035516,1,1405,12358899,8796.4,8384.0,4448,34016,1394.1,"void at::native::index_elementwise_kernel<(int)128, (int)4, void at::native::gpu_index_kernel<void at::native::index_kernel_impl<at::native::OpaqueType<(int)2>>(at::TensorIteratorBase &, c10::ArrayRef<long>, c10::ArrayRef<long>)::[lambda(char *, const char *, long) (instance 1)]>(at::TensorIteratorBase &, c10::ArrayRef<long>, c10::ArrayRef<long>, const T1 &, bool)::[lambda(int) (instance 1)]>(long, T3)"
:stage.process:model.layers.1.self_attn.o_proj,PushPop,3033121,3035516,1,1788,11863243,6634.9,7296.0,3104,8608,1393.6,"void at::native::reduce_kernel<(int)512, (int)1, at::native::ReduceOp<float, at::native::func_wrapper_t<float, at::native::MaxNanFunctor<float>>, unsigned int, float, (int)4, (int)4>>(T3)"
:stage.process:model.layers.1.self_attn.o_proj,PushPop,3033121,3035516,1,2241,8718917,3890.6,3200.0,2112,55520,4831.2,"void at::native::elementwise_kernel<(int)128, (int)2, void at::native::gpu_kernel_impl_nocast<at::native::direct_copy_kernel_cuda(at::TensorIteratorBase &)::[lambda() (instance 3)]::operator ()() const::[lambda() (instance 7)]::operator ()() const::[lambda(float) (instance 1)]>(at::TensorIteratorBase &, const T1 &)::[lambda(int) (instance 1)]>(int, T3)"
:stage.process:model.layers.1.self_attn.o_proj,PushPop,3033121,3035516,1,3611,7732361,2141.3,2048.0,1536,18272,814.0,"void at::native::vectorized_elementwise_kernel<(int)4, at::native::AbsFunctor<float>, std::array<char *, (unsigned long)2>>(int, T2, T3)"
:stage.process:model.layers.1.self_attn.o_proj,PushPop,3033121,3035516,1,1020,7073383,6934.7,7040.0,3616,7392,476.9,"void at::native::index_elementwise_kernel<(int)128, (int)4, void at::native::gpu_index_kernel<void at::native::index_put_kernel_impl<at::native::OpaqueType<(int)8>>(at::TensorIterator &, c10::ArrayRef<long>, c10::ArrayRef<long>)::[lambda(char *, const char *, long) (instance 1)]>(at::TensorIteratorBase &, c10::ArrayRef<long>, c10::ArrayRef<long>, const T1 &, bool)::[lambda(int) (instance 1)]>(long, T3)"
:stage.process:model.layers.1.self_attn.o_proj,PushPop,3033121,3035516,1,772,6039912,7823.7,7808.0,7456,8704,146.9,"void at::native::reduce_kernel<(int)512, (int)1, at::native::ReduceOp<c10::Half, at::native::func_wrapper_t<c10::Half, at::native::MaxNanFunctor<c10::Half>>, unsigned int, c10::Half, (int)4, (int)4>>(T3)"
:stage.process:model.layers.1.self_attn.o_proj,PushPop,3033121,3035516,1,2593,5566501,2146.7,2080.0,1632,6624,319.3,"void at::native::vectorized_elementwise_kernel<(int)4, at::native::BinaryFunctor<bool, bool, bool, at::native::binary_internal::MulFunctor<bool>>, std::array<char *, (unsigned long)3>>(int, T2, T3)"
:stage.process:model.layers.1.self_attn.o_proj,PushPop,3033121,3035516,1,177,5466600,30884.7,27264.0,4032,72832,22267.4,"void gemmSN_NN_kernel<float, (int)256, (int)4, (int)2, (int)8, (int)4, (int)4, (bool)0, cublasGemvTensorStridedBatched<const float>, cublasGemvTensorStridedBatched<const float>, cublasGemvTensorStridedBatched<float>>(cublasGemmSmallNParams<T9, T10, T11, T1>)"
:stage.process:model.layers.1.self_attn.o_proj,PushPop,3033121,3035516,1,1285,5145385,4004.2,3936.0,2528,18816,611.3,"void at::native::unrolled_elementwise_kernel<at::native::direct_copy_kernel_cuda(at::TensorIteratorBase &)::[lambda() (instance 3)]::operator ()() const::[lambda() (instance 7)]::operator ()() const::[lambda(float) (instance 1)], std::array<char *, (unsigned long)2>, (int)4, TrivialOffsetCalculator<(int)1, unsigned int>, TrivialOffsetCalculator<(int)1, unsigned int>, at::native::memory::LoadWithCast<(int)1>, at::native::memory::StoreWithCast<(int)1>>(int, T1, T2, T4, T5, T6, T7)"
:stage.process:model.layers.1.self_attn.o_proj,PushPop,3033121,3035516,1,765,4813927,6292.7,6656.0,3360,8448,1193.1,"void at::native::index_elementwise_kernel<(int)128, (int)4, void at::native::gpu_index_kernel<void at::native::index_put_kernel_impl<at::native::OpaqueType<(int)1>>(at::TensorIterator &, c10::ArrayRef<long>, c10::ArrayRef<long>)::[lambda(char *, const char *, long) (instance 1)]>(at::TensorIteratorBase &, c10::ArrayRef<long>, c10::ArrayRef<long>, const T1 &, bool)::[lambda(int) (instance 1)]>(long, T3)"
:stage.process:model.layers.1.self_attn.o_proj,PushPop,3033121,3035516,1,5,4664134,932826.8,925249.0,923265,965729,18420.0,ampere_sgemm_128x32_tn
:stage.process:model.layers.1.self_attn.o_proj,PushPop,3033121,3035516,1,1824,3974436,2179.0,2112.0,1504,16736,948.5,"void at::native::vectorized_elementwise_kernel<(int)4, at::native::BinaryFunctor<float, float, bool, at::native::<unnamed>::CompareEqFunctor<float>>, std::array<char *, (unsigned long)3>>(int, T2, T3)"
:stage.process:model.layers.1.self_attn.o_proj,PushPop,3033121,3035516,1,1823,3851109,2112.5,2080.0,1504,6336,347.3,"void at::native::vectorized_elementwise_kernel<(int)4, at::native::AUnaryFunctor<float, float, bool, at::native::<unnamed>::CompareEqFunctor<float>>, std::array<char *, (unsigned long)2>>(int, T2, T3)"
:stage.process:model.layers.1.self_attn.o_proj,PushPop,3033121,3035516,1,2044,3761605,1840.3,1824.0,1536,2272,100.2,"void at::native::vectorized_elementwise_kernel<(int)4, at::native::BinaryFunctor<bool, bool, bool, at::native::logical_or_kernel_cuda(at::TensorIterator &)::[lambda() (instance 2)]::operator ()() const::[lambda() (instance 9)]::operator ()() const::[lambda(bool, bool) (instance 1)]>, std::array<char *, (unsigned long)3>>(int, T2, T3)"
:stage.process:model.layers.1.self_attn.o_proj,PushPop,3033121,3035516,1,1150,3701031,3218.3,3200.0,1856,24192,651.1,"void at::native::elementwise_kernel<(int)128, (int)2, void at::native::gpu_kernel_impl_nocast<at::native::direct_copy_kernel_cuda(at::TensorIteratorBase &)::[lambda() (instance 3)]::operator ()() const::[lambda() (instance 4)]::operator ()() const::[lambda(long) (instance 1)]>(at::TensorIteratorBase &, const T1 &)::[lambda(int) (instance 1)]>(int, T3)"
:stage.process:model.layers.1.self_attn.o_proj,PushPop,3033121,3035516,1,1542,3419393,2217.5,2144.0,1824,3104,185.9,"void at::native::vectorized_elementwise_kernel<(int)4, at::native::AbsFunctor<c10::Half>, std::array<char *, (unsigned long)2>>(int, T2, T3)"
:stage.process:model.layers.1.self_attn.o_proj,PushPop,3033121,3035516,1,1268,3237637,2553.3,2528.0,1824,3360,347.4,"void at::native::elementwise_kernel<(int)128, (int)2, void at::native::gpu_kernel_impl_nocast<at::native::AUnaryFunctor<long, long, long, at::native::BitwiseAndFunctor<long>>>(at::TensorIteratorBase &, const T1 &)::[lambda(int) (instance 1)]>(int, T3)"
:stage.process:model.layers.1.self_attn.o_proj,PushPop,3033121,3035516,1,429,3231815,7533.4,4256.0,3168,47296,4877.9,"void at::native::elementwise_kernel<(int)128, (int)2, void at::native::gpu_kernel_impl_nocast<at::native::CUDAFunctor_add<float>>(at::TensorIteratorBase &, const T1 &)::[lambda(int) (instance 1)]>(int, T3)"
:stage.process:model.layers.1.self_attn.o_proj,PushPop,3033121,3035516,1,1276,3230501,2531.7,2464.0,1728,3296,203.5,"void at::native::roll_cuda_kernel<float>(const T1 *, T1 *, long, long, long, long, long, long)"
:stage.process:model.layers.1.self_attn.o_proj,PushPop,3033121,3035516,1,1234,3220003,2609.4,2656.0,2176,3328,270.2,"<unnamed>::qvq_half2_codebook_norm_pack_kernel(const __half *, unsigned long *, int)"
:stage.process:model.layers.1.self_attn.o_proj,PushPop,3033121,3035516,1,1176,3152642,2680.8,2208.0,1504,27424,3002.0,"void at::native::vectorized_elementwise_kernel<(int)4, at::native::CUDAFunctor_add<float>, std::array<char *, (unsigned long)3>>(int, T2, T3)"
:stage.process:model.layers.1.self_attn.o_proj,PushPop,3033121,3035516,1,378,3114883,8240.4,8224.0,7872,8416,65.3,"void batch_trsm_left_kernel<float, (int)64, (int)4, (int)3, (bool)0, (bool)0, (bool)1>(cublasTrsmBatchParams2<T1>, T1, const T1 *, int)"
:stage.process:model.layers.1.self_attn.o_proj,PushPop,3033121,3035516,1,3,2772675,924225.0,924641.0,923297,924737,805.1,"void kernel<getrf_wo_pivot_params_<float, (int)0, (int)256, (int)1, (int)64, (int)64, (int)68, (int)8, (int)1, (int)1>>(int, int, void *, int, void *, int, int, int, int, int, int *)"
:stage.process:model.layers.1.self_attn.o_proj,PushPop,3033121,3035516,1,901,2715811,3014.2,3104.0,1792,11808,639.4,"void at::native::unrolled_elementwise_kernel<at::native::direct_copy_kernel_cuda(at::TensorIteratorBase &)::[lambda() (instance 3)]::operator ()() const::[lambda() (instance 4)]::operator ()() const::[lambda(long) (instance 1)], std::array<char *, (unsigned long)2>, (int)4, TrivialOffsetCalculator<(int)1, unsigned int>, TrivialOffsetCalculator<(int)1, unsigned int>, at::native::memory::LoadWithCast<(int)1>, at::native::memory::StoreWithCast<(int)1>>(int, T1, T2, T4, T5, T6, T7)"
:stage.process:model.layers.1.self_attn.o_proj,PushPop,3033121,3035516,1,1534,2661282,1734.9,1696.0,1568,2208,110.1,"void at::native::vectorized_elementwise_kernel<(int)4, void at::native::compare_scalar_kernel<float>(at::TensorIteratorBase &, at::native::<unnamed>::OpType, T1)::[lambda(float) (instance 1)], std::array<char *, (unsigned long)2>>(int, T2, T3)"
:stage.process:model.layers.1.self_attn.o_proj,PushPop,3033121,3035516,1,400,2330659,5826.6,4032.0,4000,53568,8875.8,ampere_sgemm_32x128_nt
:stage.process:model.layers.1.self_attn.o_proj,PushPop,3033121,3035516,1,1020,1965154,1926.6,1920.0,1632,2240,99.3,"void at::native::vectorized_elementwise_kernel<(int)4, at::native::bitwise_not_kernel_cuda(at::TensorIteratorBase &)::[lambda(bool) (instance 1)], std::array<char *, (unsigned long)2>>(int, T2, T3)"
:stage.process:model.layers.1.self_attn.o_proj,PushPop,3033121,3035516,1,1318,1890787,1434.6,1440.0,1280,1664,93.6,"void at::native::vectorized_elementwise_kernel<(int)4, at::native::FillFunctor<int>, std::array<char *, (unsigned long)1>>(int, T2, T3)"
:stage.process:model.layers.1.self_attn.o_proj,PushPop,3033121,3035516,1,770,1746560,2268.3,2240.0,1792,2336,40.6,"void at::native::vectorized_elementwise_kernel<(int)4, at::native::BinaryFunctor<c10::Half, c10::Half, bool, at::native::<unnamed>::CompareEqFunctor<c10::Half>>, std::array<char *, (unsigned long)3>>(int, T2, T3)"
:stage.process:model.layers.1.self_attn.o_proj,PushPop,3033121,3035516,1,770,1727553,2243.6,2240.0,1760,2304,38.0,"void at::native::vectorized_elementwise_kernel<(int)4, at::native::AUnaryFunctor<c10::Half, c10::Half, bool, at::native::<unnamed>::CompareEqFunctor<c10::Half>>, std::array<char *, (unsigned long)2>>(int, T2, T3)"
:stage.process:model.layers.1.self_attn.o_proj,PushPop,3033121,3035516,1,1022,1444225,1413.1,1440.0,1312,6944,248.9,"void at::native::vectorized_elementwise_kernel<(int)2, at::native::FillFunctor<long>, std::array<char *, (unsigned long)1>>(int, T2, T3)"
:stage.process:model.layers.1.self_attn.o_proj,PushPop,3033121,3035516,1,782,1440834,1842.5,1760.0,1728,12032,544.4,"void at::native::vectorized_elementwise_kernel<(int)4, void at::native::compare_scalar_kernel<long>(at::TensorIteratorBase &, at::native::<unnamed>::OpType, T1)::[lambda(long) (instance 1)], std::array<char *, (unsigned long)2>>(int, T2, T3)"
:stage.process:model.layers.1.self_attn.o_proj,PushPop,3033121,3035516,1,512,1365442,2666.9,2656.0,2401,2944,117.4,"void at::native::unrolled_elementwise_kernel<at::native::BinaryFunctor<float, float, float, at::native::maximum_kernel_cuda(at::TensorIteratorBase &)::[lambda() (instance 2)]::operator ()() const::[lambda() (instance 2)]::operator ()() const::[lambda(float, float) (instance 1)]>, std::array<char *, (unsigned long)3>, (int)4, TrivialOffsetCalculator<(int)2, unsigned int>, TrivialOffsetCalculator<(int)1, unsigned int>, at::native::memory::LoadWithCast<(int)2>, at::native::memory::StoreWithCast<(int)1>>(int, T1, T2, T4, T5, T6, T7)"
:stage.process:model.layers.1.self_attn.o_proj,PushPop,3033121,3035516,1,779,1058529,1358.8,1376.0,1248,1984,71.5,"void <unnamed>::elementwise_kernel_with_index<int, at::native::arange_cuda_out(const c10::Scalar &, const c10::Scalar &, const c10::Scalar &, at::Tensor &)::[lambda() (instance 1)]::operator ()() const::[lambda() (instance 4)]::operator ()() const::[lambda(long) (instance 1)]>(T1, T2, function_traits<T2>::result_type *)"
:stage.process:model.layers.1.self_attn.o_proj,PushPop,3033121,3035516,1,256,1053282,4114.4,4064.0,3904,4448,178.1,"void at::native::elementwise_kernel<(int)128, (int)4, void at::native::gpu_kernel_impl_nocast<at::native::direct_copy_kernel_cuda(at::TensorIteratorBase &)::[lambda() (instance 3)]::operator ()() const::[lambda() (instance 10)]::operator ()() const::[lambda(c10::Half) (instance 1)]>(at::TensorIteratorBase &, const T1 &)::[lambda(int) (instance 1)]>(int, T3)"
:stage.process:model.layers.1.self_attn.o_proj,PushPop,3033121,3035516,1,32,948257,29633.0,29488.0,19840,39552,6913.1,ampere_sgemm_128x32_nt
:stage.process:model.layers.1.self_attn.o_proj,PushPop,3033121,3035516,1,263,947328,3602.0,3456.0,3168,10336,942.5,"void at::native::reduce_kernel<(int)512, (int)1, at::native::ReduceOp<bool, at::native::func_wrapper_t<bool, at::native::or_kernel_cuda(at::TensorIterator &)::[lambda() (instance 1)]::operator ()() const::[lambda() (instance 12)]::operator ()() const::[lambda(bool, bool) (instance 1)]>, unsigned int, bool, (int)4, (int)4>>(T3)"
:stage.process:model.layers.1.self_attn.o_proj,PushPop,3033121,3035516,1,43,854115,19863.1,19712.0,17696,23488,1581.4,ampere_sgemm_128x32_sliced1x4_nn
:stage.process:model.layers.1.self_attn.o_proj,PushPop,3033121,3035516,1,128,703361,5495.0,5472.0,5280,5888,134.1,"void at::native::unrolled_elementwise_kernel<at::native::CUDAFunctor_add<float>, std::array<char *, (unsigned long)3>, (int)4, TrivialOffsetCalculator<(int)2, unsigned int>, TrivialOffsetCalculator<(int)1, unsigned int>, at::native::memory::LoadWithCast<(int)2>, at::native::memory::StoreWithCast<(int)1>>(int, T1, T2, T4, T5, T6, T7)"
:stage.process:model.layers.1.self_attn.o_proj,PushPop,3033121,3035516,1,3,665986,221995.3,330177.0,5312,330497,187653.3,"void at::native::reduce_kernel<(int)512, (int)1, at::native::ReduceOp<long, at::native::func_wrapper_t<long, at::native::sum_functor<long, long, long>::operator ()(at::TensorIterator &)::[lambda(long, long) (instance 1)]>, unsigned int, long, (int)4, (int)4>>(T3)"
:stage.process:model.layers.1.self_attn.o_proj,PushPop,3033121,3035516,1,11,590818,53710.7,10272.0,3232,258497,101242.0,"void at::native::vectorized_elementwise_kernel<(int)2, at::native::AUnaryFunctor<long, long, long, at::native::BitwiseAndFunctor<long>>, std::array<char *, (unsigned long)2>>(int, T2, T3)"
:stage.process:model.layers.1.self_attn.o_proj,PushPop,3033121,3035516,1,4,558944,139736.0,141264.0,3776,272640,152248.2,"void at::native::elementwise_kernel<(int)128, (int)2, void at::native::gpu_kernel_impl_nocast<at::native::BinaryFunctor<long, long, long, at::native::lshift_kernel_cuda(at::TensorIteratorBase &)::[lambda() (instance 1)]::operator ()() const::[lambda() (instance 4)]::operator ()() const::[lambda(long, long) (instance 1)]>>(at::TensorIteratorBase &, const T1 &)::[lambda(int) (instance 1)]>(int, T3)"
:stage.process:model.layers.1.self_attn.o_proj,PushPop,3033121,3035516,1,4,536928,134232.0,134016.0,11072,257824,142047.5,"void at::native::elementwise_kernel<(int)128, (int)2, void at::native::gpu_kernel_impl_nocast<at::native::BinaryFunctor<long, long, long, at::native::rshift_kernel_cuda(at::TensorIteratorBase &)::[lambda() (instance 1)]::operator ()() const::[lambda() (instance 4)]::operator ()() const::[lambda(long, long) (instance 1)]>>(at::TensorIteratorBase &, const T1 &)::[lambda(int) (instance 1)]>(int, T3)"
:stage.process:model.layers.1.self_attn.o_proj,PushPop,3033121,3035516,1,129,520385,4034.0,4000.0,3904,7104,274.8,"void at::native::elementwise_kernel<(int)128, (int)4, void at::native::gpu_kernel_impl_nocast<at::native::direct_copy_kernel_cuda(at::TensorIteratorBase &)::[lambda() (instance 3)]::operator ()() const::[lambda() (instance 1)]::operator ()() const::[lambda(unsigned char) (instance 1)]>(at::TensorIteratorBase &, const T1 &)::[lambda(int) (instance 1)]>(int, T3)"
:stage.process:model.layers.1.self_attn.o_proj,PushPop,3033121,3035516,1,113,506849,4485.4,3360.0,2944,15776,3474.4,"void cublasLt::splitKreduce_kernel<(int)32, (int)16, int, float, float, float, float, (bool)0, float, float, float, (bool)1, (bool)0, (bool)0, (bool)0>(cublasLt::cublasSplitKParams<T6>, const T4 *, const T10 *, T9 *, T5 *, const T6 *, const T6 *, const T11 *, const T4 *, T11 *, void *, long, T6 *, int *, T6 *, T6 *, const T6 *, const T6 *, const T6 *, const T6 *, const T6 *)"
:stage.process:model.layers.1.self_attn.o_proj,PushPop,3033121,3035516,1,3,470272,156757.3,225760.0,17952,226560,120209.6,"void at::native::index_elementwise_kernel<(int)128, (int)4, void at::native::gpu_index_kernel<void at::native::index_kernel_impl<at::native::OpaqueType<(int)8>>(at::TensorIteratorBase &, c10::ArrayRef<long>, c10::ArrayRef<long>)::[lambda(char *, const char *, long) (instance 1)]>(at::TensorIteratorBase &, c10::ArrayRef<long>, c10::ArrayRef<long>, const T1 &, bool)::[lambda(int) (instance 1)]>(long, T3)"
:stage.process:model.layers.1.self_attn.o_proj,PushPop,3033121,3035516,1,263,461856,1756.1,1728.0,1696,3776,252.5,"void at::native::vectorized_elementwise_kernel<(int)4, at::native::BinaryFunctor<bool, bool, bool, at::native::BitwiseOrFunctor<bool>>, std::array<char *, (unsigned long)3>>(int, T2, T3)"
:stage.process:model.layers.1.self_attn.o_proj,PushPop,3033121,3035516,1,16,326785,20424.1,20224.0,19968,21600,464.0,"void at::native::<unnamed>::CatArrayBatchedCopy<at::native::<unnamed>::OpaqueType<(unsigned int)4>, unsigned int, (int)2, (int)64, (int)64>(T1 *, at::native::<unnamed>::CatArrInputTensorMetadata<T1, T2, T4, T5>, at::native::<unnamed>::TensorSizeStride<T2, (unsigned int)4>, int, T2)"
:stage.process:model.layers.1.self_attn.o_proj,PushPop,3033121,3035516,1,132,314944,2385.9,1792.0,1760,22144,3378.2,"void at::native::vectorized_elementwise_kernel<(int)4, at::native::BinaryFunctor<long, long, bool, at::native::<unnamed>::CompareEqFunctor<long>>, std::array<char *, (unsigned long)3>>(int, T2, T3)"
:stage.process:model.layers.1.self_attn.o_proj,PushPop,3033121,3035516,1,128,280321,2190.0,2176.0,2176,2209,15.9,"void at::native::elementwise_kernel<(int)128, (int)2, void at::native::gpu_kernel_impl_nocast<at::native::BUnaryFunctor<long, long, long, at::native::rshift_kernel_cuda(at::TensorIteratorBase &)::[lambda() (instance 1)]::operator ()() const::[lambda() (instance 4)]::operator ()() const::[lambda(long, long) (instance 1)]>>(at::TensorIteratorBase &, const T1 &)::[lambda(int) (instance 1)]>(int, T3)"
:stage.process:model.layers.1.self_attn.o_proj,PushPop,3033121,3035516,1,17,234208,13776.9,14784.0,11008,15040,1391.9,ampere_sgemm_64x32_sliced1x4_nn
:stage.process:model.layers.1.self_attn.o_proj,PushPop,3033121,3035516,1,10,215105,21510.5,21504.0,21312,21728,139.0,"std::enable_if<!T7, void>::type internal::gemvx::kernel<int, int, float, float, float, float, (bool)0, (bool)1, (bool)1, (bool)0, (int)7, (bool)0, cublasGemvParamsEx<int, cublasGemvTensorStridedBatched<const float>, cublasGemvTensorStridedBatched<const float>, cublasGemvTensorStridedBatched<float>, float>>(T13)"
:stage.process:model.layers.1.self_attn.o_proj,PushPop,3033121,3035516,1,10,203553,20355.3,18528.0,3392,48192,11011.6,"void at::native::elementwise_kernel<(int)128, (int)2, void at::native::gpu_kernel_impl_nocast<at::native::BinaryFunctor<float, float, float, at::native::binary_internal::MulFunctor<float>>>(at::TensorIteratorBase &, const T1 &)::[lambda(int) (instance 1)]>(int, T3)"
:stage.process:model.layers.1.self_attn.o_proj,PushPop,3033121,3035516,1,9,177152,19683.6,19744.0,19264,19904,191.6,"void at::native::vectorized_elementwise_kernel<(int)4, at::native::BinaryFunctor<float, float, float, at::native::binary_internal::MulFunctor<float>>, std::array<char *, (unsigned long)3>>(int, T2, T3)"
:stage.process:model.layers.1.self_attn.o_proj,PushPop,3033121,3035516,1,16,170368,10648.0,10336.0,9184,12192,962.9,void cutlass::Kernel2<cutlass_80_simt_sgemm_128x32_8x5_nn_align1>(T1::Params)
:stage.process:model.layers.1.self_attn.o_proj,PushPop,3033121,3035516,1,3,140480,46826.7,46336.0,45536,48608,1593.7,"void at::native::triu_tril_kernel<float, int, (bool)0, (int)2, (bool)1>(at::cuda::detail::TensorInfo<T1, T2>, at::cuda::detail::TensorInfo<const T1, T2>, long, long, T2)"
:stage.process:model.layers.1.self_attn.o_proj,PushPop,3033121,3035516,1,6,132512,22085.3,22080.0,16224,27968,6409.1,"void trsm_batch_left_upper_kernel_small<float, (int)16, (int)16, (int)64>(cublasTrsmBatchParams<T1>, const T1 *const *, T1 *const *, const T1 *, T1)"
:stage.process:model.layers.1.self_attn.o_proj,PushPop,3033121,3035516,1,10,120128,12012.8,11760.0,11488,14208,803.5,"void at::native::reduce_kernel<(int)512, (int)1, at::native::ReduceOp<float, at::native::func_wrapper_t<float, at::native::sum_functor<float, float, float>::operator ()(at::TensorIterator &)::[lambda(float, float) (instance 1)]>, unsigned int, float, (int)4, (int)4>>(T3)"
:stage.process:model.layers.1.self_attn.o_proj,PushPop,3033121,3035516,1,14,108192,7728.0,7328.0,1312,21376,4575.7,"void at::native::vectorized_elementwise_kernel<(int)4, at::native::FillFunctor<float>, std::array<char *, (unsigned long)1>>(int, T2, T3)"
:stage.process:model.layers.1.self_attn.o_proj,PushPop,3033121,3035516,1,9,95712,10634.7,11840.0,1600,12192,3410.4,"void at::native::vectorized_elementwise_kernel<(int)4, at::native::BUnaryFunctor<float, float, float, at::native::binary_internal::MulFunctor<float>>, std::array<char *, (unsigned long)2>>(int, T2, T3)"
:stage.process:model.layers.1.self_attn.o_proj,PushPop,3033121,3035516,1,10,75776,7577.6,7680.0,3776,11168,2277.7,"void at::native::reduce_kernel<(int)512, (int)1, at::native::ReduceOp<float, at::native::MeanOps<float, float, float, float>, unsigned int, float, (int)4, (int)4>>(T3)"
:stage.process:model.layers.1.self_attn.o_proj,PushPop,3033121,3035516,1,1,75648,75648.0,75648.0,75648,75648,0.0,"void at::native::<unnamed>::CatArrayBatchedCopy_alignedK_contig<at::native::<unnamed>::OpaqueType<(unsigned int)8>, unsigned int, (int)3, (int)128, (int)1, (int)16>(T1 *, at::native::<unnamed>::CatArrInputTensorMetadata<T1, T2, T4, T5>, at::native::<unnamed>::TensorSizeStride<T2, (unsigned int)4>, int, T2)"
:stage.process:model.layers.1.self_attn.o_proj,PushPop,3033121,3035516,1,3,54112,18037.3,16736.0,16672,20704,2309.6,"void at::native::vectorized_elementwise_kernel<(int)2, at::native::BinaryFunctor<long, long, long, at::native::BitwiseXorFunctor<long>>, std::array<char *, (unsigned long)3>>(int, T2, T3)"
:stage.process:model.layers.1.self_attn.o_proj,PushPop,3033121,3035516,1,10,41600,4160.0,4112.0,3360,4896,541.2,"void at::native::elementwise_kernel<(int)128, (int)2, void at::native::gpu_kernel_impl_nocast<at::native::CUDAFunctorOnSelf_add<float>>(at::TensorIteratorBase &, const T1 &)::[lambda(int) (instance 1)]>(int, T3)"
:stage.process:model.layers.1.self_attn.o_proj,PushPop,3033121,3035516,1,4,41568,10392.0,10528.0,9856,10656,366.1,"void at::native::vectorized_elementwise_kernel<(int)2, at::native::BUnaryFunctor<long, long, long, at::native::rshift_kernel_cuda(at::TensorIteratorBase &)::[lambda() (instance 1)]::operator ()() const::[lambda() (instance 4)]::operator ()() const::[lambda(long, long) (instance 1)]>, std::array<char *, (unsigned long)2>>(int, T2, T3)"
:stage.process:model.layers.1.self_attn.o_proj,PushPop,3033121,3035516,1,2,38080,19040.0,19040.0,18880,19200,226.3,"void at::native::vectorized_elementwise_kernel<(int)2, at::native::BinaryFunctor<long, long, long, at::native::BitwiseOrFunctor<long>>, std::array<char *, (unsigned long)3>>(int, T2, T3)"
:stage.process:model.layers.1.self_attn.o_proj,PushPop,3033121,3035516,1,6,29824,4970.7,1680.0,1472,11744,5197.8,"void at::native::vectorized_elementwise_kernel<(int)4, at::native::AUnaryFunctor<float, float, float, at::native::binary_internal::MulFunctor<float>>, std::array<char *, (unsigned long)2>>(int, T2, T3)"
:stage.process:model.layers.1.self_attn.o_proj,PushPop,3033121,3035516,1,12,24128,2010.7,2112.0,1728,2432,253.0,"void at::native::vectorized_elementwise_kernel<(int)4, at::native::<unnamed>::CompareFunctor<float>, std::array<char *, (unsigned long)3>>(int, T2, T3)"
:stage.process:model.layers.1.self_attn.o_proj,PushPop,3033121,3035516,1,3,20128,6709.3,8160.0,3808,8160,2512.6,"void at::native::unrolled_elementwise_kernel<at::native::direct_copy_kernel_cuda(at::TensorIteratorBase &)::[lambda() (instance 3)]::operator ()() const::[lambda() (instance 3)]::operator ()() const::[lambda(int) (instance 1)], std::array<char *, (unsigned long)2>, (int)4, TrivialOffsetCalculator<(int)1, unsigned int>, TrivialOffsetCalculator<(int)1, unsigned int>, at::native::memory::LoadWithCast<(int)1>, at::native::memory::StoreWithCast<(int)1>>(int, T1, T2, T4, T5, T6, T7)"
:stage.process:model.layers.1.self_attn.o_proj,PushPop,3033121,3035516,1,2,19648,9824.0,9824.0,9792,9856,45.3,"void at::native::vectorized_elementwise_kernel<(int)2, at::native::BUnaryFunctor<long, long, long, at::native::lshift_kernel_cuda(at::TensorIteratorBase &)::[lambda() (instance 1)]::operator ()() const::[lambda() (instance 4)]::operator ()() const::[lambda(long, long) (instance 1)]>, std::array<char *, (unsigned long)2>>(int, T2, T3)"
:stage.process:model.layers.1.self_attn.o_proj,PushPop,3033121,3035516,1,1,19616,19616.0,19616.0,19616,19616,0.0,"void at::native::elementwise_kernel<(int)128, (int)2, void at::native::gpu_kernel_impl_nocast<at::native::BinaryFunctor<float, float, float, at::native::binary_internal::DivFunctor<float>>>(at::TensorIteratorBase &, const T1 &)::[lambda(int) (instance 1)]>(int, T3)"
:stage.process:model.layers.1.self_attn.o_proj,PushPop,3033121,3035516,1,6,17888,2981.3,1632.0,1536,9760,3321.8,"void at::native::vectorized_elementwise_kernel<(int)2, at::native::AUnaryFunctor<long, long, long, at::native::binary_internal::MulFunctor<long>>, std::array<char *, (unsigned long)2>>(int, T2, T3)"
:stage.process:model.layers.1.self_attn.o_proj,PushPop,3033121,3035516,1,1,16576,16576.0,16576.0,16576,16576,0.0,"void at::native::vectorized_elementwise_kernel<(int)4, void at::native::<unnamed>::pow_tensor_scalar_kernel_impl<float, float>(at::TensorIteratorBase &, T2)::[lambda(float) (instance 1)], std::array<char *, (unsigned long)2>>(int, T2, T3)"
:stage.process:model.layers.1.self_attn.o_proj,PushPop,3033121,3035516,1,5,16480,3296.0,1600.0,1536,10112,3810.6,"void at::native::vectorized_elementwise_kernel<(int)2, at::native::CUDAFunctorOnSelf_add<long>, std::array<char *, (unsigned long)2>>(int, T2, T3)"
:stage.process:model.layers.1.self_attn.o_proj,PushPop,3033121,3035516,1,4,14528,3632.0,3616.0,3488,3808,141.9,"void at::native::vectorized_elementwise_kernel<(int)2, at::native::BUnaryFunctor<long, long, long, at::native::remainder_kernel_cuda(at::TensorIteratorBase &)::[lambda() (instance 1)]::operator ()() const::[lambda() (instance 4)]::operator ()() const::[lambda(long, long) (instance 1)]>, std::array<char *, (unsigned long)2>>(int, T2, T3)"
:stage.process:model.layers.1.self_attn.o_proj,PushPop,3033121,3035516,1,3,13376,4458.7,4512.0,4160,4704,275.9,"void at::native::elementwise_kernel<(int)128, (int)2, void at::native::gpu_kernel_impl_nocast<at::native::direct_copy_kernel_cuda(at::TensorIteratorBase &)::[lambda() (instance 3)]::operator ()() const::[lambda() (instance 3)]::operator ()() const::[lambda(int) (instance 1)]>(at::TensorIteratorBase &, const T1 &)::[lambda(int) (instance 1)]>(int, T3)"
:stage.process:model.layers.1.self_attn.o_proj,PushPop,3033121,3035516,1,8,12128,1516.0,1536.0,1440,1600,59.1,"void at::native::unrolled_elementwise_kernel<at::native::AUnaryFunctor<long, long, long, at::native::BitwiseAndFunctor<long>>, std::array<char *, (unsigned long)2>, (int)4, TrivialOffsetCalculator<(int)1, unsigned int>, TrivialOffsetCalculator<(int)1, unsigned int>, at::native::memory::LoadWithoutCast, at::native::memory::StoreWithoutCast>(int, T1, T2, T4, T5, T6, T7)"
:stage.process:model.layers.1.self_attn.o_proj,PushPop,3033121,3035516,1,6,11360,1893.3,1888.0,1888,1920,13.1,"void at::native::vectorized_elementwise_kernel<(int)4, at::native::FillFunctor<unsigned char>, std::array<char *, (unsigned long)1>>(int, T2, T3)"
:stage.process:model.layers.1.self_attn.o_proj,PushPop,3033121,3035516,1,1,11296,11296.0,11296.0,11296,11296,0.0,"void at::native::vectorized_elementwise_kernel<(int)4, at::native::float16_copy_kernel_cuda(at::TensorIteratorBase &)::[lambda(float) (instance 1)], std::array<char *, (unsigned long)2>>(int, T2, T3)"
:stage.process:model.layers.1.self_attn.o_proj,PushPop,3033121,3035516,1,1,11232,11232.0,11232.0,11232,11232,0.0,"void at::native::reduce_kernel<(int)128, (int)4, at::native::ReduceOp<long, at::native::func_wrapper_t<long, at::native::sum_functor<long, long, long>::operator ()(at::TensorIterator &)::[lambda(long, long) (instance 1)]>, unsigned int, long, (int)4, (int)4>>(T3)"
:stage.process:model.layers.1.self_attn.o_proj,PushPop,3033121,3035516,1,3,10688,3562.7,3616.0,3456,3616,92.4,"void at::native::unrolled_elementwise_kernel<at::native::direct_copy_kernel_cuda(at::TensorIteratorBase &)::[lambda() (instance 3)]::operator ()() const::[lambda() (instance 1)]::operator ()() const::[lambda(unsigned char) (instance 1)], std::array<char *, (unsigned long)2>, (int)4, TrivialOffsetCalculator<(int)1, unsigned int>, TrivialOffsetCalculator<(int)1, unsigned int>, at::native::memory::LoadWithCast<(int)1>, at::native::memory::StoreWithCast<(int)1>>(int, T1, T2, T4, T5, T6, T7)"
:stage.process:model.layers.1.self_attn.o_proj,PushPop,3033121,3035516,1,1,9216,9216.0,9216.0,9216,9216,0.0,ampere_sgemm_32x32_sliced1x4_nn
:stage.process:model.layers.1.self_attn.o_proj,PushPop,3033121,3035516,1,3,8128,2709.3,2720.0,2656,2752,48.9,"void at::native::vectorized_elementwise_kernel<(int)4, at::native::AUnaryFunctor<unsigned char, unsigned char, bool, at::native::<unnamed>::CompareEqFunctor<unsigned char>>, std::array<char *, (unsigned long)2>>(int, T2, T3)"
:stage.process:model.layers.1.self_attn.o_proj,PushPop,3033121,3035516,1,4,8096,2024.0,2032.0,1952,2080,54.7,"void at::native::vectorized_elementwise_kernel<(int)4, at::native::FillFunctor<bool>, std::array<char *, (unsigned long)1>>(int, T2, T3)"
:stage.process:model.layers.1.self_attn.o_proj,PushPop,3033121,3035516,1,2,7648,3824.0,3824.0,3808,3840,22.6,"void at::native::vectorized_elementwise_kernel<(int)2, at::native::BUnaryFunctor<long, long, long, at::native::binary_internal::div_floor_kernel_cuda(at::TensorIteratorBase &)::[lambda() (instance 1)]::operator ()() const::[lambda() (instance 4)]::operator ()() const::[lambda(long, long) (instance 1)]>, std::array<char *, (unsigned long)2>>(int, T2, T3)"
:stage.process:model.layers.1.self_attn.o_proj,PushPop,3033121,3035516,1,4,7456,1864.0,1856.0,1792,1952,66.0,"void at::native::vectorized_elementwise_kernel<(int)4, void at::native::compare_scalar_kernel<c10::Half>(at::TensorIteratorBase &, at::native::<unnamed>::OpType, T1)::[lambda(c10::Half) (instance 1)], std::array<char *, (unsigned long)2>>(int, T2, T3)"
:stage.process:model.layers.1.self_attn.o_proj,PushPop,3033121,3035516,1,2,6560,3280.0,3280.0,3232,3328,67.9,"void at::native::elementwise_kernel<(int)128, (int)2, void at::native::gpu_kernel_impl_nocast<at::native::AbsFunctor<float>>(at::TensorIteratorBase &, const T1 &)::[lambda(int) (instance 1)]>(int, T3)"
:stage.process:model.layers.1.self_attn.o_proj,PushPop,3033121,3035516,1,2,6400,3200.0,3200.0,3200,3200,0.0,"void at::native::elementwise_kernel<(int)128, (int)2, void at::native::gpu_kernel_impl_nocast<at::native::CUDAFunctor_add<long>>(at::TensorIteratorBase &, const T1 &)::[lambda(int) (instance 1)]>(int, T3)"
:stage.process:model.layers.1.self_attn.o_proj,PushPop,3033121,3035516,1,3,5728,1909.3,1952.0,1632,2144,258.7,"void at::native::vectorized_elementwise_kernel<(int)4, at::native::BinaryFunctor<float, float, float, at::native::maximum_kernel_cuda(at::TensorIteratorBase &)::[lambda() (instance 2)]::operator ()() const::[lambda() (instance 2)]::operator ()() const::[lambda(float, float) (instance 1)]>, std::array<char *, (unsigned long)3>>(int, T2, T3)"
:stage.process:model.layers.1.self_attn.o_proj,PushPop,3033121,3035516,1,2,4736,2368.0,2368.0,2368,2368,0.0,"void at::native::vectorized_elementwise_kernel<(int)2, at::native::CUDAFunctorOnOther_add<long>, std::array<char *, (unsigned long)2>>(int, T2, T3)"
:stage.process:model.layers.1.self_attn.o_proj,PushPop,3033121,3035516,1,3,4544,1514.7,1536.0,1472,1536,37.0,"xxtrf4_set_info_ker(int, int *)"
:stage.process:model.layers.1.self_attn.o_proj,PushPop,3033121,3035516,1,1,4448,4448.0,4448.0,4448,4448,0.0,"void at::native::<unnamed>::CatArrayBatchedCopy_vectorized<at::native::<unnamed>::OpaqueType<(unsigned int)2>, unsigned int, (int)1, (int)128, (int)1, (int)16, (int)8>(char *, at::native::<unnamed>::CatArrInputTensorMetadata<T1, T2, T4, T5>, at::native::<unnamed>::TensorSizeStride<T2, (unsigned int)4>, int, T2)"
:stage.process:model.layers.1.self_attn.o_proj,PushPop,3033121,3035516,1,1,3680,3680.0,3680.0,3680,3680,0.0,"void at::native::vectorized_elementwise_kernel<(int)4, at::native::AUnaryFunctor<unsigned char, unsigned char, unsigned char, at::native::binary_internal::MulFunctor<unsigned char>>, std::array<char *, (unsigned long)2>>(int, T2, T3)"
:stage.process:model.layers.1.self_attn.o_proj,PushPop,3033121,3035516,1,1,2848,2848.0,2848.0,2848,2848,0.0,"void at::native::vectorized_elementwise_kernel<(int)4, at::native::BinaryFunctor<unsigned char, unsigned char, bool, at::native::<unnamed>::CompareEqFunctor<unsigned char>>, std::array<char *, (unsigned long)3>>(int, T2, T3)"
:stage.process:model.layers.1.self_attn.o_proj,PushPop,3033121,3035516,1,1,2368,2368.0,2368.0,2368,2368,0.0,"void at::native::unrolled_elementwise_kernel<at::native::direct_copy_kernel_cuda(at::TensorIteratorBase &)::[lambda() (instance 3)]::operator ()() const::[lambda() (instance 11)]::operator ()() const::[lambda(bool) (instance 1)], std::array<char *, (unsigned long)2>, (int)4, TrivialOffsetCalculator<(int)1, unsigned int>, TrivialOffsetCalculator<(int)1, unsigned int>, at::native::memory::LoadWithCast<(int)1>, at::native::memory::StoreWithCast<(int)1>>(int, T1, T2, T4, T5, T6, T7)"
:stage.process:model.layers.1.self_attn.o_proj,PushPop,3033121,3035516,1,1,2336,2336.0,2336.0,2336,2336,0.0,"void at::native::vectorized_elementwise_kernel<(int)4, at::native::sqrt_kernel_cuda(at::TensorIteratorBase &)::[lambda() (instance 2)]::operator ()() const::[lambda() (instance 2)]::operator ()() const::[lambda(float) (instance 1)], std::array<char *, (unsigned long)2>>(int, T2, T3)"
:stage.process:model.layers.1.self_attn.o_proj,PushPop,3033121,3035516,1,1,2112,2112.0,2112.0,2112,2112,0.0,"void at::native::unrolled_elementwise_kernel<at::native::<unnamed>::CompareFunctor<c10::Half>, std::array<char *, (unsigned long)3>, (int)4, TrivialOffsetCalculator<(int)2, unsigned int>, TrivialOffsetCalculator<(int)1, unsigned int>, at::native::memory::LoadWithoutCast, at::native::memory::StoreWithoutCast>(int, T1, T2, T4, T5, T6, T7)"
:stage.process:model.layers.1.self_attn.o_proj,PushPop,3033121,3035516,1,1,1760,1760.0,1760.0,1760,1760,0.0,"void at::native::vectorized_elementwise_kernel<(int)4, at::native::<unnamed>::launch_clamp_scalar(at::TensorIteratorBase &, c10::Scalar, c10::Scalar, at::native::detail::ClampLimits)::[lambda() (instance 1)]::operator ()() const::[lambda() (instance 7)]::operator ()() const::[lambda(float) (instance 1)], std::array<char *, (unsigned long)2>>(int, T2, T3)"
:stage.process:model.layers.1.self_attn.q_proj,PushPop,3033121,3035516,1,1318,1963663952,1489881.6,1016849.5,1001921,3478405,937546.2,void <unnamed>::qvq_fused_w2_family_grid_kernel<(bool)0>(<unnamed>::FusedSequenceArgs)
:stage.process:model.layers.1.self_attn.q_proj,PushPop,3033121,3035516,1,766,1445918442,1887622.0,1435266.0,1354402,2884228,649367.8,"void <unnamed>::qvq_viterbi_kernel<(int)4, (int)2, __half, unsigned char>(const float *, const T3 *, const float *, const long *, const float *, T4 *, long *, float *, int, int, int, bool, bool, bool)"
:stage.process:model.layers.1.self_attn.q_proj,PushPop,3033121,3035516,1,3744,541634739,144667.4,144768.0,132961,218816,4152.3,"void <unnamed>::qvq_v2_segment_grid_kernel<(int)4, (int)2, (int)16, (bool)1, (bool)0, __half, unsigned char>(const float *, const T6 *, const float *, const long *, const float *, const float *, float *, T7 *, unsigned char *, int, int, int, bool, bool)"
:stage.process:model.layers.1.self_attn.q_proj,PushPop,3033121,3035516,1,694,403324958,581159.9,576176.5,307521,873889,162736.0,ampere_sgemm_64x32_sliced1x4_nt
:stage.process:model.layers.1.self_attn.q_proj,PushPop,3033121,3035516,1,1318,115601661,87709.9,87040.0,67968,105793,9346.8,"<unnamed>::qvq_fused_w2_traceback_kernel(const unsigned char *, const unsigned char *, const int *, long *, unsigned char *, int)"
:stage.process:model.layers.1.self_attn.q_proj,PushPop,3033121,3035516,1,4080,71668777,17565.9,8384.0,4576,51104,13280.1,"void at::native::index_elementwise_kernel<(int)128, (int)4, void at::native::gpu_index_kernel<void at::native::index_kernel_impl<at::native::OpaqueType<(int)4>>(at::TensorIteratorBase &, c10::ArrayRef<long>, c10::ArrayRef<long>)::[lambda(char *, const char *, long) (instance 1)]>(at::TensorIteratorBase &, c10::ArrayRef<long>, c10::ArrayRef<long>, const T1 &, bool)::[lambda(int) (instance 1)]>(long, T3)"
:stage.process:model.layers.1.self_attn.q_proj,PushPop,3033121,3035516,1,288,51222183,177854.8,178320.0,59200,297153,70099.0,void cutlass::Kernel2<cutlass_80_simt_sgemm_128x32_8x5_nt_align1>(T1::Params)
:stage.process:model.layers.1.self_attn.q_proj,PushPop,3033121,3035516,1,468,36650844,78313.8,77472.0,67328,89760,4469.4,"void <unnamed>::qvq_v2_segment_grid_finalize_kernel<(int)4, (int)2, (int)16, (bool)0, __half, unsigned char>(const float *, const T5 *, const float *, const long *, const float *, const float *, const T6 *, const unsigned char *, long *, unsigned char *, float *, int, int, bool, bool)"
:stage.process:model.layers.1.self_attn.q_proj,PushPop,3033121,3035516,1,996,30036230,30156.9,29840.0,4352,61696,15689.1,"void gemmSN_NN_kernel<float, (int)128, (int)2, (int)4, (int)8, (int)4, (int)4, (bool)0, cublasGemvTensorStridedBatched<const float>, cublasGemvTensorStridedBatched<const float>, cublasGemvTensorStridedBatched<float>>(cublasGemmSmallNParams<T9, T10, T11, T1>)"
:stage.process:model.layers.1.self_attn.q_proj,PushPop,3033121,3035516,1,50,20751261,415025.2,20896.5,15968,869090,416917.6,ampere_sgemm_128x32_nn
:stage.process:model.layers.1.self_attn.q_proj,PushPop,3033121,3035516,1,2964,19048795,6426.7,7328.0,2528,11776,1814.0,"void at::native::reduce_kernel<(int)512, (int)1, at::native::ReduceOp<bool, at::native::func_wrapper_t<bool, at::native::and_kernel_cuda(at::TensorIterator &)::[lambda() (instance 1)]::operator ()() const::[lambda() (instance 12)]::operator ()() const::[lambda(bool, bool) (instance 1)]>, unsigned int, bool, (int)4, (int)4>>(T3)"
:stage.process:model.layers.1.self_attn.q_proj,PushPop,3033121,3035516,1,1318,15594831,11832.2,13248.0,9120,14688,2156.6,"<unnamed>::qvq_fused_detect_family_mask_kernel(const unsigned int *, int *)"
:stage.process:model.layers.1.self_attn.q_proj,PushPop,3033121,3035516,1,2040,13374895,6556.3,6624.0,3456,7168,343.4,"void at::native::index_elementwise_kernel<(int)128, (int)4, void at::native::gpu_index_kernel<void at::native::index_put_kernel_impl<at::native::OpaqueType<(int)4>>(at::TensorIterator &, c10::ArrayRef<long>, c10::ArrayRef<long>)::[lambda(char *, const char *, long) (instance 1)]>(at::TensorIteratorBase &, c10::ArrayRef<long>, c10::ArrayRef<long>, const T1 &, bool)::[lambda(int) (instance 1)]>(long, T3)"
:stage.process:model.layers.1.self_attn.q_proj,PushPop,3033121,3035516,1,1405,12307277,8759.6,8320.0,4576,33408,1376.7,"void at::native::index_elementwise_kernel<(int)128, (int)4, void at::native::gpu_index_kernel<void at::native::index_kernel_impl<at::native::OpaqueType<(int)2>>(at::TensorIteratorBase &, c10::ArrayRef<long>, c10::ArrayRef<long>)::[lambda(char *, const char *, long) (instance 1)]>(at::TensorIteratorBase &, c10::ArrayRef<long>, c10::ArrayRef<long>, const T1 &, bool)::[lambda(int) (instance 1)]>(long, T3)"
:stage.process:model.layers.1.self_attn.q_proj,PushPop,3033121,3035516,1,1788,11995216,6708.7,7200.0,3296,8608,1371.1,"void at::native::reduce_kernel<(int)512, (int)1, at::native::ReduceOp<float, at::native::func_wrapper_t<float, at::native::MaxNanFunctor<float>>, unsigned int, float, (int)4, (int)4>>(T3)"
:stage.process:model.layers.1.self_attn.q_proj,PushPop,3033121,3035516,1,2241,8739049,3899.6,3200.0,2112,55040,4899.5,"void at::native::elementwise_kernel<(int)128, (int)2, void at::native::gpu_kernel_impl_nocast<at::native::direct_copy_kernel_cuda(at::TensorIteratorBase &)::[lambda() (instance 3)]::operator ()() const::[lambda() (instance 7)]::operator ()() const::[lambda(float) (instance 1)]>(at::TensorIteratorBase &, const T1 &)::[lambda(int) (instance 1)]>(int, T3)"
:stage.process:model.layers.1.self_attn.q_proj,PushPop,3033121,3035516,1,3611,7754829,2147.6,2048.0,1536,18336,826.9,"void at::native::vectorized_elementwise_kernel<(int)4, at::native::AbsFunctor<float>, std::array<char *, (unsigned long)2>>(int, T2, T3)"
:stage.process:model.layers.1.self_attn.q_proj,PushPop,3033121,3035516,1,1020,6891397,6756.3,6848.0,3424,7360,453.7,"void at::native::index_elementwise_kernel<(int)128, (int)4, void at::native::gpu_index_kernel<void at::native::index_put_kernel_impl<at::native::OpaqueType<(int)8>>(at::TensorIterator &, c10::ArrayRef<long>, c10::ArrayRef<long>)::[lambda(char *, const char *, long) (instance 1)]>(at::TensorIteratorBase &, c10::ArrayRef<long>, c10::ArrayRef<long>, const T1 &, bool)::[lambda(int) (instance 1)]>(long, T3)"
:stage.process:model.layers.1.self_attn.q_proj,PushPop,3033121,3035516,1,772,6460876,8369.0,8384.0,7968,9120,125.8,"void at::native::reduce_kernel<(int)512, (int)1, at::native::ReduceOp<c10::Half, at::native::func_wrapper_t<c10::Half, at::native::MaxNanFunctor<c10::Half>>, unsigned int, c10::Half, (int)4, (int)4>>(T3)"
:stage.process:model.layers.1.self_attn.q_proj,PushPop,3033121,3035516,1,2593,5563361,2145.5,2080.0,1632,6656,310.9,"void at::native::vectorized_elementwise_kernel<(int)4, at::native::BinaryFunctor<bool, bool, bool, at::native::binary_internal::MulFunctor<bool>>, std::array<char *, (unsigned long)3>>(int, T2, T3)"
:stage.process:model.layers.1.self_attn.q_proj,PushPop,3033121,3035516,1,177,5511782,31140.0,27520.0,3904,73184,22391.8,"void gemmSN_NN_kernel<float, (int)256, (int)4, (int)2, (int)8, (int)4, (int)4, (bool)0, cublasGemvTensorStridedBatched<const float>, cublasGemvTensorStridedBatched<const float>, cublasGemvTensorStridedBatched<float>>(cublasGemmSmallNParams<T9, T10, T11, T1>)"
:stage.process:model.layers.1.self_attn.q_proj,PushPop,3033121,3035516,1,1285,5280552,4109.4,4096.0,2784,18880,592.7,"void at::native::unrolled_elementwise_kernel<at::native::direct_copy_kernel_cuda(at::TensorIteratorBase &)::[lambda() (instance 3)]::operator ()() const::[lambda() (instance 7)]::operator ()() const::[lambda(float) (instance 1)], std::array<char *, (unsigned long)2>, (int)4, TrivialOffsetCalculator<(int)1, unsigned int>, TrivialOffsetCalculator<(int)1, unsigned int>, at::native::memory::LoadWithCast<(int)1>, at::native::memory::StoreWithCast<(int)1>>(int, T1, T2, T4, T5, T6, T7)"
:stage.process:model.layers.1.self_attn.q_proj,PushPop,3033121,3035516,1,5,4711141,942228.2,935009.0,932961,972993,17223.0,ampere_sgemm_128x32_tn
:stage.process:model.layers.1.self_attn.q_proj,PushPop,3033121,3035516,1,765,4669765,6104.3,6432.0,3136,8160,1197.6,"void at::native::index_elementwise_kernel<(int)128, (int)4, void at::native::gpu_index_kernel<void at::native::index_put_kernel_impl<at::native::OpaqueType<(int)1>>(at::TensorIterator &, c10::ArrayRef<long>, c10::ArrayRef<long>)::[lambda(char *, const char *, long) (instance 1)]>(at::TensorIteratorBase &, c10::ArrayRef<long>, c10::ArrayRef<long>, const T1 &, bool)::[lambda(int) (instance 1)]>(long, T3)"
:stage.process:model.layers.1.self_attn.q_proj,PushPop,3033121,3035516,1,1824,3980806,2182.5,2112.0,1472,16608,953.7,"void at::native::vectorized_elementwise_kernel<(int)4, at::native::BinaryFunctor<float, float, bool, at::native::<unnamed>::CompareEqFunctor<float>>, std::array<char *, (unsigned long)3>>(int, T2, T3)"
:stage.process:model.layers.1.self_attn.q_proj,PushPop,3033121,3035516,1,1823,3847910,2110.8,2080.0,1504,6400,343.6,"void at::native::vectorized_elementwise_kernel<(int)4, at::native::AUnaryFunctor<float, float, bool, at::native::<unnamed>::CompareEqFunctor<float>>, std::array<char *, (unsigned long)2>>(int, T2, T3)"
:stage.process:model.layers.1.self_attn.q_proj,PushPop,3033121,3035516,1,2044,3763394,1841.2,1824.0,1536,2208,106.6,"void at::native::vectorized_elementwise_kernel<(int)4, at::native::BinaryFunctor<bool, bool, bool, at::native::logical_or_kernel_cuda(at::TensorIterator &)::[lambda() (instance 2)]::operator ()() const::[lambda() (instance 9)]::operator ()() const::[lambda(bool, bool) (instance 1)]>, std::array<char *, (unsigned long)3>>(int, T2, T3)"
:stage.process:model.layers.1.self_attn.q_proj,PushPop,3033121,3035516,1,1150,3686147,3205.3,3200.0,1856,24416,658.8,"void at::native::elementwise_kernel<(int)128, (int)2, void at::native::gpu_kernel_impl_nocast<at::native::direct_copy_kernel_cuda(at::TensorIteratorBase &)::[lambda() (instance 3)]::operator ()() const::[lambda() (instance 4)]::operator ()() const::[lambda(long) (instance 1)]>(at::TensorIteratorBase &, const T1 &)::[lambda(int) (instance 1)]>(int, T3)"
:stage.process:model.layers.1.self_attn.q_proj,PushPop,3033121,3035516,1,1542,3424362,2220.7,2144.0,1824,3072,191.5,"void at::native::vectorized_elementwise_kernel<(int)4, at::native::AbsFunctor<c10::Half>, std::array<char *, (unsigned long)2>>(int, T2, T3)"
:stage.process:model.layers.1.self_attn.q_proj,PushPop,3033121,3035516,1,429,3238371,7548.7,4288.0,3200,45920,4846.4,"void at::native::elementwise_kernel<(int)128, (int)2, void at::native::gpu_kernel_impl_nocast<at::native::CUDAFunctor_add<float>>(at::TensorIteratorBase &, const T1 &)::[lambda(int) (instance 1)]>(int, T3)"
:stage.process:model.layers.1.self_attn.q_proj,PushPop,3033121,3035516,1,1268,3236133,2552.2,2528.0,1824,3456,359.8,"void at::native::elementwise_kernel<(int)128, (int)2, void at::native::gpu_kernel_impl_nocast<at::native::AUnaryFunctor<long, long, long, at::native::BitwiseAndFunctor<long>>>(at::TensorIteratorBase &, const T1 &)::[lambda(int) (instance 1)]>(int, T3)"
:stage.process:model.layers.1.self_attn.q_proj,PushPop,3033121,3035516,1,1276,3229061,2530.6,2464.0,1760,3232,197.5,"void at::native::roll_cuda_kernel<float>(const T1 *, T1 *, long, long, long, long, long, long)"
:stage.process:model.layers.1.self_attn.q_proj,PushPop,3033121,3035516,1,1234,3219496,2609.0,2688.0,2176,3328,260.0,"<unnamed>::qvq_half2_codebook_norm_pack_kernel(const __half *, unsigned long *, int)"
:stage.process:model.layers.1.self_attn.q_proj,PushPop,3033121,3035516,1,1176,3148166,2677.0,2208.0,1632,27584,2994.6,"void at::native::vectorized_elementwise_kernel<(int)4, at::native::CUDAFunctor_add<float>, std::array<char *, (unsigned long)3>>(int, T2, T3)"
:stage.process:model.layers.1.self_attn.q_proj,PushPop,3033121,3035516,1,378,3113541,8236.9,8224.0,7840,8448,64.1,"void batch_trsm_left_kernel<float, (int)64, (int)4, (int)3, (bool)0, (bool)0, (bool)1>(cublasTrsmBatchParams2<T1>, T1, const T1 *, int)"
:stage.process:model.layers.1.self_attn.q_proj,PushPop,3033121,3035516,1,901,2807458,3115.9,3232.0,1952,11616,605.5,"void at::native::unrolled_elementwise_kernel<at::native::direct_copy_kernel_cuda(at::TensorIteratorBase &)::[lambda() (instance 3)]::operator ()() const::[lambda() (instance 4)]::operator ()() const::[lambda(long) (instance 1)], std::array<char *, (unsigned long)2>, (int)4, TrivialOffsetCalculator<(int)1, unsigned int>, TrivialOffsetCalculator<(int)1, unsigned int>, at::native::memory::LoadWithCast<(int)1>, at::native::memory::StoreWithCast<(int)1>>(int, T1, T2, T4, T5, T6, T7)"
:stage.process:model.layers.1.self_attn.q_proj,PushPop,3033121,3035516,1,3,2775396,925132.0,925281.0,924609,925506,466.7,"void kernel<getrf_wo_pivot_params_<float, (int)0, (int)256, (int)1, (int)64, (int)64, (int)68, (int)8, (int)1, (int)1>>(int, int, void *, int, void *, int, int, int, int, int, int *)"
:stage.process:model.layers.1.self_attn.q_proj,PushPop,3033121,3035516,1,1534,2546979,1660.4,1664.0,1536,2144,86.3,"void at::native::vectorized_elementwise_kernel<(int)4, void at::native::compare_scalar_kernel<float>(at::TensorIteratorBase &, at::native::<unnamed>::OpType, T1)::[lambda(float) (instance 1)], std::array<char *, (unsigned long)2>>(int, T2, T3)"
:stage.process:model.layers.1.self_attn.q_proj,PushPop,3033121,3035516,1,400,2325125,5812.8,4032.0,4000,53728,8822.5,ampere_sgemm_32x128_nt
:stage.process:model.layers.1.self_attn.q_proj,PushPop,3033121,3035516,1,1020,1971076,1932.4,1920.0,1632,2304,103.5,"void at::native::vectorized_elementwise_kernel<(int)4, at::native::bitwise_not_kernel_cuda(at::TensorIteratorBase &)::[lambda(bool) (instance 1)], std::array<char *, (unsigned long)2>>(int, T2, T3)"
:stage.process:model.layers.1.self_attn.q_proj,PushPop,3033121,3035516,1,1318,1891876,1435.4,1440.0,1280,1664,88.2,"void at::native::vectorized_elementwise_kernel<(int)4, at::native::FillFunctor<int>, std::array<char *, (unsigned long)1>>(int, T2, T3)"
:stage.process:model.layers.1.self_attn.q_proj,PushPop,3033121,3035516,1,770,1746019,2267.6,2240.0,1760,2368,41.4,"void at::native::vectorized_elementwise_kernel<(int)4, at::native::BinaryFunctor<c10::Half, c10::Half, bool, at::native::<unnamed>::CompareEqFunctor<c10::Half>>, std::array<char *, (unsigned long)3>>(int, T2, T3)"
:stage.process:model.layers.1.self_attn.q_proj,PushPop,3033121,3035516,1,770,1729922,2246.7,2240.0,1792,2336,40.2,"void at::native::vectorized_elementwise_kernel<(int)4, at::native::AUnaryFunctor<c10::Half, c10::Half, bool, at::native::<unnamed>::CompareEqFunctor<c10::Half>>, std::array<char *, (unsigned long)2>>(int, T2, T3)"
:stage.process:model.layers.1.self_attn.q_proj,PushPop,3033121,3035516,1,1022,1459553,1428.1,1440.0,1312,7328,256.7,"void at::native::vectorized_elementwise_kernel<(int)2, at::native::FillFunctor<long>, std::array<char *, (unsigned long)1>>(int, T2, T3)"
:stage.process:model.layers.1.self_attn.q_proj,PushPop,3033121,3035516,1,782,1399169,1789.2,1728.0,1600,12032,549.5,"void at::native::vectorized_elementwise_kernel<(int)4, void at::native::compare_scalar_kernel<long>(at::TensorIteratorBase &, at::native::<unnamed>::OpType, T1)::[lambda(long) (instance 1)], std::array<char *, (unsigned long)2>>(int, T2, T3)"
:stage.process:model.layers.1.self_attn.q_proj,PushPop,3033121,3035516,1,512,1307681,2554.1,2528.0,2368,2816,127.3,"void at::native::unrolled_elementwise_kernel<at::native::BinaryFunctor<float, float, float, at::native::maximum_kernel_cuda(at::TensorIteratorBase &)::[lambda() (instance 2)]::operator ()() const::[lambda() (instance 2)]::operator ()() const::[lambda(float, float) (instance 1)]>, std::array<char *, (unsigned long)3>, (int)4, TrivialOffsetCalculator<(int)2, unsigned int>, TrivialOffsetCalculator<(int)1, unsigned int>, at::native::memory::LoadWithCast<(int)2>, at::native::memory::StoreWithCast<(int)1>>(int, T1, T2, T4, T5, T6, T7)"
:stage.process:model.layers.1.self_attn.q_proj,PushPop,3033121,3035516,1,779,1060192,1361.0,1376.0,1248,2016,74.2,"void <unnamed>::elementwise_kernel_with_index<int, at::native::arange_cuda_out(const c10::Scalar &, const c10::Scalar &, const c10::Scalar &, at::Tensor &)::[lambda() (instance 1)]::operator ()() const::[lambda() (instance 4)]::operator ()() const::[lambda(long) (instance 1)]>(T1, T2, function_traits<T2>::result_type *)"
:stage.process:model.layers.1.self_attn.q_proj,PushPop,3033121,3035516,1,256,1049505,4099.6,4048.0,3904,4384,168.8,"void at::native::elementwise_kernel<(int)128, (int)4, void at::native::gpu_kernel_impl_nocast<at::native::direct_copy_kernel_cuda(at::TensorIteratorBase &)::[lambda() (instance 3)]::operator ()() const::[lambda() (instance 10)]::operator ()() const::[lambda(c10::Half) (instance 1)]>(at::TensorIteratorBase &, const T1 &)::[lambda(int) (instance 1)]>(int, T3)"
:stage.process:model.layers.1.self_attn.q_proj,PushPop,3033121,3035516,1,32,933088,29159.0,29008.0,19776,39200,6779.3,ampere_sgemm_128x32_nt
:stage.process:model.layers.1.self_attn.q_proj,PushPop,3033121,3035516,1,263,899776,3421.2,3264.0,3008,10240,988.2,"void at::native::reduce_kernel<(int)512, (int)1, at::native::ReduceOp<bool, at::native::func_wrapper_t<bool, at::native::or_kernel_cuda(at::TensorIterator &)::[lambda() (instance 1)]::operator ()() const::[lambda() (instance 12)]::operator ()() const::[lambda(bool, bool) (instance 1)]>, unsigned int, bool, (int)4, (int)4>>(T3)"
:stage.process:model.layers.1.self_attn.q_proj,PushPop,3033121,3035516,1,43,858530,19965.8,19744.0,17696,23456,1625.0,ampere_sgemm_128x32_sliced1x4_nn
:stage.process:model.layers.1.self_attn.q_proj,PushPop,3033121,3035516,1,128,727968,5687.3,5696.0,5248,6208,135.9,"void at::native::unrolled_elementwise_kernel<at::native::CUDAFunctor_add<float>, std::array<char *, (unsigned long)3>, (int)4, TrivialOffsetCalculator<(int)2, unsigned int>, TrivialOffsetCalculator<(int)1, unsigned int>, at::native::memory::LoadWithCast<(int)2>, at::native::memory::StoreWithCast<(int)1>>(int, T1, T2, T4, T5, T6, T7)"
:stage.process:model.layers.1.self_attn.q_proj,PushPop,3033121,3035516,1,3,664835,221611.7,329697.0,5249,329889,187375.6,"void at::native::reduce_kernel<(int)512, (int)1, at::native::ReduceOp<long, at::native::func_wrapper_t<long, at::native::sum_functor<long, long, long>::operator ()(at::TensorIterator &)::[lambda(long, long) (instance 1)]>, unsigned int, long, (int)4, (int)4>>(T3)"
:stage.process:model.layers.1.self_attn.q_proj,PushPop,3033121,3035516,1,11,587520,53410.9,10560.0,3232,257760,100904.3,"void at::native::vectorized_elementwise_kernel<(int)2, at::native::AUnaryFunctor<long, long, long, at::native::BitwiseAndFunctor<long>>, std::array<char *, (unsigned long)2>>(int, T2, T3)"
:stage.process:model.layers.1.self_attn.q_proj,PushPop,3033121,3035516,1,4,556832,139208.0,141232.0,3776,270592,151599.8,"void at::native::elementwise_kernel<(int)128, (int)2, void at::native::gpu_kernel_impl_nocast<at::native::BinaryFunctor<long, long, long, at::native::lshift_kernel_cuda(at::TensorIteratorBase &)::[lambda() (instance 1)]::operator ()() const::[lambda() (instance 4)]::operator ()() const::[lambda(long, long) (instance 1)]>>(at::TensorIteratorBase &, const T1 &)::[lambda(int) (instance 1)]>(int, T3)"
:stage.process:model.layers.1.self_attn.q_proj,PushPop,3033121,3035516,1,4,537442,134360.5,134128.5,11296,257889,142103.1,"void at::native::elementwise_kernel<(int)128, (int)2, void at::native::gpu_kernel_impl_nocast<at::native::BinaryFunctor<long, long, long, at::native::rshift_kernel_cuda(at::TensorIteratorBase &)::[lambda() (instance 1)]::operator ()() const::[lambda() (instance 4)]::operator ()() const::[lambda(long, long) (instance 1)]>>(at::TensorIteratorBase &, const T1 &)::[lambda(int) (instance 1)]>(int, T3)"
:stage.process:model.layers.1.self_attn.q_proj,PushPop,3033121,3035516,1,113,505216,4470.9,3360.0,2976,15712,3469.5,"void cublasLt::splitKreduce_kernel<(int)32, (int)16, int, float, float, float, float, (bool)0, float, float, float, (bool)1, (bool)0, (bool)0, (bool)0>(cublasLt::cublasSplitKParams<T6>, const T4 *, const T10 *, T9 *, T5 *, const T6 *, const T6 *, const T11 *, const T4 *, T11 *, void *, long, T6 *, int *, T6 *, T6 *, const T6 *, const T6 *, const T6 *, const T6 *, const T6 *)"
:stage.process:model.layers.1.self_attn.q_proj,PushPop,3033121,3035516,1,129,497729,3858.4,4000.0,3488,7136,366.8,"void at::native::elementwise_kernel<(int)128, (int)4, void at::native::gpu_kernel_impl_nocast<at::native::direct_copy_kernel_cuda(at::TensorIteratorBase &)::[lambda() (instance 3)]::operator ()() const::[lambda() (instance 1)]::operator ()() const::[lambda(unsigned char) (instance 1)]>(at::TensorIteratorBase &, const T1 &)::[lambda(int) (instance 1)]>(int, T3)"
:stage.process:model.layers.1.self_attn.q_proj,PushPop,3033121,3035516,1,3,470464,156821.3,225856.0,18240,226368,120015.2,"void at::native::index_elementwise_kernel<(int)128, (int)4, void at::native::gpu_index_kernel<void at::native::index_kernel_impl<at::native::OpaqueType<(int)8>>(at::TensorIteratorBase &, c10::ArrayRef<long>, c10::ArrayRef<long>)::[lambda(char *, const char *, long) (instance 1)]>(at::TensorIteratorBase &, c10::ArrayRef<long>, c10::ArrayRef<long>, const T1 &, bool)::[lambda(int) (instance 1)]>(long, T3)"
:stage.process:model.layers.1.self_attn.q_proj,PushPop,3033121,3035516,1,263,448321,1704.6,1696.0,1600,3744,260.7,"void at::native::vectorized_elementwise_kernel<(int)4, at::native::BinaryFunctor<bool, bool, bool, at::native::BitwiseOrFunctor<bool>>, std::array<char *, (unsigned long)3>>(int, T2, T3)"
:stage.process:model.layers.1.self_attn.q_proj,PushPop,3033121,3035516,1,16,327328,20458.0,20288.0,19872,21344,461.6,"void at::native::<unnamed>::CatArrayBatchedCopy<at::native::<unnamed>::OpaqueType<(unsigned int)4>, unsigned int, (int)2, (int)64, (int)64>(T1 *, at::native::<unnamed>::CatArrInputTensorMetadata<T1, T2, T4, T5>, at::native::<unnamed>::TensorSizeStride<T2, (unsigned int)4>, int, T2)"
:stage.process:model.layers.1.self_attn.q_proj,PushPop,3033121,3035516,1,132,308384,2336.2,1760.0,1664,22240,3383.0,"void at::native::vectorized_elementwise_kernel<(int)4, at::native::BinaryFunctor<long, long, bool, at::native::<unnamed>::CompareEqFunctor<long>>, std::array<char *, (unsigned long)3>>(int, T2, T3)"
:stage.process:model.layers.1.self_attn.q_proj,PushPop,3033121,3035516,1,128,278848,2178.5,2176.0,2144,2208,11.8,"void at::native::elementwise_kernel<(int)128, (int)2, void at::native::gpu_kernel_impl_nocast<at::native::BUnaryFunctor<long, long, long, at::native::rshift_kernel_cuda(at::TensorIteratorBase &)::[lambda() (instance 1)]::operator ()() const::[lambda() (instance 4)]::operator ()() const::[lambda(long, long) (instance 1)]>>(at::TensorIteratorBase &, const T1 &)::[lambda(int) (instance 1)]>(int, T3)"
:stage.process:model.layers.1.self_attn.q_proj,PushPop,3033121,3035516,1,17,233472,13733.6,14720.0,11040,15008,1349.4,ampere_sgemm_64x32_sliced1x4_nn
:stage.process:model.layers.1.self_attn.q_proj,PushPop,3033121,3035516,1,10,214976,21497.6,21456.0,21120,21824,223.6,"std::enable_if<!T7, void>::type internal::gemvx::kernel<int, int, float, float, float, float, (bool)0, (bool)1, (bool)1, (bool)0, (int)7, (bool)0, cublasGemvParamsEx<int, cublasGemvTensorStridedBatched<const float>, cublasGemvTensorStridedBatched<const float>, cublasGemvTensorStridedBatched<float>, float>>(T13)"
:stage.process:model.layers.1.self_attn.q_proj,PushPop,3033121,3035516,1,10,204609,20460.9,18272.0,3424,49504,11378.9,"void at::native::elementwise_kernel<(int)128, (int)2, void at::native::gpu_kernel_impl_nocast<at::native::BinaryFunctor<float, float, float, at::native::binary_internal::MulFunctor<float>>>(at::TensorIteratorBase &, const T1 &)::[lambda(int) (instance 1)]>(int, T3)"
:stage.process:model.layers.1.self_attn.q_proj,PushPop,3033121,3035516,1,9,179168,19907.6,19776.0,19456,20640,378.1,"void at::native::vectorized_elementwise_kernel<(int)4, at::native::BinaryFunctor<float, float, float, at::native::binary_internal::MulFunctor<float>>, std::array<char *, (unsigned long)3>>(int, T2, T3)"
:stage.process:model.layers.1.self_attn.q_proj,PushPop,3033121,3035516,1,16,170624,10664.0,10336.0,9120,12320,979.8,void cutlass::Kernel2<cutlass_80_simt_sgemm_128x32_8x5_nn_align1>(T1::Params)
:stage.process:model.layers.1.self_attn.q_proj,PushPop,3033121,3035516,1,3,147968,49322.7,48736.0,48320,50912,1392.0,"void at::native::triu_tril_kernel<float, int, (bool)0, (int)2, (bool)1>(at::cuda::detail::TensorInfo<T1, T2>, at::cuda::detail::TensorInfo<const T1, T2>, long, long, T2)"
:stage.process:model.layers.1.self_attn.q_proj,PushPop,3033121,3035516,1,6,132736,22122.7,22032.0,16224,28352,6452.7,"void trsm_batch_left_upper_kernel_small<float, (int)16, (int)16, (int)64>(cublasTrsmBatchParams<T1>, const T1 *const *, T1 *const *, const T1 *, T1)"
:stage.process:model.layers.1.self_attn.q_proj,PushPop,3033121,3035516,1,10,119296,11929.6,11760.0,11264,13728,664.0,"void at::native::reduce_kernel<(int)512, (int)1, at::native::ReduceOp<float, at::native::func_wrapper_t<float, at::native::sum_functor<float, float, float>::operator ()(at::TensorIterator &)::[lambda(float, float) (instance 1)]>, unsigned int, float, (int)4, (int)4>>(T3)"
:stage.process:model.layers.1.self_attn.q_proj,PushPop,3033121,3035516,1,14,108512,7750.9,7360.0,1312,21664,4628.5,"void at::native::vectorized_elementwise_kernel<(int)4, at::native::FillFunctor<float>, std::array<char *, (unsigned long)1>>(int, T2, T3)"
:stage.process:model.layers.1.self_attn.q_proj,PushPop,3033121,3035516,1,9,95329,10592.1,11520.0,1632,12416,3382.1,"void at::native::vectorized_elementwise_kernel<(int)4, at::native::BUnaryFunctor<float, float, float, at::native::binary_internal::MulFunctor<float>>, std::array<char *, (unsigned long)2>>(int, T2, T3)"
:stage.process:model.layers.1.self_attn.q_proj,PushPop,3033121,3035516,1,1,75136,75136.0,75136.0,75136,75136,0.0,"void at::native::<unnamed>::CatArrayBatchedCopy_alignedK_contig<at::native::<unnamed>::OpaqueType<(unsigned int)8>, unsigned int, (int)3, (int)128, (int)1, (int)16>(T1 *, at::native::<unnamed>::CatArrInputTensorMetadata<T1, T2, T4, T5>, at::native::<unnamed>::TensorSizeStride<T2, (unsigned int)4>, int, T2)"
:stage.process:model.layers.1.self_attn.q_proj,PushPop,3033121,3035516,1,10,72064,7206.4,7200.0,3904,11360,2164.8,"void at::native::reduce_kernel<(int)512, (int)1, at::native::ReduceOp<float, at::native::MeanOps<float, float, float, float>, unsigned int, float, (int)4, (int)4>>(T3)"
:stage.process:model.layers.1.self_attn.q_proj,PushPop,3033121,3035516,1,3,53376,17792.0,16864.0,15936,20576,2455.3,"void at::native::vectorized_elementwise_kernel<(int)2, at::native::BinaryFunctor<long, long, long, at::native::BitwiseXorFunctor<long>>, std::array<char *, (unsigned long)3>>(int, T2, T3)"
:stage.process:model.layers.1.self_attn.q_proj,PushPop,3033121,3035516,1,4,41728,10432.0,10464.0,10080,10720,294.4,"void at::native::vectorized_elementwise_kernel<(int)2, at::native::BUnaryFunctor<long, long, long, at::native::rshift_kernel_cuda(at::TensorIteratorBase &)::[lambda() (instance 1)]::operator ()() const::[lambda() (instance 4)]::operator ()() const::[lambda(long, long) (instance 1)]>, std::array<char *, (unsigned long)2>>(int, T2, T3)"
:stage.process:model.layers.1.self_attn.q_proj,PushPop,3033121,3035516,1,10,40928,4092.8,4080.0,3392,4704,409.9,"void at::native::elementwise_kernel<(int)128, (int)2, void at::native::gpu_kernel_impl_nocast<at::native::CUDAFunctorOnSelf_add<float>>(at::TensorIteratorBase &, const T1 &)::[lambda(int) (instance 1)]>(int, T3)"
:stage.process:model.layers.1.self_attn.q_proj,PushPop,3033121,3035516,1,2,38176,19088.0,19088.0,19008,19168,113.1,"void at::native::vectorized_elementwise_kernel<(int)2, at::native::BinaryFunctor<long, long, long, at::native::BitwiseOrFunctor<long>>, std::array<char *, (unsigned long)3>>(int, T2, T3)"
:stage.process:model.layers.1.self_attn.q_proj,PushPop,3033121,3035516,1,6,29472,4912.0,1952.0,1536,11264,4886.3,"void at::native::vectorized_elementwise_kernel<(int)4, at::native::AUnaryFunctor<float, float, float, at::native::binary_internal::MulFunctor<float>>, std::array<char *, (unsigned long)2>>(int, T2, T3)"
:stage.process:model.layers.1.self_attn.q_proj,PushPop,3033121,3035516,1,12,24608,2050.7,2176.0,1728,2304,235.3,"void at::native::vectorized_elementwise_kernel<(int)4, at::native::<unnamed>::CompareFunctor<float>, std::array<char *, (unsigned long)3>>(int, T2, T3)"
:stage.process:model.layers.1.self_attn.q_proj,PushPop,3033121,3035516,1,2,20576,10288.0,10288.0,9984,10592,429.9,"void at::native::vectorized_elementwise_kernel<(int)2, at::native::BUnaryFunctor<long, long, long, at::native::lshift_kernel_cuda(at::TensorIteratorBase &)::[lambda() (instance 1)]::operator ()() const::[lambda() (instance 4)]::operator ()() const::[lambda(long, long) (instance 1)]>, std::array<char *, (unsigned long)2>>(int, T2, T3)"
:stage.process:model.layers.1.self_attn.q_proj,PushPop,3033121,3035516,1,3,20320,6773.3,8096.0,3904,8320,2487.4,"void at::native::unrolled_elementwise_kernel<at::native::direct_copy_kernel_cuda(at::TensorIteratorBase &)::[lambda() (instance 3)]::operator ()() const::[lambda() (instance 3)]::operator ()() const::[lambda(int) (instance 1)], std::array<char *, (unsigned long)2>, (int)4, TrivialOffsetCalculator<(int)1, unsigned int>, TrivialOffsetCalculator<(int)1, unsigned int>, at::native::memory::LoadWithCast<(int)1>, at::native::memory::StoreWithCast<(int)1>>(int, T1, T2, T4, T5, T6, T7)"
:stage.process:model.layers.1.self_attn.q_proj,PushPop,3033121,3035516,1,1,19488,19488.0,19488.0,19488,19488,0.0,"void at::native::elementwise_kernel<(int)128, (int)2, void at::native::gpu_kernel_impl_nocast<at::native::BinaryFunctor<float, float, float, at::native::binary_internal::DivFunctor<float>>>(at::TensorIteratorBase &, const T1 &)::[lambda(int) (instance 1)]>(int, T3)"
:stage.process:model.layers.1.self_attn.q_proj,PushPop,3033121,3035516,1,6,18240,3040.0,1648.0,1568,10016,3417.9,"void at::native::vectorized_elementwise_kernel<(int)2, at::native::AUnaryFunctor<long, long, long, at::native::binary_internal::MulFunctor<long>>, std::array<char *, (unsigned long)2>>(int, T2, T3)"
:stage.process:model.layers.1.self_attn.q_proj,PushPop,3033121,3035516,1,5,17280,3456.0,1696.0,1632,10624,4007.2,"void at::native::vectorized_elementwise_kernel<(int)2, at::native::CUDAFunctorOnSelf_add<long>, std::array<char *, (unsigned long)2>>(int, T2, T3)"
:stage.process:model.layers.1.self_attn.q_proj,PushPop,3033121,3035516,1,1,16576,16576.0,16576.0,16576,16576,0.0,"void at::native::vectorized_elementwise_kernel<(int)4, void at::native::<unnamed>::pow_tensor_scalar_kernel_impl<float, float>(at::TensorIteratorBase &, T2)::[lambda(float) (instance 1)], std::array<char *, (unsigned long)2>>(int, T2, T3)"
:stage.process:model.layers.1.self_attn.q_proj,PushPop,3033121,3035516,1,4,14496,3624.0,3616.0,3456,3808,164.0,"void at::native::vectorized_elementwise_kernel<(int)2, at::native::BUnaryFunctor<long, long, long, at::native::remainder_kernel_cuda(at::TensorIteratorBase &)::[lambda() (instance 1)]::operator ()() const::[lambda() (instance 4)]::operator ()() const::[lambda(long, long) (instance 1)]>, std::array<char *, (unsigned long)2>>(int, T2, T3)"
:stage.process:model.layers.1.self_attn.q_proj,PushPop,3033121,3035516,1,3,13440,4480.0,4576.0,4128,4736,315.2,"void at::native::elementwise_kernel<(int)128, (int)2, void at::native::gpu_kernel_impl_nocast<at::native::direct_copy_kernel_cuda(at::TensorIteratorBase &)::[lambda() (instance 3)]::operator ()() const::[lambda() (instance 3)]::operator ()() const::[lambda(int) (instance 1)]>(at::TensorIteratorBase &, const T1 &)::[lambda(int) (instance 1)]>(int, T3)"
:stage.process:model.layers.1.self_attn.q_proj,PushPop,3033121,3035516,1,8,12320,1540.0,1536.0,1440,1600,46.6,"void at::native::unrolled_elementwise_kernel<at::native::AUnaryFunctor<long, long, long, at::native::BitwiseAndFunctor<long>>, std::array<char *, (unsigned long)2>, (int)4, TrivialOffsetCalculator<(int)1, unsigned int>, TrivialOffsetCalculator<(int)1, unsigned int>, at::native::memory::LoadWithoutCast, at::native::memory::StoreWithoutCast>(int, T1, T2, T4, T5, T6, T7)"
:stage.process:model.layers.1.self_attn.q_proj,PushPop,3033121,3035516,1,6,11328,1888.0,1888.0,1856,1920,20.2,"void at::native::vectorized_elementwise_kernel<(int)4, at::native::FillFunctor<unsigned char>, std::array<char *, (unsigned long)1>>(int, T2, T3)"
:stage.process:model.layers.1.self_attn.q_proj,PushPop,3033121,3035516,1,1,11264,11264.0,11264.0,11264,11264,0.0,"void at::native::reduce_kernel<(int)128, (int)4, at::native::ReduceOp<long, at::native::func_wrapper_t<long, at::native::sum_functor<long, long, long>::operator ()(at::TensorIterator &)::[lambda(long, long) (instance 1)]>, unsigned int, long, (int)4, (int)4>>(T3)"
:stage.process:model.layers.1.self_attn.q_proj,PushPop,3033121,3035516,1,1,11136,11136.0,11136.0,11136,11136,0.0,"void at::native::vectorized_elementwise_kernel<(int)4, at::native::float16_copy_kernel_cuda(at::TensorIteratorBase &)::[lambda(float) (instance 1)], std::array<char *, (unsigned long)2>>(int, T2, T3)"
:stage.process:model.layers.1.self_attn.q_proj,PushPop,3033121,3035516,1,3,10592,3530.7,3584.0,3392,3616,121.2,"void at::native::unrolled_elementwise_kernel<at::native::direct_copy_kernel_cuda(at::TensorIteratorBase &)::[lambda() (instance 3)]::operator ()() const::[lambda() (instance 1)]::operator ()() const::[lambda(unsigned char) (instance 1)], std::array<char *, (unsigned long)2>, (int)4, TrivialOffsetCalculator<(int)1, unsigned int>, TrivialOffsetCalculator<(int)1, unsigned int>, at::native::memory::LoadWithCast<(int)1>, at::native::memory::StoreWithCast<(int)1>>(int, T1, T2, T4, T5, T6, T7)"
:stage.process:model.layers.1.self_attn.q_proj,PushPop,3033121,3035516,1,1,9312,9312.0,9312.0,9312,9312,0.0,ampere_sgemm_32x32_sliced1x4_nn
:stage.process:model.layers.1.self_attn.q_proj,PushPop,3033121,3035516,1,4,8192,2048.0,2064.0,1952,2112,69.1,"void at::native::vectorized_elementwise_kernel<(int)4, at::native::FillFunctor<bool>, std::array<char *, (unsigned long)1>>(int, T2, T3)"
:stage.process:model.layers.1.self_attn.q_proj,PushPop,3033121,3035516,1,3,7840,2613.3,2624.0,2592,2624,18.5,"void at::native::vectorized_elementwise_kernel<(int)4, at::native::AUnaryFunctor<unsigned char, unsigned char, bool, at::native::<unnamed>::CompareEqFunctor<unsigned char>>, std::array<char *, (unsigned long)2>>(int, T2, T3)"
:stage.process:model.layers.1.self_attn.q_proj,PushPop,3033121,3035516,1,2,7616,3808.0,3808.0,3808,3808,0.0,"void at::native::vectorized_elementwise_kernel<(int)2, at::native::BUnaryFunctor<long, long, long, at::native::binary_internal::div_floor_kernel_cuda(at::TensorIteratorBase &)::[lambda() (instance 1)]::operator ()() const::[lambda() (instance 4)]::operator ()() const::[lambda(long, long) (instance 1)]>, std::array<char *, (unsigned long)2>>(int, T2, T3)"
:stage.process:model.layers.1.self_attn.q_proj,PushPop,3033121,3035516,1,4,7424,1856.0,1856.0,1792,1920,52.3,"void at::native::vectorized_elementwise_kernel<(int)4, void at::native::compare_scalar_kernel<c10::Half>(at::TensorIteratorBase &, at::native::<unnamed>::OpType, T1)::[lambda(c10::Half) (instance 1)], std::array<char *, (unsigned long)2>>(int, T2, T3)"
:stage.process:model.layers.1.self_attn.q_proj,PushPop,3033121,3035516,1,2,6560,3280.0,3280.0,3232,3328,67.9,"void at::native::elementwise_kernel<(int)128, (int)2, void at::native::gpu_kernel_impl_nocast<at::native::AbsFunctor<float>>(at::TensorIteratorBase &, const T1 &)::[lambda(int) (instance 1)]>(int, T3)"
:stage.process:model.layers.1.self_attn.q_proj,PushPop,3033121,3035516,1,2,6400,3200.0,3200.0,3200,3200,0.0,"void at::native::elementwise_kernel<(int)128, (int)2, void at::native::gpu_kernel_impl_nocast<at::native::CUDAFunctor_add<long>>(at::TensorIteratorBase &, const T1 &)::[lambda(int) (instance 1)]>(int, T3)"
:stage.process:model.layers.1.self_attn.q_proj,PushPop,3033121,3035516,1,3,5696,1898.7,1952.0,1760,1984,121.2,"void at::native::vectorized_elementwise_kernel<(int)4, at::native::BinaryFunctor<float, float, float, at::native::maximum_kernel_cuda(at::TensorIteratorBase &)::[lambda() (instance 2)]::operator ()() const::[lambda() (instance 2)]::operator ()() const::[lambda(float, float) (instance 1)]>, std::array<char *, (unsigned long)3>>(int, T2, T3)"
:stage.process:model.layers.1.self_attn.q_proj,PushPop,3033121,3035516,1,2,4768,2384.0,2384.0,2368,2400,22.6,"void at::native::vectorized_elementwise_kernel<(int)2, at::native::CUDAFunctorOnOther_add<long>, std::array<char *, (unsigned long)2>>(int, T2, T3)"
:stage.process:model.layers.1.self_attn.q_proj,PushPop,3033121,3035516,1,3,4704,1568.0,1568.0,1472,1664,96.0,"xxtrf4_set_info_ker(int, int *)"
:stage.process:model.layers.1.self_attn.q_proj,PushPop,3033121,3035516,1,1,4320,4320.0,4320.0,4320,4320,0.0,"void at::native::<unnamed>::CatArrayBatchedCopy_vectorized<at::native::<unnamed>::OpaqueType<(unsigned int)2>, unsigned int, (int)1, (int)128, (int)1, (int)16, (int)8>(char *, at::native::<unnamed>::CatArrInputTensorMetadata<T1, T2, T4, T5>, at::native::<unnamed>::TensorSizeStride<T2, (unsigned int)4>, int, T2)"
:stage.process:model.layers.1.self_attn.q_proj,PushPop,3033121,3035516,1,1,3680,3680.0,3680.0,3680,3680,0.0,"void at::native::vectorized_elementwise_kernel<(int)4, at::native::AUnaryFunctor<unsigned char, unsigned char, unsigned char, at::native::binary_internal::MulFunctor<unsigned char>>, std::array<char *, (unsigned long)2>>(int, T2, T3)"
:stage.process:model.layers.1.self_attn.q_proj,PushPop,3033121,3035516,1,1,2816,2816.0,2816.0,2816,2816,0.0,"void at::native::vectorized_elementwise_kernel<(int)4, at::native::BinaryFunctor<unsigned char, unsigned char, bool, at::native::<unnamed>::CompareEqFunctor<unsigned char>>, std::array<char *, (unsigned long)3>>(int, T2, T3)"
:stage.process:model.layers.1.self_attn.q_proj,PushPop,3033121,3035516,1,1,2208,2208.0,2208.0,2208,2208,0.0,"void at::native::unrolled_elementwise_kernel<at::native::direct_copy_kernel_cuda(at::TensorIteratorBase &)::[lambda() (instance 3)]::operator ()() const::[lambda() (instance 11)]::operator ()() const::[lambda(bool) (instance 1)], std::array<char *, (unsigned long)2>, (int)4, TrivialOffsetCalculator<(int)1, unsigned int>, TrivialOffsetCalculator<(int)1, unsigned int>, at::native::memory::LoadWithCast<(int)1>, at::native::memory::StoreWithCast<(int)1>>(int, T1, T2, T4, T5, T6, T7)"
:stage.process:model.layers.1.self_attn.q_proj,PushPop,3033121,3035516,1,1,2144,2144.0,2144.0,2144,2144,0.0,"void at::native::vectorized_elementwise_kernel<(int)4, at::native::sqrt_kernel_cuda(at::TensorIteratorBase &)::[lambda() (instance 2)]::operator ()() const::[lambda() (instance 2)]::operator ()() const::[lambda(float) (instance 1)], std::array<char *, (unsigned long)2>>(int, T2, T3)"
:stage.process:model.layers.1.self_attn.q_proj,PushPop,3033121,3035516,1,1,2112,2112.0,2112.0,2112,2112,0.0,"void at::native::unrolled_elementwise_kernel<at::native::<unnamed>::CompareFunctor<c10::Half>, std::array<char *, (unsigned long)3>, (int)4, TrivialOffsetCalculator<(int)2, unsigned int>, TrivialOffsetCalculator<(int)1, unsigned int>, at::native::memory::LoadWithoutCast, at::native::memory::StoreWithoutCast>(int, T1, T2, T4, T5, T6, T7)"
:stage.process:model.layers.1.self_attn.q_proj,PushPop,3033121,3035516,1,1,1760,1760.0,1760.0,1760,1760,0.0,"void at::native::vectorized_elementwise_kernel<(int)4, at::native::<unnamed>::launch_clamp_scalar(at::TensorIteratorBase &, c10::Scalar, c10::Scalar, at::native::detail::ClampLimits)::[lambda() (instance 1)]::operator ()() const::[lambda() (instance 7)]::operator ()() const::[lambda(float) (instance 1)], std::array<char *, (unsigned long)2>>(int, T2, T3)"
:stage.process:model.layers.1.self_attn.v_proj,PushPop,3033121,3035516,1,7632,1111548781,145643.2,147233.0,132896,151520,3605.5,"void <unnamed>::qvq_v2_segment_grid_kernel<(int)4, (int)2, (int)16, (bool)1, (bool)0, __half, unsigned char>(const float *, const T6 *, const float *, const long *, const float *, const float *, float *, T7 *, unsigned char *, int, int, int, bool, bool)"
:stage.process:model.layers.1.self_attn.v_proj,PushPop,3033121,3035516,1,574,785143828,1367846.4,1368450.0,1354018,1374818,2993.0,"void <unnamed>::qvq_viterbi_kernel<(int)4, (int)2, __half, unsigned char>(const float *, const T3 *, const float *, const long *, const float *, T4 *, long *, float *, int, int, int, bool, bool, bool)"
:stage.process:model.layers.1.self_attn.v_proj,PushPop,3033121,3035516,1,256,269735030,1053652.5,1053633.0,1050145,1058657,1828.3,void <unnamed>::qvq_fused_w2_family_grid_kernel<(bool)0>(<unnamed>::FusedSequenceArgs)
:stage.process:model.layers.1.self_attn.v_proj,PushPop,3033121,3035516,1,954,76755546,80456.5,81680.0,67648,87040,3821.2,"void <unnamed>::qvq_v2_segment_grid_finalize_kernel<(int)4, (int)2, (int)16, (bool)0, __half, unsigned char>(const float *, const T5 *, const float *, const long *, const float *, const float *, const T6 *, const unsigned char *, long *, unsigned char *, float *, int, int, bool, bool)"
:stage.process:model.layers.1.self_attn.v_proj,PushPop,3033121,3035516,1,468,30179181,64485.4,70656.0,20928,71744,14658.5,void cutlass::Kernel2<cutlass_80_simt_sgemm_128x32_8x5_nt_align1>(T1::Params)
:stage.process:model.layers.1.self_attn.v_proj,PushPop,3033121,3035516,1,2544,23183266,9112.9,7712.0,4000,18304,3845.5,"void at::native::index_elementwise_kernel<(int)128, (int)4, void at::native::gpu_index_kernel<void at::native::index_kernel_impl<at::native::OpaqueType<(int)4>>(at::TensorIteratorBase &, c10::ArrayRef<long>, c10::ArrayRef<long>)::[lambda(char *, const char *, long) (instance 1)]>(at::TensorIteratorBase &, c10::ArrayRef<long>, c10::ArrayRef<long>, const T1 &, bool)::[lambda(int) (instance 1)]>(long, T3)"
:stage.process:model.layers.1.self_attn.v_proj,PushPop,3033121,3035516,1,256,22644149,88453.7,88432.0,86496,90912,864.7,"<unnamed>::qvq_fused_w2_traceback_kernel(const unsigned char *, const unsigned char *, const int *, long *, unsigned char *, int)"
:stage.process:model.layers.1.self_attn.v_proj,PushPop,3033121,3035516,1,2580,13153428,5098.2,4672.0,2720,11680,1494.7,"void at::native::reduce_kernel<(int)512, (int)1, at::native::ReduceOp<bool, at::native::func_wrapper_t<bool, at::native::and_kernel_cuda(at::TensorIterator &)::[lambda() (instance 1)]::operator ()() const::[lambda() (instance 12)]::operator ()() const::[lambda(bool, bool) (instance 1)]>, unsigned int, bool, (int)4, (int)4>>(T3)"
:stage.process:model.layers.1.self_attn.v_proj,PushPop,3033121,3035516,1,1021,8443306,8269.6,8576.0,4384,10912,1429.7,"void at::native::index_elementwise_kernel<(int)128, (int)4, void at::native::gpu_index_kernel<void at::native::index_kernel_impl<at::native::OpaqueType<(int)2>>(at::TensorIteratorBase &, c10::ArrayRef<long>, c10::ArrayRef<long>)::[lambda(char *, const char *, long) (instance 1)]>(at::TensorIteratorBase &, c10::ArrayRef<long>, c10::ArrayRef<long>, const T1 &, bool)::[lambda(int) (instance 1)]>(long, T3)"
:stage.process:model.layers.1.self_attn.v_proj,PushPop,3033121,3035516,1,1272,8283370,6512.1,6592.0,3456,7040,375.2,"void at::native::index_elementwise_kernel<(int)128, (int)4, void at::native::gpu_index_kernel<void at::native::index_put_kernel_impl<at::native::OpaqueType<(int)4>>(at::TensorIterator &, c10::ArrayRef<long>, c10::ArrayRef<long>)::[lambda(char *, const char *, long) (instance 1)]>(at::TensorIteratorBase &, c10::ArrayRef<long>, c10::ArrayRef<long>, const T1 &, bool)::[lambda(int) (instance 1)]>(long, T3)"
:stage.process:model.layers.1.self_attn.v_proj,PushPop,3033121,3035516,1,1404,6472808,4610.3,4640.0,3264,5024,267.2,"void at::native::reduce_kernel<(int)512, (int)1, at::native::ReduceOp<float, at::native::func_wrapper_t<float, at::native::MaxNanFunctor<float>>, unsigned int, float, (int)4, (int)4>>(T3)"
:stage.process:model.layers.1.self_attn.v_proj,PushPop,3033121,3035516,1,772,6004514,7777.9,7744.0,7392,8256,164.9,"void at::native::reduce_kernel<(int)512, (int)1, at::native::ReduceOp<c10::Half, at::native::func_wrapper_t<c10::Half, at::native::MaxNanFunctor<c10::Half>>, unsigned int, c10::Half, (int)4, (int)4>>(T3)"
:stage.process:model.layers.1.self_attn.v_proj,PushPop,3033121,3035516,1,1841,6000777,3259.5,3104.0,2144,45408,2710.5,"void at::native::elementwise_kernel<(int)128, (int)2, void at::native::gpu_kernel_impl_nocast<at::native::direct_copy_kernel_cuda(at::TensorIteratorBase &)::[lambda() (instance 3)]::operator ()() const::[lambda() (instance 7)]::operator ()() const::[lambda(float) (instance 1)]>(at::TensorIteratorBase &, const T1 &)::[lambda(int) (instance 1)]>(int, T3)"
:stage.process:model.layers.1.self_attn.v_proj,PushPop,3033121,3035516,1,400,5813928,14534.8,4032.0,3968,66208,20341.4,ampere_sgemm_32x128_nt
:stage.process:model.layers.1.self_attn.v_proj,PushPop,3033121,3035516,1,2843,5774244,2031.0,1984.0,1536,18784,552.0,"void at::native::vectorized_elementwise_kernel<(int)4, at::native::AbsFunctor<float>, std::array<char *, (unsigned long)2>>(int, T2, T3)"
:stage.process:model.layers.1.self_attn.v_proj,PushPop,3033121,3035516,1,66,5002566,75796.5,46912.0,38688,244289,70964.1,ampere_sgemm_32x32_sliced1x4_nt
:stage.process:model.layers.1.self_attn.v_proj,PushPop,3033121,3035516,1,2209,4678564,2118.0,2048.0,1600,6656,218.6,"void at::native::vectorized_elementwise_kernel<(int)4, at::native::BinaryFunctor<bool, bool, bool, at::native::binary_internal::MulFunctor<bool>>, std::array<char *, (unsigned long)3>>(int, T2, T3)"
:stage.process:model.layers.1.self_attn.v_proj,PushPop,3033121,3035516,1,262,4475397,17081.7,5040.0,3328,57408,16994.1,"void gemmSN_NN_kernel<float, (int)256, (int)4, (int)2, (int)8, (int)4, (int)4, (bool)0, cublasGemvTensorStridedBatched<const float>, cublasGemvTensorStridedBatched<const float>, cublasGemvTensorStridedBatched<float>>(cublasGemmSmallNParams<T9, T10, T11, T1>)"
:stage.process:model.layers.1.self_attn.v_proj,PushPop,3033121,3035516,1,636,4285864,6738.8,6880.0,3488,7200,562.1,"void at::native::index_elementwise_kernel<(int)128, (int)4, void at::native::gpu_index_kernel<void at::native::index_put_kernel_impl<at::native::OpaqueType<(int)8>>(at::TensorIterator &, c10::ArrayRef<long>, c10::ArrayRef<long>)::[lambda(char *, const char *, long) (instance 1)]>(at::TensorIteratorBase &, c10::ArrayRef<long>, c10::ArrayRef<long>, const T1 &, bool)::[lambda(int) (instance 1)]>(long, T3)"
:stage.process:model.layers.1.self_attn.v_proj,PushPop,3033121,3035516,1,1528,3919874,2565.4,2688.0,2176,3040,273.6,"<unnamed>::qvq_half2_codebook_norm_pack_kernel(const __half *, unsigned long *, int)"
:stage.process:model.layers.1.self_attn.v_proj,PushPop,3033121,3035516,1,901,3485154,3868.1,3840.0,2656,7008,230.7,"void at::native::unrolled_elementwise_kernel<at::native::direct_copy_kernel_cuda(at::TensorIteratorBase &)::[lambda() (instance 3)]::operator ()() const::[lambda() (instance 7)]::operator ()() const::[lambda(float) (instance 1)], std::array<char *, (unsigned long)2>, (int)4, TrivialOffsetCalculator<(int)1, unsigned int>, TrivialOffsetCalculator<(int)1, unsigned int>, at::native::memory::LoadWithCast<(int)1>, at::native::memory::StoreWithCast<(int)1>>(int, T1, T2, T4, T5, T6, T7)"
:stage.process:model.layers.1.self_attn.v_proj,PushPop,3033121,3035516,1,1542,3301189,2140.8,2144.0,1632,2912,55.3,"void at::native::vectorized_elementwise_kernel<(int)4, at::native::AbsFunctor<c10::Half>, std::array<char *, (unsigned long)2>>(int, T2, T3)"
:stage.process:model.layers.1.self_attn.v_proj,PushPop,3033121,3035516,1,516,3167522,6138.6,6400.0,4320,6816,704.0,"void gemmSN_NN_kernel<float, (int)128, (int)2, (int)4, (int)8, (int)4, (int)4, (bool)0, cublasGemvTensorStridedBatched<const float>, cublasGemvTensorStridedBatched<const float>, cublasGemvTensorStridedBatched<float>>(cublasGemmSmallNParams<T9, T10, T11, T1>)"
:stage.process:model.layers.1.self_attn.v_proj,PushPop,3033121,3035516,1,1440,3011586,2091.4,2080.0,1472,12960,576.6,"void at::native::vectorized_elementwise_kernel<(int)4, at::native::BinaryFunctor<float, float, bool, at::native::<unnamed>::CompareEqFunctor<float>>, std::array<char *, (unsigned long)3>>(int, T2, T3)"
:stage.process:model.layers.1.self_attn.v_proj,PushPop,3033121,3035516,1,1439,2945860,2047.2,2048.0,1504,6240,238.8,"void at::native::vectorized_elementwise_kernel<(int)4, at::native::AUnaryFunctor<float, float, bool, at::native::<unnamed>::CompareEqFunctor<float>>, std::array<char *, (unsigned long)2>>(int, T2, T3)"
:stage.process:model.layers.1.self_attn.v_proj,PushPop,3033121,3035516,1,12,2775043,231253.6,231184.0,230945,231617,235.0,ampere_sgemm_128x64_nn
:stage.process:model.layers.1.self_attn.v_proj,PushPop,3033121,3035516,1,862,2621027,3040.6,3136.0,1856,8800,274.1,"void at::native::elementwise_kernel<(int)128, (int)2, void at::native::gpu_kernel_impl_nocast<at::native::direct_copy_kernel_cuda(at::TensorIteratorBase &)::[lambda() (instance 3)]::operator ()() const::[lambda() (instance 4)]::operator ()() const::[lambda(long) (instance 1)]>(at::TensorIteratorBase &, const T1 &)::[lambda(int) (instance 1)]>(int, T3)"
:stage.process:model.layers.1.self_attn.v_proj,PushPop,3033121,3035516,1,256,2513957,9820.1,9472.0,9152,14368,762.2,"<unnamed>::qvq_fused_detect_family_mask_kernel(const unsigned int *, int *)"
:stage.process:model.layers.1.self_attn.v_proj,PushPop,3033121,3035516,1,1276,2376420,1862.4,1824.0,1536,2208,131.3,"void at::native::vectorized_elementwise_kernel<(int)4, at::native::BinaryFunctor<bool, bool, bool, at::native::logical_or_kernel_cuda(at::TensorIterator &)::[lambda() (instance 2)]::operator ()() const::[lambda() (instance 9)]::operator ()() const::[lambda(bool, bool) (instance 1)]>, std::array<char *, (unsigned long)3>>(int, T2, T3)"
:stage.process:model.layers.1.self_attn.v_proj,PushPop,3033121,3035516,1,282,2304288,8171.2,8160.0,7840,8416,80.0,"void batch_trsm_left_kernel<float, (int)64, (int)4, (int)3, (bool)0, (bool)0, (bool)1>(cublasTrsmBatchParams2<T1>, T1, const T1 *, int)"
:stage.process:model.layers.1.self_attn.v_proj,PushPop,3033121,3035516,1,477,2193602,4598.7,4800.0,3168,5408,580.4,"void at::native::index_elementwise_kernel<(int)128, (int)4, void at::native::gpu_index_kernel<void at::native::index_put_kernel_impl<at::native::OpaqueType<(int)1>>(at::TensorIterator &, c10::ArrayRef<long>, c10::ArrayRef<long>)::[lambda(char *, const char *, long) (instance 1)]>(at::TensorIteratorBase &, c10::ArrayRef<long>, c10::ArrayRef<long>, const T1 &, bool)::[lambda(int) (instance 1)]>(long, T3)"
:stage.process:model.layers.1.self_attn.v_proj,PushPop,3033121,3035516,1,892,2182246,2446.5,2432.0,1856,2624,98.4,"void at::native::roll_cuda_kernel<float>(const T1 *, T1 *, long, long, long, long, long, long)"
:stage.process:model.layers.1.self_attn.v_proj,PushPop,3033121,3035516,1,3,2087746,695915.3,925313.0,235936,926497,398354.2,"void kernel<getrf_wo_pivot_params_<float, (int)0, (int)256, (int)1, (int)64, (int)64, (int)68, (int)8, (int)1, (int)1>>(int, int, void *, int, void *, int, int, int, int, int, int *)"
:stage.process:model.layers.1.self_attn.v_proj,PushPop,3033121,3035516,1,413,2000739,4844.4,3776.0,3200,46016,3319.3,"void at::native::elementwise_kernel<(int)128, (int)2, void at::native::gpu_kernel_impl_nocast<at::native::CUDAFunctor_add<float>>(at::TensorIteratorBase &, const T1 &)::[lambda(int) (instance 1)]>(int, T3)"
:stage.process:model.layers.1.self_attn.v_proj,PushPop,3033121,3035516,1,1150,1972864,1715.5,1696.0,1536,2112,69.0,"void at::native::vectorized_elementwise_kernel<(int)4, void at::native::compare_scalar_kernel<float>(at::TensorIteratorBase &, at::native::<unnamed>::OpType, T1)::[lambda(float) (instance 1)], std::array<char *, (unsigned long)2>>(int, T2, T3)"
:stage.process:model.layers.1.self_attn.v_proj,PushPop,3033121,3035516,1,884,1958723,2215.8,2240.0,1856,2752,169.0,"void at::native::elementwise_kernel<(int)128, (int)2, void at::native::gpu_kernel_impl_nocast<at::native::AUnaryFunctor<long, long, long, at::native::BitwiseAndFunctor<long>>>(at::TensorIteratorBase &, const T1 &)::[lambda(int) (instance 1)]>(int, T3)"
:stage.process:model.layers.1.self_attn.v_proj,PushPop,3033121,3035516,1,792,1840804,2324.2,2176.0,1600,9568,850.2,"void at::native::vectorized_elementwise_kernel<(int)4, at::native::CUDAFunctor_add<float>, std::array<char *, (unsigned long)3>>(int, T2, T3)"
:stage.process:model.layers.1.self_attn.v_proj,PushPop,3033121,3035516,1,770,1731044,2248.1,2240.0,1760,2336,23.4,"void at::native::vectorized_elementwise_kernel<(int)4, at::native::BinaryFunctor<c10::Half, c10::Half, bool, at::native::<unnamed>::CompareEqFunctor<c10::Half>>, std::array<char *, (unsigned long)3>>(int, T2, T3)"
:stage.process:model.layers.1.self_attn.v_proj,PushPop,3033121,3035516,1,770,1702146,2210.6,2208.0,1760,2304,26.9,"void at::native::vectorized_elementwise_kernel<(int)4, at::native::AUnaryFunctor<c10::Half, c10::Half, bool, at::native::<unnamed>::CompareEqFunctor<c10::Half>>, std::array<char *, (unsigned long)2>>(int, T2, T3)"
:stage.process:model.layers.1.self_attn.v_proj,PushPop,3033121,3035516,1,613,1651424,2694.0,2624.0,1856,4832,454.2,"void at::native::unrolled_elementwise_kernel<at::native::direct_copy_kernel_cuda(at::TensorIteratorBase &)::[lambda() (instance 3)]::operator ()() const::[lambda() (instance 4)]::operator ()() const::[lambda(long) (instance 1)], std::array<char *, (unsigned long)2>, (int)4, TrivialOffsetCalculator<(int)1, unsigned int>, TrivialOffsetCalculator<(int)1, unsigned int>, at::native::memory::LoadWithCast<(int)1>, at::native::memory::StoreWithCast<(int)1>>(int, T1, T2, T4, T5, T6, T7)"
:stage.process:model.layers.1.self_attn.v_proj,PushPop,3033121,3035516,1,82,1504768,18350.8,9760.0,5984,90112,26217.6,ampere_sgemm_32x32_sliced1x4_nn
:stage.process:model.layers.1.self_attn.v_proj,PushPop,3033121,3035516,1,782,1394402,1783.1,1760.0,1600,4864,199.2,"void at::native::vectorized_elementwise_kernel<(int)4, void at::native::compare_scalar_kernel<long>(at::TensorIteratorBase &, at::native::<unnamed>::OpType, T1)::[lambda(long) (instance 1)], std::array<char *, (unsigned long)2>>(int, T2, T3)"
:stage.process:model.layers.1.self_attn.v_proj,PushPop,3033121,3035516,1,512,1329664,2597.0,2624.0,2368,2880,95.6,"void at::native::unrolled_elementwise_kernel<at::native::BinaryFunctor<float, float, float, at::native::maximum_kernel_cuda(at::TensorIteratorBase &)::[lambda() (instance 2)]::operator ()() const::[lambda() (instance 2)]::operator ()() const::[lambda(float, float) (instance 1)]>, std::array<char *, (unsigned long)3>, (int)4, TrivialOffsetCalculator<(int)2, unsigned int>, TrivialOffsetCalculator<(int)1, unsigned int>, at::native::memory::LoadWithCast<(int)2>, at::native::memory::StoreWithCast<(int)1>>(int, T1, T2, T4, T5, T6, T7)"
:stage.process:model.layers.1.self_attn.v_proj,PushPop,3033121,3035516,1,636,1260769,1982.3,2048.0,1632,2272,128.0,"void at::native::vectorized_elementwise_kernel<(int)4, at::native::bitwise_not_kernel_cuda(at::TensorIteratorBase &)::[lambda(bool) (instance 1)], std::array<char *, (unsigned long)2>>(int, T2, T3)"
:stage.process:model.layers.1.self_attn.v_proj,PushPop,3033121,3035516,1,256,1005090,3926.1,3936.0,3808,4064,91.0,"void at::native::elementwise_kernel<(int)128, (int)4, void at::native::gpu_kernel_impl_nocast<at::native::direct_copy_kernel_cuda(at::TensorIteratorBase &)::[lambda() (instance 3)]::operator ()() const::[lambda() (instance 10)]::operator ()() const::[lambda(c10::Half) (instance 1)]>(at::TensorIteratorBase &, const T1 &)::[lambda(int) (instance 1)]>(int, T3)"
:stage.process:model.layers.1.self_attn.v_proj,PushPop,3033121,3035516,1,263,949857,3611.6,3488.0,3296,8864,756.3,"void at::native::reduce_kernel<(int)512, (int)1, at::native::ReduceOp<bool, at::native::func_wrapper_t<bool, at::native::or_kernel_cuda(at::TensorIterator &)::[lambda() (instance 1)]::operator ()() const::[lambda() (instance 12)]::operator ()() const::[lambda(bool, bool) (instance 1)]>, unsigned int, bool, (int)4, (int)4>>(T3)"
:stage.process:model.layers.1.self_attn.v_proj,PushPop,3033121,3035516,1,638,916897,1437.1,1440.0,1312,3296,109.0,"void at::native::vectorized_elementwise_kernel<(int)2, at::native::FillFunctor<long>, std::array<char *, (unsigned long)1>>(int, T2, T3)"
:stage.process:model.layers.1.self_attn.v_proj,PushPop,3033121,3035516,1,587,799296,1361.7,1376.0,1248,1984,72.3,"void <unnamed>::elementwise_kernel_with_index<int, at::native::arange_cuda_out(const c10::Scalar &, const c10::Scalar &, const c10::Scalar &, at::Tensor &)::[lambda() (instance 1)]::operator ()() const::[lambda() (instance 4)]::operator ()() const::[lambda(long) (instance 1)]>(T1, T2, function_traits<T2>::result_type *)"
:stage.process:model.layers.1.self_attn.v_proj,PushPop,3033121,3035516,1,128,599904,4686.8,4672.0,4416,5152,90.8,"void at::native::unrolled_elementwise_kernel<at::native::CUDAFunctor_add<float>, std::array<char *, (unsigned long)3>, (int)4, TrivialOffsetCalculator<(int)2, unsigned int>, TrivialOffsetCalculator<(int)1, unsigned int>, at::native::memory::LoadWithCast<(int)2>, at::native::memory::StoreWithCast<(int)1>>(int, T1, T2, T4, T5, T6, T7)"
:stage.process:model.layers.1.self_attn.v_proj,PushPop,3033121,3035516,1,263,456448,1735.5,1728.0,1696,2592,112.5,"void at::native::vectorized_elementwise_kernel<(int)4, at::native::BinaryFunctor<bool, bool, bool, at::native::BitwiseOrFunctor<bool>>, std::array<char *, (unsigned long)3>>(int, T2, T3)"
:stage.process:model.layers.1.self_attn.v_proj,PushPop,3033121,3035516,1,2,448705,224352.5,224352.5,224192,224513,227.0,ampere_sgemm_128x32_nn
:stage.process:model.layers.1.self_attn.v_proj,PushPop,3033121,3035516,1,129,399264,3095.1,3168.0,2912,3392,121.3,"void at::native::elementwise_kernel<(int)128, (int)4, void at::native::gpu_kernel_impl_nocast<at::native::direct_copy_kernel_cuda(at::TensorIteratorBase &)::[lambda() (instance 3)]::operator ()() const::[lambda() (instance 1)]::operator ()() const::[lambda(unsigned char) (instance 1)]>(at::TensorIteratorBase &, const T1 &)::[lambda(int) (instance 1)]>(int, T3)"
:stage.process:model.layers.1.self_attn.v_proj,PushPop,3033121,3035516,1,42,382466,9106.3,8608.0,7456,11200,1276.7,ampere_sgemm_64x32_sliced1x4_nn
:stage.process:model.layers.1.self_attn.v_proj,PushPop,3033121,3035516,1,256,364000,1421.9,1440.0,1312,1472,38.8,"void at::native::vectorized_elementwise_kernel<(int)4, at::native::FillFunctor<int>, std::array<char *, (unsigned long)1>>(int, T2, T3)"
:stage.process:model.layers.1.self_attn.v_proj,PushPop,3033121,3035516,1,114,350112,3071.2,3072.0,2496,3712,253.9,"void cublasLt::splitKreduce_kernel<(int)32, (int)16, int, float, float, float, float, (bool)0, float, float, float, (bool)1, (bool)0, (bool)0, (bool)0>(cublasLt::cublasSplitKParams<T6>, const T4 *, const T10 *, T9 *, T5 *, const T6 *, const T6 *, const T11 *, const T4 *, T11 *, void *, long, T6 *, int *, T6 *, T6 *, const T6 *, const T6 *, const T6 *, const T6 *, const T6 *)"
:stage.process:model.layers.1.self_attn.v_proj,PushPop,3033121,3035516,1,4,286016,71504.0,71472.0,71296,71776,231.5,ampere_sgemm_32x128_tn
:stage.process:model.layers.1.self_attn.v_proj,PushPop,3033121,3035516,1,128,264256,2064.5,2080.0,2048,2080,16.1,"void at::native::elementwise_kernel<(int)128, (int)2, void at::native::gpu_kernel_impl_nocast<at::native::BUnaryFunctor<long, long, long, at::native::rshift_kernel_cuda(at::TensorIteratorBase &)::[lambda() (instance 1)]::operator ()() const::[lambda() (instance 4)]::operator ()() const::[lambda(long, long) (instance 1)]>>(at::TensorIteratorBase &, const T1 &)::[lambda(int) (instance 1)]>(int, T3)"
:stage.process:model.layers.1.self_attn.v_proj,PushPop,3033121,3035516,1,132,253250,1918.6,1792.0,1760,6592,795.7,"void at::native::vectorized_elementwise_kernel<(int)4, at::native::BinaryFunctor<long, long, bool, at::native::<unnamed>::CompareEqFunctor<long>>, std::array<char *, (unsigned long)3>>(int, T2, T3)"
:stage.process:model.layers.1.self_attn.v_proj,PushPop,3033121,3035516,1,12,207552,17296.0,20192.0,11200,20480,4445.2,"void at::native::<unnamed>::CatArrayBatchedCopy<at::native::<unnamed>::OpaqueType<(unsigned int)4>, unsigned int, (int)2, (int)64, (int)64>(T1 *, at::native::<unnamed>::CatArrInputTensorMetadata<T1, T2, T4, T5>, at::native::<unnamed>::TensorSizeStride<T2, (unsigned int)4>, int, T2)"
:stage.process:model.layers.1.self_attn.v_proj,PushPop,3033121,3035516,1,3,180224,60074.7,87616.0,4544,88064,48091.5,"void at::native::reduce_kernel<(int)512, (int)1, at::native::ReduceOp<long, at::native::func_wrapper_t<long, at::native::sum_functor<long, long, long>::operator ()(at::TensorIterator &)::[lambda(long, long) (instance 1)]>, unsigned int, long, (int)4, (int)4>>(T3)"
:stage.process:model.layers.1.self_attn.v_proj,PushPop,3033121,3035516,1,11,155904,14173.1,3776.0,2336,63104,24099.2,"void at::native::vectorized_elementwise_kernel<(int)2, at::native::AUnaryFunctor<long, long, long, at::native::BitwiseAndFunctor<long>>, std::array<char *, (unsigned long)2>>(int, T2, T3)"
:stage.process:model.layers.1.self_attn.v_proj,PushPop,3033121,3035516,1,4,145601,36400.3,36416.5,4960,67808,36174.9,"void at::native::elementwise_kernel<(int)128, (int)2, void at::native::gpu_kernel_impl_nocast<at::native::BinaryFunctor<long, long, long, at::native::rshift_kernel_cuda(at::TensorIteratorBase &)::[lambda() (instance 1)]::operator ()() const::[lambda() (instance 4)]::operator ()() const::[lambda(long, long) (instance 1)]>>(at::TensorIteratorBase &, const T1 &)::[lambda(int) (instance 1)]>(int, T3)"
:stage.process:model.layers.1.self_attn.v_proj,PushPop,3033121,3035516,1,4,143392,35848.0,36208.0,3520,67456,36338.5,"void at::native::elementwise_kernel<(int)128, (int)2, void at::native::gpu_kernel_impl_nocast<at::native::BinaryFunctor<long, long, long, at::native::lshift_kernel_cuda(at::TensorIteratorBase &)::[lambda() (instance 1)]::operator ()() const::[lambda() (instance 4)]::operator ()() const::[lambda(long, long) (instance 1)]>>(at::TensorIteratorBase &, const T1 &)::[lambda(int) (instance 1)]>(int, T3)"
:stage.process:model.layers.1.self_attn.v_proj,PushPop,3033121,3035516,1,6,132832,22138.7,22096.0,16256,28064,6421.0,"void trsm_batch_left_upper_kernel_small<float, (int)16, (int)16, (int)64>(cublasTrsmBatchParams<T1>, const T1 *const *, T1 *const *, const T1 *, T1)"
:stage.process:model.layers.1.self_attn.v_proj,PushPop,3033121,3035516,1,1,132096,132096.0,132096.0,132096,132096,0.0,ampere_sgemm_128x32_tn
:stage.process:model.layers.1.self_attn.v_proj,PushPop,3033121,3035516,1,3,120544,40181.3,56576.0,7328,56640,28451.8,"void at::native::index_elementwise_kernel<(int)128, (int)4, void at::native::gpu_index_kernel<void at::native::index_kernel_impl<at::native::OpaqueType<(int)8>>(at::TensorIteratorBase &, c10::ArrayRef<long>, c10::ArrayRef<long>)::[lambda(char *, const char *, long) (instance 1)]>(at::TensorIteratorBase &, c10::ArrayRef<long>, c10::ArrayRef<long>, const T1 &, bool)::[lambda(int) (instance 1)]>(long, T3)"
:stage.process:model.layers.1.self_attn.v_proj,PushPop,3033121,3035516,1,3,96992,32330.7,45280.0,6240,45472,22595.4,"void at::native::triu_tril_kernel<float, int, (bool)0, (int)2, (bool)1>(at::cuda::detail::TensorInfo<T1, T2>, at::cuda::detail::TensorInfo<const T1, T2>, long, long, T2)"
:stage.process:model.layers.1.self_attn.v_proj,PushPop,3033121,3035516,1,10,79968,7996.8,6096.0,3136,20736,6051.2,"void at::native::elementwise_kernel<(int)128, (int)2, void at::native::gpu_kernel_impl_nocast<at::native::BinaryFunctor<float, float, float, at::native::binary_internal::MulFunctor<float>>>(at::TensorIteratorBase &, const T1 &)::[lambda(int) (instance 1)]>(int, T3)"
:stage.process:model.layers.1.self_attn.v_proj,PushPop,3033121,3035516,1,10,75585,7558.5,7376.5,7168,8288,424.9,"void at::native::reduce_kernel<(int)512, (int)1, at::native::ReduceOp<float, at::native::func_wrapper_t<float, at::native::sum_functor<float, float, float>::operator ()(at::TensorIterator &)::[lambda(float, float) (instance 1)]>, unsigned int, float, (int)4, (int)4>>(T3)"
:stage.process:model.layers.1.self_attn.v_proj,PushPop,3033121,3035516,1,10,67200,6720.0,7328.0,3392,7904,1663.0,"void at::native::reduce_kernel<(int)512, (int)1, at::native::ReduceOp<float, at::native::MeanOps<float, float, float, float>, unsigned int, float, (int)4, (int)4>>(T3)"
:stage.process:model.layers.1.self_attn.v_proj,PushPop,3033121,3035516,1,14,60640,4331.4,3280.0,1312,8320,2557.6,"void at::native::vectorized_elementwise_kernel<(int)4, at::native::FillFunctor<float>, std::array<char *, (unsigned long)1>>(int, T2, T3)"
:stage.process:model.layers.1.self_attn.v_proj,PushPop,3033121,3035516,1,9,44800,4977.8,3648.0,1632,11584,3725.1,"void at::native::vectorized_elementwise_kernel<(int)4, at::native::BUnaryFunctor<float, float, float, at::native::binary_internal::MulFunctor<float>>, std::array<char *, (unsigned long)2>>(int, T2, T3)"
:stage.process:model.layers.1.self_attn.v_proj,PushPop,3033121,3035516,1,10,39104,3910.4,3904.0,3872,4000,44.7,"void dot_kernel<float, (int)128, (int)0, cublasDotParams<cublasGemvTensorStridedBatched<const float>, cublasGemvTensorStridedBatched<float>>>(T4)"
:stage.process:model.layers.1.self_attn.v_proj,PushPop,3033121,3035516,1,9,37664,4184.9,4160.0,4064,4416,97.0,"void at::native::vectorized_elementwise_kernel<(int)4, at::native::BinaryFunctor<float, float, float, at::native::binary_internal::MulFunctor<float>>, std::array<char *, (unsigned long)3>>(int, T2, T3)"
:stage.process:model.layers.1.self_attn.v_proj,PushPop,3033121,3035516,1,10,35840,3584.0,3376.0,3232,4064,375.6,"void at::native::elementwise_kernel<(int)128, (int)2, void at::native::gpu_kernel_impl_nocast<at::native::CUDAFunctorOnSelf_add<float>>(at::TensorIteratorBase &, const T1 &)::[lambda(int) (instance 1)]>(int, T3)"
:stage.process:model.layers.1.self_attn.v_proj,PushPop,3033121,3035516,1,10,27712,2771.2,2800.0,2688,2816,52.7,"void reduce_1Block_kernel<float, (int)128, (int)7, cublasGemvTensorStridedBatched<float>, cublasGemvTensorStridedBatched<const float>, cublasGemvTensorStridedBatched<float>>(const T1 *, T1, T4, int, const T1 *, T1, T5, T6, cublasPointerMode_t, cublasLtEpilogue_t, cublasGemvTensorStridedBatched<const biasType<T6::value_type, T1>::type>)"
:stage.process:model.layers.1.self_attn.v_proj,PushPop,3033121,3035516,1,12,26368,2197.3,2224.0,1920,2336,104.2,"void at::native::vectorized_elementwise_kernel<(int)4, at::native::<unnamed>::CompareFunctor<float>, std::array<char *, (unsigned long)3>>(int, T2, T3)"
:stage.process:model.layers.1.self_attn.v_proj,PushPop,3033121,3035516,1,6,20928,3488.0,1872.0,1568,11264,3831.8,"void at::native::vectorized_elementwise_kernel<(int)4, at::native::AUnaryFunctor<float, float, float, at::native::binary_internal::MulFunctor<float>>, std::array<char *, (unsigned long)2>>(int, T2, T3)"
:stage.process:model.layers.1.self_attn.v_proj,PushPop,3033121,3035516,1,4,14880,3720.0,3712.0,3712,3744,16.0,"void at::native::vectorized_elementwise_kernel<(int)2, at::native::BUnaryFunctor<long, long, long, at::native::rshift_kernel_cuda(at::TensorIteratorBase &)::[lambda() (instance 1)]::operator ()() const::[lambda() (instance 4)]::operator ()() const::[lambda(long, long) (instance 1)]>, std::array<char *, (unsigned long)2>>(int, T2, T3)"
:stage.process:model.layers.1.self_attn.v_proj,PushPop,3033121,3035516,1,1,14752,14752.0,14752.0,14752,14752,0.0,"void at::native::<unnamed>::CatArrayBatchedCopy_alignedK_contig<at::native::<unnamed>::OpaqueType<(unsigned int)8>, unsigned int, (int)3, (int)128, (int)1, (int)16>(T1 *, at::native::<unnamed>::CatArrInputTensorMetadata<T1, T2, T4, T5>, at::native::<unnamed>::TensorSizeStride<T2, (unsigned int)4>, int, T2)"
:stage.process:model.layers.1.self_attn.v_proj,PushPop,3033121,3035516,1,4,14304,3576.0,3568.0,3392,3776,196.2,"void at::native::vectorized_elementwise_kernel<(int)2, at::native::BUnaryFunctor<long, long, long, at::native::remainder_kernel_cuda(at::TensorIteratorBase &)::[lambda() (instance 1)]::operator ()() const::[lambda() (instance 4)]::operator ()() const::[lambda(long, long) (instance 1)]>, std::array<char *, (unsigned long)2>>(int, T2, T3)"
:stage.process:model.layers.1.self_attn.v_proj,PushPop,3033121,3035516,1,3,13696,4565.3,4192.0,4032,5472,789.3,"void at::native::vectorized_elementwise_kernel<(int)2, at::native::BinaryFunctor<long, long, long, at::native::BitwiseXorFunctor<long>>, std::array<char *, (unsigned long)3>>(int, T2, T3)"
:stage.process:model.layers.1.self_attn.v_proj,PushPop,3033121,3035516,1,8,12288,1536.0,1536.0,1504,1568,24.2,"void at::native::unrolled_elementwise_kernel<at::native::AUnaryFunctor<long, long, long, at::native::BitwiseAndFunctor<long>>, std::array<char *, (unsigned long)2>, (int)4, TrivialOffsetCalculator<(int)1, unsigned int>, TrivialOffsetCalculator<(int)1, unsigned int>, at::native::memory::LoadWithoutCast, at::native::memory::StoreWithoutCast>(int, T1, T2, T4, T5, T6, T7)"
:stage.process:model.layers.1.self_attn.v_proj,PushPop,3033121,3035516,1,6,12096,2016.0,1664.0,1664,3776,862.2,"void at::native::vectorized_elementwise_kernel<(int)2, at::native::AUnaryFunctor<long, long, long, at::native::binary_internal::MulFunctor<long>>, std::array<char *, (unsigned long)2>>(int, T2, T3)"
:stage.process:model.layers.1.self_attn.v_proj,PushPop,3033121,3035516,1,3,12064,4021.3,4192.0,3584,4288,381.8,"void at::native::unrolled_elementwise_kernel<at::native::direct_copy_kernel_cuda(at::TensorIteratorBase &)::[lambda() (instance 3)]::operator ()() const::[lambda() (instance 3)]::operator ()() const::[lambda(int) (instance 1)], std::array<char *, (unsigned long)2>, (int)4, TrivialOffsetCalculator<(int)1, unsigned int>, TrivialOffsetCalculator<(int)1, unsigned int>, at::native::memory::LoadWithCast<(int)1>, at::native::memory::StoreWithCast<(int)1>>(int, T1, T2, T4, T5, T6, T7)"
:stage.process:model.layers.1.self_attn.v_proj,PushPop,3033121,3035516,1,6,10880,1813.3,1824.0,1792,1824,16.5,"void at::native::vectorized_elementwise_kernel<(int)4, at::native::FillFunctor<unsigned char>, std::array<char *, (unsigned long)1>>(int, T2, T3)"
:stage.process:model.layers.1.self_attn.v_proj,PushPop,3033121,3035516,1,5,10656,2131.2,1792.0,1632,3776,923.7,"void at::native::vectorized_elementwise_kernel<(int)2, at::native::CUDAFunctorOnSelf_add<long>, std::array<char *, (unsigned long)2>>(int, T2, T3)"
:stage.process:model.layers.1.self_attn.v_proj,PushPop,3033121,3035516,1,3,10144,3381.3,3456.0,3072,3616,279.6,"void at::native::elementwise_kernel<(int)128, (int)2, void at::native::gpu_kernel_impl_nocast<at::native::direct_copy_kernel_cuda(at::TensorIteratorBase &)::[lambda() (instance 3)]::operator ()() const::[lambda() (instance 3)]::operator ()() const::[lambda(int) (instance 1)]>(at::TensorIteratorBase &, const T1 &)::[lambda(int) (instance 1)]>(int, T3)"
:stage.process:model.layers.1.self_attn.v_proj,PushPop,3033121,3035516,1,3,10016,3338.7,3360.0,3296,3360,37.0,"void at::native::unrolled_elementwise_kernel<at::native::direct_copy_kernel_cuda(at::TensorIteratorBase &)::[lambda() (instance 3)]::operator ()() const::[lambda() (instance 1)]::operator ()() const::[lambda(unsigned char) (instance 1)], std::array<char *, (unsigned long)2>, (int)4, TrivialOffsetCalculator<(int)1, unsigned int>, TrivialOffsetCalculator<(int)1, unsigned int>, at::native::memory::LoadWithCast<(int)1>, at::native::memory::StoreWithCast<(int)1>>(int, T1, T2, T4, T5, T6, T7)"
:stage.process:model.layers.1.self_attn.v_proj,PushPop,3033121,3035516,1,2,8416,4208.0,4208.0,4160,4256,67.9,"void at::native::vectorized_elementwise_kernel<(int)2, at::native::BinaryFunctor<long, long, long, at::native::BitwiseOrFunctor<long>>, std::array<char *, (unsigned long)3>>(int, T2, T3)"
:stage.process:model.layers.1.self_attn.v_proj,PushPop,3033121,3035516,1,4,8032,2008.0,1984.0,1888,2176,120.8,"void at::native::vectorized_elementwise_kernel<(int)4, void at::native::compare_scalar_kernel<c10::Half>(at::TensorIteratorBase &, at::native::<unnamed>::OpType, T1)::[lambda(c10::Half) (instance 1)], std::array<char *, (unsigned long)2>>(int, T2, T3)"
:stage.process:model.layers.1.self_attn.v_proj,PushPop,3033121,3035516,1,1,7936,7936.0,7936.0,7936,7936,0.0,"void at::native::reduce_kernel<(int)128, (int)4, at::native::ReduceOp<long, at::native::func_wrapper_t<long, at::native::sum_functor<long, long, long>::operator ()(at::TensorIterator &)::[lambda(long, long) (instance 1)]>, unsigned int, long, (int)4, (int)4>>(T3)"
:stage.process:model.layers.1.self_attn.v_proj,PushPop,3033121,3035516,1,2,7648,3824.0,3824.0,3808,3840,22.6,"void at::native::vectorized_elementwise_kernel<(int)2, at::native::BUnaryFunctor<long, long, long, at::native::binary_internal::div_floor_kernel_cuda(at::TensorIteratorBase &)::[lambda() (instance 1)]::operator ()() const::[lambda() (instance 4)]::operator ()() const::[lambda(long, long) (instance 1)]>, std::array<char *, (unsigned long)2>>(int, T2, T3)"
:stage.process:model.layers.1.self_attn.v_proj,PushPop,3033121,3035516,1,2,7584,3792.0,3792.0,3776,3808,22.6,"void at::native::vectorized_elementwise_kernel<(int)2, at::native::BUnaryFunctor<long, long, long, at::native::lshift_kernel_cuda(at::TensorIteratorBase &)::[lambda() (instance 1)]::operator ()() const::[lambda() (instance 4)]::operator ()() const::[lambda(long, long) (instance 1)]>, std::array<char *, (unsigned long)2>>(int, T2, T3)"
:stage.process:model.layers.1.self_attn.v_proj,PushPop,3033121,3035516,1,3,7456,2485.3,2432.0,2400,2624,121.2,"void at::native::vectorized_elementwise_kernel<(int)4, at::native::AUnaryFunctor<unsigned char, unsigned char, bool, at::native::<unnamed>::CompareEqFunctor<unsigned char>>, std::array<char *, (unsigned long)2>>(int, T2, T3)"
:stage.process:model.layers.1.self_attn.v_proj,PushPop,3033121,3035516,1,4,6688,1672.0,1600.0,1600,1888,144.0,"void at::native::vectorized_elementwise_kernel<(int)4, at::native::FillFunctor<bool>, std::array<char *, (unsigned long)1>>(int, T2, T3)"
:stage.process:model.layers.1.self_attn.v_proj,PushPop,3033121,3035516,1,2,6528,3264.0,3264.0,3168,3360,135.8,"void at::native::elementwise_kernel<(int)128, (int)2, void at::native::gpu_kernel_impl_nocast<at::native::AbsFunctor<float>>(at::TensorIteratorBase &, const T1 &)::[lambda(int) (instance 1)]>(int, T3)"
:stage.process:model.layers.1.self_attn.v_proj,PushPop,3033121,3035516,1,1,6112,6112.0,6112.0,6112,6112,0.0,"void at::native::elementwise_kernel<(int)128, (int)2, void at::native::gpu_kernel_impl_nocast<at::native::BinaryFunctor<float, float, float, at::native::binary_internal::DivFunctor<float>>>(at::TensorIteratorBase &, const T1 &)::[lambda(int) (instance 1)]>(int, T3)"
:stage.process:model.layers.1.self_attn.v_proj,PushPop,3033121,3035516,1,2,6080,3040.0,3040.0,3040,3040,0.0,"void at::native::elementwise_kernel<(int)128, (int)2, void at::native::gpu_kernel_impl_nocast<at::native::CUDAFunctor_add<long>>(at::TensorIteratorBase &, const T1 &)::[lambda(int) (instance 1)]>(int, T3)"
:stage.process:model.layers.1.self_attn.v_proj,PushPop,3033121,3035516,1,1,6080,6080.0,6080.0,6080,6080,0.0,"void at::native::vectorized_elementwise_kernel<(int)4, void at::native::<unnamed>::pow_tensor_scalar_kernel_impl<float, float>(at::TensorIteratorBase &, T2)::[lambda(float) (instance 1)], std::array<char *, (unsigned long)2>>(int, T2, T3)"
:stage.process:model.layers.1.self_attn.v_proj,PushPop,3033121,3035516,1,3,5408,1802.7,1728.0,1696,1984,157.9,"void at::native::vectorized_elementwise_kernel<(int)4, at::native::BinaryFunctor<float, float, float, at::native::maximum_kernel_cuda(at::TensorIteratorBase &)::[lambda() (instance 2)]::operator ()() const::[lambda() (instance 2)]::operator ()() const::[lambda(float, float) (instance 1)]>, std::array<char *, (unsigned long)3>>(int, T2, T3)"
:stage.process:model.layers.1.self_attn.v_proj,PushPop,3033121,3035516,1,2,4640,2320.0,2320.0,2304,2336,22.6,"void at::native::vectorized_elementwise_kernel<(int)2, at::native::CUDAFunctorOnOther_add<long>, std::array<char *, (unsigned long)2>>(int, T2, T3)"
:stage.process:model.layers.1.self_attn.v_proj,PushPop,3033121,3035516,1,3,4384,1461.3,1472.0,1376,1536,80.5,"xxtrf4_set_info_ker(int, int *)"
:stage.process:model.layers.1.self_attn.v_proj,PushPop,3033121,3035516,1,1,4320,4320.0,4320.0,4320,4320,0.0,"void at::native::<unnamed>::CatArrayBatchedCopy_vectorized<at::native::<unnamed>::OpaqueType<(unsigned int)2>, unsigned int, (int)1, (int)128, (int)1, (int)16, (int)8>(char *, at::native::<unnamed>::CatArrInputTensorMetadata<T1, T2, T4, T5>, at::native::<unnamed>::TensorSizeStride<T2, (unsigned int)4>, int, T2)"
:stage.process:model.layers.1.self_attn.v_proj,PushPop,3033121,3035516,1,1,3936,3936.0,3936.0,3936,3936,0.0,"void at::native::vectorized_elementwise_kernel<(int)4, at::native::float16_copy_kernel_cuda(at::TensorIteratorBase &)::[lambda(float) (instance 1)], std::array<char *, (unsigned long)2>>(int, T2, T3)"
:stage.process:model.layers.1.self_attn.v_proj,PushPop,3033121,3035516,1,1,2656,2656.0,2656.0,2656,2656,0.0,"void at::native::vectorized_elementwise_kernel<(int)4, at::native::BinaryFunctor<unsigned char, unsigned char, bool, at::native::<unnamed>::CompareEqFunctor<unsigned char>>, std::array<char *, (unsigned long)3>>(int, T2, T3)"
:stage.process:model.layers.1.self_attn.v_proj,PushPop,3033121,3035516,1,1,2528,2528.0,2528.0,2528,2528,0.0,"void at::native::vectorized_elementwise_kernel<(int)4, at::native::AUnaryFunctor<unsigned char, unsigned char, unsigned char, at::native::binary_internal::MulFunctor<unsigned char>>, std::array<char *, (unsigned long)2>>(int, T2, T3)"
:stage.process:model.layers.1.self_attn.v_proj,PushPop,3033121,3035516,1,1,2400,2400.0,2400.0,2400,2400,0.0,"void at::native::unrolled_elementwise_kernel<at::native::direct_copy_kernel_cuda(at::TensorIteratorBase &)::[lambda() (instance 3)]::operator ()() const::[lambda() (instance 11)]::operator ()() const::[lambda(bool) (instance 1)], std::array<char *, (unsigned long)2>, (int)4, TrivialOffsetCalculator<(int)1, unsigned int>, TrivialOffsetCalculator<(int)1, unsigned int>, at::native::memory::LoadWithCast<(int)1>, at::native::memory::StoreWithCast<(int)1>>(int, T1, T2, T4, T5, T6, T7)"
:stage.process:model.layers.1.self_attn.v_proj,PushPop,3033121,3035516,1,1,2080,2080.0,2080.0,2080,2080,0.0,"void at::native::unrolled_elementwise_kernel<at::native::<unnamed>::CompareFunctor<c10::Half>, std::array<char *, (unsigned long)3>, (int)4, TrivialOffsetCalculator<(int)2, unsigned int>, TrivialOffsetCalculator<(int)1, unsigned int>, at::native::memory::LoadWithoutCast, at::native::memory::StoreWithoutCast>(int, T1, T2, T4, T5, T6, T7)"
:stage.process:model.layers.1.self_attn.v_proj,PushPop,3033121,3035516,1,1,1984,1984.0,1984.0,1984,1984,0.0,"void at::native::vectorized_elementwise_kernel<(int)4, at::native::sqrt_kernel_cuda(at::TensorIteratorBase &)::[lambda() (instance 2)]::operator ()() const::[lambda() (instance 2)]::operator ()() const::[lambda(float) (instance 1)], std::array<char *, (unsigned long)2>>(int, T2, T3)"
:stage.process:model.layers.1.self_attn.v_proj,PushPop,3033121,3035516,1,1,1760,1760.0,1760.0,1760,1760,0.0,"void at::native::vectorized_elementwise_kernel<(int)4, at::native::<unnamed>::launch_clamp_scalar(at::TensorIteratorBase &, c10::Scalar, c10::Scalar, at::native::detail::ClampLimits)::[lambda() (instance 1)]::operator ()() const::[lambda() (instance 7)]::operator ()() const::[lambda(float) (instance 1)], std::array<char *, (unsigned long)2>>(int, T2, T3)"
CCCL:cub::DeviceRadixSort,PushPop,3033121,3034425,8,16,152159,9509.9,9360.0,8416,11040,813.5,"void at_cuda_detail::cub::detail::radix_sort::DeviceRadixSortOnesweepKernel<at_cuda_detail::cub::detail::radix::policy_hub<long, at::cuda::cub::detail::OpaqueType<(int)8>, unsigned long long>::Policy1000, (at_cuda_detail::cub::SortOrder)0, long, at::cuda::cub::detail::OpaqueType<(int)8>, unsigned long long, int, int, at_cuda_detail::cub::detail::identity_decomposer_t>(T7 *, T7 *, T5 *, const T5 *, T3 *, const T3 *, T4 *, const T4 *, T6, int, int, T8)"
CCCL:cub::DeviceRadixSort,PushPop,3033121,3034425,8,8,52096,6512.0,6592.0,5664,7200,520.8,"void at_cuda_detail::cub::detail::radix_sort::DeviceRadixSortSingleTileKernel<at_cuda_detail::cub::detail::radix::policy_hub<long, at::cuda::cub::detail::OpaqueType<(int)8>, unsigned long long>::Policy1000, (at_cuda_detail::cub::SortOrder)0, long, at::cuda::cub::detail::OpaqueType<(int)8>, unsigned long long, at_cuda_detail::cub::detail::identity_decomposer_t>(const T3 *, T3 *, const T4 *, T4 *, T5, int, int, T6)"
CCCL:cub::DeviceRadixSort,PushPop,3033121,3034425,8,8,28832,3604.0,3600.0,3520,3776,88.8,"void at_cuda_detail::cub::detail::radix_sort::DeviceRadixSortHistogramKernel<at_cuda_detail::cub::detail::radix::policy_hub<long, at::cuda::cub::detail::OpaqueType<(int)8>, unsigned long long>::Policy1000, (at_cuda_detail::cub::SortOrder)0, long, unsigned long long, at_cuda_detail::cub::detail::identity_decomposer_t>(T4 *, const T3 *, T4, int, int, T5)"
CCCL:cub::DeviceRadixSort,PushPop,3033121,3034425,8,8,18912,2364.0,2336.0,2240,2528,108.8,"void at_cuda_detail::cub::detail::radix_sort::DeviceRadixSortExclusiveSumKernel<at_cuda_detail::cub::detail::radix::policy_hub<long, at::cuda::cub::detail::OpaqueType<(int)8>, unsigned long long>::Policy1000, unsigned long long>(T2 *)"
CCCL:cub::DeviceReduce::Sum,PushPop,3033121,3033121,3596,3596,7980862,2219.4,1984.0,1600,5024,563.1,"void at_cuda_detail::cub::detail::reduce::DeviceReduceSingleTileKernel<at_cuda_detail::cub::detail::reduce::policy_hub<int, unsigned long long, cuda::std::__4::plus<void>>::Policy1000, thrust::_V_300200_SM_750_800_860_900_1000_1200::transform_iterator<at::native::<unnamed>::NonZeroOp<bool>, const bool *, thrust::_V_300200_SM_750_800_860_900_1000_1200::use_default, thrust::_V_300200_SM_750_800_860_900_1000_1200::use_default>, int *, unsigned long long, cuda::std::__4::plus<void>, int, int, cuda::std::__4::identity>(T2, T3, T4, T5, T6, T8)"
CCCL:cub::DeviceReduce::Sum,PushPop,3033121,3033121,4,4,13952,3488.0,3392.0,2944,4224,534.2,"void at_cuda_detail::cub::detail::reduce::DeviceReduceKernel<at_cuda_detail::cub::detail::reduce::policy_hub<int, unsigned long long, cuda::std::__4::plus<void>>::Policy1000, thrust::_V_300200_SM_750_800_860_900_1000_1200::transform_iterator<at::native::<unnamed>::NonZeroOp<bool>, const bool *, thrust::_V_300200_SM_750_800_860_900_1000_1200::use_default, thrust::_V_300200_SM_750_800_860_900_1000_1200::use_default>, unsigned long long, cuda::std::__4::plus<void>, int, cuda::std::__4::identity>(T2, T5 *, T3, at_cuda_detail::cub::GridEvenShare<T3>, T4, T6)"
CCCL:cub::DeviceReduce::Sum,PushPop,3033121,3033121,4,4,8928,2232.0,2272.0,2112,2272,80.0,"void at_cuda_detail::cub::detail::reduce::DeviceReduceSingleTileKernel<at_cuda_detail::cub::detail::reduce::policy_hub<int, unsigned long long, cuda::std::__4::plus<void>>::Policy1000, int *, int *, int, cuda::std::__4::plus<void>, int, int, cuda::std::__4::identity>(T2, T3, T4, T5, T6, T8)"
CCCL:cub::DeviceReduce::Sum,PushPop,3033121,3034425,12,12,53344,4445.3,4384.0,3712,5056,383.4,"void at_cuda_detail::cub::detail::reduce::DeviceReduceSingleTileKernel<at_cuda_detail::cub::detail::reduce::policy_hub<int, unsigned long long, cuda::std::__4::plus<void>>::Policy1000, thrust::_V_300200_SM_750_800_860_900_1000_1200::transform_iterator<at::native::<unnamed>::NonZeroOp<bool>, const bool *, thrust::_V_300200_SM_750_800_860_900_1000_1200::use_default, thrust::_V_300200_SM_750_800_860_900_1000_1200::use_default>, int *, unsigned long long, cuda::std::__4::plus<void>, int, int, cuda::std::__4::identity>(T2, T3, T4, T5, T6, T8)"
CCCL:cub::DeviceReduce::Sum,PushPop,3033121,3034425,4,4,17280,4320.0,4336.0,3808,4800,410.6,"void at_cuda_detail::cub::detail::reduce::DeviceReduceKernel<at_cuda_detail::cub::detail::reduce::policy_hub<int, unsigned long long, cuda::std::__4::plus<void>>::Policy1000, thrust::_V_300200_SM_750_800_860_900_1000_1200::transform_iterator<at::native::<unnamed>::NonZeroOp<bool>, const bool *, thrust::_V_300200_SM_750_800_860_900_1000_1200::use_default, thrust::_V_300200_SM_750_800_860_900_1000_1200::use_default>, unsigned long long, cuda::std::__4::plus<void>, int, cuda::std::__4::identity>(T2, T5 *, T3, at_cuda_detail::cub::GridEvenShare<T3>, T4, T6)"
CCCL:cub::DeviceReduce::Sum,PushPop,3033121,3034425,4,4,10240,2560.0,2576.0,2336,2752,171.3,"void at_cuda_detail::cub::detail::reduce::DeviceReduceSingleTileKernel<at_cuda_detail::cub::detail::reduce::policy_hub<int, unsigned long long, cuda::std::__4::plus<void>>::Policy1000, int *, int *, int, cuda::std::__4::plus<void>, int, int, cuda::std::__4::identity>(T2, T3, T4, T5, T6, T8)"
CCCL:cub::DeviceSelect::Flagged,PushPop,3033121,3033121,3600,3600,9463623,2628.8,2560.0,2304,4896,200.7,"void at_cuda_detail::cub::detail::select::DeviceSelectSweepKernel<at_cuda_detail::cub::detail::select::policy_hub<long, bool, int, (bool)0, (at_cuda_detail::cub::SelectImpl)0>::Policy1000, thrust::_V_300200_SM_750_800_860_900_1000_1200::counting_iterator<long, thrust::_V_300200_SM_750_800_860_900_1000_1200::use_default, thrust::_V_300200_SM_750_800_860_900_1000_1200::use_default, thrust::_V_300200_SM_750_800_860_900_1000_1200::use_default, thrust::_V_300200_SM_750_800_860_900_1000_1200::compile_time_value<(int)1>>, thrust::_V_300200_SM_750_800_860_900_1000_1200::transform_iterator<at::native::<unnamed>::NonZeroOp<bool>, const bool *, thrust::_V_300200_SM_750_800_860_900_1000_1200::use_default, thrust::_V_300200_SM_750_800_860_900_1000_1200::use_default>, long *, int *, at_cuda_detail::cub::ScanTileState<int, (bool)1>, at_cuda_detail::cub::NullType, at_cuda_detail::cub::NullType, int, at_cuda_detail::cub::detail::select::streaming_context_t<long, (bool)1>, (at_cuda_detail::cub::SelectImpl)0>(T2, T3, T4, T5, T6, T7, T8, T9, int, T10, at_cuda_detail::cub::detail::vsmem_t)"
CCCL:cub::DeviceSelect::Flagged,PushPop,3033121,3033121,3600,3600,4952862,1375.8,1344.0,1184,1952,164.6,"void at_cuda_detail::cub::detail::scan::DeviceCompactInitKernel<at_cuda_detail::cub::ScanTileState<int, (bool)1>, int *>(T1, int, T2)"
CCCL:cub::DeviceSelect::Flagged,PushPop,3033121,3034425,16,16,61536,3846.0,3792.0,2976,4800,721.9,"void at_cuda_detail::cub::detail::select::DeviceSelectSweepKernel<at_cuda_detail::cub::detail::select::policy_hub<long, bool, int, (bool)0, (at_cuda_detail::cub::SelectImpl)0>::Policy1000, thrust::_V_300200_SM_750_800_860_900_1000_1200::counting_iterator<long, thrust::_V_300200_SM_750_800_860_900_1000_1200::use_default, thrust::_V_300200_SM_750_800_860_900_1000_1200::use_default, thrust::_V_300200_SM_750_800_860_900_1000_1200::use_default, thrust::_V_300200_SM_750_800_860_900_1000_1200::compile_time_value<(int)1>>, thrust::_V_300200_SM_750_800_860_900_1000_1200::transform_iterator<at::native::<unnamed>::NonZeroOp<bool>, const bool *, thrust::_V_300200_SM_750_800_860_900_1000_1200::use_default, thrust::_V_300200_SM_750_800_860_900_1000_1200::use_default>, long *, int *, at_cuda_detail::cub::ScanTileState<int, (bool)1>, at_cuda_detail::cub::NullType, at_cuda_detail::cub::NullType, int, at_cuda_detail::cub::detail::select::streaming_context_t<long, (bool)1>, (at_cuda_detail::cub::SelectImpl)0>(T2, T3, T4, T5, T6, T7, T8, T9, int, T10, at_cuda_detail::cub::detail::vsmem_t)"
CCCL:cub::DeviceSelect::Flagged,PushPop,3033121,3034425,16,16,26976,1686.0,1728.0,1408,1952,161.8,"void at_cuda_detail::cub::detail::scan::DeviceCompactInitKernel<at_cuda_detail::cub::ScanTileState<int, (bool)1>, int *>(T1, int, T2)"
