PID,TID,DevId,Count,QCount,TAvg (ns),TMed (ns),TMin (ns),TMax (ns),TStdDev (ns),AAvg (ns),AMed (ns),AMin (ns),AMax (ns),AStdDev (ns),QAvg (ns),QMed (ns),QMin (ns),QMax (ns),QStdDev (ns),KAvg (ns),KMed (ns),KMin (ns),KMax (ns),KStdDev (ns),API Name,Kernel Name
1608884,1610556,0,16,16,1432802362.0,1555074080.0,477028407,1558122119,310307293.3,11121.3,7695.0,4929,52079,11358.5,1430351261.7,1552629031.5,474537968,1555673453,310315122.0,2439979.1,2440665.0,2429304,2446265,3938.1,cudaLaunchKernel,"void at::native::<unnamed>::cunn_SoftMaxBackward<(int)4, c10::Half, float, float, at::native::<unnamed>::SoftMaxBackwardEpilogue>(T2 *, const T4 *, const T4 *, long)"
1608884,1610556,0,48,48,1289025625.3,1377253825.0,436429870,1418170371,249982669.9,424837.6,6637.5,4799,6565721,1596999.9,1288020144.9,1376694511.0,436028247,1410827028,249765448.2,580642.8,553327.5,390624,799807,167726.5,cudaLaunchKernel,"void <unnamed>::softmax_warp_backward<float, c10::Half, float, (int)10, (bool)0, (bool)0, (int)32>(T2 *, const T1 *, const T1 *, int, int, int, const bool *)"
1608884,1610556,0,128,127,1256322303.2,1328169492.0,71572,1549849986,282006088.8,19692.7,11693.0,9628,135578,24705.8,1265948562.2,1328247972.0,399336937,1548855868,259794081.5,244276.7,101264.5,28864,986013,302250.8,cuLaunchKernel,void cutlass::Kernel2<cutlass_75_tensorop_f16_s1688gemm_f16_64x64_nt_align1>(T1::Params)
1608884,1610556,0,128,127,1253783196.5,1315293445.0,97749,1559947317,281708810.8,21895.0,12463.0,9909,147562,28899.2,1263291359.8,1315384630.0,398909018,1558721387,259542142.2,339408.3,162912.0,54721,1219548,368003.0,cuLaunchKernel,void cutlass::Kernel2<cutlass_75_tensorop_f16_s1688gemm_f16_256x128_nt_align1>(T1::Params)
1608884,1610556,0,16,16,1240085637.6,1327116142.0,424945155,1328406279,246312427.8,13484.9,12408.5,10460,22222,3498.5,1239994572.7,1327026439.0,424848455,1328315744,246313806.2,77580.0,76992.0,74848,80864,1914.3,cuLaunchKernel,void cutlass::Kernel2<cutlass_80_tensorop_f16_s16816gemm_relu_f16_256x64_32x4_nt_align8>(T1::Params)
1608884,1610556,0,80,80,1238006985.8,1323683482.5,415975371,1347347672,241010945.2,3209143.4,63797.0,4609,6713353,3300566.9,1234611207.8,1316977525.0,415857616,1340500166,239771493.7,186634.7,168256.5,108768,284352,60109.7,cudaLaunchKernel,"void <unnamed>::softmax_warp_backward<float, c10::Half, float, (int)9, (bool)0, (bool)0, (int)32>(T2 *, const T1 *, const T1 *, int, int, int, const bool *)"
1608884,1610556,0,256,254,1231930181.4,1302724988.5,32555,1561066393,278678580.7,424750.4,14111.5,10059,103781821,6485181.5,1241185500.1,1302798333.0,143170077,1561019251,258553954.2,16738.9,15088.0,8896,35392,6213.9,cudaLaunchKernel,"void at::native::reduce_kernel<(int)128, (int)4, at::native::ReduceOp<c10::Half, at::native::func_wrapper_t<c10::Half, at::native::sum_functor<c10::Half, float, c10::Half>::operator ()(at::TensorIterator &)::[lambda(float, float) (instance 1)]>, unsigned int, c10::Half, (int)4, (int)8>>(T3)"
1608884,1610556,0,256,256,1231451940.2,1302667657.0,27714,1561080921,279839928.8,16430.3,11361.5,8547,145427,18330.7,1231405136.6,1302636767.5,322,1560986064,279834942.1,30373.3,24640.0,10240,84256,18146.5,cudaLaunchKernel,"void at::native::reduce_kernel<(int)512, (int)1, at::native::ReduceOp<c10::Half, at::native::func_wrapper_t<c10::Half, at::native::sum_functor<c10::Half, float, c10::Half>::operator ()(at::TensorIterator &)::[lambda(float, float) (instance 1)]>, unsigned int, c10::Half, (int)4, (int)8>>(T3)"
1608884,1610556,0,64,63,1225149812.2,1307875136.0,44050,1379865332,290459264.2,13420.9,12349.0,10230,22533,3002.1,1244490566.8,1307862070.0,393990622,1379660091,247247019.8,91010.0,71184.0,27456,195008,68277.5,cuLaunchKernel,void cutlass::Kernel2<cutlass_80_tensorop_f16_s16816gemm_f16_64x256_32x4_nt_align2>(T1::Params)
1608884,1610556,0,48,48,1224207098.6,1308835845.5,408520162,1327839867,240359015.1,14341.1,12935.0,10010,40056,5006.5,1224150017.4,1308797831.5,408460043,1327755567,240359338.2,42740.1,30144.0,25632,74624,20275.0,cuLaunchKernel,void cutlass::Kernel2<cutlass_80_tensorop_f16_s16816gemm_relu_f16_64x256_32x4_nt_align8>(T1::Params)
1608884,1610556,0,64,63,1218147160.4,1294872423.0,41737,1382290392,288076149.7,24104.4,12754.0,10329,629810,77044.7,1237364942.8,1294830694.0,393893855,1382071672,244963437.7,91959.5,71536.0,26720,199552,69954.3,cuLaunchKernel,void cutlass::Kernel2<cutlass_80_tensorop_f16_s16816gemm_f16_256x64_32x4_nt_align2>(T1::Params)
1608884,1610556,0,32,32,1211162280.1,1296559500.5,408197228,1301009605,239014326.1,15192.7,12914.0,10720,37642,6014.1,1211115699.4,1296511570.0,408123266,1300962592,239016431.7,31388.1,31552.5,25632,36960,4302.8,cudaLaunchKernel,ampere_fp16_s16816gemm_fp16_128x64_ldg8_f2f_stages_32x6_nt
1608884,1610556,0,1041,1039,1211038919.7,1302262527.0,11193,1560971079,317709114.4,10448.9,7294.0,4348,157831,11220.6,1213349003.2,1302301974.0,1193,1560956844,313552389.1,10596.0,4128.0,2208,728030,49447.3,cudaLaunchKernel,"void at::native::vectorized_elementwise_kernel<(int)4, at::native::FillFunctor<c10::Half>, std::array<char *, (unsigned long)1>>(int, T2, T3)"
1608884,1610556,0,96,95,1185310301.3,1299244929.0,80768,1303817240,293410845.9,3513153.9,6550001.5,4830,6737138,3307468.2,1194173346.0,1293491274.0,22105,1303574334,266825641.3,63110.3,61776.5,35328,91904,20463.4,cudaLaunchKernel,"void <unnamed>::softmax_warp_backward<float, c10::Half, float, (int)8, (bool)0, (bool)0, (int)32>(T2 *, const T1 *, const T1 *, int, int, int, const bool *)"
1608884,1610556,0,608,608,1169860768.3,1226499071.0,256156956,1547188973,245550335.4,4927255.1,13165.0,8887,102851779,20527736.7,1164768375.2,1222686276.0,255970322,1547088499,245093022.7,165138.0,110816.0,28160,747999,180497.9,cudaLaunchKernel,ampere_fp16_s16816gemm_fp16_128x128_ldg8_f2f_stages_32x5_nn
1608884,1610556,0,1792,1792,1161520628.7,1210373360.0,2544177,1552091930,278325093.5,967109.2,10500.0,8316,103029818,8703355.1,1125451671.5,1187826186.0,1745291,1548610226,282354579.6,35101848.0,6639814.5,770781,103865824,43314350.8,cudaLaunchKernel,ampere_sgemm_128x128_tn
1608884,1610556,0,16,16,1157042872.0,1293813024.5,144150162,1295057610,331719380.4,13185.1,11802.5,10169,20188,3374.4,1157005464.7,1293774027.5,144105846,1295017067,331720543.4,24222.3,24192.5,24033,24576,140.9,cuLaunchKernel,void cutlass::Kernel2<cutlass_80_wmma_tensorop_f16_s161616gemm_f16_32x32_32x1_nt_align2>(T1::Params)
1608884,1610556,0,2560,2559,1153221359.9,1281368709.5,11020,1561069664,278573987.9,74065.6,8065.5,4468,25558453,588677.9,1153583965.6,1281363575.0,1735,1560997297,277690972.9,13950.2,9088.0,2752,62528,13258.6,cudaLaunchKernel,"void at::native::vectorized_elementwise_kernel<(int)4, at::native::CUDAFunctor_add<c10::Half>, std::array<char *, (unsigned long)3>>(int, T2, T3)"
1608884,1610556,0,16,16,1152395025.2,1287939429.5,143940326,1289274062,329748007.1,5339948.7,6558417.5,5080,6754612,2637559.6,1147036952.3,1281469933.0,143845201,1282695881,327425170.2,18124.2,18064.5,17728,18496,225.9,cudaLaunchKernel,"void <unnamed>::softmax_warp_backward<float, c10::Half, float, (int)7, (bool)0, (bool)0, (int)32>(T2 *, const T1 *, const T1 *, int, int, int, const bool *)"
1608884,1610556,0,64,64,1149807155.3,1174814667.5,417778059,1335462430,233440701.4,20773103.4,12839.5,9969,102593757,41442221.9,1128950186.3,1072710428.0,417667893,1335356048,234894713.1,83865.6,83904.5,82976,84832,512.3,cuLaunchKernel,void cutlass::Kernel2<cutlass_80_tensorop_f16_s16816gemm_relu_f16_128x128_32x4_nn_align8>(T1::Params)
1608884,1610556,0,16,16,1146811065.1,1281127109.0,143381772,1282513134,327451300.9,22363.3,14703.5,12213,104539,22820.6,1146772655.8,1281052717.0,143343540,1282459989,327449896.3,16046.0,16080.0,15776,16256,158.1,cuLaunchKernel,void cutlass::Kernel2<cutlass_80_tensorop_f16_s16816gemm_f16_128x64_64x3_nt_align2>(T1::Params)
1608884,1610556,0,3584,3584,1144421814.2,1198387665.0,1823364,1552137805,281109734.2,1989431.0,8456.5,6512,102775703,12487425.4,1142137365.6,1193858112.5,1731281,1552052373,280808079.9,295017.6,78688.0,7456,1143971,440649.7,cudaLaunchKernel,"void at::native::reduce_kernel<(int)128, (int)4, at::native::ReduceOp<float, at::native::func_wrapper_t<float, at::native::sum_functor<float, float, float>::operator ()(at::TensorIterator &)::[lambda(float, float) (instance 1)]>, unsigned int, float, (int)4, (int)4>>(T3)"
1608884,1610556,0,64,64,1137650913.7,1119518185.0,142785247,1382451140,284564176.7,279228.0,11963.0,7584,1600841,562792.3,1137200570.2,1117749473.5,142655054,1382216624,284580536.7,171115.5,171168.0,114880,228575,55219.4,cuLaunchKernel,void cutlass::Kernel2<cutlass_80_tensorop_f16_s16816gemm_f16_64x128_64x3_nn_align2>(T1::Params)
1608884,1610556,0,16,16,1135718971.8,1265053308.0,152174369,1267502016,322647500.4,19567.3,13520.5,8816,92527,20093.1,1128960095.9,1258302165.0,145424713,1260756207,322646953.0,6739308.6,6735886.5,6727340,6782955,12146.5,cudaLaunchKernel,"void at::native::<unnamed>::cunn_SoftMaxForward<(int)8, c10::Half, float, float, at::native::<unnamed>::SoftMaxForwardEpilogue>(T4 *, const T2 *, int)"
1608884,1610556,0,5376,5375,1134777705.8,1189468882.0,15654,1552123525,281848849.2,2801434.2,6983.0,4890,102541487,15583620.6,1132130299.2,1188362261.0,315,1552104221,280105725.6,56562.1,14720.0,2944,319167,87638.4,cudaLaunchKernel,"void at::native::vectorized_elementwise_kernel<(int)4, at::native::AbsFunctor<float>, std::array<char *, (unsigned long)2>>(int, T2, T3)"
1608884,1610556,0,384,384,1133781237.4,1167770973.0,134480990,1549652485,291595773.0,3788419.5,13711.0,9018,102816060,19254532.0,1129544729.6,1167737701.0,134128906,1548613470,291913806.6,448088.4,334401.0,19328,1203804,331861.4,cudaLaunchKernel,ampere_fp16_s16816gemm_fp16_256x128_ldg8_f2f_stages_32x3_nn
1608884,1610556,0,5376,5375,1131994617.9,1188394862.0,14403,1552112362,280498610.3,815180.4,6086.5,4318,102510478,6135780.6,1131353664.4,1187159579.0,815,1552101350,279635488.1,36218.4,6272.0,2336,205951,59060.1,cudaLaunchKernel,"void at::native::vectorized_elementwise_kernel<(int)4, at::native::AUnaryFunctor<float, float, bool, at::native::<unnamed>::CompareEqFunctor<float>>, std::array<char *, (unsigned long)2>>(int, T2, T3)"
1608884,1610556,0,5376,5376,1131206417.8,1187167071.5,11393,1552113106,280029931.5,2389474.7,5230.0,3958,103789986,13471489.1,1128778805.6,1185719867.0,2,1552096590,279367348.2,38137.6,12512.0,2432,198752,54813.4,cudaLaunchKernel,"void at::native::vectorized_elementwise_kernel<(int)4, at::native::BinaryFunctor<float, float, bool, at::native::<unnamed>::CompareEqFunctor<float>>, std::array<char *, (unsigned long)3>>(int, T2, T3)"
1608884,1610556,0,5376,5374,1128829666.0,1185798668.5,11627,1552107771,279363115.0,2147812.3,5229.0,3808,105822179,13864220.5,1127077258.2,1184726528.5,1947,1552097061,278394699.0,23896.0,6432.0,2336,134304,36315.9,cudaLaunchKernel,"void at::native::vectorized_elementwise_kernel<(int)4, at::native::BinaryFunctor<bool, bool, bool, at::native::binary_internal::MulFunctor<bool>>, std::array<char *, (unsigned long)3>>(int, T2, T3)"
1608884,1610556,0,3072,3070,1127731132.0,1196727441.5,12154,1561039772,293956975.8,98132.5,9332.5,4378,6543580,712851.3,1128347420.8,1196777157.5,1262,1561003381,292646084.1,20180.7,14592.0,4032,90752,17788.5,cudaLaunchKernel,"void at::native::elementwise_kernel<(int)128, (int)4, void at::native::gpu_kernel_impl_nocast<at::native::direct_copy_kernel_cuda(at::TensorIteratorBase &)::[lambda() (instance 3)]::operator ()() const::[lambda() (instance 10)]::operator ()() const::[lambda(c10::Half) (instance 1)]>(at::TensorIteratorBase &, const T1 &)::[lambda(int) (instance 1)]>(int, T3)"
1608884,1610556,0,5376,5375,1125888855.3,1182678312.0,20289,1552095200,279038392.1,564085.8,7343.5,5270,104679942,6027478.4,1125509903.7,1182018995.0,615,1552077655,278688483.9,24224.3,11584.0,6784,98687,28593.5,cudaLaunchKernel,"void at::native::reduce_kernel<(int)512, (int)1, at::native::ReduceOp<bool, at::native::func_wrapper_t<bool, at::native::and_kernel_cuda(at::TensorIterator &)::[lambda() (instance 1)]::operator ()() const::[lambda() (instance 12)]::operator ()() const::[lambda(bool, bool) (instance 1)]>, unsigned int, bool, (int)4, (int)4>>(T3)"
1608884,1610556,0,64,64,1125716250.1,1167368836.5,410012964,1310278149,213460262.3,20855934.0,12052.5,10010,102742049,41609404.7,1104820374.5,1167333893.5,409935274,1310207187,214760267.1,39941.6,39744.0,21216,59392,18426.9,cuLaunchKernel,void cutlass::Kernel2<cutlass_80_tensorop_f16_s16816gemm_relu_f16_256x64_32x4_nn_align8>(T1::Params)
1608884,1610556,0,5376,5375,1125305387.9,1181990299.5,13033,1552077078,279081740.2,1056215.7,6563.0,4689,102587786,9317287.1,1124456194.9,1180228746.0,173,1552057633,278585598.4,2139.9,2080.0,1632,3072,272.6,cudaLaunchKernel,"void at::native::vectorized_elementwise_kernel<(int)4, at::native::bitwise_not_kernel_cuda(at::TensorIteratorBase &)::[lambda(bool) (instance 1)], std::array<char *, (unsigned long)2>>(int, T2, T3)"
1608884,1610556,0,5376,5374,1124233154.7,1180187300.5,12087,1552049932,278985548.2,606537.4,5951.5,4328,105062681,6394692.8,1124042725.7,1179633712.5,1476,1552041315,278162451.5,2062.8,2016.0,1664,2720,166.4,cudaLaunchKernel,"void at::native::vectorized_elementwise_kernel<(int)4, at::native::BinaryFunctor<bool, bool, bool, at::native::logical_or_kernel_cuda(at::TensorIterator &)::[lambda() (instance 2)]::operator ()() const::[lambda() (instance 9)]::operator ()() const::[lambda(bool, bool) (instance 1)]>, std::array<char *, (unsigned long)3>>(int, T2, T3)"
1608884,1610556,0,256,255,1123299165.3,1133598943.0,103369,1551813620,308435726.8,80952.7,13391.0,7785,2053252,225583.4,1127132661.7,1132734838.0,126568030,1549779241,300683951.4,488473.8,182336.5,47968,2024315,623221.8,cuLaunchKernel,void cutlass::Kernel2<cutlass_75_tensorop_f16_s1688gemm_f16_64x64_tn_align1>(T1::Params)
1608884,1610556,0,256,256,1122728859.8,1133768268.5,99521,1561139314,307647170.0,87741.8,12554.0,7665,5220268,384867.7,1122333552.8,1133162115.5,24159,1559889273,307565750.3,307565.1,127056.0,32224,1247964,381251.6,cuLaunchKernel,void cutlass::Kernel2<cutlass_75_tensorop_f16_s1688gemm_f16_64x64_nn_align1>(T1::Params)
1608884,1610556,0,3584,3581,1116893977.2,1180357852.0,187216,1548620503,286834954.5,569093.5,10941.0,8236,102779261,6287595.7,1103883535.5,1170647937.0,317,1546977116,288671791.7,13365361.1,3158712.5,129248,101438116,25521238.0,cudaLaunchKernel,ampere_sgemm_128x128_nt
1608884,1610556,0,1840,1840,1114350313.0,1233495579.5,23822,1555693158,319970606.4,47723.7,8847.0,3998,2617948,182561.4,1114231907.9,1233462945.0,366,1553431350,319910954.4,70681.4,18032.0,1824,2254457,233847.7,cudaLaunchKernel,"void at::native::vectorized_elementwise_kernel<(int)4, at::native::BinaryFunctor<float, float, float, at::native::binary_internal::MulFunctor<float>>, std::array<char *, (unsigned long)3>>(int, T2, T3)"
1608884,1610556,0,32,32,1111136338.7,1179123073.5,417169273,1181402174,199029665.1,15270.5,13861.5,11822,26550,3889.7,1111095453.2,1179084950.5,417130541,1181363383,199030020.3,25615.1,25584.5,25056,26368,327.0,cudaLaunchKernelExC,sm80_xmma_gemm_f16f16_f16f32_f32_nn_n_tilesize160x128x32_stage4_warpsize2x2x1_tensor16x8x16_execute_kernel__5x_cublas
1608884,1610556,0,32,32,1109162728.2,1072700807.0,140374045,1328431148,280351445.4,50514.8,13991.5,9358,241901,70107.8,1109034094.4,1072489252.5,140278867,1328345899,280358856.0,78119.1,77456.0,73056,85600,3469.5,cudaLaunchKernel,ampere_fp16_s16816gemm_fp16_64x128_sliced1x2_ldg8_f2f_stages_64x3_nn
1608884,1610556,0,3888,3887,1108596360.8,1171067847.0,29913,1535591938,269927084.3,1731792.6,7324.0,3988,105624652,10943011.2,1107061612.3,1169270736.0,1500425,1535409961,269132971.0,87694.7,24192.0,3424,376767,137357.6,cudaLaunchKernel,"void at::native::vectorized_elementwise_kernel<(int)4, at::native::CUDAFunctor_add<float>, std::array<char *, (unsigned long)3>>(int, T2, T3)"
1608884,1610556,0,1024,1024,1105536312.5,1116514909.5,16387,1561000988,305502776.3,196932.6,9198.0,6693,15639672,1679788.0,1105329718.4,1116490667.0,850,1560982108,305328989.1,9661.5,7008.0,4352,42720,8047.4,cudaLaunchKernel,"void at::native::elementwise_kernel<(int)128, (int)4, void at::native::gpu_kernel_impl_nocast<at::native::neg_kernel_cuda(at::TensorIteratorBase &)::[lambda() (instance 2)]::operator ()() const::[lambda() (instance 8)]::operator ()() const::[lambda(c10::Half) (instance 1)]>(at::TensorIteratorBase &, const T1 &)::[lambda(int) (instance 1)]>(int, T3)"
1608884,1610556,0,3584,3581,1104323423.1,1170571200.0,16664,1560973027,290093462.7,49019.8,6162.0,4348,6500287,405667.7,1105148262.7,1170589867.0,539,1560941750,288400520.2,51214.5,28336.5,5152,370751,59654.7,cudaLaunchKernel,"void at::native::elementwise_kernel<(int)128, (int)2, void at::native::gpu_kernel_impl_nocast<at::native::<unnamed>::where_kernel_impl(at::TensorIterator &)::[lambda() (instance 1)]::operator ()() const::[lambda() (instance 3)]::operator ()() const::[lambda(bool, unsigned int, unsigned int) (instance 1)]>(at::TensorIteratorBase &, const T1 &)::[lambda(int) (instance 1)]>(int, T3)"
1608884,1610556,0,512,512,1102434489.1,1117088578.5,28363,1558826723,302877174.5,17331.0,11462.0,6542,138734,16663.8,1102301885.6,1116866415.0,5951,1558074091,302839900.3,115272.5,43408.5,5984,755614,182015.1,cudaLaunchKernel,"void at::native::vectorized_elementwise_kernel<(int)4, at::native::AUnaryFunctor<c10::Half, c10::Half, c10::Half, at::native::binary_internal::MulFunctor<float>>, std::array<char *, (unsigned long)2>>(int, T2, T3)"
1608884,1610556,0,3603,3586,1098563047.8,1170009419.0,10764,1561029722,300236947.6,90863.2,6833.0,4649,101134506,1708772.5,1103675128.0,1170563294.5,804,1560961118,291182831.9,4581.9,1824.0,1280,917279,41635.6,cudaLaunchKernel,"void at::native::vectorized_elementwise_kernel<(int)4, at::native::FillFunctor<float>, std::array<char *, (unsigned long)1>>(int, T2, T3)"
1608884,1610556,0,256,255,1097803600.5,1171876877.0,45567,1402982360,270039983.4,17002.9,12038.0,8646,142151,17901.7,1102018416.0,1171951547.0,250301664,1402740502,261609669.3,72949.4,55744.0,22336,229888,51747.5,cudaLaunchKernel,"void at::native::vectorized_elementwise_kernel<(int)4, at::native::<unnamed>::silu_backward_kernel(at::TensorIteratorBase &)::[lambda() (instance 1)]::operator ()() const::[lambda() (instance 3)]::operator ()() const::[lambda(c10::Half, c10::Half) (instance 1)], std::array<char *, (unsigned long)3>>(int, T2, T3)"
1608884,1610556,0,4880,4874,1096915546.9,1164692563.5,17968,1561046129,295944128.6,199619.8,10530.0,5220,6679378,990257.6,1098010318.3,1164783163.0,1371,1560966589,293490332.9,55624.0,26672.0,4896,1780378,122107.9,cudaLaunchKernel,"void at::native::unrolled_elementwise_kernel<at::native::direct_copy_kernel_cuda(at::TensorIteratorBase &)::[lambda() (instance 3)]::operator ()() const::[lambda() (instance 7)]::operator ()() const::[lambda(float) (instance 1)], std::array<char *, (unsigned long)2>, (int)4, TrivialOffsetCalculator<(int)1, unsigned int>, TrivialOffsetCalculator<(int)1, unsigned int>, at::native::memory::LoadWithCast<(int)1>, at::native::memory::StoreWithCast<(int)1>>(int, T1, T2, T4, T5, T6, T7)"
1608884,1610556,0,64,64,1096608215.1,1072058895.5,130667702,1327887911,276441422.8,112980.0,12313.5,8366,6423951,801401.0,1096426719.6,1071944653.5,130615204,1327773272,276451707.0,68515.5,68320.0,33536,104096,34194.6,cuLaunchKernel,void cutlass::Kernel2<cutlass_80_tensorop_f16_s16816gemm_relu_f16_128x128_32x5_tn_align8>(T1::Params)
1608884,1610556,0,528,528,1095189202.2,1106378129.5,1793458,1537934358,322260743.9,13129.5,8356.0,5170,185123,17866.1,1095150934.1,1106339832.5,1772725,1537867396,322257860.5,25138.7,22768.0,9376,60736,11545.9,cudaLaunchKernel,"void at::native::reduce_kernel<(int)512, (int)1, at::native::ReduceOp<float, at::native::func_wrapper_t<float, at::native::sum_functor<float, float, float>::operator ()(at::TensorIterator &)::[lambda(float, float) (instance 1)]>, unsigned int, float, (int)4, (int)4>>(T3)"
1608884,1610556,0,528,528,1095113531.0,1106330340.5,1724846,1537893096,322262808.9,47610.2,11973.0,7314,1125234,153276.1,1095063429.1,1106237243.0,1709947,1537881574,322248408.6,2491.7,2560.0,1728,3104,278.2,cudaLaunchKernel,"void at::native::vectorized_elementwise_kernel<(int)4, void at::native::<unnamed>::pow_tensor_scalar_kernel_impl<float, float>(at::TensorIteratorBase &, T2)::[lambda(float) (instance 2)], std::array<char *, (unsigned long)2>>(int, T2, T3)"
1608884,1610556,0,1056,1055,1094931188.7,1106080283.0,34656,1537970802,322076071.5,97301.7,7815.0,4669,1721911,299237.6,1095859214.9,1106509374.0,1531915,1537866401,320388017.7,12424.0,4208.0,1888,83615,17966.6,cudaLaunchKernel,"void at::native::vectorized_elementwise_kernel<(int)4, at::native::AUnaryFunctor<float, float, float, at::native::binary_internal::MulFunctor<float>>, std::array<char *, (unsigned long)2>>(int, T2, T3)"
1608884,1610556,0,528,528,1094930931.5,1105940791.5,1623676,1537882047,322228267.0,18743.6,11246.0,7094,357220,26679.5,1094889804.2,1105900645.0,1603123,1537807073,322224213.8,22383.7,17168.0,8640,65728,14226.1,cudaLaunchKernel,"void at::native::elementwise_kernel<(int)128, (int)2, void at::native::gpu_kernel_impl_nocast<at::native::BUnaryFunctor<float, float, float, at::native::binary_internal::MulFunctor<float>>>(at::TensorIteratorBase &, const T1 &)::[lambda(int) (instance 1)]>(int, T3)"
1608884,1610556,0,128,127,1094153957.1,1116937507.0,66702,1380467561,309891094.6,145062.8,12178.0,8096,6423610,611172.6,1102347646.0,1116316321.0,120550254,1379805769,295228257.5,273340.2,197008.0,53728,652864,239465.7,cuLaunchKernel,void cutlass::Kernel2<cutlass_80_wmma_tensorop_f16_s161616gemm_f16_32x32_32x1_tn_align2>(T1::Params)
1608884,1610556,0,67,67,1089320235.8,1165489192.0,2439146,1299014115,341599313.0,13556.0,12183.0,10610,30888,3881.3,1088984523.4,1165270041.0,291159,1298796035,341977187.3,322156.4,205697.0,203425,3366024,554399.8,cudaLaunchKernel,ampere_fp16_s16816gemm_fp16_128x256_ldg8_f2f_stages_64x3_nn
1608884,1610556,0,32,32,1086883480.2,1045648454.0,131666437,1310106114,279617111.2,12843.8,11943.0,9408,24556,3402.0,1086833320.3,1045597179.5,131617792,1310056341,279616732.8,37316.0,37072.0,35520,39296,966.1,cudaLaunchKernel,ampere_fp16_s16816gemm_fp16_64x64_ldg8_f2f_tn
1608884,1610556,0,3088,3088,1081548995.9,1080565615.0,15137,1561041451,306834669.9,14491.0,8741.5,6202,1056253,25742.9,1081513700.0,1080534500.0,524,1561011606,306829983.9,20804.9,14688.0,4640,90208,17503.7,cudaLaunchKernel,"void at::native::elementwise_kernel<(int)128, (int)4, void at::native::gpu_kernel_impl_nocast<at::native::BinaryFunctor<c10::Half, c10::Half, c10::Half, at::native::binary_internal::MulFunctor<float>>>(at::TensorIteratorBase &, const T1 &)::[lambda(int) (instance 1)]>(int, T3)"
1608884,1610556,0,64,64,1080309213.3,1045086768.5,130473714,1300986419,274118804.0,12655.3,11747.0,8346,42751,5194.3,1080266918.5,1045031601.0,130419910,1300941501,274120470.0,29639.6,28992.0,25888,36897,3288.4,cuLaunchKernel,void cutlass::Kernel2<cutlass_80_tensorop_f16_s16816gemm_relu_f16_64x256_32x4_nn_align8>(T1::Params)
1608884,1610556,0,32,31,1079914345.7,1151910335.0,204785,1284369781,333792922.4,14200.7,12814.5,11582,47731,6236.6,1114559951.0,1151799735.0,131818357,1284181596,273896027.8,170531.6,170353.0,167905,172417,1053.7,cudaLaunchKernelExC,sm80_xmma_gemm_f16f16_f16f32_f32_nn_n_tilesize160x128x32_stage3_warpsize2x2x1_tensor16x8x16_execute_kernel__5x_cublas
1608884,1610556,0,192,191,1065430481.9,1161782397.0,103867,1310164537,280360235.9,420477.7,14077.0,11151,6540533,1571107.1,1070553242.3,1161806356.0,2090750,1303628794,269848489.0,32609.8,24336.0,17088,67616,17813.9,cudaLaunchKernelExC,sm80_xmma_gemm_f16f16_f16f32_f32_nn_n_tilesize96x128x32_stage4_warpsize2x2x1_tensor16x8x16_execute_kernel__5x_cublas
1608884,1610556,0,64,64,1043715155.8,1042862451.0,39279,1295158061,323741296.7,12676.2,12148.5,8035,32652,4713.8,1043668553.5,1042807088.5,261,1295107598,323741143.8,33926.1,33840.0,28032,40064,5395.5,cuLaunchKernel,void cutlass::Kernel2<cutlass_80_tensorop_f16_s16816gemm_f16_64x64_32x6_nn_align2>(T1::Params)
1608884,1610556,0,1040,1040,1035342092.6,1058800784.5,1817029,1537892596,304879700.9,17539.3,9297.5,4579,317776,30160.2,1035292878.2,1058716811.5,1796876,1537789383,304873646.6,31675.0,25696.0,9184,98816,21405.9,cudaLaunchKernel,"void at::native::elementwise_kernel<(int)128, (int)2, void at::native::gpu_kernel_impl_nocast<at::native::BinaryFunctor<float, float, float, at::native::binary_internal::MulFunctor<float>>>(at::TensorIteratorBase &, const T1 &)::[lambda(int) (instance 1)]>(int, T3)"
1608884,1610556,0,112,111,1035154856.9,1141419472.0,117480,1304007782,310780405.9,11917312.4,14688.0,11482,102819056,32991354.7,1032387783.8,1044375202.0,17084341,1303907434,293941081.5,67612.0,47392.5,16800,170720,49827.5,cudaLaunchKernelExC,sm80_xmma_gemm_f16f16_f16f32_f32_nn_n_tilesize192x128x32_stage3_warpsize4x2x1_tensor16x8x16_execute_kernel__5x_cublas
1608884,1610556,0,32,32,1032768755.8,1032512064.0,128457387,1295004472,330031483.4,13258.1,11917.5,8145,29165,5643.0,1032733708.7,1032477698.0,128412354,1294970393,330033525.1,21789.1,21792.0,21248,22528,410.0,cuLaunchKernel,void cutlass::Kernel2<cutlass_80_wmma_tensorop_f16_s161616gemm_f16_32x32_64x1_tn_align2>(T1::Params)
1608884,1610556,0,32,32,1027360181.0,1032269552.0,128163633,1282445438,326035503.4,215972.5,11817.5,8196,6496730,1146122.3,1027121788.5,1032235259.0,128126944,1282411133,326038000.8,22420.0,22416.0,22080,23168,204.1,cuLaunchKernel,void cutlass::Kernel2<cutlass_80_wmma_tensorop_f16_s161616gemm_f16_32x32_64x1_nn_align2>(T1::Params)
1608884,1610556,0,48,48,1020824969.6,1116745369.5,143884404,1146251479,260454844.2,25598.6,9723.5,6522,170575,36059.6,1020367722.8,1116318936.5,143552271,1145681766,260443608.7,431648.2,417344.0,317856,561119,99650.1,cudaLaunchKernel,"void <unnamed>::softmax_warp_forward<c10::Half, float, float, (int)10, (bool)0, (bool)0, (int)32>(T2 *, const T1 *, int, int, int, const bool *, int, bool)"
1608884,1610556,0,64,64,1017224324.1,1038576399.5,120048298,1188880038,262826248.7,17677.3,15719.5,11101,35197,5954.2,1017081234.0,1038311840.0,119837217,1188817975,262865733.1,125412.9,111920.5,28608,249121,98761.1,cuLaunchKernel,void cutlass::Kernel2<cutlass_80_tensorop_f16_s16816gemm_relu_f16_128x128_32x5_nn_align8>(T1::Params)
1608884,1610556,0,576,576,1011819138.5,1072143013.0,120237829,1400810163,285970713.0,449503.7,11712.0,5661,6637278,1608834.6,1011182554.3,1072083437.5,120012018,1400541199,285817305.9,187080.5,110480.0,33984,1225533,262178.2,cudaLaunchKernel,ampere_fp16_s16816gemm_fp16_128x128_ldg8_f2f_stages_32x5_tn
1608884,1610556,0,1315,1314,1008056225.8,1055528404.0,21050,1535563207,320673206.8,503384.5,9327.0,4699,101115280,3191768.0,1008258807.5,1054895505.0,762758,1534732989,319478353.3,60770.8,12224.0,4192,1468288,174494.1,cudaLaunchKernel,"void at::native::vectorized_elementwise_kernel<(int)4, at::native::float16_copy_kernel_cuda(at::TensorIteratorBase &)::[lambda(float) (instance 1)], std::array<char *, (unsigned long)2>>(int, T2, T3)"
1608884,1610556,0,64,64,989055052.4,1067212426.5,136720106,1102257987,253203492.6,14409.6,10485.0,8065,196986,23460.5,988996524.8,1067163517.5,136659066,1102196456,253202613.9,44118.0,44624.0,34945,52320,6685.7,cuLaunchKernel,void cutlass::Kernel2<cutlass_80_tensorop_f16_s16816gemm_relu_f16_128x128_32x4_tn_align8>(T1::Params)
1608884,1610556,0,189,189,987197490.5,1041901573.0,1954859,1341822702,379722449.5,15051.3,14598.0,8686,35677,4360.5,986506930.0,1041606956.0,242524,1341404283,380709109.4,675509.1,229281.0,166753,15973543,1752461.3,cudaLaunchKernel,ampere_fp16_s16816gemm_fp16_256x128_ldg8_f2f_stages_64x3_nn
1608884,1610556,0,224,224,985085607.0,1059582974.0,133695092,1133641752,249758835.6,21849.2,12449.0,9158,219268,28366.1,984587634.7,1059180886.0,133394731,1132907784,249738281.6,476123.1,444544.0,277216,724831,147771.1,cudaLaunchKernel,ampere_fp16_s16816gemm_fp16_128x256_ldg8_f2f_stages_64x3_tn
1608884,1610556,0,512,512,979549097.0,1050431059.0,120954080,1400405414,277170074.1,616963.0,9428.0,5621,25807398,3898215.3,978901993.6,1050398502.0,120936741,1400258255,276309269.0,30140.4,21328.5,8224,133951,26478.7,cudaLaunchKernel,"void at::native::<unnamed>::CatArrayBatchedCopy<at::native::<unnamed>::OpaqueType<(unsigned int)2>, unsigned int, (int)4, (int)64, (int)64>(T1 *, at::native::<unnamed>::CatArrInputTensorMetadata<T1, T2, T4, T5>, at::native::<unnamed>::TensorSizeStride<T2, (unsigned int)4>, int, T2)"
1608884,1610556,0,768,768,976966909.3,1050276882.0,120604605,1400509869,273858352.2,1696933.5,7319.0,5250,101939921,12629173.0,975172435.1,1050226889.0,120554886,1400400040,271880080.1,97540.7,23648.0,5248,1590586,246147.4,cudaLaunchKernel,"void at::native::elementwise_kernel<(int)128, (int)4, void at::native::gpu_kernel_impl_nocast<at::native::CUDAFunctor_add<c10::Half>>(at::TensorIteratorBase &, const T1 &)::[lambda(int) (instance 1)]>(int, T3)"
1608884,1610556,0,512,512,975732923.7,1046161815.5,120298234,1402078354,273442313.0,117424.8,12694.0,7203,6609395,637272.0,975593117.2,1046133407.0,120281289,1401981949,273395164.0,22381.7,12592.0,5728,84352,20445.9,cudaLaunchKernel,"void at::native::vectorized_elementwise_kernel<(int)4, void at::native::<unnamed>::pow_tensor_scalar_kernel_impl<float, float>(at::TensorIteratorBase &, T2)::[lambda(float) (instance 1)], std::array<char *, (unsigned long)2>>(int, T2, T3)"
1608884,1610556,0,512,512,975597959.3,1046118494.5,120277580,1402093158,273398281.6,625983.1,11151.0,6182,6741857,1820144.4,974953399.1,1046096952.5,120258743,1401405929,273185972.7,18577.1,13840.0,9248,62464,12889.9,cudaLaunchKernel,"void at::native::reduce_kernel<(int)512, (int)1, at::native::ReduceOp<float, at::native::MeanOps<float, float, float, float>, unsigned int, float, (int)4, (int)4>>(T3)"
1608884,1610556,0,512,512,974934195.6,1046073097.0,120248332,1401432421,273183425.9,63718.7,9799.0,6502,15173434,730684.3,974868147.4,1046059992.0,120227713,1401235802,273125181.2,2329.6,2336.0,1824,2880,189.1,cudaLaunchKernel,"void at::native::vectorized_elementwise_kernel<(int)4, at::native::CUDAFunctorOnSelf_add<float>, std::array<char *, (unsigned long)2>>(int, T2, T3)"
1608884,1610556,0,512,512,974850936.3,1046046607.0,120216547,1401222334,273122414.4,1197021.2,9618.0,5140,25563101,2511340.0,973651654.0,1046026625.0,120206268,1400873574,272710470.0,2261.1,2272.0,1824,2560,107.3,cudaLaunchKernel,"void at::native::vectorized_elementwise_kernel<(int)4, at::native::rsqrt_kernel_cuda(at::TensorIteratorBase &)::[lambda() (instance 2)]::operator ()() const::[lambda() (instance 2)]::operator ()() const::[lambda(float) (instance 1)], std::array<char *, (unsigned long)2>>(int, T2, T3)"
1608884,1610556,0,80,80,974227440.6,1063247263.0,133853680,1084038649,248717501.2,13639.1,11141.0,6172,74182,8934.4,974083987.8,1063128620.5,133757623,1083843234,248715604.1,129813.7,123088.5,85568,185696,34126.4,cudaLaunchKernel,"void <unnamed>::softmax_warp_forward<c10::Half, float, float, (int)9, (bool)0, (bool)0, (int)32>(T2 *, const T1 *, int, int, int, const bool *, int, bool)"
1608884,1610556,0,32,32,973132165.7,1066446744.5,136306411,1068189005,251141993.7,15757.9,14578.0,11712,25528,4019.7,973030762.7,1066349379.0,136208776,1068079124,251141116.4,85645.2,85648.0,84960,86177,304.2,cudaLaunchKernelExC,sm80_xmma_gemm_f16f16_f16f32_f32_tn_n_tilesize128x128x32_stage4_warpsize2x2x1_tensor16x8x16_execute_kernel__5x_cublas
1608884,1610556,0,768,768,964816169.3,1038237407.0,119996538,1272501755,266427410.2,13022.1,10445.0,4458,220059,16164.8,964731049.4,1038182908.0,119952985,1272265158,266414370.8,72097.8,53120.0,18560,233120,52567.9,cudaLaunchKernel,"void at::native::vectorized_elementwise_kernel<(int)4, at::native::BinaryFunctor<c10::Half, c10::Half, c10::Half, at::native::binary_internal::MulFunctor<float>>, std::array<char *, (unsigned long)3>>(int, T2, T3)"
1608884,1610556,0,256,256,964638486.0,1038232190.0,120187509,1269950356,266722051.0,19768.3,14333.0,8416,176727,22154.7,964567437.0,1038185268.5,120147098,1269783177,266711865.4,51280.7,39232.0,16192,155295,34949.8,cudaLaunchKernel,"void at::native::vectorized_elementwise_kernel<(int)4, at::native::<unnamed>::silu_kernel(at::TensorIteratorBase &)::[lambda() (instance 1)]::operator ()() const::[lambda() (instance 5)]::operator ()() const::[lambda(c10::Half) (instance 1)], std::array<char *, (unsigned long)2>>(int, T2, T3)"
1608884,1610556,0,32,32,962776305.7,1054686045.0,133755733,1056580319,248439355.8,1930725.4,19191.0,11071,6413341,2545754.0,960773618.2,1050306894.0,133663031,1056491842,247723937.2,71962.1,71968.0,71328,72416,199.1,cudaLaunchKernelExC,sm80_xmma_gemm_f16f16_f16f32_f32_tn_n_tilesize160x128x32_stage4_warpsize2x2x1_tensor16x8x16_execute_kernel__5x_cublas
1608884,1610556,0,32,32,949463161.1,1043000619.5,120427666,1044974733,249469194.9,17973.7,16441.0,10851,42622,7567.0,949389121.3,1042929924.5,120354293,1044900790,249467830.4,56066.1,56064.0,55808,56384,144.5,cudaLaunchKernel,ampere_fp16_s16816gemm_fp16_256x128_ldg8_f2f_stages_32x3_tn
1608884,1610556,0,96,96,945799039.8,1054440193.0,133674026,1063894485,272017037.2,14548.0,12869.5,10339,36059,4720.9,945753600.4,1054397136.0,133632098,1063838453,272016633.5,30891.4,30880.0,30336,31552,238.6,cudaLaunchKernel,ampere_fp16_s16816gemm_fp16_128x128_ldg8_f2f_stages_64x3_tn
1608884,1610556,0,192,192,934844076.7,1039643496.0,126960338,1049041439,262763539.1,14219.1,12634.5,9959,31961,4303.5,934811043.2,1039608548.0,126929533,1048998691,262763377.1,18814.4,18464.0,17952,21152,783.7,cudaLaunchKernel,ampere_fp16_s16816gemm_fp16_128x64_ldg8_f2f_stages_64x4_tn
1608884,1610556,0,160,160,934002255.1,1027973308.0,125379223,1055330990,256415943.7,13304.4,11937.0,9358,30298,4178.7,933763710.2,1027792795.0,125195938,1054980603,256411124.8,225240.5,225217.0,166817,338945,61662.1,cudaLaunchKernel,ampere_fp16_s16816gemm_fp16_256x128_ldg8_f2f_stages_64x3_tn
1608884,1610556,0,96,96,932612039.5,1042066787.0,120611831,1051163455,269564202.7,16490.1,11692.5,6282,52450,10772.3,932549433.6,1041966413.5,120556243,1051081716,269562565.1,46115.8,45536.0,28352,62720,12184.5,cudaLaunchKernel,"void <unnamed>::softmax_warp_forward<c10::Half, float, float, (int)8, (bool)0, (bool)0, (int)32>(T2 *, const T1 *, int, int, int, const bool *, int, bool)"
1608884,1610556,0,96,96,914332733.1,1038452633.5,126004357,1052201323,290834446.8,16354.5,14557.5,11802,47611,5309.5,914264660.4,1038392883.5,125939090,1052119319,290835327.5,51718.2,44800.0,44224,66721,10036.2,cudaLaunchKernelExC,sm80_xmma_gemm_f16f16_f16f32_f32_tn_n_tilesize96x128x32_stage4_warpsize2x2x1_tensor16x8x16_execute_kernel__5x_cublas
1608884,1610556,0,32,32,908454980.3,1031738197.0,128058551,1033624392,281796772.3,15852.4,14242.0,11592,29917,4553.3,908393289.9,1031679182.0,128000463,1033564336,281795977.6,45838.1,45744.5,45312,46496,292.7,cudaLaunchKernelExC,sm80_xmma_gemm_f16f16_f16f32_f32_tn_n_tilesize192x128x32_stage3_warpsize4x2x1_tensor16x8x16_execute_kernel__5x_cublas
1608884,1610556,0,16,16,908444273.5,1031439924.5,128356305,1032791881,286599413.2,312013.3,10790.5,7804,4821167,1202444.6,908114060.2,1031275295.0,128326862,1032765014,286463398.4,18200.1,18208.0,18080,18337,82.3,cudaLaunchKernel,"void <unnamed>::softmax_warp_forward<c10::Half, float, float, (int)7, (bool)0, (bool)0, (int)32>(T2 *, const T1 *, int, int, int, const bool *, int, bool)"
1608884,1618515,0,20592,20545,628266941.5,492748771.0,11000,1831399544,559179702.1,8278.2,5921.0,4658,1661816,31102.9,629691899.3,492751781.0,1,1831388245,559008280.7,4000.6,3872.0,2912,21280,945.2,cudaLaunchKernel,"void at::native::elementwise_kernel<(int)128, (int)4, void at::native::gpu_kernel_impl_nocast<at::native::direct_copy_kernel_cuda(at::TensorIteratorBase &)::[lambda() (instance 3)]::operator ()() const::[lambda() (instance 1)]::operator ()() const::[lambda(unsigned char) (instance 1)]>(at::TensorIteratorBase &, const T1 &)::[lambda(int) (instance 1)]>(int, T3)"
1608884,1618515,0,60592,60105,426131605.5,395000256.0,7736,1831476914,545237247.4,9395.6,7294.0,4829,2509793,33099.5,429556485.5,429365471.0,0,1831461909,546093503.2,18246.0,4544.0,3040,665699,45285.5,cudaLaunchKernel,"void at::native::elementwise_kernel<(int)128, (int)2, void at::native::gpu_kernel_impl_nocast<at::native::CUDAFunctor_add<float>>(at::TensorIteratorBase &, const T1 &)::[lambda(int) (instance 1)]>(int, T3)"
1608884,1618515,0,162640,162598,382366924.1,391091573.5,11763,1857820403,419915806.1,382121.9,53542.0,4949,33348828,901862.5,382080074.9,390982240.0,25,1853576709,419309749.7,3396.0,3328.0,1856,119681,1973.6,cudaLaunchKernel,"void at::native::elementwise_kernel<(int)128, (int)2, void at::native::gpu_kernel_impl_nocast<at::native::direct_copy_kernel_cuda(at::TensorIteratorBase &)::[lambda() (instance 3)]::operator ()() const::[lambda() (instance 4)]::operator ()() const::[lambda(long) (instance 1)]>(at::TensorIteratorBase &, const T1 &)::[lambda(int) (instance 1)]>(int, T3)"
1608884,1618515,0,40960,40950,317672107.1,7155429.5,14642,1832414426,505128152.9,154012.2,10260.0,7294,23900755,275382.4,317591308.6,7144072.0,29,1831506085,504938770.0,4323.7,4224.0,3808,5696,449.5,cudaLaunchKernel,"void at::native::elementwise_kernel<(int)128, (int)4, void at::native::gpu_kernel_impl_nocast<at::native::direct_copy_kernel_cuda(at::TensorIteratorBase &)::[lambda() (instance 3)]::operator ()() const::[lambda() (instance 10)]::operator ()() const::[lambda(c10::Half) (instance 1)]>(at::TensorIteratorBase &, const T1 &)::[lambda(int) (instance 1)]>(int, T3)"
1608884,1618515,0,181792,181789,285515080.9,134976406.5,322424,1866400588,360145409.0,474351.4,154033.0,3536,80567695,842970.1,284837812.6,134750975.0,11,1861265393,359276227.4,207617.4,106432.0,65601,973092,184967.3,cudaLaunchKernel,"void <unnamed>::qvq_v2_segment_grid_finalize_kernel<(int)4, (int)2, (int)16, (bool)0, __half, unsigned char>(const float *, const T5 *, const float *, const long *, const float *, const float *, const T6 *, const unsigned char *, long *, unsigned char *, float *, int, int, bool, bool)"
1608884,1618515,0,1454336,1454189,283790884.6,133861034.5,145414,1865470627,357878903.2,228670.7,4699.0,3276,89986544,574625.2,282845849.7,133496718.0,3,1861442297,356811725.0,744953.9,330945.0,131712,4429814,867008.4,cudaLaunchKernel,"void <unnamed>::qvq_v2_segment_grid_kernel<(int)4, (int)2, (int)16, (bool)1, (bool)0, __half, unsigned char>(const float *, const T6 *, const float *, const long *, const float *, const float *, float *, T7 *, unsigned char *, int, int, int, bool, bool)"
1608884,1618515,0,91796,91659,282621233.6,134128954.5,10500,1862076041,358974349.7,602377.8,264008.0,5881,29651933,836088.0,282437151.6,134040117.0,8,1857848098,358305690.1,3227.5,3328.0,1760,56193,1888.3,cudaLaunchKernel,"void at::native::unrolled_elementwise_kernel<at::native::direct_copy_kernel_cuda(at::TensorIteratorBase &)::[lambda() (instance 3)]::operator ()() const::[lambda() (instance 4)]::operator ()() const::[lambda(long) (instance 1)], std::array<char *, (unsigned long)2>, (int)4, TrivialOffsetCalculator<(int)1, unsigned int>, TrivialOffsetCalculator<(int)1, unsigned int>, at::native::memory::LoadWithCast<(int)1>, at::native::memory::StoreWithCast<(int)1>>(int, T1, T2, T4, T5, T6, T7)"
1608884,1618515,0,24084,24055,263882509.9,134495103.0,8931,501398079,219468058.8,14484.6,11021.0,4178,1954925,56126.8,264123541.4,134462893.0,146,501141582,219360588.8,62521.3,35520.0,2496,271553,71660.9,cudaLaunchKernel,"void gemmSN_NN_kernel<float, (int)256, (int)4, (int)2, (int)8, (int)4, (int)4, (bool)0, cublasGemvTensorStridedBatched<const float>, cublasGemvTensorStridedBatched<const float>, cublasGemvTensorStridedBatched<float>>(cublasGemmSmallNParams<T9, T10, T11, T1>)"
1608884,1618515,0,61344,60685,235440164.5,190704272.5,40729,465865140,134603224.4,8627.3,6452.0,4960,4352554,26316.9,236326702.1,190328520.0,1660,459852893,131995209.5,1643724.1,1242502.0,19072,6140222,1471377.3,cudaLaunchKernel,void cutlass::Kernel2<cutlass_80_simt_sgemm_grouped_128x128_8x4_align1>(T1::Params)
1608884,1618515,0,61344,61301,235430749.2,190693472.0,30158,465850039,134603710.0,6954.2,5280.0,4268,5083056,28532.3,235585277.4,190794668.0,459,465840158,134506737.6,3656.4,3392.0,2080,283201,5355.4,cudaLaunchKernel,"<unnamed>::qvq_yaqa_feedback_epilogue_kernel(const float *, const float *, const float *, const float *, const float *, float *, int, int, int, int, int)"
1608884,1618515,0,61216,61025,234489025.5,189485635.5,32516,460111837,133221224.1,7435.8,5580.0,4318,2210693,20996.7,234811475.8,189517276.0,436,459136749,132508657.4,402778.7,311138.0,4256,1024358,342212.5,cudaLaunchKernel,"void gemmSN_NN_kernel<float, (int)128, (int)2, (int)4, (int)8, (int)4, (int)4, (bool)0, cublasGemvTensorBatched<const float>, cublasGemvTensorBatched<const float>, cublasGemvTensorBatched<float>>(cublasGemmSmallNParams<T9, T10, T11, T1>)"
1608884,1618515,0,61248,60809,234085950.9,189102081.5,46999,459414086,133114061.6,114102.1,13165.0,5440,25113595,170209.5,235325865.1,189827368.0,28,458858238,131807487.1,332771.7,260689.0,9824,1267014,351213.9,cudaLaunchKernel,ampere_sgemm_128x128_nt
1608884,1618515,0,61344,60922,233921775.9,188858142.5,16247,460135207,133423849.8,407008.0,27838.0,8416,29293781,476550.5,235130308.5,189645419.5,67,459152689,132037353.6,1989.8,1952.0,1440,5344,145.4,cudaLaunchKernel,"<unnamed>::qvq_yaqa_update_grouped_pointers_kernel(float *, float *, const float *, const float *, const float *, float **, float **, float **, int, int, int, int, int, int)"
1608884,1618515,0,61344,60782,233842643.0,189107337.5,27432,459949963,133527691.1,14522.5,11012.0,8897,15424452,72964.8,235987910.4,190148715.0,220,459933039,132231146.6,2221.7,2240.0,1440,39584,208.0,cudaLaunchKernel,"<unnamed>::qvq_yaqa_grouped_pointers_kernel(const float *, const float *, float *, float **, float **, float **, int, int, int, int, int, int)"
1608884,1618515,0,154688,154678,201802382.0,102279392.0,13103,1862148264,295996546.6,204339.1,8667.0,5181,31130320,661057.4,201608163.3,102144541.5,58,1857915359,295454672.4,2912.9,2784.0,1792,65824,829.1,cudaLaunchKernel,"void at::native::elementwise_kernel<(int)128, (int)2, void at::native::gpu_kernel_impl_nocast<at::native::AUnaryFunctor<long, long, long, at::native::BitwiseAndFunctor<long>>>(at::TensorIteratorBase &, const T1 &)::[lambda(int) (instance 1)]>(int, T3)"
1608884,1618515,0,156304,156089,199384400.2,101335015.5,10263,1831491846,291349333.5,163778.6,7734.0,5009,10966518,354227.2,199490794.3,101443569.0,39,1831476625,291357163.9,4237.5,4064.0,2528,77600,2110.8,cudaLaunchKernel,"void at::native::unrolled_elementwise_kernel<at::native::direct_copy_kernel_cuda(at::TensorIteratorBase &)::[lambda() (instance 3)]::operator ()() const::[lambda() (instance 7)]::operator ()() const::[lambda(float) (instance 1)], std::array<char *, (unsigned long)2>, (int)4, TrivialOffsetCalculator<(int)1, unsigned int>, TrivialOffsetCalculator<(int)1, unsigned int>, at::native::memory::LoadWithCast<(int)1>, at::native::memory::StoreWithCast<(int)1>>(int, T1, T2, T4, T5, T6, T7)"
1608884,1618515,0,310592,308541,198717609.5,101176316.0,6953,1857865227,292985135.9,99207.8,7043.0,4168,32713647,483437.8,199935397.7,101908696.0,2,1853638400,293227246.8,3293.4,2848.0,2080,523394,5137.4,cudaLaunchKernel,"<unnamed>::qvq_half2_codebook_norm_pack_kernel(const __half *, unsigned long *, int)"
1608884,1618515,0,155296,154167,197403050.2,100705758.0,11918,1831407581,290348851.6,17812.1,11572.0,6372,2173422,36384.0,198827972.4,101484805.0,8,1831392675,290918842.2,2760.0,2560.0,1728,174273,1092.0,cudaLaunchKernel,"void at::native::roll_cuda_kernel<float>(const T1 *, T1 *, long, long, long, long, long, long)"
1608884,1618515,0,52544,52526,190252746.4,74224796.5,15740,1831510135,436020650.3,11846.2,9528.0,7815,2226883,34399.4,190275560.1,74210137.5,127,1831260036,436046873.1,30523.6,18656.0,4256,253281,38156.2,cudaLaunchKernel,"void gemmSN_NN_kernel<float, (int)128, (int)2, (int)4, (int)8, (int)4, (int)4, (bool)0, cublasGemvTensorStridedBatched<const float>, cublasGemvTensorStridedBatched<const float>, cublasGemvTensorStridedBatched<float>>(cublasGemmSmallNParams<T9, T10, T11, T1>)"
1608884,1618515,0,70416,70391,179573559.8,99988639.5,11702,463418484,157896922.2,382405.4,7123.5,4909,20172370,499644.6,179248575.8,99962861.0,765,462344098,157418133.9,6219.3,6816.0,3168,11200,1235.3,cudaLaunchKernel,"void at::native::index_elementwise_kernel<(int)128, (int)4, void at::native::gpu_index_kernel<void at::native::index_put_kernel_impl<at::native::OpaqueType<(int)1>>(at::TensorIterator &, c10::ArrayRef<long>, c10::ArrayRef<long>)::[lambda(char *, const char *, long) (instance 1)]>(at::TensorIteratorBase &, c10::ArrayRef<long>, c10::ArrayRef<long>, const T1 &, bool)::[lambda(int) (instance 1)]>(long, T3)"
1608884,1618515,0,175893,175861,178343629.9,89596384.0,16345,1849298875,283688222.7,163399.8,8406.0,4830,34198477,632591.6,178202603.0,89596826.0,565,1845006365,283169251.9,10048.2,9312.0,4224,376482,3728.7,cudaLaunchKernel,"void at::native::index_elementwise_kernel<(int)128, (int)4, void at::native::gpu_index_kernel<void at::native::index_kernel_impl<at::native::OpaqueType<(int)2>>(at::TensorIteratorBase &, c10::ArrayRef<long>, c10::ArrayRef<long>)::[lambda(char *, const char *, long) (instance 1)]>(at::TensorIteratorBase &, c10::ArrayRef<long>, c10::ArrayRef<long>, const T1 &, bool)::[lambda(int) (instance 1)]>(long, T3)"
1608884,1618515,0,1008,1008,175181388.0,3671818.0,193389,1836672599,453999288.3,11247.2,7649.0,5120,504221,18330.9,175126013.7,3577055.0,145636,1836579651,453987264.4,44127.2,20160.0,4000,89792,37412.6,cudaLaunchKernel,"void at::native::vectorized_elementwise_kernel<(int)4, at::native::BinaryFunctor<float, float, float, at::native::binary_internal::MulFunctor<float>>, std::array<char *, (unsigned long)3>>(int, T2, T3)"
1608884,1618515,0,864,834,164851847.9,3638205.5,239344,1836601831,472526420.7,12286.0,9698.0,6021,186726,13110.9,167240694.3,54925.0,99,1832928918,479616482.8,3406082.0,3269136.0,231009,12909120,4159903.8,cudaLaunchKernel,ampere_sgemm_128x64_nn
1608884,1618515,0,1120,1119,158409438.3,3655219.0,63455,1836690910,433603733.0,12163.8,8536.0,5611,519800,19049.7,158510277.2,3598584.0,24010,1836636069,433766019.4,28525.1,12288.5,6912,156577,28171.7,cudaLaunchKernel,"void at::native::reduce_kernel<(int)512, (int)1, at::native::ReduceOp<float, at::native::func_wrapper_t<float, at::native::sum_functor<float, float, float>::operator ()(at::TensorIterator &)::[lambda(float, float) (instance 1)]>, unsigned int, float, (int)4, (int)4>>(T3)"
1608884,1618515,0,114336,113953,157588719.8,103297489.0,14067,464491394,132020058.9,239488.5,7234.0,4979,34243001,444935.9,157870994.3,103596853.0,295,463421700,131537800.6,7091.6,7073.0,3392,16192,496.6,cudaLaunchKernel,"void at::native::index_elementwise_kernel<(int)128, (int)4, void at::native::gpu_index_kernel<void at::native::index_put_kernel_impl<at::native::OpaqueType<(int)8>>(at::TensorIterator &, c10::ArrayRef<long>, c10::ArrayRef<long>)::[lambda(char *, const char *, long) (instance 1)]>(at::TensorIteratorBase &, c10::ArrayRef<long>, c10::ArrayRef<long>, const T1 &, bool)::[lambda(int) (instance 1)]>(long, T3)"
1608884,1618515,0,114336,113320,156442008.7,102837115.5,8397,465646105,131743801.1,77877.1,6192.0,4598,29014078,249168.9,157763992.8,104019668.0,27,465637509,131407898.2,2063.3,2048.0,1600,54400,342.0,cudaLaunchKernel,"void at::native::vectorized_elementwise_kernel<(int)4, at::native::bitwise_not_kernel_cuda(at::TensorIteratorBase &)::[lambda(bool) (instance 1)], std::array<char *, (unsigned long)2>>(int, T2, T3)"
1608884,1618515,0,229024,226946,155881823.1,102543317.5,5466,464655095,131436641.1,11602.7,5631.0,4088,78345421,170325.4,157295425.1,103730764.5,35,464646563,131187494.3,2000.7,2016.0,1504,74176,402.5,cudaLaunchKernel,"void at::native::vectorized_elementwise_kernel<(int)4, at::native::BinaryFunctor<bool, bool, bool, at::native::logical_or_kernel_cuda(at::TensorIterator &)::[lambda() (instance 2)]::operator ()() const::[lambda() (instance 9)]::operator ()() const::[lambda(bool, bool) (instance 1)]>, std::array<char *, (unsigned long)3>>(int, T2, T3)"
1608884,1618515,0,48,48,137196734.5,146505089.5,56305174,147458547,16678762.9,71414.4,27056.0,21241,999584,162688.2,137121891.4,146478004.0,56137154,147426698,16723045.7,3428.7,3440.0,3104,3520,68.6,cudaLaunchKernel,"void at::native::<unnamed>::CatArrayBatchedCopy_contig<at::native::<unnamed>::OpaqueType<(unsigned int)1>, unsigned int, (int)1, (int)128, (int)1>(T1 *, at::native::<unnamed>::CatArrInputTensorMetadata<T1, T2, T4, T5>, at::native::<unnamed>::TensorSizeStride<T2, (unsigned int)4>, int, T2)"
1608884,1618515,0,198000,197354,131139922.3,94862657.0,14642,465563381,111457538.6,386582.1,9999.0,5210,35348338,731515.2,131174518.7,94937956.0,404,464495958,111012101.1,6815.9,6720.0,3456,17152,536.7,cudaLaunchKernel,"void at::native::index_elementwise_kernel<(int)128, (int)4, void at::native::gpu_index_kernel<void at::native::index_put_kernel_impl<at::native::OpaqueType<(int)4>>(at::TensorIterator &, c10::ArrayRef<long>, c10::ArrayRef<long>)::[lambda(char *, const char *, long) (instance 1)]>(at::TensorIteratorBase &, c10::ArrayRef<long>, c10::ArrayRef<long>, const T1 &, bool)::[lambda(int) (instance 1)]>(long, T3)"
1608884,1618515,0,361464,355713,107474524.2,12215.0,5891,1831466897,330197875.6,8021.3,6453.0,4268,3721281,28807.7,109198274.8,2209.0,0,1831455140,332570844.7,5625.5,3264.0,1856,714339,23994.4,cudaLaunchKernel,"void at::native::elementwise_kernel<(int)128, (int)2, void at::native::gpu_kernel_impl_nocast<at::native::direct_copy_kernel_cuda(at::TensorIteratorBase &)::[lambda() (instance 3)]::operator ()() const::[lambda() (instance 7)]::operator ()() const::[lambda(float) (instance 1)]>(at::TensorIteratorBase &, const T1 &)::[lambda(int) (instance 1)]>(int, T3)"
1608884,1618515,0,128,127,106246380.9,101345008.5,3340678,134102885,23553076.8,17091.5,12459.0,9648,142381,16562.1,103804508.5,98187208.0,14002195,130859547,21786999.1,3235992.3,3231359.5,3228848,3286480,10835.7,cudaLaunchKernel,ampere_sgemm_128x64_nt
1608884,1618515,0,83888,83809,93934003.6,85975114.0,8926,220075651,55369311.2,11982.1,9097.0,5711,2049105,36741.0,94008954.3,86018334.0,177,220065308,55321901.7,1600.2,1472.0,1312,47424,984.1,cudaLaunchKernel,"void at::native::vectorized_elementwise_kernel<(int)2, at::native::FillFunctor<long>, std::array<char *, (unsigned long)1>>(int, T2, T3)"
1608884,1618515,0,22208,22143,93415074.6,96413092.5,848235,133448025,22991943.9,10103.1,8457.0,6953,1778880,31077.3,93082625.0,95881860.0,8,132606170,22353517.8,594790.6,587538.0,307168,907141,172862.2,cudaLaunchKernel,ampere_sgemm_64x32_sliced1x4_nt
1608884,1618515,0,196480,193819,90868713.3,46342198.5,6354,464680191,126408860.5,8339.1,6382.0,5159,5225828,29445.0,92106030.6,46449037.0,0,464670690,126821421.4,1786.1,1760.0,1536,73152,346.8,cudaLaunchKernel,"void at::native::vectorized_elementwise_kernel<(int)4, void at::native::compare_scalar_kernel<float>(at::TensorIteratorBase &, at::native::<unnamed>::OpType, T1)::[lambda(float) (instance 1)], std::array<char *, (unsigned long)2>>(int, T2, T3)"
1608884,1618515,0,128800,127177,84525362.3,81892416.5,1363227,220243919,72117788.7,47702.2,4829.0,3777,6727930,203505.6,83090770.1,81364366.0,0,217463848,72180685.6,2434019.7,2754603.0,1350119,7394020,1401560.7,cudaLaunchKernel,"void <unnamed>::qvq_viterbi_kernel<(int)4, (int)2, __half, unsigned char>(const float *, const T3 *, const float *, const long *, const float *, T4 *, long *, float *, int, int, int, bool, bool, bool)"
1608884,1618515,0,106994,106371,75924786.8,62986625.5,8027,1832966958,75976021.1,8238.6,5951.0,4809,3943585,35457.6,76357881.8,64774261.0,0,1832869806,75975004.9,3294.2,2208.0,1504,194305,9304.4,cudaLaunchKernel,"void at::native::vectorized_elementwise_kernel<(int)4, at::native::CUDAFunctor_add<float>, std::array<char *, (unsigned long)3>>(int, T2, T3)"
1608884,1618515,0,242640,242277,75508058.9,73130717.5,14306,219972362,43145666.0,11107.5,8766.0,5800,2577612,38535.9,75596381.4,73297448.0,38,219957572,43077442.3,13676.1,8096.0,3936,53536,11192.0,cudaLaunchKernel,"void at::native::index_elementwise_kernel<(int)128, (int)4, void at::native::gpu_index_kernel<void at::native::index_kernel_impl<at::native::OpaqueType<(int)4>>(at::TensorIteratorBase &, c10::ArrayRef<long>, c10::ArrayRef<long>)::[lambda(char *, const char *, long) (instance 1)]>(at::TensorIteratorBase &, c10::ArrayRef<long>, c10::ArrayRef<long>, const T1 &, bool)::[lambda(int) (instance 1)]>(long, T3)"
1608884,1618515,0,237216,233774,75283462.4,18509.0,8961,464706857,120045874.5,10636.5,6502.0,4829,25403467,60478.3,76374099.8,2737.0,0,464689957,120575469.2,6959.7,7552.0,3040,72512,1652.5,cudaLaunchKernel,"void at::native::reduce_kernel<(int)512, (int)1, at::native::ReduceOp<float, at::native::func_wrapper_t<float, at::native::MaxNanFunctor<float>>, unsigned int, float, (int)4, (int)4>>(T3)"
1608884,1618515,0,478112,468749,75147502.9,2382640.5,6211,1836621728,120852694.7,48407.8,9588.0,4568,7727174,166799.9,76596855.2,2407500.0,0,1836608535,121490882.5,2285.1,2080.0,1408,256673,4862.8,cudaLaunchKernel,"void at::native::vectorized_elementwise_kernel<(int)4, at::native::AbsFunctor<float>, std::array<char *, (unsigned long)2>>(int, T2, T3)"
1608884,1618515,0,240896,237858,74917051.2,2409594.0,5848,1836584494,121449657.6,7839.9,6031.0,4379,3213514,30507.0,75863659.0,2416986.5,3,1836572447,121925155.7,2304.4,2080.0,1472,168513,4487.1,cudaLaunchKernel,"void at::native::vectorized_elementwise_kernel<(int)4, at::native::AUnaryFunctor<float, float, bool, at::native::<unnamed>::CompareEqFunctor<float>>, std::array<char *, (unsigned long)2>>(int, T2, T3)"
1608884,1618515,0,241008,238136,74897629.6,2398753.0,5203,5994766469,122022507.7,31648.1,4999.0,3957,5994766469,12211172.4,75766525.8,2405821.5,0,1836549692,121874583.1,2351.5,2080.0,1472,165665,4537.4,cudaLaunchKernel,"void at::native::vectorized_elementwise_kernel<(int)4, at::native::BinaryFunctor<float, float, bool, at::native::<unnamed>::CompareEqFunctor<float>>, std::array<char *, (unsigned long)3>>(int, T2, T3)"
1608884,1618515,0,128,126,51030702.1,20761330.0,35107,105705168,38547035.1,9721.9,6552.5,4738,60966,8305.7,51823999.4,20908343.5,11125,105688751,38304102.0,6802.3,4928.0,3968,17248,3779.8,cudaLaunchKernel,"void gemmSN_NN_kernel<float, (int)256, (int)4, (int)2, (int)8, (int)4, (int)4, (bool)0, cublasGemvTensorBatched<const float>, cublasGemvTensorBatched<const float>, cublasGemvTensorBatched<float>>(cublasGemmSmallNParams<T9, T10, T11, T1>)"
1608884,1618515,0,364005,359082,49572474.6,9793.0,5326,1836542846,104952604.7,6808.2,4849.0,4008,5469603,45808.6,50242969.6,2537.0,0,1832642633,105502166.9,2224.3,2176.0,1504,107553,2138.9,cudaLaunchKernel,"void at::native::vectorized_elementwise_kernel<(int)4, at::native::BinaryFunctor<bool, bool, bool, at::native::binary_internal::MulFunctor<bool>>, std::array<char *, (unsigned long)3>>(int, T2, T3)"
1608884,1618515,0,24320,24288,48544805.7,47277598.0,80175,124612989,17930861.2,9898.8,8026.0,6562,3383587,36044.4,48447668.6,47199572.5,164,110279603,17785653.8,150990.4,70881.0,20608,13699108,696393.5,cuLaunchKernel,void cutlass::Kernel2<cutlass_80_simt_sgemm_128x32_8x5_nt_align1>(T1::Params)
1608884,1618515,0,512,511,43618448.3,3020154.0,35128,147565391,55815602.1,14472.4,9663.5,7504,506485,31833.8,43592671.5,2990755.0,743916,147236192,55732274.3,96449.2,21600.0,20800,328065,129930.0,cudaLaunchKernel,"std::enable_if<!T7, void>::type internal::gemvx::kernel<int, int, float, float, float, float, (bool)0, (bool)1, (bool)1, (bool)0, (int)7, (bool)0, cublasGemvParamsEx<int, cublasGemvTensorStridedBatched<const float>, cublasGemvTensorStridedBatched<const float>, cublasGemvTensorStridedBatched<float>, float>>(T13)"
1608884,1618515,0,424234,418238,42476587.7,16456.0,7009,465667306,97327753.2,8750.0,6292.0,4388,4553608,31334.2,43070042.5,2521.0,0,465648761,97887918.0,6569.3,7296.0,2496,108960,2615.8,cudaLaunchKernel,"void at::native::reduce_kernel<(int)512, (int)1, at::native::ReduceOp<bool, at::native::func_wrapper_t<bool, at::native::and_kernel_cuda(at::TensorIterator &)::[lambda() (instance 1)]::operator ()() const::[lambda() (instance 12)]::operator ()() const::[lambda(bool, bool) (instance 1)]>, unsigned int, bool, (int)4, (int)4>>(T3)"
1608884,1618515,0,608,608,33494058.2,17464237.5,904996,137389165,36238440.7,38927.3,11351.5,5621,778193,57290.4,33453429.9,17448553.0,891201,137378183,36226904.3,1701.0,1536.0,1408,4352,435.7,cudaLaunchKernel,"void at::native::unrolled_elementwise_kernel<at::native::AUnaryFunctor<long, long, long, at::native::BitwiseAndFunctor<long>>, std::array<char *, (unsigned long)2>, (int)4, TrivialOffsetCalculator<(int)1, unsigned int>, TrivialOffsetCalculator<(int)1, unsigned int>, at::native::memory::LoadWithoutCast, at::native::memory::StoreWithoutCast>(int, T1, T2, T4, T5, T6, T7)"
1608884,1618515,0,2112,2050,32573791.1,28343477.0,55353,74677318,21171357.4,10828.2,8877.0,7234,674485,22678.2,33469728.9,30038739.5,15,74617356,20758918.3,75808.1,47184.0,38496,245569,70742.3,cudaLaunchKernel,ampere_sgemm_32x32_sliced1x4_nt
1608884,1618515,0,1024,1024,28966512.1,14819064.5,1428843,78702865,26464210.0,9615.4,8791.5,7284,208767,6593.9,28927361.1,14769661.0,1393374,78662080,26463619.3,29535.5,29264.0,19361,41152,6803.3,cudaLaunchKernel,ampere_sgemm_128x32_nt
1608884,1618515,0,96,95,16023535.5,16870404.5,12877391,17421794,1513904.9,14356.0,11822.5,7144,93559,11748.9,2888116.1,3469427.0,818,4092911,1372162.9,13151182.7,12969987.5,12866464,13828898,329634.8,cuLaunchKernel,void cutlass::Kernel2<cutlass_80_simt_sgemm_128x64_8x5_nn_align1>(T1::Params)
1608884,1618515,0,32,32,15883570.3,15874465.5,15616494,15969207,63526.1,12864.3,10816.0,9688,68270,10224.1,3160887.4,3168764.0,2856160,3217633,59450.6,12709818.6,12695374.0,12686445,12766938,26006.6,cudaLaunchKernel,ampere_sgemm_128x64_tn
1608884,1618515,0,2912,2894,14258953.1,2529582.0,229623,496373048,71851708.2,11720.3,10289.0,6021,959699,26246.2,14083581.3,2496514.5,43,495470092,71975712.9,250715.0,39456.5,15168,908644,362322.9,cudaLaunchKernel,ampere_sgemm_128x32_nn
1608884,1618515,0,32,18,13379400.7,13330956.5,12882278,14095844,252033.8,20828.1,18455.0,9979,105391,16701.3,545751.6,674362.0,51,794926,277055.2,13052500.8,13027847.0,12859836,13448377,195795.2,cuLaunchKernel,void cutlass::Kernel2<cutlass_80_simt_sgemm_64x128_8x5_nt_align1>(T1::Params)
1608884,1608884,0,1408,1381,13173239.3,666281.5,46001,257330576,39454492.4,11626.9,10280.0,6151,512477,14809.6,13225960.4,511499.0,42,256149638,39681724.3,189476.1,139441.0,34368,1214523,217537.9,cudaLaunchKernel,ampere_fp16_s16816gemm_fp16_128x128_ldg8_f2f_stages_32x5_tn
1608884,1608884,0,16,16,12206986.9,10901796.0,3609945,24816811,6524952.9,16157.6,11867.5,9498,49174,12177.7,9233063.6,7659096.5,2760399,19565971,5267526.9,2957765.8,2348020.0,839267,7514789,1885487.4,cudaLaunchKernel,"void at::native::<unnamed>::cunn_SoftMaxForward<(int)4, float, float, float, at::native::<unnamed>::LogSoftMaxForwardEpilogue>(T4 *, const T2 *, int)"
1608884,1608884,0,16,15,11984739.3,9875813.0,3543869,24604914,6540036.8,620008.2,14988.0,7033,9695435,2420117.1,12117979.3,10035091.0,3524890,24580272,6740210.1,4348.0,4336.0,3680,4704,305.3,cudaLaunchKernel,"void at::native::<unnamed>::nll_loss_forward_no_reduce_cuda_kernel<float, long>(long, torch::headeronly::detail::GenericPackedTensorAccessor<torch::headeronly::detail::TensorAccessor<c10::ArrayRef<long>, T1, (unsigned long)1, torch::headeronly::DefaultPtrTraits, long>, at::detail::IndexBoundsCheck<(unsigned long)2, long>, T1, (unsigned long)2, torch::headeronly::DefaultPtrTraits, long>, const T2 *, T1 *, const T1 *, long, long)"
1608884,1608884,0,16,16,11291994.9,9573934.0,36955,24514357,7161010.3,14368.7,11857.5,7374,34356,7161.8,11275814.2,9556573.5,967,24503394,7161639.2,1812.0,1840.0,1632,1952,88.9,cudaLaunchKernel,"void at::native::vectorized_elementwise_kernel<(int)4, at::native::AbsFunctor<float>, std::array<char *, (unsigned long)2>>(int, T2, T3)"
1608884,1608884,0,16,16,11248176.8,9529150.5,35543,24481514,7147075.2,12272.2,8126.0,6322,33283,8322.6,11234248.6,9519261.5,628,24471718,7148293.2,1656.0,1632.0,1536,1760,70.6,cudaLaunchKernel,"void at::native::vectorized_elementwise_kernel<(int)4, at::native::BinaryFunctor<float, float, bool, at::native::<unnamed>::CompareEqFunctor<float>>, std::array<char *, (unsigned long)3>>(int, T2, T3)"
1608884,1618515,0,64,64,11217398.8,11228147.5,10657652,11315913,81986.2,10881.6,9553.5,5530,96794,11144.1,7782784.9,7795180.5,7224159,7869718,83667.6,3423732.3,3420160.5,3413391,3443024,8507.2,cudaLaunchKernel,ampere_sgemm_128x64_lower_nt
1608884,1608884,0,205,203,11133376.4,1018611.0,931344,250874529,39242923.9,34709.0,7855.0,5640,4504874,315488.2,9790335.0,323251.0,286357,244063221,38110157.8,1403913.1,690467.0,633891,6805384,1617539.8,cudaLaunchKernel,"void at::native::<unnamed>::cunn_SoftMaxForward<(int)8, c10::Half, float, float, at::native::<unnamed>::SoftMaxForwardEpilogue>(T4 *, const T2 *, int)"
1608884,1610556,0,4,4,9257395.8,8995569.0,6603948,12434497,2472393.0,11519.3,11592.0,8826,14067,2352.1,9241668.5,8979095.5,6587612,12420871,2473168.6,4208.0,4240.0,3552,4800,530.7,cudaLaunchKernel,"void at_cuda_detail::cub::detail::reduce::DeviceReduceKernel<at_cuda_detail::cub::detail::reduce::policy_hub<int, unsigned long long, cuda::std::__4::plus<void>>::Policy1000, thrust::_V_300200_SM_750_800_860_900_1000_1200::transform_iterator<at::native::<unnamed>::NonZeroOp<bool>, const bool *, thrust::_V_300200_SM_750_800_860_900_1000_1200::use_default, thrust::_V_300200_SM_750_800_860_900_1000_1200::use_default>, unsigned long long, cuda::std::__4::plus<void>, int, cuda::std::__4::identity>(T2, T5 *, T3, at_cuda_detail::cub::GridEvenShare<T3>, T4, T6)"
1608884,1610556,0,4,4,9244447.8,8981954.0,6589261,12424622,2473867.7,8992.0,8716.5,6653,11882,2361.1,9232919.8,8970629.5,6574915,12415505,2475674.6,2536.0,2512.0,2464,2656,91.9,cudaLaunchKernel,"void at_cuda_detail::cub::detail::reduce::DeviceReduceSingleTileKernel<at_cuda_detail::cub::detail::reduce::policy_hub<int, unsigned long long, cuda::std::__4::plus<void>>::Policy1000, int *, int *, int, cuda::std::__4::plus<void>, int, int, cuda::std::__4::identity>(T2, T3, T4, T5, T6, T8)"
1608884,1608884,0,19,18,8546836.2,6916881.0,1841690,16933503,5183688.8,160422.7,13396.0,4279,2804134,640226.7,8180624.2,6764687.5,889118,16166895,5075810.3,636580.9,641823.0,235233,1056447,229033.3,cudaLaunchKernel,"void at::native::reduce_kernel<(int)512, (int)1, at::native::ReduceOp<float, at::native::ArgMaxOps<float>, unsigned int, long, (int)4, (int)4>>(T3)"
1608884,1608884,0,32,32,8113483.4,6614710.5,13058,24494720,6225938.0,10804.3,7700.0,5170,37972,7931.6,8100316.0,6599779.0,1516,24487380,6225335.3,2363.0,2288.0,1696,3168,461.8,cudaLaunchKernel,"void at::native::vectorized_elementwise_kernel<(int)4, at::native::AUnaryFunctor<float, float, bool, at::native::<unnamed>::CompareEqFunctor<float>>, std::array<char *, (unsigned long)2>>(int, T2, T3)"
1608884,1608884,0,35,35,8080626.3,6963918.0,18527,24543767,6054840.9,14299.0,10430.0,4789,73511,12528.0,7735414.4,6126794.0,1346,24531212,6185771.8,330912.9,284481.0,3904,1006623,345686.3,cudaLaunchKernel,"void at::native::reduce_kernel<(int)512, (int)1, at::native::ReduceOp<float, at::native::func_wrapper_t<float, at::native::sum_functor<float, float, float>::operator ()(at::TensorIterator &)::[lambda(float, float) (instance 1)]>, unsigned int, float, (int)4, (int)4>>(T3)"
1608884,1608884,0,19,18,8065772.9,6377818.0,2222621,15529870,4289756.5,189967.8,11001.0,4007,3184949,726701.1,6467307.7,5142192.0,1627058,13761449,3974217.1,1749157.2,1764414.0,584642,2904031,660613.5,cudaLaunchKernel,"void at::native::vectorized_elementwise_kernel<(int)4, at::native::BinaryFunctor<float, float, float, at::native::binary_internal::DivFunctor<float>>, std::array<char *, (unsigned long)3>>(int, T2, T3)"
1608884,1608884,0,32,32,7942110.5,6036680.5,196956,24466098,6263411.8,15845.6,7424.5,4739,194561,33605.6,7637768.8,5695129.5,379,24456898,6379324.3,288496.1,80624.5,1856,1459451,387280.4,cudaLaunchKernel,"void at::native::vectorized_elementwise_kernel<(int)4, at::native::BinaryFunctor<bool, bool, bool, at::native::binary_internal::MulFunctor<bool>>, std::array<char *, (unsigned long)3>>(int, T2, T3)"
1608884,1608884,0,19,18,6066970.3,4851874.0,1668043,12036094,3442214.5,135101.7,14768.0,6602,2300074,524299.1,5367224.8,4415421.5,1239486,11107595,3277453.2,847142.6,888642.0,272801,1503679,340314.5,cudaLaunchKernel,"void at::native::<unnamed>::distribution_elementwise_grid_stride_kernel<float, (int)4, void at::native::templates::cuda::uniform_and_transform<float, float, at::CUDAGeneratorImpl *, void at::native::templates::cuda::exponential_kernel<at::CUDAGeneratorImpl *>(at::TensorIteratorBase &, double, T1)::[lambda() (instance 1)]::operator ()() const::[lambda() (instance 2)]::operator ()() const::[lambda(float) (instance 1)]>(at::TensorIteratorBase &, T3, T4)::[lambda(curandStatePhilox4_32_10 *) (instance 2)], void at::native::<unnamed>::distribution_nullary_kernel<float, float, float4, at::CUDAGeneratorImpl *, void at::native::templates::cuda::uniform_and_transform<float, float, at::CUDAGeneratorImpl *, void at::native::templates::cuda::exponential_kernel<at::CUDAGeneratorImpl *>(at::TensorIteratorBase &, double, T1)::[lambda() (instance 1)]::operator ()() const::[lambda() (instance 2)]::operator ()() const::[lambda(float) (instance 1)]>(at::TensorIteratorBase &, T3, T4)::[lambda(curandStatePhilox4_32_10 *) (instance 2)], void at::native::templates::cuda::exponential_kernel<at::CUDAGeneratorImpl *>(at::TensorIteratorBase &, double, T1)::[lambda() (instance 1)]::operator ()() const::[lambda() (instance 2)]::operator ()() const::[lambda(float) (instance 1)]>(at::TensorIteratorBase &, T4, const T5 &, T6)::[lambda(int, float) (instance 1)]>(long, at::PhiloxCudaState, T3, T4)"
1608884,1608884,0,465,425,5704189.4,399070.0,47458,61350514,11203049.3,13756.5,11743.0,8947,527084,24197.5,5784639.7,171625.0,115,51311704,11173379.0,403639.5,278401.0,36544,11453798,944486.7,cudaLaunchKernel,ampere_fp16_s16816gemm_fp16_128x256_ldg8_f2f_stages_64x3_tn
1608884,1608884,0,64,61,5650021.7,399984.5,49484,23199154,7472343.2,12374.9,10730.0,9648,37532,5639.0,5868163.4,391500.0,1096,23134401,7543436.6,44712.0,45168.0,34880,54624,7300.8,cuLaunchKernel,void cutlass::Kernel2<cutlass_80_tensorop_f16_s16816gemm_relu_f16_128x128_32x4_tn_align8>(T1::Params)
1608884,1618515,0,2528,2528,5593421.6,6922137.5,1351562,7237076,2059306.2,11047.2,9658.5,7965,518719,19213.9,5518755.1,6832762.5,1331596,7101201,2025399.3,63619.2,50688.5,8896,143489,51621.6,cuLaunchKernel,void cutlass::Kernel2<cutlass_80_simt_sgemm_128x32_8x5_nn_align1>(T1::Params)
1608884,1618515,0,352,351,5355860.4,1712456.0,19186,17840022,7160598.5,18759.7,10965.0,7775,1732200,92233.8,5350254.5,1700375.0,116432,17820726,7153875.0,2051.4,2048.0,1440,2784,286.9,cudaLaunchKernel,"void at::native::vectorized_elementwise_kernel<(int)4, at::native::FillFunctor<bool>, std::array<char *, (unsigned long)1>>(int, T2, T3)"
1608884,1618515,0,352,351,5211821.3,1608912.0,12328,17686351,7119858.3,12099.0,9548.5,6843,146529,11388.0,5212499.7,1598020.0,1026,17668523,7120812.2,2036.4,1984.0,1728,2688,208.3,cudaLaunchKernel,"void at::native::vectorized_elementwise_kernel<(int)4, void at::native::compare_scalar_kernel<c10::Half>(at::TensorIteratorBase &, at::native::<unnamed>::OpType, T1)::[lambda(c10::Half) (instance 1)], std::array<char *, (unsigned long)2>>(int, T2, T3)"
1608884,1608884,0,19,18,5036556.6,4379846.0,1413167,9206401,2701964.2,371915.5,17924.0,5140,6702732,1533145.6,4275057.8,3531548.0,857244,8580622,2584002.8,614746.8,620639.0,222465,1017536,224006.1,cudaLaunchKernel,"void at::native::reduce_kernel<(int)512, (int)1, at::native::ReduceOp<float, at::native::MinMaxOps<float, float, int>, unsigned int, float, (int)4, (int)4>>(T3)"
1608884,1608884,0,16,16,4896322.0,4018420.5,1434182,10273599,2739927.3,12885.2,8386.0,6753,36699,8831.9,4881376.8,4008665.5,1425349,10262536,2738852.7,2060.0,2080.0,1792,2272,118.5,cudaLaunchKernel,"void at::native::vectorized_elementwise_kernel<(int)4, at::native::bitwise_not_kernel_cuda(at::TensorIteratorBase &)::[lambda(bool) (instance 1)], std::array<char *, (unsigned long)2>>(int, T2, T3)"
1608884,1618515,0,8336,8310,4629757.6,2543429.5,68283,528106922,31929522.4,12049.6,10300.0,6292,2039316,30792.0,4384121.8,2496067.5,60,514011773,31098527.6,247268.5,38944.0,17536,14390697,1667849.7,cudaLaunchKernel,ampere_sgemm_128x32_sliced1x4_nn
1608884,1608884,0,32,32,4599370.9,3801565.5,1319067,10266525,2598398.4,9598.1,8521.0,4158,34326,6208.4,4586185.8,3788434.5,1304095,10258308,2598865.9,3587.0,3600.0,3264,4032,198.9,cudaLaunchKernel,"void at::native::_assert_async_cuda_kernel<bool>(const T1 *, at::native::Msg)"
1608884,1608884,0,16,16,4499231.4,3640418.5,1265788,11176826,2745759.6,18289.1,14918.0,9568,48132,10528.6,1495570.6,1249893.0,418050,3525553,875431.6,2985371.8,2373668.5,833571,7603141,1908020.3,cudaLaunchKernel,"void at::native::<unnamed>::cunn_SoftMaxForward<(int)4, float, float, float, at::native::<unnamed>::SoftMaxForwardEpilogue>(T4 *, const T2 *, int)"
1608884,1618515,0,2224,2222,4468032.6,1134914.5,21980,127470366,16798361.4,11733.0,10159.0,8136,559726,22856.2,4349223.2,1115537.5,517,123833342,16231378.8,110989.3,11008.0,7392,3627506,581646.6,cudaLaunchKernel,ampere_sgemm_64x32_sliced1x4_nn
1608884,1608884,0,32,32,4371944.0,3653829.0,1353880,9181265,2468818.1,10083.3,8150.5,4809,36249,6484.9,4359439.7,3642434.0,1346566,9167703,2468622.7,2421.0,2416.0,2080,2752,174.6,cudaLaunchKernel,"void at::native::vectorized_elementwise_kernel<(int)4, void at::native::compare_scalar_kernel<float>(at::TensorIteratorBase &, at::native::<unnamed>::OpType, T1)::[lambda(float) (instance 1)], std::array<char *, (unsigned long)2>>(int, T2, T3)"
1608884,1608884,0,16,16,4338593.3,3623851.5,1339569,9133920,2506334.1,13208.0,10835.5,6302,32532,6696.2,4323357.3,3612309.0,1328702,9120464,2506122.9,2028.1,2032.5,1792,2240,129.5,cudaLaunchKernel,"void at::native::vectorized_elementwise_kernel<(int)4, at::native::BinaryFunctor<bool, bool, bool, at::native::BitwiseAndFunctor<bool>>, std::array<char *, (unsigned long)3>>(int, T2, T3)"
1608884,1618515,0,164,115,4282362.3,1182118.0,11977,15508452,5181515.9,24970.5,19823.0,6242,512296,41098.5,6065316.1,3131257.0,447,15486454,5227788.4,4955.9,4896.0,2880,6528,718.0,cudaLaunchKernel,"void at::native::<unnamed>::CatArrayBatchedCopy_vectorized<at::native::<unnamed>::OpaqueType<(unsigned int)2>, unsigned int, (int)1, (int)128, (int)1, (int)16, (int)8>(char *, at::native::<unnamed>::CatArrInputTensorMetadata<T1, T2, T4, T5>, at::native::<unnamed>::TensorSizeStride<T2, (unsigned int)4>, int, T2)"
1608884,1618515,0,224,152,4223618.9,16304.5,8179,19989392,8074232.6,11359.9,9728.0,5811,64984,5586.2,6203172.5,9606.5,203,19971349,9154283.2,3653.2,3328.0,3168,5248,686.2,cudaLaunchKernel,"void at::native::elementwise_kernel<(int)128, (int)2, void at::native::gpu_kernel_impl_nocast<at::native::AbsFunctor<float>>(at::TensorIteratorBase &, const T1 &)::[lambda(int) (instance 1)]>(int, T3)"
1608884,1618515,0,402,352,3972269.3,945531.5,24510,13575559,4841826.5,8145.8,6307.5,4047,35127,4640.0,2138887.2,17862.0,8,11302695,4282132.3,2091448.6,926692.5,16640,7324036,2328448.0,cudaLaunchKernel,"void kernel<getrf_wo_pivot_params_<float, (int)0, (int)256, (int)1, (int)64, (int)64, (int)68, (int)8, (int)1, (int)1>>(int, int, void *, int, void *, int, int, int, int, int, int *)"
1608884,1618515,0,16976,16966,3891997.8,2521372.0,11160,147572760,12052004.1,7231.1,5240.0,4359,2069554,36884.6,3883172.3,2512594.5,26,147550877,12053062.5,3882.1,3360.0,2464,16960,2161.8,cudaLaunchKernelExC,"void cublasLt::splitKreduce_kernel<(int)32, (int)16, int, float, float, float, float, (bool)0, float, float, float, (bool)1, (bool)0, (bool)0, (bool)0>(cublasLt::cublasSplitKParams<T6>, const T4 *, const T10 *, T9 *, T5 *, const T6 *, const T6 *, const T11 *, const T4 *, T11 *, void *, long, T6 *, int *, T6 *, T6 *, const T6 *, const T6 *, const T6 *, const T6 *, const T6 *)"
1608884,1608884,0,16,16,3636896.4,3038022.0,1054841,8650651,2115682.0,16635.4,14453.0,9057,36309,6498.1,3064834.9,2441547.5,885195,7500002,1881305.4,555426.1,443569.0,157313,1413915,352590.5,cudaLaunchKernel,"void at::native::vectorized_elementwise_kernel<(int)4, at::native::AUnaryFunctor<c10::Half, c10::Half, bool, at::native::<unnamed>::CompareEqFunctor<c10::Half>>, std::array<char *, (unsigned long)2>>(int, T2, T3)"
1608884,1608884,0,16,15,3482773.3,2786548.5,948171,7585887,2097870.3,361587.8,18600.5,11622,5457339,1358888.5,2590223.5,2083319.0,738040,6145404,1559004.4,692923.9,551121.0,193409,1777210,445028.2,cudaLaunchKernel,"void at::native::vectorized_elementwise_kernel<(int)4, at::native::AbsFunctor<c10::Half>, std::array<char *, (unsigned long)2>>(int, T2, T3)"
1608884,1618515,0,338,337,3414186.4,962757.5,11802,14388710,5260643.7,15025.1,8626.5,4979,1439403,77944.3,3217089.1,905536.0,2837,13552729,4958927.0,191593.9,48896.0,2272,835396,308445.1,cudaLaunchKernel,"void at::native::triu_tril_kernel<float, int, (bool)0, (int)2, (bool)1>(at::cuda::detail::TensorInfo<T1, T2>, at::cuda::detail::TensorInfo<const T1, T2>, long, long, T2)"
1608884,1610556,0,16,14,3410004.0,2656678.0,886864,8954048,2307110.5,29507.4,24707.0,15920,60074,12322.7,393611.6,263395.5,400,1191457,371869.6,3036185.8,2418596.0,858179,7713989,1934316.5,cudaLaunchKernel,"void at::native::<unnamed>::cunn_SoftMaxBackward<(int)4, float, float, float, at::native::<unnamed>::LogSoftMaxBackwardEpilogue>(T2 *, const T4 *, const T4 *, long)"
1608884,1618515,0,20480,20475,3268704.6,2674235.0,11348,7307083,1980181.1,8788.5,7173.0,5711,961222,24333.6,3258339.0,2664825.0,563,7296515,1979835.9,2372.7,2176.0,2016,3360,451.8,cudaLaunchKernel,"void at::native::elementwise_kernel<(int)128, (int)2, void at::native::gpu_kernel_impl_nocast<at::native::BUnaryFunctor<long, long, long, at::native::rshift_kernel_cuda(at::TensorIteratorBase &)::[lambda() (instance 1)]::operator ()() const::[lambda() (instance 4)]::operator ()() const::[lambda(long, long) (instance 1)]>>(at::TensorIteratorBase &, const T1 &)::[lambda(int) (instance 1)]>(int, T3)"
1608884,1618515,0,20928,20823,3193782.3,2656498.0,9228,7290541,2007187.2,7441.6,5780.0,4779,1079527,23948.9,3199831.5,2648880.0,90,7282666,2001054.9,2572.6,1792.0,1632,72897,6674.3,cudaLaunchKernel,"void at::native::vectorized_elementwise_kernel<(int)4, at::native::BinaryFunctor<long, long, bool, at::native::<unnamed>::CompareEqFunctor<long>>, std::array<char *, (unsigned long)3>>(int, T2, T3)"
1608884,1618515,0,20480,20461,3176015.2,2590765.5,12519,7252020,1972683.4,7930.0,6282.0,5310,3133421,33963.9,3165578.9,2578731.0,622,7240194,1971361.1,5444.2,5504.0,4288,6688,499.3,cudaLaunchKernel,"void at::native::unrolled_elementwise_kernel<at::native::CUDAFunctor_add<float>, std::array<char *, (unsigned long)3>, (int)4, TrivialOffsetCalculator<(int)2, unsigned int>, TrivialOffsetCalculator<(int)1, unsigned int>, at::native::memory::LoadWithCast<(int)2>, at::native::memory::StoreWithCast<(int)1>>(int, T1, T2, T4, T5, T6, T7)"
1608884,1610556,0,16,14,3138276.7,1532286.0,494993,24188626,5698502.0,1222596.6,20579.0,10480,19254881,4808613.1,1022.4,996.5,560,1522,309.3,1915983.9,1510707.0,475810,4948719,1271514.7,cudaLaunchKernel,"void <unnamed>::indexing_backward_kernel<c10::Half, (int)4>(const long *, const long *, const T1 *, T1 *, long, long, long, long, bool)"
1608884,1610556,0,12,12,3051969.4,2843528.0,1016395,5539679,1378431.5,15895.1,14217.0,12373,30108,4853.1,3031706.3,2824300.0,994081,5522474,1378522.5,4368.1,4352.5,3712,4832,368.8,cudaLaunchKernel,"void at_cuda_detail::cub::detail::reduce::DeviceReduceSingleTileKernel<at_cuda_detail::cub::detail::reduce::policy_hub<int, unsigned long long, cuda::std::__4::plus<void>>::Policy1000, thrust::_V_300200_SM_750_800_860_900_1000_1200::transform_iterator<at::native::<unnamed>::NonZeroOp<bool>, const bool *, thrust::_V_300200_SM_750_800_860_900_1000_1200::use_default, thrust::_V_300200_SM_750_800_860_900_1000_1200::use_default>, int *, unsigned long long, cuda::std::__4::plus<void>, int, int, cuda::std::__4::identity>(T2, T3, T4, T5, T6, T8)"
1608884,1608884,0,16,12,3007107.3,2307553.0,824699,7836482,1987860.4,20421.5,15700.5,10279,87136,18188.3,858.1,613.0,268,2158,647.5,2986437.8,2290852.5,811427,7748708,1976064.0,cudaLaunchKernel,"void at::native::index_elementwise_kernel<(int)128, (int)4, void at::native::gpu_index_kernel<void at::native::index_kernel_impl<at::native::OpaqueType<(int)2>>(at::TensorIteratorBase &, c10::ArrayRef<long>, c10::ArrayRef<long>)::[lambda(char *, const char *, long) (instance 1)]>(at::TensorIteratorBase &, c10::ArrayRef<long>, c10::ArrayRef<long>, const T1 &, bool)::[lambda(int) (instance 1)]>(long, T3)"
1608884,1618515,0,674,655,2817993.8,10853.0,6088,20158912,6875823.8,7688.3,6627.5,5119,34556,3065.4,2869663.6,2135.0,85,20150051,6915012.7,21573.6,1728.0,1440,252834,63721.3,cudaLaunchKernel,"void at::native::vectorized_elementwise_kernel<(int)4, at::native::AUnaryFunctor<float, float, float, at::native::binary_internal::MulFunctor<float>>, std::array<char *, (unsigned long)2>>(int, T2, T3)"
1608884,1608884,0,32,24,2580958.7,1606129.5,16841,11414006,3130873.0,137668.8,13005.0,8526,3900132,686666.6,3043800.6,2707254.5,210,10775405,3071662.6,160901.1,54336.0,2944,769854,207554.6,cudaLaunchKernel,"void at::native::reduce_kernel<(int)512, (int)1, at::native::ReduceOp<bool, at::native::func_wrapper_t<bool, at::native::and_kernel_cuda(at::TensorIterator &)::[lambda() (instance 1)]::operator ()() const::[lambda() (instance 12)]::operator ()() const::[lambda(bool, bool) (instance 1)]>, unsigned int, bool, (int)4, (int)4>>(T3)"
1608884,1618515,0,124,122,2569863.6,946397.0,10468,14350421,4534863.1,14834.7,13996.5,5911,96373,9004.0,2594485.3,928940.5,616,14335263,4560577.7,2410.3,2368.0,1920,3296,245.6,cudaLaunchKernel,"void at::native::unrolled_elementwise_kernel<at::native::direct_copy_kernel_cuda(at::TensorIteratorBase &)::[lambda() (instance 3)]::operator ()() const::[lambda() (instance 11)]::operator ()() const::[lambda(bool) (instance 1)], std::array<char *, (unsigned long)2>, (int)4, TrivialOffsetCalculator<(int)1, unsigned int>, TrivialOffsetCalculator<(int)1, unsigned int>, at::native::memory::LoadWithCast<(int)1>, at::native::memory::StoreWithCast<(int)1>>(int, T1, T2, T4, T5, T6, T7)"
1608884,1608884,0,2032,1999,2386871.8,1924499.0,453965,6781350,1340890.5,9723.5,8526.0,7284,491596,15111.1,1685.3,1703.0,15,8633,496.4,2375555.3,1914058.0,444578,6770081,1340147.7,cudaLaunchKernel,ampere_sgemm_128x64_nt
1608884,1618515,0,68704,67209,2338280.8,12787.0,9096,136239081,10732770.4,8524.8,6994.0,5952,2660019,28835.0,2375164.1,1795.0,7,136222948,10836948.3,6306.1,4000.0,3936,67553,10388.8,cudaLaunchKernel,ampere_sgemm_32x128_nt
1608884,1618515,0,148,146,2052044.5,282288.0,11028,16878869,5118219.3,14030.5,8050.0,5200,716666,58243.8,1584429.1,202751.5,935,13002415,3971977.1,475511.9,71680.5,3840,3862547,1168065.9,cudaLaunchKernel,ampere_sgemm_32x128_tn
1608884,1618515,0,1008,918,1755624.8,23268.0,7547,19178308,4425963.2,12553.0,10635.0,5661,184952,7879.0,1866986.3,1329.5,80,18909845,4531637.7,43013.7,11552.0,1504,260801,73620.0,cudaLaunchKernel,"void at::native::vectorized_elementwise_kernel<(int)4, at::native::BUnaryFunctor<float, float, float, at::native::binary_internal::MulFunctor<float>>, std::array<char *, (unsigned long)2>>(int, T2, T3)"
1608884,1618515,0,336,323,1747346.6,221383.5,9866,5342730,2200064.8,18465.7,8716.5,5711,538115,59011.3,1324115.7,125402.0,12,4012189,1667937.1,456061.5,87904.0,4512,1324710,552695.7,cudaLaunchKernel,"void at::native::reduce_kernel<(int)512, (int)1, at::native::ReduceOp<long, at::native::func_wrapper_t<long, at::native::sum_functor<long, long, long>::operator ()(at::TensorIterator &)::[lambda(long, long) (instance 1)]>, unsigned int, long, (int)4, (int)4>>(T3)"
1608884,1618515,0,192,192,1539287.0,1746054.0,154215,1986795,548596.5,11375.2,9348.0,7363,167850,11807.1,714834.6,803386.5,1023,1043790,249730.1,813077.2,933780.5,127201,1018693,302759.2,cudaLaunchKernel,ampere_sgemm_128x32_tn
1608884,1608884,0,144,117,1380002.6,22207.5,14758,24644312,4355979.1,16972.2,13170.5,9258,326722,26845.1,1655448.7,835.0,27,24613553,4787366.5,18218.3,8160.0,1280,112768,33250.3,cudaLaunchKernel,"void at::native::vectorized_elementwise_kernel<(int)4, at::native::FillFunctor<float>, std::array<char *, (unsigned long)1>>(int, T2, T3)"
1608884,1608884,0,111,105,1260727.1,620209.0,68436,3660284,1408453.4,15089.2,12303.0,9318,241220,21852.3,1076072.9,322789.0,572,3359399,1374705.5,227855.7,285505.0,55968,340321,111213.5,cudaLaunchKernel,ampere_fp16_s16816gemm_fp16_256x128_ldg8_f2f_stages_32x3_tn
1608884,1618515,0,2,1,1115013.5,1115013.5,19147,2210880,1549789.3,1105496.5,1105496.5,5441,2205552,1555713.4,1898.0,1898.0,1898,1898,0.0,11296.0,11296.0,10784,11808,724.1,cudaLaunchKernel,"void steqr_ker<stedc_params_<float2, float, (int)8, (int)16, (int)128>, float, (int)0>(long, T1::data_type *, T1::data_type *, T2 *, long, int *, int *, long, long, T1::data_type, T1::data_type, int *, int)"
1608884,1618515,0,1522,1369,1042499.8,17621.0,7445,17922413,3655425.3,11590.9,8927.0,5100,549467,22169.5,1122686.5,1750.0,2,17825230,3820018.2,21236.0,7296.0,1312,115680,34314.2,cudaLaunchKernel,"void at::native::vectorized_elementwise_kernel<(int)4, at::native::FillFunctor<float>, std::array<char *, (unsigned long)1>>(int, T2, T3)"
1608884,1618515,0,1120,993,1038984.7,31150.0,8745,16895438,3351435.4,10797.0,9107.0,5291,652944,20257.4,1083191.3,1977.0,0,16837418,3451685.6,68110.4,18576.5,3168,663619,128537.7,cudaLaunchKernel,"void at::native::elementwise_kernel<(int)128, (int)2, void at::native::gpu_kernel_impl_nocast<at::native::BinaryFunctor<float, float, float, at::native::binary_internal::MulFunctor<float>>>(at::TensorIteratorBase &, const T1 &)::[lambda(int) (instance 1)]>(int, T3)"
1608884,1618515,0,2672,2667,1038114.9,1121554.5,18941,2539520,336770.8,12028.5,10099.5,8016,1748883,38693.6,1009790.0,1102609.0,136,2517766,356967.8,18189.2,9728.0,5888,90016,25743.4,cudaLaunchKernel,ampere_sgemm_32x32_sliced1x4_nn
1608884,1618515,0,928,867,1000995.5,24786.5,8301,15654182,2671704.6,11162.7,8541.0,5029,553354,25414.6,1055187.3,17731.0,12,15639600,2750428.3,4069.9,4096.0,3200,6624,627.1,cudaLaunchKernel,"void at::native::elementwise_kernel<(int)128, (int)2, void at::native::gpu_kernel_impl_nocast<at::native::CUDAFunctorOnSelf_add<float>>(at::TensorIteratorBase &, const T1 &)::[lambda(int) (instance 1)]>(int, T3)"
1608884,1618515,0,448,340,996038.3,127471.0,8934,4039072,1535254.9,16538.1,7464.5,5371,502909,51775.7,918216.4,75552.5,80,2979505,1219070.7,283233.0,67488.0,3392,1054853,410037.5,cudaLaunchKernel,"void at::native::elementwise_kernel<(int)128, (int)2, void at::native::gpu_kernel_impl_nocast<at::native::BinaryFunctor<long, long, long, at::native::lshift_kernel_cuda(at::TensorIteratorBase &)::[lambda() (instance 1)]::operator ()() const::[lambda() (instance 4)]::operator ()() const::[lambda(long, long) (instance 1)]>>(at::TensorIteratorBase &, const T1 &)::[lambda(int) (instance 1)]>(int, T3)"
1608884,1618515,0,1120,1011,868991.1,18022.0,8645,19959263,3969035.5,10264.8,8266.0,5421,257931,9876.0,939982.8,2033.0,5,19944595,4168676.5,10479.9,7488.0,3041,49728,9598.9,cudaLaunchKernel,"void at::native::reduce_kernel<(int)512, (int)1, at::native::ReduceOp<float, at::native::MeanOps<float, float, float, float>, unsigned int, float, (int)4, (int)4>>(T3)"
1608884,1608884,0,4224,4211,867006.6,53431.5,12930,256058128,9576853.7,9931.4,7865.0,6473,813079,25414.0,848009.5,39168.0,69,255817809,9577186.3,11682.7,6208.0,3104,231807,20397.0,cudaLaunchKernel,"void at::native::vectorized_elementwise_kernel<(int)4, at::native::BinaryFunctor<c10::Half, c10::Half, c10::Half, at::native::binary_internal::MulFunctor<float>>, std::array<char *, (unsigned long)3>>(int, T2, T3)"
1608884,1608884,0,3404,3338,846193.5,33753.0,20935,253119087,10297117.1,11678.6,9879.0,8376,1606131,32862.3,808816.5,1573.5,21,251863736,10321097.2,41416.7,22336.0,10720,1246204,95249.1,cuLaunchKernel,void cutlass::Kernel2<cutlass_75_tensorop_f16_s1688gemm_f16_64x64_nn_align1>(T1::Params)
1608884,1608884,0,8448,8311,831149.0,14255.5,11350,257330810,9537977.1,9951.1,8266.0,6462,598280,21677.4,830137.0,2012.0,15,257268562,9612223.9,4544.4,3520.0,2432,61120,4529.7,cudaLaunchKernel,"void at::native::vectorized_elementwise_kernel<(int)4, at::native::CUDAFunctor_add<c10::Half>, std::array<char *, (unsigned long)3>>(int, T2, T3)"
1608884,1608884,0,63,62,810354.7,818209.0,626691,827358,26056.7,12271.2,11192.0,7003,55255,6012.4,191016.3,196870.0,110644,208359,15469.9,610144.3,610051.0,609315,612995,678.3,cudaLaunchKernel,"void at::native::<unnamed>::cunn_SoftMaxForwardSmem<(int)8, c10::Half, float, float, at::native::<unnamed>::SoftMaxForwardEpilogue, long>(T4 *, const T2 *, T6)"
1608884,1618515,0,4,3,744015.5,9520.0,8233,2948789,1469849.2,741543.0,6407.5,4568,2948789,1471498.1,1931.3,2029.0,899,2866,987.1,1360.0,1360.0,1344,1376,18.5,cudaLaunchKernel,"xx_set_info_ker(int, int *, int)"
1608884,1618515,0,532,362,719502.0,17494.5,9659,6989791,1707985.2,19964.6,13520.5,5671,666159,39399.4,1025744.0,1569.0,12,6968299,1986640.1,2014.0,1888.0,1792,3360,309.1,cudaLaunchKernel,"void at::native::vectorized_elementwise_kernel<(int)4, at::native::FillFunctor<unsigned char>, std::array<char *, (unsigned long)1>>(int, T2, T3)"
1608884,1608884,0,126,126,719122.1,626359.5,310522,1055786,317824.5,12944.7,12077.5,9438,24917,2889.3,627000.3,536717.5,222363,958877,309511.2,79177.0,79073.0,72417,85985,6298.7,cuLaunchKernel,void cutlass::Kernel2<cutlass_80_tensorop_f16_s16816gemm_f16_64x128_64x4_nn_align2>(T1::Params)
1608884,1608884,0,1812,1808,669311.0,125183.0,56196,50116744,3888606.4,8330.4,6172.0,5190,1511961,38500.5,589920.6,61536.5,575,49518093,3838493.7,72363.2,56064.0,42496,590591,65532.7,cudaLaunchKernel,"void <unnamed>::softmax_warp_forward<c10::Half, float, float, (int)10, (bool)0, (bool)0, (int)32>(T2 *, const T1 *, int, int, int, const bool *, int, bool)"
1608884,1608884,0,3845,3675,667193.2,33865.0,16448,241821108,9083209.9,12112.7,10039.0,8686,1377905,34637.4,632640.7,1215.0,0,239797044,9174031.1,50498.6,22465.0,6464,2015545,144583.6,cuLaunchKernel,void cutlass::Kernel2<cutlass_75_tensorop_f16_s1688gemm_f16_64x64_tn_align1>(T1::Params)
1608884,1608884,0,16,0,611895.4,69988.5,53793,8608083,2132476.8,611895.4,69988.5,53793,8608083,2132476.8,,,,,0.0,4768.0,4816.0,4256,5088,218.3,cudaLaunchKernel,"void at::native::unrolled_elementwise_kernel<at::native::AUnaryFunctor<long, long, bool, at::native::<unnamed>::CompareEqFunctor<long>>, std::array<char *, (unsigned long)2>, (int)4, TrivialOffsetCalculator<(int)1, unsigned int>, TrivialOffsetCalculator<(int)1, unsigned int>, at::native::memory::LoadWithCast<(int)1>, at::native::memory::StoreWithCast<(int)1>>(int, T1, T2, T4, T5, T6, T7)"
1608884,1608884,0,6272,6196,573863.7,41644.0,13104,254773715,7806381.9,11897.5,9157.0,7364,5604059,77740.7,558512.1,27171.0,32,254607237,7845680.6,10246.5,7200.0,3424,156480,11794.3,cudaLaunchKernel,"void at::native::vectorized_elementwise_kernel<(int)4, at::native::<unnamed>::silu_kernel(at::TensorIteratorBase &)::[lambda() (instance 1)]::operator ()() const::[lambda() (instance 5)]::operator ()() const::[lambda(c10::Half) (instance 1)], std::array<char *, (unsigned long)2>>(int, T2, T3)"
1608884,1608884,0,1809,1725,550449.6,122758.0,95018,274194083,7014349.3,12208.0,10750.0,8556,598651,20385.4,412709.3,1282.0,3,256678943,6780332.0,144924.9,110368.0,84160,17497026,457661.0,cudaLaunchKernel,ampere_fp16_s16816gemm_fp16_256x128_ldg8_f2f_stages_64x3_tn
1608884,1610556,0,16,15,549214.1,403539.5,99229,1563109,411091.5,44862.4,34050.0,17043,100772,27577.3,534627.9,371120.0,122644,1459393,402061.0,3316.0,3376.0,2848,3488,182.5,cudaLaunchKernel,"void at::native::elementwise_kernel<(int)128, (int)2, void at::native::gpu_kernel_impl_nocast<at::native::direct_copy_kernel_cuda(at::TensorIteratorBase &)::[lambda() (instance 3)]::operator ()() const::[lambda() (instance 7)]::operator ()() const::[lambda(float) (instance 1)]>(at::TensorIteratorBase &, const T1 &)::[lambda(int) (instance 1)]>(int, T3)"
1608884,1618515,0,448,394,496476.9,75475.0,10544,2023498,747551.5,10864.6,7164.0,5080,785557,37560.1,233012.3,2293.5,11,964689,360458.5,280847.6,54512.5,4864,1047588,405593.5,cudaLaunchKernel,"void at::native::elementwise_kernel<(int)128, (int)2, void at::native::gpu_kernel_impl_nocast<at::native::BinaryFunctor<long, long, long, at::native::rshift_kernel_cuda(at::TensorIteratorBase &)::[lambda() (instance 1)]::operator ()() const::[lambda() (instance 4)]::operator ()() const::[lambda(long, long) (instance 1)]>>(at::TensorIteratorBase &, const T1 &)::[lambda(int) (instance 1)]>(int, T3)"
1608884,1608884,0,25216,24613,495370.0,15779.0,12480,253156035,7295701.1,10102.0,8577.0,6282,1984522,28437.5,490128.4,1725.0,0,253059290,7379749.8,6901.1,5248.0,4096,91136,6426.3,cudaLaunchKernel,"void at::native::elementwise_kernel<(int)128, (int)4, void at::native::gpu_kernel_impl_nocast<at::native::direct_copy_kernel_cuda(at::TensorIteratorBase &)::[lambda() (instance 3)]::operator ()() const::[lambda() (instance 10)]::operator ()() const::[lambda(c10::Half) (instance 1)]>(at::TensorIteratorBase &, const T1 &)::[lambda(int) (instance 1)]>(int, T3)"
1608884,1610556,0,16,15,493270.6,360631.0,40036,1417078,400454.9,23900.5,19256.5,13235,50075,10846.3,496138.7,344523.0,83622,1377543,393393.4,4480.0,4480.0,3840,5024,287.4,cudaLaunchKernel,"void at::native::<unnamed>::nll_loss_backward_no_reduce_cuda_kernel<float, long>(int, const T2 *, torch::headeronly::detail::GenericPackedTensorAccessor<torch::headeronly::detail::TensorAccessor<c10::ArrayRef<long>, const T1, (unsigned long)0, torch::headeronly::DefaultPtrTraits, long>, at::detail::IndexBoundsCheck<(unsigned long)1, long>, const T1, (unsigned long)1, torch::headeronly::DefaultPtrTraits, long>, torch::headeronly::detail::GenericPackedTensorAccessor<torch::headeronly::detail::TensorAccessor<c10::ArrayRef<long>, T1, (unsigned long)1, torch::headeronly::DefaultPtrTraits, long>, at::detail::IndexBoundsCheck<(unsigned long)2, long>, T1, (unsigned long)2, torch::headeronly::DefaultPtrTraits, long>, const T1 *, long, long)"
1608884,1618515,0,224,221,444156.2,199918.5,10378,998618,400155.4,10159.9,7770.0,5199,134817,9949.8,437461.7,191845.0,230,990687,399106.3,2415.2,2400.0,2336,3040,79.5,cudaLaunchKernel,"void at::native::vectorized_elementwise_kernel<(int)2, at::native::CUDAFunctorOnOther_add<long>, std::array<char *, (unsigned long)2>>(int, T2, T3)"
1608884,1618515,0,2,1,436127.0,436127.0,16420,855834,593555.3,426637.5,426637.5,5420,847855,595691.5,2136.0,2136.0,2136,2136,0.0,8896.0,8896.0,8864,8928,45.3,cudaLaunchKernel,"void geqr2_smem<float, float, (int)8, (int)5, (int)5>(int, int, T1 *, unsigned long, T1 *, int)"
1608884,1608884,0,1152,1122,429191.2,383724.5,327898,2353033,149614.2,11023.4,8361.0,7134,1895652,58548.4,1588.8,1620.0,67,16216,565.3,416668.6,371137.5,318593,840354,136610.3,cudaLaunchKernel,ampere_sgemm_64x32_sliced1x4_nt
1608884,1608884,0,25264,24848,423993.8,12317.0,8824,257508945,6724015.2,8370.3,6642.0,4698,2124369,32155.6,412085.2,2007.0,18,257437933,6762230.6,10346.1,3552.0,1888,1141980,39764.4,cudaLaunchKernel,"void at::native::vectorized_elementwise_kernel<(int)4, at::native::float16_copy_kernel_cuda(at::TensorIteratorBase &)::[lambda(float) (instance 1)], std::array<char *, (unsigned long)2>>(int, T2, T3)"
1608884,1608884,0,16656,16353,419087.6,17958.0,15926,257445500,6803511.0,8454.7,6442.0,5380,3062405,41935.1,408636.7,2248.0,10,257382440,6863824.2,9467.0,9184.0,7968,60160,2776.2,cudaLaunchKernel,"void at::native::reduce_kernel<(int)512, (int)1, at::native::ReduceOp<float, at::native::MeanOps<float, float, float, float>, unsigned int, float, (int)4, (int)4>>(T3)"
1608884,1608884,0,16656,16331,414043.3,12008.0,9669,257412882,6803056.1,8442.5,6453.0,5330,8563769,70171.9,409441.4,2054.0,2,257327961,6866348.1,4181.5,3360.0,2368,79008,4825.3,cudaLaunchKernel,"void at::native::vectorized_elementwise_kernel<(int)4, void at::native::<unnamed>::pow_tensor_scalar_kernel_impl<float, float>(at::TensorIteratorBase &, T2)::[lambda(float) (instance 1)], std::array<char *, (unsigned long)2>>(int, T2, T3)"
1608884,1608884,0,16656,16302,412084.6,13041.0,10522,257476544,6802672.8,7404.0,5581.0,4719,1599297,32368.0,407081.9,2198.5,18,257379186,6871728.3,6281.7,4960.0,3616,91488,5993.7,cudaLaunchKernel,"void at::native::elementwise_kernel<(int)128, (int)2, void at::native::gpu_kernel_impl_nocast<at::native::BinaryFunctor<float, float, float, at::native::binary_internal::MulFunctor<float>>>(at::TensorIteratorBase &, const T1 &)::[lambda(int) (instance 1)]>(int, T3)"
1608884,1608884,0,16656,16303,410782.7,10479.0,8778,257421779,6802315.0,8625.4,6613.0,5390,2652073,38940.8,408961.5,2001.0,10,257412338,6875147.1,1884.7,1856.0,1472,2912,187.4,cudaLaunchKernel,"void at::native::vectorized_elementwise_kernel<(int)4, at::native::CUDAFunctorOnSelf_add<float>, std::array<char *, (unsigned long)2>>(int, T2, T3)"
1608884,1608884,0,16656,16285,409121.6,9736.0,8536,257406755,6801429.6,7334.7,5500.0,4649,5119686,48629.4,408910.4,2213.0,3,257398612,6878060.6,2005.6,2016.0,1632,2848,154.3,cudaLaunchKernel,"void at::native::vectorized_elementwise_kernel<(int)4, at::native::rsqrt_kernel_cuda(at::TensorIteratorBase &)::[lambda() (instance 2)]::operator ()() const::[lambda() (instance 2)]::operator ()() const::[lambda(float) (instance 1)], std::array<char *, (unsigned long)2>>(int, T2, T3)"
1608884,1608884,0,32,31,388614.5,417233.0,102217,528212,93332.3,14049.9,13400.5,12634,19367,1930.0,298493.5,320101.0,100716,430022,79802.7,85432.1,85456.0,84192,86144,352.3,cudaLaunchKernelExC,sm80_xmma_gemm_f16f16_f16f32_f32_tn_n_tilesize128x128x32_stage4_warpsize2x2x1_tensor16x8x16_execute_kernel__5x_cublas
1608884,1618515,0,112,91,387444.0,93313.0,23527,862515,381754.3,16099.8,13816.0,8226,86084,10984.7,246344.4,379228.0,103,509975,240601.9,171486.0,75680.5,14144,345217,148107.7,cudaLaunchKernel,"void at::native::<unnamed>::CatArrayBatchedCopy_alignedK_contig<at::native::<unnamed>::OpaqueType<(unsigned int)8>, unsigned int, (int)3, (int)128, (int)1, (int)16>(T1 *, at::native::<unnamed>::CatArrInputTensorMetadata<T1, T2, T4, T5>, at::native::<unnamed>::TensorSizeStride<T2, (unsigned int)4>, int, T2)"
1608884,1608884,0,8320,8177,385650.6,15331.0,10991,242525294,6328809.4,10244.9,8306.0,6983,1765514,33309.8,366272.8,1782.0,8,241763416,6353188.5,15454.5,5184.0,1664,756478,43900.4,cudaLaunchKernel,"void at::native::vectorized_elementwise_kernel<(int)4, at::native::AUnaryFunctor<c10::Half, c10::Half, c10::Half, at::native::binary_internal::MulFunctor<float>>, std::array<char *, (unsigned long)2>>(int, T2, T3)"
1608884,1608884,0,2111,2075,384548.0,28699.0,19968,48403009,2590314.1,12164.0,10109.0,8767,911477,27655.9,346832.7,1509.0,16,48157978,2587706.8,31497.7,13216.0,9504,253121,45075.9,cuLaunchKernel,void cutlass::Kernel2<cutlass_80_tensorop_f16_s16816gemm_f16_64x128_64x3_nn_align2>(T1::Params)
1608884,1608884,0,552,457,377840.4,145932.5,56328,1207685,408167.5,13786.1,12904.0,10500,46669,2831.8,368126.6,63493.0,2,1148479,432578.4,59470.0,44800.0,42784,135744,33651.4,cudaLaunchKernelExC,sm80_xmma_gemm_f16f16_f16f32_f32_tn_n_tilesize192x128x32_stage3_warpsize4x2x1_tensor16x8x16_execute_kernel__5x_cublas
1608884,1608884,0,49936,49020,372293.8,13356.0,10774,257568179,6424296.6,7856.3,5650.0,4468,5026178,34179.1,365137.1,2234.0,1,257482150,6481047.4,6029.3,5184.0,3840,91232,4453.0,cudaLaunchKernel,"void at::native::elementwise_kernel<(int)128, (int)4, void at::native::gpu_kernel_impl_nocast<at::native::BinaryFunctor<c10::Half, c10::Half, c10::Half, at::native::binary_internal::MulFunctor<float>>>(at::TensorIteratorBase &, const T1 &)::[lambda(int) (instance 1)]>(int, T3)"
1608884,1608884,0,24960,24537,370688.9,13764.5,10624,244094723,6282901.6,7215.8,5751.0,4499,2106233,27035.1,354148.2,2300.0,11,242489604,6312896.6,15356.6,5312.0,3872,1598107,54900.1,cudaLaunchKernel,"void at::native::elementwise_kernel<(int)128, (int)4, void at::native::gpu_kernel_impl_nocast<at::native::CUDAFunctor_add<c10::Half>>(at::TensorIteratorBase &, const T1 &)::[lambda(int) (instance 1)]>(int, T3)"
1608884,1608884,0,16640,16348,355863.2,17044.5,12917,239796481,6226009.6,7554.6,6242.0,4940,926535,20769.1,345122.0,2417.0,0,239754857,6277740.9,9277.6,8064.0,5568,135551,6686.6,cudaLaunchKernel,"void at::native::<unnamed>::CatArrayBatchedCopy<at::native::<unnamed>::OpaqueType<(unsigned int)2>, unsigned int, (int)4, (int)64, (int)64>(T1 *, at::native::<unnamed>::CatArrInputTensorMetadata<T1, T2, T4, T5>, at::native::<unnamed>::TensorSizeStride<T2, (unsigned int)4>, int, T2)"
1608884,1608884,0,16640,16269,351477.6,13095.0,11034,239785608,6224100.9,8293.8,6793.0,5310,3700151,33894.5,346480.8,2026.0,1,239767035,6293254.7,4458.5,4192.0,3456,42592,1804.8,cudaLaunchKernel,"void at::native::elementwise_kernel<(int)128, (int)4, void at::native::gpu_kernel_impl_nocast<at::native::neg_kernel_cuda(at::TensorIteratorBase &)::[lambda() (instance 2)]::operator ()() const::[lambda() (instance 8)]::operator ()() const::[lambda(c10::Half) (instance 1)]>(at::TensorIteratorBase &, const T1 &)::[lambda(int) (instance 1)]>(int, T3)"
1608884,1618515,0,340,275,345356.1,87453.5,16503,1029861,390905.1,12104.6,11607.0,6392,124266,9735.2,13067.8,1361.0,2,113748,27763.2,323090.9,73168.0,5888,917125,375697.6,cudaLaunchKernel,"void at::native::index_elementwise_kernel<(int)128, (int)4, void at::native::gpu_index_kernel<void at::native::index_kernel_impl<at::native::OpaqueType<(int)8>>(at::TensorIteratorBase &, c10::ArrayRef<long>, c10::ArrayRef<long>)::[lambda(char *, const char *, long) (instance 1)]>(at::TensorIteratorBase &, c10::ArrayRef<long>, c10::ArrayRef<long>, const T1 &, bool)::[lambda(int) (instance 1)]>(long, T3)"
1608884,1618515,0,1242,1153,319122.4,20610.5,8101,3026441,764738.3,7872.0,6412.0,4659,150357,7030.4,211629.6,2413.0,2,1989632,513447.4,114896.5,10464.0,2176,1036773,270843.3,cudaLaunchKernel,"void at::native::vectorized_elementwise_kernel<(int)2, at::native::AUnaryFunctor<long, long, long, at::native::BitwiseAndFunctor<long>>, std::array<char *, (unsigned long)2>>(int, T2, T3)"
1608884,1608884,0,252,251,303067.0,131874.0,42226,1046999,321775.2,14762.5,11301.5,9628,538115,33344.4,253207.5,89309.0,1059,974162,308714.2,36224.8,31472.0,25537,57824,11468.7,cudaLaunchKernel,ampere_fp16_s16816gemm_fp16_64x64_sliced1x2_ldg8_f2f_stages_64x5_nn
1608884,1608884,0,16,2,288666.9,21582.5,17570,4225652,1049923.1,286737.1,20604.0,11632,4225652,1050450.8,902.0,902.0,570,1234,469.5,4766.0,4768.0,4128,5408,358.5,cudaLaunchKernel,"void at::native::reduce_kernel<(int)512, (int)1, at::native::ReduceOp<long, at::native::func_wrapper_t<long, at::native::sum_functor<long, long, long>::operator ()(at::TensorIterator &)::[lambda(long, long) (instance 1)]>, unsigned int, long, (int)4, (int)4>>(T3)"
1608884,1608884,0,837,691,288413.3,41371.0,38727,3333684,833545.3,14730.7,12814.0,11091,443705,16541.0,284441.4,684.0,16,3255962,901208.2,39092.3,27840.0,25824,91169,18264.7,cudaLaunchKernelExC,sm80_xmma_gemm_f16f16_f16f32_f32_tn_n_tilesize96x128x32_stage4_warpsize2x2x1_tensor16x8x16_execute_kernel__5x_cublas
1608884,1618515,0,448,441,256635.5,49130.0,8207,1014010,357420.1,7988.5,6538.0,5110,49544,4655.5,248924.9,39439.0,573,1004900,359432.6,3635.9,3584.0,3328,4192,185.7,cudaLaunchKernel,"void at::native::vectorized_elementwise_kernel<(int)2, at::native::BUnaryFunctor<long, long, long, at::native::remainder_kernel_cuda(at::TensorIteratorBase &)::[lambda() (instance 1)]::operator ()() const::[lambda() (instance 4)]::operator ()() const::[lambda(long, long) (instance 1)]>, std::array<char *, (unsigned long)2>>(int, T2, T3)"
1608884,1610556,0,26,23,242550.1,17211.0,10761,5886537,1151163.0,238167.6,12959.5,5230,5886537,1152062.1,1607.9,1786.0,89,2775,788.6,3246.8,3280.0,2784,3712,224.0,cudaLaunchKernel,"void at::native::vectorized_elementwise_kernel<(int)2, at::native::BUnaryFunctor<long, long, long, at::native::remainder_kernel_cuda(at::TensorIteratorBase &)::[lambda() (instance 1)]::operator ()() const::[lambda() (instance 4)]::operator ()() const::[lambda(long, long) (instance 1)]>, std::array<char *, (unsigned long)2>>(int, T2, T3)"
1608884,1608884,0,31174,30106,241024.6,18271.0,12251,257366038,4983947.1,11657.0,10550.0,4138,1671746,20854.2,228191.5,1102.0,0,257262761,5066413.3,9048.9,5984.0,1920,2466942,52993.9,cudaLaunchKernel,"void at::native::unrolled_elementwise_kernel<at::native::direct_copy_kernel_cuda(at::TensorIteratorBase &)::[lambda() (instance 3)]::operator ()() const::[lambda() (instance 7)]::operator ()() const::[lambda(float) (instance 1)], std::array<char *, (unsigned long)2>, (int)4, TrivialOffsetCalculator<(int)1, unsigned int>, TrivialOffsetCalculator<(int)1, unsigned int>, at::native::memory::LoadWithCast<(int)1>, at::native::memory::StoreWithCast<(int)1>>(int, T1, T2, T4, T5, T6, T7)"
1608884,1608884,0,16,1,219123.1,25041.0,19939,3031705,750191.5,217415.0,23745.5,15520,3030295,750288.3,99.0,99.0,99,99,0.0,4226.0,4256.0,3936,4416,137.5,cudaLaunchKernel,"void at::native::unrolled_elementwise_kernel<at::native::direct_copy_kernel_cuda(at::TensorIteratorBase &)::[lambda() (instance 3)]::operator ()() const::[lambda() (instance 4)]::operator ()() const::[lambda(long) (instance 1)], std::array<char *, (unsigned long)2>, (int)4, TrivialOffsetCalculator<(int)1, unsigned int>, TrivialOffsetCalculator<(int)1, unsigned int>, at::native::memory::LoadWithCast<(int)1>, at::native::memory::StoreWithCast<(int)1>>(int, T1, T2, T4, T5, T6, T7)"
1608884,1608884,0,3088,2920,215402.3,35947.0,19178,46986821,2013928.4,11961.2,10000.0,8657,600885,24535.8,152664.5,1196.5,7,46295576,2026889.3,59210.5,25024.0,8800,744260,116935.0,cuLaunchKernel,void cutlass::Kernel2<cutlass_80_wmma_tensorop_f16_s161616gemm_f16_32x32_32x1_tn_align2>(T1::Params)
1608884,1610556,0,16,12,212923.5,17900.0,13611,3138200,780083.5,209808.7,13606.0,9127,3138200,780921.5,1035.8,1023.0,561,1427,266.3,3140.0,3168.0,2784,3456,192.0,cudaLaunchKernel,"void at::native::vectorized_elementwise_kernel<(int)2, at::native::BUnaryFunctor<long, long, long, at::native::binary_internal::div_trunc_kernel_cuda(at::TensorIteratorBase &)::[lambda() (instance 1)]::operator ()() const::[lambda() (instance 4)]::operator ()() const::[lambda(long, long) (instance 1)]>, std::array<char *, (unsigned long)2>>(int, T2, T3)"
1608884,1618515,0,320,317,211979.1,207211.5,15645,346194,64657.1,10689.3,9458.0,7464,29256,3294.0,199268.5,194469.0,41,334770,63930.6,3906.9,3904.0,3776,4288,75.9,cudaLaunchKernel,"void dot_kernel<float, (int)128, (int)0, cublasDotParams<cublasGemvTensorStridedBatched<const float>, cublasGemvTensorStridedBatched<float>>>(T4)"
1608884,1618515,0,320,318,204240.0,200715.0,10565,341522,66255.6,6143.4,4989.0,4038,25849,2847.3,196554.9,192798.5,1494,334600,66224.2,2779.3,2816.0,2688,2849,47.9,cudaLaunchKernel,"void reduce_1Block_kernel<float, (int)128, (int)7, cublasGemvTensorStridedBatched<float>, cublasGemvTensorStridedBatched<const float>, cublasGemvTensorStridedBatched<float>>(const T1 *, T1, T4, int, const T1 *, T1, T5, T6, cublasPointerMode_t, cublasLtEpilogue_t, cublasGemvTensorStridedBatched<const biasType<T6::value_type, T1>::type>)"
1608884,1618515,0,6,5,203748.8,14109.0,11923,1153848,465454.2,201046.3,10905.5,8266,1153848,466779.0,945.4,970.0,619,1417,308.3,2309.3,2320.0,2240,2368,65.3,cudaLaunchKernel,"void at::native::<unnamed>::distribution_elementwise_grid_stride_kernel<float, (int)4, void at::native::templates::cuda::normal_and_transform<float, float, at::CUDAGeneratorImpl *, void at::native::templates::cuda::normal_kernel<at::CUDAGeneratorImpl *>(const at::TensorBase &, double, double, T1)::[lambda() (instance 1)]::operator ()() const::[lambda() (instance 2)]::operator ()() const::[lambda(float) (instance 1)]>(at::TensorIteratorBase &, T3, T4)::[lambda(curandStatePhilox4_32_10 *) (instance 2)], void at::native::<unnamed>::distribution_nullary_kernel<float, float, float4, at::CUDAGeneratorImpl *, void at::native::templates::cuda::normal_and_transform<float, float, at::CUDAGeneratorImpl *, void at::native::templates::cuda::normal_kernel<at::CUDAGeneratorImpl *>(const at::TensorBase &, double, double, T1)::[lambda() (instance 1)]::operator ()() const::[lambda() (instance 2)]::operator ()() const::[lambda(float) (instance 1)]>(at::TensorIteratorBase &, T3, T4)::[lambda(curandStatePhilox4_32_10 *) (instance 2)], void at::native::templates::cuda::normal_kernel<at::CUDAGeneratorImpl *>(const at::TensorBase &, double, double, T1)::[lambda() (instance 1)]::operator ()() const::[lambda() (instance 2)]::operator ()() const::[lambda(float) (instance 1)]>(at::TensorIteratorBase &, T4, const T5 &, T6)::[lambda(int, float) (instance 1)]>(long, at::PhiloxCudaState, T3, T4)"
1608884,1618515,0,2,1,186917.5,186917.5,10443,363392,249572.6,184426.0,184426.0,5460,363392,253096.1,2455.0,2455.0,2455,2455,0.0,2528.0,2528.0,2528,2528,0.0,cudaLaunchKernel,"void larft_vtv_32<float, (int)128>(long, long, const T1 *, long, long, T1 *, long, long)"
1608884,1608884,0,10864,10662,183902.4,144239.0,68264,12703065,483410.3,9048.1,7745.0,6482,1598997,24928.2,1896.8,1861.0,3,192362,2181.2,173066.4,133825.0,59392,12654558,481450.3,cuLaunchKernel,void cutlass::Kernel2<cutlass_80_simt_sgemm_128x32_8x5_nt_align1>(T1::Params)
1608884,1618515,0,41801,40935,171348.9,11897.0,8380,147397505,4676330.2,7939.8,6112.0,5089,1593697,31817.0,163321.2,2314.0,4,147375447,4724384.7,3496.5,3360.0,2976,15777,1012.0,cudaLaunchKernel,"void at::native::reduce_kernel<(int)512, (int)1, at::native::ReduceOp<bool, at::native::func_wrapper_t<bool, at::native::or_kernel_cuda(at::TensorIterator &)::[lambda() (instance 1)]::operator ()() const::[lambda() (instance 12)]::operator ()() const::[lambda(bool, bool) (instance 1)]>, unsigned int, bool, (int)4, (int)4>>(T3)"
1608884,1608884,0,32,30,165245.7,180414.0,84728,243220,46230.7,13675.2,12995.0,12324,20409,2016.7,85184.2,97413.5,102,158724,43173.4,71769.2,71808.0,70689,72256,288.4,cudaLaunchKernelExC,sm80_xmma_gemm_f16f16_f16f32_f32_tn_n_tilesize160x128x32_stage4_warpsize2x2x1_tensor16x8x16_execute_kernel__5x_cublas
1608884,1618515,0,2,1,142757.5,142757.5,10417,275098,187157.7,140007.0,140007.0,5911,274103,189640.4,1914.0,1914.0,1914,1914,0.0,2592.0,2592.0,2592,2592,0.0,cudaLaunchKernel,"void ormqr_cta_kernel<float, (int)4, (int)1>(long, long, long, const T1 *, long, long, const T1 *, long, T1 *, long, long, long, long, long, int)"
1608884,1618515,0,340,310,138167.6,30522.5,6423,1610549,238266.9,15956.6,8947.0,5050,1610549,86946.0,132326.0,23742.0,32,603410,231921.4,1639.5,1632.0,1280,2176,199.4,cudaLaunchKernel,"xxtrf4_set_info_ker(int, int *)"
1608884,1618515,0,6,3,127846.2,13882.0,12187,651181,257176.6,125001.5,11021.0,7965,651181,258593.8,1657.3,1744.0,1446,1782,184.0,2682.7,2656.0,2528,2912,125.4,cudaLaunchKernel,"void at::native::<unnamed>::distribution_elementwise_grid_stride_kernel<double, (int)2, void at::native::templates::cuda::normal_and_transform<double, double, at::CUDAGeneratorImpl *, void at::native::templates::cuda::normal_kernel<at::CUDAGeneratorImpl *>(const at::TensorBase &, double, double, T1)::[lambda() (instance 1)]::operator ()() const::[lambda() (instance 1)]::operator ()() const::[lambda(double) (instance 1)]>(at::TensorIteratorBase &, T3, T4)::[lambda(curandStatePhilox4_32_10 *) (instance 1)], void at::native::<unnamed>::distribution_nullary_kernel<double, double, double2, at::CUDAGeneratorImpl *, void at::native::templates::cuda::normal_and_transform<double, double, at::CUDAGeneratorImpl *, void at::native::templates::cuda::normal_kernel<at::CUDAGeneratorImpl *>(const at::TensorBase &, double, double, T1)::[lambda() (instance 1)]::operator ()() const::[lambda() (instance 1)]::operator ()() const::[lambda(double) (instance 1)]>(at::TensorIteratorBase &, T3, T4)::[lambda(curandStatePhilox4_32_10 *) (instance 1)], void at::native::templates::cuda::normal_kernel<at::CUDAGeneratorImpl *>(const at::TensorBase &, double, double, T1)::[lambda() (instance 1)]::operator ()() const::[lambda() (instance 1)]::operator ()() const::[lambda(double) (instance 1)]>(at::TensorIteratorBase &, T4, const T5 &, T6)::[lambda(int, double) (instance 1)]>(long, at::PhiloxCudaState, T3, T4)"
1608884,1618515,0,463,450,121892.1,23371.0,7896,3770137,234661.1,20494.8,7875.0,4879,3768691,178806.5,72642.1,2014.5,29,426395,141656.3,30901.6,10560.0,2176,73472,28911.5,cudaLaunchKernel,"void at::native::vectorized_elementwise_kernel<(int)2, at::native::BUnaryFunctor<long, long, long, at::native::rshift_kernel_cuda(at::TensorIteratorBase &)::[lambda() (instance 1)]::operator ()() const::[lambda() (instance 4)]::operator ()() const::[lambda(long, long) (instance 1)]>, std::array<char *, (unsigned long)2>>(int, T2, T3)"
1608884,1618515,0,2,2,118405.0,118405.0,84775,152035,47560.0,30869.0,30869.0,6783,54955,34062.7,2864.0,2864.0,1368,4360,2115.7,84672.0,84672.0,73632,95712,15612.9,cudaLaunchKernel,"void batched_svd_parallel_jacobi_32x16<double, double>(int, int, int, int, T1 *, unsigned long, int, T2 *, T1 *, unsigned long, int, T1 *, unsigned long, int, T2, int, int *, T2, int, int *, int, T2)"
1608884,1618515,0,350,303,110977.3,30476.5,8083,451880,139962.0,8752.9,6112.0,4448,78360,6566.6,64316.9,3740.0,96,346576,115761.1,46820.5,19824.0,2368,101953,43694.9,cudaLaunchKernel,"void at::native::vectorized_elementwise_kernel<(int)2, at::native::BinaryFunctor<long, long, long, at::native::BitwiseXorFunctor<long>>, std::array<char *, (unsigned long)3>>(int, T2, T3)"
1608884,1618515,0,224,216,97977.4,30859.5,7999,226059,89863.6,8943.8,6608.0,4689,64634,6591.3,40870.3,2514.5,163,120321,47030.8,49762.5,19264.5,4032,101984,44480.2,cudaLaunchKernel,"void at::native::vectorized_elementwise_kernel<(int)2, at::native::BinaryFunctor<long, long, long, at::native::BitwiseOrFunctor<long>>, std::array<char *, (unsigned long)3>>(int, T2, T3)"
1608884,1618515,0,1376,1242,93251.2,40259.5,17285,1001849,144417.3,11206.8,6462.5,3818,1001849,33702.9,69104.1,14415.0,16,885957,146649.9,19990.0,20544.0,10976,22720,2833.9,cudaLaunchKernel,"void at::native::<unnamed>::CatArrayBatchedCopy<at::native::<unnamed>::OpaqueType<(unsigned int)4>, unsigned int, (int)2, (int)64, (int)64>(T1 *, at::native::<unnamed>::CatArrInputTensorMetadata<T1, T2, T4, T5>, at::native::<unnamed>::TensorSizeStride<T2, (unsigned int)4>, int, T2)"
1608884,1618515,0,2,2,91675.0,91675.0,74418,108932,24405.1,24392.0,24392.0,5281,43503,27027.0,2675.0,2675.0,1365,3985,1852.6,64608.0,64608.0,64064,65152,769.3,cudaLaunchKernel,"void batched_svd_parallel_jacobi_32x16<float, float>(int, int, int, int, T1 *, unsigned long, int, T2 *, T1 *, unsigned long, int, T1 *, unsigned long, int, T2, int, int *, T2, int, int *, int, T2)"
1608884,1618515,0,2,1,90156.5,90156.5,10440,169873,112736.2,86685.5,86685.5,6022,167349,114075.4,1442.0,1442.0,1442,1442,0.0,2832.0,2832.0,2688,2976,203.6,cudaLaunchKernel,"void lansy_M_stage1<float, float, (int)8>(long, const T1 *, long, long, T2 *, long, int)"
1608884,1608884,0,520,506,89943.1,28171.0,20905,3753160,348669.0,14377.2,11131.5,9619,775869,39608.9,59761.7,1289.5,22,3658960,341457.8,17495.2,15840.0,9600,84384,12041.7,cudaLaunchKernel,ampere_fp16_s16816gemm_fp16_64x128_sliced1x2_ldg8_f2f_stages_64x3_nn
1608884,1618515,0,48,31,89541.6,23396.5,20065,3072039,439798.6,84393.5,18105.0,13816,3069769,440245.8,715.7,555.0,11,1962,490.0,5014.7,5040.0,4064,5440,244.6,cudaLaunchKernel,"void at::native::reduce_kernel<(int)512, (int)1, at::native::ReduceOp<float, at::native::ArgMinOps<float>, unsigned int, long, (int)4, (int)4>>(T3)"
1608884,1618515,0,4,3,83940.5,12675.5,11728,298683,143163.2,78186.8,6297.0,4519,295634,144969.1,2260.7,2275.0,1682,2825,571.6,4392.0,4384.0,4384,4416,16.0,cudaLaunchKernel,void svd_music_kernel<(int)32>(int *)
1608884,1608884,0,5640,5431,81742.0,78209.0,68191,1079351,29718.9,12165.9,10180.0,8537,986880,28354.0,1332.9,1281.0,7,10372,676.2,68407.6,66592.0,57984,98688,9194.3,cuLaunchKernel,void cutlass::Kernel2<cutlass_80_tensorop_f16_s16816gemm_relu_f16_256x64_32x4_tn_align8>(T1::Params)
1608884,1608884,0,4535,4387,81334.7,44719.0,19253,3388274,156052.9,11912.0,10680.0,8796,994004,20112.0,24378.9,1180.0,2,3271406,144383.9,45897.4,32288.0,8896,142689,27670.7,cuLaunchKernel,void cutlass::Kernel2<cutlass_80_tensorop_f16_s16816gemm_relu_f16_128x128_32x5_tn_align8>(T1::Params)
1608884,1618515,0,565,514,78097.9,17102.0,6275,733002,89336.9,9637.5,6181.0,4628,730833,31220.6,66505.5,2413.5,409,211822,76473.4,8096.1,1664.0,1504,71360,18964.7,cudaLaunchKernel,"void at::native::vectorized_elementwise_kernel<(int)2, at::native::CUDAFunctorOnSelf_add<long>, std::array<char *, (unsigned long)2>>(int, T2, T3)"
1608884,1608884,0,3810,3569,76406.0,71717.5,36854,1543646,44547.2,12717.8,10700.0,8356,1485200,32407.2,6181.3,1168.0,4,154507,15897.9,58045.1,60224.0,26049,107104,19065.8,cudaLaunchKernel,ampere_fp16_s16816gemm_fp16_128x128_ldg8_f2f_stages_64x3_tn
1608884,1608884,0,192,185,75827.3,70272.0,68564,399914,40034.5,14327.9,8466.0,7214,340057,40323.7,1501.3,1573.0,29,2115,334.4,60087.3,60128.5,59104,61312,486.7,cudaLaunchKernel,ampere_sgemm_32x128_nt
1608884,1618515,0,336,248,75533.6,18175.5,9386,256266,93991.7,10460.5,7850.0,6212,84360,7385.3,62380.4,2178.0,5,194897,79170.8,19451.2,5888.0,3456,55744,22264.2,cudaLaunchKernel,"void at::native::unrolled_elementwise_kernel<at::native::direct_copy_kernel_cuda(at::TensorIteratorBase &)::[lambda() (instance 3)]::operator ()() const::[lambda() (instance 3)]::operator ()() const::[lambda(int) (instance 1)], std::array<char *, (unsigned long)2>, (int)4, TrivialOffsetCalculator<(int)1, unsigned int>, TrivialOffsetCalculator<(int)1, unsigned int>, at::native::memory::LoadWithCast<(int)1>, at::native::memory::StoreWithCast<(int)1>>(int, T1, T2, T4, T5, T6, T7)"
1608884,1608884,0,1790,1655,74930.8,47301.0,43100,471871,75173.2,12114.9,11122.0,8988,286045,9765.5,30689.5,1061.0,14,426997,78123.2,34565.6,34464.0,31456,41536,2484.7,cudaLaunchKernel,ampere_fp16_s16816gemm_fp16_256x64_ldg8_f2f_stages_64x3_tn
1608884,1608884,0,3104,3051,74590.5,26792.5,20323,13492849,556593.9,8073.4,6162.0,5180,976611,27351.3,45727.5,2230.0,2,13295031,548477.7,21603.0,17648.5,12896,190784,19113.4,cudaLaunchKernel,"void <unnamed>::softmax_warp_forward<c10::Half, float, float, (int)9, (bool)0, (bool)0, (int)32>(T2 *, const T1 *, int, int, int, const bool *, int, bool)"
1608884,1618515,0,112,14,69696.3,64429.0,17511,889553,99825.9,44425.6,24121.0,15279,885097,99374.6,39869.7,38125.0,5954,69863,27688.6,24194.1,11520.0,4257,48224,19039.8,cudaLaunchKernel,"void at::native::vectorized_elementwise_kernel<(int)4, at::native::float16_copy_kernel_cuda(at::TensorIteratorBase &)::[lambda(float) (instance 1)], std::array<char *, (unsigned long)2>>(int, T2, T3)"
1608884,1618515,0,224,220,64330.6,22426.0,8639,139296,55090.0,8934.2,7344.0,5350,59032,5398.4,24311.7,2234.0,102,68836,27018.4,31603.4,10288.5,3712,65536,28622.6,cudaLaunchKernel,"void at::native::vectorized_elementwise_kernel<(int)2, at::native::BUnaryFunctor<long, long, long, at::native::lshift_kernel_cuda(at::TensorIteratorBase &)::[lambda() (instance 1)]::operator ()() const::[lambda() (instance 4)]::operator ()() const::[lambda(long, long) (instance 1)]>, std::array<char *, (unsigned long)2>>(int, T2, T3)"
1608884,1618515,0,224,218,59951.3,19077.0,9112,5410389,361089.0,34987.2,8010.0,5460,5410389,360854.2,21817.8,1940.0,31,135184,39679.7,3806.3,3840.0,3552,3936,72.4,cudaLaunchKernel,"void at::native::vectorized_elementwise_kernel<(int)2, at::native::BUnaryFunctor<long, long, long, at::native::binary_internal::div_floor_kernel_cuda(at::TensorIteratorBase &)::[lambda() (instance 1)]::operator ()() const::[lambda() (instance 4)]::operator ()() const::[lambda(long, long) (instance 1)]>, std::array<char *, (unsigned long)2>>(int, T2, T3)"
1608884,1618515,0,112,66,55403.9,35813.0,16595,111612,32216.0,16906.6,15605.0,9468,70655,7709.5,770.2,780.0,30,1394,332.7,38755.9,19520.0,5984,73696,30568.2,cudaLaunchKernel,"void at::native::elementwise_kernel<(int)128, (int)2, void at::native::gpu_kernel_impl_nocast<at::native::BinaryFunctor<float, float, float, at::native::binary_internal::DivFunctor<float>>>(at::TensorIteratorBase &, const T1 &)::[lambda(int) (instance 1)]>(int, T3)"
1608884,1608884,0,144,129,55214.3,14049.0,10963,5741020,477160.1,47748.4,6007.0,5229,5741020,477790.6,2127.1,2212.0,113,2828,504.6,5764.2,5728.0,3424,8640,1230.5,cudaLaunchKernel,"void at::native::index_elementwise_kernel<(int)128, (int)4, void at::native::gpu_index_kernel<void at::native::index_kernel_impl<at::native::OpaqueType<(int)1>>(at::TensorIteratorBase &, c10::ArrayRef<long>, c10::ArrayRef<long>)::[lambda(char *, const char *, long) (instance 1)]>(at::TensorIteratorBase &, c10::ArrayRef<long>, c10::ArrayRef<long>, const T1 &, bool)::[lambda(int) (instance 1)]>(long, T3)"
1608884,1618515,0,112,76,53563.1,23829.0,16124,159699,37683.9,15102.5,12599.0,7594,149706,15203.0,16477.4,21548.5,41,36439,13527.6,28013.3,11216.0,7232,56224,21759.4,cudaLaunchKernel,"void at::native::reduce_kernel<(int)128, (int)4, at::native::ReduceOp<long, at::native::func_wrapper_t<long, at::native::sum_functor<long, long, long>::operator ()(at::TensorIterator &)::[lambda(long, long) (instance 1)]>, unsigned int, long, (int)4, (int)4>>(T3)"
1608884,1618515,0,2,2,52258.5,52258.5,18916,85601,47153.4,37457.0,37457.0,4509,70405,46595.5,1569.0,1569.0,1147,1991,596.8,13232.5,13232.5,12416,14049,1154.7,cudaLaunchKernel,"void steqr_ker<stedc_params_<double2, double, (int)8, (int)16, (int)128>, double, (int)0>(long, T1::data_type *, T1::data_type *, T2 *, long, int *, int *, long, long, T1::data_type, T1::data_type, int *, int)"
1608884,1608884,0,96,94,52131.5,50695.0,48359,70786,4041.0,10772.2,8902.0,7034,30769,4284.6,1431.9,1500.0,4,2295,372.4,40003.2,40192.0,38433,41152,704.3,cudaLaunchKernel,ampere_sgemm_128x32_nt
1608884,1618515,0,112,18,52111.2,33697.0,19155,121436,27149.7,21310.2,16546.5,12374,108296,12271.1,359.9,202.5,22,1743,427.0,32576.2,16912.0,5600,64001,25074.8,cudaLaunchKernel,"void at::native::vectorized_elementwise_kernel<(int)4, void at::native::<unnamed>::pow_tensor_scalar_kernel_impl<float, float>(at::TensorIteratorBase &, T2)::[lambda(float) (instance 1)], std::array<char *, (unsigned long)2>>(int, T2, T3)"
1608884,1608884,0,1085,1021,51521.3,50193.0,48341,403597,16993.0,11106.2,9789.0,8486,363373,16050.4,1429.1,1258.0,21,198867,6195.0,39190.4,39104.0,38464,41729,456.4,cuLaunchKernel,void cutlass::Kernel2<cutlass_80_tensorop_f16_s16816gemm_relu_f16_128x128_32x6_tn_align8>(T1::Params)
1608884,1608884,0,504,429,51428.5,45454.5,39294,308644,22009.6,12721.3,10821.0,9438,282207,15254.7,920.2,958.0,101,1822,292.1,38300.9,32368.0,28320,81312,16205.2,cudaLaunchKernel,ampere_fp16_s1688gemm_fp16_256x64_ldg8_f2f_tn
1608884,1618515,0,2,2,49942.5,49942.5,17315,82570,46142.3,37571.5,37571.5,4308,70835,47041.7,1507.0,1507.0,599,2415,1284.1,10864.0,10864.0,10592,11136,384.7,cudaLaunchKernel,"void geqr2_smem<double, double, (int)8, (int)5, (int)5>(int, int, T1 *, unsigned long, T1 *, int)"
1608884,1608884,0,124,98,49313.0,49130.0,47400,56036,1078.9,11068.4,10305.0,8968,22262,2179.2,1174.5,1221.5,31,2342,427.8,37739.0,37696.0,37120,38592,277.0,cuLaunchKernel,void cutlass::Kernel2<cutlass_80_tensorop_f16_s16816gemm_relu_f16_128x256_32x3_tn_align8>(T1::Params)
1608884,1618515,0,2,1,48423.5,48423.5,8718,88129,56152.1,46869.5,46869.5,5912,87827,57922.7,1270.0,1270.0,1270,1270,0.0,1536.0,1536.0,1536,1536,0.0,cudaLaunchKernel,"void batch_eye_kernel<float, (int)5, (int)3>(long, long, T1 *, unsigned long, long long, int)"
1608884,1610556,0,8,6,47608.5,21450.5,16707,213082,67261.8,41167.0,14547.5,9157,208077,68102.9,1237.2,1257.5,449,2080,692.6,6516.0,6608.0,5664,7104,531.1,cudaLaunchKernel,"void at_cuda_detail::cub::detail::radix_sort::DeviceRadixSortSingleTileKernel<at_cuda_detail::cub::detail::radix::policy_hub<long, at::cuda::cub::detail::OpaqueType<(int)8>, unsigned long long>::Policy1000, (at_cuda_detail::cub::SortOrder)0, long, at::cuda::cub::detail::OpaqueType<(int)8>, unsigned long long, at_cuda_detail::cub::detail::identity_decomposer_t>(const T3 *, T3 *, const T4 *, T4 *, T5, int, int, T6)"
1608884,1608884,0,145,123,46877.5,10600.0,9593,5029554,416695.9,44180.1,7535.0,6572,5029554,416932.5,1646.2,1701.0,911,2347,277.6,1503.3,1504.0,1376,1920,57.1,cudaLaunchKernel,"void at::native::vectorized_elementwise_kernel<(int)4, at::native::FillFunctor<bool>, std::array<char *, (unsigned long)1>>(int, T2, T3)"
1608884,1608884,0,1568,1567,44311.5,45275.0,11581,3129423,81421.2,9705.7,5931.0,5000,3129423,81849.9,29499.3,33949.0,473,218481,11350.8,5127.7,5120.0,3328,6368,610.0,cudaLaunchKernelExC,"void cublasLt::splitKreduce_kernel<(int)32, (int)16, int, __half, __half, float, __half, (bool)0, __half, __half, __half, (bool)1, (bool)0, (bool)0, (bool)0>(cublasLt::cublasSplitKParams<T6>, const T4 *, const T10 *, T9 *, T5 *, const T6 *, const T6 *, const T11 *, const T4 *, T11 *, void *, long, T6 *, int *, T6 *, T6 *, const T6 *, const T6 *, const T6 *, const T6 *, const T6 *)"
1608884,1608884,0,4,0,43621.8,44224.0,22348,63691,17502.8,43104.5,44224.0,20279,63691,18351.0,,,,,0.0,3464.0,3456.0,2976,3968,405.1,cudaLaunchKernel,"void at_cuda_detail::cub::detail::reduce::DeviceReduceKernel<at_cuda_detail::cub::detail::reduce::policy_hub<int, unsigned long long, cuda::std::__4::plus<void>>::Policy1000, thrust::_V_300200_SM_750_800_860_900_1000_1200::transform_iterator<at::native::<unnamed>::NonZeroOp<bool>, const bool *, thrust::_V_300200_SM_750_800_860_900_1000_1200::use_default, thrust::_V_300200_SM_750_800_860_900_1000_1200::use_default>, unsigned long long, cuda::std::__4::plus<void>, int, cuda::std::__4::identity>(T2, T5 *, T3, at_cuda_detail::cub::GridEvenShare<T3>, T4, T6)"
1608884,1618515,0,2,2,41138.0,41138.0,20126,62150,29715.5,32336.5,32336.5,5821,58852,37498.6,6481.5,6481.5,898,12065,7896.3,2320.0,2320.0,2240,2400,113.1,cudaLaunchKernel,"void at::native::triu_tril_kernel<double, int, (bool)0, (int)1, (bool)1>(at::cuda::detail::TensorInfo<T1, T2>, at::cuda::detail::TensorInfo<const T1, T2>, long, long, T2)"
1608884,1610556,0,6,3,41126.8,14634.5,12258,162620,59910.0,38787.2,11071.0,7845,162620,61222.3,881.3,654.0,425,1565,603.0,2944.0,2928.0,2848,3072,75.7,cudaLaunchKernel,"void at::native::unrolled_elementwise_kernel<at::native::BUnaryFunctor<long, long, long, at::native::remainder_kernel_cuda(at::TensorIteratorBase &)::[lambda() (instance 1)]::operator ()() const::[lambda() (instance 4)]::operator ()() const::[lambda(long, long) (instance 1)]>, std::array<char *, (unsigned long)2>, (int)4, TrivialOffsetCalculator<(int)1, unsigned int>, TrivialOffsetCalculator<(int)1, unsigned int>, at::native::memory::LoadWithoutCast, at::native::memory::StoreWithoutCast>(int, T1, T2, T4, T5, T6, T7)"
1608884,1608884,0,1988,1847,40946.3,36139.0,32414,1053899,32068.2,14043.6,11863.0,10309,1024672,31814.3,907.6,919.0,4,9655,352.3,26222.9,22816.0,20256,31776,4466.3,cudaLaunchKernel,ampere_fp16_s16816gemm_fp16_128x64_ldg8_f2f_stages_64x3_tn
1608884,1608884,0,144,124,40861.6,12328.5,11136,3640135,302552.9,34708.6,6006.5,5350,3604870,300118.6,2040.0,2174.5,53,3235,548.5,4599.4,3968.0,3584,37888,3192.8,cudaLaunchKernel,"void at::native::elementwise_kernel<(int)128, (int)4, void at::native::gpu_kernel_impl_nocast<at::native::<unnamed>::where_kernel_impl(at::TensorIterator &)::[lambda() (instance 1)]::operator ()() const::[lambda() (instance 2)]::operator ()() const::[lambda(bool, unsigned short, unsigned short) (instance 1)]>(at::TensorIteratorBase &, const T1 &)::[lambda(int) (instance 1)]>(int, T3)"
1608884,1610556,0,16,6,39119.9,19175.0,12103,225872,53256.9,37728.9,17533.5,10380,223987,53387.4,822.8,697.5,355,1598,466.3,1694.0,1712.0,1408,2016,163.8,cudaLaunchKernel,"void at_cuda_detail::cub::detail::scan::DeviceCompactInitKernel<at_cuda_detail::cub::ScanTileState<int, (bool)1>, int *>(T1, int, T2)"
1608884,1608884,0,35157,34513,38934.9,17464.0,11010,274044213,1553399.7,7966.9,6733.0,5230,1538422,23099.4,21475.1,2084.0,3,273911446,1567022.3,9925.2,8160.0,3360,24449,3963.1,cudaLaunchKernel,"void at::native::reduce_kernel<(int)512, (int)1, at::native::ReduceOp<bool, at::native::func_wrapper_t<bool, at::native::or_kernel_cuda(at::TensorIterator &)::[lambda() (instance 1)]::operator ()() const::[lambda() (instance 12)]::operator ()() const::[lambda(bool, bool) (instance 1)]>, unsigned int, bool, (int)4, (int)4>>(T3)"
1608884,1618515,0,2,1,37759.0,37759.0,8612,66906,41220.1,35763.0,35763.0,5039,66487,43450.3,2293.0,2293.0,2293,2293,0.0,1328.0,1328.0,1280,1376,67.9,cudaLaunchKernel,"void orgqr_step1_kernel<float, (int)5, (int)3>(int, int, int, T1 *, int)"
1608884,1618515,0,96,48,37222.6,22371.0,11305,125709,32376.1,34665.0,19662.0,6543,125709,34245.8,1982.8,2064.5,407,2911,453.4,2887.7,2944.0,2560,3200,195.6,cudaLaunchKernel,"void at::native::<unnamed>::CatArrayBatchedCopy_alignedK_contig<at::native::<unnamed>::OpaqueType<(unsigned int)4>, unsigned int, (int)1, (int)128, (int)1, (int)16>(T1 *, at::native::<unnamed>::CatArrInputTensorMetadata<T1, T2, T4, T5>, at::native::<unnamed>::TensorSizeStride<T2, (unsigned int)4>, int, T2)"
1608884,1618515,0,2,1,36664.5,36664.5,10454,62875,37067.2,34967.0,34967.0,7084,62850,39432.5,1834.0,1834.0,1834,1834,0.0,1520.0,1520.0,1504,1536,22.6,cudaLaunchKernel,"void at::native::vectorized_elementwise_kernel<(int)2, at::native::AUnaryFunctor<double, double, double, at::native::binary_internal::MulFunctor<double>>, std::array<char *, (unsigned long)2>>(int, T2, T3)"
1608884,1618515,0,2,1,36551.0,36551.0,11202,61900,35848.9,33538.5,33538.5,6512,60565,38221.2,1970.0,1970.0,1970,1970,0.0,2896.0,2896.0,2720,3072,248.9,cudaLaunchKernel,"void at::native::triu_tril_kernel<float, int, (bool)1, (int)2, (bool)0>(at::cuda::detail::TensorInfo<T1, T2>, at::cuda::detail::TensorInfo<const T1, T2>, long, long, T2)"
1608884,1608884,0,16,9,36324.9,36031.0,34182,41253,1615.9,13799.4,13160.5,11382,19637,2189.2,932.7,925.0,781,1122,122.4,22490.3,22496.0,22240,22688,109.1,cuLaunchKernel,void cutlass::Kernel2<cutlass_80_wmma_tensorop_f16_s161616gemm_f16_32x32_64x1_nn_align2>(T1::Params)
1608884,1618515,0,2,2,36118.5,36118.5,15526,56711,29122.2,25759.5,25759.5,4479,47040,30095.2,2071.0,2071.0,1383,2759,973.0,8288.0,8288.0,8288,8288,0.0,cudaLaunchKernel,"void batched_svd_qr_32x16<double, double>(int, int, int, T1 *, unsigned long, int, T1 *, unsigned long, int)"
1608884,1608884,0,10128,9670,34869.1,15638.0,11532,9740471,241813.6,13806.5,11462.0,5791,5031968,58853.7,18182.8,1285.0,0,8585994,221132.2,3809.9,2848.0,2336,1419194,25963.9,cudaLaunchKernel,"void at::native::vectorized_elementwise_kernel<(int)4, at::native::BinaryFunctor<c10::Half, c10::Half, bool, at::native::<unnamed>::CompareEqFunctor<c10::Half>>, std::array<char *, (unsigned long)3>>(int, T2, T3)"
1608884,1618515,0,336,297,34441.9,13091.0,7982,5967090,324701.9,31492.0,9779.0,7254,5967090,324872.5,1196.4,1318.0,38,2316,496.9,1967.2,1888.0,1632,2560,200.0,cudaLaunchKernel,"void at::native::vectorized_elementwise_kernel<(int)4, at::native::BinaryFunctor<float, float, float, at::native::maximum_kernel_cuda(at::TensorIteratorBase &)::[lambda() (instance 2)]::operator ()() const::[lambda() (instance 2)]::operator ()() const::[lambda(float, float) (instance 1)]>, std::array<char *, (unsigned long)3>>(int, T2, T3)"
1608884,1618515,0,4,4,34036.5,9320.5,8352,109153,50080.8,30658.5,5475.5,4338,107345,51130.9,1738.0,2099.0,176,2578,1090.3,1640.0,1632.0,1632,1664,16.0,cudaLaunchKernel,"void lacpy_kernel<float, float, (int)5, (int)3>(long, long, const T1 *, long, long, T2 *, long, long, int, int)"
1608884,1608884,0,10158,9612,33166.7,30857.0,20627,657646,18869.2,12900.2,11682.0,8487,643556,17604.9,893.5,904.0,0,3074,302.5,19533.6,18176.0,9120,65441,7423.6,cudaLaunchKernel,ampere_fp16_s16816gemm_fp16_128x64_ldg8_f2f_stages_64x4_tn
1608884,1618515,0,2,1,33126.0,33126.0,9534,56718,33364.1,31490.0,31490.0,6262,56718,35677.8,1768.0,1768.0,1768,1768,0.0,1504.0,1504.0,1504,1504,0.0,cudaLaunchKernel,"void cuds_scal_batch_kernel<float, (int)256>(int, const T1 *, T1 *, long long)"
1608884,1618515,0,2,1,32944.5,32944.5,9712,56177,32855.7,31244.5,31244.5,6312,56177,35259.9,1800.0,1800.0,1800,1800,0.0,1664.0,1664.0,1600,1728,90.5,cudaLaunchKernel,"void at::native::elementwise_kernel<(int)128, (int)2, void at::native::gpu_kernel_impl_nocast<at::native::FillFunctor<float>>(at::TensorIteratorBase &, const T1 &)::[lambda(int) (instance 1)]>(int, T3)"
1608884,1618515,0,123232,120928,32676.3,16297.0,12476,17726478,472941.9,7367.9,5801.0,4649,2630221,29155.2,17378.3,2132.0,1,17707537,476239.2,8283.8,8320.0,7392,9920,279.9,cudaLaunchKernel,"void at::native::reduce_kernel<(int)512, (int)1, at::native::ReduceOp<c10::Half, at::native::func_wrapper_t<c10::Half, at::native::MaxNanFunctor<c10::Half>>, unsigned int, c10::Half, (int)4, (int)4>>(T3)"
1608884,1608884,0,144,121,31834.6,15675.0,14681,2101926,173799.9,26248.8,9628.0,8497,2101926,174299.5,1237.5,1172.0,175,3160,549.8,4901.6,4864.0,4768,5504,104.3,cudaLaunchKernel,"void at::native::<unnamed>::CatArrayBatchedCopy<at::native::<unnamed>::OpaqueType<(unsigned int)4>, unsigned int, (int)3, (int)64, (int)64>(T1 *, at::native::<unnamed>::CatArrInputTensorMetadata<T1, T2, T4, T5>, at::native::<unnamed>::TensorSizeStride<T2, (unsigned int)4>, int, T2)"
1608884,1618515,0,1056,869,30635.6,13169.0,8566,7504700,233198.6,27629.3,9543.0,6653,7504700,233426.5,1513.8,1584.0,3,10832,533.4,2082.0,2080.0,1728,2720,187.8,cudaLaunchKernel,"void at::native::vectorized_elementwise_kernel<(int)4, at::native::<unnamed>::CompareFunctor<float>, std::array<char *, (unsigned long)3>>(int, T2, T3)"
1608884,1618515,0,672,658,30620.9,33862.0,19983,87331,7913.1,6490.7,5084.5,4288,58852,4069.6,2084.5,2166.0,1,4399,358.4,22117.2,22048.0,16096,28736,5891.1,cudaLaunchKernel,"void trsm_batch_left_upper_kernel_small<float, (int)16, (int)16, (int)64>(cublasTrsmBatchParams<T1>, const T1 *const *, T1 *const *, const T1 *, T1)"
1608884,1618515,0,2,2,30602.0,30602.0,28145,33059,3474.7,7178.5,7178.5,5230,9127,2755.6,1759.5,1759.5,1052,2467,1000.6,21664.0,21664.0,20448,22880,1719.7,cudaLaunchKernel,"void kernel<getrf_wo_pivot_params_<double, (int)0, (int)256, (int)1, (int)64, (int)64, (int)68, (int)16, (int)1, (int)1>>(int, int, void *, int, void *, int, int, int, int, int, int *)"
1608884,1618515,0,2,1,30159.5,30159.5,9622,50697,29044.4,27567.5,27567.5,5671,49464,30966.3,2223.0,2223.0,2223,2223,0.0,1728.0,1728.0,1728,1728,0.0,cudaLaunchKernel,"void at::native::vectorized_elementwise_kernel<(int)2, at::native::CUDAFunctor_add<double>, std::array<char *, (unsigned long)3>>(int, T2, T3)"
1608884,1618515,0,48,3,28449.3,25625.0,20711,112244,14295.4,27562.2,24762.5,18445,112244,14516.2,155.3,56.0,49,361,178.1,2357.4,2352.0,2176,2656,118.1,cudaLaunchKernel,"void at::native::elementwise_kernel<(int)128, (int)2, void at::native::gpu_kernel_impl_nocast<at::native::<unnamed>::where_kernel_impl(at::TensorIterator &)::[lambda() (instance 1)]::operator ()() const::[lambda() (instance 3)]::operator ()() const::[lambda(bool, unsigned int, unsigned int) (instance 1)]>(at::TensorIteratorBase &, const T1 &)::[lambda(int) (instance 1)]>(int, T3)"
1608884,1618515,0,2,2,28366.5,28366.5,15235,41498,18570.7,18726.0,18726.0,5240,32212,19072.1,1992.5,1992.5,1766,2219,320.3,7648.0,7648.0,7520,7776,181.0,cudaLaunchKernel,"void batched_svd_qr_32x16<float, float>(int, int, int, T1 *, unsigned long, int, T1 *, unsigned long, int)"
1608884,1608884,0,1579,1446,28106.7,25346.0,23215,603903,28811.1,14741.6,11913.0,9679,592269,29004.6,883.8,906.5,47,3434,310.9,12697.2,12384.0,12064,23712,1482.1,cudaLaunchKernel,ampere_fp16_s16816gemm_fp16_64x64_sliced1x2_ldg8_f2f_stages_64x6_tn
1608884,1608884,0,288,256,27638.6,11840.0,10930,4019319,236139.1,21702.2,5851.0,5410,4019319,236492.9,2036.4,2056.5,126,3382,363.6,4307.5,3808.0,3392,43584,2778.8,cudaLaunchKernel,"void at::native::elementwise_kernel<(int)128, (int)4, void at::native::gpu_kernel_impl_nocast<at::native::BinaryFunctor<bool, bool, bool, at::native::BitwiseAndFunctor<bool>>>(at::TensorIteratorBase &, const T1 &)::[lambda(int) (instance 1)]>(int, T3)"
1608884,1608884,0,28684,28008,27563.3,12752.5,10579,3557177,142995.3,10658.6,9267.0,7544,2268202,25741.7,15080.0,1398.0,0,3529818,141716.6,2211.7,1984.0,1600,5248,535.6,cudaLaunchKernel,"void at_cuda_detail::cub::detail::reduce::DeviceReduceSingleTileKernel<at_cuda_detail::cub::detail::reduce::policy_hub<int, unsigned long long, cuda::std::__4::plus<void>>::Policy1000, thrust::_V_300200_SM_750_800_860_900_1000_1200::transform_iterator<at::native::<unnamed>::NonZeroOp<bool>, const bool *, thrust::_V_300200_SM_750_800_860_900_1000_1200::use_default, thrust::_V_300200_SM_750_800_860_900_1000_1200::use_default>, int *, unsigned long long, cuda::std::__4::plus<void>, int, int, cuda::std::__4::identity>(T2, T3, T4, T5, T6, T8)"
1608884,1618515,0,2,2,27268.0,27268.0,10085,44451,24300.4,23314.5,23314.5,5420,41209,25306.6,1201.5,1201.5,490,1913,1006.2,2752.0,2752.0,2752,2752,0.0,cudaLaunchKernel,"void lansy_M_stage1<double, double, (int)8>(long, const T1 *, long, long, T2 *, long, int)"
1608884,1618515,0,2,1,27170.5,27170.5,15982,38359,15822.9,21250.0,21250.0,6201,36299,21282.5,7445.0,7445.0,7445,7445,0.0,2336.0,2336.0,2336,2336,0.0,cudaLaunchKernel,"void scale_max<float, (int)32, (int)32, (int)1>(long, long, T1 *, T1 *, T1 *, int *)"
1608884,1608884,0,11498,10966,27170.2,25321.5,22280,2040212,32439.5,13485.6,11542.0,9318,2029006,32592.2,898.4,914.0,5,10558,331.9,12918.4,12512.0,11680,41088,2108.0,cudaLaunchKernel,ampere_fp16_s16816gemm_fp16_64x64_sliced1x2_ldg8_f2f_stages_64x5_tn
1608884,1618515,0,2,2,26753.5,26753.5,12779,40728,19762.9,19131.0,19131.0,4438,33824,20779.0,2022.5,2022.5,1336,2709,970.9,5600.0,5600.0,5568,5632,45.3,cudaLaunchKernel,"void sytrd4_cta<sytrd_params<double, (int)16, (int)32, (int)32, (int)32, (int)0, (int)1, (int)2>, (int)1>(int, T1::data_type *, int, int, T1::pod_type *, int, T1::pod_type *, int, T1::data_type *, int, int)"
1608884,1618515,0,2,2,26530.0,26530.0,10015,43045,23355.7,22157.0,22157.0,5230,39084,23938.4,1477.0,1477.0,761,2193,1012.6,2896.0,2896.0,2592,3200,429.9,cudaLaunchKernel,"void at::native::triu_tril_kernel<double, int, (bool)1, (int)1, (bool)0>(at::cuda::detail::TensorInfo<T1, T2>, at::cuda::detail::TensorInfo<const T1, T2>, long, long, T2)"
1608884,1608884,0,2765,2656,26390.0,24374.0,16963,786463,25633.8,9003.9,7314.0,6072,770488,23825.7,2146.9,2036.0,8,363741,7030.0,15429.5,14208.0,8449,25056,4700.6,cudaLaunchKernel,"void at::native::reduce_kernel<(int)128, (int)4, at::native::ReduceOp<bool, at::native::func_wrapper_t<bool, at::native::or_kernel_cuda(at::TensorIterator &)::[lambda() (instance 1)]::operator ()() const::[lambda() (instance 12)]::operator ()() const::[lambda(bool, bool) (instance 1)]>, unsigned int, bool, (int)4, (int)4>>(T3)"
1608884,1608884,0,1580,1451,26246.6,25429.0,23637,583260,14180.9,12558.7,11582.0,9749,573342,14337.1,832.3,838.0,1,2519,309.0,13087.2,13056.0,12576,13920,169.9,cudaLaunchKernel,ampere_fp16_s16816gemm_fp16_64x64_ldg8_f2f_stages_64x5_tn
1608884,1618515,0,2,2,26155.5,26155.5,16816,35495,13208.0,17518.0,17518.0,4017,31019,19093.3,6093.5,6093.5,1916,10271,5907.9,2544.0,2544.0,2528,2560,22.6,cudaLaunchKernel,"void scale_max<double, (int)32, (int)32, (int)1>(long, long, T1 *, T1 *, T1 *, int *)"
1608884,1608884,0,7584,7105,25703.5,23928.0,20548,833239,22557.7,14549.0,12834.0,10800,824721,22706.5,808.1,814.0,0,3370,332.1,10501.3,9920.0,8705,13345,1302.1,cudaLaunchKernelExC,sm80_xmma_gemm_f16f16_f16f32_f32_tn_n_tilesize32x32x64_stage6_warpsize2x2x1_tensor16x8x16_execute_kernel__5x_cublas
1608884,1618515,0,336,300,25647.6,14337.5,8893,986189,72867.3,20909.1,9172.5,6443,984206,73227.6,1346.9,1507.0,28,2657,547.6,3691.8,3584.0,3168,4384,390.2,cudaLaunchKernel,"void at::native::unrolled_elementwise_kernel<at::native::direct_copy_kernel_cuda(at::TensorIteratorBase &)::[lambda() (instance 3)]::operator ()() const::[lambda() (instance 1)]::operator ()() const::[lambda(unsigned char) (instance 1)], std::array<char *, (unsigned long)2>, (int)4, TrivialOffsetCalculator<(int)1, unsigned int>, TrivialOffsetCalculator<(int)1, unsigned int>, at::native::memory::LoadWithCast<(int)1>, at::native::memory::StoreWithCast<(int)1>>(int, T1, T2, T4, T5, T6, T7)"
1608884,1618515,0,5,3,25456.8,14120.0,12909,71192,25579.0,19386.8,6763.0,6432,68320,27374.8,3376.0,3105.0,2845,4178,706.6,4512.0,4512.0,4384,4640,90.5,cudaLaunchKernel,"void at::native::<unnamed>::CatArrayBatchedCopy_alignedK_contig<at::native::<unnamed>::OpaqueType<(unsigned int)8>, unsigned int, (int)2, (int)128, (int)1, (int)16>(T1 *, at::native::<unnamed>::CatArrInputTensorMetadata<T1, T2, T4, T5>, at::native::<unnamed>::TensorSizeStride<T2, (unsigned int)4>, int, T2)"
1608884,1618515,0,117,29,25128.6,16500.0,11940,661210,63142.4,22166.8,15399.0,8215,661210,61084.8,7739.8,1106.0,406,194658,35951.2,2068.8,2080.0,1792,2272,81.4,cudaLaunchKernel,"void at::native::unrolled_elementwise_kernel<at::native::<unnamed>::CompareFunctor<c10::Half>, std::array<char *, (unsigned long)3>, (int)4, TrivialOffsetCalculator<(int)2, unsigned int>, TrivialOffsetCalculator<(int)1, unsigned int>, at::native::memory::LoadWithoutCast, at::native::memory::StoreWithoutCast>(int, T1, T2, T4, T5, T6, T7)"
1608884,1608884,0,347,282,25081.6,21725.0,19580,384134,20453.0,12294.0,10380.0,8857,373632,19715.9,1211.6,1244.0,31,3907,432.1,11976.4,9920.0,9248,32224,5555.5,cuLaunchKernel,void cutlass::Kernel2<cutlass_80_tensorop_f16_s16816gemm_relu_f16_64x256_32x4_nn_align8>(T1::Params)
1608884,1618515,0,112,82,24945.0,18490.5,10534,66319,14205.7,15096.9,13751.5,7284,64654,7266.7,10989.6,2339.5,30,43037,13055.1,2246.6,2304.0,1760,2880,308.3,cudaLaunchKernel,"void at::native::vectorized_elementwise_kernel<(int)4, at::native::sqrt_kernel_cuda(at::TensorIteratorBase &)::[lambda() (instance 2)]::operator ()() const::[lambda() (instance 2)]::operator ()() const::[lambda(float) (instance 1)], std::array<char *, (unsigned long)2>>(int, T2, T3)"
1608884,1618515,0,2,0,24795.5,24795.5,12254,37337,17736.4,22352.5,22352.5,7735,36970,20672.3,,,,,0.0,4800.5,4800.5,4800,4801,0.7,cudaLaunchKernel,"void sytrd4_cta<sytrd_params<float, (int)16, (int)32, (int)32, (int)32, (int)0, (int)1, (int)2>, (int)1>(int, T1::data_type *, int, int, T1::pod_type *, int, T1::pod_type *, int, T1::data_type *, int, int)"
1608884,1618515,0,2,1,24183.0,24183.0,10192,38174,19786.3,21972.0,21972.0,6793,37151,21466.3,2055.0,2055.0,2055,2055,0.0,1344.0,1344.0,1344,1344,0.0,cudaLaunchKernel,"void at::native::vectorized_elementwise_kernel<(int)2, at::native::FillFunctor<double>, std::array<char *, (unsigned long)1>>(int, T2, T3)"
1608884,1618515,0,133693,131527,23809.9,8587.0,4708,17590238,406353.5,6228.8,4899.0,3868,2477993,26002.5,16503.1,2326.0,0,17567726,408331.6,1357.1,1376.0,1248,2528,71.9,cudaLaunchKernel,"void <unnamed>::elementwise_kernel_with_index<int, at::native::arange_cuda_out(const c10::Scalar &, const c10::Scalar &, const c10::Scalar &, at::Tensor &)::[lambda() (instance 1)]::operator ()() const::[lambda() (instance 4)]::operator ()() const::[lambda(long) (instance 1)]>(T1, T2, function_traits<T2>::result_type *)"
1608884,1608884,0,142,77,23583.4,20140.5,18853,50219,9300.0,12874.3,12108.0,9398,30208,3185.3,992.4,1023.0,253,1669,269.5,11504.7,8352.0,8096,36928,8904.7,cudaLaunchKernel,ampere_fp16_s16816gemm_fp16_64x64_ldg8_f2f_tn
1608884,1618515,0,2,1,23336.5,23336.5,9577,37096,19458.9,20915.0,20915.0,4960,36870,22563.8,2217.0,2217.0,2217,2217,0.0,2400.0,2400.0,2400,2400,0.0,cudaLaunchKernel,"void lansy_M_stage2<double, (int)8>(T1, T1, long, T1 *, long, T1 *, T1 *)"
1608884,1608884,0,272,228,23153.1,15381.5,9369,2404131,145174.7,20306.6,13060.0,5541,2404131,145383.5,1220.7,1426.5,12,3030,876.1,1943.4,1888.0,1696,2752,151.3,cudaLaunchKernel,"void at::native::vectorized_elementwise_kernel<(int)4, void at::native::compare_scalar_kernel<long>(at::TensorIteratorBase &, at::native::<unnamed>::OpType, T1)::[lambda(long) (instance 1)], std::array<char *, (unsigned long)2>>(int, T2, T3)"
1608884,1610556,0,16,4,22651.8,20878.5,15841,37672,6180.8,20746.5,19593.0,12954,35828,6716.1,555.5,493.5,26,1209,493.7,2460.0,2464.0,2208,2688,123.0,cudaLaunchKernel,"void at::native::vectorized_elementwise_kernel<(int)2, at::native::CUDAFunctor_add<long>, std::array<char *, (unsigned long)3>>(int, T2, T3)"
1608884,1608884,0,851,775,22621.3,21721.0,16863,469805,18871.4,11101.4,9869.0,8557,442132,17703.0,1328.1,1363.0,7,2532,324.8,10400.7,10944.0,6528,39713,5110.5,cuLaunchKernel,void cutlass::Kernel2<cutlass_80_tensorop_f16_s16816gemm_f16_64x64_32x6_nn_align2>(T1::Params)
1608884,1610556,0,16,15,22185.3,19539.5,16785,60782,10431.3,9988.4,6648.0,4328,47901,10854.7,3544.2,2531.0,1366,6845,1944.0,9426.0,9344.0,7904,10912,945.6,cudaLaunchKernel,"void at_cuda_detail::cub::detail::radix_sort::DeviceRadixSortOnesweepKernel<at_cuda_detail::cub::detail::radix::policy_hub<long, at::cuda::cub::detail::OpaqueType<(int)8>, unsigned long long>::Policy1000, (at_cuda_detail::cub::SortOrder)0, long, at::cuda::cub::detail::OpaqueType<(int)8>, unsigned long long, int, int, at_cuda_detail::cub::detail::identity_decomposer_t>(T7 *, T7 *, T5 *, const T5 *, T3 *, const T3 *, T4 *, const T4 *, T6, int, int, T8)"
1608884,1618515,0,2,2,22105.0,22105.0,9295,34915,18116.1,19191.5,19191.5,5721,32662,19050.2,1313.5,1313.5,653,1974,934.1,1600.0,1600.0,1600,1600,0.0,cudaLaunchKernel,"void at::native::elementwise_kernel<(int)128, (int)2, void at::native::gpu_kernel_impl_nocast<at::native::FillFunctor<double>>(at::TensorIteratorBase &, const T1 &)::[lambda(int) (instance 1)]>(int, T3)"
1608884,1608884,0,432,392,22010.8,9722.5,8242,4953129,237851.4,18434.6,5936.0,4599,4953129,238032.7,2016.3,2069.5,396,3264,331.1,1843.9,1824.0,1600,2624,130.9,cudaLaunchKernel,"void at::native::vectorized_elementwise_kernel<(int)2, at::native::CUDAFunctorOnSelf_add<long>, std::array<char *, (unsigned long)2>>(int, T2, T3)"
1608884,1608884,0,378,307,21793.3,20365.5,17939,291069,14332.7,11966.1,9878.5,8256,283740,14624.0,1339.5,1370.0,4,2347,337.7,9265.5,9024.0,7648,12096,1554.3,cuLaunchKernel,void cutlass::Kernel2<cutlass_75_wmma_tensorop_f16_s161616gemm_f16_32x32_64x1_nn_align1>(T1::Params)
1608884,1618515,0,2,2,21293.5,21293.5,10499,32088,15265.7,16982.5,16982.5,5411,28554,16364.6,1655.0,1655.0,846,2464,1144.1,2656.0,2656.0,2624,2688,45.3,cudaLaunchKernel,"void larft_T_32<float, (int)256>(int, T1 *, int, long, const T1 *, long)"
1608884,1618515,0,2,1,20823.5,20823.5,18703,22944,2998.8,17854.0,17854.0,14568,21140,4647.1,1831.0,1831.0,1831,1831,0.0,2288.0,2288.0,2272,2304,22.6,cudaLaunchKernel,"void lascl_kernel<float, float, (int)8>(long, long, T1 *, long, long, T2 *, int, int)"
1608884,1618515,0,2,2,20542.5,20542.5,9421,31664,15728.2,16010.0,16010.0,4498,27522,16280.4,1892.5,1892.5,1454,2331,620.1,2640.0,2640.0,2592,2688,67.9,cudaLaunchKernel,"void larft_vtv_32<double, (int)128>(long, long, const T1 *, long, long, T1 *, long, long)"
1608884,1608884,0,16,16,20382.8,16625.5,13087,67063,12867.4,13768.8,10094.0,6242,60876,13053.3,1662.0,1775.0,399,2511,543.5,4952.0,4928.0,4640,5280,203.2,cudaLaunchKernel,"void at::native::<unnamed>::write_indices<long>(long *, at::native::<unnamed>::TensorDims<T1>, int, T1, long *, long)"
1608884,1608884,0,2686,2565,20370.6,17883.0,14598,525293,20902.4,8860.1,7203.5,5921,517756,20518.5,1988.6,2029.0,44,3354,412.1,9737.3,8448.0,6560,30464,4027.3,cudaLaunchKernel,"void at::native::reduce_kernel<(int)256, (int)2, at::native::ReduceOp<bool, at::native::func_wrapper_t<bool, at::native::or_kernel_cuda(at::TensorIterator &)::[lambda() (instance 1)]::operator ()() const::[lambda() (instance 12)]::operator ()() const::[lambda(bool, bool) (instance 1)]>, unsigned int, bool, (int)4, (int)4>>(T3)"
1608884,1608884,0,2742,2673,20279.9,16709.5,13593,709071,25356.0,7534.9,5976.5,5200,709071,20811.4,3134.4,2162.0,8,185956,8131.6,9739.1,8448.0,5984,63232,7419.4,cudaLaunchKernel,"void <unnamed>::softmax_warp_forward<c10::Half, float, float, (int)8, (bool)0, (bool)0, (int)32>(T2 *, const T1 *, int, int, int, const bool *, int, bool)"
1608884,1618515,0,336,311,20176.6,17398.0,9724,663106,36798.7,12651.4,8626.5,6182,655770,36940.1,1448.8,1626.0,8,2867,602.9,6317.5,4736.0,3392,11169,2863.5,cudaLaunchKernel,"void at::native::elementwise_kernel<(int)128, (int)2, void at::native::gpu_kernel_impl_nocast<at::native::direct_copy_kernel_cuda(at::TensorIteratorBase &)::[lambda() (instance 3)]::operator ()() const::[lambda() (instance 3)]::operator ()() const::[lambda(int) (instance 1)]>(at::TensorIteratorBase &, const T1 &)::[lambda(int) (instance 1)]>(int, T3)"
1608884,1618515,0,246341,240741,20064.4,10861.0,6516,17785132,336812.2,8412.3,6683.0,4689,3136446,29877.8,9683.5,2015.0,0,17764458,339171.3,2211.5,2144.0,1536,4544,170.3,cudaLaunchKernel,"void at::native::vectorized_elementwise_kernel<(int)4, at::native::AbsFunctor<c10::Half>, std::array<char *, (unsigned long)2>>(int, T2, T3)"
1608884,1608884,0,126,66,20009.8,18360.0,15572,211170,17513.4,14846.9,12013.0,9558,207736,17861.0,957.4,979.5,7,1988,377.9,5669.9,5664.0,4992,6400,625.3,cudaLaunchKernel,ampere_fp16_s16816gemm_fp16_128x64_ldg8_f2f_stages_32x6_tn
1608884,1608884,0,142,80,19981.4,18341.0,15916,41872,5519.5,11692.9,11492.0,8847,25519,2381.3,960.2,1030.5,27,1963,377.6,8324.8,7376.0,5760,21632,4762.7,cuLaunchKernel,void cutlass::Kernel2<cutlass_80_wmma_tensorop_f16_s161616gemm_f16_32x32_64x1_tn_align2>(T1::Params)
1608884,1618515,0,112,78,19797.7,16758.0,11525,61854,8225.6,17695.5,14803.5,8226,60145,8779.7,798.9,711.5,4,1750,478.7,1828.9,1792.0,1632,2144,105.8,cudaLaunchKernel,"void at::native::vectorized_elementwise_kernel<(int)4, at::native::<unnamed>::launch_clamp_scalar(at::TensorIteratorBase &, c10::Scalar, c10::Scalar, at::native::detail::ClampLimits)::[lambda() (instance 1)]::operator ()() const::[lambda() (instance 7)]::operator ()() const::[lambda(float) (instance 1)], std::array<char *, (unsigned long)2>>(int, T2, T3)"
1608884,1608884,0,4,4,19726.8,13287.5,12765,39567,13233.7,16097.8,9567.5,8546,36710,13751.3,1437.0,1384.0,809,2171,587.0,2192.0,2208.0,2048,2304,118.3,cudaLaunchKernel,"void at_cuda_detail::cub::detail::reduce::DeviceReduceSingleTileKernel<at_cuda_detail::cub::detail::reduce::policy_hub<int, unsigned long long, cuda::std::__4::plus<void>>::Policy1000, int *, int *, int, cuda::std::__4::plus<void>, int, int, cuda::std::__4::identity>(T2, T3, T4, T5, T6, T8)"
1608884,1618515,0,112,45,19606.2,17611.5,10846,131821,13433.4,16938.2,14712.5,7855,131821,13966.5,715.0,642.0,45,1649,465.7,3028.3,2816.0,2464,3744,412.8,cudaLaunchKernel,"void at::native::vectorized_elementwise_kernel<(int)4, at::native::BinaryFunctor<unsigned char, unsigned char, bool, at::native::<unnamed>::CompareEqFunctor<unsigned char>>, std::array<char *, (unsigned long)3>>(int, T2, T3)"
1608884,1618515,0,2,1,19443.0,19443.0,10230,28656,13029.1,17052.5,17052.5,6232,27873,15302.5,1822.0,1822.0,1822,1822,0.0,2176.0,2176.0,2176,2176,0.0,cudaLaunchKernel,"void epilogue<sytrd_params<float, (int)32, (int)8, (int)512, (int)32, (int)16, (int)1, (int)2>, (int)128, (int)1, (int)1>(int, int, T1::data_type *, int, int, T1::pod_type *, int, T1::pod_type *, int, T1::data_type *, int, T1::data_type *, int, int)"
1608884,1608884,0,288,265,19201.8,9996.0,8608,2404667,141115.2,15416.6,6101.5,4679,2404072,141321.4,1961.3,2093.0,48,3091,468.9,2063.5,2048.0,1920,2624,84.6,cudaLaunchKernel,"void at::native::vectorized_elementwise_kernel<(int)4, at::native::AUnaryFunctor<float, float, float, at::native::binary_internal::MulFunctor<float>>, std::array<char *, (unsigned long)2>>(int, T2, T3)"
1608884,1608884,0,126,63,19144.2,19023.5,16678,25650,1646.8,11720.3,11401.5,8977,23204,2328.2,1170.9,1213.0,163,1763,348.5,7402.2,7408.0,6432,8416,881.5,cuLaunchKernel,void cutlass::Kernel2<cutlass_80_wmma_tensorop_f16_s161616gemm_f16_32x32_128x1_nn_align2>(T1::Params)
1608884,1618515,0,2,2,19076.0,19076.0,10087,28065,12712.4,14217.0,14217.0,4769,23665,13361.5,2203.0,2203.0,1744,2662,649.1,2656.0,2656.0,2656,2656,0.0,cudaLaunchKernel,"void ormqr_cta_kernel<double, (int)4, (int)1>(long, long, long, const T1 *, long, long, const T1 *, long, T1 *, long, long, long, long, long, int)"
1608884,1608884,0,144,127,18771.4,11311.0,10601,881872,72520.6,13935.1,6031.5,5320,879186,72738.6,1979.9,2078.0,61,4172,528.4,3185.3,3104.0,2944,4160,194.4,cudaLaunchKernel,"void at::native::vectorized_elementwise_kernel<(int)4, at::native::cos_kernel_cuda(at::TensorIteratorBase &)::[lambda() (instance 2)]::operator ()() const::[lambda() (instance 2)]::operator ()() const::[lambda(float) (instance 1)], std::array<char *, (unsigned long)2>>(int, T2, T3)"
1608884,1618515,0,2,2,18649.0,18649.0,8927,28371,13749.0,14528.0,14528.0,4178,24878,14637.1,1449.0,1449.0,805,2093,910.8,2672.0,2672.0,2656,2688,22.6,cudaLaunchKernel,"void larft_T_32<double, (int)256>(int, T1 *, int, long, const T1 *, long)"
1608884,1618515,0,2,2,18555.0,18555.0,14310,22800,6003.3,12729.0,12729.0,6382,19076,8976.0,4050.0,4050.0,1900,6200,3040.6,1776.0,1776.0,1728,1824,67.9,cudaLaunchKernel,"void scale_max<double, (int)32, (int)128, (int)0>(long, long, T1 *, T1 *, T1 *, int *)"
1608884,1618515,0,4,3,18516.8,11445.5,10067,41109,15092.5,15617.3,8005.0,5350,41109,17043.8,1199.3,1315.0,254,2029,893.1,2648.0,2640.0,2592,2720,66.0,cudaLaunchKernel,"void gemmSN_TN_kernel<double, (int)128, (int)16, (int)2, (int)4, (int)4, (int)4, (bool)1, cublasGemvTensorStridedBatched<const double>, cublasGemvTensorStridedBatched<const double>, cublasGemvTensorStridedBatched<double>>(cublasGemmSmallNParams<T9, T10, T11, T1>)"
1608884,1608884,0,144,130,18369.2,10645.0,9806,876209,72191.2,13500.4,5330.5,4839,873525,72436.2,2094.9,2214.5,43,3305,506.5,3086.9,3008.0,2816,3872,205.1,cudaLaunchKernel,"void at::native::vectorized_elementwise_kernel<(int)4, at::native::sin_kernel_cuda(at::TensorIteratorBase &)::[lambda() (instance 2)]::operator ()() const::[lambda() (instance 2)]::operator ()() const::[lambda(float) (instance 1)], std::array<char *, (unsigned long)2>>(int, T2, T3)"
1608884,1610556,0,32,19,18185.9,15036.0,9356,50086,10477.2,15276.3,13530.5,4388,50086,11812.8,1925.3,2492.0,32,2824,976.6,2309.0,2304.0,1888,2720,165.2,cudaLaunchKernel,"void at::native::vectorized_elementwise_kernel<(int)2, at::native::AUnaryFunctor<long, long, long, at::native::binary_internal::MulFunctor<long>>, std::array<char *, (unsigned long)2>>(int, T2, T3)"
1608884,1618515,0,2,2,18165.0,18165.0,10184,26146,11286.8,13400.0,13400.0,4448,22352,12660.0,2589.0,2589.0,1618,3560,1373.2,2176.0,2176.0,2176,2176,0.0,cudaLaunchKernel,"void epilogue<sytrd_params<double, (int)32, (int)8, (int)512, (int)32, (int)16, (int)1, (int)2>, (int)128, (int)1, (int)1>(int, int, T1::data_type *, int, int, T1::pod_type *, int, T1::pod_type *, int, T1::data_type *, int, T1::data_type *, int, int)"
1608884,1618515,0,2,2,18152.5,18152.5,8847,27458,13160.0,12103.0,12103.0,4228,19978,11136.9,4497.5,4497.5,3051,5944,2045.7,1552.0,1552.0,1536,1568,22.6,cudaLaunchKernel,"void batch_eye_kernel<double, (int)5, (int)3>(long, long, T1 *, unsigned long, long long, int)"
1608884,1608884,0,63,12,18089.0,17850.0,16209,23515,1180.1,13510.8,13095.0,10269,23515,1950.4,352.0,222.0,1,976,352.3,5121.5,5120.0,5024,5248,44.3,cuLaunchKernel,void cutlass::Kernel2<cutlass_75_wmma_tensorop_f16_s161616gemm_f16_32x32_32x1_nn_align1>(T1::Params)
1608884,1608884,0,126,88,17876.2,17705.5,15639,24661,1538.5,11388.0,10901.0,9107,23515,2001.2,1115.9,1113.5,14,9769,1044.4,6025.4,6032.0,5248,6817,697.2,cuLaunchKernel,void cutlass::Kernel2<cutlass_80_wmma_tensorop_f16_s161616gemm_f16_32x32_128x1_nn_align8>(T1::Params)
1608884,1618515,0,2,2,17843.5,17843.5,9819,25868,11348.4,13325.0,13325.0,4759,21891,12114.2,2230.5,2230.5,1705,2756,743.2,2288.0,2288.0,2272,2304,22.6,cudaLaunchKernel,"void lascl_kernel<double, double, (int)8>(long, long, T1 *, long, long, T2 *, int, int)"
1608884,1618515,0,336,239,17665.4,14631.5,10460,204801,14155.1,14408.3,10761.0,8276,201454,14567.8,1082.7,1094.0,10,2355,473.5,2809.6,2752.0,2368,3488,297.8,cudaLaunchKernel,"void at::native::vectorized_elementwise_kernel<(int)4, at::native::AUnaryFunctor<unsigned char, unsigned char, bool, at::native::<unnamed>::CompareEqFunctor<unsigned char>>, std::array<char *, (unsigned long)2>>(int, T2, T3)"
1608884,1608884,0,144,119,17345.3,15724.5,14477,62480,5696.5,14272.1,12248.5,10871,62480,6514.5,737.0,771.0,15,1821,275.0,2808.4,2848.0,1888,4032,219.6,cuLaunchKernelEx,_bmm_outer_product_kernel
1608884,1618515,0,2,2,17285.0,17285.0,9680,24890,10755.1,13084.5,13084.5,5390,20779,10881.7,1944.5,1944.5,1871,2018,103.9,2256.0,2256.0,2240,2272,22.6,cudaLaunchKernel,"void lansy_M_stage2<float, (int)8>(T1, T1, long, T1 *, long, T1 *, T1 *)"
1608884,1618515,0,112,60,17144.0,15443.0,9348,61597,6683.1,11901.6,10675.5,6693,61597,6856.0,962.5,941.5,29,1927,561.5,5315.1,3712.0,2496,8384,2605.8,cudaLaunchKernel,"void at::native::vectorized_elementwise_kernel<(int)4, at::native::AUnaryFunctor<unsigned char, unsigned char, unsigned char, at::native::binary_internal::MulFunctor<unsigned char>>, std::array<char *, (unsigned long)2>>(int, T2, T3)"
1608884,1608884,0,331,326,17015.7,14024.0,12973,337262,21018.0,8988.5,6302.0,5420,331471,20880.2,1899.2,2075.5,70,3103,558.4,6180.9,5568.0,5408,18592,2743.3,cudaLaunchKernel,"void <unnamed>::softmax_warp_forward<c10::Half, float, float, (int)7, (bool)0, (bool)0, (int)32>(T2 *, const T1 *, int, int, int, const bool *, int, bool)"
1608884,1618515,0,63840,62803,16831.1,15405.0,11621,2241197,26827.4,6193.3,4859.0,4178,2234328,26807.1,2314.9,2240.0,0,198091,2602.9,8387.0,8224.0,7744,10624,616.3,cudaLaunchKernel,"void batch_trsm_left_kernel<float, (int)64, (int)4, (int)3, (bool)0, (bool)0, (bool)1>(cublasTrsmBatchParams2<T1>, T1, const T1 *, int)"
1608884,1610556,0,16,15,16635.5,16190.5,13255,25068,2952.7,13747.6,12955.0,10009,25068,3798.5,1194.6,1326.0,318,2043,543.1,1884.0,1856.0,1824,2016,57.1,cudaLaunchKernel,"void <unnamed>::elementwise_kernel_with_index<int, at::native::arange_cuda_out(const c10::Scalar &, const c10::Scalar &, const c10::Scalar &, at::Tensor &)::[lambda() (instance 1)]::operator ()() const::[lambda() (instance 4)]::operator ()() const::[lambda(long) (instance 1)]>(T1, T2, function_traits<T2>::result_type *)"
1608884,1618515,0,2,2,16577.5,16577.5,9843,23312,9524.0,13340.5,13340.5,5370,21311,11272.0,1445.0,1445.0,145,2745,1838.5,1792.0,1792.0,1728,1856,90.5,cudaLaunchKernel,"void scale_max<float, (int)32, (int)128, (int)0>(long, long, T1 *, T1 *, T1 *, int *)"
1608884,1618515,0,8,6,16568.0,11612.0,9387,53361,14921.6,13878.8,8225.5,5661,53361,16102.0,1596.3,1610.5,970,2070,379.9,1888.0,1888.0,1856,1920,17.1,cudaLaunchKernel,"void at::native::elementwise_kernel<(int)128, (int)2, void at::native::gpu_kernel_impl_nocast<at::native::direct_copy_kernel_cuda(at::TensorIteratorBase &)::[lambda() (instance 3)]::operator ()() const::[lambda() (instance 6)]::operator ()() const::[lambda(double) (instance 1)]>(at::TensorIteratorBase &, const T1 &)::[lambda(int) (instance 1)]>(int, T3)"
1608884,1610556,0,8,5,16170.5,15327.5,13225,24176,3344.1,12585.3,11331.0,8677,24176,4855.2,845.6,950.0,259,1329,398.2,3580.0,3616.0,3328,3776,143.6,cudaLaunchKernel,"void at_cuda_detail::cub::detail::radix_sort::DeviceRadixSortHistogramKernel<at_cuda_detail::cub::detail::radix::policy_hub<long, at::cuda::cub::detail::OpaqueType<(int)8>, unsigned long long>::Policy1000, (at_cuda_detail::cub::SortOrder)0, long, unsigned long long, at_cuda_detail::cub::detail::identity_decomposer_t>(T4 *, const T3 *, T4, int, int, T5)"
1608884,1610556,0,16,13,16169.3,16082.0,13224,22742,2395.9,10541.4,10665.5,6323,18886,3007.9,1013.5,919.0,184,2101,542.4,4864.0,4832.0,4608,5216,166.9,cudaLaunchKernel,"void at::native::<unnamed>::write_indices<long>(long *, at::native::<unnamed>::TensorDims<T1>, int, T1, long *, long)"
1608884,1608884,0,63,62,15963.8,14895.0,13252,55640,5507.1,10438.8,9108.0,7254,55105,6113.2,1881.0,1933.0,711,2987,401.9,3724.2,3712.0,3712,3776,16.7,cudaLaunchKernel,"void <unnamed>::softmax_warp_forward<c10::Half, float, float, (int)6, (bool)0, (bool)0, (int)32>(T2 *, const T1 *, int, int, int, const bool *, int, bool)"
1608884,1610556,0,16,13,15771.9,15273.5,12790,22733,2633.8,11199.4,10595.0,6913,17523,3041.7,1157.2,1138.0,666,1803,355.6,3828.1,3648.5,3008,4672,724.3,cudaLaunchKernel,"void at_cuda_detail::cub::detail::select::DeviceSelectSweepKernel<at_cuda_detail::cub::detail::select::policy_hub<long, bool, int, (bool)0, (at_cuda_detail::cub::SelectImpl)0>::Policy1000, thrust::_V_300200_SM_750_800_860_900_1000_1200::counting_iterator<long, thrust::_V_300200_SM_750_800_860_900_1000_1200::use_default, thrust::_V_300200_SM_750_800_860_900_1000_1200::use_default, thrust::_V_300200_SM_750_800_860_900_1000_1200::use_default, thrust::_V_300200_SM_750_800_860_900_1000_1200::compile_time_value<(int)1>>, thrust::_V_300200_SM_750_800_860_900_1000_1200::transform_iterator<at::native::<unnamed>::NonZeroOp<bool>, const bool *, thrust::_V_300200_SM_750_800_860_900_1000_1200::use_default, thrust::_V_300200_SM_750_800_860_900_1000_1200::use_default>, long *, int *, at_cuda_detail::cub::ScanTileState<int, (bool)1>, at_cuda_detail::cub::NullType, at_cuda_detail::cub::NullType, int, at_cuda_detail::cub::detail::select::streaming_context_t<long, (bool)1>, (at_cuda_detail::cub::SelectImpl)0>(T2, T3, T4, T5, T6, T7, T8, T9, int, T10, at_cuda_detail::cub::detail::vsmem_t)"
1608884,1618515,0,5753,5404,15530.7,10658.0,5836,2637566,42301.1,8515.8,7083.0,4909,2637566,34856.4,5122.2,1860.0,3,197927,21602.8,2254.0,1664.0,1504,65025,5647.0,cudaLaunchKernel,"void at::native::vectorized_elementwise_kernel<(int)2, at::native::AUnaryFunctor<long, long, long, at::native::binary_internal::MulFunctor<long>>, std::array<char *, (unsigned long)2>>(int, T2, T3)"
1608884,1610556,0,8,8,15044.5,12665.5,11453,33012,7295.6,10981.0,8315.5,6733,29907,7752.3,1723.5,2097.0,601,2384,700.8,2340.0,2304.0,2176,2560,141.5,cudaLaunchKernel,"void at_cuda_detail::cub::detail::radix_sort::DeviceRadixSortExclusiveSumKernel<at_cuda_detail::cub::detail::radix::policy_hub<long, at::cuda::cub::detail::OpaqueType<(int)8>, unsigned long long>::Policy1000, unsigned long long>(T2 *)"
1608884,1618515,0,2,2,14915.0,14915.0,7690,22140,10217.7,11662.0,11662.0,4248,19076,10485.0,1973.0,1973.0,1784,2162,267.3,1280.0,1280.0,1280,1280,0.0,cudaLaunchKernel,"void orgqr_step1_kernel<double, (int)5, (int)3>(int, int, int, T1 *, int)"
1608884,1608884,0,28816,28187,14165.9,12473.0,10452,1979644,23468.5,8653.6,7294.0,5871,1977037,23478.7,1790.9,1842.0,2,22480,363.5,3794.9,3232.0,2272,35616,2089.3,cudaLaunchKernel,"void at::native::vectorized_gather_kernel<(int)16, long>(char *, char *, T2 *, int, long, long, long, long, bool)"
1608884,1618515,0,3608,3431,13964.2,11249.0,8451,194076,17334.4,6671.2,6192.0,4639,191084,4713.0,4622.6,2179.0,2,167994,16764.6,2933.1,3008.0,1760,3488,264.3,cudaLaunchKernel,"void at::native::elementwise_kernel<(int)128, (int)2, void at::native::gpu_kernel_impl_nocast<at::native::CUDAFunctor_add<long>>(at::TensorIteratorBase &, const T1 &)::[lambda(int) (instance 1)]>(int, T3)"
1608884,1618515,0,2,2,13888.0,13888.0,7918,19858,8442.9,10330.0,10330.0,4228,16432,8629.5,2054.0,2054.0,1922,2186,186.7,1504.0,1504.0,1504,1504,0.0,cudaLaunchKernel,"void cuds_scal_batch_kernel<double, (int)256>(int, const T1 *, T1 *, long long)"
1608884,1608884,0,30336,29627,13788.5,12522.0,10159,2612072,29275.1,9840.0,8516.0,6192,2607199,29365.2,1630.2,1665.0,4,25067,376.0,2389.4,2336.0,1792,5760,371.9,cudaLaunchKernel,"void at::native::vectorized_elementwise_kernel<(int)4, void at::native::compare_scalar_kernel<c10::Half>(at::TensorIteratorBase &, at::native::<unnamed>::OpType, T1)::[lambda(c10::Half) (instance 1)], std::array<char *, (unsigned long)2>>(int, T2, T3)"
1608884,1608884,0,144,122,13605.2,12513.0,11578,43453,4354.1,11349.6,10064.0,9128,43453,4864.6,1121.0,1125.0,109,7386,655.8,1475.1,1504.0,1376,1536,42.2,cudaLaunchKernel,"void at::native::vectorized_elementwise_kernel<(int)4, at::native::FillFunctor<c10::Half>, std::array<char *, (unsigned long)1>>(int, T2, T3)"
1608884,1608884,0,144,126,13512.5,12463.5,11108,63949,4848.4,7696.5,6427.5,5390,58983,5196.9,2026.8,2087.0,93,2845,423.2,4228.9,3968.0,3456,16672,1265.5,cudaLaunchKernel,"void at::native::elementwise_kernel<(int)128, (int)4, void at::native::gpu_kernel_impl_nocast<at::native::<unnamed>::CompareFunctor<long>>(at::TensorIteratorBase &, const T1 &)::[lambda(int) (instance 1)]>(int, T3)"
1608884,1608884,0,160,137,13401.9,12145.5,10212,50942,4956.5,9707.6,8196.0,5190,49044,5512.8,1573.1,1604.0,38,2588,417.5,2570.8,2720.0,1888,3072,338.9,cudaLaunchKernel,"void at::native::elementwise_kernel<(int)128, (int)2, void at::native::gpu_kernel_impl_nocast<at::native::direct_copy_kernel_cuda(at::TensorIteratorBase &)::[lambda() (instance 3)]::operator ()() const::[lambda() (instance 4)]::operator ()() const::[lambda(long) (instance 1)]>(at::TensorIteratorBase &, const T1 &)::[lambda(int) (instance 1)]>(int, T3)"
1608884,1618515,0,124466,121440,12423.8,10453.0,5900,2468503,29767.0,8548.4,6703.0,4598,2468503,29288.3,2032.5,1939.0,0,212129,4263.0,1916.4,1760.0,1568,46752,2158.5,cudaLaunchKernel,"void at::native::vectorized_elementwise_kernel<(int)4, void at::native::compare_scalar_kernel<long>(at::TensorIteratorBase &, at::native::<unnamed>::OpType, T1)::[lambda(long) (instance 1)], std::array<char *, (unsigned long)2>>(int, T2, T3)"
1608884,1618515,0,81920,80311,12122.0,10648.0,6936,3477818,29386.9,7343.5,5751.0,4819,3477818,29487.4,2208.2,2229.0,0,199307,1014.3,2632.0,2656.0,2272,3232,147.5,cudaLaunchKernel,"void at::native::unrolled_elementwise_kernel<at::native::BinaryFunctor<float, float, float, at::native::maximum_kernel_cuda(at::TensorIteratorBase &)::[lambda() (instance 2)]::operator ()() const::[lambda() (instance 2)]::operator ()() const::[lambda(float, float) (instance 1)]>, std::array<char *, (unsigned long)3>, (int)4, TrivialOffsetCalculator<(int)2, unsigned int>, TrivialOffsetCalculator<(int)1, unsigned int>, at::native::memory::LoadWithCast<(int)2>, at::native::memory::StoreWithCast<(int)1>>(int, T1, T2, T4, T5, T6, T7)"
1608884,1608884,0,720,662,12082.4,9597.0,8173,1231281,45580.1,8827.7,6077.0,4399,1230535,45712.1,1890.7,2021.0,3,3192,481.9,1600.7,1728.0,1248,2208,205.4,cudaLaunchKernel,"void <unnamed>::elementwise_kernel_with_index<int, at::native::arange_cuda_out(const c10::Scalar &, const c10::Scalar &, const c10::Scalar &, at::Tensor &)::[lambda() (instance 1)]::operator ()() const::[lambda() (instance 4)]::operator ()() const::[lambda(long) (instance 1)]>(T1, T2, function_traits<T2>::result_type *)"
1608884,1618515,0,16,13,11938.6,9786.0,8347,40691,7855.3,9278.3,6853.0,4910,39827,8426.7,1785.6,1856.0,1030,2185,316.5,1374.0,1344.0,1280,1440,60.1,cudaLaunchKernel,"void at::native::vectorized_elementwise_kernel<(int)4, at::native::FillFunctor<int>, std::array<char *, (unsigned long)1>>(int, T2, T3)"
1608884,1618515,0,4,4,11715.8,9162.5,8204,20334,5777.8,8130.8,5360.5,4138,17664,6421.1,1937.0,2101.0,1006,2540,698.9,1648.0,1648.0,1632,1664,18.5,cudaLaunchKernel,"void lacpy_kernel<double, double, (int)5, (int)3>(long, long, const T1 *, long, long, T2 *, long, long, int, int)"
1608884,1618515,0,41753,40857,11394.9,9366.0,5698,3503666,34472.6,7149.5,5431.0,4508,3503666,33788.5,2535.0,2180.0,1,159874,6884.3,1784.0,1728.0,1568,14592,708.5,cudaLaunchKernel,"void at::native::vectorized_elementwise_kernel<(int)4, at::native::BinaryFunctor<bool, bool, bool, at::native::BitwiseOrFunctor<bool>>, std::array<char *, (unsigned long)3>>(int, T2, T3)"
1608884,1618515,0,123109,120579,11389.6,9940.0,6111,2217227,28848.9,7023.8,5470.0,4519,2215081,28952.7,2183.2,2198.0,0,193965,831.0,2246.2,2240.0,1632,2432,45.0,cudaLaunchKernel,"void at::native::vectorized_elementwise_kernel<(int)4, at::native::AUnaryFunctor<c10::Half, c10::Half, bool, at::native::<unnamed>::CompareEqFunctor<c10::Half>>, std::array<char *, (unsigned long)2>>(int, T2, T3)"
1608884,1618515,0,4,3,11228.0,10349.0,9505,14709,2369.7,6722.8,5405.0,4429,11652,3325.3,1766.7,1807.0,1585,1908,165.2,3240.0,3248.0,3168,3296,66.0,cuLaunchKernel,void cutlass::Kernel2<cutlass_80_tensorop_d884gemm_32x32_16x5_nn_align1>(T1::Params)
1608884,1608884,0,28688,28292,11100.4,10028.0,8698,1642920,20686.2,6056.2,4980.0,4218,1640887,20767.0,2488.2,2372.0,9,185322,1252.8,2606.2,2528.0,2304,5184,184.4,cudaLaunchKernel,"void at_cuda_detail::cub::detail::select::DeviceSelectSweepKernel<at_cuda_detail::cub::detail::select::policy_hub<long, bool, int, (bool)0, (at_cuda_detail::cub::SelectImpl)0>::Policy1000, thrust::_V_300200_SM_750_800_860_900_1000_1200::counting_iterator<long, thrust::_V_300200_SM_750_800_860_900_1000_1200::use_default, thrust::_V_300200_SM_750_800_860_900_1000_1200::use_default, thrust::_V_300200_SM_750_800_860_900_1000_1200::use_default, thrust::_V_300200_SM_750_800_860_900_1000_1200::compile_time_value<(int)1>>, thrust::_V_300200_SM_750_800_860_900_1000_1200::transform_iterator<at::native::<unnamed>::NonZeroOp<bool>, const bool *, thrust::_V_300200_SM_750_800_860_900_1000_1200::use_default, thrust::_V_300200_SM_750_800_860_900_1000_1200::use_default>, long *, int *, at_cuda_detail::cub::ScanTileState<int, (bool)1>, at_cuda_detail::cub::NullType, at_cuda_detail::cub::NullType, int, at_cuda_detail::cub::detail::select::streaming_context_t<long, (bool)1>, (at_cuda_detail::cub::SelectImpl)0>(T2, T3, T4, T5, T6, T7, T8, T9, int, T10, at_cuda_detail::cub::detail::vsmem_t)"
1608884,1618515,0,28,26,11057.0,8514.5,7919,59762,9806.4,7792.4,5300.0,3858,57840,10072.5,2120.1,2126.5,546,3856,672.5,1344.0,1344.0,1248,1696,85.3,cudaLaunchKernel,"copy_info_kernel(int, int *)"
1608884,1608884,0,28688,28140,11002.6,9741.5,8315,2351691,26255.5,7749.7,6422.0,5129,2351691,26351.1,1923.3,1956.0,8,58294,479.6,1385.6,1344.0,1184,1984,162.6,cudaLaunchKernel,"void at_cuda_detail::cub::detail::scan::DeviceCompactInitKernel<at_cuda_detail::cub::ScanTileState<int, (bool)1>, int *>(T1, int, T2)"
1608884,1618515,0,123109,120906,10836.7,9512.0,5675,2163632,26778.3,6256.9,4839.0,4058,2161528,26857.6,2365.1,2373.0,1,210496,1311.7,2272.2,2272.0,1664,2401,38.5,cudaLaunchKernel,"void at::native::vectorized_elementwise_kernel<(int)4, at::native::BinaryFunctor<c10::Half, c10::Half, bool, at::native::<unnamed>::CompareEqFunctor<c10::Half>>, std::array<char *, (unsigned long)3>>(int, T2, T3)"
1608884,1608884,0,128,118,10763.6,9786.0,9003,117277,9538.5,6995.4,5771.0,5170,116883,9861.4,2056.6,2052.5,1222,2554,192.8,1921.3,1920.0,1696,2496,109.0,cudaLaunchKernel,"void at::native::vectorized_elementwise_kernel<(int)4, at::native::BinaryFunctor<bool, bool, bool, at::native::BitwiseOrFunctor<bool>>, std::array<char *, (unsigned long)3>>(int, T2, T3)"
1608884,1618515,0,1692,1632,10046.8,9680.0,8611,196283,6613.5,6184.6,5755.5,4649,192387,6667.4,2124.5,2184.0,1,3844,387.2,1833.1,1824.0,1568,2336,141.0,cudaLaunchKernel,"void at::native::vectorized_elementwise_kernel<(int)2, at::native::CUDAFunctor_add<long>, std::array<char *, (unsigned long)3>>(int, T2, T3)"
