PID,TID,DevId,Count,QCount,TAvg (ns),TMed (ns),TMin (ns),TMax (ns),TStdDev (ns),AAvg (ns),AMed (ns),AMin (ns),AMax (ns),AStdDev (ns),QAvg (ns),QMed (ns),QMin (ns),QMax (ns),QStdDev (ns),KAvg (ns),KMed (ns),KMin (ns),KMax (ns),KStdDev (ns),API Name,Kernel Name
1950204,1953352,0,2574,2562,620520177.8,486896155.0,13231,1807048627,552815605.8,8763.2,6613.0,4680,1153718,26900.2,623413770.5,486903427.0,697,1807019232,552470592.1,4016.3,4192.0,2944,20832,930.0,cudaLaunchKernel,"void at::native::elementwise_kernel<(int)128, (int)4, void at::native::gpu_kernel_impl_nocast<at::native::direct_copy_kernel_cuda(at::TensorIteratorBase &)::[lambda() (instance 3)]::operator ()() const::[lambda() (instance 1)]::operator ()() const::[lambda(unsigned char) (instance 1)]>(at::TensorIteratorBase &, const T1 &)::[lambda(int) (instance 1)]>(int, T3)"
1950204,1952247,0,224,224,576680983.1,543006198.5,128220334,1013536873,243933424.4,13995.0,13676.0,8416,31320,4103.1,541869320.6,520967757.5,102247659,1007018974,252963064.7,34797667.5,6571504.5,769020,101994763,43002903.2,cudaLaunchKernel,ampere_sgemm_128x128_tn
1950204,1952247,0,448,448,559474843.3,525639599.5,102324194,1013580319,248812620.1,12948.7,10315.0,6222,345919,17700.4,559167408.2,525018290.0,101170552,1013494815,248887784.0,294486.4,78399.0,7680,1141659,440156.6,cudaLaunchKernel,"void at::native::reduce_kernel<(int)128, (int)4, at::native::ReduceOp<float, at::native::func_wrapper_t<float, at::native::sum_functor<float, float, float>::operator ()(at::TensorIterator &)::[lambda(float, float) (instance 1)]>, unsigned int, float, (int)4, (int)4>>(T3)"
1950204,1952247,0,672,672,556982765.2,505924111.0,12721,1013528138,253136273.5,9791.2,6286.5,4058,878294,35775.0,556949076.5,505894371.5,659,1013516394,253140113.3,23897.5,6368.0,2336,133855,36453.4,cudaLaunchKernel,"void at::native::vectorized_elementwise_kernel<(int)4, at::native::BinaryFunctor<bool, bool, bool, at::native::binary_internal::MulFunctor<bool>>, std::array<char *, (unsigned long)3>>(int, T2, T3)"
1950204,1952247,0,672,672,556978216.1,505915533.5,12536,1013535444,253142392.7,8436.0,6067.0,3987,689935,26606.0,556931803.2,505878285.0,394,1013516464,253149293.7,37976.8,12512.0,2400,196895,54621.4,cudaLaunchKernel,"void at::native::vectorized_elementwise_kernel<(int)4, at::native::BinaryFunctor<float, float, bool, at::native::<unnamed>::CompareEqFunctor<float>>, std::array<char *, (unsigned long)3>>(int, T2, T3)"
1950204,1952247,0,672,669,556965068.5,505909897.0,19793,1013513184,253129281.7,11042.7,8616.0,5490,295172,13784.5,559427445.5,515440439.0,790,1013495640,250927917.0,24046.4,11456.0,6752,98623,28473.2,cudaLaunchKernel,"void at::native::reduce_kernel<(int)512, (int)1, at::native::ReduceOp<bool, at::native::func_wrapper_t<bool, at::native::and_kernel_cuda(at::TensorIterator &)::[lambda() (instance 1)]::operator ()() const::[lambda() (instance 12)]::operator ()() const::[lambda(bool, bool) (instance 1)]>, unsigned int, bool, (int)4, (int)4>>(T3)"
1950204,1952247,0,672,672,556960392.5,505896308.5,14825,1013548529,253152083.6,9897.9,7279.0,4659,836504,32232.1,556914254.7,505857246.0,793,1013525421,253159389.7,36239.9,6240.0,2336,205886,59274.3,cudaLaunchKernel,"void at::native::vectorized_elementwise_kernel<(int)4, at::native::AUnaryFunctor<float, float, bool, at::native::<unnamed>::CompareEqFunctor<float>>, std::array<char *, (unsigned long)2>>(int, T2, T3)"
1950204,1952247,0,672,672,556951784.7,505886260.0,21669,1013560974,253160974.5,10630.6,8556.0,5129,339827,13697.2,556884633.3,505831914.5,2481,1013541170,253173556.5,56520.8,14416.0,2944,315966,87964.3,cudaLaunchKernel,"void at::native::vectorized_elementwise_kernel<(int)4, at::native::AbsFunctor<float>, std::array<char *, (unsigned long)2>>(int, T2, T3)"
1950204,1952247,0,672,669,556933624.4,505891246.0,10895,1013495230,253132715.8,10223.8,7394.0,4698,555729,22655.4,559418687.5,515413685.0,90,1013487461,250926646.9,2124.9,2048.0,1632,2912,274.1,cudaLaunchKernel,"void at::native::vectorized_elementwise_kernel<(int)4, at::native::bitwise_not_kernel_cuda(at::TensorIteratorBase &)::[lambda(bool) (instance 1)], std::array<char *, (unsigned long)2>>(int, T2, T3)"
1950204,1952247,0,672,669,556896465.6,505877198.0,12038,1013481083,253143816.1,476009.2,7153.0,4348,313327402,12086508.5,558913584.4,515382399.0,153,1013473909,251689346.5,2030.8,1984.0,1632,2656,164.6,cudaLaunchKernel,"void at::native::vectorized_elementwise_kernel<(int)4, at::native::BinaryFunctor<bool, bool, bool, at::native::logical_or_kernel_cuda(at::TensorIterator &)::[lambda() (instance 2)]::operator ()() const::[lambda() (instance 9)]::operator ()() const::[lambda(bool, bool) (instance 1)]>, std::array<char *, (unsigned long)3>>(int, T2, T3)"
1950204,1952247,0,448,439,529869804.1,479725823.5,1662852,1007034485,260872747.5,14623.1,13170.0,8296,89610,5802.8,527166888.3,451417086.0,153,1000615577,260842787.0,13278733.6,3124081.5,129024,101072883,25416738.3,cudaLaunchKernel,ampere_sgemm_128x128_nt
1950204,1952247,0,448,441,516891337.3,432744283.5,22505,996681677,267155499.3,9317.8,7419.0,4428,117334,7254.0,525034766.6,436915488.0,320,996576529,261142600.7,50970.9,27888.0,5120,368413,59582.1,cudaLaunchKernel,"void at::native::elementwise_kernel<(int)128, (int)2, void at::native::gpu_kernel_impl_nocast<at::native::<unnamed>::where_kernel_impl(at::TensorIterator &)::[lambda() (instance 1)]::operator ()() const::[lambda() (instance 3)]::operator ()() const::[lambda(bool, unsigned int, unsigned int) (instance 1)]>(at::TensorIteratorBase &, const T1 &)::[lambda(int) (instance 1)]>(int, T3)"
1950204,1952247,0,467,448,495869238.6,421863841.0,10626,996598152,280869806.5,12260.1,8255.0,4819,336161,19479.2,516862594.8,432673415.0,175,996590522,267156385.7,23413.9,1792.0,1280,905819,113407.7,cudaLaunchKernel,"void at::native::vectorized_elementwise_kernel<(int)4, at::native::FillFunctor<float>, std::array<char *, (unsigned long)1>>(int, T2, T3)"
1950204,1953352,0,7574,7419,420863727.4,389575810.0,10360,1807109645,538853186.9,10786.2,7895.0,5110,4131651,49732.1,429627012.6,474410454.0,7,1807080906,540982358.3,18220.9,4480.0,3168,665632,45307.2,cudaLaunchKernel,"void at::native::elementwise_kernel<(int)128, (int)2, void at::native::gpu_kernel_impl_nocast<at::native::CUDAFunctor_add<float>>(at::TensorIteratorBase &, const T1 &)::[lambda(int) (instance 1)]>(int, T3)"
1950204,1953352,0,20330,20290,375100126.5,384166463.5,19121,1833189777,416164479.7,373465.7,55365.5,4879,18839401,872024.0,375462058.1,384293359.0,173,1828987664,415636448.7,3343.0,3232.0,1856,115392,1957.0,cudaLaunchKernel,"void at::native::elementwise_kernel<(int)128, (int)2, void at::native::gpu_kernel_impl_nocast<at::native::direct_copy_kernel_cuda(at::TensorIteratorBase &)::[lambda() (instance 3)]::operator ()() const::[lambda() (instance 4)]::operator ()() const::[lambda(long) (instance 1)]>(at::TensorIteratorBase &, const T1 &)::[lambda(int) (instance 1)]>(int, T3)"
1950204,1953352,0,5120,5119,313768764.5,7018848.5,14140,1808075594,499171213.6,150284.8,11823.0,7103,8075354,271185.0,313675461.7,7005324.0,424,1807200262,498976465.0,4282.9,4160.0,3808,5472,424.2,cudaLaunchKernel,"void at::native::elementwise_kernel<(int)128, (int)4, void at::native::gpu_kernel_impl_nocast<at::native::direct_copy_kernel_cuda(at::TensorIteratorBase &)::[lambda() (instance 3)]::operator ()() const::[lambda() (instance 10)]::operator ()() const::[lambda(c10::Half) (instance 1)]>(at::TensorIteratorBase &, const T1 &)::[lambda(int) (instance 1)]>(int, T3)"
1950204,1952247,0,948,903,305524192.0,171691263.0,17393,1014141689,330847943.2,10690.7,8416.0,4298,182047,9857.3,320673151.2,261043788.0,76,1014015228,331699638.2,62321.9,24031.5,3456,376382,103764.2,cudaLaunchKernel,"void at::native::vectorized_elementwise_kernel<(int)4, at::native::CUDAFunctor_add<float>, std::array<char *, (unsigned long)3>>(int, T2, T3)"
1950204,1952247,0,16,16,284074584.4,264083849.0,47456238,987253058,222255831.7,290747.1,10701.0,5270,1131124,493891.1,281349739.0,261632664.0,44969207,984818778,222191767.6,2434098.3,2433072.5,2425712,2444624,7050.9,cudaLaunchKernel,"void at::native::<unnamed>::cunn_SoftMaxBackward<(int)4, c10::Half, float, float, at::native::<unnamed>::SoftMaxBackwardEpilogue>(T2 *, const T4 *, const T4 *, long)"
1950204,1953352,0,22724,22724,279654668.3,130957581.0,819234,1841665452,356521879.4,458812.4,150441.5,3427,19994672,820768.0,278990594.4,130781326.5,691102,1836528575,355653190.7,205261.5,104895.5,66208,942466,182912.7,cudaLaunchKernel,"void <unnamed>::qvq_v2_segment_grid_finalize_kernel<(int)4, (int)2, (int)16, (bool)0, __half, unsigned char>(const float *, const T5 *, const float *, const long *, const float *, const float *, const T6 *, const unsigned char *, long *, unsigned char *, float *, int, int, bool, bool)"
1950204,1953352,0,181792,181693,277921477.5,129691419.0,146328,1840741031,354279266.6,220029.4,5100.0,3217,23017852,550875.4,277116672.2,129463444.0,655,1836766857,353258101.5,735692.7,323935.5,132288,4318471,856422.4,cudaLaunchKernel,"void <unnamed>::qvq_v2_segment_grid_kernel<(int)4, (int)2, (int)16, (bool)1, (bool)0, __half, unsigned char>(const float *, const T6 *, const float *, const long *, const float *, const float *, float *, T7 *, unsigned char *, int, int, int, bool, bool)"
1950204,1953352,0,11478,11443,276765716.7,127893303.5,11851,1837330317,355323621.8,585205.6,249430.0,6373,17120997,851704.3,277022044.8,127945770.0,217,1833221112,354768575.5,3199.1,3296.0,1760,55776,1891.3,cudaLaunchKernel,"void at::native::unrolled_elementwise_kernel<at::native::direct_copy_kernel_cuda(at::TensorIteratorBase &)::[lambda() (instance 3)]::operator ()() const::[lambda() (instance 4)]::operator ()() const::[lambda(long) (instance 1)], std::array<char *, (unsigned long)2>, (int)4, TrivialOffsetCalculator<(int)1, unsigned int>, TrivialOffsetCalculator<(int)1, unsigned int>, at::native::memory::LoadWithCast<(int)1>, at::native::memory::StoreWithCast<(int)1>>(int, T1, T2, T4, T5, T6, T7)"
1950204,1953352,0,3014,3010,260239489.8,132634332.5,12481,495719663,216827413.6,15679.1,11797.5,8155,1284067,56286.0,260507515.8,132573787.0,248,495420927,216714979.5,62025.5,34975.5,2527,268001,71246.4,cudaLaunchKernel,"void gemmSN_NN_kernel<float, (int)256, (int)4, (int)2, (int)8, (int)4, (int)4, (bool)0, cublasGemvTensorStridedBatched<const float>, cublasGemvTensorStridedBatched<const float>, cublasGemvTensorStridedBatched<float>>(cublasGemmSmallNParams<T9, T10, T11, T1>)"
1950204,1952247,0,16,16,230823916.3,215784623.5,29884012,660758763,155245368.0,14003.4,12303.5,9508,27873,5447.2,224045452.1,209001652.5,23137289,654001859,155231279.6,6764460.8,6738006.0,6733589,6804660,33999.7,cudaLaunchKernel,"void at::native::<unnamed>::cunn_SoftMaxForward<(int)8, c10::Half, float, float, at::native::<unnamed>::SoftMaxForwardEpilogue>(T4 *, const T2 *, int)"
1950204,1953352,0,7668,7196,222326122.1,181431295.0,36166,460333048,141489342.7,16634.4,7344.0,5281,11841509,137624.5,235157072.8,189368177.5,1774,454340367,132778969.5,1628456.8,1228450.5,19200,6022575,1452540.5,cudaLaunchKernel,void cutlass::Kernel2<cutlass_80_simt_sgemm_grouped_128x128_8x4_align1>(T1::Params)
1950204,1953352,0,7668,7623,222303882.1,181411864.5,30849,460324624,141499973.6,14627.9,5741.0,4218,8129107,133652.0,223597912.8,182190959.0,8652,460314978,140886890.1,3551.7,3392.0,2112,202912,2356.8,cudaLaunchKernel,"<unnamed>::qvq_yaqa_feedback_epilogue_kernel(const float *, const float *, const float *, const float *, const float *, float *, int, int, int, int, int)"
1950204,1953352,0,7652,7438,221458100.8,180632745.5,34002,454523811,140242167.7,13013.7,6202.0,4248,3211519,54832.2,227405493.6,184293771.0,811,453534552,136805339.6,399687.5,308000.0,4544,1008706,338742.7,cudaLaunchKernel,"void gemmSN_NN_kernel<float, (int)128, (int)2, (int)4, (int)8, (int)4, (int)4, (bool)0, cublasGemvTensorBatched<const float>, cublasGemvTensorBatched<const float>, cublasGemvTensorBatched<float>>(cublasGemmSmallNParams<T9, T10, T11, T1>)"
1950204,1953352,0,7656,7310,221065690.6,180271960.5,45730,453816134,140127761.4,111609.1,50220.0,5701,4067499,141365.0,231067723.9,186899851.5,646,453239425,134426857.5,329791.2,257696.5,9568,1254018,347136.1,cudaLaunchKernel,ampere_sgemm_128x128_nt
1950204,1953352,0,7668,7335,220886909.8,179998472.0,18573,454511098,140402650.1,391145.0,85593.0,8466,5440014,456022.4,230504026.4,186456083.0,29298,453525915,134862441.8,1971.1,1952.0,1440,5600,141.9,cudaLaunchKernel,"<unnamed>::qvq_yaqa_update_grouped_pointers_kernel(float *, float *, const float *, const float *, const float *, float **, float **, float **, int, int, int, int, int, int)"
1950204,1953352,0,7668,7257,220769311.1,180122922.5,17544,454396466,140490796.0,25884.3,11903.0,9048,15202853,179988.6,233243005.0,188125734.0,3859,454381931,133953663.8,2217.5,2240.0,1440,75360,848.5,cudaLaunchKernel,"<unnamed>::qvq_yaqa_grouped_pointers_kernel(const float *, const float *, float *, float **, float **, float **, int, int, int, int, int, int)"
1950204,1953352,0,19336,19328,195195408.1,96209973.0,100431,1837364940,293627938.6,201774.1,9568.0,4959,9060952,642328.6,195071453.7,96093790.0,120465,1833224611,293118282.3,2889.6,2752.0,1792,29440,690.5,cudaLaunchKernel,"void at::native::elementwise_kernel<(int)128, (int)2, void at::native::gpu_kernel_impl_nocast<at::native::AUnaryFunctor<long, long, long, at::native::BitwiseAndFunctor<long>>>(at::TensorIteratorBase &, const T1 &)::[lambda(int) (instance 1)]>(int, T3)"
1950204,1952247,0,1744,1525,193221666.6,3667361.0,18369,1013740566,289069768.7,20792.0,12985.0,5260,1529234,86324.2,220865623.4,16429133.0,2,1013639014,299057796.7,70427.5,25599.5,4896,1775668,188233.3,cudaLaunchKernel,"void at::native::unrolled_elementwise_kernel<at::native::direct_copy_kernel_cuda(at::TensorIteratorBase &)::[lambda() (instance 3)]::operator ()() const::[lambda() (instance 7)]::operator ()() const::[lambda(float) (instance 1)], std::array<char *, (unsigned long)2>, (int)4, TrivialOffsetCalculator<(int)1, unsigned int>, TrivialOffsetCalculator<(int)1, unsigned int>, at::native::memory::LoadWithCast<(int)1>, at::native::memory::StoreWithCast<(int)1>>(int, T1, T2, T4, T5, T6, T7)"
1950204,1953352,0,19538,19345,192821756.6,95441617.5,12645,1807174962,289025769.4,153367.7,8376.0,5110,4873795,333787.6,194586369.5,96187853.0,159,1807156527,289727861.7,4217.7,4032.0,2528,110208,2242.2,cudaLaunchKernel,"void at::native::unrolled_elementwise_kernel<at::native::direct_copy_kernel_cuda(at::TensorIteratorBase &)::[lambda() (instance 3)]::operator ()() const::[lambda() (instance 7)]::operator ()() const::[lambda(float) (instance 1)], std::array<char *, (unsigned long)2>, (int)4, TrivialOffsetCalculator<(int)1, unsigned int>, TrivialOffsetCalculator<(int)1, unsigned int>, at::native::memory::LoadWithCast<(int)1>, at::native::memory::StoreWithCast<(int)1>>(int, T1, T2, T4, T5, T6, T7)"
1950204,1953352,0,38824,37945,192146949.2,95282555.5,9175,1833130857,290647637.5,100275.0,7735.0,3968,14978175,475762.9,196492212.0,97268605.0,22,1829003056,292226285.2,3226.6,2848.0,2080,506881,2802.4,cudaLaunchKernel,"<unnamed>::qvq_half2_codebook_norm_pack_kernel(const __half *, unsigned long *, int)"
1950204,1953352,0,19412,18865,190872607.7,94812956.0,12455,1806983581,288068981.3,22047.0,12393.0,6513,6510794,66195.2,196381621.0,97423794.0,87,1806965987,290354107.5,2737.5,2560.0,1728,10112,492.1,cudaLaunchKernel,"void at::native::roll_cuda_kernel<float>(const T1 *, T1 *, long, long, long, long, long, long)"
1950204,1953352,0,6568,6567,187823752.5,74338349.5,19022,1807120366,430938660.4,11430.5,10040.0,7725,1917483,23869.1,187810643.0,74323530.0,142,1806858118,430932661.4,30273.8,18480.0,4288,247200,37811.8,cudaLaunchKernel,"void gemmSN_NN_kernel<float, (int)128, (int)2, (int)4, (int)8, (int)4, (int)4, (bool)0, cublasGemvTensorStridedBatched<const float>, cublasGemvTensorStridedBatched<const float>, cublasGemvTensorStridedBatched<float>>(cublasGemmSmallNParams<T9, T10, T11, T1>)"
1950204,1953352,0,8802,8765,174386214.8,96950787.5,38694,457824517,155936075.0,361061.5,9298.0,4919,5860395,486902.1,174753598.9,97080581.0,22980,456732536,155400127.4,6170.1,6752.0,3168,8512,1234.0,cudaLaunchKernel,"void at::native::index_elementwise_kernel<(int)128, (int)4, void at::native::gpu_index_kernel<void at::native::index_put_kernel_impl<at::native::OpaqueType<(int)1>>(at::TensorIterator &, c10::ArrayRef<long>, c10::ArrayRef<long>)::[lambda(char *, const char *, long) (instance 1)]>(at::TensorIteratorBase &, c10::ArrayRef<long>, c10::ArrayRef<long>, const T1 &, bool)::[lambda(int) (instance 1)]>(long, T3)"
1950204,1953352,0,126,126,173087350.6,3609249.5,198023,1813386400,450582587.2,13434.9,9839.0,5731,47069,8743.7,173029809.0,3511975.5,174817,1813293499,450570111.9,44106.7,20000.0,4096,89632,37550.2,cudaLaunchKernel,"void at::native::vectorized_elementwise_kernel<(int)4, at::native::BinaryFunctor<float, float, float, at::native::binary_internal::MulFunctor<float>>, std::array<char *, (unsigned long)3>>(int, T2, T3)"
1950204,1953352,0,21991,21950,172503986.1,84067571.0,15159,1824772840,281057410.8,165891.1,9098.0,4909,19874933,638092.9,172649973.2,84238933.0,147,1820554218,280685297.0,10025.8,9248.0,4288,511391,5575.4,cudaLaunchKernel,"void at::native::index_elementwise_kernel<(int)128, (int)4, void at::native::gpu_index_kernel<void at::native::index_kernel_impl<at::native::OpaqueType<(int)2>>(at::TensorIteratorBase &, c10::ArrayRef<long>, c10::ArrayRef<long>)::[lambda(char *, const char *, long) (instance 1)]>(at::TensorIteratorBase &, c10::ArrayRef<long>, c10::ArrayRef<long>, const T1 &, bool)::[lambda(int) (instance 1)]>(long, T3)"
1950204,1953352,0,108,100,163435506.8,3572305.5,241956,1813321404,469276878.6,13102.5,10660.5,6703,52270,7076.1,172842842.9,55037.0,109,1809730980,485227841.2,3383018.3,3233998.0,231168,12677337,4165836.7,cudaLaunchKernel,ampere_sgemm_128x64_nn
1950204,1953352,0,140,140,156513118.9,3564818.0,127042,1813404552,430184460.2,15229.4,11106.5,5821,61196,9761.3,156469365.6,3506004.5,101990,1813349853,430178998.9,28523.9,12032.0,7328,156577,28301.2,cudaLaunchKernel,"void at::native::reduce_kernel<(int)512, (int)1, at::native::ReduceOp<float, at::native::func_wrapper_t<float, at::native::sum_functor<float, float, float>::operator ()(at::TensorIterator &)::[lambda(float, float) (instance 1)]>, unsigned int, float, (int)4, (int)4>>(T3)"
1950204,1953352,0,14292,13996,150080547.7,96900429.0,19131,458910977,132144306.3,227135.1,8425.0,5049,6916216,415935.6,153015593.2,98383723.0,474,457826227,131332128.1,7051.3,7008.0,3296,20448,516.2,cudaLaunchKernel,"void at::native::index_elementwise_kernel<(int)128, (int)4, void at::native::gpu_index_kernel<void at::native::index_put_kernel_impl<at::native::OpaqueType<(int)8>>(at::TensorIterator &, c10::ArrayRef<long>, c10::ArrayRef<long>)::[lambda(char *, const char *, long) (instance 1)]>(at::TensorIteratorBase &, c10::ArrayRef<long>, c10::ArrayRef<long>, const T1 &, bool)::[lambda(int) (instance 1)]>(long, T3)"
1950204,1953352,0,14292,13972,148905608.3,96365020.5,9776,460093075,131827874.6,71866.9,6683.0,4519,5699819,210575.7,152240431.4,97928621.0,264,460081062,131285571.4,2044.6,2016.0,1600,6656,212.2,cudaLaunchKernel,"void at::native::vectorized_elementwise_kernel<(int)4, at::native::bitwise_not_kernel_cuda(at::TensorIteratorBase &)::[lambda(bool) (instance 1)], std::array<char *, (unsigned long)2>>(int, T2, T3)"
1950204,1953352,0,28628,27674,148364326.4,96173990.5,8387,459113286,131533412.3,14235.0,5981.0,4017,12399732,86455.2,153462146.2,98404622.5,237,459098713,130820466.2,1993.4,1984.0,1536,7297,225.5,cudaLaunchKernel,"void at::native::vectorized_elementwise_kernel<(int)4, at::native::BinaryFunctor<bool, bool, bool, at::native::logical_or_kernel_cuda(at::TensorIterator &)::[lambda() (instance 2)]::operator ()() const::[lambda() (instance 9)]::operator ()() const::[lambda(bool, bool) (instance 1)]>, std::array<char *, (unsigned long)3>>(int, T2, T3)"
1950204,1953352,0,6,6,138650943.3,145331578.5,124748323,145866342,10761120.2,64721.7,28404.0,25950,224487,79074.6,138582797.5,145195130.5,124718917,145836548,10730860.5,3424.2,3408.5,3328,3584,94.8,cudaLaunchKernel,"void at::native::<unnamed>::CatArrayBatchedCopy_contig<at::native::<unnamed>::OpaqueType<(unsigned int)1>, unsigned int, (int)1, (int)128, (int)1>(T1 *, at::native::<unnamed>::CatArrInputTensorMetadata<T1, T2, T4, T5>, at::native::<unnamed>::TensorSizeStride<T2, (unsigned int)4>, int, T2)"
1950204,1953352,0,24750,24236,124069476.8,91062511.5,15844,459995504,111434184.9,345039.9,10681.0,5130,12927228,668558.3,126341601.4,92111278.5,718,458914607,110761397.1,6795.6,6688.0,3456,224639,2144.1,cudaLaunchKernel,"void at::native::index_elementwise_kernel<(int)128, (int)4, void at::native::gpu_index_kernel<void at::native::index_put_kernel_impl<at::native::OpaqueType<(int)4>>(at::TensorIterator &, c10::ArrayRef<long>, c10::ArrayRef<long>)::[lambda(char *, const char *, long) (instance 1)]>(at::TensorIteratorBase &, c10::ArrayRef<long>, c10::ArrayRef<long>, const T1 &, bool)::[lambda(int) (instance 1)]>(long, T3)"
1950204,1952247,0,128,119,116529008.8,1868523.5,65302,989084885,233198775.6,49177.7,13215.0,10249,1018420,176053.3,124925300.2,4362571.0,108,987867955,239473921.7,338573.8,161759.5,53696,1216600,367701.5,cuLaunchKernel,void cutlass::Kernel2<cutlass_75_tensorop_f16_s1688gemm_f16_256x128_nt_align1>(T1::Params)
1950204,1952247,0,128,120,114576912.7,1411928.5,40040,979011603,232359074.4,15381.3,13621.0,10089,61978,6658.5,121938912.5,3799878.5,0,978029072,237994208.2,243846.8,100847.5,28352,982426,301084.1,cuLaunchKernel,void cutlass::Kernel2<cutlass_75_tensorop_f16_s1688gemm_f16_64x64_nt_align1>(T1::Params)
1950204,1952247,0,48,48,114099745.4,23154752.5,3054018,977506729,235880959.2,13839.2,10495.5,6653,82797,11369.4,113505445.6,22548590.0,2476390,976689432,235864144.6,580460.6,553357.0,391358,798875,167303.0,cudaLaunchKernel,"void <unnamed>::softmax_warp_backward<float, c10::Half, float, (int)10, (bool)0, (bool)0, (int)32>(T2 *, const T1 *, const T1 *, int, int, int, const bool *)"
1950204,1952247,0,384,359,108337386.6,2431362.0,29078,1013637216,203546817.0,66149.1,16576.0,9067,9180189,521957.8,115335956.7,3685542.0,6,1013305903,208358917.3,444399.3,330047.0,18848,1194936,330517.8,cudaLaunchKernel,ampere_fp16_s16816gemm_fp16_256x128_ldg8_f2f_stages_32x3_nn
1950204,1953352,0,16,16,107854258.2,107710249.0,82847038,132520869,18919655.6,18154.4,14843.0,10670,52209,10222.1,104605393.8,104467750.0,79565701,129273802,18925355.7,3230710.0,3230982.5,3228488,3232643,1332.4,cudaLaunchKernel,ampere_sgemm_128x64_nt
1950204,1953352,0,45190,42933,106131412.0,12386.5,8436,1807141083,326231941.7,8218.6,6843.0,4238,1231536,14502.7,111696335.3,1989.0,1,1807128387,333765192.2,5613.7,3264.0,1888,710815,23950.0,cudaLaunchKernel,"void at::native::elementwise_kernel<(int)128, (int)2, void at::native::gpu_kernel_impl_nocast<at::native::direct_copy_kernel_cuda(at::TensorIteratorBase &)::[lambda() (instance 3)]::operator ()() const::[lambda() (instance 7)]::operator ()() const::[lambda(float) (instance 1)]>(at::TensorIteratorBase &, const T1 &)::[lambda(int) (instance 1)]>(int, T3)"
1950204,1952247,0,608,518,102967047.6,4624689.5,40900,996393244,225940983.3,30090.5,15925.5,9157,1903957,152889.6,120630301.8,11777117.5,91,996293688,240350836.1,163441.9,108863.5,27712,745596,179584.5,cudaLaunchKernel,ampere_fp16_s16816gemm_fp16_128x128_ldg8_f2f_stages_32x5_nn
1950204,1952247,0,256,224,97491980.7,613619.0,21261,990201710,226329652.4,22982.8,15449.0,9859,1034541,65672.5,111374826.8,1065924.0,1,990155475,238781841.1,16344.3,14192.0,8864,34752,6231.1,cudaLaunchKernel,"void at::native::reduce_kernel<(int)128, (int)4, at::native::ReduceOp<c10::Half, at::native::func_wrapper_t<c10::Half, at::native::sum_functor<c10::Half, float, c10::Half>::operator ()(at::TensorIterator &)::[lambda(float, float) (instance 1)]>, unsigned int, c10::Half, (int)4, (int)8>>(T3)"
1950204,1952247,0,256,250,97460230.7,2004200.0,42846,990267441,198648793.9,16467.3,12954.5,8186,147801,17096.6,99467116.3,2902999.5,58,989027848,200317508.2,308113.4,126511.5,31136,1245944,381782.2,cuLaunchKernel,void cutlass::Kernel2<cutlass_75_tensorop_f16_s1688gemm_f16_64x64_nn_align1>(T1::Params)
1950204,1952247,0,256,216,97434805.5,562475.5,21431,990222543,226323267.5,32569.4,14162.5,8526,1109234,134300.4,115404546.3,1112965.5,27,990129401,242176511.4,30296.0,24288.0,10848,84384,18213.6,cudaLaunchKernel,"void at::native::reduce_kernel<(int)512, (int)1, at::native::ReduceOp<c10::Half, at::native::func_wrapper_t<c10::Half, at::native::sum_functor<c10::Half, float, c10::Half>::operator ()(at::TensorIterator &)::[lambda(float, float) (instance 1)]>, unsigned int, c10::Half, (int)4, (int)8>>(T3)"
1950204,1952247,0,256,233,95701551.9,1803931.5,57671,980956482,197682850.2,28007.6,13240.0,7995,921726,109935.4,104580367.3,4694458.0,40,978952915,204629346.9,489245.6,181583.0,47424,2014035,623680.8,cuLaunchKernel,void cutlass::Kernel2<cutlass_75_tensorop_f16_s1688gemm_f16_64x64_tn_align1>(T1::Params)
1950204,1952247,0,1041,930,95664943.5,263150.0,10142,990124523,224345156.4,11886.9,9699.0,4589,429508,14764.9,107058273.1,659646.5,46,990111675,234780497.5,10392.3,3776.0,2176,728507,49250.1,cudaLaunchKernel,"void at::native::vectorized_elementwise_kernel<(int)4, at::native::FillFunctor<c10::Half>, std::array<char *, (unsigned long)1>>(int, T2, T3)"
1950204,1952247,0,1840,1716,94463179.1,555131.0,8751,1014084281,223555576.0,23522.9,8687.0,4128,6661701,277706.7,101188649.8,631802.0,21,1013947057,229964297.1,70511.2,17776.0,1792,2256914,233949.6,cudaLaunchKernel,"void at::native::vectorized_elementwise_kernel<(int)4, at::native::BinaryFunctor<float, float, float, at::native::binary_internal::MulFunctor<float>>, std::array<char *, (unsigned long)3>>(int, T2, T3)"
1950204,1952247,0,528,498,94105435.2,632216.0,17775,1013942979,223368406.6,19714.1,9267.5,5270,1207400,103316.1,99727426.2,691276.5,51,1013880061,228764984.6,24810.6,22256.0,9120,60543,11525.2,cudaLaunchKernel,"void at::native::reduce_kernel<(int)512, (int)1, at::native::ReduceOp<float, at::native::func_wrapper_t<float, at::native::sum_functor<float, float, float>::operator ()(at::TensorIterator &)::[lambda(float, float) (instance 1)]>, unsigned int, float, (int)4, (int)4>>(T3)"
1950204,1952247,0,528,474,94048610.6,574648.5,11166,1013907434,223352870.9,13839.8,11713.0,6984,155966,9734.4,104744980.4,736108.0,36,1013896402,233361008.3,2477.7,2560.0,1696,3136,283.7,cudaLaunchKernel,"void at::native::vectorized_elementwise_kernel<(int)4, void at::native::<unnamed>::pow_tensor_scalar_kernel_impl<float, float>(at::TensorIteratorBase &, T2)::[lambda(float) (instance 2)], std::array<char *, (unsigned long)2>>(int, T2, T3)"
1950204,1952247,0,1056,956,93988559.5,491233.5,9317,1013978400,223211177.5,10608.8,8977.0,4809,62159,5159.9,103794932.8,656105.5,0,1013888440,232417763.5,12255.7,4032.0,1856,84544,17791.1,cudaLaunchKernel,"void at::native::vectorized_elementwise_kernel<(int)4, at::native::AUnaryFunctor<float, float, float, at::native::binary_internal::MulFunctor<float>>, std::array<char *, (unsigned long)2>>(int, T2, T3)"
1950204,1952247,0,528,458,93981216.9,490149.0,18136,1013889544,223290524.1,14496.9,12679.0,7244,104278,7748.4,108303267.1,777997.0,4,1013815299,236507219.3,22264.1,17055.5,8576,65503,14308.7,cudaLaunchKernel,"void at::native::elementwise_kernel<(int)128, (int)2, void at::native::gpu_kernel_impl_nocast<at::native::BUnaryFunctor<float, float, float, at::native::binary_internal::MulFunctor<float>>>(at::TensorIteratorBase &, const T1 &)::[lambda(int) (instance 1)]>(int, T3)"
1950204,1952247,0,2560,2358,93388564.1,290913.5,10087,1014214263,219656137.4,16301.9,9407.5,4449,1698335,78851.2,101356377.6,486286.5,8,1014146524,227087644.3,13735.1,8720.0,2656,62623,13340.9,cudaLaunchKernel,"void at::native::vectorized_elementwise_kernel<(int)4, at::native::CUDAFunctor_add<c10::Half>, std::array<char *, (unsigned long)3>>(int, T2, T3)"
1950204,1953352,0,2776,2758,92220905.6,95222730.0,850721,128713027,22250668.6,9849.9,8967.0,7113,47851,3070.1,92220627.8,94732929.5,117,127874266,20934989.7,588409.4,581437.5,307167,893665,169229.2,cudaLaunchKernel,ampere_sgemm_64x32_sliced1x4_nt
1950204,1953352,0,10486,10354,87596593.0,80584719.5,12058,217984087,55610022.2,16158.6,9578.0,7043,3336065,53111.4,88695378.2,81558342.0,262,217972204,55077959.4,1596.2,1472.0,1312,30208,978.2,cudaLaunchKernel,"void at::native::vectorized_elementwise_kernel<(int)2, at::native::FillFunctor<long>, std::array<char *, (unsigned long)1>>(int, T2, T3)"
1950204,1953352,0,24560,23495,86492067.9,43812796.5,8807,459168079,124254572.8,11039.6,6903.0,5230,2459055,37236.2,90399344.4,46253640.0,3,459158469,125636384.6,1760.8,1696.0,1536,6016,174.3,cudaLaunchKernel,"void at::native::vectorized_elementwise_kernel<(int)4, void at::native::compare_scalar_kernel<float>(at::TensorIteratorBase &, at::native::<unnamed>::OpType, T1)::[lambda(float) (instance 1)], std::array<char *, (unsigned long)2>>(int, T2, T3)"
1950204,1952247,0,3072,2690,84654450.7,63829.0,11276,996453420,203439155.5,17028.8,10921.0,4399,2183059,84844.1,96634048.3,407538.0,7,996355361,214713529.8,20089.5,14511.5,3968,91040,17941.5,cudaLaunchKernel,"void at::native::elementwise_kernel<(int)128, (int)4, void at::native::gpu_kernel_impl_nocast<at::native::direct_copy_kernel_cuda(at::TensorIteratorBase &)::[lambda() (instance 3)]::operator ()() const::[lambda() (instance 10)]::operator ()() const::[lambda(c10::Half) (instance 1)]>(at::TensorIteratorBase &, const T1 &)::[lambda(int) (instance 1)]>(int, T3)"
1950204,1952247,0,576,439,83035378.5,3176389.0,46155,692018519,156773564.0,16648.7,16250.5,6353,76446,6162.4,108683871.7,16662624.0,16,691797912,171527741.0,185545.8,110239.0,34015,1211704,260019.9,cudaLaunchKernel,ampere_fp16_s16816gemm_fp16_128x128_ldg8_f2f_stages_32x5_tn
1950204,1952247,0,64,60,80026410.6,1100396.0,37941,864021632,220869586.9,17484.8,16276.0,9928,77468,9938.7,85245663.6,1097434.5,468,863808263,227218900.9,91147.5,70831.5,26048,200702,70207.2,cuLaunchKernel,void cutlass::Kernel2<cutlass_80_tensorop_f16_s16816gemm_f16_256x64_32x4_nt_align2>(T1::Params)
1950204,1952247,0,64,57,79705287.9,788910.0,92489,860947395,222990775.2,12935.9,11356.0,9588,26891,3868.8,89386651.2,795300.0,177,860848334,234628232.1,82584.5,82704.0,81023,84543,882.2,cuLaunchKernel,void cutlass::Kernel2<cutlass_80_tensorop_f16_s16816gemm_relu_f16_128x128_32x4_nn_align8>(T1::Params)
1950204,1952247,0,64,59,79387084.2,418464.5,39003,861829099,220842892.5,23418.1,16145.5,10049,222935,35787.4,85991266.1,475002.0,43,861619542,228887036.0,90843.5,70624.0,27295,196063,68381.9,cuLaunchKernel,void cutlass::Kernel2<cutlass_80_tensorop_f16_s16816gemm_f16_64x256_32x4_nt_align2>(T1::Params)
1950204,1952247,0,80,79,79086228.8,1095645.0,271374,843768231,220780799.8,15213.6,9638.5,4839,302536,35635.4,79884790.9,923881.0,115701,843597731,222011124.5,185566.6,167919.0,108992,284383,60101.5,cudaLaunchKernel,"void <unnamed>::softmax_warp_backward<float, c10::Half, float, (int)9, (bool)0, (bool)0, (int)32>(T2 *, const T1 *, const T1 *, int, int, int, const bool *)"
1950204,1952247,0,16,16,79019465.7,743174.0,365758,842063693,227850618.5,24077.7,21260.5,13626,89390,17745.7,78918150.2,610306.0,264766,841974158,227854521.4,77237.8,76688.0,74464,81152,2208.5,cuLaunchKernel,void cutlass::Kernel2<cutlass_80_tensorop_f16_s16816gemm_relu_f16_256x64_32x4_nt_align8>(T1::Params)
1950204,1952247,0,512,482,78641870.7,445180.0,14797,987961896,190994084.9,17912.6,12068.0,6753,938067,49303.1,83395590.0,529238.5,73,987209072,195772929.7,115039.4,43743.5,5664,755803,182429.0,cudaLaunchKernel,"void at::native::vectorized_elementwise_kernel<(int)4, at::native::AUnaryFunctor<c10::Half, c10::Half, c10::Half, at::native::binary_internal::MulFunctor<float>>, std::array<char *, (unsigned long)2>>(int, T2, T3)"
1950204,1952247,0,1024,853,78453114.5,33551.5,13006,990148367,190855317.6,17906.5,12043.0,6723,1129622,69420.6,94147963.2,717530.0,7,990130303,205551321.0,9627.8,7040.0,4288,42656,8088.1,cudaLaunchKernel,"void at::native::elementwise_kernel<(int)128, (int)4, void at::native::gpu_kernel_impl_nocast<at::native::neg_kernel_cuda(at::TensorIteratorBase &)::[lambda() (instance 2)]::operator ()() const::[lambda() (instance 8)]::operator ()() const::[lambda(c10::Half) (instance 1)]>(at::TensorIteratorBase &, const T1 &)::[lambda(int) (instance 1)]>(int, T3)"
1950204,1952247,0,256,255,78129979.8,702622.5,97357,831196959,182735650.2,27064.3,14222.5,8386,2819642,175472.2,78336149.8,631968.0,62495,831039719,183021641.5,72813.2,55952.0,22144,231262,51751.7,cudaLaunchKernel,"void at::native::vectorized_elementwise_kernel<(int)4, at::native::<unnamed>::silu_backward_kernel(at::TensorIteratorBase &)::[lambda() (instance 1)]::operator ()() const::[lambda() (instance 3)]::operator ()() const::[lambda(c10::Half, c10::Half) (instance 1)], std::array<char *, (unsigned long)3>>(int, T2, T3)"
1950204,1952247,0,3088,2638,78122866.8,124485.5,13637,1013684074,190479413.4,16812.8,11386.5,6132,4042231,86416.8,91405841.5,663060.5,5,1013595015,203109583.3,20760.9,14560.0,4608,91231,17608.9,cudaLaunchKernel,"void at::native::elementwise_kernel<(int)128, (int)4, void at::native::gpu_kernel_impl_nocast<at::native::BinaryFunctor<c10::Half, c10::Half, c10::Half, at::native::binary_internal::MulFunctor<float>>>(at::TensorIteratorBase &, const T1 &)::[lambda(int) (instance 1)]>(int, T3)"
1950204,1952247,0,32,27,78024068.9,38512.0,36613,837641156,223123409.0,14101.9,13395.5,11663,21911,2357.4,92427191.6,577.0,47,837601048,240771807.6,24932.0,24880.0,24288,25792,361.1,cudaLaunchKernelExC,sm80_xmma_gemm_f16f16_f16f32_f32_nn_n_tilesize160x128x32_stage4_warpsize2x2x1_tensor16x8x16_execute_kernel__5x_cublas
1950204,1952247,0,1040,938,77439552.1,260196.5,17718,1013903105,189879943.9,15887.5,9678.0,4538,1109143,68283.1,85808264.3,581119.0,19,1013800578,198121064.6,31537.5,25359.5,9056,100063,21540.8,cudaLaunchKernel,"void at::native::elementwise_kernel<(int)128, (int)2, void at::native::gpu_kernel_impl_nocast<at::native::BinaryFunctor<float, float, float, at::native::binary_internal::MulFunctor<float>>>(at::TensorIteratorBase &, const T1 &)::[lambda(int) (instance 1)]>(int, T3)"
1950204,1952247,0,192,141,77282721.8,40284.5,28199,845880997,217947794.4,14360.4,12694.5,10720,37612,4137.1,105174770.9,665.0,40,845801393,248687928.4,31448.5,23247.5,16416,66048,17331.1,cudaLaunchKernelExC,sm80_xmma_gemm_f16f16_f16f32_f32_nn_n_tilesize96x128x32_stage4_warpsize2x2x1_tensor16x8x16_execute_kernel__5x_cublas
1950204,1952247,0,48,25,77052312.4,49667.5,39654,841771501,218868508.5,16964.5,16401.5,11041,31781,4751.6,147825829.6,230600.0,207,841687393,287930620.3,43808.4,31728.0,26368,74528,19516.6,cuLaunchKernel,void cutlass::Kernel2<cutlass_80_tensorop_f16_s16816gemm_relu_f16_64x256_32x4_nt_align8>(T1::Params)
1950204,1953352,0,16100,15351,76927512.0,75080797.0,1366467,218166509,71195437.6,49353.9,4859.0,3597,2963967,200137.1,78080483.1,76751405.0,24,215384641,71119537.6,2430685.7,2758342.0,1350972,7281052,1390090.3,cudaLaunchKernel,"void <unnamed>::qvq_viterbi_kernel<(int)4, (int)2, __half, unsigned char>(const float *, const T3 *, const float *, const long *, const float *, T4 *, long *, float *, int, int, int, bool, bool, bool)"
1950204,1952247,0,96,94,76680229.5,128460.5,54420,829663842,216708172.1,13997.4,6232.5,4769,524900,53637.0,78237016.7,55562.5,11932,829566585,218732513.1,59545.7,57759.5,35040,90975,17794.6,cudaLaunchKernel,"void <unnamed>::softmax_warp_backward<float, c10::Half, float, (int)8, (bool)0, (bool)0, (int)32>(T2 *, const T1 *, const T1 *, int, int, int, const bool *)"
1950204,1952247,0,64,40,76330991.7,68104.5,31548,827834546,216458220.7,16388.5,13721.5,9779,102926,12097.5,122042873.5,648.5,56,827763579,264495295.5,38824.8,38736.0,20512,58048,18043.6,cuLaunchKernel,void cutlass::Kernel2<cutlass_80_tensorop_f16_s16816gemm_relu_f16_256x64_32x4_nn_align8>(T1::Params)
1950204,1952247,0,16,10,76225764.0,36155.5,34890,817794215,221640828.7,13683.6,11817.5,10490,24968,4620.9,121903818.4,821.0,369,817759726,275105133.1,23777.8,23775.5,23711,23999,79.5,cuLaunchKernel,void cutlass::Kernel2<cutlass_80_wmma_tensorop_f16_s161616gemm_f16_32x32_32x1_nt_align2>(T1::Params)
1950204,1952247,0,16,14,76206430.3,33319.0,28373,817657631,221595577.4,10853.9,6237.0,5080,50236,11930.8,87061126.0,9233.5,698,817634759,235880787.6,17834.0,17904.0,17056,18432,382.7,cudaLaunchKernel,"void <unnamed>::softmax_warp_backward<float, c10::Half, float, (int)7, (bool)0, (bool)0, (int)32>(T2 *, const T1 *, const T1 *, int, int, int, const bool *)"
1950204,1952247,0,16,13,76188413.6,28081.5,26647,817548241,221563025.4,14084.8,11862.5,10240,35968,6469.1,93734789.3,536.0,34,817521644,244087056.7,15681.9,15664.0,15232,16032,185.0,cuLaunchKernel,void cutlass::Kernel2<cutlass_80_tensorop_f16_s16816gemm_f16_128x64_64x3_nt_align2>(T1::Params)
1950204,1952247,0,32,17,76187443.0,50227.0,38690,821023036,217913366.7,16773.5,16171.0,11772,31129,4092.2,143324339.2,29966.0,114,820970129,285959722.8,30395.8,30080.0,25312,36672,4248.7,cudaLaunchKernel,ampere_fp16_s16816gemm_fp16_128x64_ldg8_f2f_stages_32x6_nt
1950204,1952247,0,48,48,75000907.6,19148598.5,1500589,691305256,150921780.7,14411.5,13475.5,8165,38022,4883.7,74547926.6,18807133.5,1046035,690732032,150909439.4,438569.4,425101.0,319070,574268,100601.3,cudaLaunchKernel,"void <unnamed>::softmax_warp_forward<c10::Half, float, float, (int)10, (bool)0, (bool)0, (int)32>(T2 *, const T1 *, int, int, int, const bool *, int, bool)"
1950204,1952247,0,1315,1176,73061964.1,241350.0,12928,1014170069,180985337.1,12399.0,10561.0,4479,118917,6847.7,81616304.5,468086.5,33,1014098870,189530807.6,60702.3,12256.0,4064,1476119,174713.6,cudaLaunchKernel,"void at::native::vectorized_elementwise_kernel<(int)4, at::native::float16_copy_kernel_cuda(at::TensorIteratorBase &)::[lambda(float) (instance 1)], std::array<char *, (unsigned long)2>>(int, T2, T3)"
1950204,1953352,0,30330,30081,72701895.5,67522875.0,18008,217853802,42415238.3,12321.8,9649.0,5892,4011733,37885.0,73277511.6,69227049.0,51,217836609,42068966.8,13710.3,8032.0,3968,241024,11386.9,cudaLaunchKernel,"void at::native::index_elementwise_kernel<(int)128, (int)4, void at::native::gpu_index_kernel<void at::native::index_kernel_impl<at::native::OpaqueType<(int)4>>(at::TensorIteratorBase &, c10::ArrayRef<long>, c10::ArrayRef<long>)::[lambda(char *, const char *, long) (instance 1)]>(at::TensorIteratorBase &, c10::ArrayRef<long>, c10::ArrayRef<long>, const T1 &, bool)::[lambda(int) (instance 1)]>(long, T3)"
1950204,1952247,0,112,87,72134700.6,79758.0,27080,839139415,208308805.4,13967.1,12128.0,10510,40658,4827.8,92762578.3,762.0,28,839040513,232517431.1,65107.5,44464.0,15712,168800,49218.9,cudaLaunchKernelExC,sm80_xmma_gemm_f16f16_f16f32_f32_nn_n_tilesize192x128x32_stage3_warpsize4x2x1_tensor16x8x16_execute_kernel__5x_cublas
1950204,1953352,0,29652,28278,71661461.2,19548.5,11276,459200897,117703860.1,12238.1,6873.0,4709,4439507,42614.4,75123541.7,2322.0,1,459181865,119438702.6,6953.5,7456.0,3072,12000,1600.6,cudaLaunchKernel,"void at::native::reduce_kernel<(int)512, (int)1, at::native::ReduceOp<float, at::native::func_wrapper_t<float, at::native::MaxNanFunctor<float>>, unsigned int, float, (int)4, (int)4>>(T3)"
1950204,1953352,0,59764,56664,71546818.1,992728.5,8918,1813341266,118491576.7,43674.8,9829.0,4678,5536788,149919.5,75412662.0,2400512.0,0,1813317852,120391041.7,2273.9,2080.0,1440,256575,4863.6,cudaLaunchKernel,"void at::native::vectorized_elementwise_kernel<(int)4, at::native::AbsFunctor<float>, std::array<char *, (unsigned long)2>>(int, T2, T3)"
1950204,1953352,0,30112,29079,71343179.7,2365944.5,8532,1813296919,119092446.9,10491.2,6312.0,4569,24251101,142471.2,73864393.6,2393905.0,0,1813275464,120414346.5,2294.0,2080.0,1472,165920,4487.6,cudaLaunchKernel,"void at::native::vectorized_elementwise_kernel<(int)4, at::native::AUnaryFunctor<float, float, bool, at::native::<unnamed>::CompareEqFunctor<float>>, std::array<char *, (unsigned long)2>>(int, T2, T3)"
1950204,1953352,0,30126,29144,71298618.7,2354132.5,7738,1813256105,119069809.6,8073.5,5090.0,3928,6107255,41218.2,73690308.1,2381754.0,4,1813229133,120324701.5,2339.3,2080.0,1472,165057,4530.8,cudaLaunchKernel,"void at::native::vectorized_elementwise_kernel<(int)4, at::native::BinaryFunctor<float, float, bool, at::native::<unnamed>::CompareEqFunctor<float>>, std::array<char *, (unsigned long)3>>(int, T2, T3)"
1950204,1953352,0,13376,13059,70893089.3,53866472.5,9595,1809774618,74691002.4,10310.8,6392.0,4860,1306890,28166.2,72600101.5,56730842.0,1,1809676578,74762252.4,3289.6,2208.0,1504,193152,9320.4,cudaLaunchKernel,"void at::native::vectorized_elementwise_kernel<(int)4, at::native::CUDAFunctor_add<float>, std::array<char *, (unsigned long)3>>(int, T2, T3)"
1950204,1952247,0,32,31,66638828.7,218860.5,178394,805400576,195004472.0,13000.7,11972.5,11081,23335,2918.5,68604560.7,45517.0,64,805220202,197842056.4,165234.3,165440.0,162112,169183,1745.8,cudaLaunchKernelExC,sm80_xmma_gemm_f16f16_f16f32_f32_nn_n_tilesize160x128x32_stage3_warpsize2x2x1_tensor16x8x16_execute_kernel__5x_cublas
1950204,1952247,0,64,64,65019826.6,3873693.0,524541,864161334,187301632.0,19726.5,17688.5,12714,70555,8491.5,64828447.5,3617701.5,390889,863923194,187302065.3,171652.6,170927.0,114336,231198,56335.5,cuLaunchKernel,void cutlass::Kernel2<cutlass_80_tensorop_f16_s16816gemm_f16_64x128_64x3_nn_align2>(T1::Params)
1950204,1952247,0,67,65,63958387.2,371135.0,215637,809785430,189438928.1,14533.8,12664.0,9548,40908,4896.0,65584265.5,164386.0,269,809572756,192075417.5,317375.0,201471.0,198847,3339856,552174.3,cudaLaunchKernel,ampere_fp16_s16816gemm_fp16_128x256_ldg8_f2f_stages_64x3_nn
1950204,1952247,0,128,106,61851480.1,340522.5,63473,862388362,183872964.6,15971.5,14693.0,8146,77597,8106.0,74339117.5,459400.5,59,861735025,199832353.6,273951.5,196559.0,53184,658364,242635.3,cuLaunchKernel,void cutlass::Kernel2<cutlass_80_wmma_tensorop_f16_s161616gemm_f16_32x32_32x1_tn_align2>(T1::Params)
1950204,1952247,0,32,32,61215874.3,382641.0,119918,842063789,187305681.4,23299.0,23735.0,11893,52009,7967.2,61113994.8,284321.0,13653,841973399,187308406.6,78580.5,77471.0,73631,83584,3259.7,cudaLaunchKernel,ampere_fp16_s16816gemm_fp16_64x128_sliced1x2_ldg8_f2f_stages_64x3_nn
1950204,1952247,0,768,762,61131252.4,538118.5,39798,693005827,146360726.2,13765.6,11367.0,4488,390064,15683.0,61526140.3,477235.0,46,692843453,146820349.7,72066.3,53312.0,18239,232862,52538.1,cudaLaunchKernel,"void at::native::vectorized_elementwise_kernel<(int)4, at::native::BinaryFunctor<c10::Half, c10::Half, c10::Half, at::native::binary_internal::MulFunctor<float>>, std::array<char *, (unsigned long)3>>(int, T2, T3)"
1950204,1952247,0,256,255,60887477.0,352986.0,42795,692391852,146425951.5,14917.0,13285.0,8266,57369,6194.6,61059726.0,277385.0,27309,692277845,146653715.6,51352.4,39040.0,15936,156127,35135.6,cudaLaunchKernel,"void at::native::vectorized_elementwise_kernel<(int)4, at::native::<unnamed>::silu_kernel(at::TensorIteratorBase &)::[lambda() (instance 1)]::operator ()() const::[lambda() (instance 5)]::operator ()() const::[lambda(c10::Half) (instance 1)], std::array<char *, (unsigned long)2>>(int, T2, T3)"
1950204,1952247,0,512,433,60308040.8,42528.0,14874,691941609,145852885.1,14504.9,12634.0,7174,81135,8141.2,71268086.4,352121.0,102,691877475,156127255.4,22260.5,12352.0,5344,84991,20551.3,cudaLaunchKernel,"void at::native::vectorized_elementwise_kernel<(int)4, void at::native::<unnamed>::pow_tensor_scalar_kernel_impl<float, float>(at::TensorIteratorBase &, T2)::[lambda(float) (instance 1)], std::array<char *, (unsigned long)2>>(int, T2, T3)"
1950204,1952247,0,512,440,60296512.3,36757.0,18132,691933805,145849885.5,13551.7,11752.5,6392,89120,7982.8,70126387.0,287136.0,28,691887078,155134343.0,18517.2,13568.0,9152,60704,12975.0,cudaLaunchKernel,"void at::native::reduce_kernel<(int)512, (int)1, at::native::ReduceOp<float, at::native::MeanOps<float, float, float, float>, unsigned int, float, (int)4, (int)4>>(T3)"
1950204,1952247,0,512,434,60267468.2,22167.5,10379,691889406,145842840.2,13848.5,10941.0,6282,609913,27256.1,71080069.7,286701.5,25,691875536,155980991.2,2337.4,2336.0,1823,2944,205.5,cudaLaunchKernel,"void at::native::vectorized_elementwise_kernel<(int)4, at::native::CUDAFunctorOnSelf_add<float>, std::array<char *, (unsigned long)2>>(int, T2, T3)"
1950204,1952247,0,512,448,60250306.6,21514.0,9287,691861854,145836598.5,10884.7,9252.5,5270,51739,5686.7,68842661.2,227566.5,36,691850448,154012172.6,2253.2,2272.0,1823,2592,110.1,cudaLaunchKernel,"void at::native::vectorized_elementwise_kernel<(int)4, at::native::rsqrt_kernel_cuda(at::TensorIteratorBase &)::[lambda() (instance 2)]::operator ()() const::[lambda() (instance 2)]::operator ()() const::[lambda(float) (instance 1)], std::array<char *, (unsigned long)2>>(int, T2, T3)"
1950204,1952247,0,64,34,60232587.0,118195.5,43724,841808446,183723189.0,17559.7,16736.5,9007,38504,5909.9,113221031.8,9126.5,26,841695171,241348548.3,67732.1,67535.5,32192,105631,34762.0,cuLaunchKernel,void cutlass::Kernel2<cutlass_80_tensorop_f16_s16816gemm_relu_f16_128x128_32x5_tn_align8>(T1::Params)
1950204,1952247,0,64,47,60019933.0,260399.0,37819,827662047,182686371.5,16290.2,14672.5,9869,52880,6565.8,81540421.2,87478.0,39,827614480,209542889.5,122823.4,112543.5,27104,245055,97087.4,cuLaunchKernel,void cutlass::Kernel2<cutlass_80_tensorop_f16_s16816gemm_relu_f16_128x128_32x5_nn_align8>(T1::Params)
1950204,1952247,0,768,681,59805780.0,78683.5,13363,690807726,145381708.3,11992.3,9573.0,5391,443395,17680.5,67322567.9,82009.0,15,690150093,152682983.9,98056.3,23680.0,5216,1597142,247414.3,cudaLaunchKernel,"void at::native::elementwise_kernel<(int)128, (int)4, void at::native::gpu_kernel_impl_nocast<at::native::CUDAFunctor_add<c10::Half>>(at::TensorIteratorBase &, const T1 &)::[lambda(int) (instance 1)]>(int, T3)"
1950204,1952247,0,512,422,59689017.4,46426.5,16838,689596486,145357300.5,12461.2,10545.0,5711,72518,6883.7,72367715.9,2265.0,22,689496771,157228983.4,30245.1,21487.5,8128,134815,26776.8,cudaLaunchKernel,"void at::native::<unnamed>::CatArrayBatchedCopy<at::native::<unnamed>::OpaqueType<(unsigned int)2>, unsigned int, (int)4, (int)64, (int)64>(T1 *, at::native::<unnamed>::CatArrInputTensorMetadata<T1, T2, T4, T5>, at::native::<unnamed>::TensorSizeStride<T2, (unsigned int)4>, int, T2)"
1950204,1952247,0,64,56,59493625.7,48005.5,37845,822988848,181843065.9,12274.5,11116.0,7864,43463,5639.1,67941587.8,1151.5,608,822951036,193103626.1,33303.8,33056.0,27744,39776,5351.7,cuLaunchKernel,void cutlass::Kernel2<cutlass_80_tensorop_f16_s16816gemm_f16_64x64_32x6_nn_align2>(T1::Params)
1950204,1952247,0,32,26,59136679.6,33542.5,31626,817765403,182330928.6,13064.4,11577.0,8376,31129,5281.0,72742199.4,1028.5,159,817724729,200477207.0,21605.9,21632.0,21152,22016,304.9,cuLaunchKernel,void cutlass::Kernel2<cutlass_80_wmma_tensorop_f16_s161616gemm_f16_32x32_64x1_tn_align2>(T1::Params)
1950204,1952247,0,32,28,59108676.0,34851.0,31536,817521558,182263165.5,11763.5,11366.5,8346,23314,3382.6,67514720.5,1159.5,149,817490826,193779907.5,22186.0,22176.0,21376,22592,254.6,cuLaunchKernel,void cutlass::Kernel2<cutlass_80_wmma_tensorop_f16_s161616gemm_f16_32x32_64x1_nn_align2>(T1::Params)
1950204,1952247,0,64,31,59057817.6,45810.0,35616,820965381,180672165.2,16323.9,15890.5,9307,29245,4410.5,121835321.7,915.0,25,820913010,246250702.4,28641.9,28528.0,25056,35328,2898.5,cuLaunchKernel,void cutlass::Kernel2<cutlass_80_tensorop_f16_s16816gemm_relu_f16_64x256_32x4_nn_align8>(T1::Params)
1950204,1952247,0,32,19,58777783.1,51190.5,48189,814133382,181250415.5,20826.0,15544.5,9929,153122,24777.3,98902421.9,711.0,32,814078158,228874435.7,36681.8,36560.0,35328,37760,802.2,cudaLaunchKernel,ampere_fp16_s16816gemm_fp16_64x64_ldg8_f2f_tn
1950204,1952247,0,224,201,57301783.9,2770452.5,286525,692965100,143015066.7,19403.1,16336.0,10480,151740,13528.2,63309162.6,4134739.0,60,692226485,149618238.7,473906.2,439997.5,274174,727100,149354.0,cudaLaunchKernel,ampere_fp16_s16816gemm_fp16_128x256_ldg8_f2f_stages_64x3_tn
1950204,1952247,0,64,60,53613908.8,8762665.5,45494,602752064,142074834.2,13197.3,13476.0,9087,21591,2886.9,57128091.8,10039822.0,414,602683919,146103277.4,43172.2,42479.5,34240,53536,8204.5,cuLaunchKernel,void cutlass::Kernel2<cutlass_80_tensorop_f16_s16816gemm_relu_f16_128x128_32x4_tn_align8>(T1::Params)
1950204,1952247,0,189,148,53317579.2,485611.0,177202,828596325,165813081.3,18788.2,16723.0,10180,81244,7869.6,67212930.5,467230.5,17,828177294,184984309.7,667130.4,224799.0,163104,15953850,1739407.1,cudaLaunchKernel,ampere_fp16_s16816gemm_fp16_256x128_ldg8_f2f_stages_64x3_nn
1950204,1950204,0,37,36,52216130.2,2834249.0,919197,241340357,76836340.5,186838.8,11853.0,6753,6362832,1043581.6,49905243.3,1278208.0,270734,234598535,75320980.2,3473041.7,1519970.0,634337,6809748,2948480.6,cudaLaunchKernel,"void at::native::<unnamed>::cunn_SoftMaxForward<(int)8, c10::Half, float, float, at::native::<unnamed>::SoftMaxForwardEpilogue>(T4 *, const T2 *, int)"
1950204,1953352,0,3040,3035,47826587.4,47013368.0,1425316,121495482,18265096.7,9707.9,8376.0,6622,642384,12817.4,47744768.8,46934073.0,500594,108135747,18108997.9,150658.3,70945.0,20768,13406141,691074.1,cuLaunchKernel,void cutlass::Kernel2<cutlass_80_simt_sgemm_128x32_8x5_nt_align1>(T1::Params)
1950204,1953352,0,45505,43653,47199755.7,9942.0,8156,1813222097,102576587.9,7722.8,5079.0,3927,6287929,49122.9,49191943.1,2329.0,1,1809536689,104252095.4,2218.1,2176.0,1504,104928,2144.3,cudaLaunchKernel,"void at::native::vectorized_elementwise_kernel<(int)4, at::native::BinaryFunctor<bool, bool, bool, at::native::binary_internal::MulFunctor<bool>>, std::array<char *, (unsigned long)3>>(int, T2, T3)"
1950204,1952247,0,32,29,44462582.8,413592.5,97881,561911069,139423700.5,14565.5,13621.0,11973,26160,2650.7,48952409.1,319587.0,24,561810409,145907672.2,85107.6,85056.0,84224,86080,433.9,cudaLaunchKernelExC,sm80_xmma_gemm_f16f16_f16f32_f32_tn_n_tilesize128x128x32_stage4_warpsize2x2x1_tensor16x8x16_execute_kernel__5x_cublas
1950204,1953352,0,64,63,44039637.3,3006176.5,39421,145972848,56269784.6,13344.5,10615.0,7614,42180,6385.7,44627523.1,2984573.0,1366146,145640135,56337458.1,96103.0,21536.0,20928,327584,130328.2,cudaLaunchKernel,"std::enable_if<!T7, void>::type internal::gemvx::kernel<int, int, float, float, float, float, (bool)0, (bool)1, (bool)1, (bool)0, (int)7, (bool)0, cublasGemvParamsEx<int, cublasGemvTensorStridedBatched<const float>, cublasGemvTensorStridedBatched<const float>, cublasGemvTensorStridedBatched<float>, float>>(T13)"
1950204,1952247,0,80,79,43633264.5,389853.0,114345,561597781,136989843.5,13536.3,12233.0,7053,29757,5428.4,44040463.7,255426.0,47955,561464882,137775982.8,129780.1,123823.5,85279,185663,34442.4,cudaLaunchKernel,"void <unnamed>::softmax_warp_forward<c10::Half, float, float, (int)9, (bool)0, (bool)0, (int)32>(T2 *, const T1 *, int, int, int, const bool *, int, bool)"
1950204,1952247,0,32,28,43137776.3,114296.0,84136,555615102,138102803.6,16943.5,13676.0,12604,61507,10994.5,49200540.8,37005.5,85,555530709,146916299.5,70894.7,70943.0,70495,71200,165.8,cudaLaunchKernelExC,sm80_xmma_gemm_f16f16_f16f32_f32_tn_n_tilesize160x128x32_stage4_warpsize2x2x1_tensor16x8x16_execute_kernel__5x_cublas
1950204,1952247,0,96,65,42961321.2,45090.0,42380,555535149,135925491.8,16448.7,13876.5,11061,56938,7171.9,63382457.3,905.0,3,555490704,161577442.6,30611.2,30559.5,30112,31584,264.7,cudaLaunchKernel,ampere_fp16_s16816gemm_fp16_128x128_ldg8_f2f_stages_64x3_tn
1950204,1952247,0,160,136,42682423.4,248832.0,175795,561803612,134503505.7,15034.9,11847.5,9698,177177,13695.7,49937375.1,69317.5,42,561458187,144673473.5,222133.8,221118.5,164319,338878,62007.9,cudaLaunchKernel,ampere_fp16_s16816gemm_fp16_256x128_ldg8_f2f_stages_64x3_tn
1950204,1952247,0,96,77,42477021.2,59228.5,56422,552555978,135100226.7,15514.4,13320.5,11732,62479,6608.8,52876594.2,556.0,4,552463514,149178895.7,50919.2,44223.5,43839,65567,9660.3,cudaLaunchKernelExC,sm80_xmma_gemm_f16f16_f16f32_f32_tn_n_tilesize96x128x32_stage4_warpsize2x2x1_tensor16x8x16_execute_kernel__5x_cublas
1950204,1952247,0,32,29,42364852.5,67955.5,66123,546946283,135950378.1,12379.0,11563.0,10119,17654,1987.7,46672601.7,879.0,29,546876727,142306469.3,55477.8,55472.0,55231,55743,155.0,cudaLaunchKernel,ampere_fp16_s16816gemm_fp16_256x128_ldg8_f2f_stages_32x3_tn
1950204,1952247,0,96,91,42269866.7,77237.5,36654,551986461,134496253.6,10283.8,8176.0,6041,32201,4968.3,44533472.5,19329.0,508,551916798,137803125.3,45753.8,44880.0,28031,63071,12177.3,cudaLaunchKernel,"void <unnamed>::softmax_warp_forward<c10::Half, float, float, (int)8, (bool)0, (bool)0, (int)32>(T2 *, const T1 *, int, int, int, const bool *, int, bool)"
1950204,1952247,0,192,143,42258827.7,31670.0,28717,548495099,134031265.6,14214.0,12183.0,9348,67518,5621.4,56695930.0,953.0,2,548463362,152764826.6,18525.6,18208.0,17760,20352,695.1,cudaLaunchKernel,ampere_fp16_s16816gemm_fp16_128x64_ldg8_f2f_stages_64x4_tn
1950204,1952247,0,32,25,42098869.6,59008.0,57576,545047480,135507962.9,15002.1,13250.0,11351,31690,4923.6,53809884.9,600.0,15,544987927,151850014.3,45398.7,45375.5,44960,46048,283.6,cudaLaunchKernelExC,sm80_xmma_gemm_f16f16_f16f32_f32_tn_n_tilesize192x128x32_stage3_warpsize4x2x1_tensor16x8x16_execute_kernel__5x_cublas
1950204,1952247,0,16,16,42039163.3,27676.0,26979,544313805,137686329.9,8316.6,7129.0,6513,14157,2278.9,42012748.8,2027.5,494,544289340,137686927.1,18097.9,18096.0,17823,18304,127.7,cudaLaunchKernel,"void <unnamed>::softmax_warp_forward<c10::Half, float, float, (int)7, (bool)0, (bool)0, (int)32>(T2 *, const T1 *, int, int, int, const bool *, int, bool)"
1950204,1953352,0,53038,50768,40436199.0,16359.0,8981,460142431,95006375.5,9163.6,6692.0,4379,2988824,26886.7,42228045.2,2134.0,2,460122788,96711187.8,6519.9,7232.0,2528,90720,2576.3,cudaLaunchKernel,"void at::native::reduce_kernel<(int)512, (int)1, at::native::ReduceOp<bool, at::native::func_wrapper_t<bool, at::native::and_kernel_cuda(at::TensorIterator &)::[lambda() (instance 1)]::operator ()() const::[lambda() (instance 12)]::operator ()() const::[lambda(bool, bool) (instance 1)]>, unsigned int, bool, (int)4, (int)4>>(T3)"
1950204,1953352,0,16,16,35909099.4,17847985.0,551996,99544926,35576897.7,11977.1,7078.0,4358,61197,14215.9,35881048.3,17836033.0,541449,99529629,35585619.9,16074.1,4992.0,4000,165313,39933.7,cudaLaunchKernel,"void gemmSN_NN_kernel<float, (int)256, (int)4, (int)2, (int)8, (int)4, (int)4, (bool)0, cublasGemvTensorBatched<const float>, cublasGemvTensorBatched<const float>, cublasGemvTensorBatched<float>>(cublasGemmSmallNParams<T9, T10, T11, T1>)"
1950204,1953352,0,264,248,31762830.3,25690919.0,251073,74476858,21575977.2,10638.0,9508.0,7614,33654,3369.1,33720035.5,29514397.5,19,74417072,20701301.9,75883.9,47135.5,38688,245376,70910.5,cudaLaunchKernel,ampere_sgemm_32x32_sliced1x4_nt
1950204,1953352,0,76,76,30472451.8,16306313.5,1087070,132367162,34152847.4,37817.1,16286.0,6793,182999,43130.6,30432978.2,16270703.5,1000297,132347781,34146011.3,1656.4,1536.0,1408,3488,368.9,cudaLaunchKernel,"void at::native::unrolled_elementwise_kernel<at::native::AUnaryFunctor<long, long, long, at::native::BitwiseAndFunctor<long>>, std::array<char *, (unsigned long)2>, (int)4, TrivialOffsetCalculator<(int)1, unsigned int>, TrivialOffsetCalculator<(int)1, unsigned int>, at::native::memory::LoadWithoutCast, at::native::memory::StoreWithoutCast>(int, T1, T2, T4, T5, T6, T7)"
1950204,1953352,0,128,128,28439525.0,18827033.5,382779,78313645,26795258.6,11242.9,9628.5,7504,26330,3985.3,28398971.1,18773963.0,340923,78265416,26794900.4,29311.0,29216.0,19392,40064,6830.9,cudaLaunchKernel,ampere_sgemm_128x32_nt
1950204,1950204,0,764,718,23842903.2,1302275.0,44609,247092565,49912398.7,13103.8,11432.0,8506,104238,5516.2,25113080.3,2105825.0,19,245910073,50967299.4,228938.8,138623.0,34112,1219640,285448.3,cudaLaunchKernel,ampere_fp16_s16816gemm_fp16_128x128_ldg8_f2f_stages_32x5_tn
1950204,1953352,0,4,4,15794300.8,15857690.5,15577175,15884647,145802.0,18650.5,18615.5,11352,26019,7251.6,3079938.5,3144025.5,2855766,3175937,151034.2,12695711.8,12696371.5,12692320,12697784,2491.0,cudaLaunchKernel,ampere_sgemm_128x64_tn
1950204,1953352,0,12,11,15781815.8,16230888.5,12899599,17135711,1480209.0,21444.1,14192.0,7985,99038,24720.4,2988209.4,3278326.0,462,4228014,1153781.6,13021185.3,12893536.0,12886743,13473374,230260.2,cuLaunchKernel,void cutlass::Kernel2<cutlass_80_simt_sgemm_128x64_8x5_nn_align1>(T1::Params)
1950204,1953352,0,364,358,14019858.5,2518340.5,233394,488650788,70652699.2,11398.6,10450.0,6953,26641,3275.7,13989406.6,2486045.5,87,487756790,71131116.0,249675.1,39136.0,15488,887837,361164.6,cudaLaunchKernel,ampere_sgemm_128x32_nn
1950204,1953352,0,4,2,13233825.8,13215102.0,12896687,13608412,328483.4,25729.3,26936.5,15450,33594,7548.1,595438.5,595438.5,474733,716144,170703.4,12913823.5,12888325.0,12876818,13001826,59646.6,cuLaunchKernel,void cutlass::Kernel2<cutlass_80_simt_sgemm_64x128_8x5_nt_align1>(T1::Params)
1950204,1950204,0,16,16,12408126.3,10607140.5,3684420,29398652,7042074.6,15022.3,10074.0,7504,48132,10717.2,9431948.2,7683602.5,2838107,23329841,5743799.4,2961155.8,2356612.5,836445,7523664,1885838.6,cudaLaunchKernel,"void at::native::<unnamed>::cunn_SoftMaxForward<(int)4, float, float, float, at::native::<unnamed>::LogSoftMaxForwardEpilogue>(T4 *, const T2 *, int)"
1950204,1950204,0,16,15,12111923.2,9729105.5,3627982,29324149,7070901.3,561701.4,10620.5,6573,8799934,2196869.4,12315885.1,10257267.0,3617132,29303164,7260271.3,4280.0,4320.0,3616,4640,271.9,cudaLaunchKernel,"void at::native::<unnamed>::nll_loss_forward_no_reduce_cuda_kernel<float, long>(long, torch::headeronly::detail::GenericPackedTensorAccessor<torch::headeronly::detail::TensorAccessor<c10::ArrayRef<long>, T1, (unsigned long)1, torch::headeronly::DefaultPtrTraits, long>, at::detail::IndexBoundsCheck<(unsigned long)2, long>, T1, (unsigned long)2, torch::headeronly::DefaultPtrTraits, long>, const T2 *, T1 *, const T1 *, long, long)"
1950204,1950204,0,16,16,11479032.4,9648087.0,36458,29245957,7631118.8,12900.8,10079.5,7534,34676,7250.4,11464315.7,9635322.0,150,29236260,7633583.8,1816.0,1824.0,1632,2080,119.4,cudaLaunchKernel,"void at::native::vectorized_elementwise_kernel<(int)4, at::native::AbsFunctor<float>, std::array<char *, (unsigned long)2>>(int, T2, T3)"
1950204,1950204,0,16,16,11438049.1,9607524.0,36127,29209752,7628402.1,11151.1,8611.0,5581,34145,7369.0,11425272.1,9596269.0,350,29200404,7631847.1,1626.0,1632.0,1536,1696,42.5,cudaLaunchKernel,"void at::native::vectorized_elementwise_kernel<(int)4, at::native::BinaryFunctor<float, float, bool, at::native::<unnamed>::CompareEqFunctor<float>>, std::array<char *, (unsigned long)3>>(int, T2, T3)"
1950204,1953352,0,8,8,11210703.9,11205277.0,11162020,11272748,38587.8,22337.5,12028.0,6022,92336,28612.4,7762223.3,7763484.5,7666746,7834401,55369.6,3426143.1,3424822.5,3423174,3430583,2929.8,cudaLaunchKernel,ampere_sgemm_128x64_lower_nt
1950204,1952247,0,4,4,9322951.3,9089008.5,6650354,12463434,2511709.9,14906.0,12368.5,8296,26591,8054.9,9303797.3,9072240.0,6620339,12450370,2518164.3,4248.0,4400.0,3424,4768,577.4,cudaLaunchKernel,"void at_cuda_detail::cub::detail::reduce::DeviceReduceKernel<at_cuda_detail::cub::detail::reduce::policy_hub<int, unsigned long long, cuda::std::__4::plus<void>>::Policy1000, thrust::_V_300200_SM_750_800_860_900_1000_1200::transform_iterator<at::native::<unnamed>::NonZeroOp<bool>, const bool *, thrust::_V_300200_SM_750_800_860_900_1000_1200::use_default, thrust::_V_300200_SM_750_800_860_900_1000_1200::use_default>, unsigned long long, cuda::std::__4::plus<void>, int, cuda::std::__4::identity>(T2, T5 *, T3, at_cuda_detail::cub::GridEvenShare<T3>, T4, T6)"
1950204,1950204,0,297,276,9309441.1,1362136.0,48471,90827406,16331444.3,18446.6,12023.0,8767,1063586,61420.6,9371792.9,1270854.5,60,79418831,16377881.8,582148.1,409246.0,36640,11395450,1129576.5,cudaLaunchKernel,ampere_fp16_s16816gemm_fp16_128x256_ldg8_f2f_stages_64x3_tn
1950204,1952247,0,4,4,9306849.3,9075489.0,6621613,12454806,2519637.7,10112.3,10851.0,7645,11102,1658.8,9294233.0,9062014.0,6608047,12444857,2521075.1,2504.0,2528.0,2304,2656,155.4,cudaLaunchKernel,"void at_cuda_detail::cub::detail::reduce::DeviceReduceSingleTileKernel<at_cuda_detail::cub::detail::reduce::policy_hub<int, unsigned long long, cuda::std::__4::plus<void>>::Policy1000, int *, int *, int, cuda::std::__4::plus<void>, int, int, cuda::std::__4::identity>(T2, T3, T4, T5, T6, T8)"
1950204,1950204,0,19,18,8722543.1,7033293.0,1855066,20007651,5684014.2,126353.4,15940.0,4188,2153593,490957.5,8401997.1,6445449.5,898656,19248748,5562307.4,636481.4,637981.0,233727,1047770,227547.1,cudaLaunchKernel,"void at::native::reduce_kernel<(int)512, (int)1, at::native::ReduceOp<float, at::native::ArgMaxOps<float>, unsigned int, long, (int)4, (int)4>>(T3)"
1950204,1950204,0,35,35,8247136.7,6811365.0,18692,29277086,6400308.4,13256.7,9578.0,3908,86706,13642.9,7903576.9,5977326.0,539,29263101,6523746.2,330303.1,279423.0,3840,997210,344813.8,cudaLaunchKernel,"void at::native::reduce_kernel<(int)512, (int)1, at::native::ReduceOp<float, at::native::func_wrapper_t<float, at::native::sum_functor<float, float, float>::operator ()(at::TensorIterator &)::[lambda(float, float) (instance 1)]>, unsigned int, float, (int)4, (int)4>>(T3)"
1950204,1950204,0,32,32,8242642.8,6540603.0,11805,29223338,6569000.2,10832.8,8551.0,5500,37221,6667.8,8229478.9,6528909.0,98,29214998,6571740.0,2331.0,2336.0,1696,3008,449.6,cudaLaunchKernel,"void at::native::vectorized_elementwise_kernel<(int)4, at::native::AUnaryFunctor<float, float, bool, at::native::<unnamed>::CompareEqFunctor<float>>, std::array<char *, (unsigned long)2>>(int, T2, T3)"
1950204,1950204,0,19,18,8215538.4,6476550.0,2294861,18509337,4764021.9,134787.3,9328.0,4188,2357220,538209.7,6679398.3,4823014.5,1701446,16376938,4455341.2,1753139.0,1775734.0,584829,2929807,664471.5,cudaLaunchKernel,"void at::native::vectorized_elementwise_kernel<(int)4, at::native::BinaryFunctor<float, float, float, at::native::binary_internal::DivFunctor<float>>, std::array<char *, (unsigned long)3>>(int, T2, T3)"
1950204,1950204,0,32,32,8027066.4,5832574.5,11574,29193970,6592967.5,11620.3,8731.5,4850,41499,8018.1,7727497.7,5484257.5,1473,29184847,6701032.9,287948.5,81280.0,1792,1461079,386919.0,cudaLaunchKernel,"void at::native::vectorized_elementwise_kernel<(int)4, at::native::BinaryFunctor<bool, bool, bool, at::native::binary_internal::MulFunctor<bool>>, std::array<char *, (unsigned long)3>>(int, T2, T3)"
1950204,1950204,0,64,55,6527100.2,467395.5,47416,26408322,8624142.1,12926.7,11131.0,9237,27673,4146.2,7530345.0,2944914.0,84,26344080,8861539.0,42852.2,41919.5,34208,53408,8326.1,cuLaunchKernel,void cutlass::Kernel2<cutlass_80_tensorop_f16_s16816gemm_relu_f16_128x128_32x4_tn_align8>(T1::Params)
1950204,1950204,0,19,18,6249614.7,4792957.0,1727239,14284655,3850427.5,139265.7,11291.0,4519,2397678,546968.4,5573734.4,4078626.0,1253117,13243374,3726931.6,830056.9,864347.0,270591,1391768,323965.1,cudaLaunchKernel,"void at::native::<unnamed>::distribution_elementwise_grid_stride_kernel<float, (int)4, void at::native::templates::cuda::uniform_and_transform<float, float, at::CUDAGeneratorImpl *, void at::native::templates::cuda::exponential_kernel<at::CUDAGeneratorImpl *>(at::TensorIteratorBase &, double, T1)::[lambda() (instance 1)]::operator ()() const::[lambda() (instance 2)]::operator ()() const::[lambda(float) (instance 1)]>(at::TensorIteratorBase &, T3, T4)::[lambda(curandStatePhilox4_32_10 *) (instance 2)], void at::native::<unnamed>::distribution_nullary_kernel<float, float, float4, at::CUDAGeneratorImpl *, void at::native::templates::cuda::uniform_and_transform<float, float, at::CUDAGeneratorImpl *, void at::native::templates::cuda::exponential_kernel<at::CUDAGeneratorImpl *>(at::TensorIteratorBase &, double, T1)::[lambda() (instance 1)]::operator ()() const::[lambda() (instance 2)]::operator ()() const::[lambda(float) (instance 1)]>(at::TensorIteratorBase &, T3, T4)::[lambda(curandStatePhilox4_32_10 *) (instance 2)], void at::native::templates::cuda::exponential_kernel<at::CUDAGeneratorImpl *>(at::TensorIteratorBase &, double, T1)::[lambda() (instance 1)]::operator ()() const::[lambda() (instance 2)]::operator ()() const::[lambda(float) (instance 1)]>(at::TensorIteratorBase &, T4, const T5 &, T6)::[lambda(int, float) (instance 1)]>(long, at::PhiloxCudaState, T3, T4)"
1950204,1950204,0,492,458,5730702.5,36603.0,21188,243494728,26419678.3,12227.6,10660.0,8747,62650,4614.7,6032206.9,1356.0,85,242244315,27138294.1,103580.3,25408.0,10752,1247064,231982.8,cuLaunchKernel,void cutlass::Kernel2<cutlass_75_tensorop_f16_s1688gemm_f16_64x64_nn_align1>(T1::Params)
1950204,1953352,0,316,316,5507183.5,6823749.0,2199767,7011939,2022208.4,11941.5,10204.5,8035,54424,5166.6,5432181.4,6738436.0,2174742,6882960,1986916.5,63060.6,50496.0,9024,139296,51085.0,cuLaunchKernel,void cutlass::Kernel2<cutlass_80_simt_sgemm_128x32_8x5_nn_align1>(T1::Params)
1950204,1950204,0,19,18,5230776.3,4186944.0,1434605,10981192,3037545.1,425927.2,11983.0,5831,7768340,1778111.8,4422795.7,3414223.0,878969,10239302,2887945.2,614969.2,620157.0,225055,1013978,221532.8,cudaLaunchKernel,"void at::native::reduce_kernel<(int)512, (int)1, at::native::ReduceOp<float, at::native::MinMaxOps<float, float, int>, unsigned int, float, (int)4, (int)4>>(T3)"
1950204,1953352,0,44,44,5191354.3,1699767.5,195515,17308944,7005607.3,20772.3,15690.0,8637,146229,21651.4,5168556.6,1687194.0,162825,17278738,6995357.7,2025.5,2064.0,1408,2624,326.8,cudaLaunchKernel,"void at::native::vectorized_elementwise_kernel<(int)4, at::native::FillFunctor<bool>, std::array<char *, (unsigned long)1>>(int, T2, T3)"
1950204,1950204,0,640,632,5178558.1,80926.5,13208,246029133,23784480.9,10635.9,8567.0,6492,67669,5933.0,5199977.2,64855.0,668,245786194,23894306.7,33006.4,10416.0,3264,231103,45469.1,cudaLaunchKernel,"void at::native::vectorized_elementwise_kernel<(int)4, at::native::BinaryFunctor<c10::Half, c10::Half, c10::Half, at::native::binary_internal::MulFunctor<float>>, std::array<char *, (unsigned long)3>>(int, T2, T3)"
1950204,1950204,0,1280,1221,5111274.4,19080.0,11460,247086103,23685190.5,10665.3,8456.5,6392,520191,15305.0,5337878.2,2579.0,7,247020784,24215578.7,8920.6,4496.0,2560,61311,10393.3,cudaLaunchKernel,"void at::native::vectorized_elementwise_kernel<(int)4, at::native::CUDAFunctor_add<c10::Half>, std::array<char *, (unsigned long)3>>(int, T2, T3)"
1950204,1953352,0,44,44,4992239.0,1565288.5,36113,17078539,6915439.0,22952.0,14628.0,7554,235749,34543.6,4967297.2,1549137.5,271,17058449,6903468.0,1989.8,1968.0,1760,2592,186.4,cudaLaunchKernel,"void at::native::vectorized_elementwise_kernel<(int)4, void at::native::compare_scalar_kernel<c10::Half>(at::TensorIteratorBase &, at::native::<unnamed>::OpType, T1)::[lambda(c10::Half) (instance 1)], std::array<char *, (unsigned long)2>>(int, T2, T3)"
1950204,1950204,0,16,16,4975343.4,3962569.0,1489413,12284515,2994454.4,13401.0,8917.0,6001,45807,10461.0,4959904.4,3942086.0,1481332,12264375,2994799.0,2038.0,2064.0,1824,2208,106.3,cudaLaunchKernel,"void at::native::vectorized_elementwise_kernel<(int)4, at::native::bitwise_not_kernel_cuda(at::TensorIteratorBase &)::[lambda(bool) (instance 1)], std::array<char *, (unsigned long)2>>(int, T2, T3)"
1950204,1950204,0,541,493,4773205.2,41952.0,17133,232446642,23667497.6,11956.1,10550.0,8567,60946,4520.3,5068092.5,999.0,0,230441675,24439274.6,143244.6,30240.0,6464,2016819,362564.0,cuLaunchKernel,void cutlass::Kernel2<cutlass_75_tensorop_f16_s1688gemm_f16_64x64_tn_align1>(T1::Params)
1950204,1950204,0,32,32,4673428.6,3798283.5,1371959,12267240,2826828.1,10860.3,8270.5,4188,36831,8167.4,4659041.2,3782937.0,1361768,12258027,2827509.2,3527.0,3552.0,3264,3840,155.2,cudaLaunchKernel,"void at::native::_assert_async_cuda_kernel<bool>(const T1 *, at::native::Msg)"
1950204,1950204,0,244,244,4640648.1,135862.0,56683,76711227,12431863.1,8657.0,6823.0,5511,124637,8404.9,4495212.2,62160.0,1387,76120431,12302434.4,136778.9,62496.0,42592,584637,158292.1,cudaLaunchKernel,"void <unnamed>::softmax_warp_forward<c10::Half, float, float, (int)10, (bool)0, (bool)0, (int)32>(T2 *, const T1 *, int, int, int, const bool *, int, bool)"
1950204,1953352,0,1042,1039,4600690.7,2531696.0,41785,523161123,31731292.6,13029.0,10475.0,7555,1114784,37135.9,4354880.8,2483252.0,215,509430109,30903256.4,245324.8,39248.0,17632,14022229,1652353.1,cudaLaunchKernel,ampere_sgemm_128x32_sliced1x4_nn
1950204,1950204,0,16,16,4578818.7,3627661.0,1272096,11245867,2901867.2,16897.2,11507.0,8196,49494,11792.5,1575248.0,1225262.5,422313,3601894,992507.2,2986673.5,2374676.0,840445,7594479,1908890.4,cudaLaunchKernel,"void at::native::<unnamed>::cunn_SoftMaxForward<(int)4, float, float, float, at::native::<unnamed>::SoftMaxForwardEpilogue>(T4 *, const T2 *, int)"
1950204,1950204,0,32,32,4445783.9,3655567.0,1395735,10953771,2671649.4,13012.9,9483.0,4719,48783,11694.5,4430387.9,3644002.5,1388331,10940266,2670958.4,2383.0,2384.0,2144,2656,139.6,cudaLaunchKernel,"void at::native::vectorized_elementwise_kernel<(int)4, void at::native::compare_scalar_kernel<float>(at::TensorIteratorBase &, at::native::<unnamed>::OpType, T1)::[lambda(float) (instance 1)], std::array<char *, (unsigned long)2>>(int, T2, T3)"
1950204,1953352,0,278,278,4422741.1,1123738.0,20822,124929138,16835386.7,12000.0,10790.5,8186,77287,5328.8,4300875.4,1103013.0,371,121401402,16268435.0,109865.7,11008.0,7392,3523176,576291.6,cudaLaunchKernel,ampere_sgemm_64x32_sliced1x4_nn
1950204,1950204,0,16,16,4407396.3,3627792.0,1382143,10914485,2713707.0,13031.1,8792.0,6061,33604,8889.8,4392363.1,3615937.0,1374066,10897433,2713232.9,2002.0,2016.0,1728,2144,108.3,cudaLaunchKernel,"void at::native::vectorized_elementwise_kernel<(int)4, at::native::BinaryFunctor<bool, bool, bool, at::native::BitwiseAndFunctor<bool>>, std::array<char *, (unsigned long)3>>(int, T2, T3)"
1950204,1950204,0,46,28,4308835.3,29110.5,14892,29342050,7176076.5,18553.8,16131.0,8025,50746,9569.0,7035898.8,5540368.0,10,29322449,8114753.3,8128.0,1984.0,1312,111296,22398.2,cudaLaunchKernel,"void at::native::vectorized_elementwise_kernel<(int)4, at::native::FillFunctor<float>, std::array<char *, (unsigned long)1>>(int, T2, T3)"
1950204,1953352,0,28,21,4166084.0,18613.5,11937,19774812,8086288.3,14614.3,9944.0,6843,83168,14478.8,5531065.4,3136.0,44,19756216,8959714.9,3675.4,3344.0,3168,5120,705.3,cudaLaunchKernel,"void at::native::elementwise_kernel<(int)128, (int)2, void at::native::gpu_kernel_impl_nocast<at::native::AbsFunctor<float>>(at::TensorIteratorBase &, const T1 &)::[lambda(int) (instance 1)]>(int, T3)"
1950204,1952247,0,16,12,3891080.4,1530266.0,490832,36323522,8703872.3,1981968.5,15645.0,7364,31381926,7840011.0,1358.3,1401.5,225,2296,674.9,1911471.4,1511528.5,475934,4960864,1270972.7,cudaLaunchKernel,"void <unnamed>::indexing_backward_kernel<c10::Half, (int)4>(const long *, const long *, const T1 *, T1 *, long, long, long, long, bool)"
1950204,1953352,0,2122,2120,3870693.9,2508123.5,15095,145974465,12107041.4,6800.5,5210.0,4198,477089,11884.4,3863660.5,2499447.0,4116,145953174,12110503.2,3875.0,3360.0,2496,16416,2153.9,cudaLaunchKernelExC,"void cublasLt::splitKreduce_kernel<(int)32, (int)16, int, float, float, float, float, (bool)0, float, float, float, (bool)1, (bool)0, (bool)0, (bool)0>(cublasLt::cublasSplitKParams<T6>, const T4 *, const T10 *, T9 *, T5 *, const T6 *, const T6 *, const T11 *, const T4 *, T11 *, void *, long, T6 *, int *, T6 *, T6 *, const T6 *, const T6 *, const T6 *, const T6 *, const T6 *)"
1950204,1953352,0,52,48,3834007.4,940214.0,26912,13510955,4846851.5,9512.5,7214.0,3998,25308,5257.4,1954775.9,2551.0,507,11250784,4173187.9,2020322.8,926335.0,16544,7296732,2336027.7,cudaLaunchKernel,"void kernel<getrf_wo_pivot_params_<float, (int)0, (int)256, (int)1, (int)64, (int)64, (int)68, (int)8, (int)1, (int)1>>(int, int, void *, int, void *, int, int, int, int, int, int *)"
1950204,1950204,0,16,16,3625191.6,3049794.0,1060343,8799587,2114555.0,17227.1,11917.0,8877,40527,10440.1,3052165.4,2436881.5,882729,7658411,1881654.7,555799.1,446430.0,156223,1407639,350979.2,cudaLaunchKernel,"void at::native::vectorized_elementwise_kernel<(int)4, at::native::AUnaryFunctor<c10::Half, c10::Half, bool, at::native::<unnamed>::CompareEqFunctor<c10::Half>>, std::array<char *, (unsigned long)2>>(int, T2, T3)"
1950204,1950204,0,896,859,3618560.0,48040.5,12832,244788458,20070700.0,15879.4,9578.0,6973,3463097,117091.5,3736416.2,32257.0,53,244617249,20465309.9,20800.0,9104.0,3488,155999,27203.2,cudaLaunchKernel,"void at::native::vectorized_elementwise_kernel<(int)4, at::native::<unnamed>::silu_kernel(at::TensorIteratorBase &)::[lambda() (instance 1)]::operator ()() const::[lambda() (instance 5)]::operator ()() const::[lambda(c10::Half) (instance 1)], std::array<char *, (unsigned long)2>>(int, T2, T3)"
1950204,1953352,0,24,17,3610809.0,1027755.0,10197,15244005,5010412.7,38383.5,30302.0,5039,153513,33605.7,5038432.4,3057867.0,1370,15190452,5310237.5,4622.6,4704.0,2912,6176,896.0,cudaLaunchKernel,"void at::native::<unnamed>::CatArrayBatchedCopy_vectorized<at::native::<unnamed>::OpaqueType<(unsigned int)2>, unsigned int, (int)1, (int)128, (int)1, (int)16, (int)8>(char *, at::native::<unnamed>::CatArrInputTensorMetadata<T1, T2, T4, T5>, at::native::<unnamed>::TensorSizeStride<T2, (unsigned int)4>, int, T2)"
1950204,1950204,0,16,15,3494638.0,2742033.5,934995,7805275,2173325.8,394465.2,15560.0,9979,6031581,1503272.1,2567592.5,2071943.0,731672,6276281,1559479.2,693150.3,549213.0,192352,1775221,445168.3,cudaLaunchKernel,"void at::native::vectorized_elementwise_kernel<(int)4, at::native::AbsFunctor<c10::Half>, std::array<char *, (unsigned long)2>>(int, T2, T3)"
1950204,1952247,0,16,14,3455746.9,2767425.5,867247,9065464,2316500.1,22822.1,20935.0,9227,50096,10848.3,452047.0,319051.0,90926,1304506,380895.6,3037503.2,2425892.0,850300,7710862,1933373.7,cudaLaunchKernel,"void at::native::<unnamed>::cunn_SoftMaxBackward<(int)4, float, float, float, at::native::<unnamed>::LogSoftMaxBackwardEpilogue>(T2 *, const T4 *, const T4 *, long)"
1950204,1953352,0,44,43,3308401.6,962015.0,13547,14332981,5228150.4,56963.1,8516.5,6352,1980503,296830.2,3139740.9,902637.0,1126,13490566,4977313.7,183114.3,46880.0,2272,836063,308098.5,cudaLaunchKernel,"void at::native::triu_tril_kernel<float, int, (bool)0, (int)2, (bool)1>(at::cuda::detail::TensorInfo<T1, T2>, at::cuda::detail::TensorInfo<const T1, T2>, long, long, T2)"
1950204,1953352,0,2560,2560,3255404.4,2672859.0,479730,7161115,1958313.3,8928.0,7474.0,5991,627825,13542.4,3244107.1,2663131.0,437504,7147220,1957258.1,2369.2,2176.0,2016,3296,437.3,cudaLaunchKernel,"void at::native::elementwise_kernel<(int)128, (int)2, void at::native::gpu_kernel_impl_nocast<at::native::BUnaryFunctor<long, long, long, at::native::rshift_kernel_cuda(at::TensorIteratorBase &)::[lambda() (instance 1)]::operator ()() const::[lambda() (instance 4)]::operator ()() const::[lambda(long, long) (instance 1)]>>(at::TensorIteratorBase &, const T1 &)::[lambda(int) (instance 1)]>(int, T3)"
1950204,1953352,0,2616,2597,3178903.7,2654468.5,16088,7137901,1984511.7,7491.6,6086.5,4819,622497,12850.5,3192062.2,2646371.0,509,7129653,1973972.6,2565.4,1792.0,1664,72608,6671.3,cudaLaunchKernel,"void at::native::vectorized_elementwise_kernel<(int)4, at::native::BinaryFunctor<long, long, bool, at::native::<unnamed>::CompareEqFunctor<long>>, std::array<char *, (unsigned long)3>>(int, T2, T3)"
1950204,1950204,0,3712,3403,3161411.8,17148.0,12575,243506466,18489286.9,11397.4,9107.0,6663,2233695,37788.3,3422807.0,1412.0,5,243404428,19274066.9,12501.3,6016.0,4096,91007,14873.8,cudaLaunchKernel,"void at::native::elementwise_kernel<(int)128, (int)4, void at::native::gpu_kernel_impl_nocast<at::native::direct_copy_kernel_cuda(at::TensorIteratorBase &)::[lambda() (instance 3)]::operator ()() const::[lambda() (instance 10)]::operator ()() const::[lambda(c10::Half) (instance 1)]>(at::TensorIteratorBase &, const T1 &)::[lambda(int) (instance 1)]>(int, T3)"
1950204,1953352,0,2560,2560,3152016.0,2586143.0,13833,6992057,1943106.3,8270.1,6657.5,5310,541722,14040.6,3138228.4,2573401.5,766,6979623,1942683.3,5517.6,5696.0,4352,6368,503.0,cudaLaunchKernel,"void at::native::unrolled_elementwise_kernel<at::native::CUDAFunctor_add<float>, std::array<char *, (unsigned long)3>, (int)4, TrivialOffsetCalculator<(int)2, unsigned int>, TrivialOffsetCalculator<(int)1, unsigned int>, at::native::memory::LoadWithCast<(int)2>, at::native::memory::StoreWithCast<(int)1>>(int, T1, T2, T4, T5, T6, T7)"
1950204,1952247,0,12,12,3097606.3,2827399.5,1083362,5095324,1278107.1,12616.6,11727.0,6423,22292,4836.4,3080528.4,2809980.5,1068682,5074168,1276256.6,4461.3,4496.0,3872,5024,367.7,cudaLaunchKernel,"void at_cuda_detail::cub::detail::reduce::DeviceReduceSingleTileKernel<at_cuda_detail::cub::detail::reduce::policy_hub<int, unsigned long long, cuda::std::__4::plus<void>>::Policy1000, thrust::_V_300200_SM_750_800_860_900_1000_1200::transform_iterator<at::native::<unnamed>::NonZeroOp<bool>, const bool *, thrust::_V_300200_SM_750_800_860_900_1000_1200::use_default, thrust::_V_300200_SM_750_800_860_900_1000_1200::use_default>, int *, unsigned long long, cuda::std::__4::plus<void>, int, int, cuda::std::__4::identity>(T2, T3, T4, T5, T6, T8)"
1950204,1950204,0,16,12,3003431.9,2341700.5,818089,8001863,2021081.1,22572.3,13145.0,9208,94279,22760.6,1633.2,1587.5,656,2229,471.0,2981927.4,2313460.5,805244,7909453,2008695.8,cudaLaunchKernel,"void at::native::index_elementwise_kernel<(int)128, (int)4, void at::native::gpu_index_kernel<void at::native::index_kernel_impl<at::native::OpaqueType<(int)2>>(at::TensorIteratorBase &, c10::ArrayRef<long>, c10::ArrayRef<long>)::[lambda(char *, const char *, long) (instance 1)]>(at::TensorIteratorBase &, c10::ArrayRef<long>, c10::ArrayRef<long>, const T1 &, bool)::[lambda(int) (instance 1)]>(long, T3)"
1950204,1950204,0,2320,2159,2798292.5,18085.5,16087,247154940,17767773.3,11972.8,7084.0,5650,3797384,97035.8,2982508.3,1926.0,10,247088323,18395697.6,11277.0,9248.0,8032,60064,7120.2,cudaLaunchKernel,"void at::native::reduce_kernel<(int)512, (int)1, at::native::ReduceOp<float, at::native::MeanOps<float, float, float, float>, unsigned int, float, (int)4, (int)4>>(T3)"
1950204,1950204,0,2320,2155,2798007.0,12621.5,10119,247134425,17767592.5,13222.1,7083.0,5320,9399527,195333.3,2989915.7,1826.0,23,247046276,18408144.2,7749.3,3616.0,2368,78943,12100.0,cudaLaunchKernel,"void at::native::vectorized_elementwise_kernel<(int)4, void at::native::<unnamed>::pow_tensor_scalar_kernel_impl<float, float>(at::TensorIteratorBase &, T2)::[lambda(float) (instance 1)], std::array<char *, (unsigned long)2>>(int, T2, T3)"
1950204,1950204,0,2320,2158,2787233.3,10052.0,8669,247089971,17761846.0,15447.2,5942.0,4709,17353090,360408.0,2977784.2,2062.0,68,247063644,18396880.1,2057.3,2048.0,1664,2656,172.7,cudaLaunchKernel,"void at::native::vectorized_elementwise_kernel<(int)4, at::native::rsqrt_kernel_cuda(at::TensorIteratorBase &)::[lambda() (instance 2)]::operator ()() const::[lambda() (instance 2)]::operator ()() const::[lambda(float) (instance 1)], std::array<char *, (unsigned long)2>>(int, T2, T3)"
1950204,1950204,0,2320,2151,2783828.8,10825.5,9037,247117207,17763120.7,9114.4,7123.0,5521,676519,15178.4,2990673.0,1783.0,21,247103735,18429876.5,2015.7,1952.0,1568,3103,238.6,cudaLaunchKernel,"void at::native::vectorized_elementwise_kernel<(int)4, at::native::CUDAFunctorOnSelf_add<float>, std::array<char *, (unsigned long)2>>(int, T2, T3)"
1950204,1950204,0,2320,2146,2780325.5,13959.0,10744,247124412,17759998.9,8343.3,6292.0,4789,557472,12336.6,2985097.6,1934.0,23,247019869,18436928.0,11095.1,5472.0,3617,91840,14498.0,cudaLaunchKernel,"void at::native::elementwise_kernel<(int)128, (int)2, void at::native::gpu_kernel_impl_nocast<at::native::BinaryFunctor<float, float, float, at::native::binary_internal::MulFunctor<float>>>(at::TensorIteratorBase &, const T1 &)::[lambda(int) (instance 1)]>(int, T3)"
1950204,1953352,0,86,78,2722513.5,11580.5,8958,19941486,6755996.7,9331.2,7770.0,5310,26611,4160.9,2968296.2,1771.0,485,19927321,6994894.7,21189.2,1760.0,1440,252768,63467.2,cudaLaunchKernel,"void at::native::vectorized_elementwise_kernel<(int)4, at::native::AUnaryFunctor<float, float, float, at::native::binary_internal::MulFunctor<float>>, std::array<char *, (unsigned long)2>>(int, T2, T3)"
1950204,1950204,0,32,25,2600675.5,1700721.0,14319,11617009,3145673.2,162570.9,11913.0,8607,4751512,837409.7,2916833.6,2542468.0,391,10973057,3067611.3,159773.2,54559.5,2944,779931,206859.9,cudaLaunchKernel,"void at::native::reduce_kernel<(int)512, (int)1, at::native::ReduceOp<bool, at::native::func_wrapper_t<bool, at::native::and_kernel_cuda(at::TensorIterator &)::[lambda() (instance 1)]::operator ()() const::[lambda() (instance 12)]::operator ()() const::[lambda(bool, bool) (instance 1)]>, unsigned int, bool, (int)4, (int)4>>(T3)"
1950204,1950204,0,6928,6391,2578210.1,14668.0,10887,247173609,16815254.6,8744.1,6677.5,4509,613679,14408.7,2775952.2,2027.0,8,247081791,17482825.2,9044.8,5504.0,3872,91135,10776.6,cudaLaunchKernel,"void at::native::elementwise_kernel<(int)128, (int)4, void at::native::gpu_kernel_impl_nocast<at::native::BinaryFunctor<c10::Half, c10::Half, c10::Half, at::native::binary_internal::MulFunctor<float>>>(at::TensorIteratorBase &, const T1 &)::[lambda(int) (instance 1)]>(int, T3)"
1950204,1950204,0,3760,3394,2568926.0,13951.5,8847,247138292,16995630.9,9345.0,7324.0,4628,310843,8423.4,2812915.7,1848.5,0,247059322,17821545.6,20720.3,3872.0,1888,1141944,86108.3,cudaLaunchKernel,"void at::native::vectorized_elementwise_kernel<(int)4, at::native::float16_copy_kernel_cuda(at::TensorIteratorBase &)::[lambda(float) (instance 1)], std::array<char *, (unsigned long)2>>(int, T2, T3)"
1950204,1950204,0,1152,1079,2557437.3,18008.0,11273,233131459,16579822.7,10508.2,8817.0,7073,115370,5579.5,2681943.1,1591.0,64,232363912,17037033.6,35187.3,6368.0,1888,755612,98749.2,cudaLaunchKernel,"void at::native::vectorized_elementwise_kernel<(int)4, at::native::AUnaryFunctor<c10::Half, c10::Half, c10::Half, at::native::binary_internal::MulFunctor<float>>, std::array<char *, (unsigned long)2>>(int, T2, T3)"
1950204,1950204,0,3456,3223,2523911.7,15331.0,10755,234673624,16460695.0,7975.7,6061.0,4548,2025799,34569.2,2664153.2,2075.0,0,233064827,16967662.0,31755.1,6560.0,3968,1598069,125158.5,cudaLaunchKernel,"void at::native::elementwise_kernel<(int)128, (int)4, void at::native::gpu_kernel_impl_nocast<at::native::CUDAFunctor_add<c10::Half>>(at::TensorIteratorBase &, const T1 &)::[lambda(int) (instance 1)]>(int, T3)"
1950204,1950204,0,2304,2114,2481614.7,17741.5,13162,230683411,16320224.4,8525.1,6773.0,5049,509901,11883.4,2681287.0,1997.0,14,230634149,17011098.1,13440.2,8576.0,5568,135871,15748.0,cudaLaunchKernel,"void at::native::<unnamed>::CatArrayBatchedCopy<at::native::<unnamed>::OpaqueType<(unsigned int)2>, unsigned int, (int)4, (int)64, (int)64>(T1 *, at::native::<unnamed>::CatArrInputTensorMetadata<T1, T2, T4, T5>, at::native::<unnamed>::TensorSizeStride<T2, (unsigned int)4>, int, T2)"
1950204,1950204,0,2304,2099,2478564.5,13492.5,11275,230682976,16316253.9,11891.8,7525.0,5551,5372856,112460.4,2701879.9,1634.0,6,230661121,17072571.9,5509.3,4352.0,3488,42624,4516.3,cudaLaunchKernel,"void at::native::elementwise_kernel<(int)128, (int)4, void at::native::gpu_kernel_impl_nocast<at::native::neg_kernel_cuda(at::TensorIteratorBase &)::[lambda() (instance 2)]::operator ()() const::[lambda() (instance 8)]::operator ()() const::[lambda(c10::Half) (instance 1)]>(at::TensorIteratorBase &, const T1 &)::[lambda(int) (instance 1)]>(int, T3)"
1950204,1950204,0,254,227,2390695.6,1948523.5,454598,6755392,1338561.2,14766.5,8606.5,7363,1272124,79279.2,1297.0,1330.0,418,3311,393.1,2375552.5,1914131.0,445377,6743249,1342155.5,cudaLaunchKernel,ampere_sgemm_128x64_nt
1950204,1953352,0,8588,8057,2267555.1,12874.5,11506,131113560,10472394.6,9864.5,7294.0,5961,7032227,77984.3,2399925.5,1638.0,32,131093618,10786295.3,6343.0,4032.0,3968,181024,10543.5,cudaLaunchKernel,ampere_sgemm_32x128_nt
1950204,1950204,0,381,332,1753949.6,181438.0,95067,263412386,14126893.0,13054.1,11311.0,8465,225910,11604.4,1667908.4,10445.0,24,245972901,14198208.7,288551.2,165727.0,84704,17413616,977692.1,cudaLaunchKernel,ampere_fp16_s16816gemm_fp16_256x128_ldg8_f2f_stages_64x3_tn
1950204,1953352,0,22,21,1711805.7,272830.0,14135,16643801,4824801.1,11237.8,9884.0,6853,25930,4394.0,1362295.2,189719.0,405,12801903,3795686.9,400287.3,71760.5,3840,3826248,1106134.3,cudaLaunchKernel,ampere_sgemm_32x128_tn
1950204,1953352,0,126,107,1699674.2,23710.0,9552,18973397,4382771.4,17453.3,11682.0,6372,250568,23441.3,1930679.4,1155.0,35,18705252,4624349.3,43019.2,11584.0,1600,259680,73876.6,cudaLaunchKernel,"void at::native::vectorized_elementwise_kernel<(int)4, at::native::BUnaryFunctor<float, float, float, at::native::binary_internal::MulFunctor<float>>, std::array<char *, (unsigned long)2>>(int, T2, T3)"
1950204,1953352,0,42,40,1667580.6,199937.5,12911,5277807,2157054.2,14214.9,10620.5,6131,49194,9226.1,1260668.4,229551.5,200,3972664,1621576.6,452784.4,87984.0,4640,1298979,553334.4,cudaLaunchKernel,"void at::native::reduce_kernel<(int)512, (int)1, at::native::ReduceOp<long, at::native::func_wrapper_t<long, at::native::sum_functor<long, long, long>::operator ()(at::TensorIterator &)::[lambda(long, long) (instance 1)]>, unsigned int, long, (int)4, (int)4>>(T3)"
1950204,1950204,0,4294,3639,1577351.4,19095.5,12718,247099173,13149152.4,13222.7,11331.5,4188,532344,13245.6,1820421.6,961.0,0,246989750,14252813.1,21880.6,6208.0,2048,2356723,139814.0,cudaLaunchKernel,"void at::native::unrolled_elementwise_kernel<at::native::direct_copy_kernel_cuda(at::TensorIteratorBase &)::[lambda() (instance 3)]::operator ()() const::[lambda() (instance 7)]::operator ()() const::[lambda(float) (instance 1)], std::array<char *, (unsigned long)2>, (int)4, TrivialOffsetCalculator<(int)1, unsigned int>, TrivialOffsetCalculator<(int)1, unsigned int>, at::native::memory::LoadWithCast<(int)1>, at::native::memory::StoreWithCast<(int)1>>(int, T1, T2, T4, T5, T6, T7)"
1950204,1953352,0,26,19,1533795.7,894859.0,11312,14260546,3771204.0,21160.2,15810.0,7154,128104,22766.1,2067144.7,896507.0,688,14243777,4308155.4,2251.1,2256.0,1952,2912,240.8,cudaLaunchKernel,"void at::native::unrolled_elementwise_kernel<at::native::direct_copy_kernel_cuda(at::TensorIteratorBase &)::[lambda() (instance 3)]::operator ()() const::[lambda() (instance 11)]::operator ()() const::[lambda(bool) (instance 1)], std::array<char *, (unsigned long)2>, (int)4, TrivialOffsetCalculator<(int)1, unsigned int>, TrivialOffsetCalculator<(int)1, unsigned int>, at::native::memory::LoadWithCast<(int)1>, at::native::memory::StoreWithCast<(int)1>>(int, T1, T2, T4, T5, T6, T7)"
1950204,1953352,0,24,24,1520421.8,1737049.5,288368,1839656,550484.2,17392.8,12499.0,7735,111523,20593.1,693625.9,794941.0,142726,855041,242180.6,809403.1,933935.0,131615,995900,307810.5,cudaLaunchKernel,ampere_sgemm_128x32_tn
1950204,1950204,0,263,245,1283577.2,36312.0,20252,33114173,4958699.7,12625.9,10570.0,9037,103537,7161.2,1314606.8,1267.0,143,32866251,5078719.1,46750.9,25728.0,9568,249953,63885.4,cuLaunchKernel,void cutlass::Kernel2<cutlass_80_tensorop_f16_s16816gemm_f16_64x128_64x3_nn_align2>(T1::Params)
1950204,1953352,0,2,1,1135843.5,1135843.5,21021,2250666,1576597.1,1126391.0,1126391.0,9408,2243374,1579652.5,1277.0,1277.0,1277,1277,0.0,10272.0,10272.0,10208,10336,90.5,cudaLaunchKernel,"void steqr_ker<stedc_params_<float2, float, (int)8, (int)16, (int)128>, float, (int)0>(long, T1::data_type *, T1::data_type *, T2 *, long, int *, int *, long, long, T1::data_type, T1::data_type, int *, int)"
1950204,1953352,0,334,334,1015550.0,1111081.0,233022,2490526,336145.0,11969.1,11026.0,8566,23144,2951.2,985403.6,1091039.0,127413,2470361,357661.3,18177.3,9728.0,6016,90752,25866.2,cudaLaunchKernel,ampere_sgemm_32x32_sliced1x4_nn
1950204,1953352,0,140,107,1004299.7,31655.5,11226,16652962,3337730.9,12596.6,10369.5,5390,63681,8203.7,1209583.1,1804.0,5,16587269,3678566.9,68097.2,18400.0,3392,662592,129021.3,cudaLaunchKernel,"void at::native::elementwise_kernel<(int)128, (int)2, void at::native::gpu_kernel_impl_nocast<at::native::BinaryFunctor<float, float, float, at::native::binary_internal::MulFunctor<float>>>(at::TensorIteratorBase &, const T1 &)::[lambda(int) (instance 1)]>(int, T3)"
1950204,1953352,0,192,135,1003741.0,19332.0,9785,17510624,3546913.1,15433.4,11336.0,5380,129326,13707.8,1376570.2,1552.0,14,17344751,4139433.5,21115.0,7296.0,1312,113440,34426.4,cudaLaunchKernel,"void at::native::vectorized_elementwise_kernel<(int)4, at::native::FillFunctor<float>, std::array<char *, (unsigned long)1>>(int, T2, T3)"
1950204,1953352,0,4,3,970102.0,8572.0,7528,3855736,1923756.2,967500.8,5144.5,3978,3855736,1925490.4,2220.3,2302.0,2032,2327,163.6,1272.0,1248.0,1248,1344,48.0,cudaLaunchKernel,"xx_set_info_ker(int, int *, int)"
1950204,1953352,0,56,44,942255.5,101900.5,11445,3999701,1487927.0,11716.4,9147.0,6042,69282,9575.3,825114.5,58271.0,25,2945637,1161129.4,282658.0,67392.0,3424,1052418,413059.0,cudaLaunchKernel,"void at::native::elementwise_kernel<(int)128, (int)2, void at::native::gpu_kernel_impl_nocast<at::native::BinaryFunctor<long, long, long, at::native::lshift_kernel_cuda(at::TensorIteratorBase &)::[lambda() (instance 1)]::operator ()() const::[lambda() (instance 4)]::operator ()() const::[lambda(long, long) (instance 1)]>>(at::TensorIteratorBase &, const T1 &)::[lambda(int) (instance 1)]>(int, T3)"
1950204,1953352,0,116,94,938935.2,22044.5,10466,15277775,2625705.3,14066.4,10405.0,5481,114659,15145.8,1136702.5,22834.5,42,15254325,2876403.2,4068.1,4064.0,3168,6592,672.8,cudaLaunchKernel,"void at::native::elementwise_kernel<(int)128, (int)2, void at::native::gpu_kernel_impl_nocast<at::native::CUDAFunctorOnSelf_add<float>>(at::TensorIteratorBase &, const T1 &)::[lambda(int) (instance 1)]>(int, T3)"
1950204,1953352,0,140,112,857892.3,19670.0,11600,19744116,3926170.8,12793.3,9828.5,5641,67849,9638.1,1043959.7,1677.5,31,19727326,4370123.7,10482.5,7456.0,3104,49760,9613.1,cudaLaunchKernel,"void at::native::reduce_kernel<(int)512, (int)1, at::native::ReduceOp<float, at::native::MeanOps<float, float, float, float>, unsigned int, float, (int)4, (int)4>>(T3)"
1950204,1950204,0,72,69,820508.5,28741.0,20903,7066305,1787398.1,13356.1,11542.0,9879,29416,4173.8,810939.9,1043.0,0,6972658,1794481.6,30171.0,16432.0,9856,86335,27945.9,cudaLaunchKernel,ampere_fp16_s16816gemm_fp16_64x128_sliced1x2_ldg8_f2f_stages_64x3_nn
1950204,1950204,0,7,7,801505.4,802098.0,793902,807562,4372.5,19955.0,15730.0,10179,49925,13778.6,171479.3,173108.0,143829,187174,13818.2,610071.1,609953.0,609793,610686,301.3,cudaLaunchKernel,"void at::native::<unnamed>::cunn_SoftMaxForwardSmem<(int)8, c10::Half, float, float, at::native::<unnamed>::SoftMaxForwardEpilogue, long>(T4 *, const T2 *, T6)"
1950204,1950204,0,16,0,773662.3,49274.0,37637,11608164,2889220.2,773630.7,49274.0,37171,11608164,2889228.7,,,,,0.0,4744.0,4784.0,4320,5184,234.1,cudaLaunchKernel,"void at::native::unrolled_elementwise_kernel<at::native::AUnaryFunctor<long, long, bool, at::native::<unnamed>::CompareEqFunctor<long>>, std::array<char *, (unsigned long)2>, (int)4, TrivialOffsetCalculator<(int)1, unsigned int>, TrivialOffsetCalculator<(int)1, unsigned int>, at::native::memory::LoadWithCast<(int)1>, at::native::memory::StoreWithCast<(int)1>>(int, T1, T2, T4, T5, T6, T7)"
1950204,1950204,0,400,328,759538.1,40883.5,19437,31820500,3840790.7,13306.9,10585.0,8797,175304,12085.7,801890.5,898.5,71,31141341,4118804.9,89763.6,29392.0,8960,740157,160259.6,cuLaunchKernel,void cutlass::Kernel2<cutlass_80_wmma_tensorop_f16_s161616gemm_f16_32x32_32x1_tn_align2>(T1::Params)
1950204,1950204,0,14,14,677424.8,593108.5,320892,1041886,317765.1,15182.5,14352.5,10760,22142,4119.3,583051.6,501458.0,236216,941636,308793.6,79190.7,78959.0,72800,85824,6375.0,cuLaunchKernel,void cutlass::Kernel2<cutlass_80_tensorop_f16_s16816gemm_f16_64x128_64x4_nn_align2>(T1::Params)
1950204,1953352,0,70,38,672752.8,20700.5,9583,6775608,1646384.6,25248.2,15990.5,5581,181747,25049.9,1190468.6,1199.5,157,6756502,2091609.6,1990.4,1888.0,1824,3200,287.9,cudaLaunchKernel,"void at::native::vectorized_elementwise_kernel<(int)4, at::native::FillFunctor<unsigned char>, std::array<char *, (unsigned long)1>>(int, T2, T3)"
1950204,1953352,0,6,0,603533.7,36574.0,22823,3459201,1398998.6,602544.5,36103.5,19647,3459201,1399488.9,,,,,0.0,4629.3,4688.0,4064,4992,365.2,cudaLaunchKernel,"void at::native::reduce_kernel<(int)512, (int)1, at::native::ReduceOp<float, at::native::ArgMinOps<float>, unsigned int, long, (int)4, (int)4>>(T3)"
1950204,1952247,0,16,16,562201.6,448437.5,57570,1582119,412842.3,27484.9,23750.5,8456,79882,19425.0,531394.7,424617.5,35678,1499261,402965.6,3322.0,3344.0,2976,3456,128.1,cudaLaunchKernel,"void at::native::elementwise_kernel<(int)128, (int)2, void at::native::gpu_kernel_impl_nocast<at::native::direct_copy_kernel_cuda(at::TensorIteratorBase &)::[lambda() (instance 3)]::operator ()() const::[lambda() (instance 7)]::operator ()() const::[lambda(float) (instance 1)]>(at::TensorIteratorBase &, const T1 &)::[lambda(int) (instance 1)]>(int, T3)"
1950204,1950204,0,83,80,537932.5,593077.0,66880,3465099,637124.8,13494.2,11131.0,9428,83750,8904.9,330489.7,302052.0,8,3162165,581591.0,206427.2,282463.0,55423,336414,121610.2,cudaLaunchKernel,ampere_fp16_s16816gemm_fp16_256x128_ldg8_f2f_stages_32x3_tn
1950204,1952247,0,16,16,526200.5,422912.0,30669,1483419,399787.9,19799.1,16326.0,7805,48232,11928.6,502013.4,403203.5,14428,1430483,394287.8,4388.0,4464.0,3808,4704,240.6,cudaLaunchKernel,"void at::native::<unnamed>::nll_loss_backward_no_reduce_cuda_kernel<float, long>(int, const T2 *, torch::headeronly::detail::GenericPackedTensorAccessor<torch::headeronly::detail::TensorAccessor<c10::ArrayRef<long>, const T1, (unsigned long)0, torch::headeronly::DefaultPtrTraits, long>, at::detail::IndexBoundsCheck<(unsigned long)1, long>, const T1, (unsigned long)1, torch::headeronly::DefaultPtrTraits, long>, torch::headeronly::detail::GenericPackedTensorAccessor<torch::headeronly::detail::TensorAccessor<c10::ArrayRef<long>, T1, (unsigned long)1, torch::headeronly::DefaultPtrTraits, long>, at::detail::IndexBoundsCheck<(unsigned long)2, long>, T1, (unsigned long)2, torch::headeronly::DefaultPtrTraits, long>, const T1 *, long, long)"
1950204,1953352,0,2,1,495225.5,495225.5,18375,972076,674368.4,488300.0,488300.0,7965,968635,679296.3,1546.0,1546.0,1546,1546,0.0,9152.0,9152.0,8864,9440,407.3,cudaLaunchKernel,"void geqr2_smem<float, float, (int)8, (int)5, (int)5>(int, int, T1 *, unsigned long, T1 *, int)"
1950204,1953352,0,56,51,475000.4,71102.0,14747,1987279,722253.2,11531.5,8496.5,5540,48974,7647.0,200737.5,1707.0,85,939992,333990.6,280846.0,54400.0,4864,1047392,409016.7,cudaLaunchKernel,"void at::native::elementwise_kernel<(int)128, (int)2, void at::native::gpu_kernel_impl_nocast<at::native::BinaryFunctor<long, long, long, at::native::rshift_kernel_cuda(at::TensorIteratorBase &)::[lambda() (instance 1)]::operator ()() const::[lambda() (instance 4)]::operator ()() const::[lambda(long, long) (instance 1)]>>(at::TensorIteratorBase &, const T1 &)::[lambda(int) (instance 1)]>(int, T3)"
1950204,1950204,0,144,103,428598.3,382757.5,328242,853603,137765.4,11784.6,9613.5,7274,39605,5024.9,1093.0,1139.0,41,1979,460.4,416719.8,370688.0,318911,838045,137221.3,cudaLaunchKernel,ampere_sgemm_64x32_sliced1x4_nt
1950204,1953352,0,28,24,424141.1,193443.0,11619,965202,392620.4,15663.3,11817.5,5611,70554,12821.2,474019.3,477270.5,2045,957191,385737.5,2418.3,2368.0,2304,3424,199.6,cudaLaunchKernel,"void at::native::vectorized_elementwise_kernel<(int)2, at::native::CUDAFunctorOnOther_add<long>, std::array<char *, (unsigned long)2>>(int, T2, T3)"
1950204,1953352,0,14,10,392611.9,137842.0,27163,848631,383998.3,30979.9,21887.0,10480,103167,23504.1,267773.8,408161.5,53,486537,231340.2,171319.2,76080.5,14848,342657,152868.9,cudaLaunchKernel,"void at::native::<unnamed>::CatArrayBatchedCopy_alignedK_contig<at::native::<unnamed>::OpaqueType<(unsigned int)8>, unsigned int, (int)3, (int)128, (int)1, (int)16>(T1 *, at::native::<unnamed>::CatArrInputTensorMetadata<T1, T2, T4, T5>, at::native::<unnamed>::TensorSizeStride<T2, (unsigned int)4>, int, T2)"
1950204,1950204,0,16,7,385178.6,18278.0,14658,5888058,1467437.5,381596.9,14643.0,8857,5888058,1468395.7,684.9,766.0,100,1217,440.6,4740.0,4720.0,4032,5280,366.1,cudaLaunchKernel,"void at::native::reduce_kernel<(int)512, (int)1, at::native::ReduceOp<long, at::native::func_wrapper_t<long, at::native::sum_functor<long, long, long>::operator ()(at::TensorIterator &)::[lambda(long, long) (instance 1)]>, unsigned int, long, (int)4, (int)4>>(T3)"
1950204,1952247,0,26,15,348844.5,19110.5,10384,8419741,1646292.3,345866.7,15474.5,5400,8419741,1646917.8,1191.5,966.0,164,2236,655.4,3216.0,3200.0,2784,3680,214.4,cudaLaunchKernel,"void at::native::vectorized_elementwise_kernel<(int)2, at::native::BUnaryFunctor<long, long, long, at::native::remainder_kernel_cuda(at::TensorIteratorBase &)::[lambda() (instance 1)]::operator ()() const::[lambda() (instance 4)]::operator ()() const::[lambda(long, long) (instance 1)]>, std::array<char *, (unsigned long)2>>(int, T2, T3)"
1950204,1950204,0,16,6,340503.8,21942.0,17014,5114614,1273102.8,337252.1,19192.0,12404,5114614,1273972.2,276.5,241.0,111,596,177.9,4238.0,4256.0,3840,4480,167.3,cudaLaunchKernel,"void at::native::unrolled_elementwise_kernel<at::native::direct_copy_kernel_cuda(at::TensorIteratorBase &)::[lambda() (instance 3)]::operator ()() const::[lambda() (instance 4)]::operator ()() const::[lambda(long) (instance 1)], std::array<char *, (unsigned long)2>, (int)4, TrivialOffsetCalculator<(int)1, unsigned int>, TrivialOffsetCalculator<(int)1, unsigned int>, at::native::memory::LoadWithCast<(int)1>, at::native::memory::StoreWithCast<(int)1>>(int, T1, T2, T4, T5, T6, T7)"
1950204,1952247,0,16,10,325987.7,18510.5,12337,4886921,1216301.3,322880.2,14833.0,7695,4886921,1217140.5,1173.9,1317.0,205,1858,607.0,3102.0,3120.0,2784,3392,166.3,cudaLaunchKernel,"void at::native::vectorized_elementwise_kernel<(int)2, at::native::BUnaryFunctor<long, long, long, at::native::binary_internal::div_trunc_kernel_cuda(at::TensorIteratorBase &)::[lambda() (instance 1)]::operator ()() const::[lambda() (instance 4)]::operator ()() const::[lambda(long, long) (instance 1)]>, std::array<char *, (unsigned long)2>>(int, T2, T3)"
1950204,1950204,0,32,26,319047.2,366939.0,100662,578979,154893.6,16995.9,16601.5,11842,34055,5414.1,268256.6,299348.5,22812,481803,128188.4,84722.5,84767.0,83840,85279,330.7,cudaLaunchKernelExC,sm80_xmma_gemm_f16f16_f16f32_f32_tn_n_tilesize128x128x32_stage4_warpsize2x2x1_tensor16x8x16_execute_kernel__5x_cublas
1950204,1953352,0,46,25,318984.8,89885.0,17757,996726,379622.3,18010.4,13315.5,6943,115189,16708.9,10135.9,981.0,87,84565,22039.0,297331.1,72736.0,5792,905538,371729.1,cudaLaunchKernel,"void at::native::index_elementwise_kernel<(int)128, (int)4, void at::native::gpu_index_kernel<void at::native::index_kernel_impl<at::native::OpaqueType<(int)8>>(at::TensorIteratorBase &, c10::ArrayRef<long>, c10::ArrayRef<long>)::[lambda(char *, const char *, long) (instance 1)]>(at::TensorIteratorBase &, c10::ArrayRef<long>, c10::ArrayRef<long>, const T1 &, bool)::[lambda(int) (instance 1)]>(long, T3)"
1950204,1953352,0,164,145,286188.4,19447.5,8932,2995870,709710.8,9237.7,7199.0,4589,43383,6142.9,190634.6,2151.0,193,1962560,476735.3,108646.6,10128.0,2176,1032514,265254.0,cudaLaunchKernel,"void at::native::vectorized_elementwise_kernel<(int)2, at::native::AUnaryFunctor<long, long, long, at::native::BitwiseAndFunctor<long>>, std::array<char *, (unsigned long)2>>(int, T2, T3)"
1950204,1950204,0,28,25,277735.2,115596.5,37539,844293,315752.0,20906.9,12203.5,9919,181997,32104.1,247876.4,70823.0,218,772177,310864.6,36035.4,31440.0,25504,55552,11528.4,cudaLaunchKernel,ampere_fp16_s16816gemm_fp16_64x64_sliced1x2_ldg8_f2f_stages_64x5_nn
1950204,1950204,0,90,66,261620.7,60387.5,57195,1081660,346996.5,14975.2,13185.5,11162,34315,4242.5,263123.0,742.5,47,1020560,387978.4,54596.6,45120.5,42912,134657,27934.8,cudaLaunchKernelExC,sm80_xmma_gemm_f16f16_f16f32_f32_tn_n_tilesize192x128x32_stage3_warpsize4x2x1_tensor16x8x16_execute_kernel__5x_cublas
1950204,1950204,0,416,397,253354.4,28334.0,20704,6987333,874989.9,8266.4,6457.5,5320,90513,6553.2,215170.1,2077.0,295,6830408,865354.2,40105.3,19488.0,12960,186143,46555.3,cudaLaunchKernel,"void <unnamed>::softmax_warp_forward<c10::Half, float, float, (int)9, (bool)0, (bool)0, (int)32>(T2 *, const T1 *, int, int, int, const bool *, int, bool)"
1950204,1953352,0,56,47,249253.4,43787.5,11516,980521,349592.6,13786.1,8586.0,5500,45577,10178.7,276723.3,87728.0,145,970824,369416.1,3579.4,3552.0,3328,3936,148.1,cudaLaunchKernel,"void at::native::vectorized_elementwise_kernel<(int)2, at::native::BUnaryFunctor<long, long, long, at::native::remainder_kernel_cuda(at::TensorIteratorBase &)::[lambda() (instance 1)]::operator ()() const::[lambda() (instance 4)]::operator ()() const::[lambda(long, long) (instance 1)]>, std::array<char *, (unsigned long)2>>(int, T2, T3)"
1950204,1953352,0,2,1,236616.0,236616.0,13579,459653,315422.0,233620.0,233620.0,9127,458113,317481.0,1892.0,1892.0,1892,1892,0.0,2672.0,2672.0,2560,2784,158.4,cudaLaunchKernel,"void larft_vtv_32<float, (int)128>(long, long, const T1 *, long, long, T1 *, long, long)"
1950204,1952247,0,16,5,229242.8,19984.5,11886,3191531,790399.7,228194.9,19362.0,8786,3191531,790701.8,734.6,376.0,103,1662,742.2,1644.0,1712.0,1376,1792,139.7,cudaLaunchKernel,"void at_cuda_detail::cub::detail::scan::DeviceCompactInitKernel<at_cuda_detail::cub::ScanTileState<int, (bool)1>, int *>(T1, int, T2)"
1950204,1953352,0,28,12,222863.1,21686.5,11810,5330736,1001453.4,206244.4,16411.5,6352,5330736,1004345.6,32755.8,1741.0,183,107776,41286.4,3724.6,3744.0,3552,3872,69.9,cudaLaunchKernel,"void at::native::vectorized_elementwise_kernel<(int)2, at::native::BUnaryFunctor<long, long, long, at::native::binary_internal::div_floor_kernel_cuda(at::TensorIteratorBase &)::[lambda() (instance 1)]::operator ()() const::[lambda() (instance 4)]::operator ()() const::[lambda(long, long) (instance 1)]>, std::array<char *, (unsigned long)2>>(int, T2, T3)"
1950204,1953352,0,6,3,189707.3,16163.5,12666,1059639,426183.0,187552.5,13731.0,9418,1059639,427241.8,683.3,880.0,148,1022,469.0,2304.0,2304.0,2240,2368,60.7,cudaLaunchKernel,"void at::native::<unnamed>::distribution_elementwise_grid_stride_kernel<float, (int)4, void at::native::templates::cuda::normal_and_transform<float, float, at::CUDAGeneratorImpl *, void at::native::templates::cuda::normal_kernel<at::CUDAGeneratorImpl *>(const at::TensorBase &, double, double, T1)::[lambda() (instance 1)]::operator ()() const::[lambda() (instance 2)]::operator ()() const::[lambda(float) (instance 1)]>(at::TensorIteratorBase &, T3, T4)::[lambda(curandStatePhilox4_32_10 *) (instance 2)], void at::native::<unnamed>::distribution_nullary_kernel<float, float, float4, at::CUDAGeneratorImpl *, void at::native::templates::cuda::normal_and_transform<float, float, at::CUDAGeneratorImpl *, void at::native::templates::cuda::normal_kernel<at::CUDAGeneratorImpl *>(const at::TensorBase &, double, double, T1)::[lambda() (instance 1)]::operator ()() const::[lambda() (instance 2)]::operator ()() const::[lambda(float) (instance 1)]>(at::TensorIteratorBase &, T3, T4)::[lambda(curandStatePhilox4_32_10 *) (instance 2)], void at::native::templates::cuda::normal_kernel<at::CUDAGeneratorImpl *>(const at::TensorBase &, double, double, T1)::[lambda() (instance 1)]::operator ()() const::[lambda() (instance 2)]::operator ()() const::[lambda(float) (instance 1)]>(at::TensorIteratorBase &, T4, const T5 &, T6)::[lambda(int, float) (instance 1)]>(long, at::PhiloxCudaState, T3, T4)"
1950204,1950204,0,1358,1250,183530.2,145680.0,68561,12609242,481700.8,9629.8,7995.0,6562,169363,6790.0,1480.5,1547.5,28,3913,353.5,173279.3,134048.5,59776,12589599,481359.5,cuLaunchKernel,void cutlass::Kernel2<cutlass_80_simt_sgemm_128x32_8x5_nt_align1>(T1::Params)
1950204,1953352,0,40,39,181375.8,188638.5,16870,281682,54715.8,12463.0,11561.5,7625,24597,3951.1,169276.7,175490.0,60603,268663,50946.6,3896.0,3872.0,3808,4256,75.2,cudaLaunchKernel,"void dot_kernel<float, (int)128, (int)0, cublasDotParams<cublasGemvTensorStridedBatched<const float>, cublasGemvTensorStridedBatched<float>>>(T4)"
1950204,1953352,0,6,0,178524.7,33849.0,22325,902229,354724.5,178121.0,33849.0,21191,902229,354935.8,,,,,0.0,2330.7,2304.0,2144,2592,154.7,cudaLaunchKernel,"void at::native::elementwise_kernel<(int)128, (int)2, void at::native::gpu_kernel_impl_nocast<at::native::<unnamed>::where_kernel_impl(at::TensorIterator &)::[lambda() (instance 1)]::operator ()() const::[lambda() (instance 3)]::operator ()() const::[lambda(bool, unsigned int, unsigned int) (instance 1)]>(at::TensorIteratorBase &, const T1 &)::[lambda(int) (instance 1)]>(int, T3)"
1950204,1950204,0,179,121,176720.0,57817.0,38955,3241040,587114.6,15427.4,13475.0,10981,69412,6133.5,173976.1,465.0,3,3162288,702733.0,44708.5,44479.0,26784,90688,15805.5,cudaLaunchKernelExC,sm80_xmma_gemm_f16f16_f16f32_f32_tn_n_tilesize96x128x32_stage4_warpsize2x2x1_tensor16x8x16_execute_kernel__5x_cublas
1950204,1953352,0,42,37,175532.9,13549.0,11002,6597008,1015074.1,172944.8,10725.5,7875,6597008,1015485.9,880.4,908.0,5,1587,472.6,1907.0,1920.0,1632,2336,189.4,cudaLaunchKernel,"void at::native::vectorized_elementwise_kernel<(int)4, at::native::BinaryFunctor<float, float, float, at::native::maximum_kernel_cuda(at::TensorIteratorBase &)::[lambda() (instance 2)]::operator ()() const::[lambda() (instance 2)]::operator ()() const::[lambda(float, float) (instance 1)]>, std::array<char *, (unsigned long)3>>(int, T2, T3)"
1950204,1953352,0,5233,4904,172541.5,11772.0,10332,145815451,4700686.5,8308.7,6412.0,5139,1178655,28591.4,171671.3,2019.0,15,145792847,4854986.1,3504.1,3360.0,2976,15680,1076.6,cudaLaunchKernel,"void at::native::reduce_kernel<(int)512, (int)1, at::native::ReduceOp<bool, at::native::func_wrapper_t<bool, at::native::or_kernel_cuda(at::TensorIterator &)::[lambda() (instance 1)]::operator ()() const::[lambda() (instance 12)]::operator ()() const::[lambda(bool, bool) (instance 1)]>, unsigned int, bool, (int)4, (int)4>>(T3)"
1950204,1953352,0,40,40,172260.5,181676.0,40755,275297,55277.3,7288.7,5921.0,4017,36600,5286.5,162208.6,173972.5,1371,268181,58590.8,2763.2,2784.0,2688,2816,50.0,cudaLaunchKernel,"void reduce_1Block_kernel<float, (int)128, (int)7, cublasGemvTensorStridedBatched<float>, cublasGemvTensorStridedBatched<const float>, cublasGemvTensorStridedBatched<float>>(const T1 *, T1, T4, int, const T1 *, T1, T5, T6, cublasPointerMode_t, cublasLtEpilogue_t, cublasGemvTensorStridedBatched<const biasType<T6::value_type, T1>::type>)"
1950204,1950204,0,531,466,169143.2,44393.0,19584,6676897,672286.9,15145.5,10831.0,8947,1564921,67502.1,123348.8,850.5,1,6561107,702448.2,46390.7,32320.0,8928,141056,28037.5,cuLaunchKernel,void cutlass::Kernel2<cutlass_80_tensorop_f16_s16816gemm_relu_f16_128x128_32x5_tn_align8>(T1::Params)
1950204,1953352,0,46,42,166635.6,26212.5,10533,2067980,361377.5,56531.5,8897.0,6663,2067980,303233.5,118889.4,8017.5,219,600350,229257.8,1631.3,1632.0,1280,1984,204.6,cudaLaunchKernel,"xxtrf4_set_info_ker(int, int *)"
1950204,1953352,0,71,61,164241.3,21262.0,9335,5054850,606500.3,82149.9,8756.0,4959,5054850,598629.5,66007.8,1643.0,123,420475,135093.8,25580.3,10272.0,2176,70880,28515.2,cudaLaunchKernel,"void at::native::vectorized_elementwise_kernel<(int)2, at::native::BUnaryFunctor<long, long, long, at::native::rshift_kernel_cuda(at::TensorIteratorBase &)::[lambda() (instance 1)]::operator ()() const::[lambda() (instance 4)]::operator ()() const::[lambda(long, long) (instance 1)]>, std::array<char *, (unsigned long)2>>(int, T2, T3)"
1950204,1950204,0,4147,3732,158028.8,17741.0,11333,263214746,4431562.4,10662.8,7173.0,5200,2675747,57618.0,153570.4,1730.0,0,263068040,4668907.6,9725.3,8096.0,3392,23648,4048.6,cudaLaunchKernel,"void at::native::reduce_kernel<(int)512, (int)1, at::native::ReduceOp<bool, at::native::func_wrapper_t<bool, at::native::or_kernel_cuda(at::TensorIterator &)::[lambda() (instance 1)]::operator ()() const::[lambda() (instance 12)]::operator ()() const::[lambda(bool, bool) (instance 1)]>, unsigned int, bool, (int)4, (int)4>>(T3)"
1950204,1950204,0,32,29,146141.6,139167.0,85492,215259,40399.4,15488.5,13676.5,12273,58872,8186.9,66204.6,56668.0,663,130659,39322.5,71130.6,71087.5,70623,71744,273.4,cudaLaunchKernelExC,sm80_xmma_gemm_f16f16_f16f32_f32_tn_n_tilesize160x128x32_stage4_warpsize2x2x1_tensor16x8x16_execute_kernel__5x_cublas
1950204,1953352,0,2,1,138489.0,138489.0,9634,267344,182228.5,135473.5,135473.5,4950,265997,184588.1,2188.0,2188.0,2188,2188,0.0,2544.0,2544.0,2496,2592,67.9,cudaLaunchKernel,"void ormqr_cta_kernel<float, (int)4, (int)1>(long, long, long, const T1 *, long, long, const T1 *, long, T1 *, long, long, long, long, long, int)"
1950204,1953352,0,2,1,124761.5,124761.5,13153,236370,157838.3,122754.0,122754.0,9138,236370,160677.3,1071.0,1071.0,1071,1071,0.0,2816.0,2816.0,2688,2944,181.0,cudaLaunchKernel,"void lansy_M_stage1<float, float, (int)8>(long, const T1 *, long, long, T2 *, long, int)"
1950204,1953352,0,2,0,115789.5,115789.5,83968,147611,45002.4,41649.5,41649.5,9799,73500,45043.4,,,,,0.0,74255.5,74255.5,74240,74271,21.9,cudaLaunchKernel,"void batched_svd_parallel_jacobi_32x16<double, double>(int, int, int, int, T1 *, unsigned long, int, T2 *, T1 *, unsigned long, int, T1 *, unsigned long, int, T2, int, int *, T2, int, int *, int, T2)"
1950204,1952247,0,8,5,108342.0,14810.0,11506,661399,226191.0,105590.0,10971.0,6933,661150,227291.3,1658.2,1540.0,1342,2333,402.5,2304.0,2272.0,2208,2464,99.7,cudaLaunchKernel,"void at_cuda_detail::cub::detail::radix_sort::DeviceRadixSortExclusiveSumKernel<at_cuda_detail::cub::detail::radix::policy_hub<long, at::cuda::cub::detail::OpaqueType<(int)8>, unsigned long long>::Policy1000, unsigned long long>(T2 *)"
1950204,1953352,0,28,21,92339.1,32333.0,12191,221795,82558.6,13209.1,10089.5,5711,56447,10819.4,39977.1,11513.0,48,114583,44123.7,49666.4,19264.0,4096,101441,45029.6,cudaLaunchKernel,"void at::native::vectorized_elementwise_kernel<(int)2, at::native::BinaryFunctor<long, long, long, at::native::BitwiseOrFunctor<long>>, std::array<char *, (unsigned long)3>>(int, T2, T3)"
1950204,1950204,0,145,39,89948.4,17495.0,9654,9858321,818786.1,88746.8,16562.0,6672,9858321,818897.3,1001.7,1105.0,130,1715,487.1,1500.0,1504.0,1408,2272,79.4,cudaLaunchKernel,"void at::native::vectorized_elementwise_kernel<(int)4, at::native::FillFunctor<bool>, std::array<char *, (unsigned long)1>>(int, T2, T3)"
1950204,1953352,0,56,52,89278.9,24979.5,9051,445902,128980.1,9339.1,6032.0,4409,53502,7966.2,46076.1,2203.5,0,341469,101178.7,37198.3,16368.0,2368,101889,43195.9,cudaLaunchKernel,"void at::native::vectorized_elementwise_kernel<(int)2, at::native::BinaryFunctor<long, long, long, at::native::BitwiseXorFunctor<long>>, std::array<char *, (unsigned long)3>>(int, T2, T3)"
1950204,1950204,0,478,411,83765.7,71435.0,37454,380037,60816.9,12878.1,11146.0,8386,72348,5901.6,21937.8,996.0,48,336226,66032.0,52863.8,60112.5,26624,105857,19904.2,cudaLaunchKernel,ampere_fp16_s16816gemm_fp16_128x128_ldg8_f2f_stages_64x3_tn
1950204,1950204,0,1168,979,80363.1,15821.5,12030,9915353,558228.0,15203.3,12063.0,6041,605163,25884.1,65558.9,966.0,5,8761799,533523.9,10524.0,2848.0,2336,1417975,75942.8,cudaLaunchKernel,"void at::native::vectorized_elementwise_kernel<(int)4, at::native::BinaryFunctor<c10::Half, c10::Half, bool, at::native::<unnamed>::CompareEqFunctor<c10::Half>>, std::array<char *, (unsigned long)3>>(int, T2, T3)"
1950204,1950204,0,600,530,80192.2,77981.0,68641,119202,9559.3,11556.2,10279.5,8396,48923,3849.3,922.6,954.0,8,4690,404.3,68610.0,66880.5,58592,98624,9118.3,cuLaunchKernel,void cutlass::Kernel2<cutlass_80_tensorop_f16_s16816gemm_relu_f16_256x64_32x4_tn_align8>(T1::Params)
1950204,1953352,0,2,2,80040.5,80040.5,73732,86349,8921.6,23370.0,23370.0,7815,38925,21998.1,1566.5,1566.5,1341,1792,318.9,55104.0,55104.0,45632,64576,13395.4,cudaLaunchKernel,"void batched_svd_parallel_jacobi_32x16<float, float>(int, int, int, int, T1 *, unsigned long, int, T2 *, T1 *, unsigned long, int, T1 *, unsigned long, int, T2, int, int *, T2, int, int *, int, T2)"
1950204,1953352,0,4,3,79666.5,13783.0,11977,279123,132974.0,74912.8,8020.0,5631,277980,135383.2,1584.0,1409.0,1349,1994,356.3,4368.0,4368.0,4352,4384,18.5,cudaLaunchKernel,void svd_music_kernel<(int)32>(int *)
1950204,1950204,0,24,20,73099.6,71309.0,68408,90344,5028.9,13190.5,10059.0,8185,33895,6968.2,1454.7,1140.5,535,9171,1836.0,60081.2,60128.0,59167,61024,531.4,cudaLaunchKernel,ampere_sgemm_32x128_nt
1950204,1953352,0,42,30,72885.8,20279.0,12753,250704,84795.1,14755.3,9362.5,6783,98678,15265.6,55182.0,1947.0,95,188518,71789.8,19540.6,5872.0,3552,55808,22590.8,cudaLaunchKernel,"void at::native::unrolled_elementwise_kernel<at::native::direct_copy_kernel_cuda(at::TensorIteratorBase &)::[lambda() (instance 3)]::operator ()() const::[lambda() (instance 3)]::operator ()() const::[lambda(int) (instance 1)], std::array<char *, (unsigned long)2>, (int)4, TrivialOffsetCalculator<(int)1, unsigned int>, TrivialOffsetCalculator<(int)1, unsigned int>, at::native::memory::LoadWithCast<(int)1>, at::native::memory::StoreWithCast<(int)1>>(int, T1, T2, T4, T5, T6, T7)"
1950204,1950204,0,194,167,71363.2,47844.0,43449,325629,65710.2,12852.6,11296.5,9138,94500,7057.3,28053.6,875.0,20,281503,70826.9,34835.8,34880.0,31520,40192,2642.8,cudaLaunchKernel,ampere_fp16_s16816gemm_fp16_256x64_ldg8_f2f_stages_64x3_tn
1950204,1950204,0,144,96,68262.4,19410.0,11199,7087693,589060.3,62367.8,13566.0,5320,7087693,589563.0,1028.5,744.5,23,2420,780.3,5746.0,5712.0,3392,8288,1218.3,cudaLaunchKernel,"void at::native::index_elementwise_kernel<(int)128, (int)4, void at::native::gpu_index_kernel<void at::native::index_kernel_impl<at::native::OpaqueType<(int)1>>(at::TensorIteratorBase &, c10::ArrayRef<long>, c10::ArrayRef<long>)::[lambda(char *, const char *, long) (instance 1)]>(at::TensorIteratorBase &, c10::ArrayRef<long>, c10::ArrayRef<long>, const T1 &, bool)::[lambda(int) (instance 1)]>(long, T3)"
1950204,1953352,0,172,140,67873.3,39276.5,19772,693066,96284.1,12055.8,8721.5,3547,87066,11116.0,44946.9,12163.5,1,667690,104695.0,19789.2,20384.0,11040,22176,2757.8,cudaLaunchKernel,"void at::native::<unnamed>::CatArrayBatchedCopy<at::native::<unnamed>::OpaqueType<(unsigned int)4>, unsigned int, (int)2, (int)64, (int)64>(T1 *, at::native::<unnamed>::CatArrInputTensorMetadata<T1, T2, T4, T5>, at::native::<unnamed>::TensorSizeStride<T2, (unsigned int)4>, int, T2)"
1950204,1953352,0,14,2,67223.9,18227.0,12452,532555,138578.3,65456.2,16907.0,8506,532555,139189.5,876.5,876.5,463,1290,584.8,3012.6,2784.0,2496,3808,431.6,cudaLaunchKernel,"void at::native::vectorized_elementwise_kernel<(int)4, at::native::BinaryFunctor<unsigned char, unsigned char, bool, at::native::<unnamed>::CompareEqFunctor<unsigned char>>, std::array<char *, (unsigned long)3>>(int, T2, T3)"
1950204,1953352,0,75,61,63447.1,18385.0,8514,254486,79051.1,11675.0,7174.0,4910,47561,9533.0,54672.8,2062.0,449,193413,71861.7,7703.0,1664.0,1504,70400,18483.9,cudaLaunchKernel,"void at::native::vectorized_elementwise_kernel<(int)2, at::native::CUDAFunctorOnSelf_add<long>, std::array<char *, (unsigned long)2>>(int, T2, T3)"
1950204,1953352,0,12,4,62214.7,32762.5,12772,282859,77035.5,60953.6,32762.5,8687,282859,77915.5,1111.3,1290.0,499,1366,409.8,2845.3,2896.0,2560,3136,192.7,cudaLaunchKernel,"void at::native::<unnamed>::CatArrayBatchedCopy_alignedK_contig<at::native::<unnamed>::OpaqueType<(unsigned int)4>, unsigned int, (int)1, (int)128, (int)1, (int)16>(T1 *, at::native::<unnamed>::CatArrInputTensorMetadata<T1, T2, T4, T5>, at::native::<unnamed>::TensorSizeStride<T2, (unsigned int)4>, int, T2)"
1950204,1953352,0,28,24,61733.7,23236.0,12189,136016,50296.9,13682.8,11702.5,6642,32392,7632.2,19471.8,2563.5,158,64734,24078.0,31612.6,10095.5,3744,65184,29154.2,cudaLaunchKernel,"void at::native::vectorized_elementwise_kernel<(int)2, at::native::BUnaryFunctor<long, long, long, at::native::lshift_kernel_cuda(at::TensorIteratorBase &)::[lambda() (instance 1)]::operator ()() const::[lambda() (instance 4)]::operator ()() const::[lambda(long, long) (instance 1)]>, std::array<char *, (unsigned long)2>>(int, T2, T3)"
1950204,1953352,0,2,2,61653.0,61653.0,20314,102992,58462.2,47405.5,47405.5,4599,90212,60537.5,1495.5,1495.5,652,2339,1192.9,12752.0,12752.0,12128,13376,882.5,cudaLaunchKernel,"void steqr_ker<stedc_params_<double2, double, (int)8, (int)16, (int)128>, double, (int)0>(long, T1::data_type *, T1::data_type *, T2 *, long, int *, int *, long, long, T1::data_type, T1::data_type, int *, int)"
1950204,1953352,0,2,1,59127.0,59127.0,19767,98487,55663.4,48247.0,48247.0,7945,88549,56995.6,1262.0,1262.0,1262,1262,0.0,10800.0,10800.0,10560,11040,339.4,cudaLaunchKernel,"void geqr2_smem<double, double, (int)8, (int)5, (int)5>(int, int, T1 *, unsigned long, T1 *, int)"
1950204,1952247,0,16,9,58910.6,14883.5,10958,613732,149470.3,55595.9,11932.5,5791,613239,150419.4,1512.9,1551.0,864,2231,531.2,3759.9,3664.0,2944,4672,684.2,cudaLaunchKernel,"void at_cuda_detail::cub::detail::select::DeviceSelectSweepKernel<at_cuda_detail::cub::detail::select::policy_hub<long, bool, int, (bool)0, (at_cuda_detail::cub::SelectImpl)0>::Policy1000, thrust::_V_300200_SM_750_800_860_900_1000_1200::counting_iterator<long, thrust::_V_300200_SM_750_800_860_900_1000_1200::use_default, thrust::_V_300200_SM_750_800_860_900_1000_1200::use_default, thrust::_V_300200_SM_750_800_860_900_1000_1200::use_default, thrust::_V_300200_SM_750_800_860_900_1000_1200::compile_time_value<(int)1>>, thrust::_V_300200_SM_750_800_860_900_1000_1200::transform_iterator<at::native::<unnamed>::NonZeroOp<bool>, const bool *, thrust::_V_300200_SM_750_800_860_900_1000_1200::use_default, thrust::_V_300200_SM_750_800_860_900_1000_1200::use_default>, long *, int *, at_cuda_detail::cub::ScanTileState<int, (bool)1>, at_cuda_detail::cub::NullType, at_cuda_detail::cub::NullType, int, at_cuda_detail::cub::detail::select::streaming_context_t<long, (bool)1>, (at_cuda_detail::cub::SelectImpl)0>(T2, T3, T4, T5, T6, T7, T8, T9, int, T10, at_cuda_detail::cub::detail::vsmem_t)"
1950204,1953352,0,14,4,58283.7,48791.5,18374,157919,41381.2,29448.4,16051.0,9398,152551,36511.1,12953.8,10117.0,1168,30413,12575.9,27341.7,11248.0,7808,53984,21496.5,cudaLaunchKernel,"void at::native::reduce_kernel<(int)128, (int)4, at::native::ReduceOp<long, at::native::func_wrapper_t<long, at::native::sum_functor<long, long, long>::operator ()(at::TensorIterator &)::[lambda(long, long) (instance 1)]>, unsigned int, long, (int)4, (int)4>>(T3)"
1950204,1953352,0,14,4,57898.8,60756.0,19111,95870,32641.3,20521.0,16401.0,10830,58852,12239.8,832.5,752.5,690,1135,206.9,38713.0,19520.0,5984,73536,31524.3,cudaLaunchKernel,"void at::native::elementwise_kernel<(int)128, (int)2, void at::native::gpu_kernel_impl_nocast<at::native::BinaryFunctor<float, float, float, at::native::binary_internal::DivFunctor<float>>>(at::TensorIteratorBase &, const T1 &)::[lambda(int) (instance 1)]>(int, T3)"
1950204,1950204,0,154,152,57807.0,44914.5,12996,2759327,219312.3,24700.7,5551.0,4749,2757543,221690.5,28342.7,33815.0,1218,44157,9665.6,5163.9,5248.0,3328,6208,649.5,cudaLaunchKernelExC,"void cublasLt::splitKreduce_kernel<(int)32, (int)16, int, __half, __half, float, __half, (bool)0, __half, __half, __half, (bool)1, (bool)0, (bool)0, (bool)0>(cublasLt::cublasSplitKParams<T6>, const T4 *, const T10 *, T9 *, T5 *, const T6 *, const T6 *, const T11 *, const T4 *, T11 *, void *, long, T6 *, int *, T6 *, T6 *, const T6 *, const T6 *, const T6 *, const T6 *, const T6 *)"
1950204,1953352,0,14,0,57122.0,49579.0,27442,119161,28627.9,26318.1,19682.5,15058,64493,16456.2,,,,,0.0,32413.7,16576.0,5760,62304,25851.7,cudaLaunchKernel,"void at::native::vectorized_elementwise_kernel<(int)4, void at::native::<unnamed>::pow_tensor_scalar_kernel_impl<float, float>(at::TensorIteratorBase &, T2)::[lambda(float) (instance 1)], std::array<char *, (unsigned long)2>>(int, T2, T3)"
1950204,1950204,0,180,143,54927.1,24845.5,23343,3856840,303718.0,42209.6,11312.0,9458,3846618,303965.4,659.0,683.0,2,1527,297.2,13133.3,13120.0,12672,13600,166.3,cudaLaunchKernel,ampere_fp16_s16816gemm_fp16_64x64_ldg8_f2f_stages_64x5_tn
1950204,1950204,0,144,78,54282.5,18318.0,11088,5111122,424385.9,49750.4,14287.0,5341,5078645,422055.1,924.7,620.5,16,2555,797.6,4606.2,3984.0,3584,38016,3188.9,cudaLaunchKernel,"void at::native::elementwise_kernel<(int)128, (int)4, void at::native::gpu_kernel_impl_nocast<at::native::<unnamed>::where_kernel_impl(at::TensorIterator &)::[lambda() (instance 1)]::operator ()() const::[lambda() (instance 2)]::operator ()() const::[lambda(bool, unsigned short, unsigned short) (instance 1)]>(at::TensorIteratorBase &, const T1 &)::[lambda(int) (instance 1)]>(int, T3)"
1950204,1950204,0,12,9,53962.4,52263.5,49315,65959,5195.3,13803.6,11802.0,7755,31650,7196.8,1146.4,1296.0,489,1666,441.9,40048.0,40208.0,38752,40832,717.8,cudaLaunchKernel,ampere_sgemm_128x32_nt
1950204,1953352,0,2,1,51415.0,51415.0,10512,92318,57845.6,49479.0,49479.0,7554,91404,59290.9,1518.0,1518.0,1518,1518,0.0,1488.0,1488.0,1440,1536,67.9,cudaLaunchKernel,"void batch_eye_kernel<float, (int)5, (int)3>(long, long, T1 *, unsigned long, long long, int)"
1950204,1950204,0,56,41,51070.3,45899.0,39514,103591,18244.5,13105.1,11693.0,9388,29846,4407.7,543.3,485.0,27,1492,335.2,38297.7,32640.0,28608,80832,16295.2,cudaLaunchKernel,ampere_fp16_s1688gemm_fp16_256x64_ldg8_f2f_tn
1950204,1953352,0,2,1,50592.5,50592.5,8359,92826,59727.2,48817.5,48817.5,4809,92826,62237.4,2142.0,2142.0,2142,2142,0.0,1456.0,1456.0,1408,1504,67.9,cudaLaunchKernel,"void cuds_scal_batch_kernel<float, (int)256>(int, const T1 *, T1 *, long long)"
1950204,1950204,0,105,92,50343.6,49823.0,48572,63713,2238.5,11151.6,9848.0,8777,23494,3522.6,970.3,924.0,54,10355,1039.2,39103.1,39040.0,38560,41409,385.5,cuLaunchKernel,void cutlass::Kernel2<cutlass_80_tensorop_f16_s16816gemm_relu_f16_128x128_32x6_tn_align8>(T1::Params)
1950204,1953352,0,2,1,50278.5,50278.5,16574,83983,47665.4,46223.0,46223.0,10069,82377,51129.5,4297.0,4297.0,4297,4297,0.0,2336.0,2336.0,2208,2464,181.0,cudaLaunchKernel,"void at::native::triu_tril_kernel<double, int, (bool)0, (int)1, (bool)1>(at::cuda::detail::TensorInfo<T1, T2>, at::cuda::detail::TensorInfo<const T1, T2>, long, long, T2)"
1950204,1950204,0,12,8,49978.8,49100.0,47984,59369,3107.9,12641.5,10700.5,9107,23124,4726.7,997.9,1104.0,434,1293,341.0,37893.3,37840.0,37376,38400,286.5,cuLaunchKernel,void cutlass::Kernel2<cutlass_80_tensorop_f16_s16816gemm_relu_f16_128x256_32x3_tn_align8>(T1::Params)
1950204,1950204,0,144,32,49475.9,21750.0,14699,3988267,330562.3,45631.3,17844.0,8626,3988267,330907.6,780.0,717.0,61,1615,462.8,4902.0,4864.0,4768,5632,111.8,cudaLaunchKernel,"void at::native::<unnamed>::CatArrayBatchedCopy<at::native::<unnamed>::OpaqueType<(unsigned int)4>, unsigned int, (int)3, (int)64, (int)64>(T1 *, at::native::<unnamed>::CatArrInputTensorMetadata<T1, T2, T4, T5>, at::native::<unnamed>::TensorSizeStride<T2, (unsigned int)4>, int, T2)"
1950204,1953352,0,2,1,48368.0,48368.0,10782,85954,53154.6,46945.0,46945.0,7936,85954,55167.1,1566.0,1566.0,1566,1566,0.0,1328.0,1328.0,1280,1376,67.9,cudaLaunchKernel,"void orgqr_step1_kernel<float, (int)5, (int)3>(int, int, int, T1 *, int)"
1950204,1953352,0,14,0,47618.0,32669.0,20611,86298,23830.4,27851.0,24962.0,17233,46068,7959.2,,,,,0.0,24281.1,11504.0,4416,48288,19765.3,cudaLaunchKernel,"void at::native::vectorized_elementwise_kernel<(int)4, at::native::float16_copy_kernel_cuda(at::TensorIteratorBase &)::[lambda(float) (instance 1)], std::array<char *, (unsigned long)2>>(int, T2, T3)"
1950204,1952247,0,6,4,44155.0,18225.5,13667,178994,66164.2,41200.2,13896.5,9508,178089,67236.5,1278.3,1310.5,818,1674,355.2,2927.8,2928.0,2848,2976,48.3,cudaLaunchKernel,"void at::native::unrolled_elementwise_kernel<at::native::BUnaryFunctor<long, long, long, at::native::remainder_kernel_cuda(at::TensorIteratorBase &)::[lambda() (instance 1)]::operator ()() const::[lambda() (instance 4)]::operator ()() const::[lambda(long, long) (instance 1)]>, std::array<char *, (unsigned long)2>, (int)4, TrivialOffsetCalculator<(int)1, unsigned int>, TrivialOffsetCalculator<(int)1, unsigned int>, at::native::memory::LoadWithoutCast, at::native::memory::StoreWithoutCast>(int, T1, T2, T4, T5, T6, T7)"
1950204,1950204,0,4,0,43554.5,42726.0,20726,68040,20789.7,42814.0,42726.0,17764,68040,21897.1,,,,,0.0,3496.0,3472.0,2976,4064,454.3,cudaLaunchKernel,"void at_cuda_detail::cub::detail::reduce::DeviceReduceKernel<at_cuda_detail::cub::detail::reduce::policy_hub<int, unsigned long long, cuda::std::__4::plus<void>>::Policy1000, thrust::_V_300200_SM_750_800_860_900_1000_1200::transform_iterator<at::native::<unnamed>::NonZeroOp<bool>, const bool *, thrust::_V_300200_SM_750_800_860_900_1000_1200::use_default, thrust::_V_300200_SM_750_800_860_900_1000_1200::use_default>, unsigned long long, cuda::std::__4::plus<void>, int, cuda::std::__4::identity>(T2, T5 *, T3, at_cuda_detail::cub::GridEvenShare<T3>, T4, T6)"
1950204,1953352,0,2,1,43445.5,43445.5,13541,73350,42291.3,42381.0,42381.0,11412,73350,43796.8,593.0,593.0,593,593,0.0,1536.0,1536.0,1536,1536,0.0,cudaLaunchKernel,"void at::native::vectorized_elementwise_kernel<(int)2, at::native::AUnaryFunctor<double, double, double, at::native::binary_internal::MulFunctor<double>>, std::array<char *, (unsigned long)2>>(int, T2, T3)"
1950204,1953352,0,2,1,41865.0,41865.0,15727,68003,36964.7,38814.0,38814.0,13115,64513,36343.9,578.0,578.0,578,578,0.0,2832.0,2832.0,2752,2912,113.1,cudaLaunchKernel,"void at::native::triu_tril_kernel<float, int, (bool)1, (int)2, (bool)0>(at::cuda::detail::TensorInfo<T1, T2>, at::cuda::detail::TensorInfo<const T1, T2>, long, long, T2)"
1950204,1953352,0,4,3,41287.8,9864.5,8120,137302,64016.2,38506.0,6633.0,4098,136660,65449.8,1948.7,1893.0,1466,2487,512.8,1567.8,1552.0,1535,1632,45.5,cudaLaunchKernel,"void lacpy_kernel<float, float, (int)5, (int)3>(long, long, const T1 *, long, long, T2 *, long, long, int, int)"
1950204,1952247,0,8,5,40649.1,22935.0,15177,140229,42893.1,33534.0,15600.0,7555,134246,43610.5,1592.2,1702.0,1004,1961,361.9,6496.0,6656.0,5568,7104,546.3,cudaLaunchKernel,"void at_cuda_detail::cub::detail::radix_sort::DeviceRadixSortSingleTileKernel<at_cuda_detail::cub::detail::radix::policy_hub<long, at::cuda::cub::detail::OpaqueType<(int)8>, unsigned long long>::Policy1000, (at_cuda_detail::cub::SortOrder)0, long, at::cuda::cub::detail::OpaqueType<(int)8>, unsigned long long, at_cuda_detail::cub::detail::identity_decomposer_t>(const T3 *, T3 *, const T4 *, T4 *, T5, int, int, T6)"
1950204,1953352,0,2,1,40542.0,40542.0,14939,66145,36208.1,38248.0,38248.0,11873,64623,37299.9,474.0,474.0,474,474,0.0,2672.0,2672.0,2592,2752,113.1,cudaLaunchKernel,"void at::native::triu_tril_kernel<double, int, (bool)1, (int)1, (bool)0>(at::cuda::detail::TensorInfo<T1, T2>, at::cuda::detail::TensorInfo<const T1, T2>, long, long, T2)"
1950204,1950204,0,224,177,39410.2,35967.5,32223,121562,7383.9,13946.1,11652.5,10190,121562,8452.3,681.5,703.0,9,1428,296.4,26307.7,22816.0,20640,31712,4443.2,cudaLaunchKernel,ampere_fp16_s16816gemm_fp16_128x64_ldg8_f2f_stages_64x3_tn
1950204,1953352,0,2,0,37444.0,37444.0,14444,60444,32526.9,36183.5,36183.5,11923,60444,34309.5,,,,,0.0,4736.0,4736.0,4704,4768,45.3,cudaLaunchKernel,"void sytrd4_cta<sytrd_params<float, (int)16, (int)32, (int)32, (int)32, (int)0, (int)1, (int)2>, (int)1>(int, T1::data_type *, int, int, T1::pod_type *, int, T1::pod_type *, int, T1::data_type *, int, int)"
1950204,1950204,0,30,17,36432.5,47871.0,18944,53502,15189.8,13553.8,12754.0,9739,20570,2818.7,642.6,740.0,20,1296,364.1,23078.3,35599.5,8256,36416,14007.5,cudaLaunchKernel,ampere_fp16_s16816gemm_fp16_64x64_ldg8_f2f_tn
1950204,1953352,0,2,1,35860.5,35860.5,14572,57149,30106.5,34982.0,34982.0,12815,57149,31348.9,413.0,413.0,413,413,0.0,1344.0,1344.0,1344,1344,0.0,cudaLaunchKernel,"void at::native::vectorized_elementwise_kernel<(int)2, at::native::FillFunctor<double>, std::array<char *, (unsigned long)1>>(int, T2, T3)"
1950204,1953352,0,2,1,35714.5,35714.5,17674,53755,25513.1,26651.0,26651.0,7655,45647,26864.4,1731.0,1731.0,1731,1731,0.0,8384.0,8384.0,8288,8480,135.8,cudaLaunchKernel,"void batched_svd_qr_32x16<double, double>(int, int, int, T1 *, unsigned long, int, T1 *, unsigned long, int)"
1950204,1953352,0,2,2,35468.0,35468.0,30463,40473,7078.1,11892.5,11892.5,8406,15379,4930.7,967.5,967.5,326,1609,907.2,22608.0,22608.0,20448,24768,3054.7,cudaLaunchKernel,"void kernel<getrf_wo_pivot_params_<double, (int)0, (int)256, (int)1, (int)64, (int)64, (int)68, (int)16, (int)1, (int)1>>(int, int, void *, int, void *, int, int, int, int, int, int *)"
1950204,1950204,0,288,129,35307.4,18325.5,10963,4810124,282445.8,31080.6,14537.5,5281,4810124,282714.2,1168.3,1400.0,20,5696,845.5,4320.3,3808.0,3392,43648,2783.8,cudaLaunchKernel,"void at::native::elementwise_kernel<(int)128, (int)4, void at::native::gpu_kernel_impl_nocast<at::native::BinaryFunctor<bool, bool, bool, at::native::BitwiseAndFunctor<bool>>>(at::TensorIteratorBase &, const T1 &)::[lambda(int) (instance 1)]>(int, T3)"
1950204,1950204,0,16,15,35034.3,35158.5,34237,36334,604.9,12004.8,11693.0,10580,18885,1928.0,1008.6,986.0,716,1306,134.5,22504.0,22464.0,22304,22880,175.5,cuLaunchKernel,void cutlass::Kernel2<cutlass_80_wmma_tensorop_f16_s161616gemm_f16_32x32_64x1_nn_align2>(T1::Params)
1950204,1953352,0,2,1,34656.0,34656.0,12313,56999,31597.8,31880.5,31880.5,8757,55004,32701.6,1508.0,1508.0,1508,1508,0.0,2096.0,2096.0,2048,2144,67.9,cudaLaunchKernel,"void lansy_M_stage2<float, (int)8>(T1, T1, long, T1 *, long, T1 *, T1 *)"
1950204,1953352,0,2,1,34555.5,34555.5,13365,55746,29967.9,33333.0,33333.0,10920,55746,31696.8,813.0,813.0,813,813,0.0,1616.0,1616.0,1600,1632,22.6,cudaLaunchKernel,"void at::native::elementwise_kernel<(int)128, (int)2, void at::native::gpu_kernel_impl_nocast<at::native::FillFunctor<double>>(at::TensorIteratorBase &, const T1 &)::[lambda(int) (instance 1)]>(int, T3)"
1950204,1953352,0,2,1,33838.0,33838.0,13373,54303,28941.9,32772.5,32772.5,11242,54303,30448.7,435.0,435.0,435,435,0.0,1712.0,1712.0,1696,1728,22.6,cudaLaunchKernel,"void at::native::vectorized_elementwise_kernel<(int)2, at::native::CUDAFunctor_add<double>, std::array<char *, (unsigned long)3>>(int, T2, T3)"
1950204,1953352,0,14,7,33512.2,28744.5,14231,97766,21496.0,24899.5,16842.0,10630,97766,22579.6,14036.3,16690.0,200,31659,13513.6,2304.0,2320.0,1952,2720,235.8,cudaLaunchKernel,"void at::native::vectorized_elementwise_kernel<(int)4, at::native::sqrt_kernel_cuda(at::TensorIteratorBase &)::[lambda() (instance 2)]::operator ()() const::[lambda() (instance 2)]::operator ()() const::[lambda(float) (instance 1)], std::array<char *, (unsigned long)2>>(int, T2, T3)"
1950204,1950204,0,390,363,33307.4,17535.0,13471,215283,33802.9,8744.9,6657.5,5230,153522,8720.2,7900.4,1986.0,20,82791,16221.4,17660.3,8720.0,6016,62880,17286.2,cudaLaunchKernel,"void <unnamed>::softmax_warp_forward<c10::Half, float, float, (int)8, (bool)0, (bool)0, (int)32>(T2 *, const T1 *, int, int, int, const bool *, int, bool)"
1950204,1953352,0,2,1,32440.0,32440.0,18261,46619,20052.1,27126.5,27126.5,7634,46619,27566.6,8163.0,8163.0,8163,8163,0.0,2448.0,2448.0,2432,2464,22.6,cudaLaunchKernel,"void scale_max<double, (int)32, (int)32, (int)1>(long, long, T1 *, T1 *, T1 *, int *)"
1950204,1950204,0,1310,1093,32348.3,30488.5,21178,133314,7973.5,13395.3,11562.0,8747,133314,6775.2,658.8,689.0,0,1617,295.0,19280.7,18240.0,9472,63104,6424.7,cudaLaunchKernel,ampere_fp16_s16816gemm_fp16_128x64_ldg8_f2f_stages_64x4_tn
1950204,1953352,0,2,1,32322.5,32322.5,11394,53251,29597.4,30578.5,30578.5,9398,51759,29953.8,396.0,396.0,396,396,0.0,1664.0,1664.0,1600,1728,90.5,cudaLaunchKernel,"void at::native::elementwise_kernel<(int)128, (int)2, void at::native::gpu_kernel_impl_nocast<at::native::FillFunctor<float>>(at::TensorIteratorBase &, const T1 &)::[lambda(int) (instance 1)]>(int, T3)"
1950204,1950204,0,67,45,32031.6,24875.0,20111,50661,10659.7,13475.2,12354.0,9218,31199,3978.9,717.7,756.0,24,1579,291.0,19255.3,11488.0,9312,35871,9729.9,cuLaunchKernel,void cutlass::Kernel2<cutlass_80_tensorop_f16_s16816gemm_relu_f16_64x256_32x4_nn_align8>(T1::Params)
1950204,1953352,0,84,72,31782.3,34474.5,22609,98662,11737.7,8925.9,5205.0,4268,73721,10538.7,1804.9,2020.0,236,2521,492.5,22120.8,22048.0,16129,28448,5920.5,cudaLaunchKernel,"void trsm_batch_left_upper_kernel_small<float, (int)16, (int)16, (int)64>(cublasTrsmBatchParams<T1>, const T1 *const *, T1 *const *, const T1 *, T1)"
1950204,1953352,0,2,1,31580.0,31580.0,9372,53788,31406.9,28138.5,28138.5,4508,51769,33418.6,2112.0,2112.0,2112,2112,0.0,2799.5,2799.5,2752,2847,67.2,cudaLaunchKernel,"void lansy_M_stage1<double, double, (int)8>(long, const T1 *, long, long, T2 *, long, int)"
1950204,1950204,0,272,83,31523.2,17395.5,9392,3459792,208847.9,30117.6,15815.5,5651,3459792,208961.2,801.8,422.0,0,2288,758.1,1935.3,1888.0,1600,2592,143.1,cudaLaunchKernel,"void at::native::vectorized_elementwise_kernel<(int)4, void at::native::compare_scalar_kernel<long>(at::TensorIteratorBase &, at::native::<unnamed>::OpType, T1)::[lambda(long) (instance 1)], std::array<char *, (unsigned long)2>>(int, T2, T3)"
1950204,1950204,0,315,277,31142.6,25032.0,16615,950528,63264.4,15094.6,7855.0,6352,927687,62908.4,1480.2,1590.0,5,2998,415.2,15510.6,14304.0,8640,25088,4717.1,cudaLaunchKernel,"void at::native::reduce_kernel<(int)128, (int)4, at::native::ReduceOp<bool, at::native::func_wrapper_t<bool, at::native::or_kernel_cuda(at::TensorIterator &)::[lambda() (instance 1)]::operator ()() const::[lambda() (instance 12)]::operator ()() const::[lambda(bool, bool) (instance 1)]>, unsigned int, bool, (int)4, (int)4>>(T3)"
1950204,1953352,0,15404,14460,31134.5,15904.0,14175,17192799,454786.3,7283.8,5972.0,4589,1375100,19000.4,17018.3,1801.0,0,17104454,468059.3,8163.2,8192.0,7424,9280,240.1,cudaLaunchKernel,"void at::native::reduce_kernel<(int)512, (int)1, at::native::ReduceOp<c10::Half, at::native::func_wrapper_t<c10::Half, at::native::MaxNanFunctor<c10::Half>>, unsigned int, c10::Half, (int)4, (int)4>>(T3)"
1950204,1953352,0,2,2,30213.0,30213.0,18057,42369,17191.2,20860.0,20860.0,8487,33233,17498.1,1769.0,1769.0,1616,1922,216.4,7584.0,7584.0,7520,7648,90.5,cudaLaunchKernel,"void batched_svd_qr_32x16<float, float>(int, int, int, T1 *, unsigned long, int, T1 *, unsigned long, int)"
1950204,1950204,0,288,155,29522.6,15880.0,8849,3891664,228478.5,27249.5,13781.0,4659,3891664,228639.4,1022.5,1008.0,0,2309,818.0,2064.5,2048.0,1920,2880,95.6,cudaLaunchKernel,"void at::native::vectorized_elementwise_kernel<(int)4, at::native::AUnaryFunctor<float, float, float, at::native::binary_internal::MulFunctor<float>>, std::array<char *, (unsigned long)2>>(int, T2, T3)"
1950204,1953352,0,2,1,28495.0,28495.0,8969,48021,27613.9,24777.5,24777.5,4038,45517,29330.1,2371.0,2371.0,2371,2371,0.0,2560.0,2560.0,2560,2560,0.0,cudaLaunchKernel,"void ormqr_cta_kernel<double, (int)4, (int)1>(long, long, long, const T1 *, long, long, const T1 *, long, T1 *, long, long, long, long, long, int)"
1950204,1950204,0,123,94,28457.1,22063.0,17259,57501,12311.4,12930.1,10921.0,8957,49134,5764.4,892.3,891.5,92,1396,287.4,15759.6,11072.0,6528,39904,11064.5,cuLaunchKernel,void cutlass::Kernel2<cutlass_80_tensorop_f16_s16816gemm_f16_64x64_32x6_nn_align2>(T1::Params)
1950204,1953352,0,132,84,28400.4,14696.5,10752,232673,38250.3,26207.0,11963.0,7494,232673,39060.4,1056.8,1045.0,148,2012,441.0,2078.3,2048.0,1760,2528,180.8,cudaLaunchKernel,"void at::native::vectorized_elementwise_kernel<(int)4, at::native::<unnamed>::CompareFunctor<float>, std::array<char *, (unsigned long)3>>(int, T2, T3)"
1950204,1953352,0,2,2,28054.0,28054.0,11938,44170,22791.5,24281.5,24281.5,7665,40898,23499.3,1084.5,1084.5,456,1713,888.8,2688.0,2688.0,2560,2816,181.0,cudaLaunchKernel,"void larft_vtv_32<double, (int)128>(long, long, const T1 *, long, long, T1 *, long, long)"
1950204,1952247,0,8,2,27844.4,18855.5,13232,90633,25797.6,26008.5,17733.5,8487,90633,26824.1,856.5,856.5,424,1289,611.6,3524.0,3488.0,3360,3712,131.9,cudaLaunchKernel,"void at_cuda_detail::cub::detail::radix_sort::DeviceRadixSortHistogramKernel<at_cuda_detail::cub::detail::radix::policy_hub<long, at::cuda::cub::detail::OpaqueType<(int)8>, unsigned long long>::Policy1000, (at_cuda_detail::cub::SortOrder)0, long, unsigned long long, at_cuda_detail::cub::detail::identity_decomposer_t>(T4 *, const T3 *, T4, int, int, T5)"
1950204,1950204,0,144,90,27798.6,16803.5,10541,1556652,128399.1,24552.0,13666.0,5450,1555553,128627.8,764.5,427.5,3,2083,731.7,3177.8,3104.0,2944,3808,176.0,cudaLaunchKernel,"void at::native::vectorized_elementwise_kernel<(int)4, at::native::cos_kernel_cuda(at::TensorIteratorBase &)::[lambda() (instance 2)]::operator ()() const::[lambda() (instance 2)]::operator ()() const::[lambda(float) (instance 1)], std::array<char *, (unsigned long)2>>(int, T2, T3)"
1950204,1950204,0,432,203,27272.3,15640.5,8497,5019413,240853.8,25331.8,13871.0,4820,5019413,240969.5,1026.5,1162.0,9,2201,724.6,1840.6,1824.0,1504,2688,139.2,cudaLaunchKernel,"void at::native::vectorized_elementwise_kernel<(int)2, at::native::CUDAFunctorOnSelf_add<long>, std::array<char *, (unsigned long)2>>(int, T2, T3)"
1950204,1950204,0,144,92,26861.0,16499.5,9896,1484899,122459.0,23499.8,13355.0,4819,1484899,122789.0,949.4,547.5,31,2306,807.8,3082.9,3008.0,2816,3776,200.1,cudaLaunchKernel,"void at::native::vectorized_elementwise_kernel<(int)4, at::native::sin_kernel_cuda(at::TensorIteratorBase &)::[lambda() (instance 2)]::operator ()() const::[lambda() (instance 2)]::operator ()() const::[lambda(float) (instance 1)], std::array<char *, (unsigned long)2>>(int, T2, T3)"
1950204,1953352,0,6,2,26808.7,19189.0,16278,64289,18597.2,24713.8,18319.5,13476,61257,18172.9,301.0,301.0,178,424,173.9,2709.3,2656.0,2528,3136,214.8,cudaLaunchKernel,"void at::native::<unnamed>::distribution_elementwise_grid_stride_kernel<double, (int)2, void at::native::templates::cuda::normal_and_transform<double, double, at::CUDAGeneratorImpl *, void at::native::templates::cuda::normal_kernel<at::CUDAGeneratorImpl *>(const at::TensorBase &, double, double, T1)::[lambda() (instance 1)]::operator ()() const::[lambda() (instance 1)]::operator ()() const::[lambda(double) (instance 1)]>(at::TensorIteratorBase &, T3, T4)::[lambda(curandStatePhilox4_32_10 *) (instance 1)], void at::native::<unnamed>::distribution_nullary_kernel<double, double, double2, at::CUDAGeneratorImpl *, void at::native::templates::cuda::normal_and_transform<double, double, at::CUDAGeneratorImpl *, void at::native::templates::cuda::normal_kernel<at::CUDAGeneratorImpl *>(const at::TensorBase &, double, double, T1)::[lambda() (instance 1)]::operator ()() const::[lambda() (instance 1)]::operator ()() const::[lambda(double) (instance 1)]>(at::TensorIteratorBase &, T3, T4)::[lambda(curandStatePhilox4_32_10 *) (instance 1)], void at::native::templates::cuda::normal_kernel<at::CUDAGeneratorImpl *>(const at::TensorBase &, double, double, T1)::[lambda() (instance 1)]::operator ()() const::[lambda() (instance 1)]::operator ()() const::[lambda(double) (instance 1)]>(at::TensorIteratorBase &, T4, const T5 &, T6)::[lambda(int, double) (instance 1)]>(long, at::PhiloxCudaState, T3, T4)"
1950204,1950204,0,30,19,26673.5,32845.5,15621,34812,7604.4,12600.8,11036.0,9498,21331,3437.2,954.6,1061.0,328,1360,305.2,14559.9,21296.0,5760,21696,7530.0,cuLaunchKernel,void cutlass::Kernel2<cutlass_80_wmma_tensorop_f16_s161616gemm_f16_32x32_64x1_tn_align2>(T1::Params)
1950204,1952247,0,16,6,26635.6,18079.0,10522,90212,23198.5,24599.6,16261.0,5962,90212,24365.6,1472.0,1524.5,872,2160,495.9,2446.0,2448.0,2176,2720,142.6,cudaLaunchKernel,"void at::native::vectorized_elementwise_kernel<(int)2, at::native::CUDAFunctor_add<long>, std::array<char *, (unsigned long)3>>(int, T2, T3)"
1950204,1950204,0,1306,1103,26268.8,24983.0,22247,556470,18563.1,13399.6,11381.5,9238,556470,18998.7,691.5,709.0,5,6606,364.3,12948.8,12576.0,11680,40192,1976.4,cudaLaunchKernel,ampere_fp16_s16816gemm_fp16_64x64_sliced1x2_ldg8_f2f_stages_64x5_tn
1950204,1953352,0,2,1,26166.5,26166.5,9277,43056,23885.4,23655.0,23655.0,5560,41750,25590.2,1701.0,1701.0,1701,1701,0.0,2064.0,2064.0,2016,2112,67.9,cudaLaunchKernel,"void epilogue<sytrd_params<float, (int)32, (int)8, (int)512, (int)32, (int)16, (int)1, (int)2>, (int)128, (int)1, (int)1>(int, int, T1::data_type *, int, int, T1::pod_type *, int, T1::pod_type *, int, T1::data_type *, int, T1::data_type *, int, int)"
1950204,1950204,0,3596,3238,26160.9,13018.0,10275,3266228,131161.4,11692.0,9543.5,7494,1167374,23202.2,13755.2,1132.0,0,3155410,134229.4,2221.3,1984.0,1600,5024,565.2,cudaLaunchKernel,"void at_cuda_detail::cub::detail::reduce::DeviceReduceSingleTileKernel<at_cuda_detail::cub::detail::reduce::policy_hub<int, unsigned long long, cuda::std::__4::plus<void>>::Policy1000, thrust::_V_300200_SM_750_800_860_900_1000_1200::transform_iterator<at::native::<unnamed>::NonZeroOp<bool>, const bool *, thrust::_V_300200_SM_750_800_860_900_1000_1200::use_default, thrust::_V_300200_SM_750_800_860_900_1000_1200::use_default>, int *, unsigned long long, cuda::std::__4::plus<void>, int, int, cuda::std::__4::identity>(T2, T3, T4, T5, T6, T8)"
1950204,1953352,0,2,1,26043.0,26043.0,11890,40196,20015.4,23880.0,23880.0,7564,40196,23074.3,2694.0,2694.0,2694,2694,0.0,1632.0,1632.0,1632,1632,0.0,cudaLaunchKernel,"void scale_max<double, (int)32, (int)128, (int)0>(long, long, T1 *, T1 *, T1 *, int *)"
1950204,1950204,0,179,141,25819.6,24921.0,23126,41024,2619.3,13186.1,11843.0,9388,34836,3754.9,670.1,673.0,31,1719,284.1,12723.3,12448.0,12192,23489,1424.5,cudaLaunchKernel,ampere_fp16_s16816gemm_fp16_64x64_sliced1x2_ldg8_f2f_stages_64x6_tn
1950204,1950204,0,864,673,25716.3,23775.5,21209,345029,14467.2,15477.8,13060.0,10781,333084,14982.2,527.8,522.0,2,8919,417.6,10516.5,9920.0,8800,13216,1288.1,cudaLaunchKernelExC,sm80_xmma_gemm_f16f16_f16f32_f32_tn_n_tilesize32x32x64_stage6_warpsize2x2x1_tensor16x8x16_execute_kernel__5x_cublas
1950204,1953352,0,5,3,25181.8,12481.0,12134,74617,27647.0,20530.8,5861.0,5730,71125,28517.8,2033.0,2036.0,2012,2051,19.7,4505.6,4512.0,4352,4704,155.8,cudaLaunchKernel,"void at::native::<unnamed>::CatArrayBatchedCopy_alignedK_contig<at::native::<unnamed>::OpaqueType<(unsigned int)8>, unsigned int, (int)2, (int)128, (int)1, (int)16>(T1 *, at::native::<unnamed>::CatArrInputTensorMetadata<T1, T2, T4, T5>, at::native::<unnamed>::TensorSizeStride<T2, (unsigned int)4>, int, T2)"
1950204,1953352,0,2,2,25139.0,25139.0,11025,39253,19960.2,21456.0,21456.0,7284,35628,20042.2,1219.0,1219.0,1129,1309,127.3,2464.0,2464.0,2432,2496,45.3,cudaLaunchKernel,"void larft_T_32<double, (int)256>(int, T1 *, int, long, const T1 *, long)"
1950204,1952247,0,16,11,24953.1,19212.5,16207,88218,17475.7,15381.1,9944.0,4528,76396,17614.7,2043.9,1559.0,468,4698,1521.0,9309.9,9136.0,8000,11040,889.5,cudaLaunchKernel,"void at_cuda_detail::cub::detail::radix_sort::DeviceRadixSortOnesweepKernel<at_cuda_detail::cub::detail::radix::policy_hub<long, at::cuda::cub::detail::OpaqueType<(int)8>, unsigned long long>::Policy1000, (at_cuda_detail::cub::SortOrder)0, long, at::cuda::cub::detail::OpaqueType<(int)8>, unsigned long long, int, int, at_cuda_detail::cub::detail::identity_decomposer_t>(T7 *, T7 *, T5 *, const T5 *, T3 *, const T3 *, T4 *, const T4 *, T6, int, int, T8)"
1950204,1950204,0,144,24,24801.3,20447.0,14525,356580,31160.5,22870.7,18560.5,10830,355487,31367.7,476.9,429.5,18,1007,280.1,2793.3,2832.0,1856,3488,192.5,cuLaunchKernelEx,_bmm_outer_product_kernel
1950204,1953352,0,2,2,24775.5,24775.5,12146,37405,17860.8,17112.5,17112.5,4218,30007,18235.6,2175.0,2175.0,1926,2424,352.1,5488.0,5488.0,5472,5504,22.6,cudaLaunchKernel,"void sytrd4_cta<sytrd_params<double, (int)16, (int)32, (int)32, (int)32, (int)0, (int)1, (int)2>, (int)1>(int, T1::data_type *, int, int, T1::pod_type *, int, T1::pod_type *, int, T1::data_type *, int, int)"
1950204,1953352,0,14,9,23977.1,19415.0,13721,62971,13731.2,22152.0,17428.0,10941,61607,14283.4,471.2,428.0,10,1459,439.7,1862.9,1840.0,1760,2080,116.5,cudaLaunchKernel,"void at::native::vectorized_elementwise_kernel<(int)4, at::native::<unnamed>::launch_clamp_scalar(at::TensorIteratorBase &, c10::Scalar, c10::Scalar, at::native::detail::ClampLimits)::[lambda() (instance 1)]::operator ()() const::[lambda() (instance 7)]::operator ()() const::[lambda(float) (instance 1)], std::array<char *, (unsigned long)2>>(int, T2, T3)"
1950204,1953352,0,14,6,23636.4,20255.5,12425,54885,10533.4,19181.7,15825.5,8477,51358,10672.6,432.2,252.0,47,1388,490.2,5282.2,3664.0,2528,8224,2646.0,cudaLaunchKernel,"void at::native::vectorized_elementwise_kernel<(int)4, at::native::AUnaryFunctor<unsigned char, unsigned char, unsigned char, at::native::binary_internal::MulFunctor<unsigned char>>, std::array<char *, (unsigned long)2>>(int, T2, T3)"
1950204,1953352,0,2,2,23291.0,23291.0,8814,37768,20473.6,19643.0,19643.0,4419,34867,21530.0,1472.0,1472.0,725,2219,1056.4,2176.0,2176.0,2176,2176,0.0,cudaLaunchKernel,"void lansy_M_stage2<double, (int)8>(T1, T1, long, T1 *, long, T1 *, T1 *)"
1950204,1953352,0,2,2,22772.5,22772.5,13128,32417,13639.4,18199.5,18199.5,7394,29005,15281.3,2285.0,2285.0,1076,3494,1709.8,2288.0,2288.0,2240,2336,67.9,cudaLaunchKernel,"void scale_max<float, (int)32, (int)32, (int)1>(long, long, T1 *, T1 *, T1 *, int *)"
1950204,1953352,0,2,2,22760.0,22760.0,10757,34763,16974.8,19181.0,19181.0,7093,31269,17095.0,1083.0,1083.0,934,1232,210.7,2496.0,2496.0,2432,2560,90.5,cudaLaunchKernel,"void larft_T_32<float, (int)256>(int, T1 *, int, long, const T1 *, long)"
1950204,1953352,0,2,1,21998.5,21998.5,10806,33191,15828.6,18961.5,18961.5,6663,31260,17392.7,1743.0,1743.0,1743,1743,0.0,2384.0,2384.0,2368,2400,22.6,cudaLaunchKernel,"void lascl_kernel<float, float, (int)8>(long, long, T1 *, long, long, T2 *, int, int)"
1950204,1953352,0,4,2,21901.0,15322.0,12535,44425,15075.1,19960.8,13701.5,8015,44425,16600.9,1224.5,1224.5,649,1800,813.9,2656.0,2656.0,2592,2720,73.9,cudaLaunchKernel,"void gemmSN_TN_kernel<double, (int)128, (int)16, (int)2, (int)4, (int)4, (int)4, (bool)1, cublasGemvTensorStridedBatched<const double>, cublasGemvTensorStridedBatched<const double>, cublasGemvTensorStridedBatched<double>>(cublasGemmSmallNParams<T9, T10, T11, T1>)"
1950204,1952247,0,16,9,21619.0,16574.0,12389,68140,15983.3,17958.1,11497.0,5991,68140,17868.4,1063.0,1142.0,126,1808,585.2,4814.0,4832.0,4608,5056,129.0,cudaLaunchKernel,"void at::native::<unnamed>::write_indices<long>(long *, at::native::<unnamed>::TensorDims<T1>, int, T1, long *, long)"
1950204,1953352,0,8,5,21491.1,15236.0,10946,69102,19421.3,19592.3,13260.0,7183,69102,20359.1,811.6,339.0,155,1875,817.9,1884.0,1888.0,1856,1888,11.3,cudaLaunchKernel,"void at::native::elementwise_kernel<(int)128, (int)2, void at::native::gpu_kernel_impl_nocast<at::native::direct_copy_kernel_cuda(at::TensorIteratorBase &)::[lambda() (instance 3)]::operator ()() const::[lambda() (instance 6)]::operator ()() const::[lambda(double) (instance 1)]>(at::TensorIteratorBase &, const T1 &)::[lambda(int) (instance 1)]>(int, T3)"
1950204,1953352,0,19,5,21344.6,16912.0,10671,84140,16344.0,20278.2,16912.0,7424,84140,16987.7,1279.0,1234.0,1105,1455,141.9,2027.8,2080.0,1760,2272,144.4,cudaLaunchKernel,"void at::native::unrolled_elementwise_kernel<at::native::<unnamed>::CompareFunctor<c10::Half>, std::array<char *, (unsigned long)3>, (int)4, TrivialOffsetCalculator<(int)2, unsigned int>, TrivialOffsetCalculator<(int)1, unsigned int>, at::native::memory::LoadWithoutCast, at::native::memory::StoreWithoutCast>(int, T1, T2, T4, T5, T6, T7)"
1950204,1950204,0,42,32,21340.0,20534.5,17784,36167,3592.9,12111.3,10420.0,8907,25909,4008.6,916.4,990.0,208,1563,400.3,9257.1,9024.0,7648,12032,1569.1,cuLaunchKernel,void cutlass::Kernel2<cutlass_75_wmma_tensorop_f16_s161616gemm_f16_32x32_64x1_nn_align1>(T1::Params)
1950204,1950204,0,7,6,21107.3,15273.0,13596,55256,15159.5,16849.3,10279.0,8346,50667,15333.3,1245.0,1283.0,909,1570,254.6,3721.1,3712.0,3680,3776,35.6,cudaLaunchKernel,"void <unnamed>::softmax_warp_forward<c10::Half, float, float, (int)6, (bool)0, (bool)0, (int)32>(T2 *, const T1 *, int, int, int, const bool *, int, bool)"
1950204,1953352,0,19677,18426,20944.2,8539.0,7027,16952957,353277.2,6611.3,5070.0,3677,2275345,24847.4,13933.6,2156.0,4,16928468,362988.8,1363.7,1376.0,1247,2528,70.9,cudaLaunchKernel,"void <unnamed>::elementwise_kernel_with_index<int, at::native::arange_cuda_out(const c10::Scalar &, const c10::Scalar &, const c10::Scalar &, at::Tensor &)::[lambda() (instance 1)]::operator ()() const::[lambda() (instance 4)]::operator ()() const::[lambda(long) (instance 1)]>(T1, T2, function_traits<T2>::result_type *)"
1950204,1953352,0,42,20,20904.2,16175.5,13136,104238,14554.7,18575.5,13521.0,9077,104238,15403.6,908.8,908.0,170,1448,378.7,2806.9,2688.0,2432,3264,268.7,cudaLaunchKernel,"void at::native::vectorized_elementwise_kernel<(int)4, at::native::AUnaryFunctor<unsigned char, unsigned char, bool, at::native::<unnamed>::CompareEqFunctor<unsigned char>>, std::array<char *, (unsigned long)2>>(int, T2, T3)"
1950204,1950204,0,144,72,20458.4,18071.0,10973,231932,21235.8,16320.4,14062.0,5600,231932,21845.4,920.1,792.0,1,2211,713.1,4226.0,3936.0,3488,16704,1267.1,cudaLaunchKernel,"void at::native::elementwise_kernel<(int)128, (int)4, void at::native::gpu_kernel_impl_nocast<at::native::<unnamed>::CompareFunctor<long>>(at::TensorIteratorBase &, const T1 &)::[lambda(int) (instance 1)]>(int, T3)"
1950204,1950204,0,306,269,20340.8,18176.5,14581,213474,12502.4,10027.8,7689.5,6162,193298,11632.3,1440.8,1499.0,200,2241,372.6,9778.0,8464.0,6560,30080,4032.3,cudaLaunchKernel,"void at::native::reduce_kernel<(int)256, (int)2, at::native::ReduceOp<bool, at::native::func_wrapper_t<bool, at::native::or_kernel_cuda(at::TensorIterator &)::[lambda() (instance 1)]::operator ()() const::[lambda() (instance 12)]::operator ()() const::[lambda(bool, bool) (instance 1)]>, unsigned int, bool, (int)4, (int)4>>(T3)"
1950204,1950204,0,14,5,20178.9,20271.0,16390,27936,3382.9,15393.9,14914.0,10460,22272,4095.8,691.6,744.0,393,994,233.7,5673.1,5680.0,5024,6336,641.0,cudaLaunchKernel,ampere_fp16_s16816gemm_fp16_128x64_ldg8_f2f_stages_32x6_tn
1950204,1950204,0,51,45,20030.2,15933.0,13023,76661,10138.7,9344.4,6944.0,5430,59764,7991.6,1790.6,1883.0,103,2425,416.6,9572.3,5632.0,5472,18655,5982.2,cudaLaunchKernel,"void <unnamed>::softmax_warp_forward<c10::Half, float, float, (int)7, (bool)0, (bool)0, (int)32>(T2 *, const T1 *, int, int, int, const bool *, int, bool)"
1950204,1950204,0,128,70,19724.6,15395.5,8923,422098,37191.2,17675.9,13476.0,5050,421423,37496.0,889.0,509.5,4,2256,779.7,1920.7,1920.0,1600,2592,114.8,cudaLaunchKernel,"void at::native::vectorized_elementwise_kernel<(int)4, at::native::BinaryFunctor<bool, bool, bool, at::native::BitwiseOrFunctor<bool>>, std::array<char *, (unsigned long)3>>(int, T2, T3)"
1950204,1953352,0,42,30,19627.1,17704.5,12706,61849,8291.7,13229.1,9753.5,7384,60766,9457.2,1315.6,1436.0,9,2619,575.7,6277.3,4752.0,3392,10720,2858.0,cudaLaunchKernel,"void at::native::elementwise_kernel<(int)128, (int)2, void at::native::gpu_kernel_impl_nocast<at::native::direct_copy_kernel_cuda(at::TensorIteratorBase &)::[lambda() (instance 3)]::operator ()() const::[lambda() (instance 3)]::operator ()() const::[lambda(int) (instance 1)]>(at::TensorIteratorBase &, const T1 &)::[lambda(int) (instance 1)]>(int, T3)"
1950204,1950204,0,14,7,19469.1,18974.0,16831,23805,2368.2,13087.1,11818.0,9648,23805,4047.8,797.0,797.0,512,1031,191.9,7405.7,7408.0,6496,8352,920.8,cuLaunchKernel,void cutlass::Kernel2<cutlass_80_wmma_tensorop_f16_s161616gemm_f16_32x32_128x1_nn_align2>(T1::Params)
1950204,1950204,0,4,3,19234.5,15365.5,11950,34257,10474.8,16228.5,12894.5,7895,31230,10746.8,1163.3,819.0,760,1911,648.2,2240.0,2224.0,2144,2368,94.2,cudaLaunchKernel,"void at_cuda_detail::cub::detail::reduce::DeviceReduceSingleTileKernel<at_cuda_detail::cub::detail::reduce::policy_hub<int, unsigned long long, cuda::std::__4::plus<void>>::Policy1000, int *, int *, int, cuda::std::__4::plus<void>, int, int, cuda::std::__4::identity>(T2, T3, T4, T5, T6, T8)"
1950204,1953352,0,2,2,19219.0,19219.0,10971,27467,11664.4,16501.5,16501.5,7544,25459,12667.8,1277.5,1277.5,568,1987,1003.4,1440.0,1440.0,1440,1440,0.0,cudaLaunchKernel,"void batch_eye_kernel<double, (int)5, (int)3>(long, long, T1 *, unsigned long, long long, int)"
1950204,1953352,0,2,2,19213.5,19213.5,11442,26985,10990.6,16992.0,16992.0,9487,24497,10613.7,941.5,941.5,675,1208,376.9,1280.0,1280.0,1280,1280,0.0,cudaLaunchKernel,"void orgqr_step1_kernel<double, (int)5, (int)3>(int, int, int, T1 *, int)"
1950204,1953352,0,30797,28778,19152.6,10813.0,8709,17252252,324708.8,8152.2,6934.0,4669,2114648,17930.0,9540.3,1830.0,1,17234606,334905.9,2199.2,2144.0,1568,4672,165.0,cudaLaunchKernel,"void at::native::vectorized_elementwise_kernel<(int)4, at::native::AbsFunctor<c10::Half>, std::array<char *, (unsigned long)2>>(int, T2, T3)"
1950204,1953352,0,2,1,18701.5,18701.5,8917,28486,13837.4,16787.0,16787.0,5941,27633,15338.6,1568.0,1568.0,1568,1568,0.0,1408.0,1408.0,1408,1408,0.0,cudaLaunchKernel,"void cuds_scal_batch_kernel<double, (int)256>(int, const T1 *, T1 *, long long)"
1950204,1950204,0,16,15,18633.8,13637.5,11996,57797,12710.0,12567.6,6993.0,5480,50627,13464.4,1578.9,1626.0,452,2114,451.5,4894.0,4880.0,4640,5216,172.7,cudaLaunchKernel,"void at::native::<unnamed>::write_indices<long>(long *, at::native::<unnamed>::TensorDims<T1>, int, T1, long *, long)"
1950204,1950204,0,144,30,18579.0,18283.5,11881,47992,5363.9,17897.3,17919.5,9447,47992,5889.2,654.4,757.0,30,1345,372.9,1472.6,1504.0,1376,1504,44.7,cudaLaunchKernel,"void at::native::vectorized_elementwise_kernel<(int)4, at::native::FillFunctor<c10::Half>, std::array<char *, (unsigned long)1>>(int, T2, T3)"
1950204,1953352,0,42,27,18469.5,15415.5,11880,90743,12480.1,14871.9,10520.0,6433,90743,13592.3,1160.6,1245.0,219,2119,438.8,3595.4,3552.0,3136,4128,351.5,cudaLaunchKernel,"void at::native::unrolled_elementwise_kernel<at::native::direct_copy_kernel_cuda(at::TensorIteratorBase &)::[lambda() (instance 3)]::operator ()() const::[lambda() (instance 1)]::operator ()() const::[lambda(unsigned char) (instance 1)], std::array<char *, (unsigned long)2>, (int)4, TrivialOffsetCalculator<(int)1, unsigned int>, TrivialOffsetCalculator<(int)1, unsigned int>, at::native::memory::LoadWithCast<(int)1>, at::native::memory::StoreWithCast<(int)1>>(int, T1, T2, T4, T5, T6, T7)"
1950204,1950204,0,14,7,18144.7,18133.5,15834,19766,1254.8,12414.8,12488.0,9608,16852,1802.3,723.1,773.0,363,1096,264.4,6043.4,6048.0,5280,6848,723.2,cuLaunchKernel,void cutlass::Kernel2<cutlass_80_wmma_tensorop_f16_s161616gemm_f16_32x32_128x1_nn_align8>(T1::Params)
1950204,1950204,0,720,373,18106.6,15510.0,8019,1254690,47338.0,16350.0,13957.0,4459,1254690,47529.5,1016.3,1007.0,1,3011,728.7,1597.4,1728.0,1248,1920,207.0,cudaLaunchKernel,"void <unnamed>::elementwise_kernel_with_index<int, at::native::arange_cuda_out(const c10::Scalar &, const c10::Scalar &, const c10::Scalar &, at::Tensor &)::[lambda() (instance 1)]::operator ()() const::[lambda() (instance 4)]::operator ()() const::[lambda(long) (instance 1)]>(T1, T2, function_traits<T2>::result_type *)"
1950204,1950204,0,7,0,17753.4,17033.0,16017,22202,2209.7,16653.1,16050.0,14218,22202,2589.2,,,,,0.0,5142.9,5152.0,5056,5184,47.9,cuLaunchKernel,void cutlass::Kernel2<cutlass_75_wmma_tensorop_f16_s161616gemm_f16_32x32_32x1_nn_align1>(T1::Params)
1950204,1950204,0,160,61,17298.9,18342.0,9450,48559,5090.9,14867.3,16432.0,4389,46359,6056.8,1302.8,1419.0,32,2277,589.6,2556.2,2720.0,1792,3072,354.6,cudaLaunchKernel,"void at::native::elementwise_kernel<(int)128, (int)2, void at::native::gpu_kernel_impl_nocast<at::native::direct_copy_kernel_cuda(at::TensorIteratorBase &)::[lambda() (instance 3)]::operator ()() const::[lambda() (instance 4)]::operator ()() const::[lambda(long) (instance 1)]>(at::TensorIteratorBase &, const T1 &)::[lambda(int) (instance 1)]>(int, T3)"
1950204,1952247,0,16,9,17185.8,16175.5,10598,35327,6822.0,14909.4,13475.5,6632,35327,8157.8,1550.0,1658.0,591,2142,456.4,1865.9,1855.5,1824,1952,47.8,cudaLaunchKernel,"void <unnamed>::elementwise_kernel_with_index<int, at::native::arange_cuda_out(const c10::Scalar &, const c10::Scalar &, const c10::Scalar &, at::Tensor &)::[lambda() (instance 1)]::operator ()() const::[lambda() (instance 4)]::operator ()() const::[lambda(long) (instance 1)]>(T1, T2, function_traits<T2>::result_type *)"
1950204,1953352,0,7980,7486,16845.6,15245.5,13987,3231005,39401.7,6730.9,4899.0,3998,3231005,39534.0,2116.7,2110.0,52,97674,2212.1,8407.3,8224.0,7808,10496,604.0,cudaLaunchKernel,"void batch_trsm_left_kernel<float, (int)64, (int)4, (int)3, (bool)0, (bool)0, (bool)1>(cublasTrsmBatchParams2<T1>, T1, const T1 *, int)"
1950204,1953352,0,16,11,16568.4,13049.5,9419,68100,13991.0,14798.8,11086.0,6382,68100,14623.2,1045.6,1007.0,196,1855,595.8,1374.0,1344.0,1280,1472,63.4,cudaLaunchKernel,"void at::native::vectorized_elementwise_kernel<(int)4, at::native::FillFunctor<int>, std::array<char *, (unsigned long)1>>(int, T2, T3)"
1950204,1952247,0,32,23,16551.6,13247.0,8897,55255,9500.8,13532.6,9543.0,4579,55255,10843.1,1576.3,1815.0,85,2423,709.2,2294.9,2272.0,1888,2784,162.4,cudaLaunchKernel,"void at::native::vectorized_elementwise_kernel<(int)2, at::native::AUnaryFunctor<long, long, long, at::native::binary_internal::MulFunctor<long>>, std::array<char *, (unsigned long)2>>(int, T2, T3)"
1950204,1950204,0,3456,3112,16518.9,12422.5,10250,3025444,74486.9,13167.1,8776.5,6672,3025444,74663.9,1282.4,1346.5,22,2802,356.8,2391.8,2336.0,1856,5728,374.5,cudaLaunchKernel,"void at::native::vectorized_elementwise_kernel<(int)4, void at::native::compare_scalar_kernel<c10::Half>(at::TensorIteratorBase &, at::native::<unnamed>::OpType, T1)::[lambda(c10::Half) (instance 1)], std::array<char *, (unsigned long)2>>(int, T2, T3)"
1950204,1953352,0,2,2,16393.0,16393.0,8853,23933,10663.2,12017.5,12017.5,4097,19938,11201.3,1959.5,1959.5,1595,2324,515.5,2416.0,2416.0,2400,2432,22.6,cudaLaunchKernel,"void lascl_kernel<double, double, (int)8>(long, long, T1 *, long, long, T2 *, int, int)"
1950204,1953352,0,2,1,16333.5,16333.5,11184,21483,7282.5,14067.0,14067.0,7685,20449,9025.5,1867.0,1867.0,1867,1867,0.0,1680.0,1680.0,1632,1728,67.9,cudaLaunchKernel,"void scale_max<float, (int)32, (int)128, (int)0>(long, long, T1 *, T1 *, T1 *, int *)"
1950204,1953352,0,2,2,16326.5,16326.5,9585,23068,9533.9,12198.0,12198.0,4308,20088,11158.1,2048.5,2048.5,900,3197,1624.2,2080.0,2080.0,2080,2080,0.0,cudaLaunchKernel,"void epilogue<sytrd_params<double, (int)32, (int)8, (int)512, (int)32, (int)16, (int)1, (int)2>, (int)128, (int)1, (int)1>(int, int, T1::data_type *, int, int, T1::pod_type *, int, T1::pod_type *, int, T1::data_type *, int, T1::data_type *, int, int)"
1950204,1953352,0,4,3,15890.3,8831.0,7807,38092,14814.5,12799.3,5154.5,4028,36860,16059.1,2153.3,2243.0,1915,2302,208.5,1560.0,1568.0,1536,1568,16.0,cudaLaunchKernel,"void lacpy_kernel<double, double, (int)5, (int)3>(long, long, const T1 *, long, long, T2 *, long, long, int, int)"
1950204,1950204,0,3728,3258,14842.3,12986.5,10366,693398,12732.2,10060.6,7844.0,5901,669876,12652.1,1475.5,1568.0,7,10629,449.8,3805.5,3264.0,2304,35360,2119.8,cudaLaunchKernel,"void at::native::vectorized_gather_kernel<(int)16, long>(char *, char *, T2 *, int, long, long, long, long, bool)"
1950204,1953352,0,28,25,13368.3,10808.5,7700,73740,12209.4,10912.8,8401.0,3947,73740,12818.9,1416.4,1331.0,59,3046,793.7,1331.4,1280.0,1216,1792,116.3,cudaLaunchKernel,"copy_info_kernel(int, int *)"
1950204,1953352,0,5165,4672,13060.7,11168.0,8947,2231291,32194.4,9865.2,8056.0,5019,2231291,31237.8,1737.0,1441.0,14,178998,7378.9,1747.3,1664.0,1504,64800,2116.1,cudaLaunchKernel,"void at::native::vectorized_elementwise_kernel<(int)2, at::native::AUnaryFunctor<long, long, long, at::native::binary_internal::MulFunctor<long>>, std::array<char *, (unsigned long)2>>(int, T2, T3)"
1950204,1953352,0,3412,3138,12226.7,10914.5,9124,211743,7586.3,7657.0,6102.0,4809,211743,6441.7,2022.0,1866.0,53,145490,5030.1,2912.1,2976.0,1824,3392,259.9,cudaLaunchKernel,"void at::native::elementwise_kernel<(int)128, (int)2, void at::native::gpu_kernel_impl_nocast<at::native::CUDAFunctor_add<long>>(at::TensorIteratorBase &, const T1 &)::[lambda(int) (instance 1)]>(int, T3)"
1950204,1953352,0,15574,14547,11991.6,10363.5,8151,2766550,33051.2,8515.9,6948.5,4578,2766550,32791.3,1781.7,1747.0,0,124726,3374.2,1914.3,1760.0,1600,46560,2139.7,cudaLaunchKernel,"void at::native::vectorized_elementwise_kernel<(int)4, void at::native::compare_scalar_kernel<long>(at::TensorIteratorBase &, at::native::<unnamed>::OpType, T1)::[lambda(long) (instance 1)], std::array<char *, (unsigned long)2>>(int, T2, T3)"
1950204,1950204,0,3600,3293,11759.4,9852.5,8256,1371582,27867.4,8997.6,6772.5,5030,1371582,28037.5,1622.4,1724.0,6,3051,408.4,1375.8,1344.0,1184,1952,163.4,cudaLaunchKernel,"void at_cuda_detail::cub::detail::scan::DeviceCompactInitKernel<at_cuda_detail::cub::ScanTileState<int, (bool)1>, int *>(T1, int, T2)"
1950204,1953352,0,10240,9637,11704.8,10614.0,9235,2018926,24246.0,7349.9,5972.0,4829,2018094,24387.0,1981.5,2047.0,10,4746,319.7,2610.1,2592.0,2336,3008,139.8,cudaLaunchKernel,"void at::native::unrolled_elementwise_kernel<at::native::BinaryFunctor<float, float, float, at::native::maximum_kernel_cuda(at::TensorIteratorBase &)::[lambda() (instance 2)]::operator ()() const::[lambda() (instance 2)]::operator ()() const::[lambda(float, float) (instance 1)]>, std::array<char *, (unsigned long)3>, (int)4, TrivialOffsetCalculator<(int)2, unsigned int>, TrivialOffsetCalculator<(int)1, unsigned int>, at::native::memory::LoadWithCast<(int)2>, at::native::memory::StoreWithCast<(int)1>>(int, T1, T2, T4, T5, T6, T7)"
1950204,1953352,0,15393,14494,11323.1,9860.0,8588,11340295,91605.8,7372.3,5661.0,4408,11340295,91659.7,1930.5,1990.0,1,15798,352.7,2242.5,2240.0,1632,2368,38.8,cudaLaunchKernel,"void at::native::vectorized_elementwise_kernel<(int)4, at::native::AUnaryFunctor<c10::Half, c10::Half, bool, at::native::<unnamed>::CompareEqFunctor<c10::Half>>, std::array<char *, (unsigned long)2>>(int, T2, T3)"
1950204,1953352,0,4,3,11255.8,10236.5,9353,15197,2662.7,6815.5,5124.5,3988,13025,4186.7,1975.0,2074.0,1686,2165,254.4,3232.0,3232.0,3168,3296,58.4,cuLaunchKernel,void cutlass::Kernel2<cutlass_80_tensorop_d884gemm_32x32_16x5_nn_align1>(T1::Params)
1950204,1953352,0,5227,4895,10990.0,9184.0,8112,1642649,29745.9,7243.3,5511.0,4619,1642289,29201.0,2204.9,1936.0,5,152764,6010.2,1782.3,1728.0,1568,15488,704.0,cudaLaunchKernel,"void at::native::vectorized_elementwise_kernel<(int)4, at::native::BinaryFunctor<bool, bool, bool, at::native::BitwiseOrFunctor<bool>>, std::array<char *, (unsigned long)3>>(int, T2, T3)"
1950204,1950204,0,3600,3345,10867.3,9851.5,8616,402016,7264.9,6529.4,4999.0,4128,402016,7755.2,2038.1,2093.0,15,4635,428.7,2627.8,2560.0,2304,4928,200.1,cudaLaunchKernel,"void at_cuda_detail::cub::detail::select::DeviceSelectSweepKernel<at_cuda_detail::cub::detail::select::policy_hub<long, bool, int, (bool)0, (at_cuda_detail::cub::SelectImpl)0>::Policy1000, thrust::_V_300200_SM_750_800_860_900_1000_1200::counting_iterator<long, thrust::_V_300200_SM_750_800_860_900_1000_1200::use_default, thrust::_V_300200_SM_750_800_860_900_1000_1200::use_default, thrust::_V_300200_SM_750_800_860_900_1000_1200::use_default, thrust::_V_300200_SM_750_800_860_900_1000_1200::compile_time_value<(int)1>>, thrust::_V_300200_SM_750_800_860_900_1000_1200::transform_iterator<at::native::<unnamed>::NonZeroOp<bool>, const bool *, thrust::_V_300200_SM_750_800_860_900_1000_1200::use_default, thrust::_V_300200_SM_750_800_860_900_1000_1200::use_default>, long *, int *, at_cuda_detail::cub::ScanTileState<int, (bool)1>, at_cuda_detail::cub::NullType, at_cuda_detail::cub::NullType, int, at_cuda_detail::cub::detail::select::streaming_context_t<long, (bool)1>, (at_cuda_detail::cub::SelectImpl)0>(T2, T3, T4, T5, T6, T7, T8, T9, int, T10, at_cuda_detail::cub::detail::vsmem_t)"
1950204,1953352,0,1692,1564,10591.6,9697.5,8570,34336,2854.1,7202.8,5972.0,4679,34336,3659.6,1829.7,1905.5,29,3800,374.0,1828.8,1824.0,1568,2272,133.3,cudaLaunchKernel,"void at::native::vectorized_elementwise_kernel<(int)2, at::native::CUDAFunctor_add<long>, std::array<char *, (unsigned long)3>>(int, T2, T3)"
1950204,1953352,0,15393,14509,10184.8,9336.0,8204,1992088,18838.1,5965.8,4839.0,4007,1991254,18970.3,2185.1,2235.0,7,13384,337.5,2265.9,2240.0,1664,2368,39.7,cudaLaunchKernel,"void at::native::vectorized_elementwise_kernel<(int)4, at::native::BinaryFunctor<c10::Half, c10::Half, bool, at::native::<unnamed>::CompareEqFunctor<c10::Half>>, std::array<char *, (unsigned long)3>>(int, T2, T3)"
