PID,TID,DevId,Count,QCount,TAvg (ns),TMed (ns),TMin (ns),TMax (ns),TStdDev (ns),AAvg (ns),AMed (ns),AMin (ns),AMax (ns),AStdDev (ns),QAvg (ns),QMed (ns),QMin (ns),QMax (ns),QStdDev (ns),KAvg (ns),KMed (ns),KMin (ns),KMax (ns),KStdDev (ns),API Name,Kernel Name
3609652,3611918,0,16,16,1437603286.8,1557132302.5,479761749,1562948828,307964939.3,9228.0,6326.5,5230,49985,10903.6,1435150182.2,1554678598.0,477272178,1560502766,307972435.1,2443876.6,2443154.5,2439554,2450115,3561.2,cudaLaunchKernel,"void at::native::<unnamed>::cunn_SoftMaxBackward<(int)4, c10::Half, float, float, at::native::<unnamed>::SoftMaxBackwardEpilogue>(T2 *, const T4 *, const T4 *, long)"
3609652,3611918,0,48,48,1298764265.0,1381743710.0,440147035,1422424912,251860315.0,1783066.6,7314.0,4970,6566992,2943730.6,1296400901.3,1381184002.5,439750728,1415065834,250983395.8,580297.1,553585.0,389505,797633,167426.4,cudaLaunchKernel,"void <unnamed>::softmax_warp_backward<float, c10::Half, float, (int)10, (bool)0, (bool)0, (int)32>(T2 *, const T1 *, const T1 *, int, int, int, const bool *)"
3609652,3611918,0,128,127,1262001463.5,1328927524.0,69427,1554815879,283052018.0,11978.8,11577.0,10510,19497,1370.5,1271679256.6,1328826086.0,407219657,1553813609,260717148.6,245236.4,101360.5,28704,991329,303470.4,cuLaunchKernel,void cutlass::Kernel2<cutlass_75_tensorop_f16_s1688gemm_f16_64x64_nt_align1>(T1::Params)
3609652,3611918,0,128,128,1258252693.3,1315935048.5,96869,1564783360,281973972.5,12664.6,12062.0,10220,24277,2369.6,1257900136.6,1315769563.5,608,1563556408,281867785.1,339892.2,162496.0,54625,1220929,368813.5,cuLaunchKernel,void cutlass::Kernel2<cutlass_75_tensorop_f16_s1688gemm_f16_256x128_nt_align1>(T1::Params)
3609652,3611918,0,16,16,1241965117.3,1328655713.0,428388596,1329580024,245669028.5,12243.9,11893.0,11372,16581,1261.9,1241875267.3,1328564028.0,428295919,1329490261,245669226.1,77606.1,77728.0,74624,81153,1997.7,cuLaunchKernel,void cutlass::Kernel2<cutlass_80_tensorop_f16_s16816gemm_relu_f16_256x64_32x4_nt_align8>(T1::Params)
3609652,3611918,0,80,80,1239870427.3,1324243986.0,417829226,1350108319,240486953.6,3204866.5,55816.5,5020,6619953,3297429.4,1236479208.0,1317772148.0,417711376,1343263916,239252299.4,186352.9,167184.0,110496,283584,59814.8,cudaLaunchKernel,"void <unnamed>::softmax_warp_backward<float, c10::Half, float, (int)9, (bool)0, (bool)0, (int)32>(T2 *, const T1 *, const T1 *, int, int, int, const bool *)"
3609652,3611918,0,256,256,1235141460.1,1303124135.5,25577,1565909900,278625830.1,423408.3,12133.0,10280,105137409,6570290.9,1234701227.5,1303096900.5,758,1565862461,279813044.8,16824.3,15008.0,9184,36000,6183.9,cudaLaunchKernel,"void at::native::reduce_kernel<(int)128, (int)4, at::native::ReduceOp<c10::Half, at::native::func_wrapper_t<c10::Half, at::native::sum_functor<c10::Half, float, c10::Half>::operator ()(at::TensorIterator &)::[lambda(float, float) (instance 1)]>, unsigned int, c10::Half, (int)4, (int)8>>(T3)"
3609652,3611918,0,256,256,1234694652.8,1303082046.0,28592,1565930261,279817483.3,11841.0,10610.0,8626,165325,10959.1,1234652400.7,1303052516.0,940,1565835877,279813798.6,30411.1,24480.0,10752,84480,18194.9,cudaLaunchKernel,"void at::native::reduce_kernel<(int)512, (int)1, at::native::ReduceOp<c10::Half, at::native::func_wrapper_t<c10::Half, at::native::sum_functor<c10::Half, float, c10::Half>::operator ()(at::TensorIterator &)::[lambda(float, float) (instance 1)]>, unsigned int, c10::Half, (int)4, (int)8>>(T3)"
3609652,3611918,0,64,64,1227870052.4,1308523670.0,41435,1383241424,289616675.4,12481.3,12088.0,10711,19317,1435.4,1227766475.4,1308479319.0,648,1383036444,289605003.6,91095.7,70993.0,27456,195905,68380.1,cuLaunchKernel,void cutlass::Kernel2<cutlass_80_tensorop_f16_s16816gemm_f16_64x256_32x4_nt_align2>(T1::Params)
3609652,3611918,0,48,48,1225182655.4,1308213733.0,412018683,1329009156,239495001.7,12372.9,12103.0,10980,15229,1075.4,1225127443.7,1308176125.0,411978747,1328925904,239494407.3,42838.9,30576.0,25792,75137,20604.0,cuLaunchKernel,void cutlass::Kernel2<cutlass_80_tensorop_f16_s16816gemm_relu_f16_64x256_32x4_nt_align8>(T1::Params)
3609652,3611918,0,64,64,1220790405.5,1295454317.5,39739,1385639012,287232645.6,13659.4,12569.0,10550,73029,7698.5,1220684731.4,1295410354.5,639,1385431196,287218286.1,92014.7,71504.0,26496,202240,70172.8,cuLaunchKernel,void cutlass::Kernel2<cutlass_80_tensorop_f16_s16816gemm_f16_256x64_32x4_nt_align2>(T1::Params)
3609652,3611918,0,1041,1041,1214383137.0,1302724423.0,11571,1565829244,317942346.2,7732.2,7384.0,4518,24647,1454.7,1214364830.5,1302712900.0,1581,1565816001,317963320.4,10574.3,4096.0,2208,721793,49343.3,cudaLaunchKernel,"void at::native::vectorized_elementwise_kernel<(int)4, at::native::FillFunctor<c10::Half>, std::array<char *, (unsigned long)1>>(int, T2, T3)"
3609652,3611918,0,32,32,1211738506.6,1296414782.5,411948366,1300482860,237950270.2,12823.3,12283.0,10821,21802,2088.2,1211693893.3,1296374228.5,411909184,1300433771,237950411.3,31790.1,31408.0,25536,38336,4667.0,cudaLaunchKernel,ampere_fp16_s16816gemm_fp16_128x64_ldg8_f2f_stages_32x6_nt
3609652,3611918,0,96,96,1186824661.2,1298962688.0,83656,1304716755,292190422.4,3511179.1,6550575.5,4880,6638028,3308644.0,1183250538.8,1293547290.0,29207,1304115282,290848690.9,62943.2,61776.0,35232,90913,20391.2,cudaLaunchKernel,"void <unnamed>::softmax_warp_backward<float, c10::Half, float, (int)8, (bool)0, (bool)0, (int)32>(T2 *, const T1 *, const T1 *, int, int, int, const bool *)"
3609652,3611918,0,608,608,1174222032.3,1229871436.0,261963279,1552190350,246186954.3,4956336.9,12294.0,9539,103094627,20657909.5,1169099906.6,1226513407.5,261784930,1552090415,245752911.6,165788.8,111168.0,28193,752449,181486.5,cudaLaunchKernel,ampere_fp16_s16816gemm_fp16_128x128_ldg8_f2f_stages_32x5_nn
3609652,3611918,0,1792,1792,1164463914.2,1212209639.5,2558649,1557048282,278410329.7,980213.0,10490.0,8686,102689565,8704840.2,1128331935.8,1188653121.5,1760687,1553605432,282440073.6,35151765.5,6637571.5,777185,103783399,43380811.4,cudaLaunchKernel,ampere_sgemm_128x128_tn
3609652,3611918,0,16,16,1157465948.4,1294097571.5,144619030,1295011776,331660724.9,12119.9,12013.5,10840,14587,1034.1,1157429574.4,1294061679.5,144580187,1294975551,331661022.5,24254.1,24224.0,24064,24512,125.0,cuLaunchKernel,void cutlass::Kernel2<cutlass_80_wmma_tensorop_f16_s161616gemm_f16_32x32_32x1_nt_align2>(T1::Params)
3609652,3611918,0,2560,2560,1156231523.1,1281588753.5,11421,1565949131,278689590.8,79152.1,7043.0,4819,25530634,598097.8,1156138409.8,1281501444.5,1939,1565885033,278687352.6,13961.2,9120.0,2720,63201,13257.1,cudaLaunchKernel,"void at::native::vectorized_elementwise_kernel<(int)4, at::native::CUDAFunctor_add<c10::Half>, std::array<char *, (unsigned long)3>>(int, T2, T3)"
3609652,3611918,0,16,16,1152419168.8,1287876150.5,144446958,1289514839,329510605.1,5318130.1,6554147.0,5300,6646303,2631681.8,1147082758.5,1281271463.5,144381642,1282944590,327190530.9,18280.1,18320.0,17888,18656,238.3,cudaLaunchKernel,"void <unnamed>::softmax_warp_backward<float, c10::Half, float, (int)7, (bool)0, (bool)0, (int)32>(T2 *, const T1 *, const T1 *, int, int, int, const bool *)"
3609652,3611918,0,64,64,1151136550.0,1175698220.0,421590874,1336568753,232615057.8,20793395.8,11857.0,10109,102550961,41486572.3,1130259330.5,1073400425.5,421495699,1336473470,234125606.9,83823.7,83840.0,82721,85953,605.7,cuLaunchKernel,void cutlass::Kernel2<cutlass_80_tensorop_f16_s16816gemm_relu_f16_128x128_32x4_nn_align8>(T1::Params)
3609652,3611918,0,3584,3584,1147341958.8,1199534649.5,1828891,1557091349,281196892.1,1998939.4,8667.0,6873,102939420,12485781.5,1145047914.9,1194915001.0,1738426,1557005658,280902288.8,295104.6,78672.0,7520,1146401,440598.6,cudaLaunchKernel,"void at::native::reduce_kernel<(int)128, (int)4, at::native::ReduceOp<float, at::native::func_wrapper_t<float, at::native::sum_functor<float, float, float>::operator ()(at::TensorIterator &)::[lambda(float, float) (instance 1)]>, unsigned int, float, (int)4, (int)4>>(T3)"
3609652,3611918,0,16,16,1146942804.1,1281138238.5,144075156,1282788886,327215841.5,13314.1,13115.0,11603,16401,1207.1,1146913455.9,1281108823.5,144045121,1282758789,327215580.8,16034.1,16032.0,15584,16704,253.7,cuLaunchKernel,void cutlass::Kernel2<cutlass_80_tensorop_f16_s16816gemm_f16_128x64_64x3_nt_align2>(T1::Params)
3609652,3611918,0,16,16,1141264751.3,1268676706.5,152591003,1271068785,321338119.2,15120.1,9223.0,7084,91044,20447.2,1134515162.1,1261932896.5,145845290,1264328471,321336611.9,6734469.0,6732199.0,6728136,6769737,9508.8,cudaLaunchKernel,"void at::native::<unnamed>::cunn_SoftMaxForward<(int)8, c10::Half, float, float, at::native::<unnamed>::SoftMaxForwardEpilogue>(T4 *, const T2 *, int)"
3609652,3611918,0,64,64,1140702801.8,1121245814.5,143658828,1385813237,284686401.0,299945.2,11922.5,8356,1645374,607170.4,1140231361.8,1119413896.5,143528172,1385579192,284704627.1,171494.9,171504.5,114624,228353,55140.7,cuLaunchKernel,void cutlass::Kernel2<cutlass_80_tensorop_f16_s16816gemm_f16_64x128_64x3_nn_align2>(T1::Params)
3609652,3611918,0,5376,5375,1137646662.8,1190983750.0,13185,1557075243,281945657.9,2870455.1,7013.0,5270,102829743,15858221.7,1134930722.1,1188843333.0,2378,1557055263,280162244.0,56597.1,14656.0,2976,318560,87737.1,cudaLaunchKernel,"void at::native::vectorized_elementwise_kernel<(int)4, at::native::AbsFunctor<float>, std::array<char *, (unsigned long)2>>(int, T2, T3)"
3609652,3611918,0,384,384,1137187938.8,1168859106.5,137990966,1554593818,291030568.4,3784454.5,12939.5,9167,102819102,19248553.3,1132953600.4,1168827516.5,137639926,1553559069,291385162.1,449883.9,334593.0,19296,1215010,334076.6,cudaLaunchKernel,ampere_fp16_s16816gemm_fp16_256x128_ldg8_f2f_stages_32x3_nn
3609652,3611918,0,5376,5376,1134799481.2,1188867784.5,11707,1557062362,280559182.4,816971.2,6201.0,4829,102437375,6140270.3,1133946311.8,1188046421.5,135,1557049262,280094766.2,36198.2,6304.0,2368,206048,58981.6,cudaLaunchKernel,"void at::native::vectorized_elementwise_kernel<(int)4, at::native::AUnaryFunctor<float, float, bool, at::native::<unnamed>::CompareEqFunctor<float>>, std::array<char *, (unsigned long)2>>(int, T2, T3)"
3609652,3611918,0,5376,5376,1134012773.4,1188058049.5,11364,1557061257,280091241.8,2396914.4,5491.0,4408,103785002,13504486.0,1131577656.8,1186385866.0,2311,1557043772,279437744.6,38202.2,12512.0,2464,198913,54914.2,cudaLaunchKernel,"void at::native::vectorized_elementwise_kernel<(int)4, at::native::BinaryFunctor<float, float, bool, at::native::<unnamed>::CompareEqFunctor<float>>, std::array<char *, (unsigned long)3>>(int, T2, T3)"
3609652,3611918,0,5376,5376,1131632504.2,1186389430.5,10778,1557055675,279434759.4,2147604.6,5520.0,4438,103713556,13878069.9,1129460870.3,1185155989.0,53,1557044193,279275651.4,24029.2,6560.0,2368,136000,36458.2,cudaLaunchKernel,"void at::native::vectorized_elementwise_kernel<(int)4, at::native::BinaryFunctor<bool, bool, bool, at::native::binary_internal::MulFunctor<bool>>, std::array<char *, (unsigned long)3>>(int, T2, T3)"
3609652,3611918,0,3072,3071,1130776374.7,1198095914.5,12583,1565933141,294076768.5,96819.1,9268.0,4939,6493522,715170.3,1131027511.2,1198080991.0,769,1565898336,293422727.1,20217.6,14672.0,4032,90880,17799.4,cudaLaunchKernel,"void at::native::elementwise_kernel<(int)128, (int)4, void at::native::gpu_kernel_impl_nocast<at::native::direct_copy_kernel_cuda(at::TensorIteratorBase &)::[lambda() (instance 3)]::operator ()() const::[lambda() (instance 10)]::operator ()() const::[lambda(c10::Half) (instance 1)]>(at::TensorIteratorBase &, const T1 &)::[lambda(int) (instance 1)]>(int, T3)"
3609652,3611918,0,5376,5376,1128695513.9,1183460509.5,17825,1557041963,279130492.6,575099.9,7544.0,5911,102922389,6102990.1,1128095974.4,1182469515.5,1825,1557023374,279176449.9,24439.5,11712.0,6976,100224,28669.6,cudaLaunchKernel,"void at::native::reduce_kernel<(int)512, (int)1, at::native::ReduceOp<bool, at::native::func_wrapper_t<bool, at::native::and_kernel_cuda(at::TensorIterator &)::[lambda() (instance 1)]::operator ()() const::[lambda() (instance 12)]::operator ()() const::[lambda(bool, bool) (instance 1)]>, unsigned int, bool, (int)4, (int)4>>(T3)"
3609652,3611918,0,5376,5376,1128107462.5,1182469044.5,11160,1557023888,279175389.4,1064026.3,6563.0,5210,102853097,9342406.2,1127041362.7,1181376553.5,1079,1557015604,279077933.4,2073.4,1984.0,1632,2944,273.8,cudaLaunchKernel,"void at::native::vectorized_elementwise_kernel<(int)4, at::native::bitwise_not_kernel_cuda(at::TensorIteratorBase &)::[lambda(bool) (instance 1)], std::array<char *, (unsigned long)2>>(int, T2, T3)"
3609652,3611918,0,256,256,1128096388.6,1148454205.5,103123,1556798819,309493610.5,169125.8,11923.0,8516,2254285,497148.6,1127437589.5,1147596857.5,331,1554754682,309213537.3,489673.2,182592.5,48032,2034722,624569.7,cuLaunchKernel,void cutlass::Kernel2<cutlass_75_tensorop_f16_s1688gemm_f16_64x64_tn_align1>(T1::Params)
3609652,3611918,0,256,256,1127036812.7,1150636312.5,104763,1565974519,308082172.2,94047.3,11667.0,8205,5795352,439716.1,1126634782.7,1150109453.5,29826,1564724848,308014156.2,307982.7,127552.0,30848,1247905,381392.2,cuLaunchKernel,void cutlass::Kernel2<cutlass_75_tensorop_f16_s1688gemm_f16_64x64_nn_align1>(T1::Params)
3609652,3611918,0,5376,5375,1127032613.6,1181370586.5,10084,1557009946,279085022.8,651966.8,6111.5,4759,103088576,6428596.4,1126588294.0,1180734274.0,1641,1557002585,278625487.3,1911.9,1888.0,1600,2624,165.5,cudaLaunchKernel,"void at::native::vectorized_elementwise_kernel<(int)4, at::native::BinaryFunctor<bool, bool, bool, at::native::logical_or_kernel_cuda(at::TensorIterator &)::[lambda() (instance 2)]::operator ()() const::[lambda() (instance 9)]::operator ()() const::[lambda(bool, bool) (instance 1)]>, std::array<char *, (unsigned long)3>>(int, T2, T3)"
3609652,3611918,0,64,64,1126047143.2,1167248318.5,412183019,1311285839,212637166.5,20854476.9,11522.0,9638,102948127,41609404.0,1105152644.2,1167214953.0,412108745,1311215111,213993460.2,40022.1,39936.0,21568,59200,18324.8,cuLaunchKernel,void cutlass::Kernel2<cutlass_80_tensorop_f16_s16816gemm_relu_f16_256x64_32x4_nn_align8>(T1::Params)
3609652,3611918,0,3584,3582,1119780886.5,1181391754.0,188155,1553619647,286939028.7,578759.5,11091.0,8606,103156836,6302011.8,1106441863.8,1170766366.5,764,1551975877,289331455.2,13377700.6,3158666.5,129728,101565646,25535891.3,cudaLaunchKernel,ampere_sgemm_128x128_nt
3609652,3611918,0,1840,1840,1117109048.8,1250030702.0,58426,1560524073,320323323.5,52165.6,8647.0,4709,1634144,182874.7,1116986255.9,1250008729.5,1458,1558262296,320263234.8,70627.2,18048.0,1824,2252419,233569.0,cudaLaunchKernel,"void at::native::vectorized_elementwise_kernel<(int)4, at::native::BinaryFunctor<float, float, float, at::native::binary_internal::MulFunctor<float>>, std::array<char *, (unsigned long)3>>(int, T2, T3)"
3609652,3611918,0,32,32,1112392959.4,1180331951.0,419246277,1183263379,198770327.2,13825.4,12899.0,11643,26852,2728.9,1112353112.9,1180293784.5,419206660,1183224755,198769971.0,26021.0,26016.0,25600,26624,221.4,cudaLaunchKernelExC,sm80_xmma_gemm_f16f16_f16f32_f32_nn_n_tilesize160x128x32_stage4_warpsize2x2x1_tensor16x8x16_execute_kernel__5x_cublas
3609652,3611918,0,3888,3888,1111001167.2,1171064504.0,1593836,1540385579,269920603.2,1737057.8,6773.0,4388,103232570,10942127.6,1109176431.9,1169219095.0,1575830,1540206759,269682081.2,87677.4,24192.0,3456,376289,137305.6,cudaLaunchKernel,"void at::native::vectorized_elementwise_kernel<(int)4, at::native::CUDAFunctor_add<float>, std::array<char *, (unsigned long)3>>(int, T2, T3)"
3609652,3611918,0,32,32,1110956204.7,1073968666.5,141535796,1329606073,280051968.3,100452.7,13260.0,10129,462622,170658.4,1110777220.8,1073571616.0,141439006,1329520176,280066578.5,78531.3,78032.0,73441,84992,3659.5,cudaLaunchKernel,ampere_fp16_s16816gemm_fp16_64x128_sliced1x2_ldg8_f2f_stages_64x3_nn
3609652,3611918,0,1024,1023,1108500615.5,1118631670.0,16010,1565856689,305706539.1,194868.3,9007.0,7314,15835552,1695356.2,1109379438.9,1118622659.0,1808,1565838617,303706170.2,9687.8,7136.0,4192,42624,8052.7,cudaLaunchKernel,"void at::native::elementwise_kernel<(int)128, (int)4, void at::native::gpu_kernel_impl_nocast<at::native::neg_kernel_cuda(at::TensorIteratorBase &)::[lambda() (instance 2)]::operator ()() const::[lambda() (instance 8)]::operator ()() const::[lambda(c10::Half) (instance 1)]>(at::TensorIteratorBase &, const T1 &)::[lambda(int) (instance 1)]>(int, T3)"
3609652,3611918,0,3584,3584,1107137229.0,1170585283.0,15531,1565868534,290156870.7,47099.7,6573.0,4950,6498071,357797.9,1107038878.4,1170565855.5,1744,1565836495,290116260.7,51250.9,28400.0,5088,373889,59750.8,cudaLaunchKernel,"void at::native::elementwise_kernel<(int)128, (int)2, void at::native::gpu_kernel_impl_nocast<at::native::<unnamed>::where_kernel_impl(at::TensorIterator &)::[lambda() (instance 1)]::operator ()() const::[lambda() (instance 3)]::operator ()() const::[lambda(bool, unsigned int, unsigned int) (instance 1)]>(at::TensorIteratorBase &, const T1 &)::[lambda(int) (instance 1)]>(int, T3)"
3609652,3611918,0,512,512,1105355925.5,1119272817.0,52589,1563659465,302890882.7,16545.9,10976.0,7014,44925,11788.7,1105224115.2,1119052015.0,32323,1562903108,302851600.7,115264.4,43424.5,5920,755713,182118.0,cudaLaunchKernel,"void at::native::vectorized_elementwise_kernel<(int)4, at::native::AUnaryFunctor<c10::Half, c10::Half, c10::Half, at::native::binary_internal::MulFunctor<float>>, std::array<char *, (unsigned long)2>>(int, T2, T3)"
3609652,3611918,0,3603,3587,1101358669.3,1170211015.0,11306,1565922714,300348887.3,92806.6,7234.0,5280,101287444,1711103.8,1106173582.2,1170564328.0,1235,1565857162,291794244.0,4568.9,1824.0,1280,910145,41663.0,cudaLaunchKernel,"void at::native::vectorized_elementwise_kernel<(int)4, at::native::FillFunctor<float>, std::array<char *, (unsigned long)1>>(int, T2, T3)"
3609652,3611918,0,256,255,1100837758.5,1172441560.0,41073,1407161919,269990060.4,11201.0,10895.5,8917,53883,2930.3,1105070289.4,1172395594.0,261881585,1406922862,261508304.1,72949.5,56032.0,22528,230688,51629.1,cudaLaunchKernel,"void at::native::vectorized_elementwise_kernel<(int)4, at::native::<unnamed>::silu_backward_kernel(at::TensorIteratorBase &)::[lambda() (instance 1)]::operator ()() const::[lambda() (instance 3)]::operator ()() const::[lambda(c10::Half, c10::Half) (instance 1)], std::array<char *, (unsigned long)3>>(int, T2, T3)"
3609652,3611918,0,4880,4880,1099723520.9,1165190520.0,17623,1565940437,296082747.5,221695.3,10560.0,5620,6637576,1052723.5,1099446095.6,1165152579.0,849,1565862600,295944542.8,55730.0,26736.0,4832,1788099,122394.2,cudaLaunchKernel,"void at::native::unrolled_elementwise_kernel<at::native::direct_copy_kernel_cuda(at::TensorIteratorBase &)::[lambda() (instance 3)]::operator ()() const::[lambda() (instance 7)]::operator ()() const::[lambda(float) (instance 1)], std::array<char *, (unsigned long)2>, (int)4, TrivialOffsetCalculator<(int)1, unsigned int>, TrivialOffsetCalculator<(int)1, unsigned int>, at::native::memory::LoadWithCast<(int)1>, at::native::memory::StoreWithCast<(int)1>>(int, T1, T2, T4, T5, T6, T7)"
3609652,3611918,0,64,64,1097910207.2,1073446773.0,133297370,1329053093,275830605.6,112250.7,11622.0,8997,6457593,805759.8,1097729558.8,1073332105.0,133251084,1328938994,275839953.3,68397.7,67904.5,33152,104128,34614.9,cuLaunchKernel,void cutlass::Kernel2<cutlass_80_tensorop_f16_s16816gemm_relu_f16_128x128_32x5_tn_align8>(T1::Params)
3609652,3611918,0,528,528,1097839576.9,1109213255.0,1853758,1542737022,322631795.3,12339.4,6978.5,5651,687150,36346.2,1097802214.4,1109174109.0,1834310,1542672599,322629035.3,25023.1,22576.0,9344,61185,11582.6,cudaLaunchKernel,"void at::native::reduce_kernel<(int)512, (int)1, at::native::ReduceOp<float, at::native::func_wrapper_t<float, at::native::sum_functor<float, float, float>::operator ()(at::TensorIterator &)::[lambda(float, float) (instance 1)]>, unsigned int, float, (int)4, (int)4>>(T3)"
3609652,3611918,0,528,528,1097791952.4,1109171646.5,1802886,1542698125,322632669.2,54975.9,9864.0,7334,1206128,185604.7,1097734478.8,1109083426.0,1790277,1542686402,322615171.5,2497.6,2544.0,1824,3232,270.7,cudaLaunchKernel,"void at::native::vectorized_elementwise_kernel<(int)4, void at::native::<unnamed>::pow_tensor_scalar_kernel_impl<float, float>(at::TensorIteratorBase &, T2)::[lambda(float) (instance 2)], std::array<char *, (unsigned long)2>>(int, T2, T3)"
3609652,3611918,0,1056,1056,1097630718.9,1108933161.5,1624321,1542772914,322449642.9,102442.6,7895.0,5471,1797575,310794.7,1097515826.8,1108835716.5,1610047,1542669963,322377716.5,12449.6,4112.0,1952,85120,17973.3,cudaLaunchKernel,"void at::native::vectorized_elementwise_kernel<(int)4, at::native::AUnaryFunctor<float, float, float, at::native::binary_internal::MulFunctor<float>>, std::array<char *, (unsigned long)2>>(int, T2, T3)"
3609652,3611918,0,528,528,1097628748.3,1108803361.5,1722376,1542688609,322603831.9,20077.3,9788.0,7515,377189,31191.8,1097586200.5,1108763701.5,1703310,1542615050,322601824.4,22470.6,17344.0,8704,66240,14324.3,cudaLaunchKernel,"void at::native::elementwise_kernel<(int)128, (int)2, void at::native::gpu_kernel_impl_nocast<at::native::BUnaryFunctor<float, float, float, at::native::binary_internal::MulFunctor<float>>>(at::TensorIteratorBase &, const T1 &)::[lambda(int) (instance 1)]>(int, T3)"
3609652,3611918,0,128,128,1096724128.2,1119115722.0,73830,1383841488,309282702.4,156204.1,11648.0,8687,6522497,632683.7,1096293527.3,1118465366.0,1059,1383180336,309166108.9,274396.8,197168.5,53696,653089,240417.4,cuLaunchKernel,void cutlass::Kernel2<cutlass_80_wmma_tensorop_f16_s161616gemm_f16_32x32_32x1_tn_align2>(T1::Params)
3609652,3611918,0,67,67,1091210033.8,1165607127.0,2636272,1299900723,340074374.0,12443.4,12154.0,10841,19758,1350.1,1090875317.3,1165388408.0,473590,1299680593,340453814.8,322273.0,205761.0,203521,3334698,553581.7,cudaLaunchKernel,ampere_fp16_s16816gemm_fp16_128x256_ldg8_f2f_stages_64x3_nn
3609652,3611918,0,32,32,1087371752.6,1045813069.0,133172368,1311137180,278955979.8,11944.9,12308.5,9910,16151,1510.3,1087322432.6,1045763792.0,133123547,1311088840,278955786.6,37375.1,37248.0,35744,38976,1169.6,cudaLaunchKernel,ampere_fp16_s16816gemm_fp16_64x64_ldg8_f2f_tn
3609652,3611918,0,3088,3087,1084334055.5,1083543382.5,15359,1565914663,307052117.3,11840.2,8476.0,6312,1058566,25438.4,1084652614.4,1083580109.0,1189,1565864252,306476651.0,20848.9,14720.0,4672,90336,17524.2,cudaLaunchKernel,"void at::native::elementwise_kernel<(int)128, (int)4, void at::native::gpu_kernel_impl_nocast<at::native::BinaryFunctor<c10::Half, c10::Half, c10::Half, at::native::binary_internal::MulFunctor<float>>>(at::TensorIteratorBase &, const T1 &)::[lambda(int) (instance 1)]>(int, T3)"
3609652,3611918,0,64,64,1080833528.8,1045130975.5,133050513,1300462271,273320577.6,11320.1,11396.5,8556,17343,2084.1,1080792452.1,1045091368.5,133010540,1300416253,273321781.9,29756.6,29136.0,25568,37056,3296.4,cuLaunchKernel,void cutlass::Kernel2<cutlass_80_tensorop_f16_s16816gemm_relu_f16_64x256_32x4_nn_align8>(T1::Params)
3609652,3611918,0,32,31,1080300455.6,1151823184.5,214112,1284805677,333666324.5,14987.7,13160.0,11592,58171,8001.8,1114957729.1,1151767782.0,132136035,1284621249,273684859.5,170560.7,170304.5,168513,172065,1069.4,cudaLaunchKernelExC,sm80_xmma_gemm_f16f16_f16f32_f32_nn_n_tilesize160x128x32_stage3_warpsize2x2x1_tensor16x8x16_execute_kernel__5x_cublas
3609652,3611918,0,192,191,1066773797.5,1162521244.0,88932,1310630425,279635963.2,419672.5,13285.5,11643,6576841,1575819.4,1071904416.2,1162576291.0,2178396,1304076301,269064052.8,32585.9,24288.0,17312,67329,17802.8,cudaLaunchKernelExC,sm80_xmma_gemm_f16f16_f16f32_f32_nn_n_tilesize96x128x32_stage4_warpsize2x2x1_tensor16x8x16_execute_kernel__5x_cublas
3609652,3611918,0,64,63,1045777199.2,1043844205.0,39969,1295936249,322266143.8,11134.3,11817.0,8736,15840,1612.2,1062331050.1,1044072004.0,130781601,1295887883,295994210.3,33957.1,34016.5,28128,40384,5418.4,cuLaunchKernel,void cutlass::Kernel2<cutlass_80_tensorop_f16_s16816gemm_f16_64x64_32x6_nn_align2>(T1::Params)
3609652,3611918,0,1040,1040,1037764802.1,1060309224.0,1874709,1542698963,305061662.5,32537.3,8436.0,4990,710865,86283.0,1037700583.5,1060260493.5,1857612,1542595097,305052863.4,31681.2,25632.0,9152,99552,21442.4,cudaLaunchKernel,"void at::native::elementwise_kernel<(int)128, (int)2, void at::native::gpu_kernel_impl_nocast<at::native::BinaryFunctor<float, float, float, at::native::binary_internal::MulFunctor<float>>>(at::TensorIteratorBase &, const T1 &)::[lambda(int) (instance 1)]>(int, T3)"
3609652,3611918,0,112,111,1035463874.3,1141144202.0,107143,1304553229,310653428.8,11940081.8,14192.0,11592,102990268,33057230.0,1032676470.1,1045109751.0,17249811,1304453115,293803452.5,67653.7,47376.5,16864,170913,49824.7,cudaLaunchKernelExC,sm80_xmma_gemm_f16f16_f16f32_f32_nn_n_tilesize192x128x32_stage3_warpsize4x2x1_tensor16x8x16_execute_kernel__5x_cublas
3609652,3611918,0,32,32,1033188794.0,1032573896.0,129408751,1294979333,329865868.5,12315.7,11632.0,9408,24657,3320.0,1033154637.2,1032534990.0,129373726,1294947167,329865782.9,21841.1,21840.0,21312,22400,366.7,cuLaunchKernel,void cutlass::Kernel2<cutlass_80_wmma_tensorop_f16_s161616gemm_f16_32x32_64x1_tn_align2>(T1::Params)
3609652,3611918,0,32,32,1027641471.1,1032355402.5,129199288,1282749393,325725968.9,215894.5,12047.5,8667,6538889,1153816.5,1027403106.5,1032320369.5,129163861,1282715686,325730086.0,22470.1,22464.0,21792,22912,218.3,cuLaunchKernel,void cutlass::Kernel2<cutlass_80_wmma_tensorop_f16_s161616gemm_f16_32x32_64x1_nn_align2>(T1::Params)
3609652,3611918,0,48,48,1027626201.1,1119445805.0,146178489,1150668931,261877527.6,8703.1,8602.0,6382,15670,2007.4,1027184722.5,1119020160.5,145847183,1150102937,261870925.1,432775.5,417792.5,318368,560577,98538.4,cudaLaunchKernel,"void <unnamed>::softmax_warp_forward<c10::Half, float, float, (int)10, (bool)0, (bool)0, (int)32>(T2 *, const T1 *, int, int, int, const bool *, int, bool)"
3609652,3611918,0,64,64,1018779206.6,1038879321.5,131375571,1189622482,261245655.8,17279.2,13902.0,10199,40888,8612.0,1018636387.0,1038614931.0,131165373,1189580460,261281810.5,125540.4,115392.5,28448,249152,98519.0,cuLaunchKernel,void cutlass::Kernel2<cutlass_80_tensorop_f16_s16816gemm_relu_f16_128x128_32x5_nn_align8>(T1::Params)
3609652,3611918,0,576,576,1015333560.3,1073420414.0,128800885,1405490136,286208579.2,448016.5,11141.0,6412,6635703,1617444.9,1014697619.4,1073363589.0,128643130,1405206890,286055238.1,187924.4,111136.5,33952,1233186,263374.5,cudaLaunchKernel,ampere_fp16_s16816gemm_fp16_128x128_ldg8_f2f_stages_32x5_tn
3609652,3611918,0,1315,1315,1010562179.0,1056379685.0,1110229,1540359543,320930796.8,503626.5,8666.0,5009,101931891,3215735.3,1009997822.3,1055976522.0,807190,1539549508,320819578.1,60730.2,12192.0,4096,1468931,174355.4,cudaLaunchKernel,"void at::native::vectorized_elementwise_kernel<(int)4, at::native::float16_copy_kernel_cuda(at::TensorIteratorBase &)::[lambda(float) (instance 1)], std::array<char *, (unsigned long)2>>(int, T2, T3)"
3609652,3611918,0,64,64,991321065.6,1068410437.5,137783666,1105032760,253133278.8,10932.3,10139.0,8777,31730,2933.1,991266661.7,1068364002.5,137736642,1104969813,253132562.8,43471.6,43296.0,35072,52704,7642.7,cuLaunchKernel,void cutlass::Kernel2<cutlass_80_tensorop_f16_s16816gemm_relu_f16_128x128_32x4_tn_align8>(T1::Params)
3609652,3611918,0,189,189,988767632.9,1043051293.0,1993961,1344650822,379726650.7,13493.7,13696.0,9658,26691,2307.4,988075745.8,1042757176.0,279834,1344231155,380720698.7,678393.3,229793.0,166368,15959788,1757164.7,cudaLaunchKernel,ampere_fp16_s16816gemm_fp16_256x128_ldg8_f2f_stages_64x3_nn
3609652,3611918,0,224,224,988170561.9,1060814917.5,135119997,1137661617,249961474.8,11968.9,11497.0,9598,23044,2030.1,987680752.2,1060406238.5,134830308,1136922089,249944206.2,477840.8,446113.0,277185,727906,148743.3,cudaLaunchKernel,ampere_fp16_s16816gemm_fp16_128x256_ldg8_f2f_stages_64x3_tn
3609652,3611918,0,512,512,982128703.6,1050954984.5,129708873,1405084249,277186782.5,612740.1,7850.0,6102,25990600,3904862.2,981485756.3,1050927480.0,129694166,1404941937,276321926.6,30207.1,21408.5,8160,134432,26536.7,cudaLaunchKernel,"void at::native::<unnamed>::CatArrayBatchedCopy<at::native::<unnamed>::OpaqueType<(unsigned int)2>, unsigned int, (int)4, (int)64, (int)64>(T1 *, at::native::<unnamed>::CatArrInputTensorMetadata<T1, T2, T4, T5>, at::native::<unnamed>::TensorSizeStride<T2, (unsigned int)4>, int, T2)"
3609652,3611918,0,768,768,979638641.3,1050820134.0,129347061,1405171659,273881699.2,1716933.3,7208.5,5701,102878245,12701516.0,977824051.9,1050763975.5,129324226,1405063393,271881272.4,97656.1,23808.0,5216,1589474,246154.8,cudaLaunchKernel,"void at::native::elementwise_kernel<(int)128, (int)4, void at::native::gpu_kernel_impl_nocast<at::native::CUDAFunctor_add<c10::Half>>(at::TensorIteratorBase &, const T1 &)::[lambda(int) (instance 1)]>(int, T3)"
3609652,3611918,0,512,512,978290509.9,1046673188.5,128921375,1407006132,273510373.1,166015.7,10540.5,7535,6598974,705468.9,978102104.2,1046642651.5,128906687,1406913747,273433885.6,22390.1,12800.0,5504,83872,20384.6,cudaLaunchKernel,"void at::native::vectorized_elementwise_kernel<(int)4, void at::native::<unnamed>::pow_tensor_scalar_kernel_impl<float, float>(at::TensorIteratorBase &, T2)::[lambda(float) (instance 1)], std::array<char *, (unsigned long)2>>(int, T2, T3)"
3609652,3611918,0,512,512,978119644.3,1046661956.0,128902246,1407034742,273441447.4,777520.9,9223.0,6533,6966944,2043876.5,977323483.2,1046538287.5,128885372,1406081790,273138428.5,18640.3,14080.5,9248,62944,12936.3,cudaLaunchKernel,"void at::native::reduce_kernel<(int)512, (int)1, at::native::ReduceOp<float, at::native::MeanOps<float, float, float, float>, unsigned int, float, (int)4, (int)4>>(T3)"
3609652,3611918,0,512,512,977317586.2,1046532522.5,128875142,1406120159,273140937.6,62796.9,8847.0,6833,15503188,742831.0,977252448.8,1046521527.5,128864414,1405914433,273082004.4,2340.4,2336.0,1920,2944,212.3,cudaLaunchKernel,"void at::native::vectorized_elementwise_kernel<(int)4, at::native::CUDAFunctorOnSelf_add<float>, std::array<char *, (unsigned long)2>>(int, T2, T3)"
3609652,3611918,0,512,512,977242743.1,1046512044.0,128856640,1405907169,273081889.8,1409701.0,8306.0,5630,25779989,2722476.3,975830774.3,1046471574.0,128848476,1405550103,272574664.2,2267.8,2272.0,1952,2624,112.2,cudaLaunchKernel,"void at::native::vectorized_elementwise_kernel<(int)4, at::native::rsqrt_kernel_cuda(at::TensorIteratorBase &)::[lambda() (instance 2)]::operator ()() const::[lambda() (instance 2)]::operator ()() const::[lambda(float) (instance 1)], std::array<char *, (unsigned long)2>>(int, T2, T3)"
3609652,3611918,0,80,80,975993232.4,1063797902.5,135238204,1086027461,248416284.2,10027.5,9037.0,6763,53843,5494.8,975853129.0,1063680148.0,135144081,1085832078,248414345.7,130075.9,123456.5,85216,185728,34382.9,cudaLaunchKernel,"void <unnamed>::softmax_warp_forward<c10::Half, float, float, (int)9, (bool)0, (bool)0, (int)32>(T2 *, const T1 *, int, int, int, const bool *, int, bool)"
3609652,3611918,0,32,32,974333605.3,1066610035.5,137717321,1069124250,250841583.0,14732.0,14207.0,11582,29106,3114.0,974233120.0,1066509713.5,137618151,1069025313,250841163.5,85753.3,85776.0,85281,86240,205.3,cudaLaunchKernelExC,sm80_xmma_gemm_f16f16_f16f32_f32_tn_n_tilesize128x128x32_stage4_warpsize2x2x1_tensor16x8x16_execute_kernel__5x_cublas
3609652,3611918,0,768,768,967312547.5,1038581101.0,128521449,1276083522,266264714.1,9789.1,10190.0,5150,237212,8683.1,967230681.4,1038525981.5,128490481,1275846244,266252887.4,72077.0,53312.0,18624,233057,52549.8,cudaLaunchKernel,"void at::native::vectorized_elementwise_kernel<(int)4, at::native::BinaryFunctor<c10::Half, c10::Half, c10::Half, at::native::binary_internal::MulFunctor<float>>, std::array<char *, (unsigned long)3>>(int, T2, T3)"
3609652,3611918,0,256,256,966912353.7,1038454552.0,128738885,1273511212,266489272.1,11931.8,11286.5,8787,50165,3240.8,966849106.8,1038408151.5,128710663,1273346181,266481371.3,51315.1,39248.5,16256,155553,34980.4,cudaLaunchKernel,"void at::native::vectorized_elementwise_kernel<(int)4, at::native::<unnamed>::silu_kernel(at::TensorIteratorBase &)::[lambda() (instance 1)]::operator ()() const::[lambda() (instance 5)]::operator ()() const::[lambda(c10::Half) (instance 1)], std::array<char *, (unsigned long)2>>(int, T2, T3)"
3609652,3611918,0,32,32,964071790.3,1055872682.0,135164179,1057541470,248313509.8,2212997.3,16005.0,12635,6552434,2716554.0,961786697.6,1050931605.5,135077587,1057453352,247493839.5,72095.3,72128.0,71584,72385,191.1,cudaLaunchKernelExC,sm80_xmma_gemm_f16f16_f16f32_f32_tn_n_tilesize160x128x32_stage4_warpsize2x2x1_tensor16x8x16_execute_kernel__5x_cublas
3609652,3611918,0,32,32,952550948.2,1043307626.5,131571879,1045929900,246101755.9,13649.1,13055.0,11451,30448,3256.3,952481288.9,1043230788.5,131503810,1045860939,246101318.4,56010.3,56001.0,55840,56288,87.7,cudaLaunchKernel,ampere_fp16_s16816gemm_fp16_256x128_ldg8_f2f_stages_32x3_tn
3609652,3611918,0,96,96,946829926.2,1055507488.0,134296904,1064294469,271640380.8,12939.1,12654.0,11231,17313,1380.6,946785997.7,1055463853.5,134253874,1064250178,271640170.2,30989.4,30976.0,30336,31744,263.1,cudaLaunchKernel,ampere_fp16_s16816gemm_fp16_128x128_ldg8_f2f_stages_64x3_tn
3609652,3611918,0,192,192,936230365.2,1040765050.5,129978403,1049505208,261934029.8,13040.5,12644.0,10991,27232,1944.8,936198606.0,1040734920.0,129948967,1049472125,261933760.9,18718.7,18496.0,17920,20672,653.4,cudaLaunchKernel,ampere_fp16_s16816gemm_fp16_128x64_ldg8_f2f_stages_64x4_tn
3609652,3611918,0,160,160,935099037.8,1028303635.0,129976594,1056072823,255692843.7,12151.9,11537.0,9959,25168,1921.7,934861513.8,1028122590.5,129796471,1055723535,255688023.1,225372.1,225137.0,166977,339393,61883.3,cudaLaunchKernel,ampere_fp16_s16816gemm_fp16_256x128_ldg8_f2f_stages_64x3_tn
3609652,3611918,0,96,96,934150073.2,1041506348.5,130403458,1052031790,268565069.9,15439.3,9222.5,6262,59093,16129.3,934088437.7,1041390134.0,130366773,1051962494,268562329.3,46196.2,45472.0,28320,63360,12303.3,cudaLaunchKernel,"void <unnamed>::softmax_warp_forward<c10::Half, float, float, (int)8, (bool)0, (bool)0, (int)32>(T2 *, const T1 *, int, int, int, const bool *, int, bool)"
3609652,3611918,0,96,96,915954821.7,1039763052.5,130175879,1052495995,290590506.9,13705.2,13210.5,11943,23374,1674.2,915889437.0,1039704839.0,130118302,1052414785,290590665.7,51679.5,44720.5,44256,66336,10057.3,cudaLaunchKernelExC,sm80_xmma_gemm_f16f16_f16f32_f32_tn_n_tilesize96x128x32_stage4_warpsize2x2x1_tensor16x8x16_execute_kernel__5x_cublas
3609652,3611918,0,16,16,908860320.6,1031809735.5,129331646,1033013797,286254314.2,353556.1,10424.0,6914,5496944,1371574.4,908488540.3,1031781303.5,129302454,1032985340,286101686.2,18224.3,18224.0,18016,18433,145.5,cudaLaunchKernel,"void <unnamed>::softmax_warp_forward<c10::Half, float, float, (int)7, (bool)0, (bool)0, (int)32>(T2 *, const T1 *, int, int, int, const bool *, int, bool)"
3609652,3611918,0,32,32,908806164.5,1031985139.0,129049886,1033895417,281469225.9,15066.2,14377.0,11943,21972,2579.9,908745362.2,1031925367.5,128985355,1033834423,281469368.3,45736.2,45728.0,45088,46624,417.9,cudaLaunchKernelExC,sm80_xmma_gemm_f16f16_f16f32_f32_tn_n_tilesize192x128x32_stage3_warpsize4x2x1_tensor16x8x16_execute_kernel__5x_cublas
3609652,3618350,0,20592,20460,341257457.7,273307679.5,13456,1044074794,310952669.9,7337.8,5751.0,4599,2510263,27583.8,343447895.1,273348146.5,219,1044064821,310739530.2,3835.2,4032.0,2880,21248,930.1,cudaLaunchKernel,"void at::native::elementwise_kernel<(int)128, (int)4, void at::native::gpu_kernel_impl_nocast<at::native::direct_copy_kernel_cuda(at::TensorIteratorBase &)::[lambda() (instance 3)]::operator ()() const::[lambda() (instance 1)]::operator ()() const::[lambda(unsigned char) (instance 1)]>(at::TensorIteratorBase &, const T1 &)::[lambda(int) (instance 1)]>(int, T3)"
3609652,3618350,0,60592,59842,231664149.2,146187015.0,10474,1044204474,300977576.4,9196.9,7534.0,5139,2094280,27502.6,234539909.9,166981596.0,0,1044191353,301741654.1,18199.8,4352.0,3040,856899,46513.6,cudaLaunchKernel,"void at::native::elementwise_kernel<(int)128, (int)2, void at::native::gpu_kernel_impl_nocast<at::native::CUDAFunctor_add<float>>(at::TensorIteratorBase &, const T1 &)::[lambda(int) (instance 1)]>(int, T3)"
3609652,3618350,0,162640,162350,220912043.6,224777979.5,17730,1044344943,227704675.6,408600.2,8175.0,4870,34636373,968117.9,220894075.0,224324896.5,404,1044333465,227680139.4,3245.4,3200.0,1856,121729,2015.4,cudaLaunchKernel,"void at::native::elementwise_kernel<(int)128, (int)2, void at::native::gpu_kernel_impl_nocast<at::native::direct_copy_kernel_cuda(at::TensorIteratorBase &)::[lambda() (instance 3)]::operator ()() const::[lambda() (instance 4)]::operator ()() const::[lambda(long) (instance 1)]>(at::TensorIteratorBase &, const T1 &)::[lambda(int) (instance 1)]>(int, T3)"
3609652,3618350,0,133792,133792,215765629.8,223320270.0,1061065,1044445037,206839596.6,562792.5,4509.0,3617,43094348,2097601.1,215106376.6,223209576.5,700598,1044293824,205646315.4,96460.7,100896.0,67552,323873,9938.8,cudaLaunchKernel,"<unnamed>::qvq_fused_w2_traceback_kernel(const unsigned char *, const unsigned char *, const int *, long *, unsigned char *, int)"
3609652,3618350,0,133792,133328,215676542.8,223229157.5,1011642,1044334466,206831782.2,7477.1,4879.0,3958,25795799,80614.4,213399752.2,220702697.0,469,1030911850,204184664.1,3009424.7,3326376.0,999779,15806129,2859156.2,cudaLaunchKernel,void <unnamed>::qvq_fused_w2_family_grid_kernel<(bool)0>(<unnamed>::FusedSequenceArgs)
3609652,3618350,0,133792,133410,212677790.1,219951162.0,23200,1030926935,204215357.3,7624.1,5380.0,4148,2582460,23287.7,213266341.4,220605674.5,499,1030907704,204189245.0,12755.1,13440.0,9056,248417,2011.4,cudaLaunchKernel,"<unnamed>::qvq_fused_detect_family_mask_kernel(const unsigned int *, int *)"
3609652,3618350,0,133808,133478,212658505.6,219939817.5,9350,1030930638,204215928.8,11132.2,8826.0,4959,5887788,30633.9,213171570.7,220543767.5,294,1030917913,204193699.7,1534.4,1536.0,1248,17920,167.6,cudaLaunchKernel,"void at::native::vectorized_elementwise_kernel<(int)4, at::native::FillFunctor<int>, std::array<char *, (unsigned long)1>>(int, T2, T3)"
3609652,3618350,0,61344,60957,174409436.3,173648830.0,53876,330218459,74846954.0,8634.2,6483.0,5180,875889,18858.2,173906941.1,173056657.0,805,324761650,72676552.1,1591062.8,1164932.0,19104,5814195,1409274.7,cudaLaunchKernel,void cutlass::Kernel2<cutlass_80_simt_sgemm_grouped_128x128_8x4_align1>(T1::Params)
3609652,3618350,0,61344,61319,174402380.3,173641149.0,32101,330212737,74845919.7,7649.7,5410.0,4389,1656106,29851.2,174462243.9,173669689.0,293,330203080,74779957.4,3587.8,3392.0,2112,281761,5227.3,cudaLaunchKernel,"<unnamed>::qvq_yaqa_feedback_epilogue_kernel(const float *, const float *, const float *, const float *, const float *, float *, int, int, int, int, int)"
3609652,3618350,0,61216,61006,173366974.5,172732470.0,33564,324814824,73396843.8,7118.7,5450.0,4469,929631,10925.5,173563530.4,172733229.0,1295,323867270,72582532.1,391763.1,308768.5,4512,971171,328405.7,cudaLaunchKernel,"void gemmSN_NN_kernel<float, (int)128, (int)2, (int)4, (int)8, (int)4, (int)4, (bool)0, cublasGemvTensorBatched<const float>, cublasGemvTensorBatched<const float>, cublasGemvTensorBatched<float>>(cublasGemmSmallNParams<T9, T10, T11, T1>)"
3609652,3618350,0,40960,40817,173222244.7,7085712.5,16097,1044195404,277847530.1,10951.1,9278.0,7334,1723785,26187.9,173813920.1,7084268.0,22,1044181633,278144072.9,4207.9,4160.0,3712,5152,320.0,cudaLaunchKernel,"void at::native::elementwise_kernel<(int)128, (int)4, void at::native::gpu_kernel_impl_nocast<at::native::direct_copy_kernel_cuda(at::TensorIteratorBase &)::[lambda() (instance 3)]::operator ()() const::[lambda() (instance 10)]::operator ()() const::[lambda(c10::Half) (instance 1)]>(at::TensorIteratorBase &, const T1 &)::[lambda(int) (instance 1)]>(int, T3)"
3609652,3618350,0,61248,60978,172908009.2,172242911.0,45665,323885799,73210873.2,9709.7,7023.0,5561,1653570,33968.8,173340457.5,172670026.5,1133,323586566,72350778.6,322026.4,253856.5,9536,2879209,332837.2,cudaLaunchKernel,ampere_sgemm_128x128_nt
3609652,3618350,0,61344,61020,172860924.8,172324512.0,30667,324732068,73738424.0,15617.4,11091.0,8987,15419459,77144.1,173760898.2,172916911.0,1214,324719017,72851648.0,2171.2,2144.0,1440,51872,452.4,cudaLaunchKernel,"<unnamed>::qvq_yaqa_grouped_pointers_kernel(const float *, const float *, float *, float **, float **, float **, int, int, int, int, int, int)"
3609652,3618350,0,61344,61077,172463758.0,171900022.0,17145,323618499,73177618.0,14790.2,11151.0,8436,5684451,41743.1,173200895.3,172501883.0,13934,323605895,72444998.3,1937.8,1952.0,1440,52032,270.8,cudaLaunchKernel,"<unnamed>::qvq_yaqa_update_grouped_pointers_kernel(float *, float *, const float *, const float *, const float *, float **, float **, float **, int, int, int, int, int, int)"
3609652,3618350,0,91796,91654,168605843.7,77351434.5,12150,1044372129,193611343.7,20923.9,9288.0,6011,2473483,80818.6,168842888.9,77382665.0,4,1044360047,193652551.9,3220.1,3360.0,1760,56993,1886.0,cudaLaunchKernel,"void at::native::unrolled_elementwise_kernel<at::native::direct_copy_kernel_cuda(at::TensorIteratorBase &)::[lambda() (instance 3)]::operator ()() const::[lambda() (instance 4)]::operator ()() const::[lambda(long) (instance 1)], std::array<char *, (unsigned long)2>, (int)4, TrivialOffsetCalculator<(int)1, unsigned int>, TrivialOffsetCalculator<(int)1, unsigned int>, at::native::memory::LoadWithCast<(int)1>, at::native::memory::StoreWithCast<(int)1>>(int, T1, T2, T4, T5, T6, T7)"
3609652,3618350,0,24084,23871,147186567.1,92264267.5,9720,284340950,118940482.0,14419.3,11221.0,4829,2484604,51866.3,148423884.0,92259432.0,64,284109466,118602371.7,61025.8,35040.5,2496,261537,69453.7,cudaLaunchKernel,"void gemmSN_NN_kernel<float, (int)256, (int)4, (int)2, (int)8, (int)4, (int)4, (bool)0, cublasGemvTensorStridedBatched<const float>, cublasGemvTensorStridedBatched<const float>, cublasGemvTensorStridedBatched<float>>(cublasGemmSmallNParams<T9, T10, T11, T1>)"
3609652,3618350,0,48,48,136447281.4,149888290.0,57350183,150943247,23330826.3,30031.0,21000.0,12273,192136,33548.5,136413835.7,149858521.5,57230678,150925930,23353930.3,3414.7,3424.0,3168,3712,77.0,cudaLaunchKernel,"void at::native::<unnamed>::CatArrayBatchedCopy_contig<at::native::<unnamed>::OpaqueType<(unsigned int)1>, unsigned int, (int)1, (int)128, (int)1>(T1 *, at::native::<unnamed>::CatArrInputTensorMetadata<T1, T2, T4, T5>, at::native::<unnamed>::TensorSizeStride<T2, (unsigned int)4>, int, T2)"
3609652,3618350,0,154688,154680,133889127.2,82421811.5,106944,1031014060,159002512.2,17731.4,8045.0,5340,24208925,78653.3,133875455.6,82414740.0,26,1030949466,158997417.0,2863.8,2944.0,1792,69152,764.3,cudaLaunchKernel,"void at::native::elementwise_kernel<(int)128, (int)2, void at::native::gpu_kernel_impl_nocast<at::native::AUnaryFunctor<long, long, long, at::native::BitwiseAndFunctor<long>>>(at::TensorIteratorBase &, const T1 &)::[lambda(int) (instance 1)]>(int, T3)"
3609652,3618350,0,156304,155642,133887183.0,82392329.5,12648,1044165053,160445003.9,15588.2,7835.0,5350,2887812,43301.9,134436855.5,82941033.0,8,1044149691,160550198.0,4141.2,4032.0,2528,168384,2155.0,cudaLaunchKernel,"void at::native::unrolled_elementwise_kernel<at::native::direct_copy_kernel_cuda(at::TensorIteratorBase &)::[lambda() (instance 3)]::operator ()() const::[lambda() (instance 7)]::operator ()() const::[lambda(float) (instance 1)], std::array<char *, (unsigned long)2>, (int)4, TrivialOffsetCalculator<(int)1, unsigned int>, TrivialOffsetCalculator<(int)1, unsigned int>, at::native::memory::LoadWithCast<(int)1>, at::native::memory::StoreWithCast<(int)1>>(int, T1, T2, T4, T5, T6, T7)"
3609652,3618350,0,155296,154156,132037120.2,80697554.5,12907,1031075248,158389640.7,23537.2,12273.0,6763,2107295,36367.8,132987133.1,81598879.0,15,1030995671,158558358.3,2702.3,2560.0,1728,164160,1533.1,cudaLaunchKernel,"void at::native::roll_cuda_kernel<float>(const T1 *, T1 *, long, long, long, long, long, long)"
3609652,3618350,0,52544,52244,122998350.1,61761272.0,16497,1044232562,234642922.6,12886.5,9889.0,8176,29812532,133937.6,123661662.6,61857093.0,235,1043988666,235098400.1,29882.7,18656.0,4288,238657,36739.2,cudaLaunchKernel,"void gemmSN_NN_kernel<float, (int)128, (int)2, (int)4, (int)8, (int)4, (int)4, (bool)0, cublasGemvTensorStridedBatched<const float>, cublasGemvTensorStridedBatched<const float>, cublasGemvTensorStridedBatched<float>>(cublasGemmSmallNParams<T9, T10, T11, T1>)"
3609652,3618350,0,114336,113718,120257907.7,86319289.5,14652,327023165,81458162.7,659137.5,7474.0,5149,35705310,1259780.5,120241808.1,86663931.0,374,323787672,80247300.0,6919.5,6912.0,3200,65344,479.1,cudaLaunchKernel,"void at::native::index_elementwise_kernel<(int)128, (int)4, void at::native::gpu_index_kernel<void at::native::index_put_kernel_impl<at::native::OpaqueType<(int)8>>(at::TensorIterator &, c10::ArrayRef<long>, c10::ArrayRef<long>)::[lambda(char *, const char *, long) (instance 1)]>(at::TensorIteratorBase &, c10::ArrayRef<long>, c10::ArrayRef<long>, const T1 &, bool)::[lambda(int) (instance 1)]>(long, T3)"
3609652,3618350,0,175893,175732,119549414.7,72958568.0,15969,1044302842,156702665.7,22467.8,8917.0,5170,9740729,51809.1,119627022.4,73068395.5,588,1044283133,156724560.4,9428.7,8992.0,3968,507393,2875.5,cudaLaunchKernel,"void at::native::index_elementwise_kernel<(int)128, (int)4, void at::native::gpu_index_kernel<void at::native::index_kernel_impl<at::native::OpaqueType<(int)2>>(at::TensorIteratorBase &, c10::ArrayRef<long>, c10::ArrayRef<long>)::[lambda(char *, const char *, long) (instance 1)]>(at::TensorIteratorBase &, c10::ArrayRef<long>, c10::ArrayRef<long>, const T1 &, bool)::[lambda(int) (instance 1)]>(long, T3)"
3609652,3618350,0,114336,113667,119405350.3,84804614.5,9354,329141493,81589306.2,22063.7,6243.0,4970,1916781,49373.5,120083890.4,85261706.0,20,329133871,81320847.2,2039.7,2016.0,1600,36384,237.0,cudaLaunchKernel,"void at::native::vectorized_elementwise_kernel<(int)4, at::native::bitwise_not_kernel_cuda(at::TensorIteratorBase &)::[lambda(bool) (instance 1)], std::array<char *, (unsigned long)2>>(int, T2, T3)"
3609652,3618350,0,229024,227226,118576019.6,84584757.5,8427,323607365,80787793.5,25656.8,6002.0,4198,7274260,82030.9,119486438.9,85211511.5,44,323598524,80426069.8,1992.2,1952.0,1504,120961,660.7,cudaLaunchKernel,"void at::native::vectorized_elementwise_kernel<(int)4, at::native::BinaryFunctor<bool, bool, bool, at::native::logical_or_kernel_cuda(at::TensorIterator &)::[lambda() (instance 2)]::operator ()() const::[lambda() (instance 9)]::operator ()() const::[lambda(bool, bool) (instance 1)]>, std::array<char *, (unsigned long)3>>(int, T2, T3)"
3609652,3618350,0,70416,70037,117198274.3,66386635.0,11804,323786301,93355397.8,38860.7,7274.0,5210,2960971,56160.1,117787402.5,66533237.0,498,323691202,93173909.5,6004.5,6560.0,3040,44736,1136.0,cudaLaunchKernel,"void at::native::index_elementwise_kernel<(int)128, (int)4, void at::native::gpu_index_kernel<void at::native::index_put_kernel_impl<at::native::OpaqueType<(int)1>>(at::TensorIterator &, c10::ArrayRef<long>, c10::ArrayRef<long>)::[lambda(char *, const char *, long) (instance 1)]>(at::TensorIteratorBase &, c10::ArrayRef<long>, c10::ArrayRef<long>, const T1 &, bool)::[lambda(int) (instance 1)]>(long, T3)"
3609652,3618350,0,198000,196929,107586859.8,76060091.5,15016,327039987,73372714.4,273003.9,10209.0,5230,34093979,698421.7,107890795.3,76318948.0,274,327022948,72936574.0,6686.6,6656.0,3424,265761,872.3,cudaLaunchKernel,"void at::native::index_elementwise_kernel<(int)128, (int)4, void at::native::gpu_index_kernel<void at::native::index_put_kernel_impl<at::native::OpaqueType<(int)4>>(at::TensorIterator &, c10::ArrayRef<long>, c10::ArrayRef<long>)::[lambda(char *, const char *, long) (instance 1)]>(at::TensorIteratorBase &, c10::ArrayRef<long>, c10::ArrayRef<long>, const T1 &, bool)::[lambda(int) (instance 1)]>(long, T3)"
3609652,3618350,0,128,125,103578420.9,104750297.0,3316732,137431196,31426718.8,21660.8,12609.5,9789,125950,24670.6,102733737.4,101518064.0,14265903,134186003,27629496.5,3231368.3,3231322.0,3229322,3233483,701.7,cudaLaunchKernel,ampere_sgemm_128x64_nt
3609652,3618350,0,864,838,102838103.9,3418808.5,239386,1047398356,268846982.6,37261.9,9929.5,6743,1131906,116166.6,102546801.5,54416.5,6,1043994660,271899425.8,3340259.9,3234810.5,230688,12679341,4149513.2,cudaLaunchKernel,ampere_sgemm_128x64_nn
3609652,3618350,0,1008,1008,101300188.3,3477386.0,66554,1047437521,257786022.0,961694.4,7965.5,5621,33867548,3343841.1,100294450.7,3383711.0,10445,1034279372,254616704.3,44043.2,20064.0,3968,90177,37403.1,cudaLaunchKernel,"void at::native::vectorized_elementwise_kernel<(int)4, at::native::BinaryFunctor<float, float, float, at::native::binary_internal::MulFunctor<float>>, std::array<char *, (unsigned long)3>>(int, T2, T3)"
3609652,3618350,0,1120,1111,91066811.6,3478284.0,43904,1034276799,243137471.1,12196.8,8867.0,6051,545970,23545.3,91763730.0,3431495.0,119294,1034198411,243975218.8,28327.6,11936.0,6944,160481,28378.3,cudaLaunchKernel,"void at::native::reduce_kernel<(int)512, (int)1, at::native::ReduceOp<float, at::native::func_wrapper_t<float, at::native::sum_functor<float, float, float>::operator ()(at::TensorIterator &)::[lambda(float, float) (instance 1)]>, unsigned int, float, (int)4, (int)4>>(T3)"
3609652,3618350,0,83888,83645,89583549.0,72575173.5,11271,219616068,55378607.6,102115.5,9548.0,6222,6000182,202900.8,89739798.4,72222996.0,8,219605469,55285606.4,1591.2,1440.0,1312,31456,972.4,cudaLaunchKernel,"void at::native::vectorized_elementwise_kernel<(int)2, at::native::FillFunctor<long>, std::array<char *, (unsigned long)1>>(int, T2, T3)"
3609652,3618350,0,128800,127508,85690318.4,83231560.0,1363337,219841445,71844680.2,47428.1,5080.0,3958,5695852,199858.4,84060393.9,82437245.5,0,217056761,71920204.5,2425757.4,2752039.0,1349157,9370459,1390848.6,cudaLaunchKernel,"void <unnamed>::qvq_viterbi_kernel<(int)4, (int)2, __half, unsigned char>(const float *, const T3 *, const float *, const long *, const float *, T4 *, long *, float *, int, int, int, bool, bool, bool)"
3609652,3618350,0,22208,22173,72410279.0,68095023.5,371415,126616224,18652852.1,11272.3,8747.0,7384,2718560,32391.4,71930667.6,67427404.0,2,125816171,18407525.2,581703.6,576321.5,307041,896739,162872.0,cudaLaunchKernel,ampere_sgemm_64x32_sliced1x4_nt
3609652,3618350,0,106994,106349,71750818.4,61666320.5,9958,1044121556,65233498.4,137109.5,6332.0,4819,31873338,336182.7,72044753.5,61125187.0,5,1044008368,65202294.4,3282.7,2208.0,1504,194369,9298.6,cudaLaunchKernel,"void at::native::vectorized_elementwise_kernel<(int)4, at::native::CUDAFunctor_add<float>, std::array<char *, (unsigned long)3>>(int, T2, T3)"
3609652,3618350,0,176800,174994,71471211.1,48536807.5,9607,217077110,64998219.8,15112.7,6302.0,4398,16727501,61788.2,72190798.2,49118354.5,4,217069227,64927457.9,2743.3,2688.0,2112,525282,6566.5,cudaLaunchKernel,"<unnamed>::qvq_half2_codebook_norm_pack_kernel(const __half *, unsigned long *, int)"
3609652,3618350,0,196480,193662,69133627.1,46246238.5,8967,323628361,84996481.1,8768.9,6784.0,5340,6470929,28123.3,70128932.8,46324401.5,5,323619061,85199533.9,1762.5,1696.0,1536,73856,427.0,cudaLaunchKernel,"void at::native::vectorized_elementwise_kernel<(int)4, void at::native::compare_scalar_kernel<float>(at::TensorIteratorBase &, at::native::<unnamed>::OpType, T1)::[lambda(float) (instance 1)], std::array<char *, (unsigned long)2>>(int, T2, T3)"
3609652,3618350,0,242640,241055,68151805.3,61870429.5,16000,219515377,40493283.3,14047.5,9168.0,5951,3369259,53134.9,68572162.8,62019580.0,61,219500524,40248190.0,13584.5,8128.0,3968,236545,10973.1,cudaLaunchKernel,"void at::native::index_elementwise_kernel<(int)128, (int)4, void at::native::gpu_index_kernel<void at::native::index_kernel_impl<at::native::OpaqueType<(int)4>>(at::TensorIteratorBase &, c10::ArrayRef<long>, c10::ArrayRef<long>)::[lambda(char *, const char *, long) (instance 1)]>(at::TensorIteratorBase &, c10::ArrayRef<long>, c10::ArrayRef<long>, const T1 &, bool)::[lambda(int) (instance 1)]>(long, T3)"
3609652,3618350,0,361464,354961,58524719.7,12593.0,8772,1044175316,181404090.4,195531.0,6813.0,4658,33661055,1233572.2,59392077.3,2125.0,0,1044129089,182237133.5,5645.2,3232.0,1856,796643,25504.8,cudaLaunchKernel,"void at::native::elementwise_kernel<(int)128, (int)2, void at::native::gpu_kernel_impl_nocast<at::native::direct_copy_kernel_cuda(at::TensorIteratorBase &)::[lambda() (instance 3)]::operator ()() const::[lambda() (instance 7)]::operator ()() const::[lambda(float) (instance 1)]>(at::TensorIteratorBase &, const T1 &)::[lambda(int) (instance 1)]>(int, T3)"
3609652,3618350,0,128,128,58322346.3,42110868.0,16997982,116634685,41968486.0,7371.0,6252.0,4609,23015,2941.5,58308642.3,42097654.0,16977499,116622085,41967127.6,6333.0,5152.0,3968,11968,2310.4,cudaLaunchKernel,"void gemmSN_NN_kernel<float, (int)256, (int)4, (int)2, (int)8, (int)4, (int)4, (bool)0, cublasGemvTensorBatched<const float>, cublasGemvTensorBatched<const float>, cublasGemvTensorBatched<float>>(cublasGemmSmallNParams<T9, T10, T11, T1>)"
3609652,3618350,0,237216,233677,57525831.4,19045.0,10914,329112409,82241221.1,255571.3,6873.0,4970,36155487,898911.1,58130585.7,2803.0,2,323637366,81945812.3,6962.4,7584.0,3104,86433,1603.4,cudaLaunchKernel,"void at::native::reduce_kernel<(int)512, (int)1, at::native::ReduceOp<float, at::native::func_wrapper_t<float, at::native::MaxNanFunctor<float>>, unsigned int, float, (int)4, (int)4>>(T3)"
3609652,3618350,0,478112,469072,57410603.2,2382222.0,8623,1024228527,82526586.4,15523.5,9658.0,4769,26555466,53228.0,58498924.3,2401761.0,0,1024210914,82925890.5,2264.5,2080.0,1408,257473,4861.4,cudaLaunchKernel,"void at::native::vectorized_elementwise_kernel<(int)4, at::native::AbsFunctor<float>, std::array<char *, (unsigned long)2>>(int, T2, T3)"
3609652,3618350,0,240896,237773,57266450.5,2401474.5,8623,1024176124,82786008.5,33650.9,6282.0,4699,27070388,154247.4,57982221.9,2406562.0,0,1024155525,83016514.3,2283.4,2080.0,1472,166433,4483.5,cudaLaunchKernel,"void at::native::vectorized_elementwise_kernel<(int)4, at::native::AUnaryFunctor<float, float, bool, at::native::<unnamed>::CompareEqFunctor<float>>, std::array<char *, (unsigned long)2>>(int, T2, T3)"
3609652,3618350,0,241008,237974,57206294.7,2390133.5,7851,1024139327,82722483.1,67427.6,5330.0,4198,35729546,250110.1,57865004.5,2395260.5,1,1024128363,82847926.2,2329.8,2080.0,1504,165473,4535.7,cudaLaunchKernel,"void at::native::vectorized_elementwise_kernel<(int)4, at::native::BinaryFunctor<float, float, bool, at::native::<unnamed>::CompareEqFunctor<float>>, std::array<char *, (unsigned long)3>>(int, T2, T3)"
3609652,3618350,0,24320,24020,48434764.6,47168083.0,36458,124422634,18399486.0,10348.1,8406.0,6964,1008862,20548.1,48877072.4,47098771.0,49,110853406,17620192.2,150425.9,70784.0,20672,13629135,692183.6,cuLaunchKernel,void cutlass::Kernel2<cutlass_80_simt_sgemm_128x32_8x5_nt_align1>(T1::Params)
3609652,3618350,0,512,511,43387543.7,3066307.0,38931,151055324,56258431.2,84674.4,10515.0,7895,873664,234345.5,43291082.9,3035034.0,1422934,150726340,56098438.7,96343.3,21728.0,21024,329121,129495.8,cudaLaunchKernel,"std::enable_if<!T7, void>::type internal::gemvx::kernel<int, int, float, float, float, float, (bool)0, (bool)1, (bool)1, (bool)0, (int)7, (bool)0, cublasGemvParamsEx<int, cublasGemvTensorStridedBatched<const float>, cublasGemvTensorStridedBatched<const float>, cublasGemvTensorStridedBatched<float>, float>>(T13)"
3609652,3618350,0,48000,47996,40733208.5,46484264.5,334691,100609767,15867984.8,35809.7,4679.0,3587,3570834,113645.8,40620795.7,46394174.5,333,100515292,15840534.1,79989.1,80704.0,66400,554978,5704.5,cudaLaunchKernel,"void <unnamed>::qvq_v2_segment_grid_finalize_kernel<(int)4, (int)2, (int)16, (bool)0, __half, unsigned char>(const float *, const T5 *, const float *, const long *, const float *, const float *, const T6 *, const unsigned char *, long *, unsigned char *, float *, int, int, bool, bool)"
3609652,3618350,0,384000,383633,40285456.4,46104532.5,146397,100641471,15928654.4,34846.2,4559.0,3457,16792134,87172.3,40143796.8,45874880.0,117,100375898,15871632.9,145189.7,146176.0,131264,2068645,9014.6,cudaLaunchKernel,"void <unnamed>::qvq_v2_segment_grid_kernel<(int)4, (int)2, (int)16, (bool)1, (bool)0, __half, unsigned char>(const float *, const T6 *, const float *, const long *, const float *, const float *, float *, T7 *, unsigned char *, int, int, int, bool, bool)"
3609652,3618350,0,364005,358298,37835147.2,10048.0,8337,1024123296,72419317.3,6747.1,5200.0,4239,2448626,25839.3,38428704.4,2477.0,3,1024102829,72834735.3,2213.2,2176.0,1504,104352,2125.9,cudaLaunchKernel,"void at::native::vectorized_elementwise_kernel<(int)4, at::native::BinaryFunctor<bool, bool, bool, at::native::binary_internal::MulFunctor<bool>>, std::array<char *, (unsigned long)3>>(int, T2, T3)"
3609652,3618350,0,608,608,34312362.5,17123617.5,642014,150003197,38249962.8,38557.1,9222.5,6282,120059,46403.2,34272142.3,17111484.5,590408,149993452,38241579.6,1663.1,1536.0,1408,3233,389.7,cudaLaunchKernel,"void at::native::unrolled_elementwise_kernel<at::native::AUnaryFunctor<long, long, long, at::native::BitwiseAndFunctor<long>>, std::array<char *, (unsigned long)2>, (int)4, TrivialOffsetCalculator<(int)1, unsigned int>, TrivialOffsetCalculator<(int)1, unsigned int>, at::native::memory::LoadWithoutCast, at::native::memory::StoreWithoutCast>(int, T1, T2, T4, T5, T6, T7)"
3609652,3618350,0,424234,417644,32494353.2,16802.0,9508,329159531,67701412.3,8844.5,6753.0,4749,3730908,27262.7,32991504.9,2517.0,0,329142990,68108297.8,6527.8,7232.0,2496,171553,2574.1,cudaLaunchKernel,"void at::native::reduce_kernel<(int)512, (int)1, at::native::ReduceOp<bool, at::native::func_wrapper_t<bool, at::native::and_kernel_cuda(at::TensorIterator &)::[lambda() (instance 1)]::operator ()() const::[lambda() (instance 12)]::operator ()() const::[lambda(bool, bool) (instance 1)]>, unsigned int, bool, (int)4, (int)4>>(T3)"
3609652,3618350,0,2112,2058,32224986.3,27655467.0,85320,77028860,21185978.3,11139.7,9177.0,7444,505062,14029.7,32981604.2,28651436.0,11,76968695,20852386.3,75775.9,46848.0,37985,246785,70790.7,cudaLaunchKernel,ampere_sgemm_32x32_sliced1x4_nt
3609652,3618350,0,1024,1023,29104883.2,16072682.0,44595,79257902,26349181.6,10360.9,8987.0,7484,495133,21516.6,29093783.0,23060215.0,1286,79211201,26345453.0,29152.2,29136.5,18304,41024,6805.6,cudaLaunchKernel,ampere_sgemm_128x32_nt
3609652,3618350,0,96,96,15962240.5,16546398.0,12860308,17058221,1387734.8,11225.2,10485.0,6613,44605,4862.7,2914413.3,3324945.5,1142,4165860,1380553.3,13036602.0,13015388.5,12849418,13336078,155300.2,cuLaunchKernel,void cutlass::Kernel2<cutlass_80_simt_sgemm_128x64_8x5_nn_align1>(T1::Params)
3609652,3618350,0,32,32,15884163.2,15881610.5,15578617,16136052,112381.3,17452.6,11151.5,7354,76737,19143.3,3159544.0,3178193.5,2805454,3241349,110433.3,12707166.6,12692729.5,12686027,12893931,47559.0,cudaLaunchKernel,ampere_sgemm_128x64_tn
3609652,3609652,0,1408,1360,13436589.5,670477.5,45989,231583983,36389057.3,11779.9,10460.0,6623,365236,14437.8,13702077.5,537183.5,2,230398662,36824343.1,190022.2,139809.0,34432,1222881,218333.8,cudaLaunchKernel,ampere_fp16_s16816gemm_fp16_128x128_ldg8_f2f_stages_32x5_tn
3609652,3618350,0,32,16,13390655.8,13445784.5,12879740,13747635,278818.9,15435.9,16356.0,9108,23374,4188.5,766488.5,762295.0,712425,866781,40789.3,12992449.8,12914474.5,12863203,13287660,140244.6,cuLaunchKernel,void cutlass::Kernel2<cutlass_80_simt_sgemm_64x128_8x5_nt_align1>(T1::Params)
3609652,3618350,0,64,64,11344963.3,11352106.0,11175927,11493229,75815.6,10659.4,8786.5,5751,83068,9715.7,7913852.6,7920211.5,7713514,8065949,78814.4,3420451.3,3420395.0,3412395,3426251,2144.9,cudaLaunchKernel,ampere_sgemm_128x64_lower_nt
3609652,3609652,0,16,16,10939887.6,9162274.0,3679788,24673929,5746665.1,13512.5,11406.5,8005,48934,9792.8,7964834.6,7200756.0,757,19596890,5359443.9,2961540.5,2354870.5,850212,7525894,1887339.2,cudaLaunchKernel,"void at::native::<unnamed>::cunn_SoftMaxForward<(int)4, float, float, float, at::native::<unnamed>::LogSoftMaxForwardEpilogue>(T4 *, const T2 *, int)"
3609652,3609652,0,16,15,10665952.8,9109289.0,3619634,24598590,5934186.8,268852.3,9788.5,6863,4123746,1027981.3,11085800.1,9405029.0,3599109,24584819,5869648.5,4388.0,4352.0,3904,4800,297.0,cudaLaunchKernel,"void at::native::<unnamed>::nll_loss_forward_no_reduce_cuda_kernel<float, long>(long, torch::headeronly::detail::GenericPackedTensorAccessor<torch::headeronly::detail::TensorAccessor<c10::ArrayRef<long>, T1, (unsigned long)1, torch::headeronly::DefaultPtrTraits, long>, at::detail::IndexBoundsCheck<(unsigned long)2, long>, T1, (unsigned long)2, torch::headeronly::DefaultPtrTraits, long>, const T2 *, T1 *, const T1 *, long, long)"
3609652,3609652,0,16,16,10350059.1,9051490.5,36134,24533295,6302093.7,10770.0,8521.0,7354,32943,6482.4,10337441.1,9041799.5,1367,24522522,6303932.8,1848.0,1856.0,1664,2048,123.9,cudaLaunchKernel,"void at::native::vectorized_elementwise_kernel<(int)4, at::native::AbsFunctor<float>, std::array<char *, (unsigned long)2>>(int, T2, T3)"
3609652,3609652,0,16,15,10317479.7,9018012.0,30928,24500581,6297916.4,9312.9,7063.0,6002,30298,6134.9,10993661.2,9306167.0,3514693,24489102,5867193.9,1670.1,1664.0,1568,1793,65.3,cudaLaunchKernel,"void at::native::vectorized_elementwise_kernel<(int)4, at::native::BinaryFunctor<float, float, bool, at::native::<unnamed>::CompareEqFunctor<float>>, std::array<char *, (unsigned long)3>>(int, T2, T3)"
3609652,3609652,0,205,202,10258250.0,1020725.0,678458,226432500,35547099.9,36584.2,8045.0,5961,4909534,342454.4,8951948.0,323217.5,287816,219624123,34485263.7,1400840.9,690658.0,634273,6801413,1606878.5,cudaLaunchKernel,"void at::native::<unnamed>::cunn_SoftMaxForward<(int)8, c10::Half, float, float, at::native::<unnamed>::SoftMaxForwardEpilogue>(T4 *, const T2 *, int)"
3609652,3611918,0,4,4,9477784.0,9215412.5,6837083,12643228,2493304.1,9109.8,8997.0,7915,10530,1106.8,9464266.3,9200481.0,6825206,12630897,2493159.5,4408.0,4656.0,3200,5120,857.2,cudaLaunchKernel,"void at_cuda_detail::cub::detail::reduce::DeviceReduceKernel<at_cuda_detail::cub::detail::reduce::policy_hub<int, unsigned long long, cuda::std::__4::plus<void>>::Policy1000, thrust::_V_300200_SM_750_800_860_900_1000_1200::transform_iterator<at::native::<unnamed>::NonZeroOp<bool>, const bool *, thrust::_V_300200_SM_750_800_860_900_1000_1200::use_default, thrust::_V_300200_SM_750_800_860_900_1000_1200::use_default>, unsigned long long, cuda::std::__4::plus<void>, int, cuda::std::__4::identity>(T2, T5 *, T3, at_cuda_detail::cub::GridEvenShare<T3>, T4, T6)"
3609652,3611918,0,4,4,9468638.5,9205011.5,6828866,12635665,2493507.2,6570.3,6643.0,5972,7023,446.3,9459540.3,9195595.5,6819741,12627229,2493817.9,2528.0,2528.0,2400,2656,116.8,cudaLaunchKernel,"void at_cuda_detail::cub::detail::reduce::DeviceReduceSingleTileKernel<at_cuda_detail::cub::detail::reduce::policy_hub<int, unsigned long long, cuda::std::__4::plus<void>>::Policy1000, int *, int *, int, cuda::std::__4::plus<void>, int, int, cuda::std::__4::identity>(T2, T3, T4, T5, T6, T8)"
3609652,3618350,0,2912,2894,9396825.5,2524478.5,30887,276216050,39493021.6,45106.2,10731.0,6963,3005617,307407.5,9160043.2,2491346.5,327,272368421,39301785.1,248317.7,39392.5,15232,887715,358154.0,cudaLaunchKernel,ampere_sgemm_128x32_nn
3609652,3609652,0,19,19,8579411.7,7151011.0,1853348,16783074,5120986.1,128314.5,9108.0,4398,2258392,515835.5,7814140.8,6562577.0,77,16133878,5192275.6,636956.5,644578.0,229313,1044898,227210.1,cudaLaunchKernel,"void at::native::reduce_kernel<(int)512, (int)1, at::native::ReduceOp<float, at::native::ArgMaxOps<float>, unsigned int, long, (int)4, (int)4>>(T3)"
3609652,3609652,0,64,62,8190578.6,714302.5,48899,32667191,10579064.1,11203.8,10880.5,9878,19487,1543.6,8397611.7,707457.0,643,32600965,10640160.6,44223.1,44416.0,35424,54464,7764.5,cuLaunchKernel,void cutlass::Kernel2<cutlass_80_tensorop_f16_s16816gemm_relu_f16_128x128_32x4_tn_align8>(T1::Params)
3609652,3609652,0,19,18,8099197.4,6587960.0,2275106,15514466,4173925.4,171026.0,7585.0,4328,3096871,708530.7,6522653.5,5372506.5,1680319,13741036,3860265.7,1748962.0,1768931.0,582915,2922726,663188.1,cudaLaunchKernel,"void at::native::vectorized_elementwise_kernel<(int)4, at::native::BinaryFunctor<float, float, float, at::native::binary_internal::DivFunctor<float>>, std::array<char *, (unsigned long)3>>(int, T2, T3)"
3609652,3609652,0,32,32,7640080.5,6365930.5,12489,24515124,5467368.1,7584.6,6642.5,5050,27764,3920.4,7630142.9,6356041.0,1643,24507184,5468191.8,2353.0,2288.0,1696,3232,523.3,cudaLaunchKernel,"void at::native::vectorized_elementwise_kernel<(int)4, at::native::AUnaryFunctor<float, float, bool, at::native::<unnamed>::CompareEqFunctor<float>>, std::array<char *, (unsigned long)2>>(int, T2, T3)"
3609652,3609652,0,465,450,7611435.6,423457.0,47922,93795939,15377867.7,11769.5,11432.0,8797,23294,2006.2,7433870.0,176476.0,95,82321068,15178014.4,405649.3,278369.0,36512,11461456,950368.5,cudaLaunchKernel,ampere_fp16_s16816gemm_fp16_128x256_ldg8_f2f_stages_64x3_tn
3609652,3609652,0,35,35,7597914.5,6426302.0,20350,24563057,5316432.5,10402.1,8115.0,4950,79020,12077.5,7256624.4,6195837.0,1315,24550717,5442810.4,330888.0,282721.0,3904,998050,345459.1,cudaLaunchKernel,"void at::native::reduce_kernel<(int)512, (int)1, at::native::ReduceOp<float, at::native::func_wrapper_t<float, at::native::sum_functor<float, float, float>::operator ()(at::TensorIterator &)::[lambda(float, float) (instance 1)]>, unsigned int, float, (int)4, (int)4>>(T3)"
3609652,3609652,0,32,32,7415675.5,6194667.0,12271,24479492,5628684.8,8158.0,6607.5,4799,42191,6840.3,7117292.8,5855142.5,413,24471036,5744497.7,290224.6,84624.5,1824,1435265,388464.0,cudaLaunchKernel,"void at::native::vectorized_elementwise_kernel<(int)4, at::native::BinaryFunctor<bool, bool, bool, at::native::binary_internal::MulFunctor<bool>>, std::array<char *, (unsigned long)3>>(int, T2, T3)"
3609652,3609652,0,19,18,6086788.9,5045132.0,1721199,12005913,3306658.9,135885.7,8757.0,4519,2396656,547485.9,5385397.9,4608578.5,1227197,11095984,3145740.3,848972.1,905153.0,272929,1419331,331746.8,cudaLaunchKernel,"void at::native::<unnamed>::distribution_elementwise_grid_stride_kernel<float, (int)4, void at::native::templates::cuda::uniform_and_transform<float, float, at::CUDAGeneratorImpl *, void at::native::templates::cuda::exponential_kernel<at::CUDAGeneratorImpl *>(at::TensorIteratorBase &, double, T1)::[lambda() (instance 1)]::operator ()() const::[lambda() (instance 2)]::operator ()() const::[lambda(float) (instance 1)]>(at::TensorIteratorBase &, T3, T4)::[lambda(curandStatePhilox4_32_10 *) (instance 2)], void at::native::<unnamed>::distribution_nullary_kernel<float, float, float4, at::CUDAGeneratorImpl *, void at::native::templates::cuda::uniform_and_transform<float, float, at::CUDAGeneratorImpl *, void at::native::templates::cuda::exponential_kernel<at::CUDAGeneratorImpl *>(at::TensorIteratorBase &, double, T1)::[lambda() (instance 1)]::operator ()() const::[lambda() (instance 2)]::operator ()() const::[lambda(float) (instance 1)]>(at::TensorIteratorBase &, T3, T4)::[lambda(curandStatePhilox4_32_10 *) (instance 2)], void at::native::templates::cuda::exponential_kernel<at::CUDAGeneratorImpl *>(at::TensorIteratorBase &, double, T1)::[lambda() (instance 1)]::operator ()() const::[lambda() (instance 2)]::operator ()() const::[lambda(float) (instance 1)]>(at::TensorIteratorBase &, T4, const T5 &, T6)::[lambda(int, float) (instance 1)]>(long, at::PhiloxCudaState, T3, T4)"
3609652,3618350,0,2528,2528,5558426.2,6868760.5,78063,7256031,2041106.0,11644.3,9859.0,8115,941954,27437.3,5483032.9,6799154.5,318,7121175,2007859.3,63748.9,50912.0,8992,143936,51588.1,cuLaunchKernel,void cutlass::Kernel2<cutlass_80_simt_sgemm_128x32_8x5_nn_align1>(T1::Params)
3609652,3618350,0,352,349,5322339.4,1709492.0,56037,17577513,7104645.2,12077.9,10109.0,8066,133785,8691.4,5353855.9,1698669.0,161451,17566759,7116784.2,2050.4,2048.0,1408,2816,302.4,cudaLaunchKernel,"void at::native::vectorized_elementwise_kernel<(int)4, at::native::FillFunctor<bool>, std::array<char *, (unsigned long)1>>(int, T2, T3)"
3609652,3618350,0,352,349,5210946.0,1616724.0,31822,17479122,7087936.6,10786.9,9213.0,7504,64062,5742.7,5242838.7,1605764.0,21041,17469079,7100939.3,2019.6,1984.0,1728,2720,216.9,cudaLaunchKernel,"void at::native::vectorized_elementwise_kernel<(int)4, void at::native::compare_scalar_kernel<c10::Half>(at::TensorIteratorBase &, at::native::<unnamed>::OpType, T1)::[lambda(c10::Half) (instance 1)], std::array<char *, (unsigned long)2>>(int, T2, T3)"
3609652,3609652,0,16,16,4918926.3,4132032.0,1480973,10260464,2573168.8,9516.8,6923.0,6121,37320,7738.8,4907353.6,4123202.0,1472078,10243153,2573004.9,2056.0,2048.0,1856,2272,128.3,cudaLaunchKernel,"void at::native::vectorized_elementwise_kernel<(int)4, at::native::bitwise_not_kernel_cuda(at::TensorIteratorBase &)::[lambda(bool) (instance 1)], std::array<char *, (unsigned long)2>>(int, T2, T3)"
3609652,3609652,0,19,18,4718404.1,4400500.0,1427164,9202113,2375915.9,195858.9,10931.0,5320,3492074,798230.8,4123880.9,3614345.5,881372,8575320,2319531.1,615752.2,621473.0,215712,1013282,223218.2,cudaLaunchKernel,"void at::native::reduce_kernel<(int)512, (int)1, at::native::ReduceOp<float, at::native::MinMaxOps<float, float, int>, unsigned int, float, (int)4, (int)4>>(T3)"
3609652,3609652,0,32,32,4597933.3,3897113.5,1343269,10246900,2428053.0,7964.2,6642.5,4268,31550,5287.6,4586406.1,3887722.5,1331405,10238187,2428860.1,3563.0,3568.0,3200,3936,189.3,cudaLaunchKernel,"void at::native::_assert_async_cuda_kernel<bool>(const T1 *, at::native::Msg)"
3609652,3618350,0,2224,2208,4547570.4,1129356.5,19531,127942335,17235487.1,12313.0,10720.0,8566,624500,19858.7,4456795.8,1109916.5,379,124349296,16720291.1,110586.3,10976.0,7360,3592045,579401.9,cudaLaunchKernel,ampere_sgemm_64x32_sliced1x4_nn
3609652,3609652,0,32,32,4323859.7,3723778.5,1371370,9175752,2275168.1,8799.9,7214.0,5039,37261,5917.1,4312629.8,3715536.0,1363892,9160165,2275516.9,2430.0,2448.0,2080,2784,189.9,cudaLaunchKernel,"void at::native::vectorized_elementwise_kernel<(int)4, void at::native::compare_scalar_kernel<float>(at::TensorIteratorBase &, at::native::<unnamed>::OpType, T1)::[lambda(float) (instance 1)], std::array<char *, (unsigned long)2>>(int, T2, T3)"
3609652,3609652,0,16,16,4300115.5,3703055.0,1356618,9138114,2313127.5,10665.3,9643.5,6523,32642,6125.7,4287446.3,3692291.0,1345262,9125013,2314084.2,2004.0,1984.0,1728,2304,196.9,cudaLaunchKernel,"void at::native::vectorized_elementwise_kernel<(int)4, at::native::BinaryFunctor<bool, bool, bool, at::native::BitwiseAndFunctor<bool>>, std::array<char *, (unsigned long)3>>(int, T2, T3)"
3609652,3618350,0,164,140,4293413.8,1195911.5,11262,15532022,5185604.9,15505.5,13511.0,5791,97134,9736.5,5005721.9,3110866.0,108,15517019,5276297.6,4881.6,4800.0,2880,6208,696.7,cudaLaunchKernel,"void at::native::<unnamed>::CatArrayBatchedCopy_vectorized<at::native::<unnamed>::OpaqueType<(unsigned int)2>, unsigned int, (int)1, (int)128, (int)1, (int)16, (int)8>(char *, at::native::<unnamed>::CatArrInputTensorMetadata<T1, T2, T4, T5>, at::native::<unnamed>::TensorSizeStride<T2, (unsigned int)4>, int, T2)"
3609652,3618350,0,224,200,4197767.9,16816.0,11184,20008046,8035764.9,12451.6,9012.0,6302,364274,25167.5,4683614.6,2663.0,15,19994876,8364259.0,3665.7,3360.0,3136,5184,673.8,cudaLaunchKernel,"void at::native::elementwise_kernel<(int)128, (int)2, void at::native::gpu_kernel_impl_nocast<at::native::AbsFunctor<float>>(at::TensorIteratorBase &, const T1 &)::[lambda(int) (instance 1)]>(int, T3)"
3609652,3609652,0,16,16,4177844.7,3679139.0,1275725,8049805,2102609.2,14486.4,11517.0,8116,52741,10737.4,1176471.7,1052134.5,561,2934374,808873.5,2986886.6,2376487.0,838276,7588486,1903710.8,cudaLaunchKernel,"void at::native::<unnamed>::cunn_SoftMaxForward<(int)4, float, float, float, at::native::<unnamed>::SoftMaxForwardEpilogue>(T4 *, const T2 *, int)"
3609652,3618350,0,402,394,4009947.3,942209.0,24606,13744303,4892945.0,8635.6,6422.5,4148,443806,22747.4,1946618.5,10006.0,56,11479039,4136814.7,2093472.9,925907.0,16352,7347508,2335030.3,cudaLaunchKernel,"void kernel<getrf_wo_pivot_params_<float, (int)0, (int)256, (int)1, (int)64, (int)64, (int)68, (int)8, (int)1, (int)1>>(int, int, void *, int, void *, int, int, int, int, int, int *)"
3609652,3618350,0,16976,16944,3884219.0,2518303.5,11207,151061281,12071140.1,7506.3,5370.0,4298,2335650,30016.2,3880141.7,2509399.0,109,151039861,12074232.3,3890.7,3360.0,2464,16576,2192.4,cudaLaunchKernelExC,"void cublasLt::splitKreduce_kernel<(int)32, (int)16, int, float, float, float, float, (bool)0, float, float, float, (bool)1, (bool)0, (bool)0, (bool)0>(cublasLt::cublasSplitKParams<T6>, const T4 *, const T10 *, T9 *, T5 *, const T6 *, const T6 *, const T11 *, const T4 *, T11 *, void *, long, T6 *, int *, T6 *, T6 *, const T6 *, const T6 *, const T6 *, const T6 *, const T6 *)"
3609652,3618350,0,8336,8321,3804639.0,2541031.5,36416,306983205,18461799.2,12242.5,10740.0,6943,4669326,53759.0,3555901.3,2490673.0,495,293621667,17625097.3,242897.0,39088.5,17504,13425646,1631550.8,cudaLaunchKernel,ampere_sgemm_128x32_sliced1x4_nn
3609652,3609652,0,16,16,3611267.9,2903013.0,1088420,8944740,2233400.7,13100.0,11071.0,7625,44004,8810.6,3040178.7,2497296.0,668,7781413,2051218.7,557989.3,446369.0,159361,1401921,353411.5,cudaLaunchKernel,"void at::native::vectorized_elementwise_kernel<(int)4, at::native::AUnaryFunctor<c10::Half, c10::Half, bool, at::native::<unnamed>::CompareEqFunctor<c10::Half>>, std::array<char *, (unsigned long)2>>(int, T2, T3)"
3609652,3611918,0,16,16,3509269.9,2800240.0,881744,9069684,2327391.4,15491.4,12924.5,10660,45005,8156.9,452870.1,329989.5,1312,1322817,394255.7,3040908.4,2432070.5,865283,7701862,1929495.6,cudaLaunchKernel,"void at::native::<unnamed>::cunn_SoftMaxBackward<(int)4, float, float, float, at::native::<unnamed>::LogSoftMaxBackwardEpilogue>(T2 *, const T4 *, const T4 *, long)"
3609652,3618350,0,338,337,3438684.3,967214.5,13442,14524552,5305251.3,15222.3,7559.0,5000,1587184,89079.3,3241629.8,911708.0,3996,13723727,5003509.3,191428.8,47648.0,2272,866082,309496.8,cudaLaunchKernel,"void at::native::triu_tril_kernel<float, int, (bool)0, (int)2, (bool)1>(at::cuda::detail::TensorInfo<T1, T2>, at::cuda::detail::TensorInfo<const T1, T2>, long, long, T2)"
3609652,3611918,0,16,15,3315990.9,1535911.5,487428,27083634,6413420.4,1392063.6,8621.5,6653,22140113,5532813.6,2375.8,2377.0,1410,3994,534.6,1922840.2,1525572.5,477890,4961764,1271855.1,cudaLaunchKernel,"void <unnamed>::indexing_backward_kernel<c10::Half, (int)4>(const long *, const long *, const T1 *, T1 *, long, long, long, long, bool)"
3609652,3609652,0,16,15,3283796.8,2864265.0,968185,7817293,1885994.1,101388.3,11843.0,9318,1450684,359815.1,2656011.9,2129210.0,761247,6389433,1602378.7,692445.5,550497.5,193793,1773985,444289.6,cudaLaunchKernel,"void at::native::vectorized_elementwise_kernel<(int)4, at::native::AbsFunctor<c10::Half>, std::array<char *, (unsigned long)2>>(int, T2, T3)"
3609652,3618350,0,20480,20474,3258991.2,2671024.0,28605,9282260,1955933.3,8979.1,7835.0,6312,1607403,22726.9,3248592.6,2660926.0,242374,9269979,1955309.7,2371.6,2176.0,2016,3329,448.3,cudaLaunchKernel,"void at::native::elementwise_kernel<(int)128, (int)2, void at::native::gpu_kernel_impl_nocast<at::native::BUnaryFunctor<long, long, long, at::native::rshift_kernel_cuda(at::TensorIteratorBase &)::[lambda() (instance 1)]::operator ()() const::[lambda() (instance 4)]::operator ()() const::[lambda(long, long) (instance 1)]>>(at::TensorIteratorBase &, const T1 &)::[lambda(int) (instance 1)]>(int, T3)"
3609652,3611918,0,12,12,3198636.2,3048658.0,1122385,5602614,1373591.1,11945.3,10665.5,7715,28784,5435.8,3182405.6,3033597.5,1106935,5587235,1371486.0,4285.3,4320.0,3360,5024,493.0,cudaLaunchKernel,"void at_cuda_detail::cub::detail::reduce::DeviceReduceSingleTileKernel<at_cuda_detail::cub::detail::reduce::policy_hub<int, unsigned long long, cuda::std::__4::plus<void>>::Policy1000, thrust::_V_300200_SM_750_800_860_900_1000_1200::transform_iterator<at::native::<unnamed>::NonZeroOp<bool>, const bool *, thrust::_V_300200_SM_750_800_860_900_1000_1200::use_default, thrust::_V_300200_SM_750_800_860_900_1000_1200::use_default>, int *, unsigned long long, cuda::std::__4::plus<void>, int, int, cuda::std::__4::identity>(T2, T3, T4, T5, T6, T8)"
3609652,3618350,0,20928,20865,3184179.9,2652727.5,15160,9263589,1983173.8,7703.3,6212.0,5119,2550810,31649.9,3183485.2,2644710.0,37,9254772,1980157.6,2586.2,1792.0,1632,73184,6682.4,cudaLaunchKernel,"void at::native::vectorized_elementwise_kernel<(int)4, at::native::BinaryFunctor<long, long, bool, at::native::<unnamed>::CompareEqFunctor<long>>, std::array<char *, (unsigned long)3>>(int, T2, T3)"
3609652,3618350,0,20480,20439,3166292.5,2585634.0,13625,7218440,1955230.6,8317.3,6784.0,5600,2077579,29249.4,3158929.8,2573214.0,39,7205914,1952516.8,5375.7,5472.0,4288,6528,500.5,cudaLaunchKernel,"void at::native::unrolled_elementwise_kernel<at::native::CUDAFunctor_add<float>, std::array<char *, (unsigned long)3>, (int)4, TrivialOffsetCalculator<(int)2, unsigned int>, TrivialOffsetCalculator<(int)1, unsigned int>, at::native::memory::LoadWithCast<(int)2>, at::native::memory::StoreWithCast<(int)1>>(int, T1, T2, T4, T5, T6, T7)"
3609652,3609652,0,16,14,3061115.5,2359764.5,825120,8165995,2064783.3,17546.5,12604.0,9528,94069,20569.6,1765.6,2261.5,432,3004,907.6,3042110.6,2347719.0,811459,8071494,2051207.9,cudaLaunchKernel,"void at::native::index_elementwise_kernel<(int)128, (int)4, void at::native::gpu_index_kernel<void at::native::index_kernel_impl<at::native::OpaqueType<(int)2>>(at::TensorIteratorBase &, c10::ArrayRef<long>, c10::ArrayRef<long>)::[lambda(char *, const char *, long) (instance 1)]>(at::TensorIteratorBase &, c10::ArrayRef<long>, c10::ArrayRef<long>, const T1 &, bool)::[lambda(int) (instance 1)]>(long, T3)"
3609652,3618350,0,674,656,2800544.3,11146.5,8991,20140960,6840402.9,9801.9,7213.0,5501,363172,23360.6,2845267.8,2000.0,22,20131460,6873762.2,21522.5,1728.0,1440,252961,63456.5,cudaLaunchKernel,"void at::native::vectorized_elementwise_kernel<(int)4, at::native::AUnaryFunctor<float, float, float, at::native::binary_internal::MulFunctor<float>>, std::array<char *, (unsigned long)2>>(int, T2, T3)"
3609652,3618350,0,124,122,2590157.3,943146.5,10940,14485806,4575071.4,13639.3,11858.0,7384,90092,9040.2,2616183.3,929020.5,609,14473984,4600520.1,2552.5,2528.0,1920,3328,286.5,cudaLaunchKernel,"void at::native::unrolled_elementwise_kernel<at::native::direct_copy_kernel_cuda(at::TensorIteratorBase &)::[lambda() (instance 3)]::operator ()() const::[lambda() (instance 11)]::operator ()() const::[lambda(bool) (instance 1)], std::array<char *, (unsigned long)2>, (int)4, TrivialOffsetCalculator<(int)1, unsigned int>, TrivialOffsetCalculator<(int)1, unsigned int>, at::native::memory::LoadWithCast<(int)1>, at::native::memory::StoreWithCast<(int)1>>(int, T1, T2, T4, T5, T6, T7)"
3609652,3609652,0,32,28,2527780.6,1725736.0,15604,11854932,3158168.2,130739.8,10355.0,7384,3838183,676539.0,2554597.5,1619087.0,825,11197144,3087481.4,162095.3,54224.0,3072,755872,208050.8,cudaLaunchKernel,"void at::native::reduce_kernel<(int)512, (int)1, at::native::ReduceOp<bool, at::native::func_wrapper_t<bool, at::native::and_kernel_cuda(at::TensorIterator &)::[lambda() (instance 1)]::operator ()() const::[lambda() (instance 12)]::operator ()() const::[lambda(bool, bool) (instance 1)]>, unsigned int, bool, (int)4, (int)4>>(T3)"
3609652,3609652,0,2032,1962,2386827.9,1924562.0,454437,6798814,1341383.5,10043.8,8786.0,7234,495785,14554.9,1611.1,1629.0,85,4739,416.3,2375410.0,1913910.5,444674,6746392,1339822.4,cudaLaunchKernel,ampere_sgemm_128x64_nt
3609652,3618350,0,68704,67114,2321237.5,13169.0,11808,149368628,10755071.2,8433.2,7514.0,6212,2261109,19565.7,2361195.7,1717.0,1,149353729,10867193.7,6298.5,4000.0,3872,67104,10388.4,cudaLaunchKernel,ampere_sgemm_32x128_nt
3609652,3618350,0,148,144,2047883.5,281895.5,12010,16934287,5129462.0,10670.0,8596.5,6112,61668,7293.8,1610773.3,202481.5,1433,13098213,4018589.8,470249.3,71120.5,3840,3831693,1156263.0,cudaLaunchKernel,ampere_sgemm_32x128_tn
3609652,3618350,0,1008,950,1739035.1,23253.5,9348,19118231,4392319.8,15542.3,10560.0,5962,1772818,61680.9,1783211.2,1313.0,5,18850065,4432736.4,43079.1,11600.0,1600,261249,73650.9,cudaLaunchKernel,"void at::native::vectorized_elementwise_kernel<(int)4, at::native::BUnaryFunctor<float, float, float, at::native::binary_internal::MulFunctor<float>>, std::array<char *, (unsigned long)2>>(int, T2, T3)"
3609652,3618350,0,336,325,1717644.5,215087.0,12901,5321555,2166120.1,16328.2,8245.5,6152,934000,64219.1,1289327.1,121322.0,648,3982280,1633984.0,454290.4,88160.5,4544,1332869,549778.8,cudaLaunchKernel,"void at::native::reduce_kernel<(int)512, (int)1, at::native::ReduceOp<long, at::native::func_wrapper_t<long, at::native::sum_functor<long, long, long>::operator ()(at::TensorIterator &)::[lambda(long, long) (instance 1)]>, unsigned int, long, (int)4, (int)4>>(T3)"
3609652,3618350,0,192,191,1547349.4,1739175.5,299490,2069143,544920.5,12589.7,8571.0,6512,561320,39933.1,736019.2,805709.0,145580,1141853,255573.2,802583.1,925139.0,125504,991620,297201.3,cudaLaunchKernel,ampere_sgemm_128x32_tn
3609652,3609652,0,111,108,1299095.2,650476.0,68442,3791233,1431042.0,12934.1,11823.0,9308,95803,8228.7,1087658.3,350189.5,162,3495997,1386991.3,228108.6,285665.0,55745,341665,111498.7,cudaLaunchKernel,ampere_fp16_s16816gemm_fp16_256x128_ldg8_f2f_stages_32x3_tn
3609652,3609652,0,144,117,1239813.6,22042.0,13931,24615395,3894490.5,13925.3,12984.5,7364,103117,8418.6,1486682.6,693.0,8,24600118,4281940.9,18276.1,8224.0,1280,113312,33250.3,cudaLaunchKernel,"void at::native::vectorized_elementwise_kernel<(int)4, at::native::FillFunctor<float>, std::array<char *, (unsigned long)1>>(int, T2, T3)"
3609652,3618350,0,2,1,1171956.5,1171956.5,18755,2325158,1630873.2,1162650.5,1162650.5,5801,2319500,1636032.3,2490.0,2490.0,2490,2490,0.0,9872.0,9872.0,9280,10464,837.2,cudaLaunchKernel,"void steqr_ker<stedc_params_<float2, float, (int)8, (int)16, (int)128>, float, (int)0>(long, T1::data_type *, T1::data_type *, T2 *, long, int *, int *, long, long, T1::data_type, T1::data_type, int *, int)"
3609652,3618350,0,1522,1444,1048518.3,17637.5,9680,17625351,3662177.3,10597.0,8896.5,5220,414930,16446.1,1071652.2,1755.5,41,17533857,3735291.4,21265.8,7456.0,1312,114336,34221.9,cudaLaunchKernel,"void at::native::vectorized_elementwise_kernel<(int)4, at::native::FillFunctor<float>, std::array<char *, (unsigned long)1>>(int, T2, T3)"
3609652,3618350,0,1120,976,1039828.6,31161.5,11277,16951755,3365477.9,13053.2,9213.0,5561,521404,33173.3,1097090.3,1887.0,11,16894433,3480174.3,71011.8,18432.5,3136,863491,142896.9,cudaLaunchKernel,"void at::native::elementwise_kernel<(int)128, (int)2, void at::native::gpu_kernel_impl_nocast<at::native::BinaryFunctor<float, float, float, at::native::binary_internal::MulFunctor<float>>>(at::TensorIteratorBase &, const T1 &)::[lambda(int) (instance 1)]>(int, T3)"
3609652,3618350,0,2672,2649,1036204.7,1118976.5,72227,2523029,337769.7,12592.8,10611.0,8666,1243420,30450.2,1014262.8,1099798.0,115907,2502512,350847.2,18159.9,9728.0,5888,90273,25725.1,cudaLaunchKernel,ampere_sgemm_32x32_sliced1x4_nn
3609652,3618350,0,928,890,1031300.5,32543.5,10685,15673219,2675065.7,9459.1,8476.5,4940,67469,5642.9,1061313.5,21423.5,14,15657643,2722522.7,4051.9,4064.0,3200,6272,612.6,cudaLaunchKernel,"void at::native::elementwise_kernel<(int)128, (int)2, void at::native::gpu_kernel_impl_nocast<at::native::CUDAFunctorOnSelf_add<float>>(at::TensorIteratorBase &, const T1 &)::[lambda(int) (instance 1)]>(int, T3)"
3609652,3618350,0,448,427,980146.4,124171.5,11394,4011240,1514766.6,13806.6,7274.0,5761,969407,57432.7,717204.2,59660.0,5,2954683,1128666.2,282885.0,67392.5,3424,1053507,408774.1,cudaLaunchKernel,"void at::native::elementwise_kernel<(int)128, (int)2, void at::native::gpu_kernel_impl_nocast<at::native::BinaryFunctor<long, long, long, at::native::lshift_kernel_cuda(at::TensorIteratorBase &)::[lambda() (instance 1)]::operator ()() const::[lambda() (instance 4)]::operator ()() const::[lambda(long, long) (instance 1)]>>(at::TensorIteratorBase &, const T1 &)::[lambda(int) (instance 1)]>(int, T3)"
3609652,3618350,0,4,3,961297.5,9724.0,8639,3817103,1903870.5,958714.5,6557.5,4640,3817103,1905592.9,2121.3,2551.0,1158,2655,835.9,1328.0,1344.0,1248,1376,55.4,cudaLaunchKernel,"xx_set_info_ker(int, int *, int)"
3609652,3609652,0,4224,4200,915932.4,53800.0,13843,230479739,9071758.0,9734.7,8175.0,6723,942115,23188.1,899654.6,39047.0,221,230238377,9082240.4,11700.2,6240.0,3008,230752,20391.0,cudaLaunchKernel,"void at::native::vectorized_elementwise_kernel<(int)4, at::native::BinaryFunctor<c10::Half, c10::Half, c10::Half, at::native::binary_internal::MulFunctor<float>>, std::array<char *, (unsigned long)3>>(int, T2, T3)"
3609652,3609652,0,3404,3307,883843.3,33989.0,21191,227567637,9682929.9,11478.7,10210.0,8676,491276,18022.7,855419.3,1466.0,11,226308056,9744571.5,41414.9,22336.0,10720,1247297,94964.4,cuLaunchKernel,void cutlass::Kernel2<cutlass_75_tensorop_f16_s1688gemm_f16_64x64_nn_align1>(T1::Params)
3609652,3609652,0,8448,8232,879216.4,14462.0,11343,231573570,9026101.7,9784.8,8526.0,6543,531913,16616.2,887623.1,2021.0,20,231510338,9139025.4,4549.8,3520.0,2400,61088,4533.5,cudaLaunchKernel,"void at::native::vectorized_elementwise_kernel<(int)4, at::native::CUDAFunctor_add<c10::Half>, std::array<char *, (unsigned long)3>>(int, T2, T3)"
3609652,3618350,0,1120,1042,864073.4,18806.5,11876,19985276,3949295.7,11500.5,9182.5,5762,350648,14842.7,905336.6,1955.0,29,19970985,4087782.0,10507.7,7552.0,3168,49920,9570.2,cudaLaunchKernel,"void at::native::reduce_kernel<(int)512, (int)1, at::native::ReduceOp<float, at::native::MeanOps<float, float, float, float>, unsigned int, float, (int)4, (int)4>>(T3)"
3609652,3609652,0,1812,1794,859602.8,122830.0,55043,79327282,5407000.0,9251.2,6903.0,5791,532014,24328.3,785860.9,59202.0,451,78727282,5378338.7,72392.6,56032.0,42368,596481,65761.3,cudaLaunchKernel,"void <unnamed>::softmax_warp_forward<c10::Half, float, float, (int)10, (bool)0, (bool)0, (int)32>(T2 *, const T1 *, int, int, int, const bool *, int, bool)"
3609652,3609652,0,63,62,812859.7,818962.0,695164,827039,21182.6,12181.7,9769.0,7183,97255,12393.1,193726.7,198609.0,126639,209021,17288.7,610218.0,610114.0,609506,613314,709.1,cudaLaunchKernel,"void at::native::<unnamed>::cunn_SoftMaxForwardSmem<(int)8, c10::Half, float, float, at::native::<unnamed>::SoftMaxForwardEpilogue, long>(T4 *, const T2 *, T6)"
3609652,3618350,0,532,397,722737.3,16970.0,10142,6995493,1695397.1,16083.8,12178.0,6212,203818,14102.5,944686.1,1391.0,2,6980535,1903074.9,1976.9,1888.0,1760,3040,248.5,cudaLaunchKernel,"void at::native::vectorized_elementwise_kernel<(int)4, at::native::FillFunctor<unsigned char>, std::array<char *, (unsigned long)1>>(int, T2, T3)"
3609652,3609652,0,126,124,717469.7,428537.5,136936,1189265,324046.6,13475.3,11597.5,9799,92516,9583.8,635300.9,565357.5,229488,1089113,310934.2,79090.2,79024.0,72192,85856,6286.5,cuLaunchKernel,void cutlass::Kernel2<cutlass_80_tensorop_f16_s16816gemm_f16_64x128_64x4_nn_align2>(T1::Params)
3609652,3609652,0,3845,3697,707484.1,34197.0,16753,217386337,8605609.0,11402.5,10370.0,8686,658084,18060.6,671599.6,1256.0,17,215361851,8657071.9,50420.5,22496.0,6400,2013345,144058.2,cuLaunchKernel,void cutlass::Kernel2<cutlass_75_tensorop_f16_s1688gemm_f16_64x64_tn_align1>(T1::Params)
3609652,3609652,0,6272,6168,604615.0,41375.5,13599,229184487,7386948.5,10914.4,9298.0,7305,1893278,29384.2,593338.1,26587.0,28,229017671,7440173.9,10260.5,7232.0,3456,155776,11784.0,cudaLaunchKernel,"void at::native::vectorized_elementwise_kernel<(int)4, at::native::<unnamed>::silu_kernel(at::TensorIteratorBase &)::[lambda() (instance 1)]::operator ()() const::[lambda() (instance 5)]::operator ()() const::[lambda(c10::Half) (instance 1)], std::array<char *, (unsigned long)2>>(int, T2, T3)"
3609652,3611918,0,16,16,580766.5,452297.5,109839,1583133,418951.1,23490.4,19712.5,11792,101333,21257.6,553884.1,434950.0,80514,1478824,407470.0,3392.0,3392.0,2976,3744,158.9,cudaLaunchKernel,"void at::native::elementwise_kernel<(int)128, (int)2, void at::native::gpu_kernel_impl_nocast<at::native::direct_copy_kernel_cuda(at::TensorIteratorBase &)::[lambda() (instance 3)]::operator ()() const::[lambda() (instance 7)]::operator ()() const::[lambda(float) (instance 1)]>(at::TensorIteratorBase &, const T1 &)::[lambda(int) (instance 1)]>(int, T3)"
3609652,3609652,0,32,31,579581.1,588466.0,99759,853035,141742.1,13830.1,13511.0,12674,22333,1760.9,494987.9,489092.0,290843,752427,113355.7,86277.3,85968.5,84192,87713,828.7,cudaLaunchKernelExC,sm80_xmma_gemm_f16f16_f16f32_f32_tn_n_tilesize128x128x32_stage4_warpsize2x2x1_tensor16x8x16_execute_kernel__5x_cublas
3609652,3611918,0,16,16,547831.6,434494.0,74757,1471191,405770.2,15585.2,14402.0,8125,32522,5690.6,527724.3,416840.5,54375,1434189,403838.9,4522.1,4576.5,3840,4864,255.9,cudaLaunchKernel,"void at::native::<unnamed>::nll_loss_backward_no_reduce_cuda_kernel<float, long>(int, const T2 *, torch::headeronly::detail::GenericPackedTensorAccessor<torch::headeronly::detail::TensorAccessor<c10::ArrayRef<long>, const T1, (unsigned long)0, torch::headeronly::DefaultPtrTraits, long>, at::detail::IndexBoundsCheck<(unsigned long)1, long>, const T1, (unsigned long)1, torch::headeronly::DefaultPtrTraits, long>, torch::headeronly::detail::GenericPackedTensorAccessor<torch::headeronly::detail::TensorAccessor<c10::ArrayRef<long>, T1, (unsigned long)1, torch::headeronly::DefaultPtrTraits, long>, at::detail::IndexBoundsCheck<(unsigned long)2, long>, T1, (unsigned long)2, torch::headeronly::DefaultPtrTraits, long>, const T1 *, long, long)"
3609652,3609652,0,1809,1723,546199.3,122556.0,94650,249124508,6506721.6,13572.5,10820.0,8325,528397,25250.1,407369.9,1259.0,19,231562188,6269226.6,144946.1,110305.0,83809,17546510,458745.8,cudaLaunchKernel,ampere_fp16_s16816gemm_fp16_256x128_ldg8_f2f_stages_64x3_tn
3609652,3609652,0,16,0,534638.1,71686.5,51448,7467718,1848856.1,534638.1,71686.5,51448,7467718,1848856.1,,,,,0.0,4832.0,4816.0,4608,4992,104.5,cudaLaunchKernel,"void at::native::unrolled_elementwise_kernel<at::native::AUnaryFunctor<long, long, bool, at::native::<unnamed>::CompareEqFunctor<long>>, std::array<char *, (unsigned long)2>, (int)4, TrivialOffsetCalculator<(int)1, unsigned int>, TrivialOffsetCalculator<(int)1, unsigned int>, at::native::memory::LoadWithCast<(int)1>, at::native::memory::StoreWithCast<(int)1>>(int, T1, T2, T4, T5, T6, T7)"
3609652,3609652,0,25216,24336,527612.5,16190.0,13037,227599435,6919982.6,10184.5,9067.0,6923,1750616,19966.8,529062.0,1633.0,6,227501178,7038695.0,6905.0,5248.0,4096,90784,6422.7,cudaLaunchKernel,"void at::native::elementwise_kernel<(int)128, (int)4, void at::native::gpu_kernel_impl_nocast<at::native::direct_copy_kernel_cuda(at::TensorIteratorBase &)::[lambda() (instance 3)]::operator ()() const::[lambda() (instance 10)]::operator ()() const::[lambda(c10::Half) (instance 1)]>(at::TensorIteratorBase &, const T1 &)::[lambda(int) (instance 1)]>(int, T3)"
3609652,3618350,0,2,1,498412.0,498412.0,17127,979697,680639.8,488315.0,488315.0,5771,970859,682420.3,2428.0,2428.0,2428,2428,0.0,8944.0,8944.0,8928,8960,22.6,cudaLaunchKernel,"void geqr2_smem<float, float, (int)8, (int)5, (int)5>(int, int, T1 *, unsigned long, T1 *, int)"
3609652,3618350,0,448,382,489777.1,75695.0,13466,1994543,737877.2,10046.6,7459.5,5169,147611,10845.7,234315.4,2215.5,53,946657,355916.4,280424.8,54592.0,4864,1043428,404980.1,cudaLaunchKernel,"void at::native::elementwise_kernel<(int)128, (int)2, void at::native::gpu_kernel_impl_nocast<at::native::BinaryFunctor<long, long, long, at::native::rshift_kernel_cuda(at::TensorIteratorBase &)::[lambda() (instance 1)]::operator ()() const::[lambda() (instance 4)]::operator ()() const::[lambda(long, long) (instance 1)]>>(at::TensorIteratorBase &, const T1 &)::[lambda(int) (instance 1)]>(int, T3)"
3609652,3609652,0,25264,24576,447982.1,12652.5,9478,231742769,6360858.0,8721.4,7114.0,5210,3182564,39680.0,440962.1,1992.0,16,231671238,6430827.7,10352.9,3552.0,1888,1138465,39726.4,cudaLaunchKernel,"void at::native::vectorized_elementwise_kernel<(int)4, at::native::float16_copy_kernel_cuda(at::TensorIteratorBase &)::[lambda(float) (instance 1)], std::array<char *, (unsigned long)2>>(int, T2, T3)"
3609652,3609652,0,16656,16166,444151.1,18696.0,16323,231687781,6442115.3,8741.6,7434.0,6031,3343881,31628.3,438918.4,2106.0,5,231624023,6536342.4,9468.3,9184.0,8096,59552,2764.4,cudaLaunchKernel,"void at::native::reduce_kernel<(int)512, (int)1, at::native::ReduceOp<float, at::native::MeanOps<float, float, float, float>, unsigned int, float, (int)4, (int)4>>(T3)"
3609652,3609652,0,16656,16141,439210.9,12427.0,10235,231656174,6441771.5,8695.2,7003.0,5501,8974900,72791.1,439977.1,1981.0,20,231571295,6539177.3,4192.3,3392.0,2336,78720,4830.0,cudaLaunchKernel,"void at::native::vectorized_elementwise_kernel<(int)4, void at::native::<unnamed>::pow_tensor_scalar_kernel_impl<float, float>(at::TensorIteratorBase &, T2)::[lambda(float) (instance 1)], std::array<char *, (unsigned long)2>>(int, T2, T3)"
3609652,3609652,0,16656,16157,437220.5,13654.5,10896,231710653,6441154.7,7580.6,6341.0,5059,2391246,25879.0,436487.1,2159.0,4,231610820,6535096.3,6281.5,4992.0,3488,90976,5991.7,cudaLaunchKernel,"void at::native::elementwise_kernel<(int)128, (int)2, void at::native::gpu_kernel_impl_nocast<at::native::BinaryFunctor<float, float, float, at::native::binary_internal::MulFunctor<float>>>(at::TensorIteratorBase &, const T1 &)::[lambda(int) (instance 1)]>(int, T3)"
3609652,3618350,0,224,223,436278.2,198554.0,12556,972014,391488.2,10705.0,7675.0,5751,118807,11906.3,425078.4,189156.0,219,963280,390764.4,2402.9,2368.0,2336,2624,60.7,cudaLaunchKernel,"void at::native::vectorized_elementwise_kernel<(int)2, at::native::CUDAFunctorOnOther_add<long>, std::array<char *, (unsigned long)2>>(int, T2, T3)"
3609652,3609652,0,16656,16074,435420.0,10947.0,9449,231662920,6440860.7,8413.3,7274.0,5921,969828,18581.1,440557.8,1833.0,39,231652123,6555857.7,1886.8,1856.0,1440,2944,194.1,cudaLaunchKernel,"void at::native::vectorized_elementwise_kernel<(int)4, at::native::CUDAFunctorOnSelf_add<float>, std::array<char *, (unsigned long)2>>(int, T2, T3)"
3609652,3609652,0,16656,16123,434406.7,10329.0,8952,231646496,6439931.3,7646.8,6102.0,5109,5727873,48245.8,438818.8,2180.0,18,231637710,6544858.9,2018.1,2016.0,1632,2752,164.0,cudaLaunchKernel,"void at::native::vectorized_elementwise_kernel<(int)4, at::native::rsqrt_kernel_cuda(at::TensorIteratorBase &)::[lambda() (instance 2)]::operator ()() const::[lambda() (instance 2)]::operator ()() const::[lambda(float) (instance 1)], std::array<char *, (unsigned long)2>>(int, T2, T3)"
3609652,3609652,0,1152,1105,428263.5,404071.0,327654,1211751,139222.8,10130.6,8506.0,7143,877522,27489.7,1441.7,1479.0,89,2939,336.6,416829.7,370977.0,317921,839394,136654.9,cudaLaunchKernel,ampere_sgemm_64x32_sliced1x4_nt
3609652,3609652,0,8320,8111,410773.7,15795.0,11475,218083795,6023233.4,10231.8,9017.0,7384,905716,19199.7,395035.7,1642.0,18,217323186,6069000.3,15492.6,5216.0,1760,754560,43870.8,cudaLaunchKernel,"void at::native::vectorized_elementwise_kernel<(int)4, at::native::AUnaryFunctor<c10::Half, c10::Half, c10::Half, at::native::binary_internal::MulFunctor<float>>, std::array<char *, (unsigned long)2>>(int, T2, T3)"
3609652,3609652,0,2111,2055,401298.0,28450.0,20105,49755147,2682340.1,12108.0,10490.0,8876,483782,19850.9,367530.3,1467.0,9,49506181,2693509.5,31501.6,13216.0,9472,253313,45086.5,cuLaunchKernel,void cutlass::Kernel2<cutlass_80_tensorop_f16_s16816gemm_f16_64x128_64x3_nn_align2>(T1::Params)
3609652,3609652,0,49936,48485,397288.3,13714.0,10990,231800985,6095878.9,7761.2,6162.0,4769,1582004,20401.9,395058.5,2221.0,1,231714867,6183160.3,5999.9,5120.0,3840,91200,4451.6,cudaLaunchKernel,"void at::native::elementwise_kernel<(int)128, (int)4, void at::native::gpu_kernel_impl_nocast<at::native::BinaryFunctor<c10::Half, c10::Half, c10::Half, at::native::binary_internal::MulFunctor<float>>>(at::TensorIteratorBase &, const T1 &)::[lambda(int) (instance 1)]>(int, T3)"
3609652,3609652,0,24960,24299,395942.4,14101.0,10724,219653772,5973985.4,7337.7,6051.0,4599,2032432,26564.4,383441.2,2315.0,2,218050264,6029973.4,15365.2,5312.0,3776,1596898,54783.0,cudaLaunchKernel,"void at::native::elementwise_kernel<(int)128, (int)4, void at::native::gpu_kernel_impl_nocast<at::native::CUDAFunctor_add<c10::Half>>(at::TensorIteratorBase &, const T1 &)::[lambda(int) (instance 1)]>(int, T3)"
3609652,3618350,0,112,95,385374.0,89494.5,23482,998238,387435.4,14291.6,12739.5,7655,86465,12855.3,236151.1,1994.0,93,647983,249375.0,171369.2,76112.0,13728,346242,147810.8,cudaLaunchKernel,"void at::native::<unnamed>::CatArrayBatchedCopy_alignedK_contig<at::native::<unnamed>::OpaqueType<(unsigned int)8>, unsigned int, (int)3, (int)128, (int)1, (int)16>(T1 *, at::native::<unnamed>::CatArrInputTensorMetadata<T1, T2, T4, T5>, at::native::<unnamed>::TensorSizeStride<T2, (unsigned int)4>, int, T2)"
3609652,3609652,0,552,490,384197.4,146237.0,57189,1131200,413028.3,16310.3,12874.0,10500,459816,28151.3,347909.9,46640.5,8,1075170,433363.2,59459.3,44832.0,42784,135712,33587.0,cudaLaunchKernelExC,sm80_xmma_gemm_f16f16_f16f32_f32_tn_n_tilesize192x128x32_stage3_warpsize4x2x1_tensor16x8x16_execute_kernel__5x_cublas
3609652,3609652,0,16640,16182,381345.6,17595.0,13307,215402457,5914358.1,8020.5,6943.0,5330,739489,18881.2,374403.9,2464.0,4,215359052,5993500.6,9283.4,8064.0,5568,134464,6684.7,cudaLaunchKernel,"void at::native::<unnamed>::CatArrayBatchedCopy<at::native::<unnamed>::OpaqueType<(unsigned int)2>, unsigned int, (int)4, (int)64, (int)64>(T1 *, at::native::<unnamed>::CatArrInputTensorMetadata<T1, T2, T4, T5>, at::native::<unnamed>::TensorSizeStride<T2, (unsigned int)4>, int, T2)"
3609652,3609652,0,16640,16063,376713.6,13490.0,11054,215395900,5912180.2,8642.5,7364.0,5581,4078481,35707.9,376743.5,1905.0,13,215377052,6015843.4,4449.6,4224.0,3488,42432,1802.9,cudaLaunchKernel,"void at::native::elementwise_kernel<(int)128, (int)4, void at::native::gpu_kernel_impl_nocast<at::native::neg_kernel_cuda(at::TensorIteratorBase &)::[lambda() (instance 2)]::operator ()() const::[lambda() (instance 8)]::operator ()() const::[lambda(c10::Half) (instance 1)]>(at::TensorIteratorBase &, const T1 &)::[lambda(int) (instance 1)]>(int, T3)"
3609652,3618350,0,340,254,343072.0,86326.5,18553,1008047,387546.1,13870.2,11522.0,6753,122624,13854.8,12403.3,1137.0,6,90288,25029.1,321038.8,72992.5,5664,917475,372759.0,cudaLaunchKernel,"void at::native::index_elementwise_kernel<(int)128, (int)4, void at::native::gpu_index_kernel<void at::native::index_kernel_impl<at::native::OpaqueType<(int)8>>(at::TensorIteratorBase &, c10::ArrayRef<long>, c10::ArrayRef<long>)::[lambda(char *, const char *, long) (instance 1)]>(at::TensorIteratorBase &, c10::ArrayRef<long>, c10::ArrayRef<long>, const T1 &, bool)::[lambda(int) (instance 1)]>(long, T3)"
3609652,3609652,0,252,248,317814.9,128657.0,73490,4141932,404393.7,29423.8,11376.5,9980,4141932,260262.4,256562.4,86719.0,33901,863331,313366.0,36251.5,31456.0,25568,58657,11570.1,cudaLaunchKernel,ampere_fp16_s16816gemm_fp16_64x64_sliced1x2_ldg8_f2f_stages_64x5_nn
3609652,3618350,0,1242,1148,314545.6,20532.0,9694,3007283,754049.2,8935.7,6767.5,4889,111323,9705.0,206507.6,2259.5,48,1969351,504849.3,115018.8,10544.5,2208,1035395,271260.0,cudaLaunchKernel,"void at::native::vectorized_elementwise_kernel<(int)2, at::native::AUnaryFunctor<long, long, long, at::native::BitwiseAndFunctor<long>>, std::array<char *, (unsigned long)2>>(int, T2, T3)"
3609652,3609652,0,837,720,294718.0,41593.0,39237,3373842,850130.0,14816.1,12955.0,11191,237292,12461.6,280185.7,745.0,0,3296966,902632.7,39081.2,27808.0,26528,91264,18237.7,cudaLaunchKernelExC,sm80_xmma_gemm_f16f16_f16f32_f32_tn_n_tilesize96x128x32_stage4_warpsize2x2x1_tensor16x8x16_execute_kernel__5x_cublas
3609652,3609652,0,16,11,275141.9,18196.5,15778,4119538,1025176.8,270227.4,12709.5,9528,4119538,1026490.7,1395.1,1412.0,50,2307,688.7,4734.0,4656.0,4256,5344,314.5,cudaLaunchKernel,"void at::native::reduce_kernel<(int)512, (int)1, at::native::ReduceOp<long, at::native::func_wrapper_t<long, at::native::sum_functor<long, long, long>::operator ()(at::TensorIterator &)::[lambda(long, long) (instance 1)]>, unsigned int, long, (int)4, (int)4>>(T3)"
3609652,3611918,0,26,25,261583.3,15841.5,11115,6416345,1255333.7,256451.8,10625.0,5511,6416345,1256380.9,2039.4,2067.0,1033,2807,437.5,3292.3,3264.0,2784,3713,212.4,cudaLaunchKernel,"void at::native::vectorized_elementwise_kernel<(int)2, at::native::BUnaryFunctor<long, long, long, at::native::remainder_kernel_cuda(at::TensorIteratorBase &)::[lambda() (instance 1)]::operator ()() const::[lambda() (instance 4)]::operator ()() const::[lambda(long, long) (instance 1)]>, std::array<char *, (unsigned long)2>>(int, T2, T3)"
3609652,3618350,0,448,439,255256.1,55701.0,10801,989606,350541.0,9465.4,7094.0,5390,70925,7956.9,247181.2,40478.0,349,979903,352754.7,3635.3,3584.0,3328,4160,191.1,cudaLaunchKernel,"void at::native::vectorized_elementwise_kernel<(int)2, at::native::BUnaryFunctor<long, long, long, at::native::remainder_kernel_cuda(at::TensorIteratorBase &)::[lambda() (instance 1)]::operator ()() const::[lambda() (instance 4)]::operator ()() const::[lambda(long, long) (instance 1)]>, std::array<char *, (unsigned long)2>>(int, T2, T3)"
3609652,3609652,0,31174,29884,254446.3,18460.0,12993,231605783,4720659.6,11723.0,10550.0,4629,1490149,19868.3,243836.7,1124.0,1,231502144,4815911.5,9075.3,5984.0,1920,2389733,53052.2,cudaLaunchKernel,"void at::native::unrolled_elementwise_kernel<at::native::direct_copy_kernel_cuda(at::TensorIteratorBase &)::[lambda() (instance 3)]::operator ()() const::[lambda() (instance 7)]::operator ()() const::[lambda(float) (instance 1)], std::array<char *, (unsigned long)2>, (int)4, TrivialOffsetCalculator<(int)1, unsigned int>, TrivialOffsetCalculator<(int)1, unsigned int>, at::native::memory::LoadWithCast<(int)1>, at::native::memory::StoreWithCast<(int)1>>(int, T1, T2, T4, T5, T6, T7)"
3609652,3609652,0,16,6,246809.7,22199.5,17789,3609810,896809.1,243630.5,18901.0,12814,3609548,897592.3,387.7,270.5,12,1097,408.7,4244.0,4288.0,3872,4352,124.7,cudaLaunchKernel,"void at::native::unrolled_elementwise_kernel<at::native::direct_copy_kernel_cuda(at::TensorIteratorBase &)::[lambda() (instance 3)]::operator ()() const::[lambda() (instance 4)]::operator ()() const::[lambda(long) (instance 1)], std::array<char *, (unsigned long)2>, (int)4, TrivialOffsetCalculator<(int)1, unsigned int>, TrivialOffsetCalculator<(int)1, unsigned int>, at::native::memory::LoadWithCast<(int)1>, at::native::memory::StoreWithCast<(int)1>>(int, T1, T2, T4, T5, T6, T7)"
3609652,3611918,0,16,15,227552.9,13712.5,12586,3430266,854058.0,222870.9,8546.0,7745,3430266,855306.9,1830.4,1848.0,871,2394,426.9,3160.0,3216.0,2720,3456,200.9,cudaLaunchKernel,"void at::native::vectorized_elementwise_kernel<(int)2, at::native::BUnaryFunctor<long, long, long, at::native::binary_internal::div_trunc_kernel_cuda(at::TensorIteratorBase &)::[lambda() (instance 1)]::operator ()() const::[lambda() (instance 4)]::operator ()() const::[lambda(long, long) (instance 1)]>, std::array<char *, (unsigned long)2>>(int, T2, T3)"
3609652,3618350,0,320,315,227520.7,211102.5,17823,345227,57859.2,12173.3,10184.5,7965,103187,9236.7,214845.0,197297.0,37463,332242,56268.8,3909.8,3904.0,3776,4288,84.6,cudaLaunchKernel,"void dot_kernel<float, (int)128, (int)0, cublasDotParams<cublasGemvTensorStridedBatched<const float>, cublasGemvTensorStridedBatched<float>>>(T4)"
3609652,3609652,0,3088,2953,225315.3,36326.0,19415,48346874,2090020.0,11410.5,10360.0,8917,465457,14010.8,161851.6,1267.0,10,47654004,2093020.9,59242.7,25056.0,8864,743683,117025.8,cuLaunchKernel,void cutlass::Kernel2<cutlass_80_wmma_tensorop_f16_s161616gemm_f16_32x32_32x1_tn_align2>(T1::Params)
3609652,3618350,0,320,316,218617.3,203781.0,29717,339356,61192.1,6571.1,5400.0,4258,49053,4242.4,211577.1,195857.0,1606,331559,59284.1,3153.3,3168.0,3136,3200,16.9,cudaLaunchKernel,"void reduce_1Block_kernel<float, (int)128, (int)7, cublasGemvTensorStridedBatched<float>, cublasGemvTensorStridedBatched<const float>, cublasGemvTensorStridedBatched<float>>(const T1 *, T1, T4, int, const T1 *, T1, T5, T6, cublasPointerMode_t, cublasLtEpilogue_t, cublasGemvTensorStridedBatched<const biasType<T6::value_type, T1>::type>)"
3609652,3618350,0,6,5,210041.0,14897.0,13664,1186631,478430.5,207365.3,11587.5,10330,1186631,479741.9,919.6,1014.0,327,1166,338.1,2298.7,2288.0,2240,2368,65.3,cudaLaunchKernel,"void at::native::<unnamed>::distribution_elementwise_grid_stride_kernel<float, (int)4, void at::native::templates::cuda::normal_and_transform<float, float, at::CUDAGeneratorImpl *, void at::native::templates::cuda::normal_kernel<at::CUDAGeneratorImpl *>(const at::TensorBase &, double, double, T1)::[lambda() (instance 1)]::operator ()() const::[lambda() (instance 2)]::operator ()() const::[lambda(float) (instance 1)]>(at::TensorIteratorBase &, T3, T4)::[lambda(curandStatePhilox4_32_10 *) (instance 2)], void at::native::<unnamed>::distribution_nullary_kernel<float, float, float4, at::CUDAGeneratorImpl *, void at::native::templates::cuda::normal_and_transform<float, float, at::CUDAGeneratorImpl *, void at::native::templates::cuda::normal_kernel<at::CUDAGeneratorImpl *>(const at::TensorBase &, double, double, T1)::[lambda() (instance 1)]::operator ()() const::[lambda() (instance 2)]::operator ()() const::[lambda(float) (instance 1)]>(at::TensorIteratorBase &, T3, T4)::[lambda(curandStatePhilox4_32_10 *) (instance 2)], void at::native::templates::cuda::normal_kernel<at::CUDAGeneratorImpl *>(const at::TensorBase &, double, double, T1)::[lambda() (instance 1)]::operator ()() const::[lambda() (instance 2)]::operator ()() const::[lambda(float) (instance 1)]>(at::TensorIteratorBase &, T4, const T5 &, T6)::[lambda(int, float) (instance 1)]>(long, at::PhiloxCudaState, T3, T4)"
3609652,3609652,0,32,31,205883.6,203142.5,87669,277339,49818.4,13732.7,13280.0,12333,17323,1267.0,124069.5,118708.0,12608,191898,45939.1,71971.3,72000.5,70752,72256,252.9,cudaLaunchKernelExC,sm80_xmma_gemm_f16f16_f16f32_f32_tn_n_tilesize160x128x32_stage4_warpsize2x2x1_tensor16x8x16_execute_kernel__5x_cublas
3609652,3609652,0,10864,10544,183804.9,144339.0,68735,12681289,483767.9,8845.9,7945.0,6512,625892,14819.5,1742.8,1695.0,12,78072,2033.3,173326.7,133952.5,59648,12595692,481430.5,cuLaunchKernel,void cutlass::Kernel2<cutlass_80_simt_sgemm_128x32_8x5_nt_align1>(T1::Params)
3609652,3618350,0,2,1,178416.0,178416.0,10798,346034,237047.6,174948.5,174948.5,5851,344046,239140.0,2387.0,2387.0,2387,2387,0.0,2688.0,2688.0,2560,2816,181.0,cudaLaunchKernel,"void larft_vtv_32<float, (int)128>(long, long, const T1 *, long, long, T1 *, long, long)"
3609652,3618350,0,41801,40859,170484.2,12286.0,10706,150909878,4684485.6,7891.0,6582.0,5440,1784169,23277.6,162823.4,2314.0,1,150897662,4737735.4,3473.9,3328.0,2912,15712,1028.4,cudaLaunchKernel,"void at::native::reduce_kernel<(int)512, (int)1, at::native::ReduceOp<bool, at::native::func_wrapper_t<bool, at::native::or_kernel_cuda(at::TensorIterator &)::[lambda() (instance 1)]::operator ()() const::[lambda() (instance 12)]::operator ()() const::[lambda(bool, bool) (instance 1)]>, unsigned int, bool, (int)4, (int)4>>(T3)"
3609652,3618350,0,340,335,155711.2,33400.5,8834,1318292,268106.8,14355.5,8200.5,5691,1318292,75037.4,141820.4,23316.0,103,777236,261481.3,1644.2,1600.0,1248,2144,200.0,cudaLaunchKernel,"xxtrf4_set_info_ker(int, int *)"
3609652,3618350,0,2,1,149190.5,149190.5,10651,287730,195924.4,145577.0,145577.0,5801,285353,197673.1,2354.0,2354.0,2354,2354,0.0,2544.0,2544.0,2496,2592,67.9,cudaLaunchKernel,"void ormqr_cta_kernel<float, (int)4, (int)1>(long, long, long, const T1 *, long, long, const T1 *, long, T1 *, long, long, long, long, long, int)"
3609652,3609652,0,520,498,128749.8,28383.5,21157,6054148,606682.0,12828.1,11642.0,9759,292718,12551.0,102871.3,1227.0,44,5958992,609130.8,17501.0,15776.0,9536,85312,12068.5,cudaLaunchKernel,ampere_fp16_s16816gemm_fp16_64x128_sliced1x2_ldg8_f2f_stages_64x3_nn
3609652,3618350,0,463,419,121513.4,21488.0,10021,5664603,302484.7,22814.7,8145.0,5230,5664603,262987.8,75315.4,1948.0,3,425652,144476.0,30926.5,10624.0,2208,73024,28891.8,cudaLaunchKernel,"void at::native::vectorized_elementwise_kernel<(int)2, at::native::BUnaryFunctor<long, long, long, at::native::rshift_kernel_cuda(at::TensorIteratorBase &)::[lambda() (instance 1)]::operator ()() const::[lambda() (instance 4)]::operator ()() const::[lambda(long, long) (instance 1)]>, std::array<char *, (unsigned long)2>>(int, T2, T3)"
3609652,3618350,0,1376,1308,112026.6,40535.5,19967,930085,183178.7,8740.1,6387.0,3877,182408,8114.0,88133.1,14877.0,50,904989,186518.7,19660.8,20448.0,10944,21952,2704.5,cudaLaunchKernel,"void at::native::<unnamed>::CatArrayBatchedCopy<at::native::<unnamed>::OpaqueType<(unsigned int)4>, unsigned int, (int)2, (int)64, (int)64>(T1 *, at::native::<unnamed>::CatArrInputTensorMetadata<T1, T2, T4, T5>, at::native::<unnamed>::TensorSizeStride<T2, (unsigned int)4>, int, T2)"
3609652,3618350,0,350,318,110119.8,29067.0,9877,451590,138762.7,8924.2,6102.0,4659,85333,9146.7,60399.1,2980.0,232,346345,112652.1,46763.5,19920.0,2400,101568,43610.7,cudaLaunchKernel,"void at::native::vectorized_elementwise_kernel<(int)2, at::native::BinaryFunctor<long, long, long, at::native::BitwiseXorFunctor<long>>, std::array<char *, (unsigned long)3>>(int, T2, T3)"
3609652,3618350,0,2,2,107361.5,107361.5,84799,129924,31908.2,29295.5,29295.5,5159,53432,34134.2,3809.5,3809.5,2251,5368,2204.1,74256.5,74256.5,74241,74272,21.9,cudaLaunchKernel,"void batched_svd_parallel_jacobi_32x16<double, double>(int, int, int, int, T1 *, unsigned long, int, T2 *, T1 *, unsigned long, int, T1 *, unsigned long, int, T2, int, int *, T2, int, int *, int, T2)"
3609652,3618350,0,224,209,97188.4,29868.5,11386,224645,89672.7,9168.3,6873.0,5060,67048,7707.3,41347.3,2298.0,43,117621,47562.0,49753.3,19456.0,4064,103072,44375.0,cudaLaunchKernel,"void at::native::vectorized_elementwise_kernel<(int)2, at::native::BinaryFunctor<long, long, long, at::native::BitwiseOrFunctor<long>>, std::array<char *, (unsigned long)3>>(int, T2, T3)"
3609652,3609652,0,3104,3035,89283.4,27228.5,20851,15555666,689323.1,7994.0,6893.0,5721,790456,20770.5,61049.7,2179.0,25,15359435,683674.5,21636.8,17696.0,12896,189568,19172.1,cudaLaunchKernel,"void <unnamed>::softmax_warp_forward<c10::Half, float, float, (int)9, (bool)0, (bool)0, (int)32>(T2 *, const T1 *, int, int, int, const bool *, int, bool)"
3609652,3618350,0,2,1,88768.0,88768.0,11404,166132,109409.2,85338.0,85338.0,6503,164173,111489.5,2053.0,2053.0,2053,2053,0.0,2800.0,2800.0,2752,2848,67.9,cudaLaunchKernel,"void lansy_M_stage1<float, float, (int)8>(long, const T1 *, long, long, T2 *, long, int)"
3609652,3609652,0,4535,4338,86406.9,44716.0,19558,5667262,222648.0,12465.3,10851.0,8857,470476,18022.5,29551.0,1178.0,0,5548867,216717.8,45851.7,32160.0,8768,142176,27751.5,cuLaunchKernel,void cutlass::Kernel2<cutlass_80_tensorop_f16_s16816gemm_relu_f16_128x128_32x5_tn_align8>(T1::Params)
3609652,3618350,0,4,3,85732.5,12506.0,12010,305908,146783.9,79626.8,5776.0,5160,301795,148112.7,2396.7,2469.0,2223,2498,151.1,4376.0,4384.0,4352,4384,16.0,cudaLaunchKernel,void svd_music_kernel<(int)32>(int *)
3609652,3618350,0,2,2,82761.0,82761.0,55509,110013,38540.1,24276.5,24276.5,5511,43042,26538.4,3299.5,3299.5,2330,4269,1371.1,55185.0,55185.0,45729,64641,13372.8,cudaLaunchKernel,"void batched_svd_parallel_jacobi_32x16<float, float>(int, int, int, int, T1 *, unsigned long, int, T2 *, T1 *, unsigned long, int, T1 *, unsigned long, int, T2, int, int *, T2, int, int *, int, T2)"
3609652,3618350,0,48,44,82450.1,22061.0,15766,2689162,384864.6,76268.7,15620.0,8867,2686569,385479.9,1730.3,1705.0,938,2512,392.5,4930.7,4912.0,3968,5536,221.4,cudaLaunchKernel,"void at::native::reduce_kernel<(int)512, (int)1, at::native::ReduceOp<float, at::native::ArgMinOps<float>, unsigned int, long, (int)4, (int)4>>(T3)"
3609652,3609652,0,5640,5431,80725.2,78358.0,68873,541876,13890.1,10886.8,10260.0,8456,482740,9659.8,1366.0,1267.0,27,268016,3673.0,68610.1,66816.0,58272,99040,9183.9,cuLaunchKernel,void cutlass::Kernel2<cutlass_80_tensorop_f16_s16816gemm_relu_f16_256x64_32x4_tn_align8>(T1::Params)
3609652,3609652,0,3810,3611,78529.0,71905.0,36879,532051,44350.0,11774.7,10781.0,8245,370707,10774.0,9357.2,1132.0,20,487332,36467.5,58054.5,60256.0,25921,106848,19082.4,cudaLaunchKernel,ampere_fp16_s16816gemm_fp16_128x128_ldg8_f2f_stages_64x3_tn
3609652,3609652,0,1790,1656,77480.8,47104.5,43131,898240,82652.2,14142.6,11241.5,9098,866090,32164.8,31516.6,962.0,4,455146,80459.4,34385.9,33856.0,31456,41632,2570.4,cudaLaunchKernel,ampere_fp16_s16816gemm_fp16_256x64_ldg8_f2f_stages_64x3_tn
3609652,3618350,0,565,531,76908.2,15710.0,8528,256927,84686.7,8935.3,6392.0,4899,149335,10991.0,63900.0,2220.0,74,199832,76328.4,8024.4,1664.0,1504,71104,18777.3,cudaLaunchKernel,"void at::native::vectorized_elementwise_kernel<(int)2, at::native::CUDAFunctorOnSelf_add<long>, std::array<char *, (unsigned long)2>>(int, T2, T3)"
3609652,3618350,0,336,278,76270.5,18076.0,12727,253632,93364.8,11410.5,8000.5,6643,132051,13576.8,55445.1,2041.5,7,191063,76809.3,19469.7,5888.0,3488,56160,22213.8,cudaLaunchKernel,"void at::native::unrolled_elementwise_kernel<at::native::direct_copy_kernel_cuda(at::TensorIteratorBase &)::[lambda() (instance 3)]::operator ()() const::[lambda() (instance 3)]::operator ()() const::[lambda(int) (instance 1)], std::array<char *, (unsigned long)2>, (int)4, TrivialOffsetCalculator<(int)1, unsigned int>, TrivialOffsetCalculator<(int)1, unsigned int>, at::native::memory::LoadWithCast<(int)1>, at::native::memory::StoreWithCast<(int)1>>(int, T1, T2, T4, T5, T6, T7)"
3609652,3609652,0,192,186,70679.0,70333.0,68405,79923,1570.8,9189.5,8676.5,7344,17663,1641.5,1516.9,1541.0,645,2892,293.9,60064.7,60080.0,58880,60928,440.8,cudaLaunchKernel,ampere_sgemm_32x128_nt
3609652,3618350,0,224,212,63496.4,20553.5,11327,138460,54512.0,10101.9,7549.0,5681,84380,8972.0,23274.3,2163.0,196,67348,26238.9,31672.8,10160.0,3712,68576,28707.7,cudaLaunchKernel,"void at::native::vectorized_elementwise_kernel<(int)2, at::native::BUnaryFunctor<long, long, long, at::native::lshift_kernel_cuda(at::TensorIteratorBase &)::[lambda() (instance 1)]::operator ()() const::[lambda() (instance 4)]::operator ()() const::[lambda(long, long) (instance 1)]>, std::array<char *, (unsigned long)2>>(int, T2, T3)"
3609652,3618350,0,112,10,59060.5,30692.0,19682,558610,78030.4,34122.3,20128.5,15370,518588,73217.0,35951.3,260.5,0,257149,81170.8,24123.5,11440.0,3904,48352,19211.2,cudaLaunchKernel,"void at::native::vectorized_elementwise_kernel<(int)4, at::native::float16_copy_kernel_cuda(at::TensorIteratorBase &)::[lambda(float) (instance 1)], std::array<char *, (unsigned long)2>>(int, T2, T3)"
3609652,3618350,0,112,105,58873.2,24340.5,17208,159329,44317.9,14713.6,11301.5,7825,148423,18257.0,18452.9,1810.0,24,74745,21922.4,27694.9,11232.0,7328,57217,21332.3,cudaLaunchKernel,"void at::native::reduce_kernel<(int)128, (int)4, at::native::ReduceOp<long, at::native::func_wrapper_t<long, at::native::sum_functor<long, long, long>::operator ()(at::TensorIterator &)::[lambda(long, long) (instance 1)]>, unsigned int, long, (int)4, (int)4>>(T3)"
3609652,3618350,0,224,214,56980.3,18384.0,11839,4602198,307230.9,31980.8,8631.0,6121,4602198,306947.1,22385.3,1827.0,4,115847,37356.0,3738.3,3744.0,3552,3872,49.4,cudaLaunchKernel,"void at::native::vectorized_elementwise_kernel<(int)2, at::native::BUnaryFunctor<long, long, long, at::native::binary_internal::div_floor_kernel_cuda(at::TensorIteratorBase &)::[lambda() (instance 1)]::operator ()() const::[lambda() (instance 4)]::operator ()() const::[lambda(long, long) (instance 1)]>, std::array<char *, (unsigned long)2>>(int, T2, T3)"
3609652,3609652,0,144,131,54604.7,14526.0,11809,5675864,471724.1,46766.2,6196.0,5771,5675864,472383.0,2430.8,2535.0,39,3048,453.2,5791.8,5536.0,3552,8896,1269.8,cudaLaunchKernel,"void at::native::index_elementwise_kernel<(int)128, (int)4, void at::native::gpu_index_kernel<void at::native::index_kernel_impl<at::native::OpaqueType<(int)1>>(at::TensorIteratorBase &, c10::ArrayRef<long>, c10::ArrayRef<long>)::[lambda(char *, const char *, long) (instance 1)]>(at::TensorIteratorBase &, c10::ArrayRef<long>, c10::ArrayRef<long>, const T1 &, bool)::[lambda(int) (instance 1)]>(long, T3)"
3609652,3618350,0,112,99,52812.1,34220.5,16549,99750,31483.4,13266.2,12634.0,9227,55125,5126.0,935.2,917.0,42,1660,342.1,38821.0,19552.0,6016,73952,30610.1,cudaLaunchKernel,"void at::native::elementwise_kernel<(int)128, (int)2, void at::native::gpu_kernel_impl_nocast<at::native::BinaryFunctor<float, float, float, at::native::binary_internal::DivFunctor<float>>>(at::TensorIteratorBase &, const T1 &)::[lambda(int) (instance 1)]>(int, T3)"
3609652,3618350,0,2,2,52397.0,52397.0,19866,84928,46005.8,36745.0,36745.0,5059,68431,44810.8,2564.0,2564.0,2481,2647,117.4,13088.0,13088.0,12160,14016,1312.4,cudaLaunchKernel,"void steqr_ker<stedc_params_<double2, double, (int)8, (int)16, (int)128>, double, (int)0>(long, T1::data_type *, T1::data_type *, T2 *, long, int *, int *, long, long, T1::data_type, T1::data_type, int *, int)"
3609652,3609652,0,96,69,51631.2,50622.0,48633,58536,2559.9,11158.9,9303.0,7765,26070,3913.6,1410.1,1466.0,563,1938,329.2,40081.2,40096.5,38560,41376,756.0,cudaLaunchKernel,ampere_sgemm_128x32_nt
3609652,3609652,0,504,440,51519.5,45531.5,39358,290912,20836.9,12762.1,11081.0,9598,264514,13962.8,935.6,965.5,53,2587,310.3,38290.5,32384.0,28416,81248,16170.7,cudaLaunchKernel,ampere_fp16_s1688gemm_fp16_256x64_ldg8_f2f_tn
3609652,3609652,0,1085,1036,51254.2,50704.0,48805,209060,6740.3,10567.9,9948.0,8636,168771,6838.0,1261.6,1281.0,84,2123,295.2,39554.3,39392.0,38560,42080,590.7,cuLaunchKernel,void cutlass::Kernel2<cutlass_80_tensorop_f16_s16816gemm_relu_f16_128x128_32x6_tn_align8>(T1::Params)
3609652,3609652,0,124,94,49786.0,49366.5,47801,64867,2001.4,11307.0,10500.0,8816,25789,2290.2,1084.9,1108.5,3,1764,339.4,37863.9,37856.0,37120,38784,268.9,cuLaunchKernel,void cutlass::Kernel2<cutlass_80_tensorop_f16_s16816gemm_relu_f16_128x256_32x3_tn_align8>(T1::Params)
3609652,3618350,0,112,69,49727.1,32195.5,19497,92598,26186.7,17265.8,15188.0,12864,35117,4493.2,413.6,412.0,9,1003,244.2,32650.4,17024.0,5664,63392,25052.2,cudaLaunchKernel,"void at::native::vectorized_elementwise_kernel<(int)4, void at::native::<unnamed>::pow_tensor_scalar_kernel_impl<float, float>(at::TensorIteratorBase &, T2)::[lambda(float) (instance 1)], std::array<char *, (unsigned long)2>>(int, T2, T3)"
3609652,3618350,0,2,2,49589.0,49589.0,18469,80709,44010.3,37055.5,37055.5,5982,68129,43944.6,1813.5,1813.5,1764,1863,70.0,10720.0,10720.0,10624,10816,135.8,cudaLaunchKernel,"void geqr2_smem<double, double, (int)8, (int)5, (int)5>(int, int, T1 *, unsigned long, T1 *, int)"
3609652,3618350,0,2,2,47474.5,47474.5,9885,85064,53159.6,45762.0,45762.0,8085,83439,53283.3,176.5,176.5,89,264,123.7,1536.0,1536.0,1536,1536,0.0,cudaLaunchKernel,"void batch_eye_kernel<float, (int)5, (int)3>(long, long, T1 *, unsigned long, long long, int)"
3609652,3618350,0,2,1,45466.5,45466.5,9408,81525,50994.4,43678.0,43678.0,5831,81525,53523.7,2297.0,2297.0,2297,2297,0.0,1328.0,1328.0,1280,1376,67.9,cudaLaunchKernel,"void orgqr_step1_kernel<float, (int)5, (int)3>(int, int, int, T1 *, int)"
3609652,3618350,0,336,299,44763.4,12813.0,10848,9467438,516072.9,41931.6,9684.0,7514,9467438,516238.2,1146.3,1251.0,34,1960,425.7,1913.2,1952.0,1696,2528,177.9,cudaLaunchKernel,"void at::native::vectorized_elementwise_kernel<(int)4, at::native::BinaryFunctor<float, float, float, at::native::maximum_kernel_cuda(at::TensorIteratorBase &)::[lambda() (instance 2)]::operator ()() const::[lambda() (instance 2)]::operator ()() const::[lambda(float, float) (instance 1)]>, std::array<char *, (unsigned long)3>>(int, T2, T3)"
3609652,3609652,0,1568,1566,43378.4,45578.5,12424,3290480,82588.3,8858.4,6202.0,5090,3290480,82952.1,29359.3,33818.0,781,36734,9225.3,5200.6,5312.0,3296,6336,629.2,cudaLaunchKernelExC,"void cublasLt::splitKreduce_kernel<(int)32, (int)16, int, __half, __half, float, __half, (bool)0, __half, __half, __half, (bool)1, (bool)0, (bool)0, (bool)0>(cublasLt::cublasSplitKParams<T6>, const T4 *, const T10 *, T9 *, T5 *, const T6 *, const T6 *, const T11 *, const T4 *, T11 *, void *, long, T6 *, int *, T6 *, T6 *, const T6 *, const T6 *, const T6 *, const T6 *, const T6 *)"
3609652,3618350,0,2,2,41792.5,41792.5,18423,65162,33049.5,33684.0,33684.0,6232,61136,38823.0,5772.5,5772.5,1594,9951,5909.3,2336.0,2336.0,2240,2432,135.8,cudaLaunchKernel,"void at::native::triu_tril_kernel<double, int, (bool)0, (int)1, (bool)1>(at::cuda::detail::TensorInfo<T1, T2>, at::cuda::detail::TensorInfo<const T1, T2>, long, long, T2)"
3609652,3618350,0,2,2,40387.5,40387.5,11729,69046,40529.2,36304.0,36304.0,6803,65805,41720.7,1267.5,1267.5,329,2206,1327.2,2816.0,2816.0,2720,2912,135.8,cudaLaunchKernel,"void at::native::triu_tril_kernel<float, int, (bool)1, (int)2, (bool)0>(at::cuda::detail::TensorInfo<T1, T2>, at::cuda::detail::TensorInfo<const T1, T2>, long, long, T2)"
3609652,3609652,0,35157,34038,40150.2,18047.0,11336,249007995,1488355.8,8475.4,7314.0,5441,5284388,35881.0,22440.0,1991.0,7,248890785,1511694.4,10012.8,8352.0,3456,24576,3913.7,cudaLaunchKernel,"void at::native::reduce_kernel<(int)512, (int)1, at::native::ReduceOp<bool, at::native::func_wrapper_t<bool, at::native::or_kernel_cuda(at::TensorIterator &)::[lambda() (instance 1)]::operator ()() const::[lambda() (instance 12)]::operator ()() const::[lambda(bool, bool) (instance 1)]>, unsigned int, bool, (int)4, (int)4>>(T3)"
3609652,3609652,0,144,132,39934.4,12771.0,11854,3719079,308757.9,33410.5,6537.0,5871,3686334,306553.5,2169.8,2329.0,290,3240,518.1,4606.7,4000.5,3584,37696,3166.6,cudaLaunchKernel,"void at::native::elementwise_kernel<(int)128, (int)4, void at::native::gpu_kernel_impl_nocast<at::native::<unnamed>::where_kernel_impl(at::TensorIterator &)::[lambda() (instance 1)]::operator ()() const::[lambda() (instance 2)]::operator ()() const::[lambda(bool, unsigned short, unsigned short) (instance 1)]>(at::TensorIteratorBase &, const T1 &)::[lambda(int) (instance 1)]>(int, T3)"
3609652,3609652,0,145,128,39864.6,11507.0,10498,4026492,333379.7,37167.3,8516.0,7485,4026492,333609.8,1492.9,1549.0,65,2009,289.6,1501.8,1504.0,1408,2016,62.5,cudaLaunchKernel,"void at::native::vectorized_elementwise_kernel<(int)4, at::native::FillFunctor<bool>, std::array<char *, (unsigned long)1>>(int, T2, T3)"
3609652,3609652,0,1988,1820,39590.7,36230.0,32568,228791,7821.2,12741.8,12043.0,10230,196714,6494.3,813.3,840.0,1,2966,301.2,26244.2,22784.0,20384,31744,4467.4,cudaLaunchKernel,ampere_fp16_s16816gemm_fp16_128x64_ldg8_f2f_stages_64x3_tn
3609652,3618350,0,4,4,38604.8,9934.5,9239,125311,57806.3,35011.8,5876.5,5059,123235,58820.1,1993.0,2288.0,476,2920,1068.0,1600.0,1616.0,1504,1664,69.1,cudaLaunchKernel,"void lacpy_kernel<float, float, (int)5, (int)3>(long, long, const T1 *, long, long, T2 *, long, long, int, int)"
3609652,3618350,0,2,2,37045.5,37045.5,16300,57791,29338.6,27036.5,27036.5,5651,48422,30243.7,1673.0,1673.0,1017,2329,927.7,8336.0,8336.0,8320,8352,22.6,cudaLaunchKernel,"void batched_svd_qr_32x16<double, double>(int, int, int, T1 *, unsigned long, int, T1 *, unsigned long, int)"
3609652,3609652,0,16,15,36046.4,35322.0,34804,46410,2795.8,12320.4,11482.0,10620,23164,2992.3,1244.6,1312.0,462,1581,286.4,22584.1,22624.0,22144,23104,234.2,cuLaunchKernel,void cutlass::Kernel2<cutlass_80_wmma_tensorop_f16_s161616gemm_f16_32x32_64x1_nn_align2>(T1::Params)
3609652,3618350,0,2,1,34760.5,34760.5,9276,60245,36040.5,33368.5,33368.5,6492,60245,38009.1,1408.0,1408.0,1408,1408,0.0,1440.0,1440.0,1376,1504,90.5,cudaLaunchKernel,"void cuds_scal_batch_kernel<float, (int)256>(int, const T1 *, T1 *, long long)"
3609652,3618350,0,96,49,33907.3,21780.5,10901,190063,33462.2,31052.0,18680.5,6673,190063,35153.7,2297.7,2469.0,42,3324,744.3,2891.4,2928.0,2528,3328,185.0,cudaLaunchKernel,"void at::native::<unnamed>::CatArrayBatchedCopy_alignedK_contig<at::native::<unnamed>::OpaqueType<(unsigned int)4>, unsigned int, (int)1, (int)128, (int)1, (int)16>(T1 *, at::native::<unnamed>::CatArrInputTensorMetadata<T1, T2, T4, T5>, at::native::<unnamed>::TensorSizeStride<T2, (unsigned int)4>, int, T2)"
3609652,3609652,0,10128,9634,33465.9,15584.0,11499,10062071,237293.1,12464.5,11532.0,6242,469525,11147.1,18195.8,1189.0,0,8912816,225519.8,3809.3,2848.0,2336,1405505,25877.7,cudaLaunchKernel,"void at::native::vectorized_elementwise_kernel<(int)4, at::native::BinaryFunctor<c10::Half, c10::Half, bool, at::native::<unnamed>::CompareEqFunctor<c10::Half>>, std::array<char *, (unsigned long)3>>(int, T2, T3)"
3609652,3609652,0,10158,9570,33234.9,30892.0,20588,1502592,28451.7,12858.2,11772.0,8557,1486893,24329.4,1014.5,850.0,1,1226733,13609.8,19559.5,18208.0,8864,64608,7404.0,cudaLaunchKernel,ampere_fp16_s16816gemm_fp16_128x64_ldg8_f2f_stages_64x4_tn
3609652,3609652,0,144,128,33184.4,16871.0,15880,2250839,186113.4,26673.1,10074.0,9048,2250839,186668.0,1954.7,2015.5,486,2843,440.0,4901.6,4864.0,4800,5504,105.0,cudaLaunchKernel,"void at::native::<unnamed>::CatArrayBatchedCopy<at::native::<unnamed>::OpaqueType<(unsigned int)4>, unsigned int, (int)3, (int)64, (int)64>(T1 *, at::native::<unnamed>::CatArrInputTensorMetadata<T1, T2, T4, T5>, at::native::<unnamed>::TensorSizeStride<T2, (unsigned int)4>, int, T2)"
3609652,3618350,0,2,2,33011.0,33011.0,15174,50848,25225.3,26500.5,26500.5,5541,47460,29641.2,4206.5,4206.5,1084,7329,4415.9,2304.0,2304.0,2304,2304,0.0,cudaLaunchKernel,"void scale_max<float, (int)32, (int)32, (int)1>(long, long, T1 *, T1 *, T1 *, int *)"
3609652,3618350,0,123232,120455,32836.7,16848.0,14606,17509267,470885.1,7546.6,6352.0,4890,4349236,24150.3,17417.2,2125.0,0,17491901,475479.4,8316.2,8352.0,7392,9600,267.0,cudaLaunchKernel,"void at::native::reduce_kernel<(int)512, (int)1, at::native::ReduceOp<c10::Half, at::native::func_wrapper_t<c10::Half, at::native::MaxNanFunctor<c10::Half>>, unsigned int, c10::Half, (int)4, (int)4>>(T3)"
3609652,3618350,0,2,1,32417.5,32417.5,10987,53848,30307.3,30203.0,30203.0,7234,53172,32483.1,2153.0,2153.0,2153,2153,0.0,1600.0,1600.0,1600,1600,0.0,cudaLaunchKernel,"void at::native::vectorized_elementwise_kernel<(int)2, at::native::AUnaryFunctor<double, double, double, at::native::binary_internal::MulFunctor<double>>, std::array<char *, (unsigned long)2>>(int, T2, T3)"
3609652,3618350,0,2,2,31635.5,31635.5,28450,34821,4505.0,7985.0,7985.0,5891,10079,2961.4,1826.5,1826.5,1702,1951,176.1,21824.0,21824.0,20608,23040,1719.7,cudaLaunchKernel,"void kernel<getrf_wo_pivot_params_<double, (int)0, (int)256, (int)1, (int)64, (int)64, (int)68, (int)16, (int)1, (int)1>>(int, int, void *, int, void *, int, int, int, int, int, int *)"
3609652,3618350,0,2,1,31571.5,31571.5,10858,52285,29293.3,29401.5,29401.5,7365,51438,31164.3,1861.0,1861.0,1861,1861,0.0,1664.0,1664.0,1632,1696,45.3,cudaLaunchKernel,"void at::native::elementwise_kernel<(int)128, (int)2, void at::native::gpu_kernel_impl_nocast<at::native::FillFunctor<float>>(at::TensorIteratorBase &, const T1 &)::[lambda(int) (instance 1)]>(int, T3)"
3609652,3609652,0,4,1,30921.8,25460.5,22070,50696,13498.2,29105.3,23670.0,18385,50696,14822.9,47.0,47.0,47,47,0.0,3496.0,3616.0,2688,4064,670.9,cudaLaunchKernel,"void at_cuda_detail::cub::detail::reduce::DeviceReduceKernel<at_cuda_detail::cub::detail::reduce::policy_hub<int, unsigned long long, cuda::std::__4::plus<void>>::Policy1000, thrust::_V_300200_SM_750_800_860_900_1000_1200::transform_iterator<at::native::<unnamed>::NonZeroOp<bool>, const bool *, thrust::_V_300200_SM_750_800_860_900_1000_1200::use_default, thrust::_V_300200_SM_750_800_860_900_1000_1200::use_default>, unsigned long long, cuda::std::__4::plus<void>, int, cuda::std::__4::identity>(T2, T5 *, T3, at_cuda_detail::cub::GridEvenShare<T3>, T4, T6)"
3609652,3618350,0,672,646,30195.9,32954.0,22617,90826,7193.4,6256.5,5224.5,4419,65265,3516.7,1997.2,2095.0,9,14286,660.1,22068.0,22016.0,16192,28448,5844.3,cudaLaunchKernel,"void trsm_batch_left_upper_kernel_small<float, (int)16, (int)16, (int)64>(cublasTrsmBatchParams<T1>, const T1 *const *, T1 *const *, const T1 *, T1)"
3609652,3618350,0,2,2,29777.5,29777.5,16128,43427,19303.3,19723.0,19723.0,5992,33454,19418.6,2182.5,2182.5,1845,2520,477.3,7872.0,7872.0,7616,8128,362.0,cudaLaunchKernel,"void batched_svd_qr_32x16<float, float>(int, int, int, T1 *, unsigned long, int, T1 *, unsigned long, int)"
3609652,3611918,0,8,7,29181.1,17505.0,16168,112463,33656.8,20952.6,8936.5,7425,105671,34243.7,1974.3,1957.0,1398,2487,319.8,6564.0,6768.0,5632,7296,562.2,cudaLaunchKernel,"void at_cuda_detail::cub::detail::radix_sort::DeviceRadixSortSingleTileKernel<at_cuda_detail::cub::detail::radix::policy_hub<long, at::cuda::cub::detail::OpaqueType<(int)8>, unsigned long long>::Policy1000, (at_cuda_detail::cub::SortOrder)0, long, at::cuda::cub::detail::OpaqueType<(int)8>, unsigned long long, at_cuda_detail::cub::detail::identity_decomposer_t>(const T3 *, T3 *, const T4 *, T4 *, T5, int, int, T6)"
3609652,3618350,0,48,35,29171.9,25195.5,11929,125308,21731.6,26603.4,22728.5,7965,125308,22535.7,798.7,652.0,35,1931,502.1,2334.7,2336.0,2112,2528,109.3,cudaLaunchKernel,"void at::native::elementwise_kernel<(int)128, (int)2, void at::native::gpu_kernel_impl_nocast<at::native::<unnamed>::where_kernel_impl(at::TensorIterator &)::[lambda() (instance 1)]::operator ()() const::[lambda() (instance 3)]::operator ()() const::[lambda(bool, unsigned int, unsigned int) (instance 1)]>(at::TensorIteratorBase &, const T1 &)::[lambda(int) (instance 1)]>(int, T3)"
3609652,3618350,0,112,90,28535.8,18915.5,12597,207860,22495.6,15899.4,13225.5,9197,203037,18988.0,13025.4,2012.0,84,43106,14101.4,2347.1,2336.0,1952,2816,262.1,cudaLaunchKernel,"void at::native::vectorized_elementwise_kernel<(int)4, at::native::sqrt_kernel_cuda(at::TensorIteratorBase &)::[lambda() (instance 2)]::operator ()() const::[lambda() (instance 2)]::operator ()() const::[lambda(float) (instance 1)], std::array<char *, (unsigned long)2>>(int, T2, T3)"
3609652,3618350,0,2,2,28399.0,28399.0,11741,45057,23558.0,23700.0,23700.0,6893,40507,23768.7,2043.0,2043.0,1798,2288,346.5,2656.0,2656.0,2560,2752,135.8,cudaLaunchKernel,"void at::native::triu_tril_kernel<double, int, (bool)1, (int)1, (bool)0>(at::cuda::detail::TensorInfo<T1, T2>, at::cuda::detail::TensorInfo<const T1, T2>, long, long, T2)"
3609652,3618350,0,2,1,28331.5,28331.5,10215,46448,25620.6,26014.5,26014.5,6152,45877,28089.8,2367.0,2367.0,2367,2367,0.0,1696.0,1696.0,1696,1696,0.0,cudaLaunchKernel,"void at::native::vectorized_elementwise_kernel<(int)2, at::native::CUDAFunctor_add<double>, std::array<char *, (unsigned long)3>>(int, T2, T3)"
3609652,3609652,0,288,266,28101.1,12470.0,11477,4161248,244431.0,21867.6,6367.0,5751,4158884,244645.2,2147.9,2212.5,99,2990,364.7,4320.0,3840.0,3392,43520,2777.0,cudaLaunchKernel,"void at::native::elementwise_kernel<(int)128, (int)4, void at::native::gpu_kernel_impl_nocast<at::native::BinaryFunctor<bool, bool, bool, at::native::BitwiseAndFunctor<bool>>>(at::TensorIteratorBase &, const T1 &)::[lambda(int) (instance 1)]>(int, T3)"
3609652,3611918,0,6,5,27978.3,12579.5,11804,100689,35705.1,23733.7,7504.0,7054,99259,37098.8,1818.8,1928.0,1216,2306,401.2,3002.7,2992.0,2816,3200,131.8,cudaLaunchKernel,"void at::native::unrolled_elementwise_kernel<at::native::BUnaryFunctor<long, long, long, at::native::remainder_kernel_cuda(at::TensorIteratorBase &)::[lambda() (instance 1)]::operator ()() const::[lambda() (instance 4)]::operator ()() const::[lambda(long, long) (instance 1)]>, std::array<char *, (unsigned long)2>, (int)4, TrivialOffsetCalculator<(int)1, unsigned int>, TrivialOffsetCalculator<(int)1, unsigned int>, at::native::memory::LoadWithoutCast, at::native::memory::StoreWithoutCast>(int, T1, T2, T4, T5, T6, T7)"
3609652,3609652,0,28684,27773,27897.5,12735.0,10473,4619457,151425.3,10841.6,9378.0,7634,4617168,39346.8,15383.8,1311.0,0,3597596,148236.3,2213.4,1985.0,1600,5120,517.1,cudaLaunchKernel,"void at_cuda_detail::cub::detail::reduce::DeviceReduceSingleTileKernel<at_cuda_detail::cub::detail::reduce::policy_hub<int, unsigned long long, cuda::std::__4::plus<void>>::Policy1000, thrust::_V_300200_SM_750_800_860_900_1000_1200::transform_iterator<at::native::<unnamed>::NonZeroOp<bool>, const bool *, thrust::_V_300200_SM_750_800_860_900_1000_1200::use_default, thrust::_V_300200_SM_750_800_860_900_1000_1200::use_default>, int *, unsigned long long, cuda::std::__4::plus<void>, int, int, cuda::std::__4::identity>(T2, T3, T4, T5, T6, T8)"
3609652,3618350,0,2,2,27517.5,27517.5,17451,37584,14236.2,18961.5,18961.5,4890,33033,19900.1,6028.0,6028.0,2023,10033,5663.9,2528.0,2528.0,2528,2528,0.0,cudaLaunchKernel,"void scale_max<double, (int)32, (int)32, (int)1>(long, long, T1 *, T1 *, T1 *, int *)"
3609652,3618350,0,2,2,27299.5,27299.5,14168,40431,18570.7,20534.0,20534.0,6362,34706,20042.2,2029.5,2029.5,957,3102,1516.7,4736.0,4736.0,4704,4768,45.3,cudaLaunchKernel,"void sytrd4_cta<sytrd_params<float, (int)16, (int)32, (int)32, (int)32, (int)0, (int)1, (int)2>, (int)1>(int, T1::data_type *, int, int, T1::pod_type *, int, T1::pod_type *, int, T1::data_type *, int, int)"
3609652,3609652,0,1580,1501,27204.0,25515.0,23368,459329,19321.1,13531.0,11652.0,9698,447813,19802.1,768.5,777.0,0,2482,303.4,13112.0,13088.0,12800,13792,159.3,cudaLaunchKernel,ampere_fp16_s16816gemm_fp16_64x64_ldg8_f2f_stages_64x5_tn
3609652,3618350,0,2,0,26901.5,26901.5,13168,40635,19422.1,21671.5,21671.5,8256,35087,18972.4,,,,,0.0,5616.0,5616.0,5600,5632,22.6,cudaLaunchKernel,"void sytrd4_cta<sytrd_params<double, (int)16, (int)32, (int)32, (int)32, (int)0, (int)1, (int)2>, (int)1>(int, T1::data_type *, int, int, T1::pod_type *, int, T1::pod_type *, int, T1::data_type *, int, int)"
3609652,3618350,0,2,2,26560.5,26560.5,10382,42739,22879.9,21856.0,21856.0,5350,38362,23343.0,1904.5,1904.5,1529,2280,531.0,2800.0,2800.0,2752,2848,67.9,cudaLaunchKernel,"void lansy_M_stage1<double, double, (int)8>(long, const T1 *, long, long, T2 *, long, int)"
3609652,3609652,0,11498,10898,26405.3,25389.0,22334,928849,15094.4,12732.1,11662.0,9428,917058,15133.9,840.4,865.0,0,14600,339.3,12989.4,12576.0,11648,40832,2130.0,cudaLaunchKernel,ampere_fp16_s16816gemm_fp16_64x64_sliced1x2_ldg8_f2f_stages_64x5_tn
3609652,3609652,0,2765,2635,26087.4,24584.0,17258,531361,14496.6,9016.9,8005.0,6713,507677,13753.1,1791.7,1814.0,8,3281,378.3,15480.8,14208.0,8448,25120,4688.9,cudaLaunchKernel,"void at::native::reduce_kernel<(int)128, (int)4, at::native::ReduceOp<bool, at::native::func_wrapper_t<bool, at::native::or_kernel_cuda(at::TensorIterator &)::[lambda() (instance 1)]::operator ()() const::[lambda() (instance 12)]::operator ()() const::[lambda(bool, bool) (instance 1)]>, unsigned int, bool, (int)4, (int)4>>(T3)"
3609652,3609652,0,1579,1469,26049.9,25541.0,23144,53571,2219.7,12633.3,12093.0,9418,51478,2351.0,807.0,830.0,9,2284,302.4,12794.0,12480.0,12128,23808,1472.2,cudaLaunchKernel,ampere_fp16_s16816gemm_fp16_64x64_sliced1x2_ldg8_f2f_stages_64x6_tn
3609652,3618350,0,5,4,25723.2,14153.0,13539,72845,26343.5,20451.2,7304.0,6503,72528,29131.3,1974.8,2373.5,420,2732,1051.3,4537.6,4544.0,4416,4640,82.8,cudaLaunchKernel,"void at::native::<unnamed>::CatArrayBatchedCopy_alignedK_contig<at::native::<unnamed>::OpaqueType<(unsigned int)8>, unsigned int, (int)2, (int)128, (int)1, (int)16>(T1 *, at::native::<unnamed>::CatArrInputTensorMetadata<T1, T2, T4, T5>, at::native::<unnamed>::TensorSizeStride<T2, (unsigned int)4>, int, T2)"
3609652,3609652,0,7584,7088,25384.8,24051.5,20790,1180691,23835.0,14034.3,13115.0,10921,793762,15472.5,1034.6,724.0,0,1154255,18789.8,10498.4,9920.0,8704,13440,1290.6,cudaLaunchKernelExC,sm80_xmma_gemm_f16f16_f16f32_f32_tn_n_tilesize32x32x64_stage6_warpsize2x2x1_tensor16x8x16_execute_kernel__5x_cublas
3609652,3609652,0,142,102,24214.1,20794.0,18858,52552,9103.1,12335.3,11281.5,9538,22873,2328.6,955.1,1003.5,156,1772,328.7,11505.4,8352.0,8192,36864,8917.6,cudaLaunchKernel,ampere_fp16_s16816gemm_fp16_64x64_ldg8_f2f_tn
3609652,3609652,0,347,288,23900.2,21819.0,19744,52958,6670.5,11206.6,10650.0,9197,23865,1696.3,1235.9,1149.5,73,5827,655.4,11926.1,9952.0,9216,36320,5697.0,cuLaunchKernel,void cutlass::Kernel2<cutlass_80_tensorop_f16_s16816gemm_relu_f16_64x256_32x4_nn_align8>(T1::Params)
3609652,3618350,0,133693,131154,23625.0,8860.0,7291,17414888,407440.1,6064.9,5250.0,4068,4067660,21347.0,16505.0,2269.0,0,17402684,410495.3,1381.4,1376.0,1248,2688,64.2,cudaLaunchKernel,"void <unnamed>::elementwise_kernel_with_index<int, at::native::arange_cuda_out(const c10::Scalar &, const c10::Scalar &, const c10::Scalar &, at::Tensor &)::[lambda() (instance 1)]::operator ()() const::[lambda() (instance 4)]::operator ()() const::[lambda(long) (instance 1)]>(T1, T2, function_traits<T2>::result_type *)"
3609652,3609652,0,851,798,22855.6,22149.0,16955,629599,21525.2,11399.4,10340.0,8857,618458,20899.0,1195.7,1233.5,3,2417,318.6,10440.9,10976.0,6560,40160,5120.3,cuLaunchKernel,void cutlass::Kernel2<cutlass_80_tensorop_f16_s16816gemm_f16_64x64_32x6_nn_align2>(T1::Params)
3609652,3609652,0,272,236,22713.9,15355.5,9918,2396787,144563.7,19832.1,12949.0,6012,2396787,144763.9,1207.7,1607.5,4,2497,837.4,1943.7,1888.0,1664,2752,140.0,cudaLaunchKernel,"void at::native::vectorized_elementwise_kernel<(int)4, void at::native::compare_scalar_kernel<long>(at::TensorIteratorBase &, at::native::<unnamed>::OpType, T1)::[lambda(long) (instance 1)], std::array<char *, (unsigned long)2>>(int, T2, T3)"
3609652,3618350,0,2,2,22608.5,22608.5,9806,35411,18105.5,18029.5,18029.5,4880,31179,18596.2,2195.0,2195.0,1832,2558,513.4,2384.0,2384.0,2368,2400,22.6,cudaLaunchKernel,"void lansy_M_stage2<double, (int)8>(T1, T1, long, T1 *, long, T1 *, T1 *)"
3609652,3618350,0,336,302,22596.9,14431.5,11709,926319,63291.2,18009.9,9492.5,6622,924041,63680.1,1274.8,1361.0,6,3110,504.8,3607.7,3520.0,3104,4320,381.5,cudaLaunchKernel,"void at::native::unrolled_elementwise_kernel<at::native::direct_copy_kernel_cuda(at::TensorIteratorBase &)::[lambda() (instance 3)]::operator ()() const::[lambda() (instance 1)]::operator ()() const::[lambda(unsigned char) (instance 1)], std::array<char *, (unsigned long)2>, (int)4, TrivialOffsetCalculator<(int)1, unsigned int>, TrivialOffsetCalculator<(int)1, unsigned int>, at::native::memory::LoadWithCast<(int)1>, at::native::memory::StoreWithCast<(int)1>>(int, T1, T2, T4, T5, T6, T7)"
3609652,3618350,0,2,2,22474.5,22474.5,10061,34888,17555.3,19678.0,19678.0,6914,32442,18051.0,1196.5,1196.5,846,1547,495.7,1600.0,1600.0,1600,1600,0.0,cudaLaunchKernel,"void at::native::elementwise_kernel<(int)128, (int)2, void at::native::gpu_kernel_impl_nocast<at::native::FillFunctor<double>>(at::TensorIteratorBase &, const T1 &)::[lambda(int) (instance 1)]>(int, T3)"
3609652,3618350,0,2,2,22336.0,22336.0,10155,34517,17226.5,17944.0,17944.0,4889,30999,18462.6,1816.0,1816.0,926,2706,1258.7,2576.0,2576.0,2560,2592,22.6,cudaLaunchKernel,"void larft_vtv_32<double, (int)128>(long, long, const T1 *, long, long, T1 *, long, long)"
3609652,3618350,0,2,1,22327.0,22327.0,10870,33784,16202.6,20784.5,20784.5,7785,33784,18384.1,1741.0,1741.0,1741,1741,0.0,1344.0,1344.0,1344,1344,0.0,cudaLaunchKernel,"void at::native::vectorized_elementwise_kernel<(int)2, at::native::FillFunctor<double>, std::array<char *, (unsigned long)1>>(int, T2, T3)"
3609652,3618350,0,4,3,22226.3,12841.5,11313,51909,19815.3,18868.5,8541.5,6482,51909,22073.8,1821.0,2007.0,1313,2143,445.2,2640.0,2640.0,2592,2688,55.4,cudaLaunchKernel,"void gemmSN_TN_kernel<double, (int)128, (int)16, (int)2, (int)4, (int)4, (int)4, (bool)1, cublasGemvTensorStridedBatched<const double>, cublasGemvTensorStridedBatched<const double>, cublasGemvTensorStridedBatched<double>>(cublasGemmSmallNParams<T9, T10, T11, T1>)"
3609652,3611918,0,16,16,22143.3,20187.0,16619,59728,10144.8,8584.4,5841.0,4509,47030,10349.3,3988.9,3380.5,1607,7391,2240.2,9570.0,9456.0,8384,11168,811.9,cudaLaunchKernel,"void at_cuda_detail::cub::detail::radix_sort::DeviceRadixSortOnesweepKernel<at_cuda_detail::cub::detail::radix::policy_hub<long, at::cuda::cub::detail::OpaqueType<(int)8>, unsigned long long>::Policy1000, (at_cuda_detail::cub::SortOrder)0, long, at::cuda::cub::detail::OpaqueType<(int)8>, unsigned long long, int, int, at_cuda_detail::cub::detail::identity_decomposer_t>(T7 *, T7 *, T5 *, const T5 *, T3 *, const T3 *, T4 *, const T4 *, T6, int, int, T8)"
3609652,3609652,0,378,332,21745.1,20522.5,17794,307302,14915.4,11557.5,10164.0,8756,295714,14772.0,1189.1,1261.5,28,1908,332.2,9265.1,9040.0,7680,12128,1557.2,cuLaunchKernel,void cutlass::Kernel2<cutlass_75_wmma_tensorop_f16_s161616gemm_f16_32x32_64x1_nn_align1>(T1::Params)
3609652,3618350,0,6,6,21721.8,13539.0,12464,61791,19661.5,18045.8,10134.5,7935,58592,19925.9,1014.7,755.0,415,1873,648.8,2661.3,2656.0,2560,2784,71.3,cudaLaunchKernel,"void at::native::<unnamed>::distribution_elementwise_grid_stride_kernel<double, (int)2, void at::native::templates::cuda::normal_and_transform<double, double, at::CUDAGeneratorImpl *, void at::native::templates::cuda::normal_kernel<at::CUDAGeneratorImpl *>(const at::TensorBase &, double, double, T1)::[lambda() (instance 1)]::operator ()() const::[lambda() (instance 1)]::operator ()() const::[lambda(double) (instance 1)]>(at::TensorIteratorBase &, T3, T4)::[lambda(curandStatePhilox4_32_10 *) (instance 1)], void at::native::<unnamed>::distribution_nullary_kernel<double, double, double2, at::CUDAGeneratorImpl *, void at::native::templates::cuda::normal_and_transform<double, double, at::CUDAGeneratorImpl *, void at::native::templates::cuda::normal_kernel<at::CUDAGeneratorImpl *>(const at::TensorBase &, double, double, T1)::[lambda() (instance 1)]::operator ()() const::[lambda() (instance 1)]::operator ()() const::[lambda(double) (instance 1)]>(at::TensorIteratorBase &, T3, T4)::[lambda(curandStatePhilox4_32_10 *) (instance 1)], void at::native::templates::cuda::normal_kernel<at::CUDAGeneratorImpl *>(const at::TensorBase &, double, double, T1)::[lambda() (instance 1)]::operator ()() const::[lambda() (instance 1)]::operator ()() const::[lambda(double) (instance 1)]>(at::TensorIteratorBase &, T4, const T5 &, T6)::[lambda(int, double) (instance 1)]>(long, at::PhiloxCudaState, T3, T4)"
3609652,3609652,0,2686,2550,21319.5,18496.5,15456,1498143,34571.9,9890.8,7945.5,6553,1486572,34341.9,1805.2,1815.0,165,3295,355.0,9833.1,8544.0,6592,29952,3998.3,cudaLaunchKernel,"void at::native::reduce_kernel<(int)256, (int)2, at::native::ReduceOp<bool, at::native::func_wrapper_t<bool, at::native::or_kernel_cuda(at::TensorIterator &)::[lambda() (instance 1)]::operator ()() const::[lambda() (instance 12)]::operator ()() const::[lambda(bool, bool) (instance 1)]>, unsigned int, bool, (int)4, (int)4>>(T3)"
3609652,3609652,0,2742,2658,21086.2,17356.0,14003,960541,30293.4,8116.7,6793.0,5720,954869,23008.1,3373.4,2087.0,8,700266,15600.4,9740.5,8448.0,6016,62977,7417.3,cudaLaunchKernel,"void <unnamed>::softmax_warp_forward<c10::Half, float, float, (int)8, (bool)0, (bool)0, (int)32>(T2 *, const T1 *, int, int, int, const bool *, int, bool)"
3609652,3618350,0,2,2,20834.0,20834.0,10611,31057,14457.5,16511.5,16511.5,5911,27112,14991.4,2082.5,2082.5,1705,2460,533.9,2240.0,2240.0,2240,2240,0.0,cudaLaunchKernel,"void lansy_M_stage2<float, (int)8>(T1, T1, long, T1 *, long, T1 *, T1 *)"
3609652,3618350,0,2,2,20718.5,20718.5,11023,30414,13711.5,15954.5,15954.5,5690,26219,14516.2,1996.0,1996.0,1411,2581,827.3,2768.0,2768.0,2752,2784,22.6,cudaLaunchKernel,"void larft_T_32<float, (int)256>(int, T1 *, int, long, const T1 *, long)"
3609652,3609652,0,142,96,20584.4,18971.5,16172,36227,5081.9,11808.6,11001.0,9118,20459,1929.6,1113.1,1170.5,270,1794,353.9,8305.1,7328.0,5760,21600,4757.6,cuLaunchKernel,void cutlass::Kernel2<cutlass_80_wmma_tensorop_f16_s161616gemm_f16_32x32_64x1_tn_align2>(T1::Params)
3609652,3618350,0,246341,240298,19979.3,11070.0,8925,17550778,334992.4,8311.4,6923.0,4819,3760525,27099.0,9728.5,2029.0,0,17539708,338002.5,2207.6,2144.0,1536,4640,173.4,cudaLaunchKernel,"void at::native::vectorized_elementwise_kernel<(int)4, at::native::AbsFunctor<c10::Half>, std::array<char *, (unsigned long)2>>(int, T2, T3)"
3609652,3609652,0,432,400,19923.3,10044.5,8976,4104290,196972.3,16243.2,6272.0,5170,4104290,197153.8,2046.5,2072.0,186,2747,261.4,1849.3,1856.0,1568,2688,125.0,cudaLaunchKernel,"void at::native::vectorized_elementwise_kernel<(int)2, at::native::CUDAFunctorOnSelf_add<long>, std::array<char *, (unsigned long)2>>(int, T2, T3)"
3609652,3618350,0,2,2,19907.5,19907.5,10062,29753,13923.6,14833.0,14833.0,4809,24857,14176.1,2434.5,2434.5,2240,2629,275.1,2640.0,2640.0,2624,2656,22.6,cudaLaunchKernel,"void larft_T_32<double, (int)256>(int, T1 *, int, long, const T1 *, long)"
3609652,3609652,0,288,266,19624.2,10381.5,9128,2535683,148787.5,15824.2,6387.5,5129,2535160,148989.1,1979.8,2067.0,143,2656,429.7,2062.2,2048.0,1920,2336,79.2,cudaLaunchKernel,"void at::native::vectorized_elementwise_kernel<(int)4, at::native::AUnaryFunctor<float, float, float, at::native::binary_internal::MulFunctor<float>>, std::array<char *, (unsigned long)2>>(int, T2, T3)"
3609652,3618350,0,1056,919,19270.9,13347.5,10725,648515,27839.8,16055.9,9728.0,6873,648515,28506.7,1451.6,1486.0,20,7681,571.4,2191.8,2240.0,1696,2496,131.3,cudaLaunchKernel,"void at::native::vectorized_elementwise_kernel<(int)4, at::native::<unnamed>::CompareFunctor<float>, std::array<char *, (unsigned long)3>>(int, T2, T3)"
3609652,3609652,0,126,93,19260.6,19155.0,16718,27099,1720.8,11281.9,10870.5,8937,19367,1685.6,973.6,1029.0,1,1801,452.9,7402.2,7424.0,6400,8416,892.0,cuLaunchKernel,void cutlass::Kernel2<cutlass_80_wmma_tensorop_f16_s161616gemm_f16_32x32_128x1_nn_align2>(T1::Params)
3609652,3618350,0,2,2,19216.0,19216.0,10355,28077,12531.3,14753.0,14753.0,5671,23835,12843.9,2351.0,2351.0,2098,2604,357.8,2112.0,2112.0,2080,2144,45.3,cudaLaunchKernel,"void epilogue<sytrd_params<float, (int)32, (int)8, (int)512, (int)32, (int)16, (int)1, (int)2>, (int)128, (int)1, (int)1>(int, int, T1::data_type *, int, int, T1::pod_type *, int, T1::pod_type *, int, T1::data_type *, int, T1::data_type *, int, int)"
3609652,3618350,0,336,312,19021.0,16463.5,12035,106864,10848.9,11504.7,8942.5,6643,106864,11664.4,1663.9,1763.5,26,16458,1135.5,6262.1,4736.0,3296,11360,2873.3,cudaLaunchKernel,"void at::native::elementwise_kernel<(int)128, (int)2, void at::native::gpu_kernel_impl_nocast<at::native::direct_copy_kernel_cuda(at::TensorIteratorBase &)::[lambda() (instance 3)]::operator ()() const::[lambda() (instance 3)]::operator ()() const::[lambda(int) (instance 1)]>(at::TensorIteratorBase &, const T1 &)::[lambda(int) (instance 1)]>(int, T3)"
3609652,3618350,0,112,85,18953.6,15657.5,12158,132802,16410.3,15401.3,12358.5,8075,132802,17083.8,1041.8,1204.0,4,2241,559.7,3011.2,2832.0,2464,3712,393.8,cudaLaunchKernel,"void at::native::vectorized_elementwise_kernel<(int)4, at::native::BinaryFunctor<unsigned char, unsigned char, bool, at::native::<unnamed>::CompareEqFunctor<unsigned char>>, std::array<char *, (unsigned long)3>>(int, T2, T3)"
3609652,3609652,0,4,4,18951.0,13007.0,11606,38184,12855.7,14858.3,9222.5,6843,34145,12908.4,1908.8,2009.0,1030,2587,646.3,2184.0,2192.0,2048,2304,105.7,cudaLaunchKernel,"void at_cuda_detail::cub::detail::reduce::DeviceReduceSingleTileKernel<at_cuda_detail::cub::detail::reduce::policy_hub<int, unsigned long long, cuda::std::__4::plus<void>>::Policy1000, int *, int *, int, cuda::std::__4::plus<void>, int, int, cuda::std::__4::identity>(T2, T3, T4, T5, T6, T8)"
3609652,3609652,0,144,128,18862.4,11710.5,11166,909845,74811.6,14162.8,6723.0,6092,907159,75000.8,1834.4,1864.5,235,2471,309.0,3184.2,3104.0,2944,3936,176.9,cudaLaunchKernel,"void at::native::vectorized_elementwise_kernel<(int)4, at::native::cos_kernel_cuda(at::TensorIteratorBase &)::[lambda() (instance 2)]::operator ()() const::[lambda() (instance 2)]::operator ()() const::[lambda(float) (instance 1)], std::array<char *, (unsigned long)2>>(int, T2, T3)"
3609652,3618350,0,2,2,18809.0,18809.0,14366,23252,6283.4,11933.0,11933.0,4439,19427,10598.1,5164.0,5164.0,2097,8231,4337.4,1712.0,1712.0,1696,1728,22.6,cudaLaunchKernel,"void scale_max<double, (int)32, (int)128, (int)0>(long, long, T1 *, T1 *, T1 *, int *)"
3609652,3618350,0,112,103,18693.5,15855.5,11220,106603,13884.0,12575.3,9979.5,7033,106603,14623.1,1128.2,1196.0,8,2075,574.6,5316.6,3712.0,2496,8480,2587.0,cudaLaunchKernel,"void at::native::vectorized_elementwise_kernel<(int)4, at::native::AUnaryFunctor<unsigned char, unsigned char, unsigned char, at::native::binary_internal::MulFunctor<unsigned char>>, std::array<char *, (unsigned long)2>>(int, T2, T3)"
3609652,3618350,0,2,2,18459.0,18459.0,10301,26617,11537.2,13250.5,13250.5,4880,21621,11837.7,2552.5,2552.5,2340,2765,300.5,2656.0,2656.0,2656,2656,0.0,cudaLaunchKernel,"void ormqr_cta_kernel<double, (int)4, (int)1>(long, long, long, const T1 *, long, long, const T1 *, long, T1 *, long, long, long, long, long, int)"
3609652,3609652,0,126,96,18368.4,17956.0,15834,25634,1928.2,11802.3,10905.5,9268,23786,2398.6,991.2,1087.0,5,1972,431.3,6030.0,6016.0,5248,6848,708.6,cuLaunchKernel,void cutlass::Kernel2<cutlass_80_wmma_tensorop_f16_s161616gemm_f16_32x32_128x1_nn_align8>(T1::Params)
3609652,3618350,0,336,269,18296.9,14438.0,12552,203938,18644.7,14810.6,10470.0,8266,203938,19307.6,1189.0,1224.0,49,2144,415.7,2793.5,2752.0,2368,3424,276.9,cudaLaunchKernel,"void at::native::vectorized_elementwise_kernel<(int)4, at::native::AUnaryFunctor<unsigned char, unsigned char, bool, at::native::<unnamed>::CompareEqFunctor<unsigned char>>, std::array<char *, (unsigned long)2>>(int, T2, T3)"
3609652,3609652,0,144,134,18231.8,11150.5,10403,927627,76348.2,13256.9,5941.0,5250,925012,76560.6,2110.0,2198.0,163,2728,400.0,3083.1,3008.0,2816,3776,210.4,cudaLaunchKernel,"void at::native::vectorized_elementwise_kernel<(int)4, at::native::sin_kernel_cuda(at::TensorIteratorBase &)::[lambda() (instance 2)]::operator ()() const::[lambda() (instance 2)]::operator ()() const::[lambda(float) (instance 1)], std::array<char *, (unsigned long)2>>(int, T2, T3)"
3609652,3609652,0,126,80,18157.9,17869.5,15761,23305,1534.0,12396.3,11647.5,9949,22142,1963.0,792.5,817.5,3,2496,412.1,5661.5,5648.5,4992,6368,615.5,cudaLaunchKernel,ampere_fp16_s16816gemm_fp16_128x64_ldg8_f2f_stages_32x6_tn
3609652,3618350,0,2,2,18093.5,18093.5,10104,26083,11298.9,13676.0,13676.0,5109,22243,12115.6,2161.5,2161.5,1632,2691,748.8,2256.0,2256.0,2208,2304,67.9,cudaLaunchKernel,"void lascl_kernel<double, double, (int)8>(long, long, T1 *, long, long, T2 *, int, int)"
3609652,3618350,0,8,7,17921.3,12128.0,10844,57811,16143.6,14430.0,8215.5,6592,55997,16847.2,1820.0,1924.0,1192,2268,441.5,1908.0,1888.0,1856,1984,48.2,cudaLaunchKernel,"void at::native::elementwise_kernel<(int)128, (int)2, void at::native::gpu_kernel_impl_nocast<at::native::direct_copy_kernel_cuda(at::TensorIteratorBase &)::[lambda() (instance 3)]::operator ()() const::[lambda() (instance 6)]::operator ()() const::[lambda(double) (instance 1)]>(at::TensorIteratorBase &, const T1 &)::[lambda(int) (instance 1)]>(int, T3)"
3609652,3618350,0,2,2,17745.5,17745.5,11217,24274,9232.7,13365.5,13365.5,6312,20419,9975.2,1980.0,1980.0,1455,2505,742.5,2400.0,2400.0,2400,2400,0.0,cudaLaunchKernel,"void lascl_kernel<float, float, (int)8>(long, long, T1 *, long, long, T2 *, int, int)"
3609652,3609652,0,16,16,17692.7,14741.0,13162,56878,10575.2,10615.6,7659.0,6162,49705,10529.7,2123.1,2095.0,1737,2661,272.3,4954.0,4928.0,4512,5312,224.2,cudaLaunchKernel,"void at::native::<unnamed>::write_indices<long>(long *, at::native::<unnamed>::TensorDims<T1>, int, T1, long *, long)"
3609652,3618350,0,2,2,17638.0,17638.0,10770,24506,9712.8,13440.5,13440.5,5300,21581,11512.4,2469.5,2469.5,1197,3742,1799.6,1728.0,1728.0,1728,1728,0.0,cudaLaunchKernel,"void scale_max<float, (int)32, (int)128, (int)0>(long, long, T1 *, T1 *, T1 *, int *)"
3609652,3618350,0,2,1,17563.0,17563.0,9735,25391,11070.5,14923.0,14923.0,5119,24727,13864.9,2440.0,2440.0,2440,2440,0.0,2304.0,2304.0,2176,2432,181.0,cudaLaunchKernel,"void epilogue<sytrd_params<double, (int)32, (int)8, (int)512, (int)32, (int)16, (int)1, (int)2>, (int)128, (int)1, (int)1>(int, int, T1::data_type *, int, int, T1::pod_type *, int, T1::pod_type *, int, T1::data_type *, int, T1::data_type *, int, int)"
3609652,3609652,0,63,29,17356.8,17021.0,15330,22762,1388.4,12120.3,11883.0,8947,16812,1734.7,776.4,905.0,22,1532,494.5,5148.5,5152.0,5024,5248,46.0,cuLaunchKernel,void cutlass::Kernel2<cutlass_75_wmma_tensorop_f16_s161616gemm_f16_32x32_32x1_nn_align1>(T1::Params)
3609652,3609652,0,144,126,17086.1,16119.0,14954,63722,4412.0,13764.5,12499.0,11251,63722,4845.1,799.6,834.5,59,1410,259.9,2795.1,2816.0,1888,3392,185.1,cuLaunchKernelEx,_bmm_outer_product_kernel
3609652,3618350,0,117,64,16980.9,14435.0,11873,102155,12984.8,14780.0,12074.0,8556,102155,13531.0,1082.4,1125.5,10,1745,360.3,2074.3,2080.0,1760,2304,82.8,cudaLaunchKernel,"void at::native::unrolled_elementwise_kernel<at::native::<unnamed>::CompareFunctor<c10::Half>, std::array<char *, (unsigned long)3>, (int)4, TrivialOffsetCalculator<(int)2, unsigned int>, TrivialOffsetCalculator<(int)1, unsigned int>, at::native::memory::LoadWithoutCast, at::native::memory::StoreWithoutCast>(int, T1, T2, T4, T5, T6, T7)"
3609652,3618350,0,2,1,16720.0,16720.0,8889,24551,11074.7,14668.0,14668.0,5090,24246,13545.3,2519.0,2519.0,2519,2519,0.0,1264.0,1264.0,1248,1280,22.6,cudaLaunchKernel,"void orgqr_step1_kernel<double, (int)5, (int)3>(int, int, int, T1 *, int)"
3609652,3618350,0,112,103,16677.0,15034.0,11331,55590,6770.6,13684.1,11942.5,7565,54473,7346.9,1253.6,1256.0,110,2387,548.6,1916.3,1888.0,1760,2208,102.7,cudaLaunchKernel,"void at::native::vectorized_elementwise_kernel<(int)4, at::native::<unnamed>::launch_clamp_scalar(at::TensorIteratorBase &, c10::Scalar, c10::Scalar, at::native::detail::ClampLimits)::[lambda() (instance 1)]::operator ()() const::[lambda() (instance 7)]::operator ()() const::[lambda(float) (instance 1)], std::array<char *, (unsigned long)2>>(int, T2, T3)"
3609652,3618350,0,5753,5446,16548.9,11095.0,8847,2461731,48203.2,9517.6,7664.0,5079,2461731,41906.2,5112.4,1702.0,9,185906,21700.5,2240.8,1664.0,1504,65888,5632.9,cudaLaunchKernel,"void at::native::vectorized_elementwise_kernel<(int)2, at::native::AUnaryFunctor<long, long, long, at::native::binary_internal::MulFunctor<long>>, std::array<char *, (unsigned long)2>>(int, T2, T3)"
3609652,3611918,0,8,7,16289.8,13994.0,12777,26432,4907.3,11412.8,8586.0,7213,21110,6012.5,1957.7,1790.0,1698,2698,348.6,3644.0,3616.0,3520,3840,120.3,cudaLaunchKernel,"void at_cuda_detail::cub::detail::radix_sort::DeviceRadixSortHistogramKernel<at_cuda_detail::cub::detail::radix::policy_hub<long, at::cuda::cub::detail::OpaqueType<(int)8>, unsigned long long>::Policy1000, (at_cuda_detail::cub::SortOrder)0, long, unsigned long long, at_cuda_detail::cub::detail::identity_decomposer_t>(T4 *, const T3 *, T4, int, int, T5)"
3609652,3618350,0,63840,62670,16238.4,15360.0,14094,2440720,18807.6,5624.3,4859.0,4158,2435681,18661.4,2311.7,2242.0,1,195044,2750.3,8378.6,8192.0,7744,10656,620.2,cudaLaunchKernel,"void batch_trsm_left_kernel<float, (int)64, (int)4, (int)3, (bool)0, (bool)0, (bool)1>(cublasTrsmBatchParams2<T1>, T1, const T1 *, int)"
3609652,3609652,0,63,63,16031.9,15477.0,12126,63644,6308.0,10550.3,10180.0,6672,59213,6489.2,1749.8,1869.0,594,2592,491.8,3731.8,3744.0,3680,3776,22.6,cudaLaunchKernel,"void <unnamed>::softmax_warp_forward<c10::Half, float, float, (int)6, (bool)0, (bool)0, (int)32>(T2 *, const T1 *, int, int, int, const bool *, int, bool)"
3609652,3618350,0,2,1,15632.0,15632.0,9419,21845,8786.5,12814.5,12814.5,4749,20880,11406.3,3134.0,3134.0,3134,3134,0.0,1536.0,1536.0,1536,1536,0.0,cudaLaunchKernel,"void batch_eye_kernel<double, (int)5, (int)3>(long, long, T1 *, unsigned long, long long, int)"
3609652,3609652,0,331,326,15621.0,14525.0,13417,72262,4310.9,7579.2,6963.0,5881,53131,2871.5,1911.6,2019.5,13,2911,416.6,6175.3,5568.0,5408,18528,2743.5,cudaLaunchKernel,"void <unnamed>::softmax_warp_forward<c10::Half, float, float, (int)7, (bool)0, (bool)0, (int)32>(T2 *, const T1 *, int, int, int, const bool *, int, bool)"
3609652,3618350,0,3608,3447,15444.3,11481.0,9262,2954550,54343.9,8151.9,6372.0,5270,2954550,51878.4,4634.0,2167.0,7,151639,16814.3,2902.0,2944.0,1792,3296,261.2,cudaLaunchKernel,"void at::native::elementwise_kernel<(int)128, (int)2, void at::native::gpu_kernel_impl_nocast<at::native::CUDAFunctor_add<long>>(at::TensorIteratorBase &, const T1 &)::[lambda(int) (instance 1)]>(int, T3)"
3609652,3618350,0,2,2,15301.0,15301.0,9259,21343,8544.7,11386.5,11386.5,4849,17924,9245.4,2410.5,2410.5,1915,2906,700.7,1504.0,1504.0,1504,1504,0.0,cudaLaunchKernel,"void cuds_scal_batch_kernel<double, (int)256>(int, const T1 *, T1 *, long long)"
3609652,3611918,0,16,15,14643.5,13133.0,11073,37817,6238.8,10866.9,9142.5,6563,33844,6257.6,1383.0,1572.0,319,2073,579.4,2486.0,2464.0,2240,2816,152.7,cudaLaunchKernel,"void at::native::vectorized_elementwise_kernel<(int)2, at::native::CUDAFunctor_add<long>, std::array<char *, (unsigned long)3>>(int, T2, T3)"
3609652,3611918,0,16,13,14342.9,13913.0,13002,18635,1437.2,8441.8,7329.0,6372,18635,3053.6,1967.2,1904.0,1094,3192,524.1,4826.0,4800.0,4640,5024,132.8,cudaLaunchKernel,"void at::native::<unnamed>::write_indices<long>(long *, at::native::<unnamed>::TensorDims<T1>, int, T1, long *, long)"
3609652,3609652,0,28816,27845,14166.3,12713.0,10458,1539031,19222.5,8673.4,7554.0,6152,1535506,19199.1,1802.5,1843.0,14,14610,293.6,3807.4,3232.0,2304,35328,2095.1,cudaLaunchKernel,"void at::native::vectorized_gather_kernel<(int)16, long>(char *, char *, T2 *, int, long, long, long, long, bool)"
3609652,3611918,0,16,13,14108.2,13505.0,12404,18405,1731.5,11344.0,10335.0,8816,18405,2733.1,1647.6,1693.0,640,2077,380.3,1686.0,1712.0,1408,1888,132.6,cudaLaunchKernel,"void at_cuda_detail::cub::detail::scan::DeviceCompactInitKernel<at_cuda_detail::cub::ScanTileState<int, (bool)1>, int *>(T1, int, T2)"
3609652,3609652,0,30336,29212,13933.6,12712.0,10470,2200144,30668.7,10223.2,8897.0,6933,2198890,30758.4,1431.6,1460.0,3,12928,328.9,2392.6,2336.0,1824,5696,373.9,cudaLaunchKernel,"void at::native::vectorized_elementwise_kernel<(int)4, void at::native::compare_scalar_kernel<c10::Half>(at::TensorIteratorBase &, at::native::<unnamed>::OpType, T1)::[lambda(c10::Half) (instance 1)], std::array<char *, (unsigned long)2>>(int, T2, T3)"
3609652,3611918,0,8,8,13803.8,11306.0,10925,29298,6295.5,8971.0,6568.0,6141,25068,6531.3,2408.8,2183.0,1862,3929,646.2,2424.0,2432.0,2272,2528,86.8,cudaLaunchKernel,"void at_cuda_detail::cub::detail::radix_sort::DeviceRadixSortExclusiveSumKernel<at_cuda_detail::cub::detail::radix::policy_hub<long, at::cuda::cub::detail::OpaqueType<(int)8>, unsigned long long>::Policy1000, unsigned long long>(T2 *)"
3609652,3609652,0,144,127,13632.8,12642.0,11635,62591,4518.9,7667.6,6407.5,5951,56307,4568.1,2130.8,2159.0,520,3259,313.6,4208.9,3968.0,3392,16800,1271.6,cudaLaunchKernel,"void at::native::elementwise_kernel<(int)128, (int)4, void at::native::gpu_kernel_impl_nocast<at::native::<unnamed>::CompareFunctor<long>>(at::TensorIteratorBase &, const T1 &)::[lambda(int) (instance 1)]>(int, T3)"
3609652,3618350,0,4,4,13582.5,10278.0,9093,24681,7421.3,9405.5,6202.0,4719,20499,7439.9,2521.0,2630.0,2074,2750,310.3,1656.0,1664.0,1632,1664,16.0,cudaLaunchKernel,"void lacpy_kernel<double, double, (int)5, (int)3>(long, long, const T1 *, long, long, T2 *, long, long, int, int)"
3609652,3611918,0,32,29,13352.5,11769.0,9896,39691,5487.6,9339.7,7163.5,5070,37842,6223.6,1866.0,1840.0,267,3112,803.7,2354.0,2320.0,1888,2784,182.5,cudaLaunchKernel,"void at::native::vectorized_elementwise_kernel<(int)2, at::native::AUnaryFunctor<long, long, long, at::native::binary_internal::MulFunctor<long>>, std::array<char *, (unsigned long)2>>(int, T2, T3)"
3609652,3609652,0,160,145,13351.1,12887.5,10603,40731,2708.6,9289.8,8676.5,5441,38293,3099.2,1782.1,1768.0,182,2781,370.0,2551.2,2688.0,1888,3104,359.5,cudaLaunchKernel,"void at::native::elementwise_kernel<(int)128, (int)2, void at::native::gpu_kernel_impl_nocast<at::native::direct_copy_kernel_cuda(at::TensorIteratorBase &)::[lambda() (instance 3)]::operator ()() const::[lambda() (instance 4)]::operator ()() const::[lambda(long) (instance 1)]>(at::TensorIteratorBase &, const T1 &)::[lambda(int) (instance 1)]>(int, T3)"
3609652,3611918,0,16,16,13153.3,13054.5,11265,15831,1184.7,6991.4,6708.0,6022,9548,851.6,2257.9,2234.0,1803,2654,271.6,3904.0,3776.0,3008,4736,731.7,cudaLaunchKernel,"void at_cuda_detail::cub::detail::select::DeviceSelectSweepKernel<at_cuda_detail::cub::detail::select::policy_hub<long, bool, int, (bool)0, (at_cuda_detail::cub::SelectImpl)0>::Policy1000, thrust::_V_300200_SM_750_800_860_900_1000_1200::counting_iterator<long, thrust::_V_300200_SM_750_800_860_900_1000_1200::use_default, thrust::_V_300200_SM_750_800_860_900_1000_1200::use_default, thrust::_V_300200_SM_750_800_860_900_1000_1200::use_default, thrust::_V_300200_SM_750_800_860_900_1000_1200::compile_time_value<(int)1>>, thrust::_V_300200_SM_750_800_860_900_1000_1200::transform_iterator<at::native::<unnamed>::NonZeroOp<bool>, const bool *, thrust::_V_300200_SM_750_800_860_900_1000_1200::use_default, thrust::_V_300200_SM_750_800_860_900_1000_1200::use_default>, long *, int *, at_cuda_detail::cub::ScanTileState<int, (bool)1>, at_cuda_detail::cub::NullType, at_cuda_detail::cub::NullType, int, at_cuda_detail::cub::detail::select::streaming_context_t<long, (bool)1>, (at_cuda_detail::cub::SelectImpl)0>(T2, T3, T4, T5, T6, T7, T8, T9, int, T10, at_cuda_detail::cub::detail::vsmem_t)"
3609652,3609652,0,144,129,13139.5,12744.5,11968,39705,2401.1,10847.6,10234.0,9387,39705,2751.0,1058.0,1073.0,276,1789,241.9,1467.8,1504.0,1376,1536,48.6,cudaLaunchKernel,"void at::native::vectorized_elementwise_kernel<(int)4, at::native::FillFunctor<c10::Half>, std::array<char *, (unsigned long)1>>(int, T2, T3)"
3609652,3611918,0,16,16,12842.8,12909.5,11285,14646,785.5,9233.2,9272.5,7424,11382,909.5,1705.6,1719.5,1102,2119,258.0,1904.0,1904.0,1824,2016,62.9,cudaLaunchKernel,"void <unnamed>::elementwise_kernel_with_index<int, at::native::arange_cuda_out(const c10::Scalar &, const c10::Scalar &, const c10::Scalar &, at::Tensor &)::[lambda() (instance 1)]::operator ()() const::[lambda() (instance 4)]::operator ()() const::[lambda(long) (instance 1)]>(T1, T2, function_traits<T2>::result_type *)"
3609652,3618350,0,124466,121104,12456.7,10663.0,8440,2362962,29440.6,8664.8,6973.0,4839,2362962,28927.7,1960.8,1863.0,0,195843,4336.0,1917.8,1792.0,1568,46272,2160.8,cudaLaunchKernel,"void at::native::vectorized_elementwise_kernel<(int)4, void at::native::compare_scalar_kernel<long>(at::TensorIteratorBase &, at::native::<unnamed>::OpType, T1)::[lambda(long) (instance 1)], std::array<char *, (unsigned long)2>>(int, T2, T3)"
3609652,3618350,0,4,3,12425.0,11619.0,10586,15876,2351.6,7328.8,5956.0,4719,12684,3618.9,2499.0,2484.0,2346,2667,161.0,3248.0,3248.0,3200,3296,55.4,cuLaunchKernel,void cutlass::Kernel2<cutlass_80_tensorop_d884gemm_32x32_16x5_nn_align1>(T1::Params)
3609652,3609652,0,720,675,12405.5,10191.0,8946,1006022,37182.2,8988.5,6682.5,4899,1005276,37313.7,1998.1,2111.0,27,2975,415.3,1597.7,1728.0,1248,2112,207.9,cudaLaunchKernel,"void <unnamed>::elementwise_kernel_with_index<int, at::native::arange_cuda_out(const c10::Scalar &, const c10::Scalar &, const c10::Scalar &, at::Tensor &)::[lambda() (instance 1)]::operator ()() const::[lambda() (instance 4)]::operator ()() const::[lambda(long) (instance 1)]>(T1, T2, function_traits<T2>::result_type *)"
3609652,3618350,0,81920,80043,12358.3,11108.0,9616,2652143,24750.1,7499.9,6142.0,5090,2652143,24856.6,2210.4,2210.0,1,21735,508.6,2726.0,2720.0,2272,3328,163.9,cudaLaunchKernel,"void at::native::unrolled_elementwise_kernel<at::native::BinaryFunctor<float, float, float, at::native::maximum_kernel_cuda(at::TensorIteratorBase &)::[lambda() (instance 2)]::operator ()() const::[lambda() (instance 2)]::operator ()() const::[lambda(float, float) (instance 1)]>, std::array<char *, (unsigned long)3>, (int)4, TrivialOffsetCalculator<(int)2, unsigned int>, TrivialOffsetCalculator<(int)1, unsigned int>, at::native::memory::LoadWithCast<(int)2>, at::native::memory::StoreWithCast<(int)1>>(int, T1, T2, T4, T5, T6, T7)"
3609652,3618350,0,28,26,11935.3,9524.0,8384,57797,9301.9,8543.7,6021.0,4258,57089,9949.3,2267.5,2218.5,1087,5937,880.6,1323.4,1312.0,1216,1632,81.8,cudaLaunchKernel,"copy_info_kernel(int, int *)"
3609652,3618350,0,123109,120208,11433.4,10224.0,8846,2257010,26823.9,7176.5,5891.0,4729,2257010,26912.5,2085.2,2072.0,0,190529,911.8,2249.8,2240.0,1632,2400,42.5,cudaLaunchKernel,"void at::native::vectorized_elementwise_kernel<(int)4, at::native::AUnaryFunctor<c10::Half, c10::Half, bool, at::native::<unnamed>::CompareEqFunctor<c10::Half>>, std::array<char *, (unsigned long)2>>(int, T2, T3)"
3609652,3618350,0,41753,40777,11377.5,9631.0,8350,2424359,29123.9,7116.3,5711.0,4789,2424359,28235.0,2543.3,2144.0,2,173790,7109.1,1801.4,1728.0,1568,14368,700.9,cudaLaunchKernel,"void at::native::vectorized_elementwise_kernel<(int)4, at::native::BinaryFunctor<bool, bool, bool, at::native::BitwiseOrFunctor<bool>>, std::array<char *, (unsigned long)3>>(int, T2, T3)"
3609652,3609652,0,28688,27889,11179.2,10157.0,8706,1552369,20609.2,6364.0,5240.0,4288,1548540,20702.0,2295.5,2221.0,3,12638,467.1,2618.4,2560.0,2304,5472,192.4,cudaLaunchKernel,"void at_cuda_detail::cub::detail::select::DeviceSelectSweepKernel<at_cuda_detail::cub::detail::select::policy_hub<long, bool, int, (bool)0, (at_cuda_detail::cub::SelectImpl)0>::Policy1000, thrust::_V_300200_SM_750_800_860_900_1000_1200::counting_iterator<long, thrust::_V_300200_SM_750_800_860_900_1000_1200::use_default, thrust::_V_300200_SM_750_800_860_900_1000_1200::use_default, thrust::_V_300200_SM_750_800_860_900_1000_1200::use_default, thrust::_V_300200_SM_750_800_860_900_1000_1200::compile_time_value<(int)1>>, thrust::_V_300200_SM_750_800_860_900_1000_1200::transform_iterator<at::native::<unnamed>::NonZeroOp<bool>, const bool *, thrust::_V_300200_SM_750_800_860_900_1000_1200::use_default, thrust::_V_300200_SM_750_800_860_900_1000_1200::use_default>, long *, int *, at_cuda_detail::cub::ScanTileState<int, (bool)1>, at_cuda_detail::cub::NullType, at_cuda_detail::cub::NullType, int, at_cuda_detail::cub::detail::select::streaming_context_t<long, (bool)1>, (at_cuda_detail::cub::SelectImpl)0>(T2, T3, T4, T5, T6, T7, T8, T9, int, T10, at_cuda_detail::cub::detail::vsmem_t)"
3609652,3618350,0,123109,120333,11176.2,9752.0,8559,31561888,93723.7,6641.1,5130.0,4308,31561704,93761.3,2342.2,2323.0,0,16018,477.7,2269.6,2272.0,1632,2401,38.2,cudaLaunchKernel,"void at::native::vectorized_elementwise_kernel<(int)4, at::native::BinaryFunctor<c10::Half, c10::Half, bool, at::native::<unnamed>::CompareEqFunctor<c10::Half>>, std::array<char *, (unsigned long)3>>(int, T2, T3)"
3609652,3609652,0,28688,27762,11093.0,10077.0,8230,2405199,21979.4,7928.9,6823.0,5460,2404101,22072.2,1873.1,1901.0,5,16894,339.4,1386.9,1344.0,1184,1984,163.7,cudaLaunchKernel,"void at_cuda_detail::cub::detail::scan::DeviceCompactInitKernel<at_cuda_detail::cub::ScanTileState<int, (bool)1>, int *>(T1, int, T2)"
3609652,3609652,0,128,120,10907.2,9894.0,9256,101359,8142.7,7088.3,5861.0,5470,99920,8391.7,2071.7,2121.0,58,2432,286.0,1914.0,1920.0,1696,2464,116.0,cudaLaunchKernel,"void at::native::vectorized_elementwise_kernel<(int)4, at::native::BinaryFunctor<bool, bool, bool, at::native::BitwiseOrFunctor<bool>>, std::array<char *, (unsigned long)3>>(int, T2, T3)"
3609652,3618350,0,1692,1648,10194.1,9964.0,8713,26280,1156.7,6330.2,5951.0,4949,26280,1369.3,2104.5,2195.0,46,4700,414.9,1826.2,1824.0,1568,2272,133.9,cudaLaunchKernel,"void at::native::vectorized_elementwise_kernel<(int)2, at::native::CUDAFunctor_add<long>, std::array<char *, (unsigned long)3>>(int, T2, T3)"
