NVTX Range,Style,PID,TID,NVTX Inst,Kern Inst,Total Time (ns),Avg (ns),Med (ns),Min (ns),Max (ns),StdDev (ns),Kernel Name
,,2264054,2265402,0,224,7810750320,34869421.1,6573942.0,769468,102168860,43102978.9,ampere_sgemm_128x128_tn
,,2264054,2265402,0,448,5961304955,13306484.3,3123766.5,129344,101237874,25464785.0,ampere_sgemm_128x128_nt
,,2264054,2265402,0,384,171557333,446763.9,333183.0,18880,1198778,331030.7,ampere_fp16_s16816gemm_fp16_256x128_ldg8_f2f_stages_32x3_nn
,,2264054,2265402,0,448,132029758,294709.3,78543.5,7584,1142909,440530.3,"void at::native::reduce_kernel<(int)128, (int)4, at::native::ReduceOp<float, at::native::func_wrapper_t<float, at::native::sum_functor<float, float, float>::operator ()(at::TensorIterator &)::[lambda(float, float) (instance 1)]>, unsigned int, float, (int)4, (int)4>>(T3)"
,,2264054,2265402,0,1840,129762901,70523.3,17712.0,1792,2257077,234006.8,"void at::native::vectorized_elementwise_kernel<(int)4, at::native::BinaryFunctor<float, float, float, at::native::binary_internal::MulFunctor<float>>, std::array<char *, (unsigned long)3>>(int, T2, T3)"
,,2264054,2265402,0,189,127682937,675571.1,225952.0,163423,15974514,1755132.3,ampere_fp16_s16816gemm_fp16_256x128_ldg8_f2f_stages_64x3_nn
,,2264054,2265402,0,256,125601170,490629.6,182959.0,47520,2014774,622781.6,void cutlass::Kernel2<cutlass_75_tensorop_f16_s1688gemm_f16_64x64_tn_align1>(T1::Params)
,,2264054,2265402,0,1744,123373375,70741.6,26096.0,4864,1775767,188315.6,"void at::native::unrolled_elementwise_kernel<at::native::direct_copy_kernel_cuda(at::TensorIteratorBase &)::[lambda() (instance 3)]::operator ()() const::[lambda() (instance 7)]::operator ()() const::[lambda(float) (instance 1)], std::array<char *, (unsigned long)2>, (int)4, TrivialOffsetCalculator<(int)1, unsigned int>, TrivialOffsetCalculator<(int)1, unsigned int>, at::native::memory::LoadWithCast<(int)1>, at::native::memory::StoreWithCast<(int)1>>(int, T1, T2, T4, T5, T6, T7)"
,,2264054,2265402,0,16,108094255,6755890.9,6739375.0,6738271,6803614,26846.0,"void at::native::<unnamed>::cunn_SoftMaxForward<(int)8, c10::Half, float, float, at::native::<unnamed>::SoftMaxForwardEpilogue>(T4 *, const T2 *, int)"
,,2264054,2265402,0,576,107447168,186540.2,111679.5,34016,1217338,260500.2,ampere_fp16_s16816gemm_fp16_128x128_ldg8_f2f_stages_32x5_tn
,,2264054,2265402,0,224,107094827,478101.9,448030.5,276127,730493,148942.6,ampere_fp16_s16816gemm_fp16_128x256_ldg8_f2f_stages_64x3_tn
,,2264054,2265402,0,608,100103722,164644.3,111088.0,28320,749917,180347.7,ampere_fp16_s16816gemm_fp16_128x128_ldg8_f2f_stages_32x5_nn
,,2264054,2265402,0,1315,79891887,60754.3,12448.0,4032,1468698,174525.4,"void at::native::vectorized_elementwise_kernel<(int)4, at::native::float16_copy_kernel_cuda(at::TensorIteratorBase &)::[lambda(float) (instance 1)], std::array<char *, (unsigned long)2>>(int, T2, T3)"
,,2264054,2265402,0,256,79061180,308832.7,127983.0,30912,1245594,381095.0,void cutlass::Kernel2<cutlass_75_tensorop_f16_s1688gemm_f16_64x64_nn_align1>(T1::Params)
,,2264054,2265402,0,768,75646159,98497.6,23648.0,5184,1596569,247432.8,"void at::native::elementwise_kernel<(int)128, (int)4, void at::native::gpu_kernel_impl_nocast<at::native::CUDAFunctor_add<c10::Half>>(at::TensorIteratorBase &, const T1 &)::[lambda(int) (instance 1)]>(int, T3)"
,,2264054,2265402,0,3088,64520498,20893.9,14624.0,4608,91328,17641.9,"void at::native::elementwise_kernel<(int)128, (int)4, void at::native::gpu_kernel_impl_nocast<at::native::BinaryFunctor<c10::Half, c10::Half, c10::Half, at::native::binary_internal::MulFunctor<float>>>(at::TensorIteratorBase &, const T1 &)::[lambda(int) (instance 1)]>(int, T3)"
,,2264054,2265402,0,3072,62097334,20214.0,14528.0,3935,90943,17992.1,"void at::native::elementwise_kernel<(int)128, (int)4, void at::native::gpu_kernel_impl_nocast<at::native::direct_copy_kernel_cuda(at::TensorIteratorBase &)::[lambda() (instance 3)]::operator ()() const::[lambda() (instance 10)]::operator ()() const::[lambda(c10::Half) (instance 1)]>(at::TensorIteratorBase &, const T1 &)::[lambda(int) (instance 1)]>(int, T3)"
,,2264054,2265402,0,948,59107180,62349.3,24064.0,3424,376478,103767.2,"void at::native::vectorized_elementwise_kernel<(int)4, at::native::CUDAFunctor_add<float>, std::array<char *, (unsigned long)3>>(int, T2, T3)"
,,2264054,2265402,0,512,58875131,114990.5,43872.0,5696,756412,182269.3,"void at::native::vectorized_elementwise_kernel<(int)4, at::native::AUnaryFunctor<c10::Half, c10::Half, c10::Half, at::native::binary_internal::MulFunctor<float>>, std::array<char *, (unsigned long)2>>(int, T2, T3)"
,,2264054,2265402,0,768,55326102,72039.2,53167.5,18432,233023,52534.1,"void at::native::vectorized_elementwise_kernel<(int)4, at::native::BinaryFunctor<c10::Half, c10::Half, c10::Half, at::native::binary_internal::MulFunctor<float>>, std::array<char *, (unsigned long)3>>(int, T2, T3)"
,,2264054,2265402,0,16,48577726,3036107.9,2420824.0,854142,7710617,1933513.0,"void at::native::<unnamed>::cunn_SoftMaxBackward<(int)4, float, float, float, at::native::<unnamed>::LogSoftMaxBackwardEpilogue>(T2 *, const T4 *, const T4 *, long)"
,,2264054,2265402,0,128,43463457,339558.3,162959.0,53408,1215194,367050.0,void cutlass::Kernel2<cutlass_75_tensorop_f16_s1688gemm_f16_256x128_nt_align1>(T1::Params)
,,2264054,2265402,0,16,38895235,2430952.2,2428116.0,2426197,2441684,5569.9,"void at::native::<unnamed>::cunn_SoftMaxBackward<(int)4, c10::Half, float, float, at::native::<unnamed>::SoftMaxBackwardEpilogue>(T2 *, const T4 *, const T4 *, long)"
,,2264054,2265402,0,672,37979249,56516.7,13840.0,2880,316607,87975.0,"void at::native::vectorized_elementwise_kernel<(int)4, at::native::AbsFunctor<float>, std::array<char *, (unsigned long)2>>(int, T2, T3)"
,,2264054,2265402,0,160,35756975,223481.1,222063.0,164384,342079,63442.3,ampere_fp16_s16816gemm_fp16_256x128_ldg8_f2f_stages_64x3_tn
,,2264054,2265402,0,128,35672493,278691.4,196671.0,53120,671037,246551.4,void cutlass::Kernel2<cutlass_80_wmma_tensorop_f16_s161616gemm_f16_32x32_32x1_tn_align2>(T1::Params)
,,2264054,2265402,0,2560,35274511,13779.1,8768.0,2688,62751,13328.4,"void at::native::vectorized_elementwise_kernel<(int)4, at::native::CUDAFunctor_add<c10::Half>, std::array<char *, (unsigned long)3>>(int, T2, T3)"
,,2264054,2265402,0,1040,32974412,31706.2,25664.0,9024,100064,21593.2,"void at::native::elementwise_kernel<(int)128, (int)2, void at::native::gpu_kernel_impl_nocast<at::native::BinaryFunctor<float, float, float, at::native::binary_internal::MulFunctor<float>>>(at::TensorIteratorBase &, const T1 &)::[lambda(int) (instance 1)]>(int, T3)"
,,2264054,2265402,0,128,31291924,244468.2,102079.5,28256,981755,300638.3,void cutlass::Kernel2<cutlass_75_tensorop_f16_s1688gemm_f16_64x64_nt_align1>(T1::Params)
,,2264054,2265402,0,16,30705093,1919068.3,1520698.5,476254,4961192,1272739.7,"void <unnamed>::indexing_backward_kernel<c10::Half, (int)4>(const long *, const long *, const T1 *, T1 *, long, long, long, long, bool)"
,,2264054,2265402,0,48,27883428,580904.8,553949.5,389438,799708,167409.1,"void <unnamed>::softmax_warp_backward<float, c10::Half, float, (int)10, (bool)0, (bool)0, (int)32>(T2 *, const T1 *, const T1 *, int, int, int, const bool *)"
,,2264054,2265402,0,672,25553510,38026.1,12464.0,2400,198015,54731.6,"void at::native::vectorized_elementwise_kernel<(int)4, at::native::BinaryFunctor<float, float, bool, at::native::<unnamed>::CompareEqFunctor<float>>, std::array<char *, (unsigned long)3>>(int, T2, T3)"
,,2264054,2265402,0,672,24365350,36258.0,6240.0,2368,205567,59255.0,"void at::native::vectorized_elementwise_kernel<(int)4, at::native::AUnaryFunctor<float, float, bool, at::native::<unnamed>::CompareEqFunctor<float>>, std::array<char *, (unsigned long)2>>(int, T2, T3)"
,,2264054,2265402,0,448,22869832,51048.7,28192.0,5152,369150,59722.9,"void at::native::elementwise_kernel<(int)128, (int)2, void at::native::gpu_kernel_impl_nocast<at::native::<unnamed>::where_kernel_impl(at::TensorIterator &)::[lambda() (instance 1)]::operator ()() const::[lambda() (instance 3)]::operator ()() const::[lambda(bool, unsigned int, unsigned int) (instance 1)]>(at::TensorIteratorBase &, const T1 &)::[lambda(int) (instance 1)]>(int, T3)"
,,2264054,2265402,0,67,21296610,317859.9,202336.0,199999,3335958,551679.0,ampere_fp16_s16816gemm_fp16_128x256_ldg8_f2f_stages_64x3_nn
,,2264054,2265402,0,48,21175649,441159.4,429774.0,318655,578237,101005.3,"void <unnamed>::softmax_warp_forward<c10::Half, float, float, (int)10, (bool)0, (bool)0, (int)32>(T2 *, const T1 *, int, int, int, const bool *, int, bool)"
,,2264054,2265402,0,256,18672024,72937.6,55808.0,22208,231167,51811.4,"void at::native::vectorized_elementwise_kernel<(int)4, at::native::<unnamed>::silu_backward_kernel(at::TensorIteratorBase &)::[lambda() (instance 1)]::operator ()() const::[lambda() (instance 3)]::operator ()() const::[lambda(c10::Half, c10::Half) (instance 1)], std::array<char *, (unsigned long)3>>(int, T2, T3)"
,,2264054,2265402,0,672,16195174,24100.0,11520.0,6816,100384,28507.0,"void at::native::reduce_kernel<(int)512, (int)1, at::native::ReduceOp<bool, at::native::func_wrapper_t<bool, at::native::and_kernel_cuda(at::TensorIterator &)::[lambda() (instance 1)]::operator ()() const::[lambda() (instance 12)]::operator ()() const::[lambda(bool, bool) (instance 1)]>, unsigned int, bool, (int)4, (int)4>>(T3)"
,,2264054,2265402,0,672,16010764,23825.5,6400.0,2368,136000,36232.4,"void at::native::vectorized_elementwise_kernel<(int)4, at::native::BinaryFunctor<bool, bool, bool, at::native::binary_internal::MulFunctor<bool>>, std::array<char *, (unsigned long)3>>(int, T2, T3)"
,,2264054,2265402,0,512,15586367,30442.1,21647.5,8096,134655,26847.7,"void at::native::<unnamed>::CatArrayBatchedCopy<at::native::<unnamed>::OpaqueType<(unsigned int)2>, unsigned int, (int)4, (int)64, (int)64>(T1 *, at::native::<unnamed>::CatArrInputTensorMetadata<T1, T2, T4, T5>, at::native::<unnamed>::TensorSizeStride<T2, (unsigned int)4>, int, T2)"
,,2264054,2265402,0,80,14934024,186675.3,167615.0,109984,285311,60656.2,"void <unnamed>::softmax_warp_backward<float, c10::Half, float, (int)9, (bool)0, (bool)0, (int)32>(T2 *, const T1 *, const T1 *, int, int, int, const bool *)"
,,2264054,2265402,0,256,13177680,51475.3,39456.0,16096,155551,35138.0,"void at::native::vectorized_elementwise_kernel<(int)4, at::native::<unnamed>::silu_kernel(at::TensorIteratorBase &)::[lambda() (instance 1)]::operator ()() const::[lambda() (instance 5)]::operator ()() const::[lambda(c10::Half) (instance 1)], std::array<char *, (unsigned long)2>>(int, T2, T3)"
,,2264054,2265402,0,528,13166894,24937.3,22448.0,9088,61472,11608.8,"void at::native::reduce_kernel<(int)512, (int)1, at::native::ReduceOp<float, at::native::func_wrapper_t<float, at::native::sum_functor<float, float, float>::operator ()(at::TensorIterator &)::[lambda(float, float) (instance 1)]>, unsigned int, float, (int)4, (int)4>>(T3)"
,,2264054,2265402,0,1056,12956592,12269.5,4080.0,1856,85439,17798.8,"void at::native::vectorized_elementwise_kernel<(int)4, at::native::AUnaryFunctor<float, float, float, at::native::binary_internal::MulFunctor<float>>, std::array<char *, (unsigned long)2>>(int, T2, T3)"
,,2264054,2265402,0,528,11843669,22431.2,17200.0,8512,65344,14304.8,"void at::native::elementwise_kernel<(int)128, (int)2, void at::native::gpu_kernel_impl_nocast<at::native::BUnaryFunctor<float, float, float, at::native::binary_internal::MulFunctor<float>>>(at::TensorIteratorBase &, const T1 &)::[lambda(int) (instance 1)]>(int, T3)"
,,2264054,2265402,0,512,11452690,22368.5,12720.0,5312,84799,20593.4,"void at::native::vectorized_elementwise_kernel<(int)4, void at::native::<unnamed>::pow_tensor_scalar_kernel_impl<float, float>(at::TensorIteratorBase &, T2)::[lambda(float) (instance 1)], std::array<char *, (unsigned long)2>>(int, T2, T3)"
,,2264054,2265402,0,64,11120270,173754.2,172863.0,115264,232543,55960.0,void cutlass::Kernel2<cutlass_80_tensorop_f16_s16816gemm_f16_64x128_64x3_nn_align2>(T1::Params)
,,2264054,2265402,0,467,10981038,23514.0,1824.0,1280,914365,113927.5,"void at::native::vectorized_elementwise_kernel<(int)4, at::native::FillFunctor<float>, std::array<char *, (unsigned long)1>>(int, T2, T3)"
,,2264054,2265402,0,1041,10862107,10434.3,3776.0,2176,715644,49143.0,"void at::native::vectorized_elementwise_kernel<(int)4, at::native::FillFunctor<c10::Half>, std::array<char *, (unsigned long)1>>(int, T2, T3)"
,,2264054,2265402,0,80,10508504,131356.3,125567.5,85280,188608,35047.7,"void <unnamed>::softmax_warp_forward<c10::Half, float, float, (int)9, (bool)0, (bool)0, (int)32>(T2 *, const T1 *, int, int, int, const bool *, int, bool)"
,,2264054,2265402,0,1024,9921501,9689.0,7088.0,4256,42687,8104.4,"void at::native::elementwise_kernel<(int)128, (int)4, void at::native::gpu_kernel_impl_nocast<at::native::neg_kernel_cuda(at::TensorIteratorBase &)::[lambda() (instance 2)]::operator ()() const::[lambda() (instance 8)]::operator ()() const::[lambda(c10::Half) (instance 1)]>(at::TensorIteratorBase &, const T1 &)::[lambda(int) (instance 1)]>(int, T3)"
,,2264054,2265402,0,512,9542007,18636.7,13984.0,9184,61119,12909.5,"void at::native::reduce_kernel<(int)512, (int)1, at::native::ReduceOp<float, at::native::MeanOps<float, float, float, float>, unsigned int, float, (int)4, (int)4>>(T3)"
,,2264054,2265402,0,64,7910313,123598.6,113776.0,27680,246272,97388.4,void cutlass::Kernel2<cutlass_80_tensorop_f16_s16816gemm_relu_f16_128x128_32x5_nn_align8>(T1::Params)
,,2264054,2265402,0,256,7812513,30517.6,24416.0,10912,84480,18257.1,"void at::native::reduce_kernel<(int)512, (int)1, at::native::ReduceOp<c10::Half, at::native::func_wrapper_t<c10::Half, at::native::sum_functor<c10::Half, float, c10::Half>::operator ()(at::TensorIterator &)::[lambda(float, float) (instance 1)]>, unsigned int, c10::Half, (int)4, (int)8>>(T3)"
,,2264054,2265402,0,112,7283632,65032.4,44432.0,15616,168831,49218.9,sm80_xmma_gemm_f16f16_f16f32_f32_nn_n_tilesize192x128x32_stage3_warpsize4x2x1_tensor16x8x16_execute_kernel__5x_cublas
,,2264054,2265402,0,192,6042346,31470.6,23408.0,16384,65952,17309.0,sm80_xmma_gemm_f16f16_f16f32_f32_nn_n_tilesize96x128x32_stage4_warpsize2x2x1_tensor16x8x16_execute_kernel__5x_cublas
,,2264054,2265402,0,64,5893572,92087.1,71119.5,26015,202495,70995.5,void cutlass::Kernel2<cutlass_80_tensorop_f16_s16816gemm_f16_256x64_32x4_nt_align2>(T1::Params)
,,2264054,2265402,0,64,5851881,91435.6,71136.0,27168,197599,68836.3,void cutlass::Kernel2<cutlass_80_tensorop_f16_s16816gemm_f16_64x256_32x4_nt_align2>(T1::Params)
,,2264054,2265402,0,96,5760626,60006.5,58927.5,35200,90080,18133.4,"void <unnamed>::softmax_warp_backward<float, c10::Half, float, (int)8, (bool)0, (bool)0, (int)32>(T2 *, const T1 *, const T1 *, int, int, int, const bool *)"
,,2264054,2265402,0,64,5362480,83788.8,83456.0,82527,85952,851.4,void cutlass::Kernel2<cutlass_80_tensorop_f16_s16816gemm_relu_f16_128x128_32x4_nn_align8>(T1::Params)
,,2264054,2265402,0,32,5277458,164920.6,165087.0,162144,169695,1865.3,sm80_xmma_gemm_f16f16_f16f32_f32_nn_n_tilesize160x128x32_stage3_warpsize2x2x1_tensor16x8x16_execute_kernel__5x_cublas
,,2264054,2265402,0,96,4892885,50967.6,44191.5,43680,65408,9807.6,sm80_xmma_gemm_f16f16_f16f32_f32_tn_n_tilesize96x128x32_stage4_warpsize2x2x1_tensor16x8x16_execute_kernel__5x_cublas
,,2264054,2265402,0,64,4425425,69147.3,68239.5,33055,108031,35687.9,void cutlass::Kernel2<cutlass_80_tensorop_f16_s16816gemm_relu_f16_128x128_32x5_tn_align8>(T1::Params)
,,2264054,2265402,0,96,4396429,45796.1,44927.5,28128,63039,12326.1,"void <unnamed>::softmax_warp_forward<c10::Half, float, float, (int)8, (bool)0, (bool)0, (int)32>(T2 *, const T1 *, int, int, int, const bool *, int, bool)"
,,2264054,2265402,0,256,4243024,16574.3,14704.0,8960,34752,6187.8,"void at::native::reduce_kernel<(int)128, (int)4, at::native::ReduceOp<c10::Half, at::native::func_wrapper_t<c10::Half, at::native::sum_functor<c10::Half, float, c10::Half>::operator ()(at::TensorIterator &)::[lambda(float, float) (instance 1)]>, unsigned int, c10::Half, (int)4, (int)8>>(T3)"
,,2264054,2265402,0,192,3557907,18530.8,18160.0,17696,20671,785.5,ampere_fp16_s16816gemm_fp16_128x64_ldg8_f2f_stages_64x4_tn
,,2264054,2265402,0,96,2962712,30861.6,30816.0,30112,32064,490.1,ampere_fp16_s16816gemm_fp16_128x128_ldg8_f2f_stages_64x3_tn
,,2264054,2265402,0,64,2789207,43581.4,42560.0,34336,53535,7959.7,void cutlass::Kernel2<cutlass_80_tensorop_f16_s16816gemm_relu_f16_128x128_32x4_tn_align8>(T1::Params)
,,2264054,2265402,0,32,2760535,86266.7,86336.0,84927,87264,600.7,sm80_xmma_gemm_f16f16_f16f32_f32_tn_n_tilesize128x128x32_stage4_warpsize2x2x1_tensor16x8x16_execute_kernel__5x_cublas
,,2264054,2265402,0,32,2535447,79232.7,79120.0,73856,84896,3484.1,ampere_fp16_s16816gemm_fp16_64x128_sliced1x2_ldg8_f2f_stages_64x3_nn
,,2264054,2265402,0,64,2483513,38804.9,38800.0,20384,58271,18027.6,void cutlass::Kernel2<cutlass_80_tensorop_f16_s16816gemm_relu_f16_256x64_32x4_nn_align8>(T1::Params)
,,2264054,2265402,0,32,2289526,71547.7,71567.5,70880,71968,268.4,sm80_xmma_gemm_f16f16_f16f32_f32_tn_n_tilesize160x128x32_stage4_warpsize2x2x1_tensor16x8x16_execute_kernel__5x_cublas
,,2264054,2265402,0,64,2129533,33274.0,33119.5,27680,39328,5309.7,void cutlass::Kernel2<cutlass_80_tensorop_f16_s16816gemm_f16_64x64_32x6_nn_align2>(T1::Params)
,,2264054,2265402,0,48,2125688,44285.2,32207.5,26112,75776,19951.7,void cutlass::Kernel2<cutlass_80_tensorop_f16_s16816gemm_relu_f16_64x256_32x4_nt_align8>(T1::Params)
,,2264054,2265402,0,64,1872441,29256.9,30192.0,25472,36896,3446.4,void cutlass::Kernel2<cutlass_80_tensorop_f16_s16816gemm_relu_f16_64x256_32x4_nn_align8>(T1::Params)
,,2264054,2265402,0,32,1774813,55462.9,55488.0,55168,55680,104.3,ampere_fp16_s16816gemm_fp16_256x128_ldg8_f2f_stages_32x3_tn
,,2264054,2265402,0,32,1451965,45373.9,45360.0,44864,46208,372.8,sm80_xmma_gemm_f16f16_f16f32_f32_tn_n_tilesize192x128x32_stage3_warpsize4x2x1_tensor16x8x16_execute_kernel__5x_cublas
,,2264054,2265402,0,672,1428604,2125.9,2048.0,1664,2848,265.4,"void at::native::vectorized_elementwise_kernel<(int)4, at::native::bitwise_not_kernel_cuda(at::TensorIteratorBase &)::[lambda(bool) (instance 1)], std::array<char *, (unsigned long)2>>(int, T2, T3)"
,,2264054,2265402,0,672,1368864,2037.0,1984.0,1664,2592,162.4,"void at::native::vectorized_elementwise_kernel<(int)4, at::native::BinaryFunctor<bool, bool, bool, at::native::logical_or_kernel_cuda(at::TensorIterator &)::[lambda() (instance 2)]::operator ()() const::[lambda() (instance 9)]::operator ()() const::[lambda(bool, bool) (instance 1)]>, std::array<char *, (unsigned long)3>>(int, T2, T3)"
,,2264054,2265402,0,528,1319222,2498.5,2560.0,1696,3136,303.0,"void at::native::vectorized_elementwise_kernel<(int)4, void at::native::<unnamed>::pow_tensor_scalar_kernel_impl<float, float>(at::TensorIteratorBase &, T2)::[lambda(float) (instance 2)], std::array<char *, (unsigned long)2>>(int, T2, T3)"
,,2264054,2265402,0,16,1231705,76981.6,76719.5,75199,79040,1375.1,void cutlass::Kernel2<cutlass_80_tensorop_f16_s16816gemm_relu_f16_256x64_32x4_nt_align8>(T1::Params)
,,2264054,2265402,0,512,1203997,2351.6,2336.0,1824,3104,216.6,"void at::native::vectorized_elementwise_kernel<(int)4, at::native::CUDAFunctorOnSelf_add<float>, std::array<char *, (unsigned long)2>>(int, T2, T3)"
,,2264054,2265402,0,32,1175263,36727.0,36560.0,35424,38176,901.6,ampere_fp16_s16816gemm_fp16_64x64_ldg8_f2f_tn
,,2264054,2265402,0,512,1165246,2275.9,2272.0,1824,2656,117.6,"void at::native::vectorized_elementwise_kernel<(int)4, at::native::rsqrt_kernel_cuda(at::TensorIteratorBase &)::[lambda() (instance 2)]::operator ()() const::[lambda() (instance 2)]::operator ()() const::[lambda(float) (instance 1)], std::array<char *, (unsigned long)2>>(int, T2, T3)"
,,2264054,2265402,0,32,1008253,31507.9,31216.0,25888,38496,5205.3,ampere_fp16_s16816gemm_fp16_128x64_ldg8_f2f_stages_32x6_nt
,,2264054,2265402,0,32,807294,25227.9,25280.0,24640,26112,400.5,sm80_xmma_gemm_f16f16_f16f32_f32_nn_n_tilesize160x128x32_stage4_warpsize2x2x1_tensor16x8x16_execute_kernel__5x_cublas
,,2264054,2265402,0,32,706590,22080.9,22080.0,21215,23168,376.1,void cutlass::Kernel2<cutlass_80_wmma_tensorop_f16_s161616gemm_f16_32x32_64x1_nn_align2>(T1::Params)
,,2264054,2265402,0,32,689438,21544.9,21504.0,20991,22112,348.0,void cutlass::Kernel2<cutlass_80_wmma_tensorop_f16_s161616gemm_f16_32x32_64x1_tn_align2>(T1::Params)
,,2264054,2265402,0,16,379680,23730.0,23680.0,23584,24128,145.0,void cutlass::Kernel2<cutlass_80_wmma_tensorop_f16_s161616gemm_f16_32x32_32x1_nt_align2>(T1::Params)
,,2264054,2265402,0,16,288287,18017.9,17984.0,17792,18464,166.7,"void <unnamed>::softmax_warp_forward<c10::Half, float, float, (int)7, (bool)0, (bool)0, (int)32>(T2 *, const T1 *, int, int, int, const bool *, int, bool)"
,,2264054,2265402,0,16,285920,17870.0,17824.0,16800,18816,440.0,"void <unnamed>::softmax_warp_backward<float, c10::Half, float, (int)7, (bool)0, (bool)0, (int)32>(T2 *, const T1 *, const T1 *, int, int, int, const bool *)"
,,2264054,2265402,0,16,251680,15730.0,15760.0,15296,16000,225.7,void cutlass::Kernel2<cutlass_80_tensorop_f16_s16816gemm_f16_128x64_64x3_nt_align2>(T1::Params)
,,2264054,2265402,0,26,84576,3252.9,3296.0,2752,3680,220.8,"void at::native::vectorized_elementwise_kernel<(int)2, at::native::BUnaryFunctor<long, long, long, at::native::remainder_kernel_cuda(at::TensorIteratorBase &)::[lambda() (instance 1)]::operator ()() const::[lambda() (instance 4)]::operator ()() const::[lambda(long, long) (instance 1)]>, std::array<char *, (unsigned long)2>>(int, T2, T3)"
,,2264054,2265402,0,16,77568,4848.0,4832.0,4640,5088,113.9,"void at::native::<unnamed>::write_indices<long>(long *, at::native::<unnamed>::TensorDims<T1>, int, T1, long *, long)"
,,2264054,2265402,0,32,74208,2319.0,2304.0,1888,2720,163.0,"void at::native::vectorized_elementwise_kernel<(int)2, at::native::AUnaryFunctor<long, long, long, at::native::binary_internal::MulFunctor<long>>, std::array<char *, (unsigned long)2>>(int, T2, T3)"
,,2264054,2265402,0,16,71360,4460.0,4544.0,3840,4736,249.2,"void at::native::<unnamed>::nll_loss_backward_no_reduce_cuda_kernel<float, long>(int, const T2 *, torch::headeronly::detail::GenericPackedTensorAccessor<torch::headeronly::detail::TensorAccessor<c10::ArrayRef<long>, const T1, (unsigned long)0, torch::headeronly::DefaultPtrTraits, long>, at::detail::IndexBoundsCheck<(unsigned long)1, long>, const T1, (unsigned long)1, torch::headeronly::DefaultPtrTraits, long>, torch::headeronly::detail::GenericPackedTensorAccessor<torch::headeronly::detail::TensorAccessor<c10::ArrayRef<long>, T1, (unsigned long)1, torch::headeronly::DefaultPtrTraits, long>, at::detail::IndexBoundsCheck<(unsigned long)2, long>, T1, (unsigned long)2, torch::headeronly::DefaultPtrTraits, long>, const T1 *, long, long)"
,,2264054,2265402,0,16,53951,3371.9,3392.0,3008,3616,150.4,"void at::native::elementwise_kernel<(int)128, (int)2, void at::native::gpu_kernel_impl_nocast<at::native::direct_copy_kernel_cuda(at::TensorIteratorBase &)::[lambda() (instance 3)]::operator ()() const::[lambda() (instance 7)]::operator ()() const::[lambda(float) (instance 1)]>(at::TensorIteratorBase &, const T1 &)::[lambda(int) (instance 1)]>(int, T3)"
,,2264054,2265402,0,16,50304,3144.0,3184.0,2752,3424,191.1,"void at::native::vectorized_elementwise_kernel<(int)2, at::native::BUnaryFunctor<long, long, long, at::native::binary_internal::div_trunc_kernel_cuda(at::TensorIteratorBase &)::[lambda() (instance 1)]::operator ()() const::[lambda() (instance 4)]::operator ()() const::[lambda(long, long) (instance 1)]>, std::array<char *, (unsigned long)2>>(int, T2, T3)"
,,2264054,2265402,0,16,39680,2480.0,2464.0,2176,2816,162.7,"void at::native::vectorized_elementwise_kernel<(int)2, at::native::CUDAFunctor_add<long>, std::array<char *, (unsigned long)3>>(int, T2, T3)"
,,2264054,2265402,0,16,30240,1890.0,1904.0,1824,1984,61.2,"void <unnamed>::elementwise_kernel_with_index<int, at::native::arange_cuda_out(const c10::Scalar &, const c10::Scalar &, const c10::Scalar &, at::Tensor &)::[lambda() (instance 1)]::operator ()() const::[lambda() (instance 4)]::operator ()() const::[lambda(long) (instance 1)]>(T1, T2, function_traits<T2>::result_type *)"
,,2264054,2265402,0,6,17856,2976.0,2976.0,2912,3040,49.6,"void at::native::unrolled_elementwise_kernel<at::native::BUnaryFunctor<long, long, long, at::native::remainder_kernel_cuda(at::TensorIteratorBase &)::[lambda() (instance 1)]::operator ()() const::[lambda() (instance 4)]::operator ()() const::[lambda(long, long) (instance 1)]>, std::array<char *, (unsigned long)2>, (int)4, TrivialOffsetCalculator<(int)1, unsigned int>, TrivialOffsetCalculator<(int)1, unsigned int>, at::native::memory::LoadWithoutCast, at::native::memory::StoreWithoutCast>(int, T1, T2, T4, T5, T6, T7)"
,,2264054,2266203,0,2,189759,94879.5,94879.5,94815,94944,91.2,"void batched_svd_parallel_jacobi_32x16<double, double>(int, int, int, int, T1 *, unsigned long, int, T2 *, T1 *, unsigned long, int, T1 *, unsigned long, int, T2, int, int *, T2, int, int *, int, T2)"
,,2264054,2266203,0,2,129920,64960.0,64960.0,64672,65248,407.3,"void batched_svd_parallel_jacobi_32x16<float, float>(int, int, int, int, T1 *, unsigned long, int, T2 *, T1 *, unsigned long, int, T1 *, unsigned long, int, T2, int, int *, T2, int, int *, int, T2)"
,,2264054,2266203,0,2,45376,22688.0,22688.0,20608,24768,2941.6,"void kernel<getrf_wo_pivot_params_<double, (int)0, (int)256, (int)1, (int)64, (int)64, (int)68, (int)16, (int)1, (int)1>>(int, int, void *, int, void *, int, int, int, int, int, int *)"
,,2264054,2266203,0,28,36992,1321.1,1280.0,1248,1792,105.5,"copy_info_kernel(int, int *)"
,,2264054,2266203,0,2,36192,18096.0,18096.0,16768,19424,1878.1,"void kernel<getrf_wo_pivot_params_<float, (int)0, (int)256, (int)1, (int)64, (int)64, (int)68, (int)8, (int)1, (int)1>>(int, int, void *, int, void *, int, int, int, int, int, int *)"
,,2264054,2266203,0,2,27424,13712.0,13712.0,12000,15424,2421.1,"void steqr_ker<stedc_params_<double2, double, (int)8, (int)16, (int)128>, double, (int)0>(long, T1::data_type *, T1::data_type *, T2 *, long, int *, int *, long, long, T1::data_type, T1::data_type, int *, int)"
,,2264054,2266203,0,12,25472,2122.7,2096.0,1952,2336,141.4,"void at::native::unrolled_elementwise_kernel<at::native::direct_copy_kernel_cuda(at::TensorIteratorBase &)::[lambda() (instance 3)]::operator ()() const::[lambda() (instance 11)]::operator ()() const::[lambda(bool) (instance 1)], std::array<char *, (unsigned long)2>, (int)4, TrivialOffsetCalculator<(int)1, unsigned int>, TrivialOffsetCalculator<(int)1, unsigned int>, at::native::memory::LoadWithCast<(int)1>, at::native::memory::StoreWithCast<(int)1>>(int, T1, T2, T4, T5, T6, T7)"
,,2264054,2266203,0,16,21920,1370.0,1344.0,1280,1472,65.3,"void at::native::vectorized_elementwise_kernel<(int)4, at::native::FillFunctor<int>, std::array<char *, (unsigned long)1>>(int, T2, T3)"
,,2264054,2266203,0,2,21440,10720.0,10720.0,10560,10880,226.3,"void geqr2_smem<double, double, (int)8, (int)5, (int)5>(int, int, T1 *, unsigned long, T1 *, int)"
,,2264054,2266203,0,2,21024,10512.0,10512.0,10400,10624,158.4,"void steqr_ker<stedc_params_<float2, float, (int)8, (int)16, (int)128>, float, (int)0>(long, T1::data_type *, T1::data_type *, T2 *, long, int *, int *, long, long, T1::data_type, T1::data_type, int *, int)"
,,2264054,2266203,0,2,18304,9152.0,9152.0,8864,9440,407.3,"void geqr2_smem<float, float, (int)8, (int)5, (int)5>(int, int, T1 *, unsigned long, T1 *, int)"
,,2264054,2266203,0,4,17536,4384.0,4384.0,4384,4384,0.0,void svd_music_kernel<(int)32>(int *)
,,2264054,2266203,0,2,16800,8400.0,8400.0,8288,8512,158.4,"void batched_svd_qr_32x16<double, double>(int, int, int, T1 *, unsigned long, int, T1 *, unsigned long, int)"
,,2264054,2266203,0,6,16352,2725.3,2672.0,2528,3168,224.8,"void at::native::<unnamed>::distribution_elementwise_grid_stride_kernel<double, (int)2, void at::native::templates::cuda::normal_and_transform<double, double, at::CUDAGeneratorImpl *, void at::native::templates::cuda::normal_kernel<at::CUDAGeneratorImpl *>(const at::TensorBase &, double, double, T1)::[lambda() (instance 1)]::operator ()() const::[lambda() (instance 1)]::operator ()() const::[lambda(double) (instance 1)]>(at::TensorIteratorBase &, T3, T4)::[lambda(curandStatePhilox4_32_10 *) (instance 1)], void at::native::<unnamed>::distribution_nullary_kernel<double, double, double2, at::CUDAGeneratorImpl *, void at::native::templates::cuda::normal_and_transform<double, double, at::CUDAGeneratorImpl *, void at::native::templates::cuda::normal_kernel<at::CUDAGeneratorImpl *>(const at::TensorBase &, double, double, T1)::[lambda() (instance 1)]::operator ()() const::[lambda() (instance 1)]::operator ()() const::[lambda(double) (instance 1)]>(at::TensorIteratorBase &, T3, T4)::[lambda(curandStatePhilox4_32_10 *) (instance 1)], void at::native::templates::cuda::normal_kernel<at::CUDAGeneratorImpl *>(const at::TensorBase &, double, double, T1)::[lambda() (instance 1)]::operator ()() const::[lambda() (instance 1)]::operator ()() const::[lambda(double) (instance 1)]>(at::TensorIteratorBase &, T4, const T5 &, T6)::[lambda(int, double) (instance 1)]>(long, at::PhiloxCudaState, T3, T4)"
,,2264054,2266203,0,4,15584,3896.0,3856.0,3840,4032,91.9,ampere_sgemm_32x128_tn
,,2264054,2266203,0,8,15424,1928.0,1920.0,1856,2016,56.1,"void at::native::elementwise_kernel<(int)128, (int)2, void at::native::gpu_kernel_impl_nocast<at::native::direct_copy_kernel_cuda(at::TensorIteratorBase &)::[lambda() (instance 3)]::operator ()() const::[lambda() (instance 7)]::operator ()() const::[lambda(float) (instance 1)]>(at::TensorIteratorBase &, const T1 &)::[lambda(int) (instance 1)]>(int, T3)"
,,2264054,2266203,0,8,15071,1883.9,1888.0,1855,1888,11.7,"void at::native::elementwise_kernel<(int)128, (int)2, void at::native::gpu_kernel_impl_nocast<at::native::direct_copy_kernel_cuda(at::TensorIteratorBase &)::[lambda() (instance 3)]::operator ()() const::[lambda() (instance 6)]::operator ()() const::[lambda(double) (instance 1)]>(at::TensorIteratorBase &, const T1 &)::[lambda(int) (instance 1)]>(int, T3)"
,,2264054,2266203,0,2,14976,7488.0,7488.0,7488,7488,0.0,"void batched_svd_qr_32x16<float, float>(int, int, int, T1 *, unsigned long, int, T1 *, unsigned long, int)"
,,2264054,2266203,0,6,13824,2304.0,2304.0,2272,2336,35.1,"void at::native::<unnamed>::distribution_elementwise_grid_stride_kernel<float, (int)4, void at::native::templates::cuda::normal_and_transform<float, float, at::CUDAGeneratorImpl *, void at::native::templates::cuda::normal_kernel<at::CUDAGeneratorImpl *>(const at::TensorBase &, double, double, T1)::[lambda() (instance 1)]::operator ()() const::[lambda() (instance 2)]::operator ()() const::[lambda(float) (instance 1)]>(at::TensorIteratorBase &, T3, T4)::[lambda(curandStatePhilox4_32_10 *) (instance 2)], void at::native::<unnamed>::distribution_nullary_kernel<float, float, float4, at::CUDAGeneratorImpl *, void at::native::templates::cuda::normal_and_transform<float, float, at::CUDAGeneratorImpl *, void at::native::templates::cuda::normal_kernel<at::CUDAGeneratorImpl *>(const at::TensorBase &, double, double, T1)::[lambda() (instance 1)]::operator ()() const::[lambda() (instance 2)]::operator ()() const::[lambda(float) (instance 1)]>(at::TensorIteratorBase &, T3, T4)::[lambda(curandStatePhilox4_32_10 *) (instance 2)], void at::native::templates::cuda::normal_kernel<at::CUDAGeneratorImpl *>(const at::TensorBase &, double, double, T1)::[lambda() (instance 1)]::operator ()() const::[lambda() (instance 2)]::operator ()() const::[lambda(float) (instance 1)]>(at::TensorIteratorBase &, T4, const T5 &, T6)::[lambda(int, float) (instance 1)]>(long, at::PhiloxCudaState, T3, T4)"
,,2264054,2266203,0,4,12992,3248.0,3248.0,3200,3296,55.4,void cutlass::Kernel2<cutlass_80_tensorop_d884gemm_32x32_16x5_nn_align1>(T1::Params)
,,2264054,2266203,0,2,10976,5488.0,5488.0,5472,5504,22.6,"void sytrd4_cta<sytrd_params<double, (int)16, (int)32, (int)32, (int)32, (int)0, (int)1, (int)2>, (int)1>(int, T1::data_type *, int, int, T1::pod_type *, int, T1::pod_type *, int, T1::data_type *, int, int)"
,,2264054,2266203,0,4,10560,2640.0,2640.0,2560,2720,76.2,"void gemmSN_TN_kernel<double, (int)128, (int)16, (int)2, (int)4, (int)4, (int)4, (bool)1, cublasGemvTensorStridedBatched<const double>, cublasGemvTensorStridedBatched<const double>, cublasGemvTensorStridedBatched<double>>(cublasGemmSmallNParams<T9, T10, T11, T1>)"
,,2264054,2266203,0,4,10143,2535.8,2528.0,2527,2560,16.2,"void gemmSN_NN_kernel<float, (int)256, (int)4, (int)2, (int)8, (int)4, (int)4, (bool)0, cublasGemvTensorStridedBatched<const float>, cublasGemvTensorStridedBatched<const float>, cublasGemvTensorStridedBatched<float>>(cublasGemmSmallNParams<T9, T10, T11, T1>)"
,,2264054,2266203,0,2,9504,4752.0,4752.0,4736,4768,22.6,"void sytrd4_cta<sytrd_params<float, (int)16, (int)32, (int)32, (int)32, (int)0, (int)1, (int)2>, (int)1>(int, T1::data_type *, int, int, T1::pod_type *, int, T1::pod_type *, int, T1::data_type *, int, int)"
,,2264054,2266203,0,4,6240,1560.0,1536.0,1536,1632,48.0,"void lacpy_kernel<float, float, (int)5, (int)3>(long, long, const T1 *, long, long, T2 *, long, long, int, int)"
,,2264054,2266203,0,4,6176,1544.0,1536.0,1536,1568,16.0,"void lacpy_kernel<double, double, (int)5, (int)3>(long, long, const T1 *, long, long, T2 *, long, long, int, int)"
,,2264054,2266203,0,2,5632,2816.0,2816.0,2720,2912,135.8,"void at::native::triu_tril_kernel<float, int, (bool)1, (int)2, (bool)0>(at::cuda::detail::TensorInfo<T1, T2>, at::cuda::detail::TensorInfo<const T1, T2>, long, long, T2)"
,,2264054,2266203,0,2,5631,2815.5,2815.5,2784,2847,44.5,"void lansy_M_stage1<double, double, (int)8>(long, const T1 *, long, long, T2 *, long, int)"
,,2264054,2266203,0,2,5504,2752.0,2752.0,2656,2848,135.8,"void lansy_M_stage1<float, float, (int)8>(long, const T1 *, long, long, T2 *, long, int)"
,,2264054,2266203,0,2,5376,2688.0,2688.0,2592,2784,135.8,"void larft_vtv_32<float, (int)128>(long, long, const T1 *, long, long, T1 *, long, long)"
,,2264054,2266203,0,2,5344,2672.0,2672.0,2592,2752,113.1,"void at::native::triu_tril_kernel<double, int, (bool)1, (int)1, (bool)0>(at::cuda::detail::TensorInfo<T1, T2>, at::cuda::detail::TensorInfo<const T1, T2>, long, long, T2)"
,,2264054,2266203,0,4,5248,1312.0,1280.0,1280,1408,64.0,"xxtrf4_set_info_ker(int, int *)"
,,2264054,2266203,0,2,5184,2592.0,2592.0,2592,2592,0.0,"void larft_vtv_32<double, (int)128>(long, long, const T1 *, long, long, T1 *, long, long)"
,,2264054,2266203,0,2,5120,2560.0,2560.0,2560,2560,0.0,"void ormqr_cta_kernel<double, (int)4, (int)1>(long, long, long, const T1 *, long, long, const T1 *, long, T1 *, long, long, long, long, long, int)"
,,2264054,2266203,0,4,5120,1280.0,1264.0,1248,1344,45.3,"xx_set_info_ker(int, int *, int)"
,,2264054,2266203,0,2,5088,2544.0,2544.0,2496,2592,67.9,"void ormqr_cta_kernel<float, (int)4, (int)1>(long, long, long, const T1 *, long, long, const T1 *, long, T1 *, long, long, long, long, long, int)"
,,2264054,2266203,0,2,4992,2496.0,2496.0,2432,2560,90.5,"void larft_T_32<float, (int)256>(int, T1 *, int, long, const T1 *, long)"
,,2264054,2266203,0,2,4864,2432.0,2432.0,2432,2432,0.0,"void larft_T_32<double, (int)256>(int, T1 *, int, long, const T1 *, long)"
,,2264054,2266203,0,2,4864,2432.0,2432.0,2432,2432,0.0,"void scale_max<double, (int)32, (int)32, (int)1>(long, long, T1 *, T1 *, T1 *, int *)"
,,2264054,2266203,0,2,4832,2416.0,2416.0,2272,2560,203.6,"void at::native::triu_tril_kernel<float, int, (bool)0, (int)2, (bool)1>(at::cuda::detail::TensorInfo<T1, T2>, at::cuda::detail::TensorInfo<const T1, T2>, long, long, T2)"
,,2264054,2266203,0,2,4800,2400.0,2400.0,2400,2400,0.0,"void lascl_kernel<double, double, (int)8>(long, long, T1 *, long, long, T2 *, int, int)"
,,2264054,2266203,0,2,4800,2400.0,2400.0,2400,2400,0.0,"void lascl_kernel<float, float, (int)8>(long, long, T1 *, long, long, T2 *, int, int)"
,,2264054,2266203,0,2,4672,2336.0,2336.0,2208,2464,181.0,"void at::native::triu_tril_kernel<double, int, (bool)0, (int)1, (bool)1>(at::cuda::detail::TensorInfo<T1, T2>, at::cuda::detail::TensorInfo<const T1, T2>, long, long, T2)"
,,2264054,2266203,0,2,4512,2256.0,2256.0,2208,2304,67.9,"void scale_max<float, (int)32, (int)32, (int)1>(long, long, T1 *, T1 *, T1 *, int *)"
,,2264054,2266203,0,2,4384,2192.0,2192.0,2176,2208,22.6,"void lansy_M_stage2<double, (int)8>(T1, T1, long, T1 *, long, T1 *, T1 *)"
,,2264054,2266203,0,2,4192,2096.0,2096.0,2048,2144,67.9,"void epilogue<sytrd_params<float, (int)32, (int)8, (int)512, (int)32, (int)16, (int)1, (int)2>, (int)128, (int)1, (int)1>(int, int, T1::data_type *, int, int, T1::pod_type *, int, T1::pod_type *, int, T1::data_type *, int, T1::data_type *, int, int)"
,,2264054,2266203,0,2,4192,2096.0,2096.0,2048,2144,67.9,"void lansy_M_stage2<float, (int)8>(T1, T1, long, T1 *, long, T1 *, T1 *)"
,,2264054,2266203,0,2,4160,2080.0,2080.0,2080,2080,0.0,"void epilogue<sytrd_params<double, (int)32, (int)8, (int)512, (int)32, (int)16, (int)1, (int)2>, (int)128, (int)1, (int)1>(int, int, T1::data_type *, int, int, T1::pod_type *, int, T1::pod_type *, int, T1::data_type *, int, T1::data_type *, int, int)"
,,2264054,2266203,0,2,3488,1744.0,1744.0,1728,1760,22.6,"void at::native::vectorized_elementwise_kernel<(int)2, at::native::CUDAFunctor_add<double>, std::array<char *, (unsigned long)3>>(int, T2, T3)"
,,2264054,2266203,0,2,3360,1680.0,1680.0,1632,1728,67.9,"void at::native::elementwise_kernel<(int)128, (int)2, void at::native::gpu_kernel_impl_nocast<at::native::FillFunctor<float>>(at::TensorIteratorBase &, const T1 &)::[lambda(int) (instance 1)]>(int, T3)"
,,2264054,2266203,0,2,3360,1680.0,1680.0,1632,1728,67.9,"void scale_max<float, (int)32, (int)128, (int)0>(long, long, T1 *, T1 *, T1 *, int *)"
,,2264054,2266203,0,2,3264,1632.0,1632.0,1632,1632,0.0,"void scale_max<double, (int)32, (int)128, (int)0>(long, long, T1 *, T1 *, T1 *, int *)"
,,2264054,2266203,0,2,3200,1600.0,1600.0,1600,1600,0.0,"void at::native::elementwise_kernel<(int)128, (int)2, void at::native::gpu_kernel_impl_nocast<at::native::FillFunctor<double>>(at::TensorIteratorBase &, const T1 &)::[lambda(int) (instance 1)]>(int, T3)"
,,2264054,2266203,0,2,3200,1600.0,1600.0,1600,1600,0.0,"void at::native::vectorized_elementwise_kernel<(int)4, at::native::CUDAFunctor_add<float>, std::array<char *, (unsigned long)3>>(int, T2, T3)"
,,2264054,2266203,0,2,3104,1552.0,1552.0,1504,1600,67.9,"void at::native::vectorized_elementwise_kernel<(int)4, at::native::AUnaryFunctor<float, float, float, at::native::binary_internal::MulFunctor<float>>, std::array<char *, (unsigned long)2>>(int, T2, T3)"
,,2264054,2266203,0,2,3072,1536.0,1536.0,1536,1536,0.0,"void at::native::vectorized_elementwise_kernel<(int)2, at::native::AUnaryFunctor<double, double, double, at::native::binary_internal::MulFunctor<double>>, std::array<char *, (unsigned long)2>>(int, T2, T3)"
,,2264054,2266203,0,2,3008,1504.0,1504.0,1472,1536,45.3,"void batch_eye_kernel<float, (int)5, (int)3>(long, long, T1 *, unsigned long, long long, int)"
,,2264054,2266203,0,2,2944,1472.0,1472.0,1472,1472,0.0,"void batch_eye_kernel<double, (int)5, (int)3>(long, long, T1 *, unsigned long, long long, int)"
,,2264054,2266203,0,2,2912,1456.0,1456.0,1408,1504,67.9,"void cuds_scal_batch_kernel<float, (int)256>(int, const T1 *, T1 *, long long)"
,,2264054,2266203,0,2,2816,1408.0,1408.0,1408,1408,0.0,"void cuds_scal_batch_kernel<double, (int)256>(int, const T1 *, T1 *, long long)"
,,2264054,2266203,0,2,2784,1392.0,1392.0,1344,1440,67.9,"void at::native::vectorized_elementwise_kernel<(int)4, at::native::FillFunctor<float>, std::array<char *, (unsigned long)1>>(int, T2, T3)"
,,2264054,2266203,0,2,2688,1344.0,1344.0,1344,1344,0.0,"void at::native::vectorized_elementwise_kernel<(int)2, at::native::FillFunctor<double>, std::array<char *, (unsigned long)1>>(int, T2, T3)"
,,2264054,2266203,0,2,2624,1312.0,1312.0,1280,1344,45.3,"void orgqr_step1_kernel<float, (int)5, (int)3>(int, int, int, T1 *, int)"
,,2264054,2266203,0,2,2560,1280.0,1280.0,1280,1280,0.0,"void orgqr_step1_kernel<double, (int)5, (int)3>(int, int, int, T1 *, int)"
:qvq_api.qvq_cuda_viterbi,PushPop,2264054,2266203,5120,5120,17232913857,3365803.5,2762676.5,1361661,7304479,1973410.6,"void <unnamed>::qvq_viterbi_kernel<(int)4, (int)2, __half, unsigned char>(const float *, const T3 *, const float *, const long *, const float *, T4 *, long *, float *, int, int, int, bool, bool, bool)"
:qvq_api.qvq_cuda_viterbi,PushPop,2264054,2266203,5120,25600,159758554,6240.6,7232.0,2528,8384,1974.5,"void at::native::reduce_kernel<(int)512, (int)1, at::native::ReduceOp<bool, at::native::func_wrapper_t<bool, at::native::and_kernel_cuda(at::TensorIterator &)::[lambda() (instance 1)]::operator ()() const::[lambda() (instance 12)]::operator ()() const::[lambda(bool, bool) (instance 1)]>, unsigned int, bool, (int)4, (int)4>>(T3)"
:qvq_api.qvq_cuda_viterbi,PushPop,2264054,2266203,5120,10240,83270583,8131.9,8192.0,7360,8736,236.2,"void at::native::reduce_kernel<(int)512, (int)1, at::native::ReduceOp<c10::Half, at::native::func_wrapper_t<c10::Half, at::native::MaxNanFunctor<c10::Half>>, unsigned int, c10::Half, (int)4, (int)4>>(T3)"
:qvq_api.qvq_cuda_viterbi,PushPop,2264054,2266203,5120,10240,72344500,7064.9,7520.0,4352,8640,1203.1,"void at::native::reduce_kernel<(int)512, (int)1, at::native::ReduceOp<float, at::native::func_wrapper_t<float, at::native::MaxNanFunctor<float>>, unsigned int, float, (int)4, (int)4>>(T3)"
:qvq_api.qvq_cuda_viterbi,PushPop,2264054,2266203,5120,20480,43856774,2141.4,2144.0,2080,2240,20.7,"void at::native::vectorized_elementwise_kernel<(int)4, at::native::AbsFunctor<c10::Half>, std::array<char *, (unsigned long)2>>(int, T2, T3)"
:qvq_api.qvq_cuda_viterbi,PushPop,2264054,2266203,5120,20480,43817354,2139.5,2176.0,1983,2304,96.2,"void at::native::vectorized_elementwise_kernel<(int)4, at::native::BinaryFunctor<bool, bool, bool, at::native::binary_internal::MulFunctor<bool>>, std::array<char *, (unsigned long)3>>(int, T2, T3)"
:qvq_api.qvq_cuda_viterbi,PushPop,2264054,2266203,5120,20480,42251893,2063.1,2016.0,1888,2368,113.2,"void at::native::vectorized_elementwise_kernel<(int)4, at::native::AbsFunctor<float>, std::array<char *, (unsigned long)2>>(int, T2, T3)"
:qvq_api.qvq_cuda_viterbi,PushPop,2264054,2266203,5120,10240,23033791,2249.4,2240.0,2208,2336,19.3,"void at::native::vectorized_elementwise_kernel<(int)4, at::native::BinaryFunctor<c10::Half, c10::Half, bool, at::native::<unnamed>::CompareEqFunctor<c10::Half>>, std::array<char *, (unsigned long)3>>(int, T2, T3)"
:qvq_api.qvq_cuda_viterbi,PushPop,2264054,2266203,5120,10240,22818922,2228.4,2240.0,2176,2336,25.2,"void at::native::vectorized_elementwise_kernel<(int)4, at::native::AUnaryFunctor<c10::Half, c10::Half, bool, at::native::<unnamed>::CompareEqFunctor<c10::Half>>, std::array<char *, (unsigned long)2>>(int, T2, T3)"
:qvq_api.qvq_cuda_viterbi,PushPop,2264054,2266203,5120,10240,21450763,2094.8,2048.0,1984,2400,103.7,"void at::native::vectorized_elementwise_kernel<(int)4, at::native::BinaryFunctor<float, float, bool, at::native::<unnamed>::CompareEqFunctor<float>>, std::array<char *, (unsigned long)3>>(int, T2, T3)"
:qvq_api.qvq_cuda_viterbi,PushPop,2264054,2266203,5120,10240,21373721,2087.3,2048.0,1983,2368,104.3,"void at::native::vectorized_elementwise_kernel<(int)4, at::native::AUnaryFunctor<float, float, bool, at::native::<unnamed>::CompareEqFunctor<float>>, std::array<char *, (unsigned long)2>>(int, T2, T3)"
:qvq_api.qvq_cuda_viterbi,PushPop,2264054,2266203,2560,10240,18138383,1771.3,1760.0,1600,1984,77.0,"void at::native::vectorized_elementwise_kernel<(int)4, void at::native::compare_scalar_kernel<long>(at::TensorIteratorBase &, at::native::<unnamed>::OpType, T1)::[lambda(long) (instance 1)], std::array<char *, (unsigned long)2>>(int, T2, T3)"
:qvq_api.qvq_cuda_viterbi,PushPop,2264054,2266203,5120,5120,12974845,2534.1,2528.0,2336,2720,86.9,"void at::native::unrolled_elementwise_kernel<at::native::BinaryFunctor<float, float, float, at::native::maximum_kernel_cuda(at::TensorIteratorBase &)::[lambda() (instance 2)]::operator ()() const::[lambda() (instance 2)]::operator ()() const::[lambda(float, float) (instance 1)]>, std::array<char *, (unsigned long)3>, (int)4, TrivialOffsetCalculator<(int)2, unsigned int>, TrivialOffsetCalculator<(int)1, unsigned int>, at::native::memory::LoadWithCast<(int)2>, at::native::memory::StoreWithCast<(int)1>>(int, T1, T2, T4, T5, T6, T7)"
:qvq_api.qvq_cuda_viterbi,PushPop,2264054,2266203,5120,5120,11752604,2295.4,2304.0,2176,2784,90.0,"<unnamed>::qvq_half2_codebook_norm_pack_kernel(const __half *, unsigned long *, int)"
:qvq_api.qvq_cuda_viterbi,PushPop,2264054,2266203,5120,5120,8609970,1681.6,1664.0,1536,1856,87.9,"void at::native::vectorized_elementwise_kernel<(int)4, void at::native::compare_scalar_kernel<float>(at::TensorIteratorBase &, at::native::<unnamed>::OpType, T1)::[lambda(float) (instance 1)], std::array<char *, (unsigned long)2>>(int, T2, T3)"
:qvq_api.qvq_cuda_viterbi,PushPop,2264054,2266203,2560,2560,8548374,3339.2,3328.0,2976,3744,124.1,"void at::native::reduce_kernel<(int)512, (int)1, at::native::ReduceOp<bool, at::native::func_wrapper_t<bool, at::native::or_kernel_cuda(at::TensorIterator &)::[lambda() (instance 1)]::operator ()() const::[lambda() (instance 12)]::operator ()() const::[lambda(bool, bool) (instance 1)]>, unsigned int, bool, (int)4, (int)4>>(T3)"
:qvq_api.qvq_cuda_viterbi,PushPop,2264054,2266203,2560,2560,4410801,1723.0,1728.0,1568,1984,90.6,"void at::native::vectorized_elementwise_kernel<(int)4, at::native::BinaryFunctor<bool, bool, bool, at::native::BitwiseOrFunctor<bool>>, std::array<char *, (unsigned long)3>>(int, T2, T3)"
:qvq_cuda.viterbi,PushPop,2264054,2266203,5120,5120,17232913857,3365803.5,2762676.5,1361661,7304479,1973410.6,"void <unnamed>::qvq_viterbi_kernel<(int)4, (int)2, __half, unsigned char>(const float *, const T3 *, const float *, const long *, const float *, T4 *, long *, float *, int, int, int, bool, bool, bool)"
:qvq_cuda.viterbi,PushPop,2264054,2266203,5120,15360,86831070,5653.1,7104.0,2528,8352,2242.9,"void at::native::reduce_kernel<(int)512, (int)1, at::native::ReduceOp<bool, at::native::func_wrapper_t<bool, at::native::and_kernel_cuda(at::TensorIterator &)::[lambda() (instance 1)]::operator ()() const::[lambda() (instance 12)]::operator ()() const::[lambda(bool, bool) (instance 1)]>, unsigned int, bool, (int)4, (int)4>>(T3)"
:qvq_cuda.viterbi,PushPop,2264054,2266203,5120,5120,41635289,8131.9,8192.0,7424,8672,232.1,"void at::native::reduce_kernel<(int)512, (int)1, at::native::ReduceOp<c10::Half, at::native::func_wrapper_t<c10::Half, at::native::MaxNanFunctor<c10::Half>>, unsigned int, c10::Half, (int)4, (int)4>>(T3)"
:qvq_cuda.viterbi,PushPop,2264054,2266203,5120,5120,36171491,7064.7,7520.0,4384,8544,1202.6,"void at::native::reduce_kernel<(int)512, (int)1, at::native::ReduceOp<float, at::native::func_wrapper_t<float, at::native::MaxNanFunctor<float>>, unsigned int, float, (int)4, (int)4>>(T3)"
:qvq_cuda.viterbi,PushPop,2264054,2266203,5120,10240,21927158,2141.3,2144.0,2111,2240,20.6,"void at::native::vectorized_elementwise_kernel<(int)4, at::native::AbsFunctor<c10::Half>, std::array<char *, (unsigned long)2>>(int, T2, T3)"
:qvq_cuda.viterbi,PushPop,2264054,2266203,5120,10240,21907607,2139.4,2176.0,1983,2304,96.2,"void at::native::vectorized_elementwise_kernel<(int)4, at::native::BinaryFunctor<bool, bool, bool, at::native::binary_internal::MulFunctor<bool>>, std::array<char *, (unsigned long)3>>(int, T2, T3)"
:qvq_cuda.viterbi,PushPop,2264054,2266203,5120,10240,21132487,2063.7,2016.0,1888,2368,113.0,"void at::native::vectorized_elementwise_kernel<(int)4, at::native::AbsFunctor<float>, std::array<char *, (unsigned long)2>>(int, T2, T3)"
:qvq_cuda.viterbi,PushPop,2264054,2266203,5120,5120,11752604,2295.4,2304.0,2176,2784,90.0,"<unnamed>::qvq_half2_codebook_norm_pack_kernel(const __half *, unsigned long *, int)"
:qvq_cuda.viterbi,PushPop,2264054,2266203,5120,5120,11515654,2249.2,2240.0,2208,2336,19.5,"void at::native::vectorized_elementwise_kernel<(int)4, at::native::BinaryFunctor<c10::Half, c10::Half, bool, at::native::<unnamed>::CompareEqFunctor<c10::Half>>, std::array<char *, (unsigned long)3>>(int, T2, T3)"
:qvq_cuda.viterbi,PushPop,2264054,2266203,5120,5120,11412342,2229.0,2240.0,2176,2304,24.9,"void at::native::vectorized_elementwise_kernel<(int)4, at::native::AUnaryFunctor<c10::Half, c10::Half, bool, at::native::<unnamed>::CompareEqFunctor<c10::Half>>, std::array<char *, (unsigned long)2>>(int, T2, T3)"
:qvq_cuda.viterbi,PushPop,2264054,2266203,5120,5120,10722329,2094.2,2048.0,1984,2400,104.1,"void at::native::vectorized_elementwise_kernel<(int)4, at::native::BinaryFunctor<float, float, bool, at::native::<unnamed>::CompareEqFunctor<float>>, std::array<char *, (unsigned long)3>>(int, T2, T3)"
:qvq_cuda.viterbi,PushPop,2264054,2266203,5120,5120,10685697,2087.1,2048.0,1983,2337,104.3,"void at::native::vectorized_elementwise_kernel<(int)4, at::native::AUnaryFunctor<float, float, bool, at::native::<unnamed>::CompareEqFunctor<float>>, std::array<char *, (unsigned long)2>>(int, T2, T3)"
:qvq_cuda.viterbi,PushPop,2264054,2266203,2560,5120,9019675,1761.7,1760.0,1600,1952,70.5,"void at::native::vectorized_elementwise_kernel<(int)4, void at::native::compare_scalar_kernel<long>(at::TensorIteratorBase &, at::native::<unnamed>::OpType, T1)::[lambda(long) (instance 1)], std::array<char *, (unsigned long)2>>(int, T2, T3)"
:qvq_cuda.viterbi_tail_trusted,PushPop,2264054,2266203,5490,10980,21985231649,2002298.0,1472101.0,1350654,2907533,687027.6,"void <unnamed>::qvq_viterbi_kernel<(int)4, (int)2, __half, unsigned char>(const float *, const T3 *, const float *, const long *, const float *, T4 *, long *, float *, int, int, int, bool, bool, bool)"
:qvq_cuda.viterbi_tail_trusted,PushPop,2264054,2266203,5490,10980,31722319,2889.1,2688.0,2112,518016,9936.4,"<unnamed>::qvq_half2_codebook_norm_pack_kernel(const __half *, unsigned long *, int)"
:qvq_cuda.viterbi_tail_trusted,PushPop,2264054,2266203,5462,5462,17946550,3285.7,3680.0,1824,73984,1345.6,"void at::native::elementwise_kernel<(int)128, (int)2, void at::native::gpu_kernel_impl_nocast<at::native::AUnaryFunctor<long, long, long, at::native::BitwiseAndFunctor<long>>>(at::TensorIteratorBase &, const T1 &)::[lambda(int) (instance 1)]>(int, T3)"
:qvq_cuda.viterbi_tail_trusted,PushPop,2264054,2266203,5490,5490,14087785,2566.1,2528.0,1728,145313,2619.4,"void at::native::roll_cuda_kernel<float>(const T1 *, T1 *, long, long, long, long, long, long)"
:qvq_cuda.viterbi_tail_trusted,PushPop,2264054,2266203,28,28,53984,1928.0,1648.0,1440,3328,573.5,"void at::native::unrolled_elementwise_kernel<at::native::AUnaryFunctor<long, long, long, at::native::BitwiseAndFunctor<long>>, std::array<char *, (unsigned long)2>, (int)4, TrivialOffsetCalculator<(int)1, unsigned int>, TrivialOffsetCalculator<(int)1, unsigned int>, at::native::memory::LoadWithoutCast, at::native::memory::StoreWithoutCast>(int, T1, T2, T4, T5, T6, T7)"
:qvq_cuda.viterbi_v2_segment_family_grid_trusted,PushPop,2264054,2266203,12788,102304,119372256636,1166838.6,1103653.0,133121,4390547,957025.1,"void <unnamed>::qvq_v2_segment_grid_kernel<(int)4, (int)2, (int)16, (bool)1, (bool)0, __half, unsigned char>(const float *, const T6 *, const float *, const long *, const float *, const float *, float *, T7 *, unsigned char *, int, int, int, bool, bool)"
:qvq_cuda.viterbi_v2_segment_family_grid_trusted,PushPop,2264054,2266203,12788,12788,3828312208,299367.5,292097.0,72512,954372,201490.0,"void <unnamed>::qvq_v2_segment_grid_finalize_kernel<(int)4, (int)2, (int)16, (bool)0, __half, unsigned char>(const float *, const T5 *, const float *, const long *, const float *, const float *, const T6 *, const unsigned char *, long *, unsigned char *, float *, int, int, bool, bool)"
:qvq_cuda.viterbi_v2_segment_family_grid_trusted,PushPop,2264054,2266203,12788,12788,56660016,4430.7,4384.0,3200,10976,493.8,"<unnamed>::qvq_half2_codebook_norm_pack_kernel(const __half *, unsigned long *, int)"
:qvq_cuda.viterbi_v2_segment_tail_trusted,PushPop,2264054,2266203,4968,79488,15775784173,198467.5,148352.0,132064,474624,77100.4,"void <unnamed>::qvq_v2_segment_grid_kernel<(int)4, (int)2, (int)16, (bool)1, (bool)0, __half, unsigned char>(const float *, const T6 *, const float *, const long *, const float *, const float *, float *, T7 *, unsigned char *, int, int, int, bool, bool)"
:qvq_cuda.viterbi_v2_segment_tail_trusted,PushPop,2264054,2266203,4968,9936,869812867,87541.6,82367.5,66176,155776,13399.7,"void <unnamed>::qvq_v2_segment_grid_finalize_kernel<(int)4, (int)2, (int)16, (bool)0, __half, unsigned char>(const float *, const T5 *, const float *, const long *, const float *, const float *, const T6 *, const unsigned char *, long *, unsigned char *, float *, int, int, bool, bool)"
:qvq_cuda.viterbi_v2_segment_tail_trusted,PushPop,2264054,2266203,4968,9936,27849019,2802.8,2848.0,2272,3328,194.9,"<unnamed>::qvq_half2_codebook_norm_pack_kernel(const __half *, unsigned long *, int)"
:qvq_cuda.viterbi_v2_segment_tail_trusted,PushPop,2264054,2266203,4968,4968,12199315,2455.6,2432.0,1728,2688,106.0,"void at::native::roll_cuda_kernel<float>(const T1 *, T1 *, long, long, long, long, long, long)"
:qvq_cuda.viterbi_v2_segment_tail_trusted,PushPop,2264054,2266203,4920,4920,11225899,2281.7,2272.0,1792,2912,152.4,"void at::native::elementwise_kernel<(int)128, (int)2, void at::native::gpu_kernel_impl_nocast<at::native::AUnaryFunctor<long, long, long, at::native::BitwiseAndFunctor<long>>>(at::TensorIteratorBase &, const T1 &)::[lambda(int) (instance 1)]>(int, T3)"
:qvq_cuda.viterbi_v2_segment_tail_trusted,PushPop,2264054,2266203,48,48,73024,1521.3,1536.0,1408,1568,41.7,"void at::native::unrolled_elementwise_kernel<at::native::AUnaryFunctor<long, long, long, at::native::BitwiseAndFunctor<long>>, std::array<char *, (unsigned long)2>, (int)4, TrivialOffsetCalculator<(int)1, unsigned int>, TrivialOffsetCalculator<(int)1, unsigned int>, at::native::memory::LoadWithoutCast, at::native::memory::StoreWithoutCast>(int, T1, T2, T4, T5, T6, T7)"
:qvq_cuda.yaqa_feedback,PushPop,2264054,2266203,7668,7668,12591663577,1642105.3,1242660.0,20512,6117692,1468277.3,void cutlass::Kernel2<cutlass_80_simt_sgemm_grouped_128x128_8x4_align1>(T1::Params)
:qvq_cuda.yaqa_feedback,PushPop,2264054,2266203,7668,7668,27878699,3635.7,3392.0,2112,254785,4570.0,"<unnamed>::qvq_yaqa_feedback_epilogue_kernel(const float *, const float *, const float *, const float *, const float *, float *, int, int, int, int, int)"
:qvq_cuda.yaqa_feedback,PushPop,2264054,2266203,7668,7668,17079135,2227.3,2240.0,1440,3712,139.6,"<unnamed>::qvq_yaqa_grouped_pointers_kernel(const float *, const float *, float *, float **, float **, float **, int, int, int, int, int, int)"
:qvq_cuda.yaqa_feedback_update,PushPop,2264054,2266203,7652,7652,3079942646,402501.7,310705.5,4672,1017861,341737.5,"void gemmSN_NN_kernel<float, (int)128, (int)2, (int)4, (int)8, (int)4, (int)4, (bool)0, cublasGemvTensorBatched<const float>, cublasGemvTensorBatched<const float>, cublasGemvTensorBatched<float>>(cublasGemmSmallNParams<T9, T10, T11, T1>)"
:qvq_cuda.yaqa_feedback_update,PushPop,2264054,2266203,7656,7656,2548591497,332888.1,259649.0,9792,1271589,351660.2,ampere_sgemm_128x128_nt
:qvq_cuda.yaqa_feedback_update,PushPop,2264054,2266203,7668,7668,15249565,1988.7,1952.0,1472,3744,142.6,"<unnamed>::qvq_yaqa_update_grouped_pointers_kernel(float *, float *, const float *, const float *, const float *, float **, float **, float **, int, int, int, int, int, int)"
:qvq_cuda.yaqa_feedback_update,PushPop,2264054,2266203,16,16,127200,7950.0,5088.0,4000,17312,4915.4,"void gemmSN_NN_kernel<float, (int)256, (int)4, (int)2, (int)8, (int)4, (int)4, (bool)0, cublasGemvTensorBatched<const float>, cublasGemvTensorBatched<const float>, cublasGemvTensorBatched<float>>(cublasGemmSmallNParams<T9, T10, T11, T1>)"
:qvq_cuda.yaqa_feedback_update,PushPop,2264054,2266203,12,12,113120,9426.7,8016.0,7520,15136,2814.2,ampere_sgemm_32x128_nt
:qvq_quantize.main,PushPop,2264054,2264054,1,254,603339336,2375351.7,1914213.5,444994,6743518,1342031.7,ampere_sgemm_128x64_nt
:qvq_quantize.main,PushPop,2264054,2264054,1,1358,235144151,173154.8,133920.0,59392,12595748,481446.1,void cutlass::Kernel2<cutlass_80_simt_sgemm_128x32_8x5_nt_align1>(T1::Params)
:qvq_quantize.main,PushPop,2264054,2264054,1,764,175373039,229545.9,139248.0,34368,1217402,284954.0,ampere_fp16_s16816gemm_fp16_128x128_ldg8_f2f_stages_32x5_tn
:qvq_quantize.main,PushPop,2264054,2264054,1,297,174072667,586103.3,412159.0,36736,11404072,1135425.9,ampere_fp16_s16816gemm_fp16_128x256_ldg8_f2f_stages_64x3_tn
:qvq_quantize.main,PushPop,2264054,2264054,1,37,127572109,3447894.8,1519333.0,634595,6735966,2919504.6,"void at::native::<unnamed>::cunn_SoftMaxForward<(int)8, c10::Half, float, float, at::native::<unnamed>::SoftMaxForwardEpilogue>(T4 *, const T2 *, int)"
:qvq_quantize.main,PushPop,2264054,2264054,1,381,110450151,289895.4,166207.0,84928,17460072,980712.6,ampere_fp16_s16816gemm_fp16_256x128_ldg8_f2f_stages_64x3_tn
:qvq_quantize.main,PushPop,2264054,2264054,1,3456,109836310,31781.3,6560.0,3968,1584856,124733.0,"void at::native::elementwise_kernel<(int)128, (int)4, void at::native::gpu_kernel_impl_nocast<at::native::CUDAFunctor_add<c10::Half>>(at::TensorIteratorBase &, const T1 &)::[lambda(int) (instance 1)]>(int, T3)"
:qvq_quantize.main,PushPop,2264054,2264054,1,4294,94618470,22035.0,6176.0,2016,2429174,141754.6,"void at::native::unrolled_elementwise_kernel<at::native::direct_copy_kernel_cuda(at::TensorIteratorBase &)::[lambda() (instance 3)]::operator ()() const::[lambda() (instance 7)]::operator ()() const::[lambda(float) (instance 1)], std::array<char *, (unsigned long)2>, (int)4, TrivialOffsetCalculator<(int)1, unsigned int>, TrivialOffsetCalculator<(int)1, unsigned int>, at::native::memory::LoadWithCast<(int)1>, at::native::memory::StoreWithCast<(int)1>>(int, T1, T2, T4, T5, T6, T7)"
:qvq_quantize.main,PushPop,2264054,2264054,1,3760,77932358,20726.7,3904.0,1888,1141147,86096.2,"void at::native::vectorized_elementwise_kernel<(int)4, at::native::float16_copy_kernel_cuda(at::TensorIteratorBase &)::[lambda(float) (instance 1)], std::array<char *, (unsigned long)2>>(int, T2, T3)"
:qvq_quantize.main,PushPop,2264054,2264054,1,541,77419276,143104.0,30112.0,6432,1995510,360377.3,void cutlass::Kernel2<cutlass_75_tensorop_f16_s1688gemm_f16_64x64_tn_align1>(T1::Params)
:qvq_quantize.main,PushPop,2264054,2264054,1,6928,62772778,9060.7,5504.0,3872,90400,10795.3,"void at::native::elementwise_kernel<(int)128, (int)4, void at::native::gpu_kernel_impl_nocast<at::native::BinaryFunctor<c10::Half, c10::Half, c10::Half, at::native::binary_internal::MulFunctor<float>>>(at::TensorIteratorBase &, const T1 &)::[lambda(int) (instance 1)]>(int, T3)"
:qvq_quantize.main,PushPop,2264054,2264054,1,144,60030039,416875.3,370816.5,318881,838142,137212.3,ampere_sgemm_64x32_sliced1x4_nt
:qvq_quantize.main,PushPop,2264054,2264054,1,492,50966426,103590.3,25408.0,10816,1237146,230832.5,void cutlass::Kernel2<cutlass_75_tensorop_f16_s1688gemm_f16_64x64_nn_align1>(T1::Params)
:qvq_quantize.main,PushPop,2264054,2264054,1,16,47741762,2983860.1,2375800.0,840958,7591290,1905135.4,"void at::native::<unnamed>::cunn_SoftMaxForward<(int)4, float, float, float, at::native::<unnamed>::SoftMaxForwardEpilogue>(T4 *, const T2 *, int)"
:qvq_quantize.main,PushPop,2264054,2264054,1,16,47404161,2962760.1,2326328.5,812126,7386875,1923895.5,"void at::native::index_elementwise_kernel<(int)128, (int)4, void at::native::gpu_index_kernel<void at::native::index_kernel_impl<at::native::OpaqueType<(int)2>>(at::TensorIteratorBase &, c10::ArrayRef<long>, c10::ArrayRef<long>)::[lambda(char *, const char *, long) (instance 1)]>(at::TensorIteratorBase &, c10::ArrayRef<long>, c10::ArrayRef<long>, const T1 &, bool)::[lambda(int) (instance 1)]>(long, T3)"
:qvq_quantize.main,PushPop,2264054,2264054,1,16,47392645,2962040.3,2350648.0,842142,7529146,1885950.1,"void at::native::<unnamed>::cunn_SoftMaxForward<(int)4, float, float, float, at::native::<unnamed>::LogSoftMaxForwardEpilogue>(T4 *, const T2 *, int)"
:qvq_quantize.main,PushPop,2264054,2264054,1,3712,46514912,12531.0,6016.0,4096,90400,14892.0,"void at::native::elementwise_kernel<(int)128, (int)4, void at::native::gpu_kernel_impl_nocast<at::native::direct_copy_kernel_cuda(at::TensorIteratorBase &)::[lambda() (instance 3)]::operator ()() const::[lambda() (instance 10)]::operator ()() const::[lambda(c10::Half) (instance 1)]>(at::TensorIteratorBase &, const T1 &)::[lambda(int) (instance 1)]>(int, T3)"
:qvq_quantize.main,PushPop,2264054,2264054,1,600,41181131,68635.2,66768.0,58560,98080,9215.0,void cutlass::Kernel2<cutlass_80_tensorop_f16_s16816gemm_relu_f16_256x64_32x4_tn_align8>(T1::Params)
:qvq_quantize.main,PushPop,2264054,2264054,1,1152,40560266,35208.6,6336.0,1888,756476,98776.1,"void at::native::vectorized_elementwise_kernel<(int)4, at::native::AUnaryFunctor<c10::Half, c10::Half, c10::Half, at::native::binary_internal::MulFunctor<float>>, std::array<char *, (unsigned long)2>>(int, T2, T3)"
:qvq_quantize.main,PushPop,2264054,2264054,1,4147,40325766,9724.1,8096.0,3328,23648,4044.1,"void at::native::reduce_kernel<(int)512, (int)1, at::native::ReduceOp<bool, at::native::func_wrapper_t<bool, at::native::or_kernel_cuda(at::TensorIterator &)::[lambda() (instance 1)]::operator ()() const::[lambda() (instance 12)]::operator ()() const::[lambda(bool, bool) (instance 1)]>, unsigned int, bool, (int)4, (int)4>>(T3)"
:qvq_quantize.main,PushPop,2264054,2264054,1,400,36137826,90344.6,29376.0,8960,740319,161784.5,void cutlass::Kernel2<cutlass_80_wmma_tensorop_f16_s161616gemm_f16_32x32_32x1_tn_align2>(T1::Params)
:qvq_quantize.main,PushPop,2264054,2264054,1,244,33540858,137462.5,62400.0,42592,587965,159793.7,"void <unnamed>::softmax_warp_forward<c10::Half, float, float, (int)10, (bool)0, (bool)0, (int)32>(T2 *, const T1 *, int, int, int, const bool *, int, bool)"
:qvq_quantize.main,PushPop,2264054,2264054,1,19,33246200,1749800.0,1774423.0,583774,2912756,661441.9,"void at::native::vectorized_elementwise_kernel<(int)4, at::native::BinaryFunctor<float, float, float, at::native::binary_internal::DivFunctor<float>>, std::array<char *, (unsigned long)3>>(int, T2, T3)"
:qvq_quantize.main,PushPop,2264054,2264054,1,2304,31036037,13470.5,8576.0,5600,134079,15795.3,"void at::native::<unnamed>::CatArrayBatchedCopy<at::native::<unnamed>::OpaqueType<(unsigned int)2>, unsigned int, (int)4, (int)64, (int)64>(T1 *, at::native::<unnamed>::CatArrInputTensorMetadata<T1, T2, T4, T5>, at::native::<unnamed>::TensorSizeStride<T2, (unsigned int)4>, int, T2)"
:qvq_quantize.main,PushPop,2264054,2264054,1,2320,26185506,11286.9,9248.0,8128,59487,7122.0,"void at::native::reduce_kernel<(int)512, (int)1, at::native::ReduceOp<float, at::native::MeanOps<float, float, float, float>, unsigned int, float, (int)4, (int)4>>(T3)"
:qvq_quantize.main,PushPop,2264054,2264054,1,2320,25777138,11110.8,5472.0,3616,91520,14514.8,"void at::native::elementwise_kernel<(int)128, (int)2, void at::native::gpu_kernel_impl_nocast<at::native::BinaryFunctor<float, float, float, at::native::binary_internal::MulFunctor<float>>>(at::TensorIteratorBase &, const T1 &)::[lambda(int) (instance 1)]>(int, T3)"
:qvq_quantize.main,PushPop,2264054,2264054,1,478,25298206,52925.1,60096.0,26400,107104,19935.0,ampere_fp16_s16816gemm_fp16_128x128_ldg8_f2f_stages_64x3_tn
:qvq_quantize.main,PushPop,2264054,2264054,1,1310,25259789,19282.3,18208.0,9440,62944,6498.1,ampere_fp16_s16816gemm_fp16_128x64_ldg8_f2f_stages_64x4_tn
:qvq_quantize.main,PushPop,2264054,2264054,1,531,24690642,46498.4,32288.0,9024,141697,28221.8,void cutlass::Kernel2<cutlass_80_tensorop_f16_s16816gemm_relu_f16_128x128_32x5_tn_align8>(T1::Params)
:qvq_quantize.main,PushPop,2264054,2264054,1,640,21116030,32993.8,10336.5,3232,231103,45464.6,"void at::native::vectorized_elementwise_kernel<(int)4, at::native::BinaryFunctor<c10::Half, c10::Half, c10::Half, at::native::binary_internal::MulFunctor<float>>, std::array<char *, (unsigned long)3>>(int, T2, T3)"
:qvq_quantize.main,PushPop,2264054,2264054,1,896,18654130,20819.3,9024.0,3520,155327,27227.0,"void at::native::vectorized_elementwise_kernel<(int)4, at::native::<unnamed>::silu_kernel(at::TensorIteratorBase &)::[lambda() (instance 1)]::operator ()() const::[lambda() (instance 5)]::operator ()() const::[lambda(c10::Half) (instance 1)], std::array<char *, (unsigned long)2>>(int, T2, T3)"
:qvq_quantize.main,PushPop,2264054,2264054,1,2320,17986592,7752.8,3616.0,2336,78848,12119.2,"void at::native::vectorized_elementwise_kernel<(int)4, void at::native::<unnamed>::pow_tensor_scalar_kernel_impl<float, float>(at::TensorIteratorBase &, T2)::[lambda(float) (instance 1)], std::array<char *, (unsigned long)2>>(int, T2, T3)"
:qvq_quantize.main,PushPop,2264054,2264054,1,83,17237133,207676.3,284575.0,56032,337566,122115.8,ampere_fp16_s16816gemm_fp16_256x128_ldg8_f2f_stages_32x3_tn
:qvq_quantize.main,PushPop,2264054,2264054,1,1306,16896828,12937.8,12544.0,11712,40416,1979.7,ampere_fp16_s16816gemm_fp16_64x64_sliced1x2_ldg8_f2f_stages_64x5_tn
:qvq_quantize.main,PushPop,2264054,2264054,1,416,16716616,40184.2,19408.0,12992,188768,46793.7,"void <unnamed>::softmax_warp_forward<c10::Half, float, float, (int)9, (bool)0, (bool)0, (int)32>(T2 *, const T1 *, int, int, int, const bool *, int, bool)"
:qvq_quantize.main,PushPop,2264054,2264054,1,19,16037761,844092.7,875260.0,270271,1469178,336470.8,"void at::native::<unnamed>::distribution_elementwise_grid_stride_kernel<float, (int)4, void at::native::templates::cuda::uniform_and_transform<float, float, at::CUDAGeneratorImpl *, void at::native::templates::cuda::exponential_kernel<at::CUDAGeneratorImpl *>(at::TensorIteratorBase &, double, T1)::[lambda() (instance 1)]::operator ()() const::[lambda() (instance 2)]::operator ()() const::[lambda(float) (instance 1)]>(at::TensorIteratorBase &, T3, T4)::[lambda(curandStatePhilox4_32_10 *) (instance 2)], void at::native::<unnamed>::distribution_nullary_kernel<float, float, float4, at::CUDAGeneratorImpl *, void at::native::templates::cuda::uniform_and_transform<float, float, at::CUDAGeneratorImpl *, void at::native::templates::cuda::exponential_kernel<at::CUDAGeneratorImpl *>(at::TensorIteratorBase &, double, T1)::[lambda() (instance 1)]::operator ()() const::[lambda() (instance 2)]::operator ()() const::[lambda(float) (instance 1)]>(at::TensorIteratorBase &, T3, T4)::[lambda(curandStatePhilox4_32_10 *) (instance 2)], void at::native::templates::cuda::exponential_kernel<at::CUDAGeneratorImpl *>(at::TensorIteratorBase &, double, T1)::[lambda() (instance 1)]::operator ()() const::[lambda() (instance 2)]::operator ()() const::[lambda(float) (instance 1)]>(at::TensorIteratorBase &, T4, const T5 &, T6)::[lambda(int, float) (instance 1)]>(long, at::PhiloxCudaState, T3, T4)"
:qvq_quantize.main,PushPop,2264054,2264054,1,3728,14181646,3804.1,3264.0,2304,35328,2114.3,"void at::native::vectorized_gather_kernel<(int)16, long>(char *, char *, T2 *, int, long, long, long, long, bool)"
:qvq_quantize.main,PushPop,2264054,2264054,1,2304,12702527,5513.2,4352.0,3456,42527,4520.2,"void at::native::elementwise_kernel<(int)128, (int)4, void at::native::gpu_kernel_impl_nocast<at::native::neg_kernel_cuda(at::TensorIteratorBase &)::[lambda() (instance 2)]::operator ()() const::[lambda() (instance 8)]::operator ()() const::[lambda(c10::Half) (instance 1)]>(at::TensorIteratorBase &, const T1 &)::[lambda(int) (instance 1)]>(int, T3)"
:qvq_quantize.main,PushPop,2264054,2264054,1,263,12338169,46913.2,25856.0,9600,254081,64276.4,void cutlass::Kernel2<cutlass_80_tensorop_f16_s16816gemm_f16_64x128_64x3_nn_align2>(T1::Params)
:qvq_quantize.main,PushPop,2264054,2264054,1,1168,12297414,10528.6,2848.0,2336,1410713,75920.4,"void at::native::vectorized_elementwise_kernel<(int)4, at::native::BinaryFunctor<c10::Half, c10::Half, bool, at::native::<unnamed>::CompareEqFunctor<c10::Half>>, std::array<char *, (unsigned long)3>>(int, T2, T3)"
:qvq_quantize.main,PushPop,2264054,2264054,1,19,12120944,637944.4,639613.0,231328,1057468,229775.1,"void at::native::reduce_kernel<(int)512, (int)1, at::native::ReduceOp<float, at::native::ArgMaxOps<float>, unsigned int, long, (int)4, (int)4>>(T3)"
:qvq_quantize.main,PushPop,2264054,2264054,1,19,11705199,616063.1,619869.0,215519,1015932,223281.4,"void at::native::reduce_kernel<(int)512, (int)1, at::native::ReduceOp<float, at::native::MinMaxOps<float, float, int>, unsigned int, float, (int)4, (int)4>>(T3)"
:qvq_quantize.main,PushPop,2264054,2264054,1,35,11587699,331077.1,280288.0,3904,1004092,345894.6,"void at::native::reduce_kernel<(int)512, (int)1, at::native::ReduceOp<float, at::native::func_wrapper_t<float, at::native::sum_functor<float, float, float>::operator ()(at::TensorIterator &)::[lambda(float, float) (instance 1)]>, unsigned int, float, (int)4, (int)4>>(T3)"
:qvq_quantize.main,PushPop,2264054,2264054,1,1280,11429031,8928.9,4480.0,2624,61216,10396.4,"void at::native::vectorized_elementwise_kernel<(int)4, at::native::CUDAFunctor_add<c10::Half>, std::array<char *, (unsigned long)3>>(int, T2, T3)"
:qvq_quantize.main,PushPop,2264054,2264054,1,16,11095186,693449.1,549630.0,193215,1783543,446473.0,"void at::native::vectorized_elementwise_kernel<(int)4, at::native::AbsFunctor<c10::Half>, std::array<char *, (unsigned long)2>>(int, T2, T3)"
:qvq_quantize.main,PushPop,2264054,2264054,1,3600,9458600,2627.4,2560.0,2304,5024,199.7,"void at_cuda_detail::cub::detail::select::DeviceSelectSweepKernel<at_cuda_detail::cub::detail::select::policy_hub<long, bool, int, (bool)0, (at_cuda_detail::cub::SelectImpl)0>::Policy1000, thrust::_V_300200_SM_750_800_860_900_1000_1200::counting_iterator<long, thrust::_V_300200_SM_750_800_860_900_1000_1200::use_default, thrust::_V_300200_SM_750_800_860_900_1000_1200::use_default, thrust::_V_300200_SM_750_800_860_900_1000_1200::use_default, thrust::_V_300200_SM_750_800_860_900_1000_1200::compile_time_value<(int)1>>, thrust::_V_300200_SM_750_800_860_900_1000_1200::transform_iterator<at::native::<unnamed>::NonZeroOp<bool>, const bool *, thrust::_V_300200_SM_750_800_860_900_1000_1200::use_default, thrust::_V_300200_SM_750_800_860_900_1000_1200::use_default>, long *, int *, at_cuda_detail::cub::ScanTileState<int, (bool)1>, at_cuda_detail::cub::NullType, at_cuda_detail::cub::NullType, int, at_cuda_detail::cub::detail::select::streaming_context_t<long, (bool)1>, (at_cuda_detail::cub::SelectImpl)0>(T2, T3, T4, T5, T6, T7, T8, T9, int, T10, at_cuda_detail::cub::detail::vsmem_t)"
:qvq_quantize.main,PushPop,2264054,2264054,1,32,9204634,287644.8,84095.5,1792,1449593,385119.2,"void at::native::vectorized_elementwise_kernel<(int)4, at::native::BinaryFunctor<bool, bool, bool, at::native::binary_internal::MulFunctor<bool>>, std::array<char *, (unsigned long)3>>(int, T2, T3)"
:qvq_quantize.main,PushPop,2264054,2264054,1,864,9069870,10497.5,9920.0,8768,13312,1284.3,sm80_xmma_gemm_f16f16_f16f32_f32_tn_n_tilesize32x32x64_stage6_warpsize2x2x1_tensor16x8x16_execute_kernel__5x_cublas
:qvq_quantize.main,PushPop,2264054,2264054,1,16,8886429,555401.8,445134.5,158848,1405273,350967.5,"void at::native::vectorized_elementwise_kernel<(int)4, at::native::AUnaryFunctor<c10::Half, c10::Half, bool, at::native::<unnamed>::CompareEqFunctor<c10::Half>>, std::array<char *, (unsigned long)2>>(int, T2, T3)"
:qvq_quantize.main,PushPop,2264054,2264054,1,3456,8263605,2391.1,2336.0,1952,5664,371.6,"void at::native::vectorized_elementwise_kernel<(int)4, void at::native::compare_scalar_kernel<c10::Half>(at::TensorIteratorBase &, at::native::<unnamed>::OpType, T1)::[lambda(c10::Half) (instance 1)], std::array<char *, (unsigned long)2>>(int, T2, T3)"
:qvq_quantize.main,PushPop,2264054,2264054,1,179,8037276,44901.0,44544.0,26464,90369,16020.9,sm80_xmma_gemm_f16f16_f16f32_f32_tn_n_tilesize96x128x32_stage4_warpsize2x2x1_tensor16x8x16_execute_kernel__5x_cublas
:qvq_quantize.main,PushPop,2264054,2264054,1,3596,7995026,2223.3,1984.0,1600,4992,569.5,"void at_cuda_detail::cub::detail::reduce::DeviceReduceSingleTileKernel<at_cuda_detail::cub::detail::reduce::policy_hub<int, unsigned long long, cuda::std::__4::plus<void>>::Policy1000, thrust::_V_300200_SM_750_800_860_900_1000_1200::transform_iterator<at::native::<unnamed>::NonZeroOp<bool>, const bool *, thrust::_V_300200_SM_750_800_860_900_1000_1200::use_default, thrust::_V_300200_SM_750_800_860_900_1000_1200::use_default>, int *, unsigned long long, cuda::std::__4::plus<void>, int, int, cuda::std::__4::identity>(T2, T3, T4, T5, T6, T8)"
:qvq_quantize.main,PushPop,2264054,2264054,1,390,6897753,17686.5,8736.0,6016,63136,17358.7,"void <unnamed>::softmax_warp_forward<c10::Half, float, float, (int)8, (bool)0, (bool)0, (int)32>(T2 *, const T1 *, int, int, int, const bool *, int, bool)"
:qvq_quantize.main,PushPop,2264054,2264054,1,194,6759829,34844.5,34848.0,31520,40128,2650.9,ampere_fp16_s16816gemm_fp16_256x64_ldg8_f2f_stages_64x3_tn
:qvq_quantize.main,PushPop,2264054,2264054,1,224,5884842,26271.6,22784.0,20640,31616,4440.9,ampere_fp16_s16816gemm_fp16_128x64_ldg8_f2f_stages_64x3_tn
:qvq_quantize.main,PushPop,2264054,2264054,1,32,5119275,159977.3,54496.0,2944,746524,204987.3,"void at::native::reduce_kernel<(int)512, (int)1, at::native::ReduceOp<bool, at::native::func_wrapper_t<bool, at::native::and_kernel_cuda(at::TensorIterator &)::[lambda() (instance 1)]::operator ()() const::[lambda() (instance 12)]::operator ()() const::[lambda(bool, bool) (instance 1)]>, unsigned int, bool, (int)4, (int)4>>(T3)"
:qvq_quantize.main,PushPop,2264054,2264054,1,3600,4952493,1375.7,1344.0,1184,1952,163.2,"void at_cuda_detail::cub::detail::scan::DeviceCompactInitKernel<at_cuda_detail::cub::ScanTileState<int, (bool)1>, int *>(T1, int, T2)"
:qvq_quantize.main,PushPop,2264054,2264054,1,90,4923780,54708.7,45120.0,42880,135168,28143.5,sm80_xmma_gemm_f16f16_f16f32_f32_tn_n_tilesize192x128x32_stage3_warpsize4x2x1_tensor16x8x16_execute_kernel__5x_cublas
:qvq_quantize.main,PushPop,2264054,2264054,1,315,4886374,15512.3,14208.0,8512,25024,4720.0,"void at::native::reduce_kernel<(int)128, (int)4, at::native::ReduceOp<bool, at::native::func_wrapper_t<bool, at::native::or_kernel_cuda(at::TensorIterator &)::[lambda() (instance 1)]::operator ()() const::[lambda() (instance 12)]::operator ()() const::[lambda(bool, bool) (instance 1)]>, unsigned int, bool, (int)4, (int)4>>(T3)"
:qvq_quantize.main,PushPop,2264054,2264054,1,2320,4781627,2061.0,2016.0,1632,2720,178.6,"void at::native::vectorized_elementwise_kernel<(int)4, at::native::rsqrt_kernel_cuda(at::TensorIteratorBase &)::[lambda() (instance 2)]::operator ()() const::[lambda() (instance 2)]::operator ()() const::[lambda(float) (instance 1)], std::array<char *, (unsigned long)2>>(int, T2, T3)"
:qvq_quantize.main,PushPop,2264054,2264054,1,2320,4675555,2015.3,1952.0,1536,3072,244.3,"void at::native::vectorized_elementwise_kernel<(int)4, at::native::CUDAFunctorOnSelf_add<float>, std::array<char *, (unsigned long)2>>(int, T2, T3)"
:qvq_quantize.main,PushPop,2264054,2264054,1,7,4270953,610136.1,610115.0,609954,610399,157.8,"void at::native::<unnamed>::cunn_SoftMaxForwardSmem<(int)8, c10::Half, float, float, at::native::<unnamed>::SoftMaxForwardEpilogue, long>(T4 *, const T2 *, T6)"
:qvq_quantize.main,PushPop,2264054,2264054,1,105,4107923,39123.1,39040.0,38592,41216,415.3,void cutlass::Kernel2<cutlass_80_tensorop_f16_s16816gemm_relu_f16_128x128_32x6_tn_align8>(T1::Params)
:qvq_quantize.main,PushPop,2264054,2264054,1,306,2990441,9772.7,8480.0,6720,29952,4020.5,"void at::native::reduce_kernel<(int)256, (int)2, at::native::ReduceOp<bool, at::native::func_wrapper_t<bool, at::native::or_kernel_cuda(at::TensorIterator &)::[lambda() (instance 1)]::operator ()() const::[lambda() (instance 12)]::operator ()() const::[lambda(bool, bool) (instance 1)]>, unsigned int, bool, (int)4, (int)4>>(T3)"
:qvq_quantize.main,PushPop,2264054,2264054,1,64,2766709,43229.8,42416.0,34560,54016,8437.1,void cutlass::Kernel2<cutlass_80_tensorop_f16_s16816gemm_relu_f16_128x128_32x4_tn_align8>(T1::Params)
:qvq_quantize.main,PushPop,2264054,2264054,1,32,2732662,85395.7,85471.5,84063,85919,379.3,sm80_xmma_gemm_f16f16_f16f32_f32_tn_n_tilesize128x128x32_stage4_warpsize2x2x1_tensor16x8x16_execute_kernel__5x_cublas
:qvq_quantize.main,PushPop,2264054,2264054,1,180,2358308,13101.7,13056.0,12832,13536,160.9,ampere_fp16_s16816gemm_fp16_64x64_ldg8_f2f_stages_64x5_tn
:qvq_quantize.main,PushPop,2264054,2264054,1,32,2289016,71531.8,71567.5,70976,72000,311.5,sm80_xmma_gemm_f16f16_f16f32_f32_tn_n_tilesize160x128x32_stage4_warpsize2x2x1_tensor16x8x16_execute_kernel__5x_cublas
:qvq_quantize.main,PushPop,2264054,2264054,1,179,2274022,12704.0,12416.0,12160,23776,1390.7,ampere_fp16_s16816gemm_fp16_64x64_sliced1x2_ldg8_f2f_stages_64x6_tn
:qvq_quantize.main,PushPop,2264054,2264054,1,72,2178077,30251.1,16480.0,9760,85023,28075.3,ampere_fp16_s16816gemm_fp16_64x128_sliced1x2_ldg8_f2f_stages_64x3_nn
:qvq_quantize.main,PushPop,2264054,2264054,1,56,2141767,38245.8,32400.0,28416,80641,16306.1,ampere_fp16_s1688gemm_fp16_256x64_ldg8_f2f_tn
:qvq_quantize.main,PushPop,2264054,2264054,1,123,1944348,15807.7,11040.0,6560,40416,11187.6,void cutlass::Kernel2<cutlass_80_tensorop_f16_s16816gemm_f16_64x64_32x6_nn_align2>(T1::Params)
:qvq_quantize.main,PushPop,2264054,2264054,1,24,1439744,59989.3,60096.0,59296,60736,427.5,ampere_sgemm_32x128_nt
:qvq_quantize.main,PushPop,2264054,2264054,1,67,1299551,19396.3,11392.0,9376,36384,9954.0,void cutlass::Kernel2<cutlass_80_tensorop_f16_s16816gemm_relu_f16_64x256_32x4_nn_align8>(T1::Params)
:qvq_quantize.main,PushPop,2264054,2264054,1,288,1242080,4312.8,3808.0,3392,43456,2772.4,"void at::native::elementwise_kernel<(int)128, (int)4, void at::native::gpu_kernel_impl_nocast<at::native::BinaryFunctor<bool, bool, bool, at::native::BitwiseAndFunctor<bool>>>(at::TensorIteratorBase &, const T1 &)::[lambda(int) (instance 1)]>(int, T3)"
:qvq_quantize.main,PushPop,2264054,2264054,1,720,1150396,1597.8,1728.0,1247,1920,206.2,"void <unnamed>::elementwise_kernel_with_index<int, at::native::arange_cuda_out(const c10::Scalar &, const c10::Scalar &, const c10::Scalar &, at::Tensor &)::[lambda() (instance 1)]::operator ()() const::[lambda() (instance 4)]::operator ()() const::[lambda(long) (instance 1)]>(T1, T2, function_traits<T2>::result_type *)"
:qvq_quantize.main,PushPop,2264054,2264054,1,14,1106470,79033.6,78912.5,72513,85632,6466.8,void cutlass::Kernel2<cutlass_80_tensorop_f16_s16816gemm_f16_64x128_64x4_nn_align2>(T1::Params)
:qvq_quantize.main,PushPop,2264054,2264054,1,28,1014978,36249.2,31504.0,26016,58048,11718.5,ampere_fp16_s16816gemm_fp16_64x64_sliced1x2_ldg8_f2f_stages_64x5_nn
:qvq_quantize.main,PushPop,2264054,2264054,1,144,830112,5764.7,5712.0,3392,8416,1234.0,"void at::native::index_elementwise_kernel<(int)128, (int)4, void at::native::gpu_index_kernel<void at::native::index_kernel_impl<at::native::OpaqueType<(int)1>>(at::TensorIteratorBase &, c10::ArrayRef<long>, c10::ArrayRef<long>)::[lambda(char *, const char *, long) (instance 1)]>(at::TensorIteratorBase &, c10::ArrayRef<long>, c10::ArrayRef<long>, const T1 &, bool)::[lambda(int) (instance 1)]>(long, T3)"
:qvq_quantize.main,PushPop,2264054,2264054,1,154,799844,5193.8,5344.0,3360,6304,657.9,"void cublasLt::splitKreduce_kernel<(int)32, (int)16, int, __half, __half, float, __half, (bool)0, __half, __half, __half, (bool)1, (bool)0, (bool)0, (bool)0>(cublasLt::cublasSplitKParams<T6>, const T4 *, const T10 *, T9 *, T5 *, const T6 *, const T6 *, const T11 *, const T4 *, T11 *, void *, long, T6 *, int *, T6 *, T6 *, const T6 *, const T6 *, const T6 *, const T6 *, const T6 *)"
:qvq_quantize.main,PushPop,2264054,2264054,1,432,796061,1842.7,1839.5,1472,2688,141.3,"void at::native::vectorized_elementwise_kernel<(int)2, at::native::CUDAFunctorOnSelf_add<long>, std::array<char *, (unsigned long)2>>(int, T2, T3)"
:qvq_quantize.main,PushPop,2264054,2264054,1,144,707071,4910.2,4864.0,4800,5568,113.7,"void at::native::<unnamed>::CatArrayBatchedCopy<at::native::<unnamed>::OpaqueType<(unsigned int)4>, unsigned int, (int)3, (int)64, (int)64>(T1 *, at::native::<unnamed>::CatArrInputTensorMetadata<T1, T2, T4, T5>, at::native::<unnamed>::TensorSizeStride<T2, (unsigned int)4>, int, T2)"
:qvq_quantize.main,PushPop,2264054,2264054,1,30,697407,23246.9,35919.5,8160,36736,14152.5,ampere_fp16_s16816gemm_fp16_64x64_ldg8_f2f_tn
:qvq_quantize.main,PushPop,2264054,2264054,1,144,661534,4594.0,3968.0,3584,37792,3177.5,"void at::native::elementwise_kernel<(int)128, (int)4, void at::native::gpu_kernel_impl_nocast<at::native::<unnamed>::where_kernel_impl(at::TensorIterator &)::[lambda() (instance 1)]::operator ()() const::[lambda() (instance 2)]::operator ()() const::[lambda(bool, unsigned short, unsigned short) (instance 1)]>(at::TensorIteratorBase &, const T1 &)::[lambda(int) (instance 1)]>(int, T3)"
:qvq_quantize.main,PushPop,2264054,2264054,1,144,610398,4238.9,3968.0,3456,16768,1270.1,"void at::native::elementwise_kernel<(int)128, (int)4, void at::native::gpu_kernel_impl_nocast<at::native::<unnamed>::CompareFunctor<long>>(at::TensorIteratorBase &, const T1 &)::[lambda(int) (instance 1)]>(int, T3)"
:qvq_quantize.main,PushPop,2264054,2264054,1,288,594271,2063.4,2048.0,1920,2848,92.0,"void at::native::vectorized_elementwise_kernel<(int)4, at::native::AUnaryFunctor<float, float, float, at::native::binary_internal::MulFunctor<float>>, std::array<char *, (unsigned long)2>>(int, T2, T3)"
:qvq_quantize.main,PushPop,2264054,2264054,1,272,526752,1936.6,1888.0,1632,2624,143.3,"void at::native::vectorized_elementwise_kernel<(int)4, void at::native::compare_scalar_kernel<long>(at::TensorIteratorBase &, at::native::<unnamed>::OpType, T1)::[lambda(long) (instance 1)], std::array<char *, (unsigned long)2>>(int, T2, T3)"
:qvq_quantize.main,PushPop,2264054,2264054,1,51,488225,9573.0,5632.0,5440,18720,6002.6,"void <unnamed>::softmax_warp_forward<c10::Half, float, float, (int)7, (bool)0, (bool)0, (int)32>(T2 *, const T1 *, int, int, int, const bool *, int, bool)"
:qvq_quantize.main,PushPop,2264054,2264054,1,12,480194,40016.2,40128.5,38816,40768,639.2,ampere_sgemm_128x32_nt
:qvq_quantize.main,PushPop,2264054,2264054,1,144,458655,3185.1,3104.0,2912,3808,181.1,"void at::native::vectorized_elementwise_kernel<(int)4, at::native::cos_kernel_cuda(at::TensorIteratorBase &)::[lambda() (instance 2)]::operator ()() const::[lambda() (instance 2)]::operator ()() const::[lambda(float) (instance 1)], std::array<char *, (unsigned long)2>>(int, T2, T3)"
:qvq_quantize.main,PushPop,2264054,2264054,1,12,453089,37757.4,37808.0,37152,38241,292.0,void cutlass::Kernel2<cutlass_80_tensorop_f16_s16816gemm_relu_f16_128x256_32x3_tn_align8>(T1::Params)
:qvq_quantize.main,PushPop,2264054,2264054,1,144,444575,3087.3,3008.0,2848,3808,207.9,"void at::native::vectorized_elementwise_kernel<(int)4, at::native::sin_kernel_cuda(at::TensorIteratorBase &)::[lambda() (instance 2)]::operator ()() const::[lambda() (instance 2)]::operator ()() const::[lambda(float) (instance 1)], std::array<char *, (unsigned long)2>>(int, T2, T3)"
:qvq_quantize.main,PushPop,2264054,2264054,1,30,436352,14545.1,21360.0,5760,21632,7560.4,void cutlass::Kernel2<cutlass_80_wmma_tensorop_f16_s161616gemm_f16_32x32_64x1_tn_align2>(T1::Params)
:qvq_quantize.main,PushPop,2264054,2264054,1,160,409598,2560.0,2688.0,1792,3072,345.7,"void at::native::elementwise_kernel<(int)128, (int)2, void at::native::gpu_kernel_impl_nocast<at::native::direct_copy_kernel_cuda(at::TensorIteratorBase &)::[lambda() (instance 3)]::operator ()() const::[lambda() (instance 4)]::operator ()() const::[lambda(long) (instance 1)]>(at::TensorIteratorBase &, const T1 &)::[lambda(int) (instance 1)]>(int, T3)"
:qvq_quantize.main,PushPop,2264054,2264054,1,144,403040,2798.9,2848.0,1888,3328,185.7,_bmm_outer_product_kernel
:qvq_quantize.main,PushPop,2264054,2264054,1,42,388385,9247.3,8992.0,7712,12033,1563.6,void cutlass::Kernel2<cutlass_75_wmma_tensorop_f16_s161616gemm_f16_32x32_64x1_nn_align1>(T1::Params)
:qvq_quantize.main,PushPop,2264054,2264054,1,46,375458,8162.1,2016.0,1376,111489,22419.6,"void at::native::vectorized_elementwise_kernel<(int)4, at::native::FillFunctor<float>, std::array<char *, (unsigned long)1>>(int, T2, T3)"
:qvq_quantize.main,PushPop,2264054,2264054,1,16,359645,22477.8,22431.5,22272,22848,165.3,void cutlass::Kernel2<cutlass_80_wmma_tensorop_f16_s161616gemm_f16_32x32_64x1_nn_align2>(T1::Params)
:qvq_quantize.main,PushPop,2264054,2264054,1,128,245919,1921.2,1920.0,1600,2432,109.3,"void at::native::vectorized_elementwise_kernel<(int)4, at::native::BinaryFunctor<bool, bool, bool, at::native::BitwiseOrFunctor<bool>>, std::array<char *, (unsigned long)3>>(int, T2, T3)"
:qvq_quantize.main,PushPop,2264054,2264054,1,145,217503,1500.0,1504.0,1408,1888,57.2,"void at::native::vectorized_elementwise_kernel<(int)4, at::native::FillFunctor<bool>, std::array<char *, (unsigned long)1>>(int, T2, T3)"
:qvq_quantize.main,PushPop,2264054,2264054,1,144,212352,1474.7,1504.0,1376,1536,43.2,"void at::native::vectorized_elementwise_kernel<(int)4, at::native::FillFunctor<c10::Half>, std::array<char *, (unsigned long)1>>(int, T2, T3)"
:qvq_quantize.main,PushPop,2264054,2264054,1,32,115712,3616.0,3600.0,3232,4032,204.2,"void at::native::_assert_async_cuda_kernel<bool>(const T1 *, at::native::Msg)"
:qvq_quantize.main,PushPop,2264054,2264054,1,14,103456,7389.7,7392.0,6432,8320,900.0,void cutlass::Kernel2<cutlass_80_wmma_tensorop_f16_s161616gemm_f16_32x32_128x1_nn_align2>(T1::Params)
:qvq_quantize.main,PushPop,2264054,2264054,1,14,84096,6006.9,6000.0,5248,6752,740.8,void cutlass::Kernel2<cutlass_80_wmma_tensorop_f16_s161616gemm_f16_32x32_128x1_nn_align8>(T1::Params)
:qvq_quantize.main,PushPop,2264054,2264054,1,14,79232,5659.4,5664.0,5024,6304,641.0,ampere_fp16_s16816gemm_fp16_128x64_ldg8_f2f_stages_32x6_tn
:qvq_quantize.main,PushPop,2264054,2264054,1,16,78208,4888.0,4864.0,4640,5216,171.1,"void at::native::<unnamed>::write_indices<long>(long *, at::native::<unnamed>::TensorDims<T1>, int, T1, long *, long)"
:qvq_quantize.main,PushPop,2264054,2264054,1,32,77056,2408.0,2400.0,2176,2784,135.5,"void at::native::vectorized_elementwise_kernel<(int)4, void at::native::compare_scalar_kernel<float>(at::TensorIteratorBase &, at::native::<unnamed>::OpType, T1)::[lambda(float) (instance 1)], std::array<char *, (unsigned long)2>>(int, T2, T3)"
:qvq_quantize.main,PushPop,2264054,2264054,1,16,76000,4750.0,4752.0,4224,5344,367.5,"void at::native::reduce_kernel<(int)512, (int)1, at::native::ReduceOp<long, at::native::func_wrapper_t<long, at::native::sum_functor<long, long, long>::operator ()(at::TensorIterator &)::[lambda(long, long) (instance 1)]>, unsigned int, long, (int)4, (int)4>>(T3)"
:qvq_quantize.main,PushPop,2264054,2264054,1,16,76000,4750.0,4800.0,4352,5088,206.7,"void at::native::unrolled_elementwise_kernel<at::native::AUnaryFunctor<long, long, bool, at::native::<unnamed>::CompareEqFunctor<long>>, std::array<char *, (unsigned long)2>, (int)4, TrivialOffsetCalculator<(int)1, unsigned int>, TrivialOffsetCalculator<(int)1, unsigned int>, at::native::memory::LoadWithCast<(int)1>, at::native::memory::StoreWithCast<(int)1>>(int, T1, T2, T4, T5, T6, T7)"
:qvq_quantize.main,PushPop,2264054,2264054,1,32,75776,2368.0,2336.0,1792,3104,459.0,"void at::native::vectorized_elementwise_kernel<(int)4, at::native::AUnaryFunctor<float, float, bool, at::native::<unnamed>::CompareEqFunctor<float>>, std::array<char *, (unsigned long)2>>(int, T2, T3)"
:qvq_quantize.main,PushPop,2264054,2264054,1,16,69632,4352.0,4352.0,3712,4960,347.0,"void at::native::<unnamed>::nll_loss_forward_no_reduce_cuda_kernel<float, long>(long, torch::headeronly::detail::GenericPackedTensorAccessor<torch::headeronly::detail::TensorAccessor<c10::ArrayRef<long>, T1, (unsigned long)1, torch::headeronly::DefaultPtrTraits, long>, at::detail::IndexBoundsCheck<(unsigned long)2, long>, T1, (unsigned long)2, torch::headeronly::DefaultPtrTraits, long>, const T2 *, T1 *, const T1 *, long, long)"
:qvq_quantize.main,PushPop,2264054,2264054,1,16,67680,4230.0,4288.0,3968,4352,112.2,"void at::native::unrolled_elementwise_kernel<at::native::direct_copy_kernel_cuda(at::TensorIteratorBase &)::[lambda() (instance 3)]::operator ()() const::[lambda() (instance 4)]::operator ()() const::[lambda(long) (instance 1)], std::array<char *, (unsigned long)2>, (int)4, TrivialOffsetCalculator<(int)1, unsigned int>, TrivialOffsetCalculator<(int)1, unsigned int>, at::native::memory::LoadWithCast<(int)1>, at::native::memory::StoreWithCast<(int)1>>(int, T1, T2, T4, T5, T6, T7)"
:qvq_quantize.main,PushPop,2264054,2264054,1,7,35904,5129.1,5120.0,5088,5184,44.2,void cutlass::Kernel2<cutlass_75_wmma_tensorop_f16_s161616gemm_f16_32x32_32x1_nn_align1>(T1::Params)
:qvq_quantize.main,PushPop,2264054,2264054,1,16,33024,2064.0,2032.0,1824,2304,128.5,"void at::native::vectorized_elementwise_kernel<(int)4, at::native::BinaryFunctor<bool, bool, bool, at::native::BitwiseAndFunctor<bool>>, std::array<char *, (unsigned long)3>>(int, T2, T3)"
:qvq_quantize.main,PushPop,2264054,2264054,1,16,32768,2048.0,2048.0,1952,2240,85.1,"void at::native::vectorized_elementwise_kernel<(int)4, at::native::bitwise_not_kernel_cuda(at::TensorIteratorBase &)::[lambda(bool) (instance 1)], std::array<char *, (unsigned long)2>>(int, T2, T3)"
:qvq_quantize.main,PushPop,2264054,2264054,1,16,29280,1830.0,1824.0,1664,2176,115.8,"void at::native::vectorized_elementwise_kernel<(int)4, at::native::AbsFunctor<float>, std::array<char *, (unsigned long)2>>(int, T2, T3)"
:qvq_quantize.main,PushPop,2264054,2264054,1,16,26560,1660.0,1632.0,1536,1792,62.8,"void at::native::vectorized_elementwise_kernel<(int)4, at::native::BinaryFunctor<float, float, bool, at::native::<unnamed>::CompareEqFunctor<float>>, std::array<char *, (unsigned long)3>>(int, T2, T3)"
:qvq_quantize.main,PushPop,2264054,2264054,1,7,25984,3712.0,3712.0,3680,3744,26.1,"void <unnamed>::softmax_warp_forward<c10::Half, float, float, (int)6, (bool)0, (bool)0, (int)32>(T2 *, const T1 *, int, int, int, const bool *, int, bool)"
:qvq_quantize.main,PushPop,2264054,2264054,1,4,13536,3384.0,3392.0,2976,3776,330.9,"void at_cuda_detail::cub::detail::reduce::DeviceReduceKernel<at_cuda_detail::cub::detail::reduce::policy_hub<int, unsigned long long, cuda::std::__4::plus<void>>::Policy1000, thrust::_V_300200_SM_750_800_860_900_1000_1200::transform_iterator<at::native::<unnamed>::NonZeroOp<bool>, const bool *, thrust::_V_300200_SM_750_800_860_900_1000_1200::use_default, thrust::_V_300200_SM_750_800_860_900_1000_1200::use_default>, unsigned long long, cuda::std::__4::plus<void>, int, cuda::std::__4::identity>(T2, T5 *, T3, at_cuda_detail::cub::GridEvenShare<T3>, T4, T6)"
:qvq_quantize.main,PushPop,2264054,2264054,1,4,8832,2208.0,2224.0,2080,2304,101.2,"void at_cuda_detail::cub::detail::reduce::DeviceReduceSingleTileKernel<at_cuda_detail::cub::detail::reduce::policy_hub<int, unsigned long long, cuda::std::__4::plus<void>>::Policy1000, int *, int *, int, cuda::std::__4::plus<void>, int, int, cuda::std::__4::identity>(T2, T3, T4, T5, T6, T8)"
:stage.prepare_yaqa,PushPop,2264054,2264054,1,279,172684024,618939.2,414622.0,202271,11404072,1163954.2,ampere_fp16_s16816gemm_fp16_128x256_ldg8_f2f_stages_64x3_tn
:stage.prepare_yaqa,PushPop,2264054,2264054,1,688,164629012,239286.4,139183.5,34368,1217402,298167.0,ampere_fp16_s16816gemm_fp16_128x128_ldg8_f2f_stages_32x5_tn
:stage.prepare_yaqa,PushPop,2264054,2264054,1,16,107656802,6728550.1,6734398.0,6667422,6735966,17876.1,"void at::native::<unnamed>::cunn_SoftMaxForward<(int)8, c10::Half, float, float, at::native::<unnamed>::SoftMaxForwardEpilogue>(T4 *, const T2 *, int)"
:stage.prepare_yaqa,PushPop,2264054,2264054,1,217,93021684,428671.4,223743.0,146304,17460072,1283334.6,ampere_fp16_s16816gemm_fp16_256x128_ldg8_f2f_stages_64x3_tn
:stage.prepare_yaqa,PushPop,2264054,2264054,1,768,75675018,98535.2,23824.0,5280,1584856,247218.1,"void at::native::elementwise_kernel<(int)128, (int)4, void at::native::gpu_kernel_impl_nocast<at::native::CUDAFunctor_add<c10::Half>>(at::TensorIteratorBase &, const T1 &)::[lambda(int) (instance 1)]>(int, T3)"
:stage.prepare_yaqa,PushPop,2264054,2264054,1,582,69130184,118780.4,19936.0,2528,2429174,370847.5,"void at::native::unrolled_elementwise_kernel<at::native::direct_copy_kernel_cuda(at::TensorIteratorBase &)::[lambda() (instance 3)]::operator ()() const::[lambda() (instance 7)]::operator ()() const::[lambda(float) (instance 1)], std::array<char *, (unsigned long)2>, (int)4, TrivialOffsetCalculator<(int)1, unsigned int>, TrivialOffsetCalculator<(int)1, unsigned int>, at::native::memory::LoadWithCast<(int)1>, at::native::memory::StoreWithCast<(int)1>>(int, T1, T2, T4, T5, T6, T7)"
:stage.prepare_yaqa,PushPop,2264054,2264054,1,128,62876485,491222.5,182079.5,47680,1995510,623278.4,void cutlass::Kernel2<cutlass_75_tensorop_f16_s1688gemm_f16_64x64_tn_align1>(T1::Params)
:stage.prepare_yaqa,PushPop,2264054,2264054,1,816,54458161,66737.9,15680.0,1920,1141147,172296.9,"void at::native::vectorized_elementwise_kernel<(int)4, at::native::float16_copy_kernel_cuda(at::TensorIteratorBase &)::[lambda(float) (instance 1)], std::array<char *, (unsigned long)2>>(int, T2, T3)"
:stage.prepare_yaqa,PushPop,2264054,2264054,1,16,47741762,2983860.1,2375800.0,840958,7591290,1905135.4,"void at::native::<unnamed>::cunn_SoftMaxForward<(int)4, float, float, float, at::native::<unnamed>::SoftMaxForwardEpilogue>(T4 *, const T2 *, int)"
:stage.prepare_yaqa,PushPop,2264054,2264054,1,16,47404161,2962760.1,2326328.5,812126,7386875,1923895.5,"void at::native::index_elementwise_kernel<(int)128, (int)4, void at::native::gpu_index_kernel<void at::native::index_kernel_impl<at::native::OpaqueType<(int)2>>(at::TensorIteratorBase &, c10::ArrayRef<long>, c10::ArrayRef<long>)::[lambda(char *, const char *, long) (instance 1)]>(at::TensorIteratorBase &, c10::ArrayRef<long>, c10::ArrayRef<long>, const T1 &, bool)::[lambda(int) (instance 1)]>(long, T3)"
:stage.prepare_yaqa,PushPop,2264054,2264054,1,16,47392645,2962040.3,2350648.0,842142,7529146,1885950.1,"void at::native::<unnamed>::cunn_SoftMaxForward<(int)4, float, float, float, at::native::<unnamed>::LogSoftMaxForwardEpilogue>(T4 *, const T2 *, int)"
:stage.prepare_yaqa,PushPop,2264054,2264054,1,128,39726887,310366.3,128351.0,31616,1237146,381577.7,void cutlass::Kernel2<cutlass_75_tensorop_f16_s1688gemm_f16_64x64_nn_align1>(T1::Params)
:stage.prepare_yaqa,PushPop,2264054,2264054,1,19,33246200,1749800.0,1774423.0,583774,2912756,661441.9,"void at::native::vectorized_elementwise_kernel<(int)4, at::native::BinaryFunctor<float, float, float, at::native::binary_internal::DivFunctor<float>>, std::array<char *, (unsigned long)3>>(int, T2, T3)"
:stage.prepare_yaqa,PushPop,2264054,2264054,1,1552,33041980,21289.9,14816.0,4768,90400,17873.3,"void at::native::elementwise_kernel<(int)128, (int)4, void at::native::gpu_kernel_impl_nocast<at::native::BinaryFunctor<c10::Half, c10::Half, c10::Half, at::native::binary_internal::MulFunctor<float>>>(at::TensorIteratorBase &, const T1 &)::[lambda(int) (instance 1)]>(int, T3)"
:stage.prepare_yaqa,PushPop,2264054,2264054,1,1024,30576544,29859.9,23184.0,9888,90400,19505.1,"void at::native::elementwise_kernel<(int)128, (int)4, void at::native::gpu_kernel_impl_nocast<at::native::direct_copy_kernel_cuda(at::TensorIteratorBase &)::[lambda() (instance 3)]::operator ()() const::[lambda() (instance 10)]::operator ()() const::[lambda(c10::Half) (instance 1)]>(at::TensorIteratorBase &, const T1 &)::[lambda(int) (instance 1)]>(int, T3)"
:stage.prepare_yaqa,PushPop,2264054,2264054,1,256,29543894,115405.8,44335.5,5792,756476,183364.6,"void at::native::vectorized_elementwise_kernel<(int)4, at::native::AUnaryFunctor<c10::Half, c10::Half, c10::Half, at::native::binary_internal::MulFunctor<float>>, std::array<char *, (unsigned long)2>>(int, T2, T3)"
:stage.prepare_yaqa,PushPop,2264054,2264054,1,48,21345182,444691.3,428062.0,321759,587965,105021.5,"void <unnamed>::softmax_warp_forward<c10::Half, float, float, (int)10, (bool)0, (bool)0, (int)32>(T2 *, const T1 *, int, int, int, const bool *, int, bool)"
:stage.prepare_yaqa,PushPop,2264054,2264054,1,256,18084438,70642.3,52272.0,18527,231103,52629.6,"void at::native::vectorized_elementwise_kernel<(int)4, at::native::BinaryFunctor<c10::Half, c10::Half, c10::Half, at::native::binary_internal::MulFunctor<float>>, std::array<char *, (unsigned long)3>>(int, T2, T3)"
:stage.prepare_yaqa,PushPop,2264054,2264054,1,64,17796758,278074.3,198047.5,53856,674269,247152.8,void cutlass::Kernel2<cutlass_80_wmma_tensorop_f16_s161616gemm_f16_32x32_32x1_tn_align2>(T1::Params)
:stage.prepare_yaqa,PushPop,2264054,2264054,1,80,16378762,204734.5,284463.5,56032,337566,123434.4,ampere_fp16_s16816gemm_fp16_256x128_ldg8_f2f_stages_32x3_tn
:stage.prepare_yaqa,PushPop,2264054,2264054,1,19,16037761,844092.7,875260.0,270271,1469178,336470.8,"void at::native::<unnamed>::distribution_elementwise_grid_stride_kernel<float, (int)4, void at::native::templates::cuda::uniform_and_transform<float, float, at::CUDAGeneratorImpl *, void at::native::templates::cuda::exponential_kernel<at::CUDAGeneratorImpl *>(at::TensorIteratorBase &, double, T1)::[lambda() (instance 1)]::operator ()() const::[lambda() (instance 2)]::operator ()() const::[lambda(float) (instance 1)]>(at::TensorIteratorBase &, T3, T4)::[lambda(curandStatePhilox4_32_10 *) (instance 2)], void at::native::<unnamed>::distribution_nullary_kernel<float, float, float4, at::CUDAGeneratorImpl *, void at::native::templates::cuda::uniform_and_transform<float, float, at::CUDAGeneratorImpl *, void at::native::templates::cuda::exponential_kernel<at::CUDAGeneratorImpl *>(at::TensorIteratorBase &, double, T1)::[lambda() (instance 1)]::operator ()() const::[lambda() (instance 2)]::operator ()() const::[lambda(float) (instance 1)]>(at::TensorIteratorBase &, T3, T4)::[lambda(curandStatePhilox4_32_10 *) (instance 2)], void at::native::templates::cuda::exponential_kernel<at::CUDAGeneratorImpl *>(at::TensorIteratorBase &, double, T1)::[lambda() (instance 1)]::operator ()() const::[lambda() (instance 2)]::operator ()() const::[lambda(float) (instance 1)]>(at::TensorIteratorBase &, T4, const T5 &, T6)::[lambda(int, float) (instance 1)]>(long, at::PhiloxCudaState, T3, T4)"
:stage.prepare_yaqa,PushPop,2264054,2264054,1,528,15896958,30107.9,23792.0,9120,91520,21186.6,"void at::native::elementwise_kernel<(int)128, (int)2, void at::native::gpu_kernel_impl_nocast<at::native::BinaryFunctor<float, float, float, at::native::binary_internal::MulFunctor<float>>>(at::TensorIteratorBase &, const T1 &)::[lambda(int) (instance 1)]>(int, T3)"
:stage.prepare_yaqa,PushPop,2264054,2264054,1,512,15610660,30489.6,21888.0,8224,134079,26875.2,"void at::native::<unnamed>::CatArrayBatchedCopy<at::native::<unnamed>::OpaqueType<(unsigned int)2>, unsigned int, (int)4, (int)64, (int)64>(T1 *, at::native::<unnamed>::CatArrInputTensorMetadata<T1, T2, T4, T5>, at::native::<unnamed>::TensorSizeStride<T2, (unsigned int)4>, int, T2)"
:stage.prepare_yaqa,PushPop,2264054,2264054,1,256,13192584,51533.5,39312.0,16224,155327,35125.3,"void at::native::vectorized_elementwise_kernel<(int)4, at::native::<unnamed>::silu_kernel(at::TensorIteratorBase &)::[lambda() (instance 1)]::operator ()() const::[lambda() (instance 5)]::operator ()() const::[lambda(c10::Half) (instance 1)], std::array<char *, (unsigned long)2>>(int, T2, T3)"
:stage.prepare_yaqa,PushPop,2264054,2264054,1,19,12120944,637944.4,639613.0,231328,1057468,229775.1,"void at::native::reduce_kernel<(int)512, (int)1, at::native::ReduceOp<float, at::native::ArgMaxOps<float>, unsigned int, long, (int)4, (int)4>>(T3)"
:stage.prepare_yaqa,PushPop,2264054,2264054,1,19,11705199,616063.1,619869.0,215519,1015932,223281.4,"void at::native::reduce_kernel<(int)512, (int)1, at::native::ReduceOp<float, at::native::MinMaxOps<float, float, int>, unsigned int, float, (int)4, (int)4>>(T3)"
:stage.prepare_yaqa,PushPop,2264054,2264054,1,35,11587699,331077.1,280288.0,3904,1004092,345894.6,"void at::native::reduce_kernel<(int)512, (int)1, at::native::ReduceOp<float, at::native::func_wrapper_t<float, at::native::sum_functor<float, float, float>::operator ()(at::TensorIterator &)::[lambda(float, float) (instance 1)]>, unsigned int, float, (int)4, (int)4>>(T3)"
:stage.prepare_yaqa,PushPop,2264054,2264054,1,528,11505101,21790.0,12384.0,5440,78848,19692.0,"void at::native::vectorized_elementwise_kernel<(int)4, void at::native::<unnamed>::pow_tensor_scalar_kernel_impl<float, float>(at::TensorIteratorBase &, T2)::[lambda(float) (instance 1)], std::array<char *, (unsigned long)2>>(int, T2, T3)"
:stage.prepare_yaqa,PushPop,2264054,2264054,1,16,11095186,693449.1,549630.0,193215,1783543,446473.0,"void at::native::vectorized_elementwise_kernel<(int)4, at::native::AbsFunctor<c10::Half>, std::array<char *, (unsigned long)2>>(int, T2, T3)"
:stage.prepare_yaqa,PushPop,2264054,2264054,1,80,10428029,130350.4,123535.5,85184,188768,34917.5,"void <unnamed>::softmax_warp_forward<c10::Half, float, float, (int)9, (bool)0, (bool)0, (int)32>(T2 *, const T1 *, int, int, int, const bool *, int, bool)"
:stage.prepare_yaqa,PushPop,2264054,2264054,1,528,9743898,18454.4,14272.0,9280,59487,12503.2,"void at::native::reduce_kernel<(int)512, (int)1, at::native::ReduceOp<float, at::native::MeanOps<float, float, float, float>, unsigned int, float, (int)4, (int)4>>(T3)"
:stage.prepare_yaqa,PushPop,2264054,2264054,1,32,9204634,287644.8,84095.5,1792,1449593,385119.2,"void at::native::vectorized_elementwise_kernel<(int)4, at::native::BinaryFunctor<bool, bool, bool, at::native::binary_internal::MulFunctor<bool>>, std::array<char *, (unsigned long)3>>(int, T2, T3)"
:stage.prepare_yaqa,PushPop,2264054,2264054,1,16,8907678,556729.9,443982.0,157664,1410713,354621.7,"void at::native::vectorized_elementwise_kernel<(int)4, at::native::BinaryFunctor<c10::Half, c10::Half, bool, at::native::<unnamed>::CompareEqFunctor<c10::Half>>, std::array<char *, (unsigned long)3>>(int, T2, T3)"
:stage.prepare_yaqa,PushPop,2264054,2264054,1,16,8886429,555401.8,445134.5,158848,1405273,350967.5,"void at::native::vectorized_elementwise_kernel<(int)4, at::native::AUnaryFunctor<c10::Half, c10::Half, bool, at::native::<unnamed>::CompareEqFunctor<c10::Half>>, std::array<char *, (unsigned long)2>>(int, T2, T3)"
:stage.prepare_yaqa,PushPop,2264054,2264054,1,512,8544703,16688.9,11008.0,5472,61216,12990.1,"void at::native::vectorized_elementwise_kernel<(int)4, at::native::CUDAFunctor_add<c10::Half>, std::array<char *, (unsigned long)3>>(int, T2, T3)"
:stage.prepare_yaqa,PushPop,2264054,2264054,1,32,5576294,174259.2,173167.0,116991,234687,56989.8,void cutlass::Kernel2<cutlass_80_tensorop_f16_s16816gemm_f16_64x128_64x3_nn_align2>(T1::Params)
:stage.prepare_yaqa,PushPop,2264054,2264054,1,32,5119275,159977.3,54496.0,2944,746524,204987.3,"void at::native::reduce_kernel<(int)512, (int)1, at::native::ReduceOp<bool, at::native::func_wrapper_t<bool, at::native::and_kernel_cuda(at::TensorIterator &)::[lambda() (instance 1)]::operator ()() const::[lambda() (instance 12)]::operator ()() const::[lambda(bool, bool) (instance 1)]>, unsigned int, bool, (int)4, (int)4>>(T3)"
:stage.prepare_yaqa,PushPop,2264054,2264054,1,512,5046091,9855.6,7280.0,4320,42527,8177.0,"void at::native::elementwise_kernel<(int)128, (int)4, void at::native::gpu_kernel_impl_nocast<at::native::neg_kernel_cuda(at::TensorIteratorBase &)::[lambda() (instance 2)]::operator ()() const::[lambda() (instance 8)]::operator ()() const::[lambda(c10::Half) (instance 1)]>(at::TensorIteratorBase &, const T1 &)::[lambda(int) (instance 1)]>(int, T3)"
:stage.prepare_yaqa,PushPop,2264054,2264054,1,96,4954610,51610.5,44704.0,44192,66400,9997.5,sm80_xmma_gemm_f16f16_f16f32_f32_tn_n_tilesize96x128x32_stage4_warpsize2x2x1_tensor16x8x16_execute_kernel__5x_cublas
:stage.prepare_yaqa,PushPop,2264054,2264054,1,96,4422035,46062.9,45328.0,28448,63136,12205.7,"void <unnamed>::softmax_warp_forward<c10::Half, float, float, (int)8, (bool)0, (bool)0, (int)32>(T2 *, const T1 *, int, int, int, const bool *, int, bool)"
:stage.prepare_yaqa,PushPop,2264054,2264054,1,192,3601719,18759.0,18432.0,17984,20608,741.7,ampere_fp16_s16816gemm_fp16_128x64_ldg8_f2f_stages_64x4_tn
:stage.prepare_yaqa,PushPop,2264054,2264054,1,96,2965202,30887.5,30880.0,30015,31552,252.4,ampere_fp16_s16816gemm_fp16_128x128_ldg8_f2f_stages_64x3_tn
:stage.prepare_yaqa,PushPop,2264054,2264054,1,64,2766709,43229.8,42416.0,34560,54016,8437.1,void cutlass::Kernel2<cutlass_80_tensorop_f16_s16816gemm_relu_f16_128x128_32x4_tn_align8>(T1::Params)
:stage.prepare_yaqa,PushPop,2264054,2264054,1,32,2732662,85395.7,85471.5,84063,85919,379.3,sm80_xmma_gemm_f16f16_f16f32_f32_tn_n_tilesize128x128x32_stage4_warpsize2x2x1_tensor16x8x16_execute_kernel__5x_cublas
:stage.prepare_yaqa,PushPop,2264054,2264054,1,32,2289016,71531.8,71567.5,70976,72000,311.5,sm80_xmma_gemm_f16f16_f16f32_f32_tn_n_tilesize160x128x32_stage4_warpsize2x2x1_tensor16x8x16_execute_kernel__5x_cublas
:stage.prepare_yaqa,PushPop,2264054,2264054,1,32,2181337,68166.8,67600.0,32512,105407,35305.1,void cutlass::Kernel2<cutlass_80_tensorop_f16_s16816gemm_relu_f16_128x128_32x5_tn_align8>(T1::Params)
:stage.prepare_yaqa,PushPop,2264054,2264054,1,32,1467647,45864.0,46000.0,44960,46720,515.4,sm80_xmma_gemm_f16f16_f16f32_f32_tn_n_tilesize192x128x32_stage3_warpsize4x2x1_tensor16x8x16_execute_kernel__5x_cublas
:stage.prepare_yaqa,PushPop,2264054,2264054,1,16,1312955,82059.7,82128.0,78815,85023,1538.1,ampere_fp16_s16816gemm_fp16_64x128_sliced1x2_ldg8_f2f_stages_64x3_nn
:stage.prepare_yaqa,PushPop,2264054,2264054,1,528,1246717,2361.2,2336.0,1824,3072,196.1,"void at::native::vectorized_elementwise_kernel<(int)4, at::native::CUDAFunctorOnSelf_add<float>, std::array<char *, (unsigned long)2>>(int, T2, T3)"
:stage.prepare_yaqa,PushPop,2264054,2264054,1,528,1201563,2275.7,2272.0,1856,2720,120.5,"void at::native::vectorized_elementwise_kernel<(int)4, at::native::rsqrt_kernel_cuda(at::TensorIteratorBase &)::[lambda() (instance 2)]::operator ()() const::[lambda() (instance 2)]::operator ()() const::[lambda(float) (instance 1)], std::array<char *, (unsigned long)2>>(int, T2, T3)"
:stage.prepare_yaqa,PushPop,2264054,2264054,1,32,1079964,33748.9,33552.0,28000,40416,5683.4,void cutlass::Kernel2<cutlass_80_tensorop_f16_s16816gemm_f16_64x64_32x6_nn_align2>(T1::Params)
:stage.prepare_yaqa,PushPop,2264054,2264054,1,32,940511,29391.0,28848.0,25824,36384,3593.4,void cutlass::Kernel2<cutlass_80_tensorop_f16_s16816gemm_relu_f16_64x256_32x4_nn_align8>(T1::Params)
:stage.prepare_yaqa,PushPop,2264054,2264054,1,16,580191,36261.9,36272.0,35808,36736,211.8,ampere_fp16_s16816gemm_fp16_64x64_ldg8_f2f_tn
:stage.prepare_yaqa,PushPop,2264054,2264054,1,16,359645,22477.8,22431.5,22272,22848,165.3,void cutlass::Kernel2<cutlass_80_wmma_tensorop_f16_s161616gemm_f16_32x32_64x1_nn_align2>(T1::Params)
:stage.prepare_yaqa,PushPop,2264054,2264054,1,16,343680,21480.0,21440.0,21344,21632,102.9,void cutlass::Kernel2<cutlass_80_wmma_tensorop_f16_s161616gemm_f16_32x32_64x1_tn_align2>(T1::Params)
:stage.prepare_yaqa,PushPop,2264054,2264054,1,16,293792,18362.0,18336.0,18112,18720,169.0,"void <unnamed>::softmax_warp_forward<c10::Half, float, float, (int)7, (bool)0, (bool)0, (int)32>(T2 *, const T1 *, int, int, int, const bool *, int, bool)"
:stage.prepare_yaqa,PushPop,2264054,2264054,1,32,218496,6828.0,4320.0,3552,43456,7497.4,"void at::native::elementwise_kernel<(int)128, (int)4, void at::native::gpu_kernel_impl_nocast<at::native::BinaryFunctor<bool, bool, bool, at::native::BitwiseAndFunctor<bool>>>(at::TensorIteratorBase &, const T1 &)::[lambda(int) (instance 1)]>(int, T3)"
:stage.prepare_yaqa,PushPop,2264054,2264054,1,32,165568,5174.0,5184.0,3936,6944,702.2,"void at::native::reduce_kernel<(int)512, (int)1, at::native::ReduceOp<bool, at::native::func_wrapper_t<bool, at::native::or_kernel_cuda(at::TensorIterator &)::[lambda() (instance 1)]::operator ()() const::[lambda() (instance 12)]::operator ()() const::[lambda(bool, bool) (instance 1)]>, unsigned int, bool, (int)4, (int)4>>(T3)"
:stage.prepare_yaqa,PushPop,2264054,2264054,1,16,158432,9902.0,8384.0,4544,26528,5242.2,"void at::native::vectorized_gather_kernel<(int)16, long>(char *, char *, T2 *, int, long, long, long, long, bool)"
:stage.prepare_yaqa,PushPop,2264054,2264054,1,16,135968,8498.0,5216.0,4160,37792,8437.8,"void at::native::elementwise_kernel<(int)128, (int)4, void at::native::gpu_kernel_impl_nocast<at::native::<unnamed>::where_kernel_impl(at::TensorIterator &)::[lambda() (instance 1)]::operator ()() const::[lambda() (instance 2)]::operator ()() const::[lambda(bool, unsigned short, unsigned short) (instance 1)]>(at::TensorIteratorBase &, const T1 &)::[lambda(int) (instance 1)]>(int, T3)"
:stage.prepare_yaqa,PushPop,2264054,2264054,1,80,129888,1623.6,1760.0,1248,1920,211.5,"void <unnamed>::elementwise_kernel_with_index<int, at::native::arange_cuda_out(const c10::Scalar &, const c10::Scalar &, const c10::Scalar &, at::Tensor &)::[lambda() (instance 1)]::operator ()() const::[lambda() (instance 4)]::operator ()() const::[lambda(long) (instance 1)]>(T1, T2, function_traits<T2>::result_type *)"
:stage.prepare_yaqa,PushPop,2264054,2264054,1,16,124000,7750.0,7728.0,7136,8416,385.5,"void at::native::index_elementwise_kernel<(int)128, (int)4, void at::native::gpu_index_kernel<void at::native::index_kernel_impl<at::native::OpaqueType<(int)1>>(at::TensorIteratorBase &, c10::ArrayRef<long>, c10::ArrayRef<long>)::[lambda(char *, const char *, long) (instance 1)]>(at::TensorIteratorBase &, c10::ArrayRef<long>, c10::ArrayRef<long>, const T1 &, bool)::[lambda(int) (instance 1)]>(long, T3)"
:stage.prepare_yaqa,PushPop,2264054,2264054,1,32,115712,3616.0,3600.0,3232,4032,204.2,"void at::native::_assert_async_cuda_kernel<bool>(const T1 *, at::native::Msg)"
:stage.prepare_yaqa,PushPop,2264054,2264054,1,32,91584,2862.0,2848.0,2688,3072,75.8,"void at::native::elementwise_kernel<(int)128, (int)2, void at::native::gpu_kernel_impl_nocast<at::native::direct_copy_kernel_cuda(at::TensorIteratorBase &)::[lambda() (instance 3)]::operator ()() const::[lambda() (instance 4)]::operator ()() const::[lambda(long) (instance 1)]>(at::TensorIteratorBase &, const T1 &)::[lambda(int) (instance 1)]>(int, T3)"
:stage.prepare_yaqa,PushPop,2264054,2264054,1,48,90624,1888.0,1888.0,1600,2592,183.8,"void at::native::vectorized_elementwise_kernel<(int)2, at::native::CUDAFunctorOnSelf_add<long>, std::array<char *, (unsigned long)2>>(int, T2, T3)"
:stage.prepare_yaqa,PushPop,2264054,2264054,1,16,81216,5076.0,5040.0,4992,5248,85.8,"void at::native::<unnamed>::CatArrayBatchedCopy<at::native::<unnamed>::OpaqueType<(unsigned int)4>, unsigned int, (int)3, (int)64, (int)64>(T1 *, at::native::<unnamed>::CatArrInputTensorMetadata<T1, T2, T4, T5>, at::native::<unnamed>::TensorSizeStride<T2, (unsigned int)4>, int, T2)"
:stage.prepare_yaqa,PushPop,2264054,2264054,1,16,78208,4888.0,4864.0,4640,5216,171.1,"void at::native::<unnamed>::write_indices<long>(long *, at::native::<unnamed>::TensorDims<T1>, int, T1, long *, long)"
:stage.prepare_yaqa,PushPop,2264054,2264054,1,32,77056,2408.0,2400.0,2176,2784,135.5,"void at::native::vectorized_elementwise_kernel<(int)4, void at::native::compare_scalar_kernel<float>(at::TensorIteratorBase &, at::native::<unnamed>::OpType, T1)::[lambda(float) (instance 1)], std::array<char *, (unsigned long)2>>(int, T2, T3)"
:stage.prepare_yaqa,PushPop,2264054,2264054,1,16,76000,4750.0,4752.0,4224,5344,367.5,"void at::native::reduce_kernel<(int)512, (int)1, at::native::ReduceOp<long, at::native::func_wrapper_t<long, at::native::sum_functor<long, long, long>::operator ()(at::TensorIterator &)::[lambda(long, long) (instance 1)]>, unsigned int, long, (int)4, (int)4>>(T3)"
:stage.prepare_yaqa,PushPop,2264054,2264054,1,16,76000,4750.0,4800.0,4352,5088,206.7,"void at::native::unrolled_elementwise_kernel<at::native::AUnaryFunctor<long, long, bool, at::native::<unnamed>::CompareEqFunctor<long>>, std::array<char *, (unsigned long)2>, (int)4, TrivialOffsetCalculator<(int)1, unsigned int>, TrivialOffsetCalculator<(int)1, unsigned int>, at::native::memory::LoadWithCast<(int)1>, at::native::memory::StoreWithCast<(int)1>>(int, T1, T2, T4, T5, T6, T7)"
:stage.prepare_yaqa,PushPop,2264054,2264054,1,32,75776,2368.0,2336.0,1792,3104,459.0,"void at::native::vectorized_elementwise_kernel<(int)4, at::native::AUnaryFunctor<float, float, bool, at::native::<unnamed>::CompareEqFunctor<float>>, std::array<char *, (unsigned long)2>>(int, T2, T3)"
:stage.prepare_yaqa,PushPop,2264054,2264054,1,16,70431,4401.9,4048.0,3648,8256,1123.8,"void at::native::elementwise_kernel<(int)128, (int)4, void at::native::gpu_kernel_impl_nocast<at::native::<unnamed>::CompareFunctor<long>>(at::TensorIteratorBase &, const T1 &)::[lambda(int) (instance 1)]>(int, T3)"
:stage.prepare_yaqa,PushPop,2264054,2264054,1,16,69632,4352.0,4352.0,3712,4960,347.0,"void at::native::<unnamed>::nll_loss_forward_no_reduce_cuda_kernel<float, long>(long, torch::headeronly::detail::GenericPackedTensorAccessor<torch::headeronly::detail::TensorAccessor<c10::ArrayRef<long>, T1, (unsigned long)1, torch::headeronly::DefaultPtrTraits, long>, at::detail::IndexBoundsCheck<(unsigned long)2, long>, T1, (unsigned long)2, torch::headeronly::DefaultPtrTraits, long>, const T2 *, T1 *, const T1 *, long, long)"
:stage.prepare_yaqa,PushPop,2264054,2264054,1,32,67872,2121.0,2144.0,1952,2208,71.9,"void at::native::vectorized_elementwise_kernel<(int)4, at::native::AUnaryFunctor<float, float, float, at::native::binary_internal::MulFunctor<float>>, std::array<char *, (unsigned long)2>>(int, T2, T3)"
:stage.prepare_yaqa,PushPop,2264054,2264054,1,16,67680,4230.0,4288.0,3968,4352,112.2,"void at::native::unrolled_elementwise_kernel<at::native::direct_copy_kernel_cuda(at::TensorIteratorBase &)::[lambda() (instance 3)]::operator ()() const::[lambda() (instance 4)]::operator ()() const::[lambda(long) (instance 1)], std::array<char *, (unsigned long)2>, (int)4, TrivialOffsetCalculator<(int)1, unsigned int>, TrivialOffsetCalculator<(int)1, unsigned int>, at::native::memory::LoadWithCast<(int)1>, at::native::memory::StoreWithCast<(int)1>>(int, T1, T2, T4, T5, T6, T7)"
:stage.prepare_yaqa,PushPop,2264054,2264054,1,16,61472,3842.0,3664.0,3040,5024,731.5,"void at_cuda_detail::cub::detail::select::DeviceSelectSweepKernel<at_cuda_detail::cub::detail::select::policy_hub<long, bool, int, (bool)0, (at_cuda_detail::cub::SelectImpl)0>::Policy1000, thrust::_V_300200_SM_750_800_860_900_1000_1200::counting_iterator<long, thrust::_V_300200_SM_750_800_860_900_1000_1200::use_default, thrust::_V_300200_SM_750_800_860_900_1000_1200::use_default, thrust::_V_300200_SM_750_800_860_900_1000_1200::use_default, thrust::_V_300200_SM_750_800_860_900_1000_1200::compile_time_value<(int)1>>, thrust::_V_300200_SM_750_800_860_900_1000_1200::transform_iterator<at::native::<unnamed>::NonZeroOp<bool>, const bool *, thrust::_V_300200_SM_750_800_860_900_1000_1200::use_default, thrust::_V_300200_SM_750_800_860_900_1000_1200::use_default>, long *, int *, at_cuda_detail::cub::ScanTileState<int, (bool)1>, at_cuda_detail::cub::NullType, at_cuda_detail::cub::NullType, int, at_cuda_detail::cub::detail::select::streaming_context_t<long, (bool)1>, (at_cuda_detail::cub::SelectImpl)0>(T2, T3, T4, T5, T6, T7, T8, T9, int, T10, at_cuda_detail::cub::detail::vsmem_t)"
:stage.prepare_yaqa,PushPop,2264054,2264054,1,16,55200,3450.0,3360.0,3200,3808,199.4,"void at::native::vectorized_elementwise_kernel<(int)4, at::native::cos_kernel_cuda(at::TensorIteratorBase &)::[lambda() (instance 2)]::operator ()() const::[lambda() (instance 2)]::operator ()() const::[lambda(float) (instance 1)], std::array<char *, (unsigned long)2>>(int, T2, T3)"
:stage.prepare_yaqa,PushPop,2264054,2264054,1,32,55072,1721.0,1632.0,1376,2272,319.5,"void at::native::vectorized_elementwise_kernel<(int)4, at::native::FillFunctor<float>, std::array<char *, (unsigned long)1>>(int, T2, T3)"
:stage.prepare_yaqa,PushPop,2264054,2264054,1,16,53440,3340.0,3344.0,2912,3808,250.8,"void at::native::vectorized_elementwise_kernel<(int)4, at::native::sin_kernel_cuda(at::TensorIteratorBase &)::[lambda() (instance 2)]::operator ()() const::[lambda() (instance 2)]::operator ()() const::[lambda(float) (instance 1)], std::array<char *, (unsigned long)2>>(int, T2, T3)"
:stage.prepare_yaqa,PushPop,2264054,2264054,1,16,44928,2808.0,2784.0,2464,3328,180.5,_bmm_outer_product_kernel
:stage.prepare_yaqa,PushPop,2264054,2264054,1,12,35424,2952.0,2912.0,2752,3136,144.5,"void at_cuda_detail::cub::detail::reduce::DeviceReduceSingleTileKernel<at_cuda_detail::cub::detail::reduce::policy_hub<int, unsigned long long, cuda::std::__4::plus<void>>::Policy1000, thrust::_V_300200_SM_750_800_860_900_1000_1200::transform_iterator<at::native::<unnamed>::NonZeroOp<bool>, const bool *, thrust::_V_300200_SM_750_800_860_900_1000_1200::use_default, thrust::_V_300200_SM_750_800_860_900_1000_1200::use_default>, int *, unsigned long long, cuda::std::__4::plus<void>, int, int, cuda::std::__4::identity>(T2, T3, T4, T5, T6, T8)"
:stage.prepare_yaqa,PushPop,2264054,2264054,1,16,33024,2064.0,2032.0,1824,2304,128.5,"void at::native::vectorized_elementwise_kernel<(int)4, at::native::BinaryFunctor<bool, bool, bool, at::native::BitwiseAndFunctor<bool>>, std::array<char *, (unsigned long)3>>(int, T2, T3)"
:stage.prepare_yaqa,PushPop,2264054,2264054,1,16,32768,2048.0,2048.0,1952,2240,85.1,"void at::native::vectorized_elementwise_kernel<(int)4, at::native::bitwise_not_kernel_cuda(at::TensorIteratorBase &)::[lambda(bool) (instance 1)], std::array<char *, (unsigned long)2>>(int, T2, T3)"
:stage.prepare_yaqa,PushPop,2264054,2264054,1,16,29280,1830.0,1824.0,1664,2176,115.8,"void at::native::vectorized_elementwise_kernel<(int)4, at::native::AbsFunctor<float>, std::array<char *, (unsigned long)2>>(int, T2, T3)"
:stage.prepare_yaqa,PushPop,2264054,2264054,1,16,28608,1788.0,1792.0,1696,1824,38.5,"void at::native::vectorized_elementwise_kernel<(int)4, void at::native::compare_scalar_kernel<long>(at::TensorIteratorBase &, at::native::<unnamed>::OpType, T1)::[lambda(long) (instance 1)], std::array<char *, (unsigned long)2>>(int, T2, T3)"
:stage.prepare_yaqa,PushPop,2264054,2264054,1,16,26560,1660.0,1632.0,1536,1792,62.8,"void at::native::vectorized_elementwise_kernel<(int)4, at::native::BinaryFunctor<float, float, bool, at::native::<unnamed>::CompareEqFunctor<float>>, std::array<char *, (unsigned long)3>>(int, T2, T3)"
:stage.prepare_yaqa,PushPop,2264054,2264054,1,17,26048,1532.2,1536.0,1408,1888,100.5,"void at::native::vectorized_elementwise_kernel<(int)4, at::native::FillFunctor<bool>, std::array<char *, (unsigned long)1>>(int, T2, T3)"
:stage.prepare_yaqa,PushPop,2264054,2264054,1,16,23808,1488.0,1504.0,1408,1536,37.0,"void at::native::vectorized_elementwise_kernel<(int)4, at::native::FillFunctor<c10::Half>, std::array<char *, (unsigned long)1>>(int, T2, T3)"
:stage.prepare_yaqa,PushPop,2264054,2264054,1,16,22208,1388.0,1376.0,1312,1440,38.5,"void at_cuda_detail::cub::detail::scan::DeviceCompactInitKernel<at_cuda_detail::cub::ScanTileState<int, (bool)1>, int *>(T1, int, T2)"
:stage.prepare_yaqa,PushPop,2264054,2264054,1,4,13536,3384.0,3392.0,2976,3776,330.9,"void at_cuda_detail::cub::detail::reduce::DeviceReduceKernel<at_cuda_detail::cub::detail::reduce::policy_hub<int, unsigned long long, cuda::std::__4::plus<void>>::Policy1000, thrust::_V_300200_SM_750_800_860_900_1000_1200::transform_iterator<at::native::<unnamed>::NonZeroOp<bool>, const bool *, thrust::_V_300200_SM_750_800_860_900_1000_1200::use_default, thrust::_V_300200_SM_750_800_860_900_1000_1200::use_default>, unsigned long long, cuda::std::__4::plus<void>, int, cuda::std::__4::identity>(T2, T5 *, T3, at_cuda_detail::cub::GridEvenShare<T3>, T4, T6)"
:stage.prepare_yaqa,PushPop,2264054,2264054,1,4,8832,2208.0,2224.0,2080,2304,101.2,"void at_cuda_detail::cub::detail::reduce::DeviceReduceSingleTileKernel<at_cuda_detail::cub::detail::reduce::policy_hub<int, unsigned long long, cuda::std::__4::plus<void>>::Policy1000, int *, int *, int, cuda::std::__4::plus<void>, int, int, cuda::std::__4::identity>(T2, T3, T4, T5, T6, T8)"
:stage.process:model.layers.0.mlp.down_proj,PushPop,2264054,2266203,1,18416,18451460887,1001925.5,1121604.0,134560,1218787,266263.6,"void <unnamed>::qvq_v2_segment_grid_kernel<(int)4, (int)2, (int)16, (bool)1, (bool)0, __half, unsigned char>(const float *, const T6 *, const float *, const long *, const float *, const float *, float *, T7 *, unsigned char *, int, int, int, bool, bool)"
:stage.process:model.layers.0.mlp.down_proj,PushPop,2264054,2266203,1,2302,5724402258,2486708.2,2778184.0,1355748,2846762,562967.0,"void <unnamed>::qvq_viterbi_kernel<(int)4, (int)2, __half, unsigned char>(const float *, const T3 *, const float *, const long *, const float *, T4 *, long *, float *, int, int, int, bool, bool, bool)"
:stage.process:model.layers.0.mlp.down_proj,PushPop,2264054,2266203,1,1278,875321924,684915.4,424897.5,21952,1279844,412231.2,void cutlass::Kernel2<cutlass_80_simt_sgemm_grouped_128x128_8x4_align1>(T1::Params)
:stage.process:model.layers.0.mlp.down_proj,PushPop,2264054,2266203,1,1276,838956170,657489.2,398210.0,13984,1271589,435329.1,ampere_sgemm_128x128_nt
:stage.process:model.layers.0.mlp.down_proj,PushPop,2264054,2266203,1,2302,616676409,267887.2,295361.0,73984,310881,61253.6,"void <unnamed>::qvq_v2_segment_grid_finalize_kernel<(int)4, (int)2, (int)16, (bool)0, __half, unsigned char>(const float *, const T5 *, const float *, const long *, const float *, const float *, const T6 *, const unsigned char *, long *, unsigned char *, float *, int, int, bool, bool)"
:stage.process:model.layers.0.mlp.down_proj,PushPop,2264054,2266203,1,1270,187877779,147935.3,92736.5,4672,279713,94106.4,"void gemmSN_NN_kernel<float, (int)128, (int)2, (int)4, (int)8, (int)4, (int)4, (bool)0, cublasGemvTensorBatched<const float>, cublasGemvTensorBatched<const float>, cublasGemvTensorBatched<float>>(cublasGemmSmallNParams<T9, T10, T11, T1>)"
:stage.process:model.layers.0.mlp.down_proj,PushPop,2264054,2266203,1,435,126748146,291375.0,44096.0,17696,14021997,1817114.0,ampere_sgemm_128x32_sliced1x4_nn
:stage.process:model.layers.0.mlp.down_proj,PushPop,2264054,2266203,1,537,71087922,132379.7,132641.0,4384,266817,78106.6,"void gemmSN_NN_kernel<float, (int)256, (int)4, (int)2, (int)8, (int)4, (int)4, (bool)0, cublasGemvTensorStridedBatched<const float>, cublasGemvTensorStridedBatched<const float>, cublasGemvTensorStridedBatched<float>>(cublasGemmSmallNParams<T9, T10, T11, T1>)"
:stage.process:model.layers.0.mlp.down_proj,PushPop,2264054,2266203,1,8982,61119888,6804.7,7168.0,2592,90368,2649.0,"void at::native::reduce_kernel<(int)512, (int)1, at::native::ReduceOp<bool, at::native::func_wrapper_t<bool, at::native::and_kernel_cuda(at::TensorIterator &)::[lambda() (instance 1)]::operator ()() const::[lambda() (instance 12)]::operator ()() const::[lambda(bool, bool) (instance 1)]>, unsigned int, bool, (int)4, (int)4>>(T3)"
:stage.process:model.layers.0.mlp.down_proj,PushPop,2264054,2266203,1,4,53182563,13295640.8,13256273.0,12973167,13696850,322284.3,void cutlass::Kernel2<cutlass_80_simt_sgemm_128x32_8x5_nt_align1>(T1::Params)
:stage.process:model.layers.0.mlp.down_proj,PushPop,2264054,2266203,1,6857,37728801,5502.2,3424.0,2112,623522,22410.8,"void at::native::elementwise_kernel<(int)128, (int)2, void at::native::gpu_kernel_impl_nocast<at::native::direct_copy_kernel_cuda(at::TensorIteratorBase &)::[lambda() (instance 3)]::operator ()() const::[lambda() (instance 7)]::operator ()() const::[lambda(float) (instance 1)]>(at::TensorIteratorBase &, const T1 &)::[lambda(int) (instance 1)]>(int, T3)"
:stage.process:model.layers.0.mlp.down_proj,PushPop,2264054,2266203,1,4350,34645991,7964.6,7872.0,3424,64385,1195.3,"void at::native::reduce_kernel<(int)512, (int)1, at::native::ReduceOp<float, at::native::func_wrapper_t<float, at::native::MaxNanFunctor<float>>, unsigned int, float, (int)4, (int)4>>(T3)"
:stage.process:model.layers.0.mlp.down_proj,PushPop,2264054,2266203,1,2815,29511376,10483.6,9024.0,5280,121024,3000.2,"void at::native::index_elementwise_kernel<(int)128, (int)4, void at::native::gpu_index_kernel<void at::native::index_kernel_impl<at::native::OpaqueType<(int)2>>(at::TensorIteratorBase &, c10::ArrayRef<long>, c10::ArrayRef<long>)::[lambda(char *, const char *, long) (instance 1)]>(at::TensorIteratorBase &, c10::ArrayRef<long>, c10::ArrayRef<long>, const T1 &, bool)::[lambda(int) (instance 1)]>(long, T3)"
:stage.process:model.layers.0.mlp.down_proj,PushPop,2264054,2266203,1,2,25975518,12987759.0,12987759.0,12987663,12987855,135.8,void cutlass::Kernel2<cutlass_80_simt_sgemm_128x64_8x5_nn_align1>(T1::Params)
:stage.process:model.layers.0.mlp.down_proj,PushPop,2264054,2266203,1,2,25761172,12880586.0,12880586.0,12879818,12881354,1086.1,void cutlass::Kernel2<cutlass_80_simt_sgemm_64x128_8x5_nt_align1>(T1::Params)
:stage.process:model.layers.0.mlp.down_proj,PushPop,2264054,2266203,1,3074,24106612,7842.1,7840.0,7360,8672,157.8,"void at::native::reduce_kernel<(int)512, (int)1, at::native::ReduceOp<c10::Half, at::native::func_wrapper_t<c10::Half, at::native::MaxNanFunctor<c10::Half>>, unsigned int, c10::Half, (int)4, (int)4>>(T3)"
:stage.process:model.layers.0.mlp.down_proj,PushPop,2264054,2266203,1,1213,21505528,17729.2,4416.0,3200,653858,46175.3,"void at::native::elementwise_kernel<(int)128, (int)2, void at::native::gpu_kernel_impl_nocast<at::native::CUDAFunctor_add<float>>(at::TensorIteratorBase &, const T1 &)::[lambda(int) (instance 1)]>(int, T3)"
:stage.process:model.layers.0.mlp.down_proj,PushPop,2264054,2266203,1,5,20024344,4004868.8,2261062.0,925666,7292789,3047310.7,"void kernel<getrf_wo_pivot_params_<float, (int)0, (int)256, (int)1, (int)64, (int)64, (int)68, (int)8, (int)1, (int)1>>(int, int, void *, int, void *, int, int, int, int, int, int *)"
:stage.process:model.layers.0.mlp.down_proj,PushPop,2264054,2266203,1,8730,19881655,2277.4,2048.0,1568,255808,5606.4,"void at::native::vectorized_elementwise_kernel<(int)4, at::native::AbsFunctor<float>, std::array<char *, (unsigned long)2>>(int, T2, T3)"
:stage.process:model.layers.0.mlp.down_proj,PushPop,2264054,2266203,1,7454,16535478,2218.3,2176.0,1760,101152,2318.6,"void at::native::vectorized_elementwise_kernel<(int)4, at::native::BinaryFunctor<bool, bool, bool, at::native::binary_internal::MulFunctor<bool>>, std::array<char *, (unsigned long)3>>(int, T2, T3)"
:stage.process:model.layers.0.mlp.down_proj,PushPop,2264054,2266203,1,4604,16287667,3537.7,3936.0,2112,115552,2335.8,"<unnamed>::qvq_half2_codebook_norm_pack_kernel(const __half *, unsigned long *, int)"
:stage.process:model.layers.0.mlp.down_proj,PushPop,2264054,2266203,1,21,14222132,677244.4,14912.0,10976,3579853,1401765.9,ampere_sgemm_64x32_sliced1x4_nn
:stage.process:model.layers.0.mlp.down_proj,PushPop,2264054,2266203,1,6148,13651047,2220.4,2144.0,1856,4160,192.3,"void at::native::vectorized_elementwise_kernel<(int)4, at::native::AbsFunctor<c10::Half>, std::array<char *, (unsigned long)2>>(int, T2, T3)"
:stage.process:model.layers.0.mlp.down_proj,PushPop,2264054,2266203,1,1917,13535121,7060.6,6912.0,4416,9184,569.6,"void at::native::index_elementwise_kernel<(int)128, (int)4, void at::native::gpu_index_kernel<void at::native::index_put_kernel_impl<at::native::OpaqueType<(int)4>>(at::TensorIterator &, c10::ArrayRef<long>, c10::ArrayRef<long>)::[lambda(char *, const char *, long) (instance 1)]>(at::TensorIteratorBase &, c10::ArrayRef<long>, c10::ArrayRef<long>, const T1 &, bool)::[lambda(int) (instance 1)]>(long, T3)"
:stage.process:model.layers.0.mlp.down_proj,PushPop,2264054,2266203,1,4381,10277975,2346.0,2080.0,1536,163680,5222.6,"void at::native::vectorized_elementwise_kernel<(int)4, at::native::BinaryFunctor<float, float, bool, at::native::<unnamed>::CompareEqFunctor<float>>, std::array<char *, (unsigned long)3>>(int, T2, T3)"
:stage.process:model.layers.0.mlp.down_proj,PushPop,2264054,2266203,1,4380,10154754,2318.4,2048.0,1600,164897,5183.4,"void at::native::vectorized_elementwise_kernel<(int)4, at::native::AUnaryFunctor<float, float, bool, at::native::<unnamed>::CompareEqFunctor<float>>, std::array<char *, (unsigned long)2>>(int, T2, T3)"
:stage.process:model.layers.0.mlp.down_proj,PushPop,2264054,2266203,1,2311,10078852,4361.3,4128.0,3168,77344,2483.1,"void at::native::unrolled_elementwise_kernel<at::native::direct_copy_kernel_cuda(at::TensorIteratorBase &)::[lambda() (instance 3)]::operator ()() const::[lambda() (instance 7)]::operator ()() const::[lambda(float) (instance 1)], std::array<char *, (unsigned long)2>, (int)4, TrivialOffsetCalculator<(int)1, unsigned int>, TrivialOffsetCalculator<(int)1, unsigned int>, at::native::memory::LoadWithCast<(int)1>, at::native::memory::StoreWithCast<(int)1>>(int, T1, T2, T4, T5, T6, T7)"
:stage.process:model.layers.0.mlp.down_proj,PushPop,2264054,2266203,1,1146,9761080,8517.5,8192.0,7840,10336,778.6,"void batch_trsm_left_kernel<float, (int)64, (int)4, (int)3, (bool)0, (bool)0, (bool)1>(cublasTrsmBatchParams2<T1>, T1, const T1 *, int)"
:stage.process:model.layers.0.mlp.down_proj,PushPop,2264054,2266203,1,2815,9743013,3461.1,3488.0,2560,114176,2102.8,"void at::native::elementwise_kernel<(int)128, (int)2, void at::native::gpu_kernel_impl_nocast<at::native::direct_copy_kernel_cuda(at::TensorIteratorBase &)::[lambda() (instance 3)]::operator ()() const::[lambda() (instance 4)]::operator ()() const::[lambda(long) (instance 1)]>(at::TensorIteratorBase &, const T1 &)::[lambda(int) (instance 1)]>(int, T3)"
:stage.process:model.layers.0.mlp.down_proj,PushPop,2264054,2266203,1,1278,9343776,7311.2,7168.0,4512,9216,455.0,"void at::native::index_elementwise_kernel<(int)128, (int)4, void at::native::gpu_index_kernel<void at::native::index_put_kernel_impl<at::native::OpaqueType<(int)8>>(at::TensorIterator &, c10::ArrayRef<long>, c10::ArrayRef<long>)::[lambda(char *, const char *, long) (instance 1)]>(at::TensorIteratorBase &, c10::ArrayRef<long>, c10::ArrayRef<long>, const T1 &, bool)::[lambda(int) (instance 1)]>(long, T3)"
:stage.process:model.layers.0.mlp.down_proj,PushPop,2264054,2266203,1,2300,7251609,3152.9,3200.0,2080,7168,465.6,"void at::native::elementwise_kernel<(int)128, (int)2, void at::native::gpu_kernel_impl_nocast<at::native::AUnaryFunctor<long, long, long, at::native::BitwiseAndFunctor<long>>>(at::TensorIteratorBase &, const T1 &)::[lambda(int) (instance 1)]>(int, T3)"
:stage.process:model.layers.0.mlp.down_proj,PushPop,2264054,2266203,1,3074,6976274,2269.4,2240.0,1760,2368,39.7,"void at::native::vectorized_elementwise_kernel<(int)4, at::native::BinaryFunctor<c10::Half, c10::Half, bool, at::native::<unnamed>::CompareEqFunctor<c10::Half>>, std::array<char *, (unsigned long)3>>(int, T2, T3)"
:stage.process:model.layers.0.mlp.down_proj,PushPop,2264054,2266203,1,3074,6909942,2247.9,2240.0,1792,2337,39.4,"void at::native::vectorized_elementwise_kernel<(int)4, at::native::AUnaryFunctor<c10::Half, c10::Half, bool, at::native::<unnamed>::CompareEqFunctor<c10::Half>>, std::array<char *, (unsigned long)2>>(int, T2, T3)"
:stage.process:model.layers.0.mlp.down_proj,PushPop,2264054,2266203,1,2,6846964,3423482.0,3423482.0,3422474,3424490,1425.5,ampere_sgemm_128x64_lower_nt
:stage.process:model.layers.0.mlp.down_proj,PushPop,2264054,2266203,1,2302,6692594,2907.3,2624.0,2016,145313,2986.9,"void at::native::roll_cuda_kernel<float>(const T1 *, T1 *, long, long, long, long, long, long)"
:stage.process:model.layers.0.mlp.down_proj,PushPop,2264054,2266203,1,2,6653589,3326794.5,3326794.5,3234154,3419435,131013.5,ampere_sgemm_128x64_nn
:stage.process:model.layers.0.mlp.down_proj,PushPop,2264054,2266203,1,3328,6230934,1872.3,1792.0,1568,50560,855.6,"void at::native::vectorized_elementwise_kernel<(int)4, void at::native::compare_scalar_kernel<float>(at::TensorIteratorBase &, at::native::<unnamed>::OpType, T1)::[lambda(float) (instance 1)], std::array<char *, (unsigned long)2>>(int, T2, T3)"
:stage.process:model.layers.0.mlp.down_proj,PushPop,2264054,2266203,1,3086,5838289,1891.9,1760.0,1696,45536,1977.9,"void at::native::vectorized_elementwise_kernel<(int)4, void at::native::compare_scalar_kernel<long>(at::TensorIteratorBase &, at::native::<unnamed>::OpType, T1)::[lambda(long) (instance 1)], std::array<char *, (unsigned long)2>>(int, T2, T3)"
:stage.process:model.layers.0.mlp.down_proj,PushPop,2264054,2266203,1,2048,5561557,2715.6,2656.0,2528,3104,117.2,"void at::native::unrolled_elementwise_kernel<at::native::BinaryFunctor<float, float, float, at::native::maximum_kernel_cuda(at::TensorIteratorBase &)::[lambda() (instance 2)]::operator ()() const::[lambda() (instance 2)]::operator ()() const::[lambda(float, float) (instance 1)]>, std::array<char *, (unsigned long)3>, (int)4, TrivialOffsetCalculator<(int)2, unsigned int>, TrivialOffsetCalculator<(int)1, unsigned int>, at::native::memory::LoadWithCast<(int)2>, at::native::memory::StoreWithCast<(int)1>>(int, T1, T2, T4, T5, T6, T7)"
:stage.process:model.layers.0.mlp.down_proj,PushPop,2264054,2266203,1,2558,5548437,2169.1,2080.0,1632,53056,1425.5,"void at::native::vectorized_elementwise_kernel<(int)4, at::native::BinaryFunctor<bool, bool, bool, at::native::logical_or_kernel_cuda(at::TensorIterator &)::[lambda() (instance 2)]::operator ()() const::[lambda() (instance 9)]::operator ()() const::[lambda(bool, bool) (instance 1)]>, std::array<char *, (unsigned long)3>>(int, T2, T3)"
:stage.process:model.layers.0.mlp.down_proj,PushPop,2264054,2266203,1,639,5220202,8169.3,8288.0,5632,10688,471.0,"void at::native::index_elementwise_kernel<(int)128, (int)4, void at::native::gpu_index_kernel<void at::native::index_kernel_impl<at::native::OpaqueType<(int)4>>(at::TensorIteratorBase &, c10::ArrayRef<long>, c10::ArrayRef<long>)::[lambda(char *, const char *, long) (instance 1)]>(at::TensorIteratorBase &, c10::ArrayRef<long>, c10::ArrayRef<long>, const T1 &, bool)::[lambda(int) (instance 1)]>(long, T3)"
:stage.process:model.layers.0.mlp.down_proj,PushPop,2264054,2266203,1,3594,4904935,1364.8,1376.0,1248,2144,61.8,"void <unnamed>::elementwise_kernel_with_index<int, at::native::arange_cuda_out(const c10::Scalar &, const c10::Scalar &, const c10::Scalar &, at::Tensor &)::[lambda() (instance 1)]::operator ()() const::[lambda() (instance 4)]::operator ()() const::[lambda(long) (instance 1)]>(T1, T2, function_traits<T2>::result_type *)"
:stage.process:model.layers.0.mlp.down_proj,PushPop,2264054,2266203,1,1154,4651598,4030.8,4032.0,3968,12224,272.2,ampere_sgemm_32x128_nt
:stage.process:model.layers.0.mlp.down_proj,PushPop,2264054,2266203,1,1173,4620462,3939.0,2272.0,1920,191232,12631.8,"void at::native::vectorized_elementwise_kernel<(int)4, at::native::CUDAFunctor_add<float>, std::array<char *, (unsigned long)3>>(int, T2, T3)"
:stage.process:model.layers.0.mlp.down_proj,PushPop,2264054,2266203,1,639,4473594,7000.9,7169.0,3392,7712,656.7,"void at::native::index_elementwise_kernel<(int)128, (int)4, void at::native::gpu_index_kernel<void at::native::index_put_kernel_impl<at::native::OpaqueType<(int)1>>(at::TensorIterator &, c10::ArrayRef<long>, c10::ArrayRef<long>)::[lambda(char *, const char *, long) (instance 1)]>(at::TensorIteratorBase &, c10::ArrayRef<long>, c10::ArrayRef<long>, const T1 &, bool)::[lambda(int) (instance 1)]>(long, T3)"
:stage.process:model.layers.0.mlp.down_proj,PushPop,2264054,2266203,1,1024,4406828,4303.5,4128.0,3904,5024,366.6,"void at::native::elementwise_kernel<(int)128, (int)4, void at::native::gpu_kernel_impl_nocast<at::native::direct_copy_kernel_cuda(at::TensorIteratorBase &)::[lambda() (instance 3)]::operator ()() const::[lambda() (instance 10)]::operator ()() const::[lambda(c10::Half) (instance 1)]>(at::TensorIteratorBase &, const T1 &)::[lambda(int) (instance 1)]>(int, T3)"
:stage.process:model.layers.0.mlp.down_proj,PushPop,2264054,2266203,1,1278,4373552,3422.2,3104.0,2176,4864,627.8,"<unnamed>::qvq_yaqa_feedback_epilogue_kernel(const float *, const float *, const float *, const float *, const float *, float *, int, int, int, int, int)"
:stage.process:model.layers.0.mlp.down_proj,PushPop,2264054,2266203,1,1159,4172876,3600.4,3488.0,1920,54240,2327.0,"void at::native::unrolled_elementwise_kernel<at::native::direct_copy_kernel_cuda(at::TensorIteratorBase &)::[lambda() (instance 3)]::operator ()() const::[lambda() (instance 4)]::operator ()() const::[lambda(long) (instance 1)], std::array<char *, (unsigned long)2>, (int)4, TrivialOffsetCalculator<(int)1, unsigned int>, TrivialOffsetCalculator<(int)1, unsigned int>, at::native::memory::LoadWithCast<(int)1>, at::native::memory::StoreWithCast<(int)1>>(int, T1, T2, T4, T5, T6, T7)"
:stage.process:model.layers.0.mlp.down_proj,PushPop,2264054,2266203,1,1,3836078,3836078.0,3836078.0,3836078,3836078,0.0,ampere_sgemm_32x128_tn
:stage.process:model.layers.0.mlp.down_proj,PushPop,2264054,2266203,1,1280,3761513,2938.7,2976.0,1824,3392,223.4,"void at::native::elementwise_kernel<(int)128, (int)2, void at::native::gpu_kernel_impl_nocast<at::native::CUDAFunctor_add<long>>(at::TensorIteratorBase &, const T1 &)::[lambda(int) (instance 1)]>(int, T3)"
:stage.process:model.layers.0.mlp.down_proj,PushPop,2264054,2266203,1,1032,3468301,3360.8,3296.0,3072,15776,788.2,"void at::native::reduce_kernel<(int)512, (int)1, at::native::ReduceOp<bool, at::native::func_wrapper_t<bool, at::native::or_kernel_cuda(at::TensorIterator &)::[lambda() (instance 1)]::operator ()() const::[lambda() (instance 12)]::operator ()() const::[lambda(bool, bool) (instance 1)]>, unsigned int, bool, (int)4, (int)4>>(T3)"
:stage.process:model.layers.0.mlp.down_proj,PushPop,2264054,2266203,1,1923,3260044,1695.3,1664.0,1504,64001,1423.5,"void at::native::vectorized_elementwise_kernel<(int)2, at::native::AUnaryFunctor<long, long, long, at::native::binary_internal::MulFunctor<long>>, std::array<char *, (unsigned long)2>>(int, T2, T3)"
:stage.process:model.layers.0.mlp.down_proj,PushPop,2264054,2266203,1,512,2935046,5732.5,5728.0,5280,6336,133.3,"void at::native::unrolled_elementwise_kernel<at::native::CUDAFunctor_add<float>, std::array<char *, (unsigned long)3>, (int)4, TrivialOffsetCalculator<(int)2, unsigned int>, TrivialOffsetCalculator<(int)1, unsigned int>, at::native::memory::LoadWithCast<(int)2>, at::native::memory::StoreWithCast<(int)1>>(int, T1, T2, T4, T5, T6, T7)"
:stage.process:model.layers.0.mlp.down_proj,PushPop,2264054,2266203,1,1278,2854693,2233.7,2240.0,1440,2912,146.2,"<unnamed>::qvq_yaqa_grouped_pointers_kernel(const float *, const float *, float *, float **, float **, float **, int, int, int, int, int, int)"
:stage.process:model.layers.0.mlp.down_proj,PushPop,2264054,2266203,1,1278,2750827,2152.4,2112.0,1664,3040,189.1,"void at::native::vectorized_elementwise_kernel<(int)4, at::native::bitwise_not_kernel_cuda(at::TensorIteratorBase &)::[lambda(bool) (instance 1)], std::array<char *, (unsigned long)2>>(int, T2, T3)"
:stage.process:model.layers.0.mlp.down_proj,PushPop,2264054,2266203,1,3,2629929,876643.0,1310436.0,8608,1310885,751740.4,"void at::native::reduce_kernel<(int)512, (int)1, at::native::ReduceOp<long, at::native::func_wrapper_t<long, at::native::sum_functor<long, long, long>::operator ()(at::TensorIterator &)::[lambda(long, long) (instance 1)]>, unsigned int, long, (int)4, (int)4>>(T3)"
:stage.process:model.layers.0.mlp.down_proj,PushPop,2264054,2266203,1,1278,2548810,1994.4,1952.0,1472,3168,145.3,"<unnamed>::qvq_yaqa_update_grouped_pointers_kernel(float *, float *, const float *, const float *, const float *, float **, float **, float **, int, int, int, int, int, int)"
:stage.process:model.layers.0.mlp.down_proj,PushPop,2264054,2266203,1,11,2472169,224742.6,65761.0,5536,1029955,396903.4,"void at::native::vectorized_elementwise_kernel<(int)2, at::native::AUnaryFunctor<long, long, long, at::native::BitwiseAndFunctor<long>>, std::array<char *, (unsigned long)2>>(int, T2, T3)"
:stage.process:model.layers.0.mlp.down_proj,PushPop,2264054,2266203,1,4,2175753,543938.3,561106.5,5056,1048484,582649.9,"void at::native::elementwise_kernel<(int)128, (int)2, void at::native::gpu_kernel_impl_nocast<at::native::BinaryFunctor<long, long, long, at::native::lshift_kernel_cuda(at::TensorIteratorBase &)::[lambda() (instance 1)]::operator ()() const::[lambda() (instance 4)]::operator ()() const::[lambda(long, long) (instance 1)]>>(at::TensorIteratorBase &, const T1 &)::[lambda(int) (instance 1)]>(int, T3)"
:stage.process:model.layers.0.mlp.down_proj,PushPop,2264054,2266203,1,4,2161064,540266.0,540162.0,41184,1039556,576179.5,"void at::native::elementwise_kernel<(int)128, (int)2, void at::native::gpu_kernel_impl_nocast<at::native::BinaryFunctor<long, long, long, at::native::rshift_kernel_cuda(at::TensorIteratorBase &)::[lambda() (instance 1)]::operator ()() const::[lambda() (instance 4)]::operator ()() const::[lambda(long, long) (instance 1)]>>(at::TensorIteratorBase &, const T1 &)::[lambda(int) (instance 1)]>(int, T3)"
:stage.process:model.layers.0.mlp.down_proj,PushPop,2264054,2266203,1,513,2087846,4069.9,4032.0,3456,20993,795.2,"void at::native::elementwise_kernel<(int)128, (int)4, void at::native::gpu_kernel_impl_nocast<at::native::direct_copy_kernel_cuda(at::TensorIteratorBase &)::[lambda() (instance 3)]::operator ()() const::[lambda() (instance 1)]::operator ()() const::[lambda(unsigned char) (instance 1)]>(at::TensorIteratorBase &, const T1 &)::[lambda(int) (instance 1)]>(int, T3)"
:stage.process:model.layers.0.mlp.down_proj,PushPop,2264054,2266203,1,3,1894343,631447.7,909603.0,73024,911716,483610.2,"void at::native::index_elementwise_kernel<(int)128, (int)4, void at::native::gpu_index_kernel<void at::native::index_kernel_impl<at::native::OpaqueType<(int)8>>(at::TensorIteratorBase &, c10::ArrayRef<long>, c10::ArrayRef<long>)::[lambda(char *, const char *, long) (instance 1)]>(at::TensorIteratorBase &, c10::ArrayRef<long>, c10::ArrayRef<long>, const T1 &, bool)::[lambda(int) (instance 1)]>(long, T3)"
:stage.process:model.layers.0.mlp.down_proj,PushPop,2264054,2266203,1,1031,1810820,1756.4,1728.0,1696,11648,608.1,"void at::native::vectorized_elementwise_kernel<(int)4, at::native::BinaryFunctor<bool, bool, bool, at::native::BitwiseOrFunctor<bool>>, std::array<char *, (unsigned long)3>>(int, T2, T3)"
:stage.process:model.layers.0.mlp.down_proj,PushPop,2264054,2266203,1,491,1753988,3572.3,3392.0,2848,16032,1127.0,"void cublasLt::splitKreduce_kernel<(int)32, (int)16, int, float, float, float, float, (bool)0, float, float, float, (bool)1, (bool)0, (bool)0, (bool)0>(cublasLt::cublasSplitKParams<T6>, const T4 *, const T10 *, T9 *, T5 *, const T6 *, const T6 *, const T11 *, const T4 *, T11 *, void *, long, T6 *, int *, T6 *, T6 *, const T6 *, const T6 *, const T6 *, const T6 *, const T6 *)"
:stage.process:model.layers.0.mlp.down_proj,PushPop,2264054,2266203,1,3,1704229,568076.3,828227.0,47584,828418,450759.6,"void at::native::triu_tril_kernel<float, int, (bool)0, (int)2, (bool)1>(at::cuda::detail::TensorInfo<T1, T2>, at::cuda::detail::TensorInfo<const T1, T2>, long, long, T2)"
:stage.process:model.layers.0.mlp.down_proj,PushPop,2264054,2266203,1,641,1209058,1886.2,1792.0,1600,30113,1561.4,"void at::native::vectorized_elementwise_kernel<(int)2, at::native::FillFunctor<long>, std::array<char *, (unsigned long)1>>(int, T2, T3)"
:stage.process:model.layers.0.mlp.down_proj,PushPop,2264054,2266203,1,516,1201955,2329.4,1792.0,1760,72736,6083.8,"void at::native::vectorized_elementwise_kernel<(int)4, at::native::BinaryFunctor<long, long, bool, at::native::<unnamed>::CompareEqFunctor<long>>, std::array<char *, (unsigned long)3>>(int, T2, T3)"
:stage.process:model.layers.0.mlp.down_proj,PushPop,2264054,2266203,1,639,1159010,1813.8,1824.0,1568,2208,123.8,"void at::native::vectorized_elementwise_kernel<(int)2, at::native::CUDAFunctor_add<long>, std::array<char *, (unsigned long)3>>(int, T2, T3)"
:stage.process:model.layers.0.mlp.down_proj,PushPop,2264054,2266203,1,512,1113570,2174.9,2176.0,2144,2208,14.2,"void at::native::elementwise_kernel<(int)128, (int)2, void at::native::gpu_kernel_impl_nocast<at::native::BUnaryFunctor<long, long, long, at::native::rshift_kernel_cuda(at::TensorIteratorBase &)::[lambda() (instance 1)]::operator ()() const::[lambda() (instance 4)]::operator ()() const::[lambda(long, long) (instance 1)]>>(at::TensorIteratorBase &, const T1 &)::[lambda(int) (instance 1)]>(int, T3)"
:stage.process:model.layers.0.mlp.down_proj,PushPop,2264054,2266203,1,10,993317,99331.7,76384.5,3616,295329,105598.7,"void at::native::elementwise_kernel<(int)128, (int)2, void at::native::gpu_kernel_impl_nocast<at::native::BinaryFunctor<float, float, float, at::native::binary_internal::MulFunctor<float>>>(at::TensorIteratorBase &, const T1 &)::[lambda(int) (instance 1)]>(int, T3)"
:stage.process:model.layers.0.mlp.down_proj,PushPop,2264054,2266203,1,9,812834,90314.9,67041.0,1952,259200,99363.9,"void at::native::vectorized_elementwise_kernel<(int)4, at::native::BUnaryFunctor<float, float, float, at::native::binary_internal::MulFunctor<float>>, std::array<char *, (unsigned long)2>>(int, T2, T3)"
:stage.process:model.layers.0.mlp.down_proj,PushPop,2264054,2266203,1,9,776163,86240.3,86016.0,85601,87809,652.1,"void at::native::vectorized_elementwise_kernel<(int)4, at::native::BinaryFunctor<float, float, float, at::native::binary_internal::MulFunctor<float>>, std::array<char *, (unsigned long)3>>(int, T2, T3)"
:stage.process:model.layers.0.mlp.down_proj,PushPop,2264054,2266203,1,13,702305,54023.5,28992.0,1312,114048,50092.3,"void at::native::vectorized_elementwise_kernel<(int)4, at::native::FillFunctor<float>, std::array<char *, (unsigned long)1>>(int, T2, T3)"
:stage.process:model.layers.0.mlp.down_proj,PushPop,2264054,2266203,1,26,485954,18690.5,18720.0,15712,21248,1484.0,ampere_sgemm_128x32_nn
:stage.process:model.layers.0.mlp.down_proj,PushPop,2264054,2266203,1,10,436864,43686.4,46880.0,13792,48032,10513.5,"void at::native::reduce_kernel<(int)512, (int)1, at::native::ReduceOp<float, at::native::func_wrapper_t<float, at::native::sum_functor<float, float, float>::operator ()(at::TensorIterator &)::[lambda(float, float) (instance 1)]>, unsigned int, float, (int)4, (int)4>>(T3)"
:stage.process:model.layers.0.mlp.down_proj,PushPop,2264054,2266203,1,1,340386,340386.0,340386.0,340386,340386,0.0,"void at::native::<unnamed>::CatArrayBatchedCopy_alignedK_contig<at::native::<unnamed>::OpaqueType<(unsigned int)8>, unsigned int, (int)3, (int)128, (int)1, (int)16>(T1 *, at::native::<unnamed>::CatArrInputTensorMetadata<T1, T2, T4, T5>, at::native::<unnamed>::TensorSizeStride<T2, (unsigned int)4>, int, T2)"
:stage.process:model.layers.0.mlp.down_proj,PushPop,2264054,2266203,1,3,296097,98699.0,99553.0,94976,101568,3378.0,"void at::native::vectorized_elementwise_kernel<(int)2, at::native::BinaryFunctor<long, long, long, at::native::BitwiseXorFunctor<long>>, std::array<char *, (unsigned long)3>>(int, T2, T3)"
:stage.process:model.layers.0.mlp.down_proj,PushPop,2264054,2266203,1,6,269473,44912.2,1920.0,1440,251329,101195.5,"void at::native::vectorized_elementwise_kernel<(int)4, at::native::AUnaryFunctor<float, float, float, at::native::binary_internal::MulFunctor<float>>, std::array<char *, (unsigned long)2>>(int, T2, T3)"
:stage.process:model.layers.0.mlp.down_proj,PushPop,2264054,2266203,1,4,261632,65408.0,65152.0,59296,72032,5780.4,"void at::native::vectorized_elementwise_kernel<(int)2, at::native::BUnaryFunctor<long, long, long, at::native::rshift_kernel_cuda(at::TensorIteratorBase &)::[lambda() (instance 1)]::operator ()() const::[lambda() (instance 4)]::operator ()() const::[lambda(long, long) (instance 1)]>, std::array<char *, (unsigned long)2>>(int, T2, T3)"
:stage.process:model.layers.0.mlp.down_proj,PushPop,2264054,2266203,1,10,201793,20179.3,20128.0,20000,20640,181.0,"void at::native::<unnamed>::CatArrayBatchedCopy<at::native::<unnamed>::OpaqueType<(unsigned int)4>, unsigned int, (int)2, (int)64, (int)64>(T1 *, at::native::<unnamed>::CatArrInputTensorMetadata<T1, T2, T4, T5>, at::native::<unnamed>::TensorSizeStride<T2, (unsigned int)4>, int, T2)"
:stage.process:model.layers.0.mlp.down_proj,PushPop,2264054,2266203,1,2,201473,100736.5,100736.5,100705,100768,44.5,"void at::native::vectorized_elementwise_kernel<(int)2, at::native::BinaryFunctor<long, long, long, at::native::BitwiseOrFunctor<long>>, std::array<char *, (unsigned long)3>>(int, T2, T3)"
:stage.process:model.layers.0.mlp.down_proj,PushPop,2264054,2266203,1,16,170048,10628.0,10320.0,9120,12160,929.1,void cutlass::Kernel2<cutlass_80_simt_sgemm_128x32_8x5_nn_align1>(T1::Params)
:stage.process:model.layers.0.mlp.down_proj,PushPop,2264054,2266203,1,10,149057,14905.7,7312.5,4000,48992,13860.5,"void at::native::reduce_kernel<(int)512, (int)1, at::native::ReduceOp<float, at::native::MeanOps<float, float, float, float>, unsigned int, float, (int)4, (int)4>>(T3)"
:stage.process:model.layers.0.mlp.down_proj,PushPop,2264054,2266203,1,6,133376,22229.3,22192.0,16224,28448,6556.4,"void trsm_batch_left_upper_kernel_small<float, (int)16, (int)16, (int)64>(cublasTrsmBatchParams<T1>, const T1 *const *, T1 *const *, const T1 *, T1)"
:stage.process:model.layers.0.mlp.down_proj,PushPop,2264054,2266203,1,2,128192,64096.0,64096.0,64032,64160,90.5,"void at::native::vectorized_elementwise_kernel<(int)2, at::native::BUnaryFunctor<long, long, long, at::native::lshift_kernel_cuda(at::TensorIteratorBase &)::[lambda() (instance 1)]::operator ()() const::[lambda() (instance 4)]::operator ()() const::[lambda(long, long) (instance 1)]>, std::array<char *, (unsigned long)2>>(int, T2, T3)"
:stage.process:model.layers.0.mlp.down_proj,PushPop,2264054,2266203,1,3,116065,38688.3,55105.0,5792,55168,28489.1,"void at::native::unrolled_elementwise_kernel<at::native::direct_copy_kernel_cuda(at::TensorIteratorBase &)::[lambda() (instance 3)]::operator ()() const::[lambda() (instance 3)]::operator ()() const::[lambda(int) (instance 1)], std::array<char *, (unsigned long)2>, (int)4, TrivialOffsetCalculator<(int)1, unsigned int>, TrivialOffsetCalculator<(int)1, unsigned int>, at::native::memory::LoadWithCast<(int)1>, at::native::memory::StoreWithCast<(int)1>>(int, T1, T2, T4, T5, T6, T7)"
:stage.process:model.layers.0.mlp.down_proj,PushPop,2264054,2266203,1,4,87296,21824.0,21824.0,21408,22240,355.4,"std::enable_if<!T7, void>::type internal::gemvx::kernel<int, int, float, float, float, float, (bool)0, (bool)1, (bool)1, (bool)0, (int)7, (bool)0, cublasGemvParamsEx<int, cublasGemvTensorStridedBatched<const float>, cublasGemvTensorStridedBatched<const float>, cublasGemvTensorStridedBatched<float>, float>>(T13)"
:stage.process:model.layers.0.mlp.down_proj,PushPop,2264054,2266203,1,5,76608,15321.6,1696.0,1568,69984,30557.3,"void at::native::vectorized_elementwise_kernel<(int)2, at::native::CUDAFunctorOnSelf_add<long>, std::array<char *, (unsigned long)2>>(int, T2, T3)"
:stage.process:model.layers.0.mlp.down_proj,PushPop,2264054,2266203,1,1,73473,73473.0,73473.0,73473,73473,0.0,"void at::native::elementwise_kernel<(int)128, (int)2, void at::native::gpu_kernel_impl_nocast<at::native::BinaryFunctor<float, float, float, at::native::binary_internal::DivFunctor<float>>>(at::TensorIteratorBase &, const T1 &)::[lambda(int) (instance 1)]>(int, T3)"
:stage.process:model.layers.0.mlp.down_proj,PushPop,2264054,2266203,1,1,62848,62848.0,62848.0,62848,62848,0.0,"void at::native::vectorized_elementwise_kernel<(int)4, void at::native::<unnamed>::pow_tensor_scalar_kernel_impl<float, float>(at::TensorIteratorBase &, T2)::[lambda(float) (instance 1)], std::array<char *, (unsigned long)2>>(int, T2, T3)"
:stage.process:model.layers.0.mlp.down_proj,PushPop,2264054,2266203,1,8,59488,7436.0,5008.0,4000,16832,4898.2,"void gemmSN_NN_kernel<float, (int)256, (int)4, (int)2, (int)8, (int)4, (int)4, (bool)0, cublasGemvTensorBatched<const float>, cublasGemvTensorBatched<const float>, cublasGemvTensorBatched<float>>(cublasGemmSmallNParams<T9, T10, T11, T1>)"
:stage.process:model.layers.0.mlp.down_proj,PushPop,2264054,2266203,1,1,54304,54304.0,54304.0,54304,54304,0.0,"void at::native::reduce_kernel<(int)128, (int)4, at::native::ReduceOp<long, at::native::func_wrapper_t<long, at::native::sum_functor<long, long, long>::operator ()(at::TensorIterator &)::[lambda(long, long) (instance 1)]>, unsigned int, long, (int)4, (int)4>>(T3)"
:stage.process:model.layers.0.mlp.down_proj,PushPop,2264054,2266203,1,1,48224,48224.0,48224.0,48224,48224,0.0,"void at::native::vectorized_elementwise_kernel<(int)4, at::native::float16_copy_kernel_cuda(at::TensorIteratorBase &)::[lambda(float) (instance 1)], std::array<char *, (unsigned long)2>>(int, T2, T3)"
:stage.process:model.layers.0.mlp.down_proj,PushPop,2264054,2266203,1,6,29952,4992.0,5168.0,4032,6176,792.9,"void at::native::elementwise_kernel<(int)128, (int)2, void at::native::gpu_kernel_impl_nocast<at::native::CUDAFunctorOnSelf_add<float>>(at::TensorIteratorBase &, const T1 &)::[lambda(int) (instance 1)]>(int, T3)"
:stage.process:model.layers.0.mlp.down_proj,PushPop,2264054,2266203,1,3,27936,9312.0,10112.0,7072,10752,1966.1,"void at::native::elementwise_kernel<(int)128, (int)2, void at::native::gpu_kernel_impl_nocast<at::native::direct_copy_kernel_cuda(at::TensorIteratorBase &)::[lambda() (instance 3)]::operator ()() const::[lambda() (instance 3)]::operator ()() const::[lambda(int) (instance 1)]>(at::TensorIteratorBase &, const T1 &)::[lambda(int) (instance 1)]>(int, T3)"
:stage.process:model.layers.0.mlp.down_proj,PushPop,2264054,2266203,1,4,14816,3704.0,3712.0,3488,3904,231.3,"void at::native::vectorized_elementwise_kernel<(int)2, at::native::BUnaryFunctor<long, long, long, at::native::remainder_kernel_cuda(at::TensorIteratorBase &)::[lambda() (instance 1)]::operator ()() const::[lambda() (instance 4)]::operator ()() const::[lambda(long, long) (instance 1)]>, std::array<char *, (unsigned long)2>>(int, T2, T3)"
:stage.process:model.layers.0.mlp.down_proj,PushPop,2264054,2266203,1,6,12416,2069.3,1968.0,1920,2560,244.3,"void at::native::vectorized_elementwise_kernel<(int)4, at::native::<unnamed>::CompareFunctor<float>, std::array<char *, (unsigned long)3>>(int, T2, T3)"
:stage.process:model.layers.0.mlp.down_proj,PushPop,2264054,2266203,1,3,11872,3957.3,4160.0,3552,4160,351.0,"void at::native::unrolled_elementwise_kernel<at::native::direct_copy_kernel_cuda(at::TensorIteratorBase &)::[lambda() (instance 3)]::operator ()() const::[lambda() (instance 1)]::operator ()() const::[lambda(unsigned char) (instance 1)], std::array<char *, (unsigned long)2>, (int)4, TrivialOffsetCalculator<(int)1, unsigned int>, TrivialOffsetCalculator<(int)1, unsigned int>, at::native::memory::LoadWithCast<(int)1>, at::native::memory::StoreWithCast<(int)1>>(int, T1, T2, T4, T5, T6, T7)"
:stage.process:model.layers.0.mlp.down_proj,PushPop,2264054,2266203,1,2,10752,5376.0,5376.0,4896,5856,678.8,"void at::native::<unnamed>::CatArrayBatchedCopy_vectorized<at::native::<unnamed>::OpaqueType<(unsigned int)2>, unsigned int, (int)1, (int)128, (int)1, (int)16, (int)8>(char *, at::native::<unnamed>::CatArrInputTensorMetadata<T1, T2, T4, T5>, at::native::<unnamed>::TensorSizeStride<T2, (unsigned int)4>, int, T2)"
:stage.process:model.layers.0.mlp.down_proj,PushPop,2264054,2266203,1,3,9440,3146.7,3136.0,3040,3264,112.4,"void at::native::vectorized_elementwise_kernel<(int)4, at::native::AUnaryFunctor<unsigned char, unsigned char, bool, at::native::<unnamed>::CompareEqFunctor<unsigned char>>, std::array<char *, (unsigned long)2>>(int, T2, T3)"
:stage.process:model.layers.0.mlp.down_proj,PushPop,2264054,2266203,1,1,9056,9056.0,9056.0,9056,9056,0.0,ampere_sgemm_32x32_sliced1x4_nn
:stage.process:model.layers.0.mlp.down_proj,PushPop,2264054,2266203,1,1,8256,8256.0,8256.0,8256,8256,0.0,"void at::native::vectorized_elementwise_kernel<(int)4, at::native::AUnaryFunctor<unsigned char, unsigned char, unsigned char, at::native::binary_internal::MulFunctor<unsigned char>>, std::array<char *, (unsigned long)2>>(int, T2, T3)"
:stage.process:model.layers.0.mlp.down_proj,PushPop,2264054,2266203,1,2,8064,4032.0,4032.0,3232,4832,1131.4,"void at::native::elementwise_kernel<(int)128, (int)2, void at::native::gpu_kernel_impl_nocast<at::native::AbsFunctor<float>>(at::TensorIteratorBase &, const T1 &)::[lambda(int) (instance 1)]>(int, T3)"
:stage.process:model.layers.0.mlp.down_proj,PushPop,2264054,2266203,1,2,7488,3744.0,3744.0,3680,3808,90.5,"void at::native::vectorized_elementwise_kernel<(int)2, at::native::BUnaryFunctor<long, long, long, at::native::binary_internal::div_floor_kernel_cuda(at::TensorIteratorBase &)::[lambda() (instance 1)]::operator ()() const::[lambda() (instance 4)]::operator ()() const::[lambda(long, long) (instance 1)]>, std::array<char *, (unsigned long)2>>(int, T2, T3)"
:stage.process:model.layers.0.mlp.down_proj,PushPop,2264054,2266203,1,3,7264,2421.3,2176.0,1984,3104,599.0,"void at::native::vectorized_elementwise_kernel<(int)4, at::native::FillFunctor<unsigned char>, std::array<char *, (unsigned long)1>>(int, T2, T3)"
:stage.process:model.layers.0.mlp.down_proj,PushPop,2264054,2266203,1,2,5888,2944.0,2944.0,2752,3136,271.5,"void at::native::<unnamed>::CatArrayBatchedCopy_alignedK_contig<at::native::<unnamed>::OpaqueType<(unsigned int)4>, unsigned int, (int)1, (int)128, (int)1, (int)16>(T1 *, at::native::<unnamed>::CatArrInputTensorMetadata<T1, T2, T4, T5>, at::native::<unnamed>::TensorSizeStride<T2, (unsigned int)4>, int, T2)"
:stage.process:model.layers.0.mlp.down_proj,PushPop,2264054,2266203,1,3,5824,1941.3,1824.0,1664,2336,351.0,"void at::native::vectorized_elementwise_kernel<(int)4, at::native::BinaryFunctor<float, float, float, at::native::maximum_kernel_cuda(at::TensorIteratorBase &)::[lambda() (instance 2)]::operator ()() const::[lambda() (instance 2)]::operator ()() const::[lambda(float, float) (instance 1)]>, std::array<char *, (unsigned long)3>>(int, T2, T3)"
:stage.process:model.layers.0.mlp.down_proj,PushPop,2264054,2266203,1,3,5408,1802.7,1888.0,1568,1952,205.7,"xxtrf4_set_info_ker(int, int *)"
:stage.process:model.layers.0.mlp.down_proj,PushPop,2264054,2266203,1,1,5152,5152.0,5152.0,5152,5152,0.0,"void at::native::reduce_kernel<(int)512, (int)1, at::native::ReduceOp<float, at::native::ArgMinOps<float>, unsigned int, long, (int)4, (int)4>>(T3)"
:stage.process:model.layers.0.mlp.down_proj,PushPop,2264054,2266203,1,2,4832,2416.0,2416.0,2400,2432,22.6,"void at::native::vectorized_elementwise_kernel<(int)2, at::native::CUDAFunctorOnOther_add<long>, std::array<char *, (unsigned long)2>>(int, T2, T3)"
:stage.process:model.layers.0.mlp.down_proj,PushPop,2264054,2266203,1,2,4800,2400.0,2400.0,2208,2592,271.5,"void at::native::vectorized_elementwise_kernel<(int)4, void at::native::compare_scalar_kernel<c10::Half>(at::TensorIteratorBase &, at::native::<unnamed>::OpType, T1)::[lambda(c10::Half) (instance 1)], std::array<char *, (unsigned long)2>>(int, T2, T3)"
:stage.process:model.layers.0.mlp.down_proj,PushPop,2264054,2266203,1,2,4608,2304.0,2304.0,2208,2400,135.8,"void at::native::vectorized_elementwise_kernel<(int)4, at::native::FillFunctor<bool>, std::array<char *, (unsigned long)1>>(int, T2, T3)"
:stage.process:model.layers.0.mlp.down_proj,PushPop,2264054,2266203,1,2,4192,2096.0,2096.0,1888,2304,294.2,"void at::native::unrolled_elementwise_kernel<at::native::AUnaryFunctor<long, long, long, at::native::BitwiseAndFunctor<long>>, std::array<char *, (unsigned long)2>, (int)4, TrivialOffsetCalculator<(int)1, unsigned int>, TrivialOffsetCalculator<(int)1, unsigned int>, at::native::memory::LoadWithoutCast, at::native::memory::StoreWithoutCast>(int, T1, T2, T4, T5, T6, T7)"
:stage.process:model.layers.0.mlp.down_proj,PushPop,2264054,2266203,1,1,3584,3584.0,3584.0,3584,3584,0.0,"void at::native::vectorized_elementwise_kernel<(int)4, at::native::BinaryFunctor<unsigned char, unsigned char, bool, at::native::<unnamed>::CompareEqFunctor<unsigned char>>, std::array<char *, (unsigned long)3>>(int, T2, T3)"
:stage.process:model.layers.0.mlp.down_proj,PushPop,2264054,2266203,1,1,3392,3392.0,3392.0,3392,3392,0.0,"void at::native::<unnamed>::CatArrayBatchedCopy_contig<at::native::<unnamed>::OpaqueType<(unsigned int)1>, unsigned int, (int)1, (int)128, (int)1>(T1 *, at::native::<unnamed>::CatArrInputTensorMetadata<T1, T2, T4, T5>, at::native::<unnamed>::TensorSizeStride<T2, (unsigned int)4>, int, T2)"
:stage.process:model.layers.0.mlp.down_proj,PushPop,2264054,2266203,1,1,2944,2944.0,2944.0,2944,2944,0.0,"void at::native::unrolled_elementwise_kernel<at::native::direct_copy_kernel_cuda(at::TensorIteratorBase &)::[lambda() (instance 3)]::operator ()() const::[lambda() (instance 11)]::operator ()() const::[lambda(bool) (instance 1)], std::array<char *, (unsigned long)2>, (int)4, TrivialOffsetCalculator<(int)1, unsigned int>, TrivialOffsetCalculator<(int)1, unsigned int>, at::native::memory::LoadWithCast<(int)1>, at::native::memory::StoreWithCast<(int)1>>(int, T1, T2, T4, T5, T6, T7)"
:stage.process:model.layers.0.mlp.down_proj,PushPop,2264054,2266203,1,1,2688,2688.0,2688.0,2688,2688,0.0,"void at::native::vectorized_elementwise_kernel<(int)4, at::native::sqrt_kernel_cuda(at::TensorIteratorBase &)::[lambda() (instance 2)]::operator ()() const::[lambda() (instance 2)]::operator ()() const::[lambda(float) (instance 1)], std::array<char *, (unsigned long)2>>(int, T2, T3)"
:stage.process:model.layers.0.mlp.down_proj,PushPop,2264054,2266203,1,1,2464,2464.0,2464.0,2464,2464,0.0,"void at::native::elementwise_kernel<(int)128, (int)2, void at::native::gpu_kernel_impl_nocast<at::native::<unnamed>::where_kernel_impl(at::TensorIterator &)::[lambda() (instance 1)]::operator ()() const::[lambda() (instance 3)]::operator ()() const::[lambda(bool, unsigned int, unsigned int) (instance 1)]>(at::TensorIteratorBase &, const T1 &)::[lambda(int) (instance 1)]>(int, T3)"
:stage.process:model.layers.0.mlp.down_proj,PushPop,2264054,2266203,1,1,2112,2112.0,2112.0,2112,2112,0.0,"void at::native::unrolled_elementwise_kernel<at::native::<unnamed>::CompareFunctor<c10::Half>, std::array<char *, (unsigned long)3>, (int)4, TrivialOffsetCalculator<(int)2, unsigned int>, TrivialOffsetCalculator<(int)1, unsigned int>, at::native::memory::LoadWithoutCast, at::native::memory::StoreWithoutCast>(int, T1, T2, T4, T5, T6, T7)"
:stage.process:model.layers.0.mlp.down_proj,PushPop,2264054,2266203,1,1,1920,1920.0,1920.0,1920,1920,0.0,"void at::native::vectorized_elementwise_kernel<(int)4, at::native::<unnamed>::launch_clamp_scalar(at::TensorIteratorBase &, c10::Scalar, c10::Scalar, at::native::detail::ClampLimits)::[lambda() (instance 1)]::operator ()() const::[lambda() (instance 7)]::operator ()() const::[lambda(float) (instance 1)], std::array<char *, (unsigned long)2>>(int, T2, T3)"
:stage.process:model.layers.0.mlp.gate_proj,PushPop,2264054,2266203,1,12272,17585069012,1432942.4,1084769.0,133121,4332093,1267393.3,"void <unnamed>::qvq_v2_segment_grid_kernel<(int)4, (int)2, (int)16, (bool)1, (bool)0, __half, unsigned char>(const float *, const T6 *, const float *, const long *, const float *, const float *, float *, T7 *, unsigned char *, int, int, int, bool, bool)"
:stage.process:model.layers.0.mlp.gate_proj,PushPop,2264054,2266203,1,1534,4705615526,3067546.0,2784017.0,1355777,7221404,1919176.4,"void <unnamed>::qvq_viterbi_kernel<(int)4, (int)2, __half, unsigned char>(const float *, const T3 *, const float *, const long *, const float *, T4 *, long *, float *, int, int, int, bool, bool, bool)"
:stage.process:model.layers.0.mlp.gate_proj,PushPop,2264054,2266203,1,1278,2701712631,2114016.1,1635185.0,20512,6052041,1561508.2,void cutlass::Kernel2<cutlass_80_simt_sgemm_grouped_128x128_8x4_align1>(T1::Params)
:stage.process:model.layers.0.mlp.gate_proj,PushPop,2264054,2266203,1,1278,674430804,527723.6,323456.5,5536,1010176,348344.5,"void gemmSN_NN_kernel<float, (int)128, (int)2, (int)4, (int)8, (int)4, (int)4, (bool)0, cublasGemvTensorBatched<const float>, cublasGemvTensorBatched<const float>, cublasGemvTensorBatched<float>>(cublasGemmSmallNParams<T9, T10, T11, T1>)"
:stage.process:model.layers.0.mlp.gate_proj,PushPop,2264054,2266203,1,1534,544867667,355194.0,288833.0,74176,945343,265619.2,"void <unnamed>::qvq_v2_segment_grid_finalize_kernel<(int)4, (int)2, (int)16, (bool)0, __half, unsigned char>(const float *, const T5 *, const float *, const long *, const float *, const float *, const T6 *, const unsigned char *, long *, unsigned char *, float *, int, int, bool, bool)"
:stage.process:model.layers.0.mlp.gate_proj,PushPop,2264054,2266203,1,1276,216670979,169804.8,109120.5,9792,318561,105198.9,ampere_sgemm_128x128_nt
:stage.process:model.layers.0.mlp.gate_proj,PushPop,2264054,2266203,1,14,85465499,6104678.5,3545953.5,3252965,12739122,4332581.6,ampere_sgemm_128x64_nn
:stage.process:model.layers.0.mlp.gate_proj,PushPop,2264054,2266203,1,3785,29718648,7851.7,3232.0,2143,643201,34758.8,"void at::native::elementwise_kernel<(int)128, (int)2, void at::native::gpu_kernel_impl_nocast<at::native::direct_copy_kernel_cuda(at::TensorIteratorBase &)::[lambda() (instance 3)]::operator ()() const::[lambda() (instance 7)]::operator ()() const::[lambda(float) (instance 1)]>(at::TensorIteratorBase &, const T1 &)::[lambda(int) (instance 1)]>(int, T3)"
:stage.process:model.layers.0.mlp.gate_proj,PushPop,2264054,2266203,1,2,25797420,12898710.0,12898710.0,12898375,12899045,473.8,void cutlass::Kernel2<cutlass_80_simt_sgemm_128x64_8x5_nn_align1>(T1::Params)
:stage.process:model.layers.0.mlp.gate_proj,PushPop,2264054,2266203,1,3222,23506717,7295.7,7360.0,2592,89888,3404.8,"void at::native::reduce_kernel<(int)512, (int)1, at::native::ReduceOp<bool, at::native::func_wrapper_t<bool, at::native::and_kernel_cuda(at::TensorIterator &)::[lambda() (instance 1)]::operator ()() const::[lambda() (instance 12)]::operator ()() const::[lambda(bool, bool) (instance 1)]>, unsigned int, bool, (int)4, (int)4>>(T3)"
:stage.process:model.layers.0.mlp.gate_proj,PushPop,2264054,2266203,1,445,18473531,41513.6,6112.0,3264,665120,70418.2,"void at::native::elementwise_kernel<(int)128, (int)2, void at::native::gpu_kernel_impl_nocast<at::native::CUDAFunctor_add<float>>(at::TensorIteratorBase &, const T1 &)::[lambda(int) (instance 1)]>(int, T3)"
:stage.process:model.layers.0.mlp.gate_proj,PushPop,2264054,2266203,1,1663,17982988,10813.6,9440.0,5408,121184,3493.9,"void at::native::index_elementwise_kernel<(int)128, (int)4, void at::native::gpu_index_kernel<void at::native::index_kernel_impl<at::native::OpaqueType<(int)2>>(at::TensorIteratorBase &, c10::ArrayRef<long>, c10::ArrayRef<long>)::[lambda(char *, const char *, long) (instance 1)]>(at::TensorIteratorBase &, c10::ArrayRef<long>, c10::ArrayRef<long>, const T1 &, bool)::[lambda(int) (instance 1)]>(long, T3)"
:stage.process:model.layers.0.mlp.gate_proj,PushPop,2264054,2266203,1,130,16325919,125584.0,125360.0,5248,243040,69009.0,"void gemmSN_NN_kernel<float, (int)128, (int)2, (int)4, (int)8, (int)4, (int)4, (bool)0, cublasGemvTensorStridedBatched<const float>, cublasGemvTensorStridedBatched<const float>, cublasGemvTensorStridedBatched<float>>(cublasGemmSmallNParams<T9, T10, T11, T1>)"
:stage.process:model.layers.0.mlp.gate_proj,PushPop,2264054,2266203,1,2046,16228845,7932.0,7680.0,4000,50528,1482.5,"void at::native::reduce_kernel<(int)512, (int)1, at::native::ReduceOp<float, at::native::func_wrapper_t<float, at::native::MaxNanFunctor<float>>, unsigned int, float, (int)4, (int)4>>(T3)"
:stage.process:model.layers.0.mlp.gate_proj,PushPop,2264054,2266203,1,1917,13494345,7039.3,6944.0,4416,9344,551.5,"void at::native::index_elementwise_kernel<(int)128, (int)4, void at::native::gpu_index_kernel<void at::native::index_put_kernel_impl<at::native::OpaqueType<(int)4>>(at::TensorIterator &, c10::ArrayRef<long>, c10::ArrayRef<long>)::[lambda(char *, const char *, long) (instance 1)]>(at::TensorIteratorBase &, c10::ArrayRef<long>, c10::ArrayRef<long>, const T1 &, bool)::[lambda(int) (instance 1)]>(long, T3)"
:stage.process:model.layers.0.mlp.gate_proj,PushPop,2264054,2266203,1,4,12947283,3236820.8,3235013.0,3229636,3247621,8653.4,ampere_sgemm_128x64_nt
:stage.process:model.layers.0.mlp.gate_proj,PushPop,2264054,2266203,1,1,12721267,12721267.0,12721267.0,12721267,12721267,0.0,ampere_sgemm_128x64_tn
:stage.process:model.layers.0.mlp.gate_proj,PushPop,2264054,2266203,1,4,11419862,2854965.5,1600670.5,928095,7290426,3023902.1,"void kernel<getrf_wo_pivot_params_<float, (int)0, (int)256, (int)1, (int)64, (int)64, (int)68, (int)8, (int)1, (int)1>>(int, int, void *, int, void *, int, int, int, int, int, int *)"
:stage.process:model.layers.0.mlp.gate_proj,PushPop,2264054,2266203,1,3068,11339618,3696.1,3968.0,2112,518016,9393.9,"<unnamed>::qvq_half2_codebook_norm_pack_kernel(const __half *, unsigned long *, int)"
:stage.process:model.layers.0.mlp.gate_proj,PushPop,2264054,2266203,1,4122,10531076,2554.8,2272.0,1664,256768,7195.7,"void at::native::vectorized_elementwise_kernel<(int)4, at::native::AbsFunctor<float>, std::array<char *, (unsigned long)2>>(int, T2, T3)"
:stage.process:model.layers.0.mlp.gate_proj,PushPop,2264054,2266203,1,1278,9258563,7244.6,7136.0,4608,9312,400.9,"void at::native::index_elementwise_kernel<(int)128, (int)4, void at::native::gpu_index_kernel<void at::native::index_put_kernel_impl<at::native::OpaqueType<(int)8>>(at::TensorIterator &, c10::ArrayRef<long>, c10::ArrayRef<long>)::[lambda(char *, const char *, long) (instance 1)]>(at::TensorIteratorBase &, c10::ArrayRef<long>, c10::ArrayRef<long>, const T1 &, bool)::[lambda(int) (instance 1)]>(long, T3)"
:stage.process:model.layers.0.mlp.gate_proj,PushPop,2264054,2266203,1,1543,6822180,4421.4,4256.0,3104,76960,2994.7,"void at::native::unrolled_elementwise_kernel<at::native::direct_copy_kernel_cuda(at::TensorIteratorBase &)::[lambda() (instance 3)]::operator ()() const::[lambda() (instance 7)]::operator ()() const::[lambda(float) (instance 1)], std::array<char *, (unsigned long)2>, (int)4, TrivialOffsetCalculator<(int)1, unsigned int>, TrivialOffsetCalculator<(int)1, unsigned int>, at::native::memory::LoadWithCast<(int)1>, at::native::memory::StoreWithCast<(int)1>>(int, T1, T2, T4, T5, T6, T7)"
:stage.process:model.layers.0.mlp.gate_proj,PushPop,2264054,2266203,1,2846,6763874,2376.6,2208.0,1728,98368,3332.5,"void at::native::vectorized_elementwise_kernel<(int)4, at::native::BinaryFunctor<bool, bool, bool, at::native::binary_internal::MulFunctor<bool>>, std::array<char *, (unsigned long)3>>(int, T2, T3)"
:stage.process:model.layers.0.mlp.gate_proj,PushPop,2264054,2266203,1,2,6523618,3261809.0,3261809.0,3261345,3262273,656.2,void cutlass::Kernel2<cutlass_80_simt_sgemm_128x32_8x5_nt_align1>(T1::Params)
:stage.process:model.layers.0.mlp.gate_proj,PushPop,2264054,2266203,1,762,6439290,8450.5,8192.0,7840,10304,677.7,"void batch_trsm_left_kernel<float, (int)64, (int)4, (int)3, (bool)0, (bool)0, (bool)1>(cublasTrsmBatchParams2<T1>, T1, const T1 *, int)"
:stage.process:model.layers.0.mlp.gate_proj,PushPop,2264054,2266203,1,770,6428893,8349.2,8352.0,7808,8864,171.4,"void at::native::reduce_kernel<(int)512, (int)1, at::native::ReduceOp<c10::Half, at::native::func_wrapper_t<c10::Half, at::native::MaxNanFunctor<c10::Half>>, unsigned int, c10::Half, (int)4, (int)4>>(T3)"
:stage.process:model.layers.0.mlp.gate_proj,PushPop,2264054,2266203,1,1663,5841667,3512.7,3424.0,2496,113472,2733.0,"void at::native::elementwise_kernel<(int)128, (int)2, void at::native::gpu_kernel_impl_nocast<at::native::direct_copy_kernel_cuda(at::TensorIteratorBase &)::[lambda() (instance 3)]::operator ()() const::[lambda() (instance 4)]::operator ()() const::[lambda(long) (instance 1)]>(at::TensorIteratorBase &, const T1 &)::[lambda(int) (instance 1)]>(int, T3)"
:stage.process:model.layers.0.mlp.gate_proj,PushPop,2264054,2266203,1,2077,5505091,2650.5,2272.0,1504,163744,6680.1,"void at::native::vectorized_elementwise_kernel<(int)4, at::native::BinaryFunctor<float, float, bool, at::native::<unnamed>::CompareEqFunctor<float>>, std::array<char *, (unsigned long)3>>(int, T2, T3)"
:stage.process:model.layers.0.mlp.gate_proj,PushPop,2264054,2266203,1,2558,5465124,2136.5,2080.0,1600,7264,239.6,"void at::native::vectorized_elementwise_kernel<(int)4, at::native::BinaryFunctor<bool, bool, bool, at::native::logical_or_kernel_cuda(at::TensorIterator &)::[lambda() (instance 2)]::operator ()() const::[lambda() (instance 9)]::operator ()() const::[lambda(bool, bool) (instance 1)]>, std::array<char *, (unsigned long)3>>(int, T2, T3)"
:stage.process:model.layers.0.mlp.gate_proj,PushPop,2264054,2266203,1,2076,5396703,2599.6,2272.0,1504,164832,6645.9,"void at::native::vectorized_elementwise_kernel<(int)4, at::native::AUnaryFunctor<float, float, bool, at::native::<unnamed>::CompareEqFunctor<float>>, std::array<char *, (unsigned long)2>>(int, T2, T3)"
:stage.process:model.layers.0.mlp.gate_proj,PushPop,2264054,2266203,1,1532,5305991,3463.4,3360.0,2016,32096,922.6,"void at::native::elementwise_kernel<(int)128, (int)2, void at::native::gpu_kernel_impl_nocast<at::native::AUnaryFunctor<long, long, long, at::native::BitwiseAndFunctor<long>>>(at::TensorIteratorBase &, const T1 &)::[lambda(int) (instance 1)]>(int, T3)"
:stage.process:model.layers.0.mlp.gate_proj,PushPop,2264054,2266203,1,639,5139714,8043.4,8128.0,5632,11104,499.9,"void at::native::index_elementwise_kernel<(int)128, (int)4, void at::native::gpu_index_kernel<void at::native::index_kernel_impl<at::native::OpaqueType<(int)4>>(at::TensorIteratorBase &, c10::ArrayRef<long>, c10::ArrayRef<long>)::[lambda(char *, const char *, long) (instance 1)]>(at::TensorIteratorBase &, c10::ArrayRef<long>, c10::ArrayRef<long>, const T1 &, bool)::[lambda(int) (instance 1)]>(long, T3)"
:stage.process:model.layers.0.mlp.gate_proj,PushPop,2264054,2266203,1,55,4734204,86076.4,70080.0,17792,140192,45508.8,void cutlass::Kernel2<cutlass_80_simt_sgemm_128x32_8x5_nn_align1>(T1::Params)
:stage.process:model.layers.0.mlp.gate_proj,PushPop,2264054,2266203,1,1278,4609538,3606.8,3424.0,2176,5792,596.4,"<unnamed>::qvq_yaqa_feedback_epilogue_kernel(const float *, const float *, const float *, const float *, const float *, float *, int, int, int, int, int)"
:stage.process:model.layers.0.mlp.gate_proj,PushPop,2264054,2266203,1,1534,4595137,2995.5,2784.0,2208,10368,734.6,"void at::native::roll_cuda_kernel<float>(const T1 *, T1 *, long, long, long, long, long, long)"
:stage.process:model.layers.0.mlp.gate_proj,PushPop,2264054,2266203,1,639,4408098,6898.4,7040.0,3456,7744,612.2,"void at::native::index_elementwise_kernel<(int)128, (int)4, void at::native::gpu_index_kernel<void at::native::index_put_kernel_impl<at::native::OpaqueType<(int)1>>(at::TensorIterator &, c10::ArrayRef<long>, c10::ArrayRef<long>)::[lambda(char *, const char *, long) (instance 1)]>(at::TensorIteratorBase &, c10::ArrayRef<long>, c10::ArrayRef<long>, const T1 &, bool)::[lambda(int) (instance 1)]>(long, T3)"
:stage.process:model.layers.0.mlp.gate_proj,PushPop,2264054,2266203,1,2826,3840991,1359.2,1376.0,1248,2176,67.5,"void <unnamed>::elementwise_kernel_with_index<int, at::native::arange_cuda_out(const c10::Scalar &, const c10::Scalar &, const c10::Scalar &, at::Tensor &)::[lambda() (instance 1)]::operator ()() const::[lambda() (instance 4)]::operator ()() const::[lambda(long) (instance 1)]>(T1, T2, function_traits<T2>::result_type *)"
:stage.process:model.layers.0.mlp.gate_proj,PushPop,2264054,2266203,1,1280,3775169,2949.4,3008.0,1824,3360,220.6,"void at::native::elementwise_kernel<(int)128, (int)2, void at::native::gpu_kernel_impl_nocast<at::native::CUDAFunctor_add<long>>(at::TensorIteratorBase &, const T1 &)::[lambda(int) (instance 1)]>(int, T3)"
:stage.process:model.layers.0.mlp.gate_proj,PushPop,2264054,2266203,1,789,3650402,4626.6,2176.0,1888,191967,15213.7,"void at::native::vectorized_elementwise_kernel<(int)4, at::native::CUDAFunctor_add<float>, std::array<char *, (unsigned long)3>>(int, T2, T3)"
:stage.process:model.layers.0.mlp.gate_proj,PushPop,2264054,2266203,1,1,3422174,3422174.0,3422174.0,3422174,3422174,0.0,ampere_sgemm_128x64_lower_nt
:stage.process:model.layers.0.mlp.gate_proj,PushPop,2264054,2266203,1,1540,3390302,2201.5,2144.0,1952,4448,155.2,"void at::native::vectorized_elementwise_kernel<(int)4, at::native::AbsFunctor<c10::Half>, std::array<char *, (unsigned long)2>>(int, T2, T3)"
:stage.process:model.layers.0.mlp.gate_proj,PushPop,2264054,2266203,1,1792,3308736,1846.4,1824.0,1536,6272,255.3,"void at::native::vectorized_elementwise_kernel<(int)4, void at::native::compare_scalar_kernel<float>(at::TensorIteratorBase &, at::native::<unnamed>::OpType, T1)::[lambda(float) (instance 1)], std::array<char *, (unsigned long)2>>(int, T2, T3)"
:stage.process:model.layers.0.mlp.gate_proj,PushPop,2264054,2266203,1,1923,3274273,1702.7,1664.0,1504,62176,1382.0,"void at::native::vectorized_elementwise_kernel<(int)2, at::native::AUnaryFunctor<long, long, long, at::native::binary_internal::MulFunctor<long>>, std::array<char *, (unsigned long)2>>(int, T2, T3)"
:stage.process:model.layers.0.mlp.gate_proj,PushPop,2264054,2266203,1,770,3110556,4039.7,4032.0,3968,14496,398.9,ampere_sgemm_32x128_nt
:stage.process:model.layers.0.mlp.gate_proj,PushPop,2264054,2266203,1,1278,2835040,2218.3,2240.0,1440,2688,129.6,"<unnamed>::qvq_yaqa_grouped_pointers_kernel(const float *, const float *, float *, float **, float **, float **, int, int, int, int, int, int)"
:stage.process:model.layers.0.mlp.gate_proj,PushPop,2264054,2266203,1,775,2824004,3643.9,3392.0,1824,55712,2881.0,"void at::native::unrolled_elementwise_kernel<at::native::direct_copy_kernel_cuda(at::TensorIteratorBase &)::[lambda() (instance 3)]::operator ()() const::[lambda() (instance 4)]::operator ()() const::[lambda(long) (instance 1)], std::array<char *, (unsigned long)2>, (int)4, TrivialOffsetCalculator<(int)1, unsigned int>, TrivialOffsetCalculator<(int)1, unsigned int>, at::native::memory::LoadWithCast<(int)1>, at::native::memory::StoreWithCast<(int)1>>(int, T1, T2, T4, T5, T6, T7)"
:stage.process:model.layers.0.mlp.gate_proj,PushPop,2264054,2266203,1,1278,2792386,2185.0,2112.0,1632,31776,857.9,"void at::native::vectorized_elementwise_kernel<(int)4, at::native::bitwise_not_kernel_cuda(at::TensorIteratorBase &)::[lambda(bool) (instance 1)], std::array<char *, (unsigned long)2>>(int, T2, T3)"
:stage.process:model.layers.0.mlp.gate_proj,PushPop,2264054,2266203,1,3,2620900,873633.3,1305762.0,8864,1306274,748912.3,"void at::native::reduce_kernel<(int)512, (int)1, at::native::ReduceOp<long, at::native::func_wrapper_t<long, at::native::sum_functor<long, long, long>::operator ()(at::TensorIterator &)::[lambda(long, long) (instance 1)]>, unsigned int, long, (int)4, (int)4>>(T3)"
:stage.process:model.layers.0.mlp.gate_proj,PushPop,2264054,2266203,1,1278,2531941,1981.2,1952.0,1472,3200,137.1,"<unnamed>::qvq_yaqa_update_grouped_pointers_kernel(float *, float *, const float *, const float *, const float *, float **, float **, float **, int, int, int, int, int, int)"
:stage.process:model.layers.0.mlp.gate_proj,PushPop,2264054,2266203,1,11,2472805,224800.5,65408.0,5728,1028290,397192.8,"void at::native::vectorized_elementwise_kernel<(int)2, at::native::AUnaryFunctor<long, long, long, at::native::BitwiseAndFunctor<long>>, std::array<char *, (unsigned long)2>>(int, T2, T3)"
:stage.process:model.layers.0.mlp.gate_proj,PushPop,2264054,2266203,1,4,2177699,544424.8,560352.5,4960,1052034,584162.7,"void at::native::elementwise_kernel<(int)128, (int)2, void at::native::gpu_kernel_impl_nocast<at::native::BinaryFunctor<long, long, long, at::native::lshift_kernel_cuda(at::TensorIteratorBase &)::[lambda() (instance 1)]::operator ()() const::[lambda() (instance 4)]::operator ()() const::[lambda(long, long) (instance 1)]>>(at::TensorIteratorBase &, const T1 &)::[lambda(int) (instance 1)]>(int, T3)"
:stage.process:model.layers.0.mlp.gate_proj,PushPop,2264054,2266203,1,4,2163812,540953.0,540897.0,41024,1040994,577212.3,"void at::native::elementwise_kernel<(int)128, (int)2, void at::native::gpu_kernel_impl_nocast<at::native::BinaryFunctor<long, long, long, at::native::rshift_kernel_cuda(at::TensorIteratorBase &)::[lambda() (instance 1)]::operator ()() const::[lambda() (instance 4)]::operator ()() const::[lambda(long, long) (instance 1)]>>(at::TensorIteratorBase &, const T1 &)::[lambda(int) (instance 1)]>(int, T3)"
:stage.process:model.layers.0.mlp.gate_proj,PushPop,2264054,2266203,1,3,1889539,629846.3,907489.0,72992,909058,482250.6,"void at::native::index_elementwise_kernel<(int)128, (int)4, void at::native::gpu_index_kernel<void at::native::index_kernel_impl<at::native::OpaqueType<(int)8>>(at::TensorIteratorBase &, c10::ArrayRef<long>, c10::ArrayRef<long>)::[lambda(char *, const char *, long) (instance 1)]>(at::TensorIteratorBase &, c10::ArrayRef<long>, c10::ArrayRef<long>, const T1 &, bool)::[lambda(int) (instance 1)]>(long, T3)"
:stage.process:model.layers.0.mlp.gate_proj,PushPop,2264054,2266203,1,782,1755551,2245.0,1824.0,1696,45984,3981.0,"void at::native::vectorized_elementwise_kernel<(int)4, void at::native::compare_scalar_kernel<long>(at::TensorIteratorBase &, at::native::<unnamed>::OpType, T1)::[lambda(long) (instance 1)], std::array<char *, (unsigned long)2>>(int, T2, T3)"
:stage.process:model.layers.0.mlp.gate_proj,PushPop,2264054,2266203,1,770,1751967,2275.3,2272.0,1792,2368,41.5,"void at::native::vectorized_elementwise_kernel<(int)4, at::native::BinaryFunctor<c10::Half, c10::Half, bool, at::native::<unnamed>::CompareEqFunctor<c10::Half>>, std::array<char *, (unsigned long)3>>(int, T2, T3)"
:stage.process:model.layers.0.mlp.gate_proj,PushPop,2264054,2266203,1,770,1738333,2257.6,2272.0,1792,2368,38.5,"void at::native::vectorized_elementwise_kernel<(int)4, at::native::AUnaryFunctor<c10::Half, c10::Half, bool, at::native::<unnamed>::CompareEqFunctor<c10::Half>>, std::array<char *, (unsigned long)2>>(int, T2, T3)"
:stage.process:model.layers.0.mlp.gate_proj,PushPop,2264054,2266203,1,10,1602690,160269.0,78656.5,3648,662689,205098.1,"void at::native::elementwise_kernel<(int)128, (int)2, void at::native::gpu_kernel_impl_nocast<at::native::BinaryFunctor<float, float, float, at::native::binary_internal::MulFunctor<float>>>(at::TensorIteratorBase &, const T1 &)::[lambda(int) (instance 1)]>(int, T3)"
:stage.process:model.layers.0.mlp.gate_proj,PushPop,2264054,2266203,1,512,1392383,2719.5,2688.0,2560,2944,117.6,"void at::native::unrolled_elementwise_kernel<at::native::BinaryFunctor<float, float, float, at::native::maximum_kernel_cuda(at::TensorIteratorBase &)::[lambda() (instance 2)]::operator ()() const::[lambda() (instance 2)]::operator ()() const::[lambda(float, float) (instance 1)]>, std::array<char *, (unsigned long)3>, (int)4, TrivialOffsetCalculator<(int)2, unsigned int>, TrivialOffsetCalculator<(int)1, unsigned int>, at::native::memory::LoadWithCast<(int)2>, at::native::memory::StoreWithCast<(int)1>>(int, T1, T2, T4, T5, T6, T7)"
:stage.process:model.layers.0.mlp.gate_proj,PushPop,2264054,2266203,1,45,1385854,30796.8,33536.0,6656,54496,15775.9,"void gemmSN_NN_kernel<float, (int)256, (int)4, (int)2, (int)8, (int)4, (int)4, (bool)0, cublasGemvTensorStridedBatched<const float>, cublasGemvTensorStridedBatched<const float>, cublasGemvTensorStridedBatched<float>>(cublasGemmSmallNParams<T9, T10, T11, T1>)"
:stage.process:model.layers.0.mlp.gate_proj,PushPop,2264054,2266203,1,4,1282338,320584.5,319568.5,318208,324993,3035.4,"std::enable_if<!T7, void>::type internal::gemvx::kernel<int, int, float, float, float, float, (bool)0, (bool)1, (bool)1, (bool)0, (int)7, (bool)0, cublasGemvParamsEx<int, cublasGemvTensorStridedBatched<const float>, cublasGemvTensorStridedBatched<const float>, cublasGemvTensorStridedBatched<float>, float>>(T13)"
:stage.process:model.layers.0.mlp.gate_proj,PushPop,2264054,2266203,1,641,1219872,1903.1,1792.0,1664,29856,1565.9,"void at::native::vectorized_elementwise_kernel<(int)2, at::native::FillFunctor<long>, std::array<char *, (unsigned long)1>>(int, T2, T3)"
:stage.process:model.layers.0.mlp.gate_proj,PushPop,2264054,2266203,1,256,1207104,4715.3,4704.0,4064,5440,575.2,"void at::native::elementwise_kernel<(int)128, (int)4, void at::native::gpu_kernel_impl_nocast<at::native::direct_copy_kernel_cuda(at::TensorIteratorBase &)::[lambda() (instance 3)]::operator ()() const::[lambda() (instance 10)]::operator ()() const::[lambda(c10::Half) (instance 1)]>(at::TensorIteratorBase &, const T1 &)::[lambda(int) (instance 1)]>(int, T3)"
:stage.process:model.layers.0.mlp.gate_proj,PushPop,2264054,2266203,1,639,1167616,1827.3,1824.0,1568,2272,139.2,"void at::native::vectorized_elementwise_kernel<(int)2, at::native::CUDAFunctor_add<long>, std::array<char *, (unsigned long)3>>(int, T2, T3)"
:stage.process:model.layers.0.mlp.gate_proj,PushPop,2264054,2266203,1,26,1153983,44384.0,45264.0,35712,51296,4608.3,ampere_sgemm_128x32_nn
:stage.process:model.layers.0.mlp.gate_proj,PushPop,2264054,2266203,1,264,968768,3669.6,3456.0,3104,15104,1479.3,"void at::native::reduce_kernel<(int)512, (int)1, at::native::ReduceOp<bool, at::native::func_wrapper_t<bool, at::native::or_kernel_cuda(at::TensorIterator &)::[lambda() (instance 1)]::operator ()() const::[lambda() (instance 12)]::operator ()() const::[lambda(bool, bool) (instance 1)]>, unsigned int, bool, (int)4, (int)4>>(T3)"
:stage.process:model.layers.0.mlp.gate_proj,PushPop,2264054,2266203,1,3,924191,308063.7,47936.0,47264,828991,451136.4,"void at::native::triu_tril_kernel<float, int, (bool)0, (int)2, (bool)1>(at::cuda::detail::TensorInfo<T1, T2>, at::cuda::detail::TensorInfo<const T1, T2>, long, long, T2)"
:stage.process:model.layers.0.mlp.gate_proj,PushPop,2264054,2266203,1,9,808960,89884.4,65632.0,1952,258784,99288.8,"void at::native::vectorized_elementwise_kernel<(int)4, at::native::BUnaryFunctor<float, float, float, at::native::binary_internal::MulFunctor<float>>, std::array<char *, (unsigned long)2>>(int, T2, T3)"
:stage.process:model.layers.0.mlp.gate_proj,PushPop,2264054,2266203,1,9,782368,86929.8,86656.0,86432,89440,958.4,"void at::native::vectorized_elementwise_kernel<(int)4, at::native::BinaryFunctor<float, float, float, at::native::binary_internal::MulFunctor<float>>, std::array<char *, (unsigned long)3>>(int, T2, T3)"
:stage.process:model.layers.0.mlp.gate_proj,PushPop,2264054,2266203,1,128,759519,5933.7,5920.0,5600,6336,153.0,"void at::native::unrolled_elementwise_kernel<at::native::CUDAFunctor_add<float>, std::array<char *, (unsigned long)3>, (int)4, TrivialOffsetCalculator<(int)2, unsigned int>, TrivialOffsetCalculator<(int)1, unsigned int>, at::native::memory::LoadWithCast<(int)2>, at::native::memory::StoreWithCast<(int)1>>(int, T1, T2, T4, T5, T6, T7)"
:stage.process:model.layers.0.mlp.gate_proj,PushPop,2264054,2266203,1,129,591936,4588.7,4480.0,4352,20928,1450.9,"void at::native::elementwise_kernel<(int)128, (int)4, void at::native::gpu_kernel_impl_nocast<at::native::direct_copy_kernel_cuda(at::TensorIteratorBase &)::[lambda() (instance 3)]::operator ()() const::[lambda() (instance 1)]::operator ()() const::[lambda(unsigned char) (instance 1)]>(at::TensorIteratorBase &, const T1 &)::[lambda(int) (instance 1)]>(int, T3)"
:stage.process:model.layers.0.mlp.gate_proj,PushPop,2264054,2266203,1,10,582624,58262.4,47344.0,46496,158624,35266.2,"void at::native::reduce_kernel<(int)512, (int)1, at::native::ReduceOp<float, at::native::func_wrapper_t<float, at::native::sum_functor<float, float, float>::operator ()(at::TensorIterator &)::[lambda(float, float) (instance 1)]>, unsigned int, float, (int)4, (int)4>>(T3)"
:stage.process:model.layers.0.mlp.gate_proj,PushPop,2264054,2266203,1,263,538176,2046.3,1888.0,1856,11552,1172.1,"void at::native::vectorized_elementwise_kernel<(int)4, at::native::BinaryFunctor<bool, bool, bool, at::native::BitwiseOrFunctor<bool>>, std::array<char *, (unsigned long)3>>(int, T2, T3)"
:stage.process:model.layers.0.mlp.gate_proj,PushPop,2264054,2266203,1,132,509600,3860.6,1792.0,1760,71680,11629.2,"void at::native::vectorized_elementwise_kernel<(int)4, at::native::BinaryFunctor<long, long, bool, at::native::<unnamed>::CompareEqFunctor<long>>, std::array<char *, (unsigned long)3>>(int, T2, T3)"
:stage.process:model.layers.0.mlp.gate_proj,PushPop,2264054,2266203,1,13,492448,37880.6,8352.0,1312,113344,44635.4,"void at::native::vectorized_elementwise_kernel<(int)4, at::native::FillFunctor<float>, std::array<char *, (unsigned long)1>>(int, T2, T3)"
:stage.process:model.layers.0.mlp.gate_proj,PushPop,2264054,2266203,1,128,415456,3245.8,3232.0,3200,3296,24.0,"void at::native::elementwise_kernel<(int)128, (int)2, void at::native::gpu_kernel_impl_nocast<at::native::BUnaryFunctor<long, long, long, at::native::rshift_kernel_cuda(at::TensorIteratorBase &)::[lambda() (instance 1)]::operator ()() const::[lambda() (instance 4)]::operator ()() const::[lambda(long, long) (instance 1)]>>(at::TensorIteratorBase &, const T1 &)::[lambda(int) (instance 1)]>(int, T3)"
:stage.process:model.layers.0.mlp.gate_proj,PushPop,2264054,2266203,1,1,339457,339457.0,339457.0,339457,339457,0.0,"void at::native::<unnamed>::CatArrayBatchedCopy_alignedK_contig<at::native::<unnamed>::OpaqueType<(unsigned int)8>, unsigned int, (int)3, (int)128, (int)1, (int)16>(T1 *, at::native::<unnamed>::CatArrInputTensorMetadata<T1, T2, T4, T5>, at::native::<unnamed>::TensorSizeStride<T2, (unsigned int)4>, int, T2)"
:stage.process:model.layers.0.mlp.gate_proj,PushPop,2264054,2266203,1,58,324864,5601.1,5248.0,3424,15968,2951.1,"void cublasLt::splitKreduce_kernel<(int)32, (int)16, int, float, float, float, float, (bool)0, float, float, float, (bool)1, (bool)0, (bool)0, (bool)0>(cublasLt::cublasSplitKParams<T6>, const T4 *, const T10 *, T9 *, T5 *, const T6 *, const T6 *, const T11 *, const T4 *, T11 *, void *, long, T6 *, int *, T6 *, T6 *, const T6 *, const T6 *, const T6 *, const T6 *, const T6 *)"
:stage.process:model.layers.0.mlp.gate_proj,PushPop,2264054,2266203,1,3,296064,98688.0,100736.0,94560,100768,3575.0,"void at::native::vectorized_elementwise_kernel<(int)2, at::native::BinaryFunctor<long, long, long, at::native::BitwiseXorFunctor<long>>, std::array<char *, (unsigned long)3>>(int, T2, T3)"
:stage.process:model.layers.0.mlp.gate_proj,PushPop,2264054,2266203,1,6,268895,44815.8,1824.0,1472,251103,101129.0,"void at::native::vectorized_elementwise_kernel<(int)4, at::native::AUnaryFunctor<float, float, float, at::native::binary_internal::MulFunctor<float>>, std::array<char *, (unsigned long)2>>(int, T2, T3)"
:stage.process:model.layers.0.mlp.gate_proj,PushPop,2264054,2266203,1,4,263136,65784.0,65856.0,61504,69920,3599.9,"void at::native::vectorized_elementwise_kernel<(int)2, at::native::BUnaryFunctor<long, long, long, at::native::rshift_kernel_cuda(at::TensorIteratorBase &)::[lambda() (instance 1)]::operator ()() const::[lambda() (instance 4)]::operator ()() const::[lambda(long, long) (instance 1)]>, std::array<char *, (unsigned long)2>>(int, T2, T3)"
:stage.process:model.layers.0.mlp.gate_proj,PushPop,2264054,2266203,1,10,201856,20185.6,20192.0,19968,20448,168.5,"void at::native::<unnamed>::CatArrayBatchedCopy<at::native::<unnamed>::OpaqueType<(unsigned int)4>, unsigned int, (int)2, (int)64, (int)64>(T1 *, at::native::<unnamed>::CatArrInputTensorMetadata<T1, T2, T4, T5>, at::native::<unnamed>::TensorSizeStride<T2, (unsigned int)4>, int, T2)"
:stage.process:model.layers.0.mlp.gate_proj,PushPop,2264054,2266203,1,2,201376,100688.0,100688.0,100480,100896,294.2,"void at::native::vectorized_elementwise_kernel<(int)2, at::native::BinaryFunctor<long, long, long, at::native::BitwiseOrFunctor<long>>, std::array<char *, (unsigned long)3>>(int, T2, T3)"
:stage.process:model.layers.0.mlp.gate_proj,PushPop,2264054,2266203,1,10,149472,14947.2,7376.0,3744,49472,14009.1,"void at::native::reduce_kernel<(int)512, (int)1, at::native::ReduceOp<float, at::native::MeanOps<float, float, float, float>, unsigned int, float, (int)4, (int)4>>(T3)"
:stage.process:model.layers.0.mlp.gate_proj,PushPop,2264054,2266203,1,6,132768,22128.0,22064.0,16224,28256,6445.6,"void trsm_batch_left_upper_kernel_small<float, (int)16, (int)16, (int)64>(cublasTrsmBatchParams<T1>, const T1 *const *, T1 *const *, const T1 *, T1)"
:stage.process:model.layers.0.mlp.gate_proj,PushPop,2264054,2266203,1,2,131840,65920.0,65920.0,64320,67520,2262.7,"void at::native::vectorized_elementwise_kernel<(int)2, at::native::BUnaryFunctor<long, long, long, at::native::lshift_kernel_cuda(at::TensorIteratorBase &)::[lambda() (instance 1)]::operator ()() const::[lambda() (instance 4)]::operator ()() const::[lambda(long, long) (instance 1)]>, std::array<char *, (unsigned long)2>>(int, T2, T3)"
:stage.process:model.layers.0.mlp.gate_proj,PushPop,2264054,2266203,1,3,114624,38208.0,54208.0,5888,54528,27990.4,"void at::native::unrolled_elementwise_kernel<at::native::direct_copy_kernel_cuda(at::TensorIteratorBase &)::[lambda() (instance 3)]::operator ()() const::[lambda() (instance 3)]::operator ()() const::[lambda(int) (instance 1)], std::array<char *, (unsigned long)2>, (int)4, TrivialOffsetCalculator<(int)1, unsigned int>, TrivialOffsetCalculator<(int)1, unsigned int>, at::native::memory::LoadWithCast<(int)1>, at::native::memory::StoreWithCast<(int)1>>(int, T1, T2, T4, T5, T6, T7)"
:stage.process:model.layers.0.mlp.gate_proj,PushPop,2264054,2266203,1,5,77057,15411.4,1792.0,1632,70145,30597.1,"void at::native::vectorized_elementwise_kernel<(int)2, at::native::CUDAFunctorOnSelf_add<long>, std::array<char *, (unsigned long)2>>(int, T2, T3)"
:stage.process:model.layers.0.mlp.gate_proj,PushPop,2264054,2266203,1,1,73632,73632.0,73632.0,73632,73632,0.0,"void at::native::elementwise_kernel<(int)128, (int)2, void at::native::gpu_kernel_impl_nocast<at::native::BinaryFunctor<float, float, float, at::native::binary_internal::DivFunctor<float>>>(at::TensorIteratorBase &, const T1 &)::[lambda(int) (instance 1)]>(int, T3)"
:stage.process:model.layers.0.mlp.gate_proj,PushPop,2264054,2266203,1,1,60096,60096.0,60096.0,60096,60096,0.0,"void at::native::vectorized_elementwise_kernel<(int)4, void at::native::<unnamed>::pow_tensor_scalar_kernel_impl<float, float>(at::TensorIteratorBase &, T2)::[lambda(float) (instance 1)], std::array<char *, (unsigned long)2>>(int, T2, T3)"
:stage.process:model.layers.0.mlp.gate_proj,PushPop,2264054,2266203,1,1,50880,50880.0,50880.0,50880,50880,0.0,"void at::native::reduce_kernel<(int)128, (int)4, at::native::ReduceOp<long, at::native::func_wrapper_t<long, at::native::sum_functor<long, long, long>::operator ()(at::TensorIterator &)::[lambda(long, long) (instance 1)]>, unsigned int, long, (int)4, (int)4>>(T3)"
:stage.process:model.layers.0.mlp.gate_proj,PushPop,2264054,2266203,1,1,45376,45376.0,45376.0,45376,45376,0.0,"void at::native::vectorized_elementwise_kernel<(int)4, at::native::float16_copy_kernel_cuda(at::TensorIteratorBase &)::[lambda(float) (instance 1)], std::array<char *, (unsigned long)2>>(int, T2, T3)"
:stage.process:model.layers.0.mlp.gate_proj,PushPop,2264054,2266203,1,3,28161,9387.0,10176.0,7265,10720,1857.7,"void at::native::elementwise_kernel<(int)128, (int)2, void at::native::gpu_kernel_impl_nocast<at::native::direct_copy_kernel_cuda(at::TensorIteratorBase &)::[lambda() (instance 3)]::operator ()() const::[lambda() (instance 3)]::operator ()() const::[lambda(int) (instance 1)]>(at::TensorIteratorBase &, const T1 &)::[lambda(int) (instance 1)]>(int, T3)"
:stage.process:model.layers.0.mlp.gate_proj,PushPop,2264054,2266203,1,6,27040,4506.7,4800.0,3360,5376,928.4,"void at::native::elementwise_kernel<(int)128, (int)2, void at::native::gpu_kernel_impl_nocast<at::native::CUDAFunctorOnSelf_add<float>>(at::TensorIteratorBase &, const T1 &)::[lambda(int) (instance 1)]>(int, T3)"
:stage.process:model.layers.0.mlp.gate_proj,PushPop,2264054,2266203,1,4,14496,3624.0,3568.0,3392,3968,270.7,"void at::native::vectorized_elementwise_kernel<(int)2, at::native::BUnaryFunctor<long, long, long, at::native::remainder_kernel_cuda(at::TensorIteratorBase &)::[lambda() (instance 1)]::operator ()() const::[lambda() (instance 4)]::operator ()() const::[lambda(long, long) (instance 1)]>, std::array<char *, (unsigned long)2>>(int, T2, T3)"
:stage.process:model.layers.0.mlp.gate_proj,PushPop,2264054,2266203,1,6,12672,2112.0,2112.0,1952,2432,175.3,"void at::native::vectorized_elementwise_kernel<(int)4, at::native::<unnamed>::CompareFunctor<float>, std::array<char *, (unsigned long)3>>(int, T2, T3)"
:stage.process:model.layers.0.mlp.gate_proj,PushPop,2264054,2266203,1,3,11744,3914.7,4096.0,3520,4128,342.2,"void at::native::unrolled_elementwise_kernel<at::native::direct_copy_kernel_cuda(at::TensorIteratorBase &)::[lambda() (instance 3)]::operator ()() const::[lambda() (instance 1)]::operator ()() const::[lambda(unsigned char) (instance 1)], std::array<char *, (unsigned long)2>, (int)4, TrivialOffsetCalculator<(int)1, unsigned int>, TrivialOffsetCalculator<(int)1, unsigned int>, at::native::memory::LoadWithCast<(int)1>, at::native::memory::StoreWithCast<(int)1>>(int, T1, T2, T4, T5, T6, T7)"
:stage.process:model.layers.0.mlp.gate_proj,PushPop,2264054,2266203,1,2,10464,5232.0,5232.0,4768,5696,656.2,"void at::native::<unnamed>::CatArrayBatchedCopy_vectorized<at::native::<unnamed>::OpaqueType<(unsigned int)2>, unsigned int, (int)1, (int)128, (int)1, (int)16, (int)8>(char *, at::native::<unnamed>::CatArrInputTensorMetadata<T1, T2, T4, T5>, at::native::<unnamed>::TensorSizeStride<T2, (unsigned int)4>, int, T2)"
:stage.process:model.layers.0.mlp.gate_proj,PushPop,2264054,2266203,1,3,9184,3061.3,3072.0,3040,3072,18.5,"void at::native::vectorized_elementwise_kernel<(int)4, at::native::AUnaryFunctor<unsigned char, unsigned char, bool, at::native::<unnamed>::CompareEqFunctor<unsigned char>>, std::array<char *, (unsigned long)2>>(int, T2, T3)"
:stage.process:model.layers.0.mlp.gate_proj,PushPop,2264054,2266203,1,2,8288,4144.0,4144.0,3360,4928,1108.7,"void at::native::elementwise_kernel<(int)128, (int)2, void at::native::gpu_kernel_impl_nocast<at::native::AbsFunctor<float>>(at::TensorIteratorBase &, const T1 &)::[lambda(int) (instance 1)]>(int, T3)"
:stage.process:model.layers.0.mlp.gate_proj,PushPop,2264054,2266203,1,1,8224,8224.0,8224.0,8224,8224,0.0,"void at::native::vectorized_elementwise_kernel<(int)4, at::native::AUnaryFunctor<unsigned char, unsigned char, unsigned char, at::native::binary_internal::MulFunctor<unsigned char>>, std::array<char *, (unsigned long)2>>(int, T2, T3)"
:stage.process:model.layers.0.mlp.gate_proj,PushPop,2264054,2266203,1,2,7424,3712.0,3712.0,3712,3712,0.0,"void at::native::vectorized_elementwise_kernel<(int)2, at::native::BUnaryFunctor<long, long, long, at::native::binary_internal::div_floor_kernel_cuda(at::TensorIteratorBase &)::[lambda() (instance 1)]::operator ()() const::[lambda() (instance 4)]::operator ()() const::[lambda(long, long) (instance 1)]>, std::array<char *, (unsigned long)2>>(int, T2, T3)"
:stage.process:model.layers.0.mlp.gate_proj,PushPop,2264054,2266203,1,3,7264,2421.3,2112.0,2016,3136,620.8,"void at::native::vectorized_elementwise_kernel<(int)4, at::native::FillFunctor<unsigned char>, std::array<char *, (unsigned long)1>>(int, T2, T3)"
:stage.process:model.layers.0.mlp.gate_proj,PushPop,2264054,2266203,1,3,5920,1973.3,1984.0,1664,2272,304.1,"void at::native::vectorized_elementwise_kernel<(int)4, at::native::BinaryFunctor<float, float, float, at::native::maximum_kernel_cuda(at::TensorIteratorBase &)::[lambda() (instance 2)]::operator ()() const::[lambda() (instance 2)]::operator ()() const::[lambda(float, float) (instance 1)]>, std::array<char *, (unsigned long)3>>(int, T2, T3)"
:stage.process:model.layers.0.mlp.gate_proj,PushPop,2264054,2266203,1,2,5568,2784.0,2784.0,2592,2976,271.5,"void at::native::<unnamed>::CatArrayBatchedCopy_alignedK_contig<at::native::<unnamed>::OpaqueType<(unsigned int)4>, unsigned int, (int)1, (int)128, (int)1, (int)16>(T1 *, at::native::<unnamed>::CatArrInputTensorMetadata<T1, T2, T4, T5>, at::native::<unnamed>::TensorSizeStride<T2, (unsigned int)4>, int, T2)"
:stage.process:model.layers.0.mlp.gate_proj,PushPop,2264054,2266203,1,2,5216,2608.0,2608.0,1888,3328,1018.2,"void at::native::unrolled_elementwise_kernel<at::native::AUnaryFunctor<long, long, long, at::native::BitwiseAndFunctor<long>>, std::array<char *, (unsigned long)2>, (int)4, TrivialOffsetCalculator<(int)1, unsigned int>, TrivialOffsetCalculator<(int)1, unsigned int>, at::native::memory::LoadWithoutCast, at::native::memory::StoreWithoutCast>(int, T1, T2, T4, T5, T6, T7)"
:stage.process:model.layers.0.mlp.gate_proj,PushPop,2264054,2266203,1,3,4992,1664.0,1632.0,1440,1920,241.6,"xxtrf4_set_info_ker(int, int *)"
:stage.process:model.layers.0.mlp.gate_proj,PushPop,2264054,2266203,1,2,4864,2432.0,2432.0,2368,2496,90.5,"void at::native::vectorized_elementwise_kernel<(int)2, at::native::CUDAFunctorOnOther_add<long>, std::array<char *, (unsigned long)2>>(int, T2, T3)"
:stage.process:model.layers.0.mlp.gate_proj,PushPop,2264054,2266203,1,2,4672,2336.0,2336.0,2240,2432,135.8,"void at::native::vectorized_elementwise_kernel<(int)4, at::native::FillFunctor<bool>, std::array<char *, (unsigned long)1>>(int, T2, T3)"
:stage.process:model.layers.0.mlp.gate_proj,PushPop,2264054,2266203,1,2,4352,2176.0,2176.0,2112,2240,90.5,"void at::native::vectorized_elementwise_kernel<(int)4, void at::native::compare_scalar_kernel<c10::Half>(at::TensorIteratorBase &, at::native::<unnamed>::OpType, T1)::[lambda(c10::Half) (instance 1)], std::array<char *, (unsigned long)2>>(int, T2, T3)"
:stage.process:model.layers.0.mlp.gate_proj,PushPop,2264054,2266203,1,1,3872,3872.0,3872.0,3872,3872,0.0,"void at::native::reduce_kernel<(int)512, (int)1, at::native::ReduceOp<float, at::native::ArgMinOps<float>, unsigned int, long, (int)4, (int)4>>(T3)"
:stage.process:model.layers.0.mlp.gate_proj,PushPop,2264054,2266203,1,1,3776,3776.0,3776.0,3776,3776,0.0,"void at::native::vectorized_elementwise_kernel<(int)4, at::native::BinaryFunctor<unsigned char, unsigned char, bool, at::native::<unnamed>::CompareEqFunctor<unsigned char>>, std::array<char *, (unsigned long)3>>(int, T2, T3)"
:stage.process:model.layers.0.mlp.gate_proj,PushPop,2264054,2266203,1,1,3328,3328.0,3328.0,3328,3328,0.0,"void at::native::<unnamed>::CatArrayBatchedCopy_contig<at::native::<unnamed>::OpaqueType<(unsigned int)1>, unsigned int, (int)1, (int)128, (int)1>(T1 *, at::native::<unnamed>::CatArrInputTensorMetadata<T1, T2, T4, T5>, at::native::<unnamed>::TensorSizeStride<T2, (unsigned int)4>, int, T2)"
:stage.process:model.layers.0.mlp.gate_proj,PushPop,2264054,2266203,1,1,2528,2528.0,2528.0,2528,2528,0.0,"void at::native::vectorized_elementwise_kernel<(int)4, at::native::sqrt_kernel_cuda(at::TensorIteratorBase &)::[lambda() (instance 2)]::operator ()() const::[lambda() (instance 2)]::operator ()() const::[lambda(float) (instance 1)], std::array<char *, (unsigned long)2>>(int, T2, T3)"
:stage.process:model.layers.0.mlp.gate_proj,PushPop,2264054,2266203,1,1,2304,2304.0,2304.0,2304,2304,0.0,"void at::native::unrolled_elementwise_kernel<at::native::direct_copy_kernel_cuda(at::TensorIteratorBase &)::[lambda() (instance 3)]::operator ()() const::[lambda() (instance 11)]::operator ()() const::[lambda(bool) (instance 1)], std::array<char *, (unsigned long)2>, (int)4, TrivialOffsetCalculator<(int)1, unsigned int>, TrivialOffsetCalculator<(int)1, unsigned int>, at::native::memory::LoadWithCast<(int)1>, at::native::memory::StoreWithCast<(int)1>>(int, T1, T2, T4, T5, T6, T7)"
:stage.process:model.layers.0.mlp.gate_proj,PushPop,2264054,2266203,1,1,2272,2272.0,2272.0,2272,2272,0.0,"void at::native::elementwise_kernel<(int)128, (int)2, void at::native::gpu_kernel_impl_nocast<at::native::<unnamed>::where_kernel_impl(at::TensorIterator &)::[lambda() (instance 1)]::operator ()() const::[lambda() (instance 3)]::operator ()() const::[lambda(bool, unsigned int, unsigned int) (instance 1)]>(at::TensorIteratorBase &, const T1 &)::[lambda(int) (instance 1)]>(int, T3)"
:stage.process:model.layers.0.mlp.gate_proj,PushPop,2264054,2266203,1,1,2112,2112.0,2112.0,2112,2112,0.0,"void at::native::unrolled_elementwise_kernel<at::native::<unnamed>::CompareFunctor<c10::Half>, std::array<char *, (unsigned long)3>, (int)4, TrivialOffsetCalculator<(int)2, unsigned int>, TrivialOffsetCalculator<(int)1, unsigned int>, at::native::memory::LoadWithoutCast, at::native::memory::StoreWithoutCast>(int, T1, T2, T4, T5, T6, T7)"
:stage.process:model.layers.0.mlp.gate_proj,PushPop,2264054,2266203,1,1,1920,1920.0,1920.0,1920,1920,0.0,"void at::native::vectorized_elementwise_kernel<(int)4, at::native::<unnamed>::launch_clamp_scalar(at::TensorIteratorBase &, c10::Scalar, c10::Scalar, at::native::detail::ClampLimits)::[lambda() (instance 1)]::operator ()() const::[lambda() (instance 7)]::operator ()() const::[lambda(float) (instance 1)], std::array<char *, (unsigned long)2>>(int, T2, T3)"
:stage.process:model.layers.0.mlp.up_proj,PushPop,2264054,2266203,1,12272,17701579734,1442436.4,1092771.0,133536,4331849,1278652.5,"void <unnamed>::qvq_v2_segment_grid_kernel<(int)4, (int)2, (int)16, (bool)1, (bool)0, __half, unsigned char>(const float *, const T6 *, const float *, const long *, const float *, const float *, float *, T7 *, unsigned char *, int, int, int, bool, bool)"
:stage.process:model.layers.0.mlp.up_proj,PushPop,2264054,2266203,1,1534,4718320943,3075828.5,2784982.5,1363267,7304011,1933037.3,"void <unnamed>::qvq_viterbi_kernel<(int)4, (int)2, __half, unsigned char>(const float *, const T3 *, const float *, const long *, const float *, T4 *, long *, float *, int, int, int, bool, bool, bool)"
:stage.process:model.layers.0.mlp.up_proj,PushPop,2264054,2266203,1,1278,2705345779,2116859.0,1637124.5,21824,6109746,1566892.6,void cutlass::Kernel2<cutlass_80_simt_sgemm_grouped_128x128_8x4_align1>(T1::Params)
:stage.process:model.layers.0.mlp.up_proj,PushPop,2264054,2266203,1,1278,675276453,528385.3,323265.0,5664,1015459,349236.7,"void gemmSN_NN_kernel<float, (int)128, (int)2, (int)4, (int)8, (int)4, (int)4, (bool)0, cublasGemvTensorBatched<const float>, cublasGemvTensorBatched<const float>, cublasGemvTensorBatched<float>>(cublasGemmSmallNParams<T9, T10, T11, T1>)"
:stage.process:model.layers.0.mlp.up_proj,PushPop,2264054,2266203,1,1534,545919017,355879.4,288897.0,72512,942498,266736.1,"void <unnamed>::qvq_v2_segment_grid_finalize_kernel<(int)4, (int)2, (int)16, (bool)0, __half, unsigned char>(const float *, const T5 *, const float *, const long *, const float *, const float *, const T6 *, const unsigned char *, long *, unsigned char *, float *, int, int, bool, bool)"
:stage.process:model.layers.0.mlp.up_proj,PushPop,2264054,2266203,1,1276,217146966,170177.9,109153.0,10144,319361,105401.9,ampere_sgemm_128x128_nt
:stage.process:model.layers.0.mlp.up_proj,PushPop,2264054,2266203,1,14,85595806,6113986.1,3624600.0,3231945,12677412,4305060.4,ampere_sgemm_128x64_nn
:stage.process:model.layers.0.mlp.up_proj,PushPop,2264054,2266203,1,3785,29813138,7876.7,3232.0,2144,674273,35123.3,"void at::native::elementwise_kernel<(int)128, (int)2, void at::native::gpu_kernel_impl_nocast<at::native::direct_copy_kernel_cuda(at::TensorIteratorBase &)::[lambda() (instance 3)]::operator ()() const::[lambda() (instance 7)]::operator ()() const::[lambda(float) (instance 1)]>(at::TensorIteratorBase &, const T1 &)::[lambda(int) (instance 1)]>(int, T3)"
:stage.process:model.layers.0.mlp.up_proj,PushPop,2264054,2266203,1,2,26455355,13227677.5,13227677.5,12892541,13562814,473954.6,void cutlass::Kernel2<cutlass_80_simt_sgemm_128x64_8x5_nn_align1>(T1::Params)
:stage.process:model.layers.0.mlp.up_proj,PushPop,2264054,2266203,1,3222,23235839,7211.6,7200.0,2688,91488,3205.2,"void at::native::reduce_kernel<(int)512, (int)1, at::native::ReduceOp<bool, at::native::func_wrapper_t<bool, at::native::and_kernel_cuda(at::TensorIterator &)::[lambda() (instance 1)]::operator ()() const::[lambda() (instance 12)]::operator ()() const::[lambda(bool, bool) (instance 1)]>, unsigned int, bool, (int)4, (int)4>>(T3)"
:stage.process:model.layers.0.mlp.up_proj,PushPop,2264054,2266203,1,445,18458495,41479.8,6144.0,3264,665249,70482.7,"void at::native::elementwise_kernel<(int)128, (int)2, void at::native::gpu_kernel_impl_nocast<at::native::CUDAFunctor_add<float>>(at::TensorIteratorBase &, const T1 &)::[lambda(int) (instance 1)]>(int, T3)"
:stage.process:model.layers.0.mlp.up_proj,PushPop,2264054,2266203,1,1663,18025003,10838.8,9472.0,5376,120224,3483.2,"void at::native::index_elementwise_kernel<(int)128, (int)4, void at::native::gpu_index_kernel<void at::native::index_kernel_impl<at::native::OpaqueType<(int)2>>(at::TensorIteratorBase &, c10::ArrayRef<long>, c10::ArrayRef<long>)::[lambda(char *, const char *, long) (instance 1)]>(at::TensorIteratorBase &, c10::ArrayRef<long>, c10::ArrayRef<long>, const T1 &, bool)::[lambda(int) (instance 1)]>(long, T3)"
:stage.process:model.layers.0.mlp.up_proj,PushPop,2264054,2266203,1,130,16383781,126029.1,125488.0,5216,244800,69338.6,"void gemmSN_NN_kernel<float, (int)128, (int)2, (int)4, (int)8, (int)4, (int)4, (bool)0, cublasGemvTensorStridedBatched<const float>, cublasGemvTensorStridedBatched<const float>, cublasGemvTensorStridedBatched<float>>(cublasGemmSmallNParams<T9, T10, T11, T1>)"
:stage.process:model.layers.0.mlp.up_proj,PushPop,2264054,2266203,1,2046,16099556,7868.8,7552.0,3968,11232,1172.9,"void at::native::reduce_kernel<(int)512, (int)1, at::native::ReduceOp<float, at::native::func_wrapper_t<float, at::native::MaxNanFunctor<float>>, unsigned int, float, (int)4, (int)4>>(T3)"
:stage.process:model.layers.0.mlp.up_proj,PushPop,2264054,2266203,1,1917,13494177,7039.2,6944.0,4480,13920,576.5,"void at::native::index_elementwise_kernel<(int)128, (int)4, void at::native::gpu_index_kernel<void at::native::index_put_kernel_impl<at::native::OpaqueType<(int)4>>(at::TensorIterator &, c10::ArrayRef<long>, c10::ArrayRef<long>)::[lambda(char *, const char *, long) (instance 1)]>(at::TensorIteratorBase &, c10::ArrayRef<long>, c10::ArrayRef<long>, const T1 &, bool)::[lambda(int) (instance 1)]>(long, T3)"
:stage.process:model.layers.0.mlp.up_proj,PushPop,2264054,2266203,1,4,12922405,3230601.3,3230985.0,3229289,3231146,881.6,ampere_sgemm_128x64_nt
:stage.process:model.layers.0.mlp.up_proj,PushPop,2264054,2266203,1,1,12697284,12697284.0,12697284.0,12697284,12697284,0.0,ampere_sgemm_128x64_tn
:stage.process:model.layers.0.mlp.up_proj,PushPop,2264054,2266203,1,4,11399058,2849764.5,1594258.5,924930,7285611,3023472.5,"void kernel<getrf_wo_pivot_params_<float, (int)0, (int)256, (int)1, (int)64, (int)64, (int)68, (int)8, (int)1, (int)1>>(int, int, void *, int, void *, int, int, int, int, int, int *)"
:stage.process:model.layers.0.mlp.up_proj,PushPop,2264054,2266203,1,3068,11306978,3685.5,3952.0,2112,512161,9240.6,"<unnamed>::qvq_half2_codebook_norm_pack_kernel(const __half *, unsigned long *, int)"
:stage.process:model.layers.0.mlp.up_proj,PushPop,2264054,2266203,1,4122,10564403,2562.9,2272.0,1696,254848,7165.8,"void at::native::vectorized_elementwise_kernel<(int)4, at::native::AbsFunctor<float>, std::array<char *, (unsigned long)2>>(int, T2, T3)"
:stage.process:model.layers.0.mlp.up_proj,PushPop,2264054,2266203,1,1278,9278320,7260.0,7168.0,4576,13696,446.4,"void at::native::index_elementwise_kernel<(int)128, (int)4, void at::native::gpu_index_kernel<void at::native::index_put_kernel_impl<at::native::OpaqueType<(int)8>>(at::TensorIterator &, c10::ArrayRef<long>, c10::ArrayRef<long>)::[lambda(char *, const char *, long) (instance 1)]>(at::TensorIteratorBase &, c10::ArrayRef<long>, c10::ArrayRef<long>, const T1 &, bool)::[lambda(int) (instance 1)]>(long, T3)"
:stage.process:model.layers.0.mlp.up_proj,PushPop,2264054,2266203,1,1543,6830709,4426.9,4256.0,3072,77120,2982.6,"void at::native::unrolled_elementwise_kernel<at::native::direct_copy_kernel_cuda(at::TensorIteratorBase &)::[lambda() (instance 3)]::operator ()() const::[lambda() (instance 7)]::operator ()() const::[lambda(float) (instance 1)], std::array<char *, (unsigned long)2>, (int)4, TrivialOffsetCalculator<(int)1, unsigned int>, TrivialOffsetCalculator<(int)1, unsigned int>, at::native::memory::LoadWithCast<(int)1>, at::native::memory::StoreWithCast<(int)1>>(int, T1, T2, T4, T5, T6, T7)"
:stage.process:model.layers.0.mlp.up_proj,PushPop,2264054,2266203,1,2846,6789610,2385.7,2240.0,1760,98304,3288.0,"void at::native::vectorized_elementwise_kernel<(int)4, at::native::BinaryFunctor<bool, bool, bool, at::native::binary_internal::MulFunctor<bool>>, std::array<char *, (unsigned long)3>>(int, T2, T3)"
:stage.process:model.layers.0.mlp.up_proj,PushPop,2264054,2266203,1,2,6782928,3391464.0,3391464.0,3262216,3520712,182784.3,void cutlass::Kernel2<cutlass_80_simt_sgemm_128x32_8x5_nt_align1>(T1::Params)
:stage.process:model.layers.0.mlp.up_proj,PushPop,2264054,2266203,1,762,6426251,8433.4,8160.0,7840,10464,692.9,"void batch_trsm_left_kernel<float, (int)64, (int)4, (int)3, (bool)0, (bool)0, (bool)1>(cublasTrsmBatchParams2<T1>, T1, const T1 *, int)"
:stage.process:model.layers.0.mlp.up_proj,PushPop,2264054,2266203,1,770,6205575,8059.2,8064.0,7424,8704,233.9,"void at::native::reduce_kernel<(int)512, (int)1, at::native::ReduceOp<c10::Half, at::native::func_wrapper_t<c10::Half, at::native::MaxNanFunctor<c10::Half>>, unsigned int, c10::Half, (int)4, (int)4>>(T3)"
:stage.process:model.layers.0.mlp.up_proj,PushPop,2264054,2266203,1,1663,5869644,3529.6,3456.0,2528,113888,2744.0,"void at::native::elementwise_kernel<(int)128, (int)2, void at::native::gpu_kernel_impl_nocast<at::native::direct_copy_kernel_cuda(at::TensorIteratorBase &)::[lambda() (instance 3)]::operator ()() const::[lambda() (instance 4)]::operator ()() const::[lambda(long) (instance 1)]>(at::TensorIteratorBase &, const T1 &)::[lambda(int) (instance 1)]>(int, T3)"
:stage.process:model.layers.0.mlp.up_proj,PushPop,2264054,2266203,1,2077,5572838,2683.1,2304.0,1568,163296,6739.5,"void at::native::vectorized_elementwise_kernel<(int)4, at::native::BinaryFunctor<float, float, bool, at::native::<unnamed>::CompareEqFunctor<float>>, std::array<char *, (unsigned long)3>>(int, T2, T3)"
:stage.process:model.layers.0.mlp.up_proj,PushPop,2264054,2266203,1,2558,5472589,2139.4,2080.0,1600,7968,248.2,"void at::native::vectorized_elementwise_kernel<(int)4, at::native::BinaryFunctor<bool, bool, bool, at::native::logical_or_kernel_cuda(at::TensorIterator &)::[lambda() (instance 2)]::operator ()() const::[lambda() (instance 9)]::operator ()() const::[lambda(bool, bool) (instance 1)]>, std::array<char *, (unsigned long)3>>(int, T2, T3)"
:stage.process:model.layers.0.mlp.up_proj,PushPop,2264054,2266203,1,2076,5436105,2618.5,2304.0,1600,164512,6644.2,"void at::native::vectorized_elementwise_kernel<(int)4, at::native::AUnaryFunctor<float, float, bool, at::native::<unnamed>::CompareEqFunctor<float>>, std::array<char *, (unsigned long)2>>(int, T2, T3)"
:stage.process:model.layers.0.mlp.up_proj,PushPop,2264054,2266203,1,1532,5303568,3461.9,3392.0,2016,17120,663.1,"void at::native::elementwise_kernel<(int)128, (int)2, void at::native::gpu_kernel_impl_nocast<at::native::AUnaryFunctor<long, long, long, at::native::BitwiseAndFunctor<long>>>(at::TensorIteratorBase &, const T1 &)::[lambda(int) (instance 1)]>(int, T3)"
:stage.process:model.layers.0.mlp.up_proj,PushPop,2264054,2266203,1,639,5148327,8056.8,8160.0,5536,13952,547.8,"void at::native::index_elementwise_kernel<(int)128, (int)4, void at::native::gpu_index_kernel<void at::native::index_kernel_impl<at::native::OpaqueType<(int)4>>(at::TensorIteratorBase &, c10::ArrayRef<long>, c10::ArrayRef<long>)::[lambda(char *, const char *, long) (instance 1)]>(at::TensorIteratorBase &, c10::ArrayRef<long>, c10::ArrayRef<long>, const T1 &, bool)::[lambda(int) (instance 1)]>(long, T3)"
:stage.process:model.layers.0.mlp.up_proj,PushPop,2264054,2266203,1,1278,4822125,3773.2,3424.0,2112,219233,6061.1,"<unnamed>::qvq_yaqa_feedback_epilogue_kernel(const float *, const float *, const float *, const float *, const float *, float *, int, int, int, int, int)"
:stage.process:model.layers.0.mlp.up_proj,PushPop,2264054,2266203,1,55,4755820,86469.5,70144.0,17664,139137,45541.2,void cutlass::Kernel2<cutlass_80_simt_sgemm_128x32_8x5_nn_align1>(T1::Params)
:stage.process:model.layers.0.mlp.up_proj,PushPop,2264054,2266203,1,1534,4606502,3002.9,2816.0,2208,9568,734.8,"void at::native::roll_cuda_kernel<float>(const T1 *, T1 *, long, long, long, long, long, long)"
:stage.process:model.layers.0.mlp.up_proj,PushPop,2264054,2266203,1,639,4412653,6905.6,7072.0,3488,7616,623.1,"void at::native::index_elementwise_kernel<(int)128, (int)4, void at::native::gpu_index_kernel<void at::native::index_put_kernel_impl<at::native::OpaqueType<(int)1>>(at::TensorIterator &, c10::ArrayRef<long>, c10::ArrayRef<long>)::[lambda(char *, const char *, long) (instance 1)]>(at::TensorIteratorBase &, c10::ArrayRef<long>, c10::ArrayRef<long>, const T1 &, bool)::[lambda(int) (instance 1)]>(long, T3)"
:stage.process:model.layers.0.mlp.up_proj,PushPop,2264054,2266203,1,789,3657739,4635.9,2177.0,2080,192896,15232.9,"void at::native::vectorized_elementwise_kernel<(int)4, at::native::CUDAFunctor_add<float>, std::array<char *, (unsigned long)3>>(int, T2, T3)"
:stage.process:model.layers.0.mlp.up_proj,PushPop,2264054,2266203,1,1792,3431333,1914.8,1920.0,1536,5920,197.3,"void at::native::vectorized_elementwise_kernel<(int)4, void at::native::compare_scalar_kernel<float>(at::TensorIteratorBase &, at::native::<unnamed>::OpType, T1)::[lambda(float) (instance 1)], std::array<char *, (unsigned long)2>>(int, T2, T3)"
:stage.process:model.layers.0.mlp.up_proj,PushPop,2264054,2266203,1,1,3426085,3426085.0,3426085.0,3426085,3426085,0.0,ampere_sgemm_128x64_lower_nt
:stage.process:model.layers.0.mlp.up_proj,PushPop,2264054,2266203,1,1540,3416225,2218.3,2176.0,1984,4064,152.5,"void at::native::vectorized_elementwise_kernel<(int)4, at::native::AbsFunctor<c10::Half>, std::array<char *, (unsigned long)2>>(int, T2, T3)"
:stage.process:model.layers.0.mlp.up_proj,PushPop,2264054,2266203,1,770,3101063,4027.4,4032.0,3968,7936,190.1,ampere_sgemm_32x128_nt
:stage.process:model.layers.0.mlp.up_proj,PushPop,2264054,2266203,1,1278,2836548,2219.5,2240.0,1440,2784,132.1,"<unnamed>::qvq_yaqa_grouped_pointers_kernel(const float *, const float *, float *, float **, float **, float **, int, int, int, int, int, int)"
:stage.process:model.layers.0.mlp.up_proj,PushPop,2264054,2266203,1,775,2822856,3642.4,3424.0,1824,51776,2785.0,"void at::native::unrolled_elementwise_kernel<at::native::direct_copy_kernel_cuda(at::TensorIteratorBase &)::[lambda() (instance 3)]::operator ()() const::[lambda() (instance 4)]::operator ()() const::[lambda(long) (instance 1)], std::array<char *, (unsigned long)2>, (int)4, TrivialOffsetCalculator<(int)1, unsigned int>, TrivialOffsetCalculator<(int)1, unsigned int>, at::native::memory::LoadWithCast<(int)1>, at::native::memory::StoreWithCast<(int)1>>(int, T1, T2, T4, T5, T6, T7)"
:stage.process:model.layers.0.mlp.up_proj,PushPop,2264054,2266203,1,1278,2769127,2166.8,2112.0,1664,6720,254.3,"void at::native::vectorized_elementwise_kernel<(int)4, at::native::bitwise_not_kernel_cuda(at::TensorIteratorBase &)::[lambda(bool) (instance 1)], std::array<char *, (unsigned long)2>>(int, T2, T3)"
:stage.process:model.layers.0.mlp.up_proj,PushPop,2264054,2266203,1,3,2603303,867767.7,1297220.0,8704,1297379,743971.0,"void at::native::reduce_kernel<(int)512, (int)1, at::native::ReduceOp<long, at::native::func_wrapper_t<long, at::native::sum_functor<long, long, long>::operator ()(at::TensorIterator &)::[lambda(long, long) (instance 1)]>, unsigned int, long, (int)4, (int)4>>(T3)"
:stage.process:model.layers.0.mlp.up_proj,PushPop,2264054,2266203,1,1278,2537093,1985.2,1952.0,1472,3744,145.0,"<unnamed>::qvq_yaqa_update_grouped_pointers_kernel(float *, float *, const float *, const float *, const float *, float **, float **, float **, int, int, int, int, int, int)"
:stage.process:model.layers.0.mlp.up_proj,PushPop,2264054,2266203,1,11,2465638,224148.9,65216.0,5664,1023555,395669.8,"void at::native::vectorized_elementwise_kernel<(int)2, at::native::AUnaryFunctor<long, long, long, at::native::BitwiseAndFunctor<long>>, std::array<char *, (unsigned long)2>>(int, T2, T3)"
:stage.process:model.layers.0.mlp.up_proj,PushPop,2264054,2266203,1,4,2179687,544921.8,561090.0,4960,1052547,583472.2,"void at::native::elementwise_kernel<(int)128, (int)2, void at::native::gpu_kernel_impl_nocast<at::native::BinaryFunctor<long, long, long, at::native::lshift_kernel_cuda(at::TensorIteratorBase &)::[lambda() (instance 1)]::operator ()() const::[lambda() (instance 4)]::operator ()() const::[lambda(long, long) (instance 1)]>>(at::TensorIteratorBase &, const T1 &)::[lambda(int) (instance 1)]>(int, T3)"
:stage.process:model.layers.0.mlp.up_proj,PushPop,2264054,2266203,1,4,2164901,541225.3,541073.5,40704,1042050,577933.7,"void at::native::elementwise_kernel<(int)128, (int)2, void at::native::gpu_kernel_impl_nocast<at::native::BinaryFunctor<long, long, long, at::native::rshift_kernel_cuda(at::TensorIteratorBase &)::[lambda() (instance 1)]::operator ()() const::[lambda() (instance 4)]::operator ()() const::[lambda(long, long) (instance 1)]>>(at::TensorIteratorBase &, const T1 &)::[lambda(int) (instance 1)]>(int, T3)"
:stage.process:model.layers.0.mlp.up_proj,PushPop,2264054,2266203,1,1548,2106694,1360.9,1376.0,1248,2112,70.2,"void <unnamed>::elementwise_kernel_with_index<int, at::native::arange_cuda_out(const c10::Scalar &, const c10::Scalar &, const c10::Scalar &, at::Tensor &)::[lambda() (instance 1)]::operator ()() const::[lambda() (instance 4)]::operator ()() const::[lambda(long) (instance 1)]>(T1, T2, function_traits<T2>::result_type *)"
:stage.process:model.layers.0.mlp.up_proj,PushPop,2264054,2266203,1,3,1880965,626988.3,903906.0,72608,904451,480107.5,"void at::native::index_elementwise_kernel<(int)128, (int)4, void at::native::gpu_index_kernel<void at::native::index_kernel_impl<at::native::OpaqueType<(int)8>>(at::TensorIteratorBase &, c10::ArrayRef<long>, c10::ArrayRef<long>)::[lambda(char *, const char *, long) (instance 1)]>(at::TensorIteratorBase &, c10::ArrayRef<long>, c10::ArrayRef<long>, const T1 &, bool)::[lambda(int) (instance 1)]>(long, T3)"
:stage.process:model.layers.0.mlp.up_proj,PushPop,2264054,2266203,1,782,1784680,2282.2,1856.0,1696,46144,3915.0,"void at::native::vectorized_elementwise_kernel<(int)4, void at::native::compare_scalar_kernel<long>(at::TensorIteratorBase &, at::native::<unnamed>::OpType, T1)::[lambda(long) (instance 1)], std::array<char *, (unsigned long)2>>(int, T2, T3)"
:stage.process:model.layers.0.mlp.up_proj,PushPop,2264054,2266203,1,770,1765825,2293.3,2272.0,1792,2400,42.8,"void at::native::vectorized_elementwise_kernel<(int)4, at::native::BinaryFunctor<c10::Half, c10::Half, bool, at::native::<unnamed>::CompareEqFunctor<c10::Half>>, std::array<char *, (unsigned long)3>>(int, T2, T3)"
:stage.process:model.layers.0.mlp.up_proj,PushPop,2264054,2266203,1,770,1749638,2272.3,2272.0,1760,2368,37.6,"void at::native::vectorized_elementwise_kernel<(int)4, at::native::AUnaryFunctor<c10::Half, c10::Half, bool, at::native::<unnamed>::CompareEqFunctor<c10::Half>>, std::array<char *, (unsigned long)2>>(int, T2, T3)"
:stage.process:model.layers.0.mlp.up_proj,PushPop,2264054,2266203,1,10,1601763,160176.3,78432.5,3584,662210,204929.9,"void at::native::elementwise_kernel<(int)128, (int)2, void at::native::gpu_kernel_impl_nocast<at::native::BinaryFunctor<float, float, float, at::native::binary_internal::MulFunctor<float>>>(at::TensorIteratorBase &, const T1 &)::[lambda(int) (instance 1)]>(int, T3)"
:stage.process:model.layers.0.mlp.up_proj,PushPop,2264054,2266203,1,512,1399168,2732.8,2688.0,2560,2976,117.2,"void at::native::unrolled_elementwise_kernel<at::native::BinaryFunctor<float, float, float, at::native::maximum_kernel_cuda(at::TensorIteratorBase &)::[lambda() (instance 2)]::operator ()() const::[lambda() (instance 2)]::operator ()() const::[lambda(float, float) (instance 1)]>, std::array<char *, (unsigned long)3>, (int)4, TrivialOffsetCalculator<(int)2, unsigned int>, TrivialOffsetCalculator<(int)1, unsigned int>, at::native::memory::LoadWithCast<(int)2>, at::native::memory::StoreWithCast<(int)1>>(int, T1, T2, T4, T5, T6, T7)"
:stage.process:model.layers.0.mlp.up_proj,PushPop,2264054,2266203,1,45,1396257,31027.9,32992.0,6880,56160,15884.8,"void gemmSN_NN_kernel<float, (int)256, (int)4, (int)2, (int)8, (int)4, (int)4, (bool)0, cublasGemvTensorStridedBatched<const float>, cublasGemvTensorStridedBatched<const float>, cublasGemvTensorStridedBatched<float>>(cublasGemmSmallNParams<T9, T10, T11, T1>)"
:stage.process:model.layers.0.mlp.up_proj,PushPop,2264054,2266203,1,4,1278404,319601.0,320145.0,317153,320961,1682.9,"std::enable_if<!T7, void>::type internal::gemvx::kernel<int, int, float, float, float, float, (bool)0, (bool)1, (bool)1, (bool)0, (int)7, (bool)0, cublasGemvParamsEx<int, cublasGemvTensorStridedBatched<const float>, cublasGemvTensorStridedBatched<const float>, cublasGemvTensorStridedBatched<float>, float>>(T13)"
:stage.process:model.layers.0.mlp.up_proj,PushPop,2264054,2266203,1,641,1221412,1905.5,1792.0,1664,31872,1630.0,"void at::native::vectorized_elementwise_kernel<(int)2, at::native::FillFunctor<long>, std::array<char *, (unsigned long)1>>(int, T2, T3)"
:stage.process:model.layers.0.mlp.up_proj,PushPop,2264054,2266203,1,256,1209058,4722.9,4752.0,4096,5376,535.3,"void at::native::elementwise_kernel<(int)128, (int)4, void at::native::gpu_kernel_impl_nocast<at::native::direct_copy_kernel_cuda(at::TensorIteratorBase &)::[lambda() (instance 3)]::operator ()() const::[lambda() (instance 10)]::operator ()() const::[lambda(c10::Half) (instance 1)]>(at::TensorIteratorBase &, const T1 &)::[lambda(int) (instance 1)]>(int, T3)"
:stage.process:model.layers.0.mlp.up_proj,PushPop,2264054,2266203,1,26,1159139,44582.3,45584.5,35552,51328,4765.5,ampere_sgemm_128x32_nn
:stage.process:model.layers.0.mlp.up_proj,PushPop,2264054,2266203,1,264,972161,3682.4,3456.0,3232,15200,1475.8,"void at::native::reduce_kernel<(int)512, (int)1, at::native::ReduceOp<bool, at::native::func_wrapper_t<bool, at::native::or_kernel_cuda(at::TensorIterator &)::[lambda() (instance 1)]::operator ()() const::[lambda() (instance 12)]::operator ()() const::[lambda(bool, bool) (instance 1)]>, unsigned int, bool, (int)4, (int)4>>(T3)"
:stage.process:model.layers.0.mlp.up_proj,PushPop,2264054,2266203,1,3,921090,307030.0,45600.0,45313,830177,453058.6,"void at::native::triu_tril_kernel<float, int, (bool)0, (int)2, (bool)1>(at::cuda::detail::TensorInfo<T1, T2>, at::cuda::detail::TensorInfo<const T1, T2>, long, long, T2)"
:stage.process:model.layers.0.mlp.up_proj,PushPop,2264054,2266203,1,9,813761,90417.9,67392.0,1984,260192,99594.2,"void at::native::vectorized_elementwise_kernel<(int)4, at::native::BUnaryFunctor<float, float, float, at::native::binary_internal::MulFunctor<float>>, std::array<char *, (unsigned long)2>>(int, T2, T3)"
:stage.process:model.layers.0.mlp.up_proj,PushPop,2264054,2266203,1,9,781667,86851.9,86657.0,86208,89057,851.8,"void at::native::vectorized_elementwise_kernel<(int)4, at::native::BinaryFunctor<float, float, float, at::native::binary_internal::MulFunctor<float>>, std::array<char *, (unsigned long)3>>(int, T2, T3)"
:stage.process:model.layers.0.mlp.up_proj,PushPop,2264054,2266203,1,128,768353,6002.8,5984.0,5664,6400,142.5,"void at::native::unrolled_elementwise_kernel<at::native::CUDAFunctor_add<float>, std::array<char *, (unsigned long)3>, (int)4, TrivialOffsetCalculator<(int)2, unsigned int>, TrivialOffsetCalculator<(int)1, unsigned int>, at::native::memory::LoadWithCast<(int)2>, at::native::memory::StoreWithCast<(int)1>>(int, T1, T2, T4, T5, T6, T7)"
:stage.process:model.layers.0.mlp.up_proj,PushPop,2264054,2266203,1,129,599009,4643.5,4513.0,4416,20832,1436.8,"void at::native::elementwise_kernel<(int)128, (int)4, void at::native::gpu_kernel_impl_nocast<at::native::direct_copy_kernel_cuda(at::TensorIteratorBase &)::[lambda() (instance 3)]::operator ()() const::[lambda() (instance 1)]::operator ()() const::[lambda(unsigned char) (instance 1)]>(at::TensorIteratorBase &, const T1 &)::[lambda(int) (instance 1)]>(int, T3)"
:stage.process:model.layers.0.mlp.up_proj,PushPop,2264054,2266203,1,10,580291,58029.1,47200.5,46944,154945,34054.6,"void at::native::reduce_kernel<(int)512, (int)1, at::native::ReduceOp<float, at::native::func_wrapper_t<float, at::native::sum_functor<float, float, float>::operator ()(at::TensorIterator &)::[lambda(float, float) (instance 1)]>, unsigned int, float, (int)4, (int)4>>(T3)"
:stage.process:model.layers.0.mlp.up_proj,PushPop,2264054,2266203,1,263,538945,2049.2,1888.0,1856,12736,1198.3,"void at::native::vectorized_elementwise_kernel<(int)4, at::native::BinaryFunctor<bool, bool, bool, at::native::BitwiseOrFunctor<bool>>, std::array<char *, (unsigned long)3>>(int, T2, T3)"
:stage.process:model.layers.0.mlp.up_proj,PushPop,2264054,2266203,1,132,530080,4015.8,1984.0,1856,71456,11613.1,"void at::native::vectorized_elementwise_kernel<(int)4, at::native::BinaryFunctor<long, long, bool, at::native::<unnamed>::CompareEqFunctor<long>>, std::array<char *, (unsigned long)3>>(int, T2, T3)"
:stage.process:model.layers.0.mlp.up_proj,PushPop,2264054,2266203,1,13,491425,37801.9,8672.0,1408,112896,44484.3,"void at::native::vectorized_elementwise_kernel<(int)4, at::native::FillFunctor<float>, std::array<char *, (unsigned long)1>>(int, T2, T3)"
:stage.process:model.layers.0.mlp.up_proj,PushPop,2264054,2266203,1,128,417345,3260.5,3264.0,3200,3328,21.0,"void at::native::elementwise_kernel<(int)128, (int)2, void at::native::gpu_kernel_impl_nocast<at::native::BUnaryFunctor<long, long, long, at::native::rshift_kernel_cuda(at::TensorIteratorBase &)::[lambda() (instance 1)]::operator ()() const::[lambda() (instance 4)]::operator ()() const::[lambda(long, long) (instance 1)]>>(at::TensorIteratorBase &, const T1 &)::[lambda(int) (instance 1)]>(int, T3)"
:stage.process:model.layers.0.mlp.up_proj,PushPop,2264054,2266203,1,1,340289,340289.0,340289.0,340289,340289,0.0,"void at::native::<unnamed>::CatArrayBatchedCopy_alignedK_contig<at::native::<unnamed>::OpaqueType<(unsigned int)8>, unsigned int, (int)3, (int)128, (int)1, (int)16>(T1 *, at::native::<unnamed>::CatArrInputTensorMetadata<T1, T2, T4, T5>, at::native::<unnamed>::TensorSizeStride<T2, (unsigned int)4>, int, T2)"
:stage.process:model.layers.0.mlp.up_proj,PushPop,2264054,2266203,1,58,325857,5618.2,5184.0,3424,16224,2994.8,"void cublasLt::splitKreduce_kernel<(int)32, (int)16, int, float, float, float, float, (bool)0, float, float, float, (bool)1, (bool)0, (bool)0, (bool)0>(cublasLt::cublasSplitKParams<T6>, const T4 *, const T10 *, T9 *, T5 *, const T6 *, const T6 *, const T11 *, const T4 *, T11 *, void *, long, T6 *, int *, T6 *, T6 *, const T6 *, const T6 *, const T6 *, const T6 *, const T6 *)"
:stage.process:model.layers.0.mlp.up_proj,PushPop,2264054,2266203,1,3,295584,98528.0,100192.0,95040,100352,3021.8,"void at::native::vectorized_elementwise_kernel<(int)2, at::native::BinaryFunctor<long, long, long, at::native::BitwiseXorFunctor<long>>, std::array<char *, (unsigned long)3>>(int, T2, T3)"
:stage.process:model.layers.0.mlp.up_proj,PushPop,2264054,2266203,1,6,270144,45024.0,1952.0,1568,251616,101282.7,"void at::native::vectorized_elementwise_kernel<(int)4, at::native::AUnaryFunctor<float, float, float, at::native::binary_internal::MulFunctor<float>>, std::array<char *, (unsigned long)2>>(int, T2, T3)"
:stage.process:model.layers.0.mlp.up_proj,PushPop,2264054,2266203,1,4,259297,64824.3,65136.5,59488,69536,4636.1,"void at::native::vectorized_elementwise_kernel<(int)2, at::native::BUnaryFunctor<long, long, long, at::native::rshift_kernel_cuda(at::TensorIteratorBase &)::[lambda() (instance 1)]::operator ()() const::[lambda() (instance 4)]::operator ()() const::[lambda(long, long) (instance 1)]>, std::array<char *, (unsigned long)2>>(int, T2, T3)"
:stage.process:model.layers.0.mlp.up_proj,PushPop,2264054,2266203,1,10,217280,21728.0,21648.0,21504,22432,261.7,"void at::native::<unnamed>::CatArrayBatchedCopy<at::native::<unnamed>::OpaqueType<(unsigned int)4>, unsigned int, (int)2, (int)64, (int)64>(T1 *, at::native::<unnamed>::CatArrInputTensorMetadata<T1, T2, T4, T5>, at::native::<unnamed>::TensorSizeStride<T2, (unsigned int)4>, int, T2)"
:stage.process:model.layers.0.mlp.up_proj,PushPop,2264054,2266203,1,2,201441,100720.5,100720.5,100545,100896,248.2,"void at::native::vectorized_elementwise_kernel<(int)2, at::native::BinaryFunctor<long, long, long, at::native::BitwiseOrFunctor<long>>, std::array<char *, (unsigned long)3>>(int, T2, T3)"
:stage.process:model.layers.0.mlp.up_proj,PushPop,2264054,2266203,1,10,151072,15107.2,7312.0,4064,49984,14182.0,"void at::native::reduce_kernel<(int)512, (int)1, at::native::ReduceOp<float, at::native::MeanOps<float, float, float, float>, unsigned int, float, (int)4, (int)4>>(T3)"
:stage.process:model.layers.0.mlp.up_proj,PushPop,2264054,2266203,1,6,133248,22208.0,22160.0,16256,28352,6520.9,"void trsm_batch_left_upper_kernel_small<float, (int)16, (int)16, (int)64>(cublasTrsmBatchParams<T1>, const T1 *const *, T1 *const *, const T1 *, T1)"
:stage.process:model.layers.0.mlp.up_proj,PushPop,2264054,2266203,1,2,129280,64640.0,64640.0,64384,64896,362.0,"void at::native::vectorized_elementwise_kernel<(int)2, at::native::BUnaryFunctor<long, long, long, at::native::lshift_kernel_cuda(at::TensorIteratorBase &)::[lambda() (instance 1)]::operator ()() const::[lambda() (instance 4)]::operator ()() const::[lambda(long, long) (instance 1)]>, std::array<char *, (unsigned long)2>>(int, T2, T3)"
:stage.process:model.layers.0.mlp.up_proj,PushPop,2264054,2266203,1,3,114144,38048.0,54080.0,5632,54432,28073.6,"void at::native::unrolled_elementwise_kernel<at::native::direct_copy_kernel_cuda(at::TensorIteratorBase &)::[lambda() (instance 3)]::operator ()() const::[lambda() (instance 3)]::operator ()() const::[lambda(int) (instance 1)], std::array<char *, (unsigned long)2>, (int)4, TrivialOffsetCalculator<(int)1, unsigned int>, TrivialOffsetCalculator<(int)1, unsigned int>, at::native::memory::LoadWithCast<(int)1>, at::native::memory::StoreWithCast<(int)1>>(int, T1, T2, T4, T5, T6, T7)"
:stage.process:model.layers.0.mlp.up_proj,PushPop,2264054,2266203,1,5,76833,15366.6,1792.0,1600,69985,30532.8,"void at::native::vectorized_elementwise_kernel<(int)2, at::native::CUDAFunctorOnSelf_add<long>, std::array<char *, (unsigned long)2>>(int, T2, T3)"
:stage.process:model.layers.0.mlp.up_proj,PushPop,2264054,2266203,1,1,73600,73600.0,73600.0,73600,73600,0.0,"void at::native::elementwise_kernel<(int)128, (int)2, void at::native::gpu_kernel_impl_nocast<at::native::BinaryFunctor<float, float, float, at::native::binary_internal::DivFunctor<float>>>(at::TensorIteratorBase &, const T1 &)::[lambda(int) (instance 1)]>(int, T3)"
:stage.process:model.layers.0.mlp.up_proj,PushPop,2264054,2266203,1,6,72480,12080.0,2032.0,1696,62976,24934.4,"void at::native::vectorized_elementwise_kernel<(int)2, at::native::AUnaryFunctor<long, long, long, at::native::binary_internal::MulFunctor<long>>, std::array<char *, (unsigned long)2>>(int, T2, T3)"
:stage.process:model.layers.0.mlp.up_proj,PushPop,2264054,2266203,1,1,60448,60448.0,60448.0,60448,60448,0.0,"void at::native::vectorized_elementwise_kernel<(int)4, void at::native::<unnamed>::pow_tensor_scalar_kernel_impl<float, float>(at::TensorIteratorBase &, T2)::[lambda(float) (instance 1)], std::array<char *, (unsigned long)2>>(int, T2, T3)"
:stage.process:model.layers.0.mlp.up_proj,PushPop,2264054,2266203,1,1,52128,52128.0,52128.0,52128,52128,0.0,"void at::native::reduce_kernel<(int)128, (int)4, at::native::ReduceOp<long, at::native::func_wrapper_t<long, at::native::sum_functor<long, long, long>::operator ()(at::TensorIterator &)::[lambda(long, long) (instance 1)]>, unsigned int, long, (int)4, (int)4>>(T3)"
:stage.process:model.layers.0.mlp.up_proj,PushPop,2264054,2266203,1,1,45216,45216.0,45216.0,45216,45216,0.0,"void at::native::vectorized_elementwise_kernel<(int)4, at::native::float16_copy_kernel_cuda(at::TensorIteratorBase &)::[lambda(float) (instance 1)], std::array<char *, (unsigned long)2>>(int, T2, T3)"
:stage.process:model.layers.0.mlp.up_proj,PushPop,2264054,2266203,1,3,27616,9205.3,9888.0,7072,10656,1887.0,"void at::native::elementwise_kernel<(int)128, (int)2, void at::native::gpu_kernel_impl_nocast<at::native::direct_copy_kernel_cuda(at::TensorIteratorBase &)::[lambda() (instance 3)]::operator ()() const::[lambda() (instance 3)]::operator ()() const::[lambda(int) (instance 1)]>(at::TensorIteratorBase &, const T1 &)::[lambda(int) (instance 1)]>(int, T3)"
:stage.process:model.layers.0.mlp.up_proj,PushPop,2264054,2266203,1,6,25952,4325.3,4672.0,3328,4928,751.7,"void at::native::elementwise_kernel<(int)128, (int)2, void at::native::gpu_kernel_impl_nocast<at::native::CUDAFunctorOnSelf_add<float>>(at::TensorIteratorBase &, const T1 &)::[lambda(int) (instance 1)]>(int, T3)"
:stage.process:model.layers.0.mlp.up_proj,PushPop,2264054,2266203,1,4,14369,3592.3,3536.0,3392,3905,248.8,"void at::native::vectorized_elementwise_kernel<(int)2, at::native::BUnaryFunctor<long, long, long, at::native::remainder_kernel_cuda(at::TensorIteratorBase &)::[lambda() (instance 1)]::operator ()() const::[lambda() (instance 4)]::operator ()() const::[lambda(long, long) (instance 1)]>, std::array<char *, (unsigned long)2>>(int, T2, T3)"
:stage.process:model.layers.0.mlp.up_proj,PushPop,2264054,2266203,1,6,12832,2138.7,2128.0,1920,2464,184.8,"void at::native::vectorized_elementwise_kernel<(int)4, at::native::<unnamed>::CompareFunctor<float>, std::array<char *, (unsigned long)3>>(int, T2, T3)"
:stage.process:model.layers.0.mlp.up_proj,PushPop,2264054,2266203,1,3,11808,3936.0,4128.0,3520,4160,360.6,"void at::native::unrolled_elementwise_kernel<at::native::direct_copy_kernel_cuda(at::TensorIteratorBase &)::[lambda() (instance 3)]::operator ()() const::[lambda() (instance 1)]::operator ()() const::[lambda(unsigned char) (instance 1)], std::array<char *, (unsigned long)2>, (int)4, TrivialOffsetCalculator<(int)1, unsigned int>, TrivialOffsetCalculator<(int)1, unsigned int>, at::native::memory::LoadWithCast<(int)1>, at::native::memory::StoreWithCast<(int)1>>(int, T1, T2, T4, T5, T6, T7)"
:stage.process:model.layers.0.mlp.up_proj,PushPop,2264054,2266203,1,2,10752,5376.0,5376.0,4992,5760,543.1,"void at::native::<unnamed>::CatArrayBatchedCopy_vectorized<at::native::<unnamed>::OpaqueType<(unsigned int)2>, unsigned int, (int)1, (int)128, (int)1, (int)16, (int)8>(char *, at::native::<unnamed>::CatArrInputTensorMetadata<T1, T2, T4, T5>, at::native::<unnamed>::TensorSizeStride<T2, (unsigned int)4>, int, T2)"
:stage.process:model.layers.0.mlp.up_proj,PushPop,2264054,2266203,1,3,9216,3072.0,3104.0,2976,3136,84.7,"void at::native::vectorized_elementwise_kernel<(int)4, at::native::AUnaryFunctor<unsigned char, unsigned char, bool, at::native::<unnamed>::CompareEqFunctor<unsigned char>>, std::array<char *, (unsigned long)2>>(int, T2, T3)"
:stage.process:model.layers.0.mlp.up_proj,PushPop,2264054,2266203,1,2,8192,4096.0,4096.0,3328,4864,1086.1,"void at::native::elementwise_kernel<(int)128, (int)2, void at::native::gpu_kernel_impl_nocast<at::native::AbsFunctor<float>>(at::TensorIteratorBase &, const T1 &)::[lambda(int) (instance 1)]>(int, T3)"
:stage.process:model.layers.0.mlp.up_proj,PushPop,2264054,2266203,1,1,8160,8160.0,8160.0,8160,8160,0.0,"void at::native::vectorized_elementwise_kernel<(int)4, at::native::AUnaryFunctor<unsigned char, unsigned char, unsigned char, at::native::binary_internal::MulFunctor<unsigned char>>, std::array<char *, (unsigned long)2>>(int, T2, T3)"
:stage.process:model.layers.0.mlp.up_proj,PushPop,2264054,2266203,1,2,7680,3840.0,3840.0,3808,3872,45.3,"void at::native::vectorized_elementwise_kernel<(int)2, at::native::BUnaryFunctor<long, long, long, at::native::binary_internal::div_floor_kernel_cuda(at::TensorIteratorBase &)::[lambda() (instance 1)]::operator ()() const::[lambda() (instance 4)]::operator ()() const::[lambda(long, long) (instance 1)]>, std::array<char *, (unsigned long)2>>(int, T2, T3)"
:stage.process:model.layers.0.mlp.up_proj,PushPop,2264054,2266203,1,3,7616,2538.7,2176.0,2144,3296,656.1,"void at::native::vectorized_elementwise_kernel<(int)4, at::native::FillFunctor<unsigned char>, std::array<char *, (unsigned long)1>>(int, T2, T3)"
:stage.process:model.layers.0.mlp.up_proj,PushPop,2264054,2266203,1,2,6336,3168.0,3168.0,3168,3168,0.0,"void at::native::elementwise_kernel<(int)128, (int)2, void at::native::gpu_kernel_impl_nocast<at::native::CUDAFunctor_add<long>>(at::TensorIteratorBase &, const T1 &)::[lambda(int) (instance 1)]>(int, T3)"
:stage.process:model.layers.0.mlp.up_proj,PushPop,2264054,2266203,1,3,5984,1994.7,1984.0,1952,2048,48.9,"void at::native::vectorized_elementwise_kernel<(int)4, at::native::BinaryFunctor<float, float, float, at::native::maximum_kernel_cuda(at::TensorIteratorBase &)::[lambda() (instance 2)]::operator ()() const::[lambda() (instance 2)]::operator ()() const::[lambda(float, float) (instance 1)]>, std::array<char *, (unsigned long)3>>(int, T2, T3)"
:stage.process:model.layers.0.mlp.up_proj,PushPop,2264054,2266203,1,2,5504,2752.0,2752.0,2560,2944,271.5,"void at::native::<unnamed>::CatArrayBatchedCopy_alignedK_contig<at::native::<unnamed>::OpaqueType<(unsigned int)4>, unsigned int, (int)1, (int)128, (int)1, (int)16>(T1 *, at::native::<unnamed>::CatArrInputTensorMetadata<T1, T2, T4, T5>, at::native::<unnamed>::TensorSizeStride<T2, (unsigned int)4>, int, T2)"
:stage.process:model.layers.0.mlp.up_proj,PushPop,2264054,2266203,1,3,5024,1674.7,1568.0,1440,2016,302.5,"xxtrf4_set_info_ker(int, int *)"
:stage.process:model.layers.0.mlp.up_proj,PushPop,2264054,2266203,1,2,4896,2448.0,2448.0,1952,2944,701.4,"void at::native::unrolled_elementwise_kernel<at::native::AUnaryFunctor<long, long, long, at::native::BitwiseAndFunctor<long>>, std::array<char *, (unsigned long)2>, (int)4, TrivialOffsetCalculator<(int)1, unsigned int>, TrivialOffsetCalculator<(int)1, unsigned int>, at::native::memory::LoadWithoutCast, at::native::memory::StoreWithoutCast>(int, T1, T2, T4, T5, T6, T7)"
:stage.process:model.layers.0.mlp.up_proj,PushPop,2264054,2266203,1,2,4768,2384.0,2384.0,2272,2496,158.4,"void at::native::vectorized_elementwise_kernel<(int)4, at::native::FillFunctor<bool>, std::array<char *, (unsigned long)1>>(int, T2, T3)"
:stage.process:model.layers.0.mlp.up_proj,PushPop,2264054,2266203,1,2,4736,2368.0,2368.0,2368,2368,0.0,"void at::native::vectorized_elementwise_kernel<(int)2, at::native::CUDAFunctorOnOther_add<long>, std::array<char *, (unsigned long)2>>(int, T2, T3)"
:stage.process:model.layers.0.mlp.up_proj,PushPop,2264054,2266203,1,1,4544,4544.0,4544.0,4544,4544,0.0,"void at::native::reduce_kernel<(int)512, (int)1, at::native::ReduceOp<float, at::native::ArgMinOps<float>, unsigned int, long, (int)4, (int)4>>(T3)"
:stage.process:model.layers.0.mlp.up_proj,PushPop,2264054,2266203,1,2,4480,2240.0,2240.0,2176,2304,90.5,"void at::native::vectorized_elementwise_kernel<(int)4, void at::native::compare_scalar_kernel<c10::Half>(at::TensorIteratorBase &, at::native::<unnamed>::OpType, T1)::[lambda(c10::Half) (instance 1)], std::array<char *, (unsigned long)2>>(int, T2, T3)"
:stage.process:model.layers.0.mlp.up_proj,PushPop,2264054,2266203,1,1,3424,3424.0,3424.0,3424,3424,0.0,"void at::native::<unnamed>::CatArrayBatchedCopy_contig<at::native::<unnamed>::OpaqueType<(unsigned int)1>, unsigned int, (int)1, (int)128, (int)1>(T1 *, at::native::<unnamed>::CatArrInputTensorMetadata<T1, T2, T4, T5>, at::native::<unnamed>::TensorSizeStride<T2, (unsigned int)4>, int, T2)"
:stage.process:model.layers.0.mlp.up_proj,PushPop,2264054,2266203,1,1,3296,3296.0,3296.0,3296,3296,0.0,"void at::native::vectorized_elementwise_kernel<(int)4, at::native::BinaryFunctor<unsigned char, unsigned char, bool, at::native::<unnamed>::CompareEqFunctor<unsigned char>>, std::array<char *, (unsigned long)3>>(int, T2, T3)"
:stage.process:model.layers.0.mlp.up_proj,PushPop,2264054,2266203,1,1,2848,2848.0,2848.0,2848,2848,0.0,"void at::native::vectorized_elementwise_kernel<(int)4, at::native::sqrt_kernel_cuda(at::TensorIteratorBase &)::[lambda() (instance 2)]::operator ()() const::[lambda() (instance 2)]::operator ()() const::[lambda(float) (instance 1)], std::array<char *, (unsigned long)2>>(int, T2, T3)"
:stage.process:model.layers.0.mlp.up_proj,PushPop,2264054,2266203,1,1,2240,2240.0,2240.0,2240,2240,0.0,"void at::native::elementwise_kernel<(int)128, (int)2, void at::native::gpu_kernel_impl_nocast<at::native::<unnamed>::where_kernel_impl(at::TensorIterator &)::[lambda() (instance 1)]::operator ()() const::[lambda() (instance 3)]::operator ()() const::[lambda(bool, unsigned int, unsigned int) (instance 1)]>(at::TensorIteratorBase &, const T1 &)::[lambda(int) (instance 1)]>(int, T3)"
:stage.process:model.layers.0.mlp.up_proj,PushPop,2264054,2266203,1,1,2208,2208.0,2208.0,2208,2208,0.0,"void at::native::unrolled_elementwise_kernel<at::native::direct_copy_kernel_cuda(at::TensorIteratorBase &)::[lambda() (instance 3)]::operator ()() const::[lambda() (instance 11)]::operator ()() const::[lambda(bool) (instance 1)], std::array<char *, (unsigned long)2>, (int)4, TrivialOffsetCalculator<(int)1, unsigned int>, TrivialOffsetCalculator<(int)1, unsigned int>, at::native::memory::LoadWithCast<(int)1>, at::native::memory::StoreWithCast<(int)1>>(int, T1, T2, T4, T5, T6, T7)"
:stage.process:model.layers.0.mlp.up_proj,PushPop,2264054,2266203,1,1,2080,2080.0,2080.0,2080,2080,0.0,"void at::native::unrolled_elementwise_kernel<at::native::<unnamed>::CompareFunctor<c10::Half>, std::array<char *, (unsigned long)3>, (int)4, TrivialOffsetCalculator<(int)2, unsigned int>, TrivialOffsetCalculator<(int)1, unsigned int>, at::native::memory::LoadWithoutCast, at::native::memory::StoreWithoutCast>(int, T1, T2, T4, T5, T6, T7)"
:stage.process:model.layers.0.mlp.up_proj,PushPop,2264054,2266203,1,1,1984,1984.0,1984.0,1984,1984,0.0,"void at::native::vectorized_elementwise_kernel<(int)4, at::native::<unnamed>::launch_clamp_scalar(at::TensorIteratorBase &, c10::Scalar, c10::Scalar, at::native::detail::ClampLimits)::[lambda() (instance 1)]::operator ()() const::[lambda() (instance 7)]::operator ()() const::[lambda(float) (instance 1)], std::array<char *, (unsigned long)2>>(int, T2, T3)"
:stage.process:model.layers.0.self_attn.k_proj,PushPop,2264054,2266203,1,9680,1709114757,176561.4,147584.0,132607,299423,60203.8,"void <unnamed>::qvq_v2_segment_grid_kernel<(int)4, (int)2, (int)16, (bool)1, (bool)0, __half, unsigned char>(const float *, const T6 *, const float *, const long *, const float *, const float *, float *, T7 *, unsigned char *, int, int, int, bool, bool)"
:stage.process:model.layers.0.self_attn.k_proj,PushPop,2264054,2266203,1,574,788481903,1373661.9,1376077.5,1351998,1385789,5672.2,"void <unnamed>::qvq_viterbi_kernel<(int)4, (int)2, __half, unsigned char>(const float *, const T3 *, const float *, const long *, const float *, T4 *, long *, float *, int, int, int, bool, bool, bool)"
:stage.process:model.layers.0.self_attn.k_proj,PushPop,2264054,2266203,1,1210,101099001,83552.9,80672.0,67328,103264,9700.5,"void <unnamed>::qvq_v2_segment_grid_finalize_kernel<(int)4, (int)2, (int)16, (bool)0, __half, unsigned char>(const float *, const T5 *, const float *, const long *, const float *, const float *, const T6 *, const unsigned char *, long *, unsigned char *, float *, int, int, bool, bool)"
:stage.process:model.layers.0.self_attn.k_proj,PushPop,2264054,2266203,1,468,30172078,64470.3,70656.0,20736,72128,14743.6,void cutlass::Kernel2<cutlass_80_simt_sgemm_128x32_8x5_nt_align1>(T1::Params)
:stage.process:model.layers.0.self_attn.k_proj,PushPop,2264054,2266203,1,2544,23460053,9221.7,7712.0,3936,18816,4117.7,"void at::native::index_elementwise_kernel<(int)128, (int)4, void at::native::gpu_index_kernel<void at::native::index_kernel_impl<at::native::OpaqueType<(int)4>>(at::TensorIteratorBase &, c10::ArrayRef<long>, c10::ArrayRef<long>)::[lambda(char *, const char *, long) (instance 1)]>(at::TensorIteratorBase &, c10::ArrayRef<long>, c10::ArrayRef<long>, const T1 &, bool)::[lambda(int) (instance 1)]>(long, T3)"
:stage.process:model.layers.0.self_attn.k_proj,PushPop,2264054,2266203,1,2580,13137865,5092.2,4576.0,2656,11584,1557.9,"void at::native::reduce_kernel<(int)512, (int)1, at::native::ReduceOp<bool, at::native::func_wrapper_t<bool, at::native::and_kernel_cuda(at::TensorIterator &)::[lambda() (instance 1)]::operator ()() const::[lambda() (instance 12)]::operator ()() const::[lambda(bool, bool) (instance 1)]>, unsigned int, bool, (int)4, (int)4>>(T3)"
:stage.process:model.layers.0.self_attn.k_proj,PushPop,2264054,2266203,1,1021,8827760,8646.2,8512.0,4576,12768,1780.7,"void at::native::index_elementwise_kernel<(int)128, (int)4, void at::native::gpu_index_kernel<void at::native::index_kernel_impl<at::native::OpaqueType<(int)2>>(at::TensorIteratorBase &, c10::ArrayRef<long>, c10::ArrayRef<long>)::[lambda(char *, const char *, long) (instance 1)]>(at::TensorIteratorBase &, c10::ArrayRef<long>, c10::ArrayRef<long>, const T1 &, bool)::[lambda(int) (instance 1)]>(long, T3)"
:stage.process:model.layers.0.self_attn.k_proj,PushPop,2264054,2266203,1,1272,8261396,6494.8,6592.0,3488,6976,365.8,"void at::native::index_elementwise_kernel<(int)128, (int)4, void at::native::gpu_index_kernel<void at::native::index_put_kernel_impl<at::native::OpaqueType<(int)4>>(at::TensorIterator &, c10::ArrayRef<long>, c10::ArrayRef<long>)::[lambda(char *, const char *, long) (instance 1)]>(at::TensorIteratorBase &, c10::ArrayRef<long>, c10::ArrayRef<long>, const T1 &, bool)::[lambda(int) (instance 1)]>(long, T3)"
:stage.process:model.layers.0.self_attn.k_proj,PushPop,2264054,2266203,1,1404,6451122,4594.8,4640.0,3168,5056,320.8,"void at::native::reduce_kernel<(int)512, (int)1, at::native::ReduceOp<float, at::native::func_wrapper_t<float, at::native::MaxNanFunctor<float>>, unsigned int, float, (int)4, (int)4>>(T3)"
:stage.process:model.layers.0.self_attn.k_proj,PushPop,2264054,2266203,1,772,6419926,8316.0,8352.0,7904,9120,159.7,"void at::native::reduce_kernel<(int)512, (int)1, at::native::ReduceOp<c10::Half, at::native::func_wrapper_t<c10::Half, at::native::MaxNanFunctor<c10::Half>>, unsigned int, c10::Half, (int)4, (int)4>>(T3)"
:stage.process:model.layers.0.self_attn.k_proj,PushPop,2264054,2266203,1,1841,6031831,3276.4,3136.0,2112,48384,2796.9,"void at::native::elementwise_kernel<(int)128, (int)2, void at::native::gpu_kernel_impl_nocast<at::native::direct_copy_kernel_cuda(at::TensorIteratorBase &)::[lambda() (instance 3)]::operator ()() const::[lambda() (instance 7)]::operator ()() const::[lambda(float) (instance 1)]>(at::TensorIteratorBase &, const T1 &)::[lambda(int) (instance 1)]>(int, T3)"
:stage.process:model.layers.0.self_attn.k_proj,PushPop,2264054,2266203,1,2843,5798777,2039.7,1984.0,1440,18016,549.1,"void at::native::vectorized_elementwise_kernel<(int)4, at::native::AbsFunctor<float>, std::array<char *, (unsigned long)2>>(int, T2, T3)"
:stage.process:model.layers.0.self_attn.k_proj,PushPop,2264054,2266203,1,400,5794036,14485.1,4032.0,4000,66367,20301.2,ampere_sgemm_32x128_nt
:stage.process:model.layers.0.self_attn.k_proj,PushPop,2264054,2266203,1,1784,5005170,2805.6,2752.0,2176,4608,646.8,"<unnamed>::qvq_half2_codebook_norm_pack_kernel(const __half *, unsigned long *, int)"
:stage.process:model.layers.0.self_attn.k_proj,PushPop,2264054,2266203,1,66,5001464,75779.8,46896.0,39200,244383,71303.8,ampere_sgemm_32x32_sliced1x4_nt
:stage.process:model.layers.0.self_attn.k_proj,PushPop,2264054,2266203,1,2209,4664889,2111.8,2048.0,1536,6656,218.1,"void at::native::vectorized_elementwise_kernel<(int)4, at::native::BinaryFunctor<bool, bool, bool, at::native::binary_internal::MulFunctor<bool>>, std::array<char *, (unsigned long)3>>(int, T2, T3)"
:stage.process:model.layers.0.self_attn.k_proj,PushPop,2264054,2266203,1,262,4561814,17411.5,5072.0,3328,57856,17394.5,"void gemmSN_NN_kernel<float, (int)256, (int)4, (int)2, (int)8, (int)4, (int)4, (bool)0, cublasGemvTensorStridedBatched<const float>, cublasGemvTensorStridedBatched<const float>, cublasGemvTensorStridedBatched<float>>(cublasGemmSmallNParams<T9, T10, T11, T1>)"
:stage.process:model.layers.0.self_attn.k_proj,PushPop,2264054,2266203,1,636,4289045,6743.8,6880.0,3360,7296,579.2,"void at::native::index_elementwise_kernel<(int)128, (int)4, void at::native::gpu_index_kernel<void at::native::index_put_kernel_impl<at::native::OpaqueType<(int)8>>(at::TensorIterator &, c10::ArrayRef<long>, c10::ArrayRef<long>)::[lambda(char *, const char *, long) (instance 1)]>(at::TensorIteratorBase &, c10::ArrayRef<long>, c10::ArrayRef<long>, const T1 &, bool)::[lambda(int) (instance 1)]>(long, T3)"
:stage.process:model.layers.0.self_attn.k_proj,PushPop,2264054,2266203,1,901,3505301,3890.5,3840.0,2528,6816,236.6,"void at::native::unrolled_elementwise_kernel<at::native::direct_copy_kernel_cuda(at::TensorIteratorBase &)::[lambda() (instance 3)]::operator ()() const::[lambda() (instance 7)]::operator ()() const::[lambda(float) (instance 1)], std::array<char *, (unsigned long)2>, (int)4, TrivialOffsetCalculator<(int)1, unsigned int>, TrivialOffsetCalculator<(int)1, unsigned int>, at::native::memory::LoadWithCast<(int)1>, at::native::memory::StoreWithCast<(int)1>>(int, T1, T2, T4, T5, T6, T7)"
:stage.process:model.layers.0.self_attn.k_proj,PushPop,2264054,2266203,1,1542,3306362,2144.2,2144.0,1792,2848,45.4,"void at::native::vectorized_elementwise_kernel<(int)4, at::native::AbsFunctor<c10::Half>, std::array<char *, (unsigned long)2>>(int, T2, T3)"
:stage.process:model.layers.0.self_attn.k_proj,PushPop,2264054,2266203,1,516,3151389,6107.3,6368.0,4256,6912,672.9,"void gemmSN_NN_kernel<float, (int)128, (int)2, (int)4, (int)8, (int)4, (int)4, (bool)0, cublasGemvTensorStridedBatched<const float>, cublasGemvTensorStridedBatched<const float>, cublasGemvTensorStridedBatched<float>>(cublasGemmSmallNParams<T9, T10, T11, T1>)"
:stage.process:model.layers.0.self_attn.k_proj,PushPop,2264054,2266203,1,1440,3006588,2087.9,2048.0,1504,13312,573.7,"void at::native::vectorized_elementwise_kernel<(int)4, at::native::BinaryFunctor<float, float, bool, at::native::<unnamed>::CompareEqFunctor<float>>, std::array<char *, (unsigned long)3>>(int, T2, T3)"
:stage.process:model.layers.0.self_attn.k_proj,PushPop,2264054,2266203,1,1439,2948089,2048.7,2048.0,1536,6144,234.8,"void at::native::vectorized_elementwise_kernel<(int)4, at::native::AUnaryFunctor<float, float, bool, at::native::<unnamed>::CompareEqFunctor<float>>, std::array<char *, (unsigned long)2>>(int, T2, T3)"
:stage.process:model.layers.0.self_attn.k_proj,PushPop,2264054,2266203,1,12,2838653,236554.4,238976.0,230976,239200,3694.3,ampere_sgemm_128x64_nn
:stage.process:model.layers.0.self_attn.k_proj,PushPop,2264054,2266203,1,862,2631292,3052.5,2976.0,1888,9056,304.5,"void at::native::elementwise_kernel<(int)128, (int)2, void at::native::gpu_kernel_impl_nocast<at::native::direct_copy_kernel_cuda(at::TensorIteratorBase &)::[lambda() (instance 3)]::operator ()() const::[lambda() (instance 4)]::operator ()() const::[lambda(long) (instance 1)]>(at::TensorIteratorBase &, const T1 &)::[lambda(int) (instance 1)]>(int, T3)"
:stage.process:model.layers.0.self_attn.k_proj,PushPop,2264054,2266203,1,282,2330525,8264.3,8256.0,7872,8544,71.7,"void batch_trsm_left_kernel<float, (int)64, (int)4, (int)3, (bool)0, (bool)0, (bool)1>(cublasTrsmBatchParams2<T1>, T1, const T1 *, int)"
:stage.process:model.layers.0.self_attn.k_proj,PushPop,2264054,2266203,1,1276,2251773,1764.7,1760.0,1536,2208,114.7,"void at::native::vectorized_elementwise_kernel<(int)4, at::native::BinaryFunctor<bool, bool, bool, at::native::logical_or_kernel_cuda(at::TensorIterator &)::[lambda() (instance 2)]::operator ()() const::[lambda() (instance 9)]::operator ()() const::[lambda(bool, bool) (instance 1)]>, std::array<char *, (unsigned long)3>>(int, T2, T3)"
:stage.process:model.layers.0.self_attn.k_proj,PushPop,2264054,2266203,1,892,2195258,2461.1,2432.0,1728,2720,119.2,"void at::native::roll_cuda_kernel<float>(const T1 *, T1 *, long, long, long, long, long, long)"
:stage.process:model.layers.0.self_attn.k_proj,PushPop,2264054,2266203,1,477,2193853,4599.3,4800.0,3168,5504,578.0,"void at::native::index_elementwise_kernel<(int)128, (int)4, void at::native::gpu_index_kernel<void at::native::index_put_kernel_impl<at::native::OpaqueType<(int)1>>(at::TensorIterator &, c10::ArrayRef<long>, c10::ArrayRef<long>)::[lambda(char *, const char *, long) (instance 1)]>(at::TensorIteratorBase &, c10::ArrayRef<long>, c10::ArrayRef<long>, const T1 &, bool)::[lambda(int) (instance 1)]>(long, T3)"
:stage.process:model.layers.0.self_attn.k_proj,PushPop,2264054,2266203,1,3,2084347,694782.3,922846.0,235135,926366,398070.2,"void kernel<getrf_wo_pivot_params_<float, (int)0, (int)256, (int)1, (int)64, (int)64, (int)68, (int)8, (int)1, (int)1>>(int, int, void *, int, void *, int, int, int, int, int, int *)"
:stage.process:model.layers.0.self_attn.k_proj,PushPop,2264054,2266203,1,413,2003070,4850.0,3808.0,3200,48256,3351.1,"void at::native::elementwise_kernel<(int)128, (int)2, void at::native::gpu_kernel_impl_nocast<at::native::CUDAFunctor_add<float>>(at::TensorIteratorBase &, const T1 &)::[lambda(int) (instance 1)]>(int, T3)"
:stage.process:model.layers.0.self_attn.k_proj,PushPop,2264054,2266203,1,884,1957983,2214.9,2240.0,1824,2816,166.7,"void at::native::elementwise_kernel<(int)128, (int)2, void at::native::gpu_kernel_impl_nocast<at::native::AUnaryFunctor<long, long, long, at::native::BitwiseAndFunctor<long>>>(at::TensorIteratorBase &, const T1 &)::[lambda(int) (instance 1)]>(int, T3)"
:stage.process:model.layers.0.self_attn.k_proj,PushPop,2264054,2266203,1,1150,1902620,1654.5,1664.0,1536,1952,72.6,"void at::native::vectorized_elementwise_kernel<(int)4, void at::native::compare_scalar_kernel<float>(at::TensorIteratorBase &, at::native::<unnamed>::OpType, T1)::[lambda(float) (instance 1)], std::array<char *, (unsigned long)2>>(int, T2, T3)"
:stage.process:model.layers.0.self_attn.k_proj,PushPop,2264054,2266203,1,792,1852797,2339.4,2176.0,1600,9312,837.7,"void at::native::vectorized_elementwise_kernel<(int)4, at::native::CUDAFunctor_add<float>, std::array<char *, (unsigned long)3>>(int, T2, T3)"
:stage.process:model.layers.0.self_attn.k_proj,PushPop,2264054,2266203,1,770,1735741,2254.2,2240.0,1792,2304,23.9,"void at::native::vectorized_elementwise_kernel<(int)4, at::native::BinaryFunctor<c10::Half, c10::Half, bool, at::native::<unnamed>::CompareEqFunctor<c10::Half>>, std::array<char *, (unsigned long)3>>(int, T2, T3)"
:stage.process:model.layers.0.self_attn.k_proj,PushPop,2264054,2266203,1,770,1707198,2217.1,2208.0,1664,2336,28.1,"void at::native::vectorized_elementwise_kernel<(int)4, at::native::AUnaryFunctor<c10::Half, c10::Half, bool, at::native::<unnamed>::CompareEqFunctor<c10::Half>>, std::array<char *, (unsigned long)2>>(int, T2, T3)"
:stage.process:model.layers.0.self_attn.k_proj,PushPop,2264054,2266203,1,613,1597917,2606.7,2592.0,1792,4832,425.3,"void at::native::unrolled_elementwise_kernel<at::native::direct_copy_kernel_cuda(at::TensorIteratorBase &)::[lambda() (instance 3)]::operator ()() const::[lambda() (instance 4)]::operator ()() const::[lambda(long) (instance 1)], std::array<char *, (unsigned long)2>, (int)4, TrivialOffsetCalculator<(int)1, unsigned int>, TrivialOffsetCalculator<(int)1, unsigned int>, at::native::memory::LoadWithCast<(int)1>, at::native::memory::StoreWithCast<(int)1>>(int, T1, T2, T4, T5, T6, T7)"
:stage.process:model.layers.0.self_attn.k_proj,PushPop,2264054,2266203,1,82,1500701,18301.2,9696.0,5984,88608,26149.3,ampere_sgemm_32x32_sliced1x4_nn
:stage.process:model.layers.0.self_attn.k_proj,PushPop,2264054,2266203,1,782,1388639,1775.8,1728.0,1696,4864,194.9,"void at::native::vectorized_elementwise_kernel<(int)4, void at::native::compare_scalar_kernel<long>(at::TensorIteratorBase &, at::native::<unnamed>::OpType, T1)::[lambda(long) (instance 1)], std::array<char *, (unsigned long)2>>(int, T2, T3)"
:stage.process:model.layers.0.self_attn.k_proj,PushPop,2264054,2266203,1,512,1320797,2579.7,2592.0,2400,2816,70.5,"void at::native::unrolled_elementwise_kernel<at::native::BinaryFunctor<float, float, float, at::native::maximum_kernel_cuda(at::TensorIteratorBase &)::[lambda() (instance 2)]::operator ()() const::[lambda() (instance 2)]::operator ()() const::[lambda(float, float) (instance 1)]>, std::array<char *, (unsigned long)3>, (int)4, TrivialOffsetCalculator<(int)2, unsigned int>, TrivialOffsetCalculator<(int)1, unsigned int>, at::native::memory::LoadWithCast<(int)2>, at::native::memory::StoreWithCast<(int)1>>(int, T1, T2, T4, T5, T6, T7)"
:stage.process:model.layers.0.self_attn.k_proj,PushPop,2264054,2266203,1,905,1245534,1376.3,1376.0,1248,1984,60.3,"void <unnamed>::elementwise_kernel_with_index<int, at::native::arange_cuda_out(const c10::Scalar &, const c10::Scalar &, const c10::Scalar &, at::Tensor &)::[lambda() (instance 1)]::operator ()() const::[lambda() (instance 4)]::operator ()() const::[lambda(long) (instance 1)]>(T1, T2, function_traits<T2>::result_type *)"
:stage.process:model.layers.0.self_attn.k_proj,PushPop,2264054,2266203,1,636,1168157,1836.7,1824.0,1632,2176,108.8,"void at::native::vectorized_elementwise_kernel<(int)4, at::native::bitwise_not_kernel_cuda(at::TensorIteratorBase &)::[lambda(bool) (instance 1)], std::array<char *, (unsigned long)2>>(int, T2, T3)"
:stage.process:model.layers.0.self_attn.k_proj,PushPop,2264054,2266203,1,256,1025022,4004.0,3967.5,3808,4384,163.4,"void at::native::elementwise_kernel<(int)128, (int)4, void at::native::gpu_kernel_impl_nocast<at::native::direct_copy_kernel_cuda(at::TensorIteratorBase &)::[lambda() (instance 3)]::operator ()() const::[lambda() (instance 10)]::operator ()() const::[lambda(c10::Half) (instance 1)]>(at::TensorIteratorBase &, const T1 &)::[lambda(int) (instance 1)]>(int, T3)"
:stage.process:model.layers.0.self_attn.k_proj,PushPop,2264054,2266203,1,263,965279,3670.3,3552.0,3296,8512,740.9,"void at::native::reduce_kernel<(int)512, (int)1, at::native::ReduceOp<bool, at::native::func_wrapper_t<bool, at::native::or_kernel_cuda(at::TensorIterator &)::[lambda() (instance 1)]::operator ()() const::[lambda() (instance 12)]::operator ()() const::[lambda(bool, bool) (instance 1)]>, unsigned int, bool, (int)4, (int)4>>(T3)"
:stage.process:model.layers.0.self_attn.k_proj,PushPop,2264054,2266203,1,638,892319,1398.6,1408.0,1312,3328,117.9,"void at::native::vectorized_elementwise_kernel<(int)2, at::native::FillFunctor<long>, std::array<char *, (unsigned long)1>>(int, T2, T3)"
:stage.process:model.layers.0.self_attn.k_proj,PushPop,2264054,2266203,1,320,884000,2762.5,2848.0,1856,3232,371.6,"void at::native::elementwise_kernel<(int)128, (int)2, void at::native::gpu_kernel_impl_nocast<at::native::CUDAFunctor_add<long>>(at::TensorIteratorBase &, const T1 &)::[lambda(int) (instance 1)]>(int, T3)"
:stage.process:model.layers.0.self_attn.k_proj,PushPop,2264054,2266203,1,483,809278,1675.5,1664.0,1536,3744,111.4,"void at::native::vectorized_elementwise_kernel<(int)2, at::native::AUnaryFunctor<long, long, long, at::native::binary_internal::MulFunctor<long>>, std::array<char *, (unsigned long)2>>(int, T2, T3)"
:stage.process:model.layers.0.self_attn.k_proj,PushPop,2264054,2266203,1,128,575326,4494.7,4480.0,4384,4960,97.9,"void at::native::unrolled_elementwise_kernel<at::native::CUDAFunctor_add<float>, std::array<char *, (unsigned long)3>, (int)4, TrivialOffsetCalculator<(int)2, unsigned int>, TrivialOffsetCalculator<(int)1, unsigned int>, at::native::memory::LoadWithCast<(int)2>, at::native::memory::StoreWithCast<(int)1>>(int, T1, T2, T4, T5, T6, T7)"
:stage.process:model.layers.0.self_attn.k_proj,PushPop,2264054,2266203,1,2,448415,224207.5,224207.5,223904,224511,429.2,ampere_sgemm_128x32_nn
:stage.process:model.layers.0.self_attn.k_proj,PushPop,2264054,2266203,1,263,444192,1688.9,1696.0,1568,2624,130.5,"void at::native::vectorized_elementwise_kernel<(int)4, at::native::BinaryFunctor<bool, bool, bool, at::native::BitwiseOrFunctor<bool>>, std::array<char *, (unsigned long)3>>(int, T2, T3)"
:stage.process:model.layers.0.self_attn.k_proj,PushPop,2264054,2266203,1,129,428191,3319.3,3328.0,3200,3968,67.1,"void at::native::elementwise_kernel<(int)128, (int)4, void at::native::gpu_kernel_impl_nocast<at::native::direct_copy_kernel_cuda(at::TensorIteratorBase &)::[lambda() (instance 3)]::operator ()() const::[lambda() (instance 1)]::operator ()() const::[lambda(unsigned char) (instance 1)]>(at::TensorIteratorBase &, const T1 &)::[lambda(int) (instance 1)]>(int, T3)"
:stage.process:model.layers.0.self_attn.k_proj,PushPop,2264054,2266203,1,42,381472,9082.7,8512.0,7456,11168,1295.1,ampere_sgemm_64x32_sliced1x4_nn
:stage.process:model.layers.0.self_attn.k_proj,PushPop,2264054,2266203,1,114,349695,3067.5,3056.0,2496,3616,237.5,"void cublasLt::splitKreduce_kernel<(int)32, (int)16, int, float, float, float, float, (bool)0, float, float, float, (bool)1, (bool)0, (bool)0, (bool)0>(cublasLt::cublasSplitKParams<T6>, const T4 *, const T10 *, T9 *, T5 *, const T6 *, const T6 *, const T11 *, const T4 *, T11 *, void *, long, T6 *, int *, T6 *, T6 *, const T6 *, const T6 *, const T6 *, const T6 *, const T6 *)"
:stage.process:model.layers.0.self_attn.k_proj,PushPop,2264054,2266203,1,4,289151,72287.8,71664.0,71551,74272,1324.0,ampere_sgemm_32x128_tn
:stage.process:model.layers.0.self_attn.k_proj,PushPop,2264054,2266203,1,159,285984,1798.6,1824.0,1600,2080,96.5,"void at::native::vectorized_elementwise_kernel<(int)2, at::native::CUDAFunctor_add<long>, std::array<char *, (unsigned long)3>>(int, T2, T3)"
:stage.process:model.layers.0.self_attn.k_proj,PushPop,2264054,2266203,1,128,265088,2071.0,2080.0,2048,2112,15.0,"void at::native::elementwise_kernel<(int)128, (int)2, void at::native::gpu_kernel_impl_nocast<at::native::BUnaryFunctor<long, long, long, at::native::rshift_kernel_cuda(at::TensorIteratorBase &)::[lambda() (instance 1)]::operator ()() const::[lambda() (instance 4)]::operator ()() const::[lambda(long, long) (instance 1)]>>(at::TensorIteratorBase &, const T1 &)::[lambda(int) (instance 1)]>(int, T3)"
:stage.process:model.layers.0.self_attn.k_proj,PushPop,2264054,2266203,1,132,250207,1895.5,1760.0,1728,6496,798.2,"void at::native::vectorized_elementwise_kernel<(int)4, at::native::BinaryFunctor<long, long, bool, at::native::<unnamed>::CompareEqFunctor<long>>, std::array<char *, (unsigned long)3>>(int, T2, T3)"
:stage.process:model.layers.0.self_attn.k_proj,PushPop,2264054,2266203,1,12,209408,17450.7,20192.0,11104,21056,4502.6,"void at::native::<unnamed>::CatArrayBatchedCopy<at::native::<unnamed>::OpaqueType<(unsigned int)4>, unsigned int, (int)2, (int)64, (int)64>(T1 *, at::native::<unnamed>::CatArrInputTensorMetadata<T1, T2, T4, T5>, at::native::<unnamed>::TensorSizeStride<T2, (unsigned int)4>, int, T2)"
:stage.process:model.layers.0.self_attn.k_proj,PushPop,2264054,2266203,1,3,180639,60213.0,87935.0,4736,87968,48044.5,"void at::native::reduce_kernel<(int)512, (int)1, at::native::ReduceOp<long, at::native::func_wrapper_t<long, at::native::sum_functor<long, long, long>::operator ()(at::TensorIterator &)::[lambda(long, long) (instance 1)]>, unsigned int, long, (int)4, (int)4>>(T3)"
:stage.process:model.layers.0.self_attn.k_proj,PushPop,2264054,2266203,1,11,155968,14178.9,3840.0,2336,62848,24048.5,"void at::native::vectorized_elementwise_kernel<(int)2, at::native::AUnaryFunctor<long, long, long, at::native::BitwiseAndFunctor<long>>, std::array<char *, (unsigned long)2>>(int, T2, T3)"
:stage.process:model.layers.0.self_attn.k_proj,PushPop,2264054,2266203,1,1,149984,149984.0,149984.0,149984,149984,0.0,ampere_sgemm_128x32_tn
:stage.process:model.layers.0.self_attn.k_proj,PushPop,2264054,2266203,1,4,145184,36296.0,36288.0,4896,67712,36239.1,"void at::native::elementwise_kernel<(int)128, (int)2, void at::native::gpu_kernel_impl_nocast<at::native::BinaryFunctor<long, long, long, at::native::rshift_kernel_cuda(at::TensorIteratorBase &)::[lambda() (instance 1)]::operator ()() const::[lambda() (instance 4)]::operator ()() const::[lambda(long, long) (instance 1)]>>(at::TensorIteratorBase &, const T1 &)::[lambda(int) (instance 1)]>(int, T3)"
:stage.process:model.layers.0.self_attn.k_proj,PushPop,2264054,2266203,1,4,143776,35944.0,36256.0,3488,67776,36541.1,"void at::native::elementwise_kernel<(int)128, (int)2, void at::native::gpu_kernel_impl_nocast<at::native::BinaryFunctor<long, long, long, at::native::lshift_kernel_cuda(at::TensorIteratorBase &)::[lambda() (instance 1)]::operator ()() const::[lambda() (instance 4)]::operator ()() const::[lambda(long, long) (instance 1)]>>(at::TensorIteratorBase &, const T1 &)::[lambda(int) (instance 1)]>(int, T3)"
:stage.process:model.layers.0.self_attn.k_proj,PushPop,2264054,2266203,1,6,132736,22122.7,22016.0,16192,28384,6487.9,"void trsm_batch_left_upper_kernel_small<float, (int)16, (int)16, (int)64>(cublasTrsmBatchParams<T1>, const T1 *const *, T1 *const *, const T1 *, T1)"
:stage.process:model.layers.0.self_attn.k_proj,PushPop,2264054,2266203,1,3,120960,40320.0,56576.0,7424,56960,28489.4,"void at::native::index_elementwise_kernel<(int)128, (int)4, void at::native::gpu_index_kernel<void at::native::index_kernel_impl<at::native::OpaqueType<(int)8>>(at::TensorIteratorBase &, c10::ArrayRef<long>, c10::ArrayRef<long>)::[lambda(char *, const char *, long) (instance 1)]>(at::TensorIteratorBase &, c10::ArrayRef<long>, c10::ArrayRef<long>, const T1 &, bool)::[lambda(int) (instance 1)]>(long, T3)"
:stage.process:model.layers.0.self_attn.k_proj,PushPop,2264054,2266203,1,3,100064,33354.7,46464.0,6336,47264,23402.3,"void at::native::triu_tril_kernel<float, int, (bool)0, (int)2, (bool)1>(at::cuda::detail::TensorInfo<T1, T2>, at::cuda::detail::TensorInfo<const T1, T2>, long, long, T2)"
:stage.process:model.layers.0.self_attn.k_proj,PushPop,2264054,2266203,1,10,80672,8067.2,6096.0,3424,20832,6113.5,"void at::native::elementwise_kernel<(int)128, (int)2, void at::native::gpu_kernel_impl_nocast<at::native::BinaryFunctor<float, float, float, at::native::binary_internal::MulFunctor<float>>>(at::TensorIteratorBase &, const T1 &)::[lambda(int) (instance 1)]>(int, T3)"
:stage.process:model.layers.0.self_attn.k_proj,PushPop,2264054,2266203,1,10,78848,7884.8,7904.0,7552,8384,267.4,"void at::native::reduce_kernel<(int)512, (int)1, at::native::ReduceOp<float, at::native::func_wrapper_t<float, at::native::sum_functor<float, float, float>::operator ()(at::TensorIterator &)::[lambda(float, float) (instance 1)]>, unsigned int, float, (int)4, (int)4>>(T3)"
:stage.process:model.layers.0.self_attn.k_proj,PushPop,2264054,2266203,1,10,68000,6800.0,7360.0,3264,8160,1710.0,"void at::native::reduce_kernel<(int)512, (int)1, at::native::ReduceOp<float, at::native::MeanOps<float, float, float, float>, unsigned int, float, (int)4, (int)4>>(T3)"
:stage.process:model.layers.0.self_attn.k_proj,PushPop,2264054,2266203,1,14,60800,4342.9,3296.0,1344,8384,2565.0,"void at::native::vectorized_elementwise_kernel<(int)4, at::native::FillFunctor<float>, std::array<char *, (unsigned long)1>>(int, T2, T3)"
:stage.process:model.layers.0.self_attn.k_proj,PushPop,2264054,2266203,1,9,44352,4928.0,3712.0,1632,11296,3623.3,"void at::native::vectorized_elementwise_kernel<(int)4, at::native::BUnaryFunctor<float, float, float, at::native::binary_internal::MulFunctor<float>>, std::array<char *, (unsigned long)2>>(int, T2, T3)"
:stage.process:model.layers.0.self_attn.k_proj,PushPop,2264054,2266203,1,9,39648,4405.3,4416.0,4192,4576,141.3,"void at::native::vectorized_elementwise_kernel<(int)4, at::native::BinaryFunctor<float, float, float, at::native::binary_internal::MulFunctor<float>>, std::array<char *, (unsigned long)3>>(int, T2, T3)"
:stage.process:model.layers.0.self_attn.k_proj,PushPop,2264054,2266203,1,10,38624,3862.4,3872.0,3808,3904,30.4,"void dot_kernel<float, (int)128, (int)0, cublasDotParams<cublasGemvTensorStridedBatched<const float>, cublasGemvTensorStridedBatched<float>>>(T4)"
:stage.process:model.layers.0.self_attn.k_proj,PushPop,2264054,2266203,1,10,36288,3628.8,3360.0,3232,4416,440.9,"void at::native::elementwise_kernel<(int)128, (int)2, void at::native::gpu_kernel_impl_nocast<at::native::CUDAFunctorOnSelf_add<float>>(at::TensorIteratorBase &, const T1 &)::[lambda(int) (instance 1)]>(int, T3)"
:stage.process:model.layers.0.self_attn.k_proj,PushPop,2264054,2266203,1,10,28064,2806.4,2816.0,2784,2816,15.5,"void reduce_1Block_kernel<float, (int)128, (int)7, cublasGemvTensorStridedBatched<float>, cublasGemvTensorStridedBatched<const float>, cublasGemvTensorStridedBatched<float>>(const T1 *, T1, T4, int, const T1 *, T1, T5, T6, cublasPointerMode_t, cublasLtEpilogue_t, cublasGemvTensorStridedBatched<const biasType<T6::value_type, T1>::type>)"
:stage.process:model.layers.0.self_attn.k_proj,PushPop,2264054,2266203,1,12,24960,2080.0,2208.0,1856,2304,188.6,"void at::native::vectorized_elementwise_kernel<(int)4, at::native::<unnamed>::CompareFunctor<float>, std::array<char *, (unsigned long)3>>(int, T2, T3)"
:stage.process:model.layers.0.self_attn.k_proj,PushPop,2264054,2266203,1,6,20640,3440.0,1760.0,1536,11392,3912.7,"void at::native::vectorized_elementwise_kernel<(int)4, at::native::AUnaryFunctor<float, float, float, at::native::binary_internal::MulFunctor<float>>, std::array<char *, (unsigned long)2>>(int, T2, T3)"
:stage.process:model.layers.0.self_attn.k_proj,PushPop,2264054,2266203,1,1,15040,15040.0,15040.0,15040,15040,0.0,"void at::native::<unnamed>::CatArrayBatchedCopy_alignedK_contig<at::native::<unnamed>::OpaqueType<(unsigned int)8>, unsigned int, (int)3, (int)128, (int)1, (int)16>(T1 *, at::native::<unnamed>::CatArrInputTensorMetadata<T1, T2, T4, T5>, at::native::<unnamed>::TensorSizeStride<T2, (unsigned int)4>, int, T2)"
:stage.process:model.layers.0.self_attn.k_proj,PushPop,2264054,2266203,1,4,14848,3712.0,3728.0,3648,3744,45.3,"void at::native::vectorized_elementwise_kernel<(int)2, at::native::BUnaryFunctor<long, long, long, at::native::rshift_kernel_cuda(at::TensorIteratorBase &)::[lambda() (instance 1)]::operator ()() const::[lambda() (instance 4)]::operator ()() const::[lambda(long, long) (instance 1)]>, std::array<char *, (unsigned long)2>>(int, T2, T3)"
:stage.process:model.layers.0.self_attn.k_proj,PushPop,2264054,2266203,1,4,14784,3696.0,3664.0,3488,3968,219.4,"void at::native::vectorized_elementwise_kernel<(int)2, at::native::BUnaryFunctor<long, long, long, at::native::remainder_kernel_cuda(at::TensorIteratorBase &)::[lambda() (instance 1)]::operator ()() const::[lambda() (instance 4)]::operator ()() const::[lambda(long, long) (instance 1)]>, std::array<char *, (unsigned long)2>>(int, T2, T3)"
:stage.process:model.layers.0.self_attn.k_proj,PushPop,2264054,2266203,1,3,13920,4640.0,4224.0,4096,5600,833.8,"void at::native::vectorized_elementwise_kernel<(int)2, at::native::BinaryFunctor<long, long, long, at::native::BitwiseXorFunctor<long>>, std::array<char *, (unsigned long)3>>(int, T2, T3)"
:stage.process:model.layers.0.self_attn.k_proj,PushPop,2264054,2266203,1,8,12352,1544.0,1536.0,1536,1568,14.8,"void at::native::unrolled_elementwise_kernel<at::native::AUnaryFunctor<long, long, long, at::native::BitwiseAndFunctor<long>>, std::array<char *, (unsigned long)2>, (int)4, TrivialOffsetCalculator<(int)1, unsigned int>, TrivialOffsetCalculator<(int)1, unsigned int>, at::native::memory::LoadWithoutCast, at::native::memory::StoreWithoutCast>(int, T1, T2, T4, T5, T6, T7)"
:stage.process:model.layers.0.self_attn.k_proj,PushPop,2264054,2266203,1,3,11872,3957.3,4000.0,3552,4320,385.8,"void at::native::unrolled_elementwise_kernel<at::native::direct_copy_kernel_cuda(at::TensorIteratorBase &)::[lambda() (instance 3)]::operator ()() const::[lambda() (instance 3)]::operator ()() const::[lambda(int) (instance 1)], std::array<char *, (unsigned long)2>, (int)4, TrivialOffsetCalculator<(int)1, unsigned int>, TrivialOffsetCalculator<(int)1, unsigned int>, at::native::memory::LoadWithCast<(int)1>, at::native::memory::StoreWithCast<(int)1>>(int, T1, T2, T4, T5, T6, T7)"
:stage.process:model.layers.0.self_attn.k_proj,PushPop,2264054,2266203,1,6,11040,1840.0,1824.0,1824,1888,26.8,"void at::native::vectorized_elementwise_kernel<(int)4, at::native::FillFunctor<unsigned char>, std::array<char *, (unsigned long)1>>(int, T2, T3)"
:stage.process:model.layers.0.self_attn.k_proj,PushPop,2264054,2266203,1,3,10656,3552.0,3488.0,3456,3712,139.5,"void at::native::elementwise_kernel<(int)128, (int)2, void at::native::gpu_kernel_impl_nocast<at::native::direct_copy_kernel_cuda(at::TensorIteratorBase &)::[lambda() (instance 3)]::operator ()() const::[lambda() (instance 3)]::operator ()() const::[lambda(int) (instance 1)]>(at::TensorIteratorBase &, const T1 &)::[lambda(int) (instance 1)]>(int, T3)"
:stage.process:model.layers.0.self_attn.k_proj,PushPop,2264054,2266203,1,5,10240,2048.0,1600.0,1568,3840,1002.0,"void at::native::vectorized_elementwise_kernel<(int)2, at::native::CUDAFunctorOnSelf_add<long>, std::array<char *, (unsigned long)2>>(int, T2, T3)"
:stage.process:model.layers.0.self_attn.k_proj,PushPop,2264054,2266203,1,3,9984,3328.0,3392.0,3168,3424,139.5,"void at::native::unrolled_elementwise_kernel<at::native::direct_copy_kernel_cuda(at::TensorIteratorBase &)::[lambda() (instance 3)]::operator ()() const::[lambda() (instance 1)]::operator ()() const::[lambda(unsigned char) (instance 1)], std::array<char *, (unsigned long)2>, (int)4, TrivialOffsetCalculator<(int)1, unsigned int>, TrivialOffsetCalculator<(int)1, unsigned int>, at::native::memory::LoadWithCast<(int)1>, at::native::memory::StoreWithCast<(int)1>>(int, T1, T2, T4, T5, T6, T7)"
:stage.process:model.layers.0.self_attn.k_proj,PushPop,2264054,2266203,1,2,8320,4160.0,4160.0,4128,4192,45.3,"void at::native::vectorized_elementwise_kernel<(int)2, at::native::BinaryFunctor<long, long, long, at::native::BitwiseOrFunctor<long>>, std::array<char *, (unsigned long)3>>(int, T2, T3)"
:stage.process:model.layers.0.self_attn.k_proj,PushPop,2264054,2266203,1,1,8032,8032.0,8032.0,8032,8032,0.0,"void at::native::reduce_kernel<(int)128, (int)4, at::native::ReduceOp<long, at::native::func_wrapper_t<long, at::native::sum_functor<long, long, long>::operator ()(at::TensorIterator &)::[lambda(long, long) (instance 1)]>, unsigned int, long, (int)4, (int)4>>(T3)"
:stage.process:model.layers.0.self_attn.k_proj,PushPop,2264054,2266203,1,4,7616,1904.0,1872.0,1856,2016,76.2,"void at::native::vectorized_elementwise_kernel<(int)4, void at::native::compare_scalar_kernel<c10::Half>(at::TensorIteratorBase &, at::native::<unnamed>::OpType, T1)::[lambda(c10::Half) (instance 1)], std::array<char *, (unsigned long)2>>(int, T2, T3)"
:stage.process:model.layers.0.self_attn.k_proj,PushPop,2264054,2266203,1,2,7583,3791.5,3791.5,3775,3808,23.3,"void at::native::vectorized_elementwise_kernel<(int)2, at::native::BUnaryFunctor<long, long, long, at::native::lshift_kernel_cuda(at::TensorIteratorBase &)::[lambda() (instance 1)]::operator ()() const::[lambda() (instance 4)]::operator ()() const::[lambda(long, long) (instance 1)]>, std::array<char *, (unsigned long)2>>(int, T2, T3)"
:stage.process:model.layers.0.self_attn.k_proj,PushPop,2264054,2266203,1,3,7488,2496.0,2464.0,2432,2592,84.7,"void at::native::vectorized_elementwise_kernel<(int)4, at::native::AUnaryFunctor<unsigned char, unsigned char, bool, at::native::<unnamed>::CompareEqFunctor<unsigned char>>, std::array<char *, (unsigned long)2>>(int, T2, T3)"
:stage.process:model.layers.0.self_attn.k_proj,PushPop,2264054,2266203,1,2,7424,3712.0,3712.0,3712,3712,0.0,"void at::native::vectorized_elementwise_kernel<(int)2, at::native::BUnaryFunctor<long, long, long, at::native::binary_internal::div_floor_kernel_cuda(at::TensorIteratorBase &)::[lambda() (instance 1)]::operator ()() const::[lambda() (instance 4)]::operator ()() const::[lambda(long, long) (instance 1)]>, std::array<char *, (unsigned long)2>>(int, T2, T3)"
:stage.process:model.layers.0.self_attn.k_proj,PushPop,2264054,2266203,1,4,7008,1752.0,1712.0,1664,1920,115.0,"void at::native::vectorized_elementwise_kernel<(int)4, at::native::FillFunctor<bool>, std::array<char *, (unsigned long)1>>(int, T2, T3)"
:stage.process:model.layers.0.self_attn.k_proj,PushPop,2264054,2266203,1,2,6560,3280.0,3280.0,3200,3360,113.1,"void at::native::elementwise_kernel<(int)128, (int)2, void at::native::gpu_kernel_impl_nocast<at::native::AbsFunctor<float>>(at::TensorIteratorBase &, const T1 &)::[lambda(int) (instance 1)]>(int, T3)"
:stage.process:model.layers.0.self_attn.k_proj,PushPop,2264054,2266203,1,1,6176,6176.0,6176.0,6176,6176,0.0,"void at::native::elementwise_kernel<(int)128, (int)2, void at::native::gpu_kernel_impl_nocast<at::native::BinaryFunctor<float, float, float, at::native::binary_internal::DivFunctor<float>>>(at::TensorIteratorBase &, const T1 &)::[lambda(int) (instance 1)]>(int, T3)"
:stage.process:model.layers.0.self_attn.k_proj,PushPop,2264054,2266203,1,3,5856,1952.0,2016.0,1792,2048,139.5,"void at::native::vectorized_elementwise_kernel<(int)4, at::native::BinaryFunctor<float, float, float, at::native::maximum_kernel_cuda(at::TensorIteratorBase &)::[lambda() (instance 2)]::operator ()() const::[lambda() (instance 2)]::operator ()() const::[lambda(float, float) (instance 1)]>, std::array<char *, (unsigned long)3>>(int, T2, T3)"
:stage.process:model.layers.0.self_attn.k_proj,PushPop,2264054,2266203,1,1,5856,5856.0,5856.0,5856,5856,0.0,"void at::native::vectorized_elementwise_kernel<(int)4, void at::native::<unnamed>::pow_tensor_scalar_kernel_impl<float, float>(at::TensorIteratorBase &, T2)::[lambda(float) (instance 1)], std::array<char *, (unsigned long)2>>(int, T2, T3)"
:stage.process:model.layers.0.self_attn.k_proj,PushPop,2264054,2266203,1,2,4736,2368.0,2368.0,2336,2400,45.3,"void at::native::vectorized_elementwise_kernel<(int)2, at::native::CUDAFunctorOnOther_add<long>, std::array<char *, (unsigned long)2>>(int, T2, T3)"
:stage.process:model.layers.0.self_attn.k_proj,PushPop,2264054,2266203,1,3,4672,1557.3,1472.0,1408,1792,205.7,"xxtrf4_set_info_ker(int, int *)"
:stage.process:model.layers.0.self_attn.k_proj,PushPop,2264054,2266203,1,1,4512,4512.0,4512.0,4512,4512,0.0,"void at::native::vectorized_elementwise_kernel<(int)4, at::native::float16_copy_kernel_cuda(at::TensorIteratorBase &)::[lambda(float) (instance 1)], std::array<char *, (unsigned long)2>>(int, T2, T3)"
:stage.process:model.layers.0.self_attn.k_proj,PushPop,2264054,2266203,1,1,4288,4288.0,4288.0,4288,4288,0.0,"void at::native::<unnamed>::CatArrayBatchedCopy_vectorized<at::native::<unnamed>::OpaqueType<(unsigned int)2>, unsigned int, (int)1, (int)128, (int)1, (int)16, (int)8>(char *, at::native::<unnamed>::CatArrInputTensorMetadata<T1, T2, T4, T5>, at::native::<unnamed>::TensorSizeStride<T2, (unsigned int)4>, int, T2)"
:stage.process:model.layers.0.self_attn.k_proj,PushPop,2264054,2266203,1,1,2656,2656.0,2656.0,2656,2656,0.0,"void at::native::vectorized_elementwise_kernel<(int)4, at::native::BinaryFunctor<unsigned char, unsigned char, bool, at::native::<unnamed>::CompareEqFunctor<unsigned char>>, std::array<char *, (unsigned long)3>>(int, T2, T3)"
:stage.process:model.layers.0.self_attn.k_proj,PushPop,2264054,2266203,1,1,2560,2560.0,2560.0,2560,2560,0.0,"void at::native::vectorized_elementwise_kernel<(int)4, at::native::AUnaryFunctor<unsigned char, unsigned char, unsigned char, at::native::binary_internal::MulFunctor<unsigned char>>, std::array<char *, (unsigned long)2>>(int, T2, T3)"
:stage.process:model.layers.0.self_attn.k_proj,PushPop,2264054,2266203,1,1,2208,2208.0,2208.0,2208,2208,0.0,"void at::native::unrolled_elementwise_kernel<at::native::direct_copy_kernel_cuda(at::TensorIteratorBase &)::[lambda() (instance 3)]::operator ()() const::[lambda() (instance 11)]::operator ()() const::[lambda(bool) (instance 1)], std::array<char *, (unsigned long)2>, (int)4, TrivialOffsetCalculator<(int)1, unsigned int>, TrivialOffsetCalculator<(int)1, unsigned int>, at::native::memory::LoadWithCast<(int)1>, at::native::memory::StoreWithCast<(int)1>>(int, T1, T2, T4, T5, T6, T7)"
:stage.process:model.layers.0.self_attn.k_proj,PushPop,2264054,2266203,1,1,2144,2144.0,2144.0,2144,2144,0.0,"void at::native::unrolled_elementwise_kernel<at::native::<unnamed>::CompareFunctor<c10::Half>, std::array<char *, (unsigned long)3>, (int)4, TrivialOffsetCalculator<(int)2, unsigned int>, TrivialOffsetCalculator<(int)1, unsigned int>, at::native::memory::LoadWithoutCast, at::native::memory::StoreWithoutCast>(int, T1, T2, T4, T5, T6, T7)"
:stage.process:model.layers.0.self_attn.k_proj,PushPop,2264054,2266203,1,1,2112,2112.0,2112.0,2112,2112,0.0,"void at::native::vectorized_elementwise_kernel<(int)4, at::native::sqrt_kernel_cuda(at::TensorIteratorBase &)::[lambda() (instance 2)]::operator ()() const::[lambda() (instance 2)]::operator ()() const::[lambda(float) (instance 1)], std::array<char *, (unsigned long)2>>(int, T2, T3)"
:stage.process:model.layers.0.self_attn.k_proj,PushPop,2264054,2266203,1,1,1760,1760.0,1760.0,1760,1760,0.0,"void at::native::vectorized_elementwise_kernel<(int)4, at::native::<unnamed>::launch_clamp_scalar(at::TensorIteratorBase &, c10::Scalar, c10::Scalar, at::native::detail::ClampLimits)::[lambda() (instance 1)]::operator ()() const::[lambda() (instance 7)]::operator ()() const::[lambda(float) (instance 1)], std::array<char *, (unsigned long)2>>(int, T2, T3)"
:stage.process:model.layers.0.self_attn.o_proj,PushPop,2264054,2266203,1,14288,5135974034,359460.7,283552.0,132384,1151454,319114.7,"void <unnamed>::qvq_v2_segment_grid_kernel<(int)4, (int)2, (int)16, (bool)1, (bool)0, __half, unsigned char>(const float *, const T6 *, const float *, const long *, const float *, const float *, float *, T7 *, unsigned char *, int, int, int, bool, bool)"
:stage.process:model.layers.0.self_attn.o_proj,PushPop,2264054,2266203,1,766,1443593405,1884586.7,1432510.5,1355967,2843036,653927.7,"void <unnamed>::qvq_viterbi_kernel<(int)4, (int)2, __half, unsigned char>(const float *, const T3 *, const float *, const long *, const float *, T4 *, long *, float *, int, int, int, bool, bool, bool)"
:stage.process:model.layers.0.self_attn.o_proj,PushPop,2264054,2266203,1,694,408031682,587941.9,581759.5,307200,875775,168443.2,ampere_sgemm_64x32_sliced1x4_nt
:stage.process:model.layers.0.self_attn.o_proj,PushPop,2264054,2266203,1,1786,216973581,121485.8,95616.0,67424,301024,72484.9,"void <unnamed>::qvq_v2_segment_grid_finalize_kernel<(int)4, (int)2, (int)16, (bool)0, __half, unsigned char>(const float *, const T5 *, const float *, const long *, const float *, const float *, const T6 *, const unsigned char *, long *, unsigned char *, float *, int, int, bool, bool)"
:stage.process:model.layers.0.self_attn.o_proj,PushPop,2264054,2266203,1,4080,73114272,17920.2,8352.0,4480,52672,13827.1,"void at::native::index_elementwise_kernel<(int)128, (int)4, void at::native::gpu_index_kernel<void at::native::index_kernel_impl<at::native::OpaqueType<(int)4>>(at::TensorIteratorBase &, c10::ArrayRef<long>, c10::ArrayRef<long>)::[lambda(char *, const char *, long) (instance 1)]>(at::TensorIteratorBase &, c10::ArrayRef<long>, c10::ArrayRef<long>, const T1 &, bool)::[lambda(int) (instance 1)]>(long, T3)"
:stage.process:model.layers.0.self_attn.o_proj,PushPop,2264054,2266203,1,288,51211093,177816.3,178336.0,59488,297760,69972.0,void cutlass::Kernel2<cutlass_80_simt_sgemm_128x32_8x5_nt_align1>(T1::Params)
:stage.process:model.layers.0.self_attn.o_proj,PushPop,2264054,2266203,1,996,30255578,30377.1,30224.0,4288,60992,15982.5,"void gemmSN_NN_kernel<float, (int)128, (int)2, (int)4, (int)8, (int)4, (int)4, (bool)0, cublasGemvTensorStridedBatched<const float>, cublasGemvTensorStridedBatched<const float>, cublasGemvTensorStridedBatched<float>>(cublasGemmSmallNParams<T9, T10, T11, T1>)"
:stage.process:model.layers.0.self_attn.o_proj,PushPop,2264054,2266203,1,50,20893638,417872.8,20960.0,15264,887807,420108.9,ampere_sgemm_128x32_nn
:stage.process:model.layers.0.self_attn.o_proj,PushPop,2264054,2266203,1,2964,19301156,6511.9,7360.0,2528,11648,1802.6,"void at::native::reduce_kernel<(int)512, (int)1, at::native::ReduceOp<bool, at::native::func_wrapper_t<bool, at::native::and_kernel_cuda(at::TensorIterator &)::[lambda() (instance 1)]::operator ()() const::[lambda() (instance 12)]::operator ()() const::[lambda(bool, bool) (instance 1)]>, unsigned int, bool, (int)4, (int)4>>(T3)"
:stage.process:model.layers.0.self_attn.o_proj,PushPop,2264054,2266203,1,2040,13518414,6626.7,6672.0,3520,7296,350.9,"void at::native::index_elementwise_kernel<(int)128, (int)4, void at::native::gpu_index_kernel<void at::native::index_put_kernel_impl<at::native::OpaqueType<(int)4>>(at::TensorIterator &, c10::ArrayRef<long>, c10::ArrayRef<long>)::[lambda(char *, const char *, long) (instance 1)]>(at::TensorIteratorBase &, c10::ArrayRef<long>, c10::ArrayRef<long>, const T1 &, bool)::[lambda(int) (instance 1)]>(long, T3)"
:stage.process:model.layers.0.self_attn.o_proj,PushPop,2264054,2266203,1,1405,13492849,9603.5,9600.0,4480,33920,1592.8,"void at::native::index_elementwise_kernel<(int)128, (int)4, void at::native::gpu_index_kernel<void at::native::index_kernel_impl<at::native::OpaqueType<(int)2>>(at::TensorIteratorBase &, c10::ArrayRef<long>, c10::ArrayRef<long>)::[lambda(char *, const char *, long) (instance 1)]>(at::TensorIteratorBase &, c10::ArrayRef<long>, c10::ArrayRef<long>, const T1 &, bool)::[lambda(int) (instance 1)]>(long, T3)"
:stage.process:model.layers.0.self_attn.o_proj,PushPop,2264054,2266203,1,1788,12007983,6715.9,7456.0,3200,8576,1442.3,"void at::native::reduce_kernel<(int)512, (int)1, at::native::ReduceOp<float, at::native::func_wrapper_t<float, at::native::MaxNanFunctor<float>>, unsigned int, float, (int)4, (int)4>>(T3)"
:stage.process:model.layers.0.self_attn.o_proj,PushPop,2264054,2266203,1,2241,8804341,3928.8,3232.0,2143,54687,4860.7,"void at::native::elementwise_kernel<(int)128, (int)2, void at::native::gpu_kernel_impl_nocast<at::native::direct_copy_kernel_cuda(at::TensorIteratorBase &)::[lambda() (instance 3)]::operator ()() const::[lambda() (instance 7)]::operator ()() const::[lambda(float) (instance 1)]>(at::TensorIteratorBase &, const T1 &)::[lambda(int) (instance 1)]>(int, T3)"
:stage.process:model.layers.0.self_attn.o_proj,PushPop,2264054,2266203,1,3611,7766455,2150.8,2048.0,1536,18464,823.9,"void at::native::vectorized_elementwise_kernel<(int)4, at::native::AbsFunctor<float>, std::array<char *, (unsigned long)2>>(int, T2, T3)"
:stage.process:model.layers.0.self_attn.o_proj,PushPop,2264054,2266203,1,2552,7412119,2904.4,2848.0,2144,4992,558.5,"<unnamed>::qvq_half2_codebook_norm_pack_kernel(const __half *, unsigned long *, int)"
:stage.process:model.layers.0.self_attn.o_proj,PushPop,2264054,2266203,1,1020,7076697,6937.9,7040.0,3552,7456,484.1,"void at::native::index_elementwise_kernel<(int)128, (int)4, void at::native::gpu_index_kernel<void at::native::index_put_kernel_impl<at::native::OpaqueType<(int)8>>(at::TensorIterator &, c10::ArrayRef<long>, c10::ArrayRef<long>)::[lambda(char *, const char *, long) (instance 1)]>(at::TensorIteratorBase &, c10::ArrayRef<long>, c10::ArrayRef<long>, const T1 &, bool)::[lambda(int) (instance 1)]>(long, T3)"
:stage.process:model.layers.0.self_attn.o_proj,PushPop,2264054,2266203,1,772,6325302,8193.4,8192.0,7872,9056,126.9,"void at::native::reduce_kernel<(int)512, (int)1, at::native::ReduceOp<c10::Half, at::native::func_wrapper_t<c10::Half, at::native::MaxNanFunctor<c10::Half>>, unsigned int, c10::Half, (int)4, (int)4>>(T3)"
:stage.process:model.layers.0.self_attn.o_proj,PushPop,2264054,2266203,1,2593,5597978,2158.9,2112.0,1536,6688,325.7,"void at::native::vectorized_elementwise_kernel<(int)4, at::native::BinaryFunctor<bool, bool, bool, at::native::binary_internal::MulFunctor<bool>>, std::array<char *, (unsigned long)3>>(int, T2, T3)"
:stage.process:model.layers.0.self_attn.o_proj,PushPop,2264054,2266203,1,177,5500853,31078.3,27168.0,3904,71872,22406.3,"void gemmSN_NN_kernel<float, (int)256, (int)4, (int)2, (int)8, (int)4, (int)4, (bool)0, cublasGemvTensorStridedBatched<const float>, cublasGemvTensorStridedBatched<const float>, cublasGemvTensorStridedBatched<float>>(cublasGemmSmallNParams<T9, T10, T11, T1>)"
:stage.process:model.layers.0.self_attn.o_proj,PushPop,2264054,2266203,1,1285,5203262,4049.2,4000.0,2656,19520,633.5,"void at::native::unrolled_elementwise_kernel<at::native::direct_copy_kernel_cuda(at::TensorIteratorBase &)::[lambda() (instance 3)]::operator ()() const::[lambda() (instance 7)]::operator ()() const::[lambda(float) (instance 1)], std::array<char *, (unsigned long)2>, (int)4, TrivialOffsetCalculator<(int)1, unsigned int>, TrivialOffsetCalculator<(int)1, unsigned int>, at::native::memory::LoadWithCast<(int)1>, at::native::memory::StoreWithCast<(int)1>>(int, T1, T2, T4, T5, T6, T7)"
:stage.process:model.layers.0.self_attn.o_proj,PushPop,2264054,2266203,1,5,4732891,946578.2,934175.0,933247,996095,27698.3,ampere_sgemm_128x32_tn
:stage.process:model.layers.0.self_attn.o_proj,PushPop,2264054,2266203,1,765,4727354,6179.5,6560.0,3264,8416,1281.7,"void at::native::index_elementwise_kernel<(int)128, (int)4, void at::native::gpu_index_kernel<void at::native::index_put_kernel_impl<at::native::OpaqueType<(int)1>>(at::TensorIterator &, c10::ArrayRef<long>, c10::ArrayRef<long>)::[lambda(char *, const char *, long) (instance 1)]>(at::TensorIteratorBase &, c10::ArrayRef<long>, c10::ArrayRef<long>, const T1 &, bool)::[lambda(int) (instance 1)]>(long, T3)"
:stage.process:model.layers.0.self_attn.o_proj,PushPop,2264054,2266203,1,1824,3994682,2190.1,2112.0,1536,16672,967.7,"void at::native::vectorized_elementwise_kernel<(int)4, at::native::BinaryFunctor<float, float, bool, at::native::<unnamed>::CompareEqFunctor<float>>, std::array<char *, (unsigned long)3>>(int, T2, T3)"
:stage.process:model.layers.0.self_attn.o_proj,PushPop,2264054,2266203,1,1823,3871741,2123.8,2080.0,1568,6400,352.3,"void at::native::vectorized_elementwise_kernel<(int)4, at::native::AUnaryFunctor<float, float, bool, at::native::<unnamed>::CompareEqFunctor<float>>, std::array<char *, (unsigned long)2>>(int, T2, T3)"
:stage.process:model.layers.0.self_attn.o_proj,PushPop,2264054,2266203,1,2044,3840508,1878.9,1856.0,1536,2240,113.9,"void at::native::vectorized_elementwise_kernel<(int)4, at::native::BinaryFunctor<bool, bool, bool, at::native::logical_or_kernel_cuda(at::TensorIterator &)::[lambda() (instance 2)]::operator ()() const::[lambda() (instance 9)]::operator ()() const::[lambda(bool, bool) (instance 1)]>, std::array<char *, (unsigned long)3>>(int, T2, T3)"
:stage.process:model.layers.0.self_attn.o_proj,PushPop,2264054,2266203,1,1150,3794489,3299.6,3232.0,1888,24416,662.8,"void at::native::elementwise_kernel<(int)128, (int)2, void at::native::gpu_kernel_impl_nocast<at::native::direct_copy_kernel_cuda(at::TensorIteratorBase &)::[lambda() (instance 3)]::operator ()() const::[lambda() (instance 4)]::operator ()() const::[lambda(long) (instance 1)]>(at::TensorIteratorBase &, const T1 &)::[lambda(int) (instance 1)]>(int, T3)"
:stage.process:model.layers.0.self_attn.o_proj,PushPop,2264054,2266203,1,1542,3416924,2215.9,2144.0,1792,3072,179.4,"void at::native::vectorized_elementwise_kernel<(int)4, at::native::AbsFunctor<c10::Half>, std::array<char *, (unsigned long)2>>(int, T2, T3)"
:stage.process:model.layers.0.self_attn.o_proj,PushPop,2264054,2266203,1,429,3283481,7653.8,4416.0,3200,47456,4884.4,"void at::native::elementwise_kernel<(int)128, (int)2, void at::native::gpu_kernel_impl_nocast<at::native::CUDAFunctor_add<float>>(at::TensorIteratorBase &, const T1 &)::[lambda(int) (instance 1)]>(int, T3)"
:stage.process:model.layers.0.self_attn.o_proj,PushPop,2264054,2266203,1,1276,3266330,2559.8,2496.0,1760,3296,231.9,"void at::native::roll_cuda_kernel<float>(const T1 *, T1 *, long, long, long, long, long, long)"
:stage.process:model.layers.0.self_attn.o_proj,PushPop,2264054,2266203,1,1176,3175101,2699.9,2240.0,1504,27328,2978.5,"void at::native::vectorized_elementwise_kernel<(int)4, at::native::CUDAFunctor_add<float>, std::array<char *, (unsigned long)3>>(int, T2, T3)"
:stage.process:model.layers.0.self_attn.o_proj,PushPop,2264054,2266203,1,1268,3164031,2495.3,2368.0,1856,3712,387.1,"void at::native::elementwise_kernel<(int)128, (int)2, void at::native::gpu_kernel_impl_nocast<at::native::AUnaryFunctor<long, long, long, at::native::BitwiseAndFunctor<long>>>(at::TensorIteratorBase &, const T1 &)::[lambda(int) (instance 1)]>(int, T3)"
:stage.process:model.layers.0.self_attn.o_proj,PushPop,2264054,2266203,1,378,3122747,8261.2,8256.0,7872,8448,62.9,"void batch_trsm_left_kernel<float, (int)64, (int)4, (int)3, (bool)0, (bool)0, (bool)1>(cublasTrsmBatchParams2<T1>, T1, const T1 *, int)"
:stage.process:model.layers.0.self_attn.o_proj,PushPop,2264054,2266203,1,3,2784349,928116.3,928383.0,926335,929631,1664.1,"void kernel<getrf_wo_pivot_params_<float, (int)0, (int)256, (int)1, (int)64, (int)64, (int)68, (int)8, (int)1, (int)1>>(int, int, void *, int, void *, int, int, int, int, int, int *)"
:stage.process:model.layers.0.self_attn.o_proj,PushPop,2264054,2266203,1,901,2648703,2939.7,2912.0,1760,11552,650.2,"void at::native::unrolled_elementwise_kernel<at::native::direct_copy_kernel_cuda(at::TensorIteratorBase &)::[lambda() (instance 3)]::operator ()() const::[lambda() (instance 4)]::operator ()() const::[lambda(long) (instance 1)], std::array<char *, (unsigned long)2>, (int)4, TrivialOffsetCalculator<(int)1, unsigned int>, TrivialOffsetCalculator<(int)1, unsigned int>, at::native::memory::LoadWithCast<(int)1>, at::native::memory::StoreWithCast<(int)1>>(int, T1, T2, T4, T5, T6, T7)"
:stage.process:model.layers.0.self_attn.o_proj,PushPop,2264054,2266203,1,1534,2573886,1677.9,1664.0,1536,2144,95.5,"void at::native::vectorized_elementwise_kernel<(int)4, void at::native::compare_scalar_kernel<float>(at::TensorIteratorBase &, at::native::<unnamed>::OpType, T1)::[lambda(float) (instance 1)], std::array<char *, (unsigned long)2>>(int, T2, T3)"
:stage.process:model.layers.0.self_attn.o_proj,PushPop,2264054,2266203,1,400,2328475,5821.2,4032.0,3968,54976,8832.7,ampere_sgemm_32x128_nt
:stage.process:model.layers.0.self_attn.o_proj,PushPop,2264054,2266203,1,1020,1945247,1907.1,1920.0,1632,2240,93.4,"void at::native::vectorized_elementwise_kernel<(int)4, at::native::bitwise_not_kernel_cuda(at::TensorIteratorBase &)::[lambda(bool) (instance 1)], std::array<char *, (unsigned long)2>>(int, T2, T3)"
:stage.process:model.layers.0.self_attn.o_proj,PushPop,2264054,2266203,1,770,1747390,2269.3,2240.0,1792,2336,42.3,"void at::native::vectorized_elementwise_kernel<(int)4, at::native::BinaryFunctor<c10::Half, c10::Half, bool, at::native::<unnamed>::CompareEqFunctor<c10::Half>>, std::array<char *, (unsigned long)3>>(int, T2, T3)"
:stage.process:model.layers.0.self_attn.o_proj,PushPop,2264054,2266203,1,770,1728254,2244.5,2240.0,1728,2336,40.6,"void at::native::vectorized_elementwise_kernel<(int)4, at::native::AUnaryFunctor<c10::Half, c10::Half, bool, at::native::<unnamed>::CompareEqFunctor<c10::Half>>, std::array<char *, (unsigned long)2>>(int, T2, T3)"
:stage.process:model.layers.0.self_attn.o_proj,PushPop,2264054,2266203,1,1022,1448735,1417.5,1408.0,1312,7072,252.4,"void at::native::vectorized_elementwise_kernel<(int)2, at::native::FillFunctor<long>, std::array<char *, (unsigned long)1>>(int, T2, T3)"
:stage.process:model.layers.0.self_attn.o_proj,PushPop,2264054,2266203,1,782,1414272,1808.5,1760.0,1632,11840,544.1,"void at::native::vectorized_elementwise_kernel<(int)4, void at::native::compare_scalar_kernel<long>(at::TensorIteratorBase &, at::native::<unnamed>::OpType, T1)::[lambda(long) (instance 1)], std::array<char *, (unsigned long)2>>(int, T2, T3)"
:stage.process:model.layers.0.self_attn.o_proj,PushPop,2264054,2266203,1,512,1337407,2612.1,2592.0,2336,2944,145.1,"void at::native::unrolled_elementwise_kernel<at::native::BinaryFunctor<float, float, float, at::native::maximum_kernel_cuda(at::TensorIteratorBase &)::[lambda() (instance 2)]::operator ()() const::[lambda() (instance 2)]::operator ()() const::[lambda(float, float) (instance 1)]>, std::array<char *, (unsigned long)3>, (int)4, TrivialOffsetCalculator<(int)2, unsigned int>, TrivialOffsetCalculator<(int)1, unsigned int>, at::native::memory::LoadWithCast<(int)2>, at::native::memory::StoreWithCast<(int)1>>(int, T1, T2, T4, T5, T6, T7)"
:stage.process:model.layers.0.self_attn.o_proj,PushPop,2264054,2266203,1,256,1081087,4223.0,4160.0,3904,4576,277.3,"void at::native::elementwise_kernel<(int)128, (int)4, void at::native::gpu_kernel_impl_nocast<at::native::direct_copy_kernel_cuda(at::TensorIteratorBase &)::[lambda() (instance 3)]::operator ()() const::[lambda() (instance 10)]::operator ()() const::[lambda(c10::Half) (instance 1)]>(at::TensorIteratorBase &, const T1 &)::[lambda(int) (instance 1)]>(int, T3)"
:stage.process:model.layers.0.self_attn.o_proj,PushPop,2264054,2266203,1,779,1067902,1370.9,1376.0,1248,1984,70.3,"void <unnamed>::elementwise_kernel_with_index<int, at::native::arange_cuda_out(const c10::Scalar &, const c10::Scalar &, const c10::Scalar &, at::Tensor &)::[lambda() (instance 1)]::operator ()() const::[lambda() (instance 4)]::operator ()() const::[lambda(long) (instance 1)]>(T1, T2, function_traits<T2>::result_type *)"
:stage.process:model.layers.0.self_attn.o_proj,PushPop,2264054,2266203,1,32,937856,29308.0,29472.0,19776,39520,6943.7,ampere_sgemm_128x32_nt
:stage.process:model.layers.0.self_attn.o_proj,PushPop,2264054,2266203,1,263,932128,3544.2,3392.0,3008,10368,961.4,"void at::native::reduce_kernel<(int)512, (int)1, at::native::ReduceOp<bool, at::native::func_wrapper_t<bool, at::native::or_kernel_cuda(at::TensorIterator &)::[lambda() (instance 1)]::operator ()() const::[lambda() (instance 12)]::operator ()() const::[lambda(bool, bool) (instance 1)]>, unsigned int, bool, (int)4, (int)4>>(T3)"
:stage.process:model.layers.0.self_attn.o_proj,PushPop,2264054,2266203,1,43,851743,19808.0,19584.0,17632,22880,1554.7,ampere_sgemm_128x32_sliced1x4_nn
:stage.process:model.layers.0.self_attn.o_proj,PushPop,2264054,2266203,1,128,706494,5519.5,5504.0,5280,5952,133.9,"void at::native::unrolled_elementwise_kernel<at::native::CUDAFunctor_add<float>, std::array<char *, (unsigned long)3>, (int)4, TrivialOffsetCalculator<(int)2, unsigned int>, TrivialOffsetCalculator<(int)1, unsigned int>, at::native::memory::LoadWithCast<(int)2>, at::native::memory::StoreWithCast<(int)1>>(int, T1, T2, T4, T5, T6, T7)"
:stage.process:model.layers.0.self_attn.o_proj,PushPop,2264054,2266203,1,3,665694,221898.0,330175.0,5344,330175,187541.3,"void at::native::reduce_kernel<(int)512, (int)1, at::native::ReduceOp<long, at::native::func_wrapper_t<long, at::native::sum_functor<long, long, long>::operator ()(at::TensorIterator &)::[lambda(long, long) (instance 1)]>, unsigned int, long, (int)4, (int)4>>(T3)"
:stage.process:model.layers.0.self_attn.o_proj,PushPop,2264054,2266203,1,11,586304,53300.4,10048.0,3232,257184,100649.9,"void at::native::vectorized_elementwise_kernel<(int)2, at::native::AUnaryFunctor<long, long, long, at::native::BitwiseAndFunctor<long>>, std::array<char *, (unsigned long)2>>(int, T2, T3)"
:stage.process:model.layers.0.self_attn.o_proj,PushPop,2264054,2266203,1,4,556096,139024.0,140736.0,3712,270912,151444.3,"void at::native::elementwise_kernel<(int)128, (int)2, void at::native::gpu_kernel_impl_nocast<at::native::BinaryFunctor<long, long, long, at::native::lshift_kernel_cuda(at::TensorIteratorBase &)::[lambda() (instance 1)]::operator ()() const::[lambda() (instance 4)]::operator ()() const::[lambda(long, long) (instance 1)]>>(at::TensorIteratorBase &, const T1 &)::[lambda(int) (instance 1)]>(int, T3)"
:stage.process:model.layers.0.self_attn.o_proj,PushPop,2264054,2266203,1,4,537888,134472.0,134352.0,11488,257696,141936.0,"void at::native::elementwise_kernel<(int)128, (int)2, void at::native::gpu_kernel_impl_nocast<at::native::BinaryFunctor<long, long, long, at::native::rshift_kernel_cuda(at::TensorIteratorBase &)::[lambda() (instance 1)]::operator ()() const::[lambda() (instance 4)]::operator ()() const::[lambda(long, long) (instance 1)]>>(at::TensorIteratorBase &, const T1 &)::[lambda(int) (instance 1)]>(int, T3)"
:stage.process:model.layers.0.self_attn.o_proj,PushPop,2264054,2266203,1,129,513504,3980.7,3776.0,3488,7168,374.0,"void at::native::elementwise_kernel<(int)128, (int)4, void at::native::gpu_kernel_impl_nocast<at::native::direct_copy_kernel_cuda(at::TensorIteratorBase &)::[lambda() (instance 3)]::operator ()() const::[lambda() (instance 1)]::operator ()() const::[lambda(unsigned char) (instance 1)]>(at::TensorIteratorBase &, const T1 &)::[lambda(int) (instance 1)]>(int, T3)"
:stage.process:model.layers.0.self_attn.o_proj,PushPop,2264054,2266203,1,113,509759,4511.1,3360.0,2912,16032,3451.9,"void cublasLt::splitKreduce_kernel<(int)32, (int)16, int, float, float, float, float, (bool)0, float, float, float, (bool)1, (bool)0, (bool)0, (bool)0>(cublasLt::cublasSplitKParams<T6>, const T4 *, const T10 *, T9 *, T5 *, const T6 *, const T6 *, const T11 *, const T4 *, T11 *, void *, long, T6 *, int *, T6 *, T6 *, const T6 *, const T6 *, const T6 *, const T6 *, const T6 *)"
:stage.process:model.layers.0.self_attn.o_proj,PushPop,2264054,2266203,1,3,468798,156266.0,225375.0,17984,225439,119755.7,"void at::native::index_elementwise_kernel<(int)128, (int)4, void at::native::gpu_index_kernel<void at::native::index_kernel_impl<at::native::OpaqueType<(int)8>>(at::TensorIteratorBase &, c10::ArrayRef<long>, c10::ArrayRef<long>)::[lambda(char *, const char *, long) (instance 1)]>(at::TensorIteratorBase &, c10::ArrayRef<long>, c10::ArrayRef<long>, const T1 &, bool)::[lambda(int) (instance 1)]>(long, T3)"
:stage.process:model.layers.0.self_attn.o_proj,PushPop,2264054,2266203,1,263,453278,1723.5,1696.0,1600,3808,264.4,"void at::native::vectorized_elementwise_kernel<(int)4, at::native::BinaryFunctor<bool, bool, bool, at::native::BitwiseOrFunctor<bool>>, std::array<char *, (unsigned long)3>>(int, T2, T3)"
:stage.process:model.layers.0.self_attn.o_proj,PushPop,2264054,2266203,1,16,328832,20552.0,20288.0,20064,21760,602.8,"void at::native::<unnamed>::CatArrayBatchedCopy<at::native::<unnamed>::OpaqueType<(unsigned int)4>, unsigned int, (int)2, (int)64, (int)64>(T1 *, at::native::<unnamed>::CatArrInputTensorMetadata<T1, T2, T4, T5>, at::native::<unnamed>::TensorSizeStride<T2, (unsigned int)4>, int, T2)"
:stage.process:model.layers.0.self_attn.o_proj,PushPop,2264054,2266203,1,132,309632,2345.7,1760.0,1664,22144,3382.4,"void at::native::vectorized_elementwise_kernel<(int)4, at::native::BinaryFunctor<long, long, bool, at::native::<unnamed>::CompareEqFunctor<long>>, std::array<char *, (unsigned long)3>>(int, T2, T3)"
:stage.process:model.layers.0.self_attn.o_proj,PushPop,2264054,2266203,1,128,279488,2183.5,2176.0,2144,2208,17.3,"void at::native::elementwise_kernel<(int)128, (int)2, void at::native::gpu_kernel_impl_nocast<at::native::BUnaryFunctor<long, long, long, at::native::rshift_kernel_cuda(at::TensorIteratorBase &)::[lambda() (instance 1)]::operator ()() const::[lambda() (instance 4)]::operator ()() const::[lambda(long, long) (instance 1)]>>(at::TensorIteratorBase &, const T1 &)::[lambda(int) (instance 1)]>(int, T3)"
:stage.process:model.layers.0.self_attn.o_proj,PushPop,2264054,2266203,1,17,234272,13780.7,14784.0,11072,15104,1385.9,ampere_sgemm_64x32_sliced1x4_nn
:stage.process:model.layers.0.self_attn.o_proj,PushPop,2264054,2266203,1,10,215840,21584.0,21568.0,21088,22144,310.7,"std::enable_if<!T7, void>::type internal::gemvx::kernel<int, int, float, float, float, float, (bool)0, (bool)1, (bool)1, (bool)0, (int)7, (bool)0, cublasGemvParamsEx<int, cublasGemvTensorStridedBatched<const float>, cublasGemvTensorStridedBatched<const float>, cublasGemvTensorStridedBatched<float>, float>>(T13)"
:stage.process:model.layers.0.self_attn.o_proj,PushPop,2264054,2266203,1,10,203072,20307.2,18512.0,3488,48352,11063.8,"void at::native::elementwise_kernel<(int)128, (int)2, void at::native::gpu_kernel_impl_nocast<at::native::BinaryFunctor<float, float, float, at::native::binary_internal::MulFunctor<float>>>(at::TensorIteratorBase &, const T1 &)::[lambda(int) (instance 1)]>(int, T3)"
:stage.process:model.layers.0.self_attn.o_proj,PushPop,2264054,2266203,1,9,179327,19925.2,19904.0,19648,20384,252.4,"void at::native::vectorized_elementwise_kernel<(int)4, at::native::BinaryFunctor<float, float, float, at::native::binary_internal::MulFunctor<float>>, std::array<char *, (unsigned long)3>>(int, T2, T3)"
:stage.process:model.layers.0.self_attn.o_proj,PushPop,2264054,2266203,1,16,169632,10602.0,10272.0,9120,12128,955.8,void cutlass::Kernel2<cutlass_80_simt_sgemm_128x32_8x5_nn_align1>(T1::Params)
:stage.process:model.layers.0.self_attn.o_proj,PushPop,2264054,2266203,1,3,140799,46933.0,46272.0,45919,48608,1461.3,"void at::native::triu_tril_kernel<float, int, (bool)0, (int)2, (bool)1>(at::cuda::detail::TensorInfo<T1, T2>, at::cuda::detail::TensorInfo<const T1, T2>, long, long, T2)"
:stage.process:model.layers.0.self_attn.o_proj,PushPop,2264054,2266203,1,6,132896,22149.3,22080.0,16224,28320,6480.8,"void trsm_batch_left_upper_kernel_small<float, (int)16, (int)16, (int)64>(cublasTrsmBatchParams<T1>, const T1 *const *, T1 *const *, const T1 *, T1)"
:stage.process:model.layers.0.self_attn.o_proj,PushPop,2264054,2266203,1,10,122432,12243.2,12112.0,11296,14432,840.5,"void at::native::reduce_kernel<(int)512, (int)1, at::native::ReduceOp<float, at::native::func_wrapper_t<float, at::native::sum_functor<float, float, float>::operator ()(at::TensorIterator &)::[lambda(float, float) (instance 1)]>, unsigned int, float, (int)4, (int)4>>(T3)"
:stage.process:model.layers.0.self_attn.o_proj,PushPop,2264054,2266203,1,14,108191,7727.9,7423.5,1408,21632,4601.1,"void at::native::vectorized_elementwise_kernel<(int)4, at::native::FillFunctor<float>, std::array<char *, (unsigned long)1>>(int, T2, T3)"
:stage.process:model.layers.0.self_attn.o_proj,PushPop,2264054,2266203,1,9,95936,10659.6,11744.0,1632,12512,3405.5,"void at::native::vectorized_elementwise_kernel<(int)4, at::native::BUnaryFunctor<float, float, float, at::native::binary_internal::MulFunctor<float>>, std::array<char *, (unsigned long)2>>(int, T2, T3)"
:stage.process:model.layers.0.self_attn.o_proj,PushPop,2264054,2266203,1,10,76000,7600.0,7584.0,3904,11360,2254.4,"void at::native::reduce_kernel<(int)512, (int)1, at::native::ReduceOp<float, at::native::MeanOps<float, float, float, float>, unsigned int, float, (int)4, (int)4>>(T3)"
:stage.process:model.layers.0.self_attn.o_proj,PushPop,2264054,2266203,1,1,75488,75488.0,75488.0,75488,75488,0.0,"void at::native::<unnamed>::CatArrayBatchedCopy_alignedK_contig<at::native::<unnamed>::OpaqueType<(unsigned int)8>, unsigned int, (int)3, (int)128, (int)1, (int)16>(T1 *, at::native::<unnamed>::CatArrInputTensorMetadata<T1, T2, T4, T5>, at::native::<unnamed>::TensorSizeStride<T2, (unsigned int)4>, int, T2)"
:stage.process:model.layers.0.self_attn.o_proj,PushPop,2264054,2266203,1,3,53216,17738.7,16448.0,16352,20416,2319.1,"void at::native::vectorized_elementwise_kernel<(int)2, at::native::BinaryFunctor<long, long, long, at::native::BitwiseXorFunctor<long>>, std::array<char *, (unsigned long)3>>(int, T2, T3)"
:stage.process:model.layers.0.self_attn.o_proj,PushPop,2264054,2266203,1,4,42432,10608.0,10608.0,10496,10720,99.5,"void at::native::vectorized_elementwise_kernel<(int)2, at::native::BUnaryFunctor<long, long, long, at::native::rshift_kernel_cuda(at::TensorIteratorBase &)::[lambda() (instance 1)]::operator ()() const::[lambda() (instance 4)]::operator ()() const::[lambda(long, long) (instance 1)]>, std::array<char *, (unsigned long)2>>(int, T2, T3)"
:stage.process:model.layers.0.self_attn.o_proj,PushPop,2264054,2266203,1,10,40544,4054.4,4064.0,3360,4864,508.9,"void at::native::elementwise_kernel<(int)128, (int)2, void at::native::gpu_kernel_impl_nocast<at::native::CUDAFunctorOnSelf_add<float>>(at::TensorIteratorBase &, const T1 &)::[lambda(int) (instance 1)]>(int, T3)"
:stage.process:model.layers.0.self_attn.o_proj,PushPop,2264054,2266203,1,2,37280,18640.0,18640.0,18368,18912,384.7,"void at::native::vectorized_elementwise_kernel<(int)2, at::native::BinaryFunctor<long, long, long, at::native::BitwiseOrFunctor<long>>, std::array<char *, (unsigned long)3>>(int, T2, T3)"
:stage.process:model.layers.0.self_attn.o_proj,PushPop,2264054,2266203,1,6,29504,4917.3,1808.0,1568,11520,4980.3,"void at::native::vectorized_elementwise_kernel<(int)4, at::native::AUnaryFunctor<float, float, float, at::native::binary_internal::MulFunctor<float>>, std::array<char *, (unsigned long)2>>(int, T2, T3)"
:stage.process:model.layers.0.self_attn.o_proj,PushPop,2264054,2266203,1,12,25312,2109.3,2208.0,1824,2272,171.2,"void at::native::vectorized_elementwise_kernel<(int)4, at::native::<unnamed>::CompareFunctor<float>, std::array<char *, (unsigned long)3>>(int, T2, T3)"
:stage.process:model.layers.0.self_attn.o_proj,PushPop,2264054,2266203,1,3,20096,6698.7,7936.0,3872,8288,2454.3,"void at::native::unrolled_elementwise_kernel<at::native::direct_copy_kernel_cuda(at::TensorIteratorBase &)::[lambda() (instance 3)]::operator ()() const::[lambda() (instance 3)]::operator ()() const::[lambda(int) (instance 1)], std::array<char *, (unsigned long)2>, (int)4, TrivialOffsetCalculator<(int)1, unsigned int>, TrivialOffsetCalculator<(int)1, unsigned int>, at::native::memory::LoadWithCast<(int)1>, at::native::memory::StoreWithCast<(int)1>>(int, T1, T2, T4, T5, T6, T7)"
:stage.process:model.layers.0.self_attn.o_proj,PushPop,2264054,2266203,1,2,19840,9920.0,9920.0,9696,10144,316.8,"void at::native::vectorized_elementwise_kernel<(int)2, at::native::BUnaryFunctor<long, long, long, at::native::lshift_kernel_cuda(at::TensorIteratorBase &)::[lambda() (instance 1)]::operator ()() const::[lambda() (instance 4)]::operator ()() const::[lambda(long, long) (instance 1)]>, std::array<char *, (unsigned long)2>>(int, T2, T3)"
:stage.process:model.layers.0.self_attn.o_proj,PushPop,2264054,2266203,1,1,19520,19520.0,19520.0,19520,19520,0.0,"void at::native::elementwise_kernel<(int)128, (int)2, void at::native::gpu_kernel_impl_nocast<at::native::BinaryFunctor<float, float, float, at::native::binary_internal::DivFunctor<float>>>(at::TensorIteratorBase &, const T1 &)::[lambda(int) (instance 1)]>(int, T3)"
:stage.process:model.layers.0.self_attn.o_proj,PushPop,2264054,2266203,1,6,18528,3088.0,1696.0,1664,10080,3425.4,"void at::native::vectorized_elementwise_kernel<(int)2, at::native::AUnaryFunctor<long, long, long, at::native::binary_internal::MulFunctor<long>>, std::array<char *, (unsigned long)2>>(int, T2, T3)"
:stage.process:model.layers.0.self_attn.o_proj,PushPop,2264054,2266203,1,5,17472,3494.4,1600.0,1568,11072,4236.1,"void at::native::vectorized_elementwise_kernel<(int)2, at::native::CUDAFunctorOnSelf_add<long>, std::array<char *, (unsigned long)2>>(int, T2, T3)"
:stage.process:model.layers.0.self_attn.o_proj,PushPop,2264054,2266203,1,1,16608,16608.0,16608.0,16608,16608,0.0,"void at::native::vectorized_elementwise_kernel<(int)4, void at::native::<unnamed>::pow_tensor_scalar_kernel_impl<float, float>(at::TensorIteratorBase &, T2)::[lambda(float) (instance 1)], std::array<char *, (unsigned long)2>>(int, T2, T3)"
:stage.process:model.layers.0.self_attn.o_proj,PushPop,2264054,2266203,1,4,14752,3688.0,3680.0,3424,3968,287.9,"void at::native::vectorized_elementwise_kernel<(int)2, at::native::BUnaryFunctor<long, long, long, at::native::remainder_kernel_cuda(at::TensorIteratorBase &)::[lambda() (instance 1)]::operator ()() const::[lambda() (instance 4)]::operator ()() const::[lambda(long, long) (instance 1)]>, std::array<char *, (unsigned long)2>>(int, T2, T3)"
:stage.process:model.layers.0.self_attn.o_proj,PushPop,2264054,2266203,1,3,13696,4565.3,4672.0,4192,4832,333.1,"void at::native::elementwise_kernel<(int)128, (int)2, void at::native::gpu_kernel_impl_nocast<at::native::direct_copy_kernel_cuda(at::TensorIteratorBase &)::[lambda() (instance 3)]::operator ()() const::[lambda() (instance 3)]::operator ()() const::[lambda(int) (instance 1)]>(at::TensorIteratorBase &, const T1 &)::[lambda(int) (instance 1)]>(int, T3)"
:stage.process:model.layers.0.self_attn.o_proj,PushPop,2264054,2266203,1,8,12544,1568.0,1536.0,1536,1760,78.4,"void at::native::unrolled_elementwise_kernel<at::native::AUnaryFunctor<long, long, long, at::native::BitwiseAndFunctor<long>>, std::array<char *, (unsigned long)2>, (int)4, TrivialOffsetCalculator<(int)1, unsigned int>, TrivialOffsetCalculator<(int)1, unsigned int>, at::native::memory::LoadWithoutCast, at::native::memory::StoreWithoutCast>(int, T1, T2, T4, T5, T6, T7)"
:stage.process:model.layers.0.self_attn.o_proj,PushPop,2264054,2266203,1,6,11424,1904.0,1888.0,1888,1952,26.8,"void at::native::vectorized_elementwise_kernel<(int)4, at::native::FillFunctor<unsigned char>, std::array<char *, (unsigned long)1>>(int, T2, T3)"
:stage.process:model.layers.0.self_attn.o_proj,PushPop,2264054,2266203,1,1,11392,11392.0,11392.0,11392,11392,0.0,"void at::native::vectorized_elementwise_kernel<(int)4, at::native::float16_copy_kernel_cuda(at::TensorIteratorBase &)::[lambda(float) (instance 1)], std::array<char *, (unsigned long)2>>(int, T2, T3)"
:stage.process:model.layers.0.self_attn.o_proj,PushPop,2264054,2266203,1,1,10976,10976.0,10976.0,10976,10976,0.0,"void at::native::reduce_kernel<(int)128, (int)4, at::native::ReduceOp<long, at::native::func_wrapper_t<long, at::native::sum_functor<long, long, long>::operator ()(at::TensorIterator &)::[lambda(long, long) (instance 1)]>, unsigned int, long, (int)4, (int)4>>(T3)"
:stage.process:model.layers.0.self_attn.o_proj,PushPop,2264054,2266203,1,3,10464,3488.0,3584.0,3232,3648,224.0,"void at::native::unrolled_elementwise_kernel<at::native::direct_copy_kernel_cuda(at::TensorIteratorBase &)::[lambda() (instance 3)]::operator ()() const::[lambda() (instance 1)]::operator ()() const::[lambda(unsigned char) (instance 1)], std::array<char *, (unsigned long)2>, (int)4, TrivialOffsetCalculator<(int)1, unsigned int>, TrivialOffsetCalculator<(int)1, unsigned int>, at::native::memory::LoadWithCast<(int)1>, at::native::memory::StoreWithCast<(int)1>>(int, T1, T2, T4, T5, T6, T7)"
:stage.process:model.layers.0.self_attn.o_proj,PushPop,2264054,2266203,1,1,9312,9312.0,9312.0,9312,9312,0.0,ampere_sgemm_32x32_sliced1x4_nn
:stage.process:model.layers.0.self_attn.o_proj,PushPop,2264054,2266203,1,4,8416,2104.0,2080.0,2080,2176,48.0,"void at::native::vectorized_elementwise_kernel<(int)4, at::native::FillFunctor<bool>, std::array<char *, (unsigned long)1>>(int, T2, T3)"
:stage.process:model.layers.0.self_attn.o_proj,PushPop,2264054,2266203,1,3,8224,2741.3,2720.0,2720,2784,37.0,"void at::native::vectorized_elementwise_kernel<(int)4, at::native::AUnaryFunctor<unsigned char, unsigned char, bool, at::native::<unnamed>::CompareEqFunctor<unsigned char>>, std::array<char *, (unsigned long)2>>(int, T2, T3)"
:stage.process:model.layers.0.self_attn.o_proj,PushPop,2264054,2266203,1,2,7488,3744.0,3744.0,3744,3744,0.0,"void at::native::vectorized_elementwise_kernel<(int)2, at::native::BUnaryFunctor<long, long, long, at::native::binary_internal::div_floor_kernel_cuda(at::TensorIteratorBase &)::[lambda() (instance 1)]::operator ()() const::[lambda() (instance 4)]::operator ()() const::[lambda(long, long) (instance 1)]>, std::array<char *, (unsigned long)2>>(int, T2, T3)"
:stage.process:model.layers.0.self_attn.o_proj,PushPop,2264054,2266203,1,4,7392,1848.0,1872.0,1760,1888,60.6,"void at::native::vectorized_elementwise_kernel<(int)4, void at::native::compare_scalar_kernel<c10::Half>(at::TensorIteratorBase &, at::native::<unnamed>::OpType, T1)::[lambda(c10::Half) (instance 1)], std::array<char *, (unsigned long)2>>(int, T2, T3)"
:stage.process:model.layers.0.self_attn.o_proj,PushPop,2264054,2266203,1,2,6880,3440.0,3440.0,3360,3520,113.1,"void at::native::elementwise_kernel<(int)128, (int)2, void at::native::gpu_kernel_impl_nocast<at::native::AbsFunctor<float>>(at::TensorIteratorBase &, const T1 &)::[lambda(int) (instance 1)]>(int, T3)"
:stage.process:model.layers.0.self_attn.o_proj,PushPop,2264054,2266203,1,2,6432,3216.0,3216.0,3200,3232,22.6,"void at::native::elementwise_kernel<(int)128, (int)2, void at::native::gpu_kernel_impl_nocast<at::native::CUDAFunctor_add<long>>(at::TensorIteratorBase &, const T1 &)::[lambda(int) (instance 1)]>(int, T3)"
:stage.process:model.layers.0.self_attn.o_proj,PushPop,2264054,2266203,1,3,5632,1877.3,1952.0,1728,1952,129.3,"void at::native::vectorized_elementwise_kernel<(int)4, at::native::BinaryFunctor<float, float, float, at::native::maximum_kernel_cuda(at::TensorIteratorBase &)::[lambda() (instance 2)]::operator ()() const::[lambda() (instance 2)]::operator ()() const::[lambda(float, float) (instance 1)]>, std::array<char *, (unsigned long)3>>(int, T2, T3)"
:stage.process:model.layers.0.self_attn.o_proj,PushPop,2264054,2266203,1,2,4800,2400.0,2400.0,2400,2400,0.0,"void at::native::vectorized_elementwise_kernel<(int)2, at::native::CUDAFunctorOnOther_add<long>, std::array<char *, (unsigned long)2>>(int, T2, T3)"
:stage.process:model.layers.0.self_attn.o_proj,PushPop,2264054,2266203,1,3,4576,1525.3,1568.0,1440,1568,73.9,"xxtrf4_set_info_ker(int, int *)"
:stage.process:model.layers.0.self_attn.o_proj,PushPop,2264054,2266203,1,1,4480,4480.0,4480.0,4480,4480,0.0,"void at::native::<unnamed>::CatArrayBatchedCopy_vectorized<at::native::<unnamed>::OpaqueType<(unsigned int)2>, unsigned int, (int)1, (int)128, (int)1, (int)16, (int)8>(char *, at::native::<unnamed>::CatArrInputTensorMetadata<T1, T2, T4, T5>, at::native::<unnamed>::TensorSizeStride<T2, (unsigned int)4>, int, T2)"
:stage.process:model.layers.0.self_attn.o_proj,PushPop,2264054,2266203,1,1,3648,3648.0,3648.0,3648,3648,0.0,"void at::native::vectorized_elementwise_kernel<(int)4, at::native::AUnaryFunctor<unsigned char, unsigned char, unsigned char, at::native::binary_internal::MulFunctor<unsigned char>>, std::array<char *, (unsigned long)2>>(int, T2, T3)"
:stage.process:model.layers.0.self_attn.o_proj,PushPop,2264054,2266203,1,1,2816,2816.0,2816.0,2816,2816,0.0,"void at::native::vectorized_elementwise_kernel<(int)4, at::native::BinaryFunctor<unsigned char, unsigned char, bool, at::native::<unnamed>::CompareEqFunctor<unsigned char>>, std::array<char *, (unsigned long)3>>(int, T2, T3)"
:stage.process:model.layers.0.self_attn.o_proj,PushPop,2264054,2266203,1,1,2336,2336.0,2336.0,2336,2336,0.0,"void at::native::vectorized_elementwise_kernel<(int)4, at::native::sqrt_kernel_cuda(at::TensorIteratorBase &)::[lambda() (instance 2)]::operator ()() const::[lambda() (instance 2)]::operator ()() const::[lambda(float) (instance 1)], std::array<char *, (unsigned long)2>>(int, T2, T3)"
:stage.process:model.layers.0.self_attn.o_proj,PushPop,2264054,2266203,1,1,2304,2304.0,2304.0,2304,2304,0.0,"void at::native::unrolled_elementwise_kernel<at::native::direct_copy_kernel_cuda(at::TensorIteratorBase &)::[lambda() (instance 3)]::operator ()() const::[lambda() (instance 11)]::operator ()() const::[lambda(bool) (instance 1)], std::array<char *, (unsigned long)2>, (int)4, TrivialOffsetCalculator<(int)1, unsigned int>, TrivialOffsetCalculator<(int)1, unsigned int>, at::native::memory::LoadWithCast<(int)1>, at::native::memory::StoreWithCast<(int)1>>(int, T1, T2, T4, T5, T6, T7)"
:stage.process:model.layers.0.self_attn.o_proj,PushPop,2264054,2266203,1,1,2112,2112.0,2112.0,2112,2112,0.0,"void at::native::unrolled_elementwise_kernel<at::native::<unnamed>::CompareFunctor<c10::Half>, std::array<char *, (unsigned long)3>, (int)4, TrivialOffsetCalculator<(int)2, unsigned int>, TrivialOffsetCalculator<(int)1, unsigned int>, at::native::memory::LoadWithoutCast, at::native::memory::StoreWithoutCast>(int, T1, T2, T4, T5, T6, T7)"
:stage.process:model.layers.0.self_attn.o_proj,PushPop,2264054,2266203,1,1,1760,1760.0,1760.0,1760,1760,0.0,"void at::native::vectorized_elementwise_kernel<(int)4, at::native::<unnamed>::launch_clamp_scalar(at::TensorIteratorBase &, c10::Scalar, c10::Scalar, at::native::detail::ClampLimits)::[lambda() (instance 1)]::operator ()() const::[lambda() (instance 7)]::operator ()() const::[lambda(float) (instance 1)], std::array<char *, (unsigned long)2>>(int, T2, T3)"
:stage.process:model.layers.0.self_attn.q_proj,PushPop,2264054,2266203,1,14288,5080037774,355545.8,280351.0,132480,1180189,315976.4,"void <unnamed>::qvq_v2_segment_grid_kernel<(int)4, (int)2, (int)16, (bool)1, (bool)0, __half, unsigned char>(const float *, const T6 *, const float *, const long *, const float *, const float *, float *, T7 *, unsigned char *, int, int, int, bool, bool)"
:stage.process:model.layers.0.self_attn.q_proj,PushPop,2264054,2266203,1,766,1443252558,1884141.7,1418013.0,1356445,2865690,660392.7,"void <unnamed>::qvq_viterbi_kernel<(int)4, (int)2, __half, unsigned char>(const float *, const T3 *, const float *, const long *, const float *, T4 *, long *, float *, int, int, int, bool, bool, bool)"
:stage.process:model.layers.0.self_attn.q_proj,PushPop,2264054,2266203,1,694,408155663,588120.6,580895.0,307520,877054,169055.5,ampere_sgemm_64x32_sliced1x4_nt
:stage.process:model.layers.0.self_attn.q_proj,PushPop,2264054,2266203,1,1786,217735878,121912.6,96079.5,67200,308799,72698.3,"void <unnamed>::qvq_v2_segment_grid_finalize_kernel<(int)4, (int)2, (int)16, (bool)0, __half, unsigned char>(const float *, const T5 *, const float *, const long *, const float *, const float *, const T6 *, const unsigned char *, long *, unsigned char *, float *, int, int, bool, bool)"
:stage.process:model.layers.0.self_attn.q_proj,PushPop,2264054,2266203,1,4080,73688657,18060.9,8288.0,4224,53312,14034.7,"void at::native::index_elementwise_kernel<(int)128, (int)4, void at::native::gpu_index_kernel<void at::native::index_kernel_impl<at::native::OpaqueType<(int)4>>(at::TensorIteratorBase &, c10::ArrayRef<long>, c10::ArrayRef<long>)::[lambda(char *, const char *, long) (instance 1)]>(at::TensorIteratorBase &, c10::ArrayRef<long>, c10::ArrayRef<long>, const T1 &, bool)::[lambda(int) (instance 1)]>(long, T3)"
:stage.process:model.layers.0.self_attn.q_proj,PushPop,2264054,2266203,1,288,51122590,177509.0,177423.5,58240,295968,70007.6,void cutlass::Kernel2<cutlass_80_simt_sgemm_128x32_8x5_nt_align1>(T1::Params)
:stage.process:model.layers.0.self_attn.q_proj,PushPop,2264054,2266203,1,996,30225664,30347.1,30416.0,4352,61088,16020.0,"void gemmSN_NN_kernel<float, (int)128, (int)2, (int)4, (int)8, (int)4, (int)4, (bool)0, cublasGemvTensorStridedBatched<const float>, cublasGemvTensorStridedBatched<const float>, cublasGemvTensorStridedBatched<float>>(cublasGemmSmallNParams<T9, T10, T11, T1>)"
:stage.process:model.layers.0.self_attn.q_proj,PushPop,2264054,2266203,1,50,20897496,417949.9,21136.0,15072,887358,420128.2,ampere_sgemm_128x32_nn
:stage.process:model.layers.0.self_attn.q_proj,PushPop,2264054,2266203,1,2974,19043310,6403.3,7200.0,2528,11712,1793.1,"void at::native::reduce_kernel<(int)512, (int)1, at::native::ReduceOp<bool, at::native::func_wrapper_t<bool, at::native::and_kernel_cuda(at::TensorIterator &)::[lambda() (instance 1)]::operator ()() const::[lambda() (instance 12)]::operator ()() const::[lambda(bool, bool) (instance 1)]>, unsigned int, bool, (int)4, (int)4>>(T3)"
:stage.process:model.layers.0.self_attn.q_proj,PushPop,2264054,2266203,1,2040,13541414,6637.9,6688.0,3488,7360,380.8,"void at::native::index_elementwise_kernel<(int)128, (int)4, void at::native::gpu_index_kernel<void at::native::index_put_kernel_impl<at::native::OpaqueType<(int)4>>(at::TensorIterator &, c10::ArrayRef<long>, c10::ArrayRef<long>)::[lambda(char *, const char *, long) (instance 1)]>(at::TensorIteratorBase &, c10::ArrayRef<long>, c10::ArrayRef<long>, const T1 &, bool)::[lambda(int) (instance 1)]>(long, T3)"
:stage.process:model.layers.0.self_attn.q_proj,PushPop,2264054,2266203,1,1410,13387622,9494.8,9440.0,4608,33632,1588.8,"void at::native::index_elementwise_kernel<(int)128, (int)4, void at::native::gpu_index_kernel<void at::native::index_kernel_impl<at::native::OpaqueType<(int)2>>(at::TensorIteratorBase &, c10::ArrayRef<long>, c10::ArrayRef<long>)::[lambda(char *, const char *, long) (instance 1)]>(at::TensorIteratorBase &, c10::ArrayRef<long>, c10::ArrayRef<long>, const T1 &, bool)::[lambda(int) (instance 1)]>(long, T3)"
:stage.process:model.layers.0.self_attn.q_proj,PushPop,2264054,2266203,1,1788,11852075,6628.7,7200.0,3200,8704,1286.3,"void at::native::reduce_kernel<(int)512, (int)1, at::native::ReduceOp<float, at::native::func_wrapper_t<float, at::native::MaxNanFunctor<float>>, unsigned int, float, (int)4, (int)4>>(T3)"
:stage.process:model.layers.0.self_attn.q_proj,PushPop,2264054,2266203,1,2241,8810281,3931.4,3232.0,2144,54784,4953.7,"void at::native::elementwise_kernel<(int)128, (int)2, void at::native::gpu_kernel_impl_nocast<at::native::direct_copy_kernel_cuda(at::TensorIteratorBase &)::[lambda() (instance 3)]::operator ()() const::[lambda() (instance 7)]::operator ()() const::[lambda(float) (instance 1)]>(at::TensorIteratorBase &, const T1 &)::[lambda(int) (instance 1)]>(int, T3)"
:stage.process:model.layers.0.self_attn.q_proj,PushPop,2264054,2266203,1,3611,7775759,2153.4,2048.0,1536,18752,824.0,"void at::native::vectorized_elementwise_kernel<(int)4, at::native::AbsFunctor<float>, std::array<char *, (unsigned long)2>>(int, T2, T3)"
:stage.process:model.layers.0.self_attn.q_proj,PushPop,2264054,2266203,1,2552,7352180,2880.9,2848.0,2144,4672,540.1,"<unnamed>::qvq_half2_codebook_norm_pack_kernel(const __half *, unsigned long *, int)"
:stage.process:model.layers.0.self_attn.q_proj,PushPop,2264054,2266203,1,1020,6974766,6838.0,6912.0,3392,7392,482.7,"void at::native::index_elementwise_kernel<(int)128, (int)4, void at::native::gpu_index_kernel<void at::native::index_put_kernel_impl<at::native::OpaqueType<(int)8>>(at::TensorIterator &, c10::ArrayRef<long>, c10::ArrayRef<long>)::[lambda(char *, const char *, long) (instance 1)]>(at::TensorIteratorBase &, c10::ArrayRef<long>, c10::ArrayRef<long>, const T1 &, bool)::[lambda(int) (instance 1)]>(long, T3)"
:stage.process:model.layers.0.self_attn.q_proj,PushPop,2264054,2266203,1,772,6223150,8061.1,8064.0,7584,8832,182.6,"void at::native::reduce_kernel<(int)512, (int)1, at::native::ReduceOp<c10::Half, at::native::func_wrapper_t<c10::Half, at::native::MaxNanFunctor<c10::Half>>, unsigned int, c10::Half, (int)4, (int)4>>(T3)"
:stage.process:model.layers.0.self_attn.q_proj,PushPop,2264054,2266203,1,2598,5601687,2156.2,2112.0,1536,6624,325.4,"void at::native::vectorized_elementwise_kernel<(int)4, at::native::BinaryFunctor<bool, bool, bool, at::native::binary_internal::MulFunctor<bool>>, std::array<char *, (unsigned long)3>>(int, T2, T3)"
:stage.process:model.layers.0.self_attn.q_proj,PushPop,2264054,2266203,1,177,5503957,31095.8,27008.0,3872,72672,22501.6,"void gemmSN_NN_kernel<float, (int)256, (int)4, (int)2, (int)8, (int)4, (int)4, (bool)0, cublasGemvTensorStridedBatched<const float>, cublasGemvTensorStridedBatched<const float>, cublasGemvTensorStridedBatched<float>>(cublasGemmSmallNParams<T9, T10, T11, T1>)"
:stage.process:model.layers.0.self_attn.q_proj,PushPop,2264054,2266203,1,1285,5331573,4149.1,4096.0,2720,19200,628.3,"void at::native::unrolled_elementwise_kernel<at::native::direct_copy_kernel_cuda(at::TensorIteratorBase &)::[lambda() (instance 3)]::operator ()() const::[lambda() (instance 7)]::operator ()() const::[lambda(float) (instance 1)], std::array<char *, (unsigned long)2>, (int)4, TrivialOffsetCalculator<(int)1, unsigned int>, TrivialOffsetCalculator<(int)1, unsigned int>, at::native::memory::LoadWithCast<(int)1>, at::native::memory::StoreWithCast<(int)1>>(int, T1, T2, T4, T5, T6, T7)"
:stage.process:model.layers.0.self_attn.q_proj,PushPop,2264054,2266203,1,765,4878195,6376.7,6752.0,3392,8448,1263.9,"void at::native::index_elementwise_kernel<(int)128, (int)4, void at::native::gpu_index_kernel<void at::native::index_put_kernel_impl<at::native::OpaqueType<(int)1>>(at::TensorIterator &, c10::ArrayRef<long>, c10::ArrayRef<long>)::[lambda(char *, const char *, long) (instance 1)]>(at::TensorIteratorBase &, c10::ArrayRef<long>, c10::ArrayRef<long>, const T1 &, bool)::[lambda(int) (instance 1)]>(long, T3)"
:stage.process:model.layers.0.self_attn.q_proj,PushPop,2264054,2266203,1,5,4730935,946187.0,933886.0,932511,996478,28125.0,ampere_sgemm_128x32_tn
:stage.process:model.layers.0.self_attn.q_proj,PushPop,2264054,2266203,1,1824,3997877,2191.8,2112.0,1536,16768,964.6,"void at::native::vectorized_elementwise_kernel<(int)4, at::native::BinaryFunctor<float, float, bool, at::native::<unnamed>::CompareEqFunctor<float>>, std::array<char *, (unsigned long)3>>(int, T2, T3)"
:stage.process:model.layers.0.self_attn.q_proj,PushPop,2264054,2266203,1,2044,3909148,1912.5,1920.0,1568,2272,111.6,"void at::native::vectorized_elementwise_kernel<(int)4, at::native::BinaryFunctor<bool, bool, bool, at::native::logical_or_kernel_cuda(at::TensorIterator &)::[lambda() (instance 2)]::operator ()() const::[lambda() (instance 9)]::operator ()() const::[lambda(bool, bool) (instance 1)]>, std::array<char *, (unsigned long)3>>(int, T2, T3)"
:stage.process:model.layers.0.self_attn.q_proj,PushPop,2264054,2266203,1,1823,3872346,2124.2,2080.0,1504,6432,353.6,"void at::native::vectorized_elementwise_kernel<(int)4, at::native::AUnaryFunctor<float, float, bool, at::native::<unnamed>::CompareEqFunctor<float>>, std::array<char *, (unsigned long)2>>(int, T2, T3)"
:stage.process:model.layers.0.self_attn.q_proj,PushPop,2264054,2266203,1,1150,3713238,3228.9,3200.0,1984,24096,658.7,"void at::native::elementwise_kernel<(int)128, (int)2, void at::native::gpu_kernel_impl_nocast<at::native::direct_copy_kernel_cuda(at::TensorIteratorBase &)::[lambda() (instance 3)]::operator ()() const::[lambda() (instance 4)]::operator ()() const::[lambda(long) (instance 1)]>(at::TensorIteratorBase &, const T1 &)::[lambda(int) (instance 1)]>(int, T3)"
:stage.process:model.layers.0.self_attn.q_proj,PushPop,2264054,2266203,1,1547,3426616,2215.0,2144.0,1632,3040,183.7,"void at::native::vectorized_elementwise_kernel<(int)4, at::native::AbsFunctor<c10::Half>, std::array<char *, (unsigned long)2>>(int, T2, T3)"
:stage.process:model.layers.0.self_attn.q_proj,PushPop,2264054,2266203,1,1276,3258618,2553.8,2496.0,1728,3392,230.8,"void at::native::roll_cuda_kernel<float>(const T1 *, T1 *, long, long, long, long, long, long)"
:stage.process:model.layers.0.self_attn.q_proj,PushPop,2264054,2266203,1,429,3252091,7580.6,4384.0,3168,47904,4860.2,"void at::native::elementwise_kernel<(int)128, (int)2, void at::native::gpu_kernel_impl_nocast<at::native::CUDAFunctor_add<float>>(at::TensorIteratorBase &, const T1 &)::[lambda(int) (instance 1)]>(int, T3)"
:stage.process:model.layers.0.self_attn.q_proj,PushPop,2264054,2266203,1,1176,3163419,2690.0,2240.0,1504,27488,2984.6,"void at::native::vectorized_elementwise_kernel<(int)4, at::native::CUDAFunctor_add<float>, std::array<char *, (unsigned long)3>>(int, T2, T3)"
:stage.process:model.layers.0.self_attn.q_proj,PushPop,2264054,2266203,1,1268,3151447,2485.4,2336.0,1824,3392,388.6,"void at::native::elementwise_kernel<(int)128, (int)2, void at::native::gpu_kernel_impl_nocast<at::native::AUnaryFunctor<long, long, long, at::native::BitwiseAndFunctor<long>>>(at::TensorIteratorBase &, const T1 &)::[lambda(int) (instance 1)]>(int, T3)"
:stage.process:model.layers.0.self_attn.q_proj,PushPop,2264054,2266203,1,378,3128184,8275.6,8287.5,7840,8480,69.4,"void batch_trsm_left_kernel<float, (int)64, (int)4, (int)3, (bool)0, (bool)0, (bool)1>(cublasTrsmBatchParams2<T1>, T1, const T1 *, int)"
:stage.process:model.layers.0.self_attn.q_proj,PushPop,2264054,2266203,1,905,2781851,3073.9,3072.0,1920,11648,610.5,"void at::native::unrolled_elementwise_kernel<at::native::direct_copy_kernel_cuda(at::TensorIteratorBase &)::[lambda() (instance 3)]::operator ()() const::[lambda() (instance 4)]::operator ()() const::[lambda(long) (instance 1)], std::array<char *, (unsigned long)2>, (int)4, TrivialOffsetCalculator<(int)1, unsigned int>, TrivialOffsetCalculator<(int)1, unsigned int>, at::native::memory::LoadWithCast<(int)1>, at::native::memory::StoreWithCast<(int)1>>(int, T1, T2, T4, T5, T6, T7)"
:stage.process:model.layers.0.self_attn.q_proj,PushPop,2264054,2266203,1,3,2773785,924595.0,923998.0,922206,927581,2736.8,"void kernel<getrf_wo_pivot_params_<float, (int)0, (int)256, (int)1, (int)64, (int)64, (int)68, (int)8, (int)1, (int)1>>(int, int, void *, int, void *, int, int, int, int, int, int *)"
:stage.process:model.layers.0.self_attn.q_proj,PushPop,2264054,2266203,1,1534,2647479,1725.9,1696.0,1536,2208,116.1,"void at::native::vectorized_elementwise_kernel<(int)4, void at::native::compare_scalar_kernel<float>(at::TensorIteratorBase &, at::native::<unnamed>::OpType, T1)::[lambda(float) (instance 1)], std::array<char *, (unsigned long)2>>(int, T2, T3)"
:stage.process:model.layers.0.self_attn.q_proj,PushPop,2264054,2266203,1,400,2325084,5812.7,4032.0,3999,53344,8816.9,ampere_sgemm_32x128_nt
:stage.process:model.layers.0.self_attn.q_proj,PushPop,2264054,2266203,1,1020,2049469,2009.3,2048.0,1632,2400,118.5,"void at::native::vectorized_elementwise_kernel<(int)4, at::native::bitwise_not_kernel_cuda(at::TensorIteratorBase &)::[lambda(bool) (instance 1)], std::array<char *, (unsigned long)2>>(int, T2, T3)"
:stage.process:model.layers.0.self_attn.q_proj,PushPop,2264054,2266203,1,1294,1787038,1381.0,1376.0,1248,2528,95.9,"void <unnamed>::elementwise_kernel_with_index<int, at::native::arange_cuda_out(const c10::Scalar &, const c10::Scalar &, const c10::Scalar &, at::Tensor &)::[lambda() (instance 1)]::operator ()() const::[lambda() (instance 4)]::operator ()() const::[lambda(long) (instance 1)]>(T1, T2, function_traits<T2>::result_type *)"
:stage.process:model.layers.0.self_attn.q_proj,PushPop,2264054,2266203,1,775,1756671,2266.7,2240.0,1728,2368,59.0,"void at::native::vectorized_elementwise_kernel<(int)4, at::native::BinaryFunctor<c10::Half, c10::Half, bool, at::native::<unnamed>::CompareEqFunctor<c10::Half>>, std::array<char *, (unsigned long)3>>(int, T2, T3)"
:stage.process:model.layers.0.self_attn.q_proj,PushPop,2264054,2266203,1,775,1749501,2257.4,2272.0,1760,2368,57.5,"void at::native::vectorized_elementwise_kernel<(int)4, at::native::AUnaryFunctor<c10::Half, c10::Half, bool, at::native::<unnamed>::CompareEqFunctor<c10::Half>>, std::array<char *, (unsigned long)2>>(int, T2, T3)"
:stage.process:model.layers.0.self_attn.q_proj,PushPop,2264054,2266203,1,1022,1480639,1448.8,1440.0,1312,7136,254.6,"void at::native::vectorized_elementwise_kernel<(int)2, at::native::FillFunctor<long>, std::array<char *, (unsigned long)1>>(int, T2, T3)"
:stage.process:model.layers.0.self_attn.q_proj,PushPop,2264054,2266203,1,512,1475836,2882.5,2976.0,1888,3296,320.5,"void at::native::elementwise_kernel<(int)128, (int)2, void at::native::gpu_kernel_impl_nocast<at::native::CUDAFunctor_add<long>>(at::TensorIteratorBase &, const T1 &)::[lambda(int) (instance 1)]>(int, T3)"
:stage.process:model.layers.0.self_attn.q_proj,PushPop,2264054,2266203,1,800,1470364,1838.0,1760.0,1631,12224,549.6,"void at::native::vectorized_elementwise_kernel<(int)4, void at::native::compare_scalar_kernel<long>(at::TensorIteratorBase &, at::native::<unnamed>::OpType, T1)::[lambda(long) (instance 1)], std::array<char *, (unsigned long)2>>(int, T2, T3)"
:stage.process:model.layers.0.self_attn.q_proj,PushPop,2264054,2266203,1,512,1340860,2618.9,2624.0,2368,2944,128.4,"void at::native::unrolled_elementwise_kernel<at::native::BinaryFunctor<float, float, float, at::native::maximum_kernel_cuda(at::TensorIteratorBase &)::[lambda() (instance 2)]::operator ()() const::[lambda() (instance 2)]::operator ()() const::[lambda(float, float) (instance 1)]>, std::array<char *, (unsigned long)3>, (int)4, TrivialOffsetCalculator<(int)2, unsigned int>, TrivialOffsetCalculator<(int)1, unsigned int>, at::native::memory::LoadWithCast<(int)2>, at::native::memory::StoreWithCast<(int)1>>(int, T1, T2, T4, T5, T6, T7)"
:stage.process:model.layers.0.self_attn.q_proj,PushPop,2264054,2266203,1,776,1317437,1697.7,1664.0,1536,10304,323.9,"void at::native::vectorized_elementwise_kernel<(int)2, at::native::AUnaryFunctor<long, long, long, at::native::binary_internal::MulFunctor<long>>, std::array<char *, (unsigned long)2>>(int, T2, T3)"
:stage.process:model.layers.0.self_attn.q_proj,PushPop,2264054,2266203,1,256,1085855,4241.6,4128.0,3872,4928,321.6,"void at::native::elementwise_kernel<(int)128, (int)4, void at::native::gpu_kernel_impl_nocast<at::native::direct_copy_kernel_cuda(at::TensorIteratorBase &)::[lambda() (instance 3)]::operator ()() const::[lambda() (instance 10)]::operator ()() const::[lambda(c10::Half) (instance 1)]>(at::TensorIteratorBase &, const T1 &)::[lambda(int) (instance 1)]>(int, T3)"
:stage.process:model.layers.0.self_attn.q_proj,PushPop,2264054,2266203,1,272,1032766,3796.9,3328.0,3072,13728,1961.1,"void at::native::reduce_kernel<(int)512, (int)1, at::native::ReduceOp<bool, at::native::func_wrapper_t<bool, at::native::or_kernel_cuda(at::TensorIterator &)::[lambda() (instance 1)]::operator ()() const::[lambda() (instance 12)]::operator ()() const::[lambda(bool, bool) (instance 1)]>, unsigned int, bool, (int)4, (int)4>>(T3)"
:stage.process:model.layers.0.self_attn.q_proj,PushPop,2264054,2266203,1,32,928187,29005.8,28879.5,19520,38976,7034.3,ampere_sgemm_128x32_nt
:stage.process:model.layers.0.self_attn.q_proj,PushPop,2264054,2266203,1,43,854174,19864.5,19744.0,17632,23231,1575.5,ampere_sgemm_128x32_sliced1x4_nn
:stage.process:model.layers.0.self_attn.q_proj,PushPop,2264054,2266203,1,128,731741,5716.7,5728.0,5280,6272,160.8,"void at::native::unrolled_elementwise_kernel<at::native::CUDAFunctor_add<float>, std::array<char *, (unsigned long)3>, (int)4, TrivialOffsetCalculator<(int)2, unsigned int>, TrivialOffsetCalculator<(int)1, unsigned int>, at::native::memory::LoadWithCast<(int)2>, at::native::memory::StoreWithCast<(int)1>>(int, T1, T2, T4, T5, T6, T7)"
:stage.process:model.layers.0.self_attn.q_proj,PushPop,2264054,2266203,1,3,665280,221760.0,329696.0,5472,330112,187311.0,"void at::native::reduce_kernel<(int)512, (int)1, at::native::ReduceOp<long, at::native::func_wrapper_t<long, at::native::sum_functor<long, long, long>::operator ()(at::TensorIterator &)::[lambda(long, long) (instance 1)]>, unsigned int, long, (int)4, (int)4>>(T3)"
:stage.process:model.layers.0.self_attn.q_proj,PushPop,2264054,2266203,1,21,610464,29069.7,3200.0,2176,260160,75893.8,"void at::native::vectorized_elementwise_kernel<(int)2, at::native::AUnaryFunctor<long, long, long, at::native::BitwiseAndFunctor<long>>, std::array<char *, (unsigned long)2>>(int, T2, T3)"
:stage.process:model.layers.0.self_attn.q_proj,PushPop,2264054,2266203,1,4,551294,137823.5,137855.5,3744,271839,149825.9,"void at::native::elementwise_kernel<(int)128, (int)2, void at::native::gpu_kernel_impl_nocast<at::native::BinaryFunctor<long, long, long, at::native::lshift_kernel_cuda(at::TensorIteratorBase &)::[lambda() (instance 1)]::operator ()() const::[lambda() (instance 4)]::operator ()() const::[lambda(long, long) (instance 1)]>>(at::TensorIteratorBase &, const T1 &)::[lambda(int) (instance 1)]>(int, T3)"
:stage.process:model.layers.0.self_attn.q_proj,PushPop,2264054,2266203,1,129,545694,4230.2,4192.0,3872,7040,257.3,"void at::native::elementwise_kernel<(int)128, (int)4, void at::native::gpu_kernel_impl_nocast<at::native::direct_copy_kernel_cuda(at::TensorIteratorBase &)::[lambda() (instance 3)]::operator ()() const::[lambda() (instance 1)]::operator ()() const::[lambda(unsigned char) (instance 1)]>(at::TensorIteratorBase &, const T1 &)::[lambda(int) (instance 1)]>(int, T3)"
:stage.process:model.layers.0.self_attn.q_proj,PushPop,2264054,2266203,1,4,538143,134535.8,134255.5,11616,258016,141899.4,"void at::native::elementwise_kernel<(int)128, (int)2, void at::native::gpu_kernel_impl_nocast<at::native::BinaryFunctor<long, long, long, at::native::rshift_kernel_cuda(at::TensorIteratorBase &)::[lambda() (instance 1)]::operator ()() const::[lambda() (instance 4)]::operator ()() const::[lambda(long, long) (instance 1)]>>(at::TensorIteratorBase &, const T1 &)::[lambda(int) (instance 1)]>(int, T3)"
:stage.process:model.layers.0.self_attn.q_proj,PushPop,2264054,2266203,1,113,504832,4467.5,3360.0,2944,15776,3442.9,"void cublasLt::splitKreduce_kernel<(int)32, (int)16, int, float, float, float, float, (bool)0, float, float, float, (bool)1, (bool)0, (bool)0, (bool)0>(cublasLt::cublasSplitKParams<T6>, const T4 *, const T10 *, T9 *, T5 *, const T6 *, const T6 *, const T11 *, const T4 *, T11 *, void *, long, T6 *, int *, T6 *, T6 *, const T6 *, const T6 *, const T6 *, const T6 *, const T6 *)"
:stage.process:model.layers.0.self_attn.q_proj,PushPop,2264054,2266203,1,7,494239,70605.6,6176.0,5792,226336,106118.2,"void at::native::index_elementwise_kernel<(int)128, (int)4, void at::native::gpu_index_kernel<void at::native::index_kernel_impl<at::native::OpaqueType<(int)8>>(at::TensorIteratorBase &, c10::ArrayRef<long>, c10::ArrayRef<long>)::[lambda(char *, const char *, long) (instance 1)]>(at::TensorIteratorBase &, c10::ArrayRef<long>, c10::ArrayRef<long>, const T1 &, bool)::[lambda(int) (instance 1)]>(long, T3)"
:stage.process:model.layers.0.self_attn.q_proj,PushPop,2264054,2266203,1,255,488702,1916.5,1952.0,1568,2304,128.4,"void at::native::vectorized_elementwise_kernel<(int)2, at::native::CUDAFunctor_add<long>, std::array<char *, (unsigned long)3>>(int, T2, T3)"
:stage.process:model.layers.0.self_attn.q_proj,PushPop,2264054,2266203,1,272,480608,1766.9,1728.0,1696,3744,257.3,"void at::native::vectorized_elementwise_kernel<(int)4, at::native::BinaryFunctor<bool, bool, bool, at::native::BitwiseOrFunctor<bool>>, std::array<char *, (unsigned long)3>>(int, T2, T3)"
:stage.process:model.layers.0.self_attn.q_proj,PushPop,2264054,2266203,1,16,329408,20588.0,20288.0,19968,21760,626.9,"void at::native::<unnamed>::CatArrayBatchedCopy<at::native::<unnamed>::OpaqueType<(unsigned int)4>, unsigned int, (int)2, (int)64, (int)64>(T1 *, at::native::<unnamed>::CatArrInputTensorMetadata<T1, T2, T4, T5>, at::native::<unnamed>::TensorSizeStride<T2, (unsigned int)4>, int, T2)"
:stage.process:model.layers.0.self_attn.q_proj,PushPop,2264054,2266203,1,132,312190,2365.1,1792.0,1664,22207,3390.5,"void at::native::vectorized_elementwise_kernel<(int)4, at::native::BinaryFunctor<long, long, bool, at::native::<unnamed>::CompareEqFunctor<long>>, std::array<char *, (unsigned long)3>>(int, T2, T3)"
:stage.process:model.layers.0.self_attn.q_proj,PushPop,2264054,2266203,1,128,279904,2186.8,2176.0,2144,2208,15.7,"void at::native::elementwise_kernel<(int)128, (int)2, void at::native::gpu_kernel_impl_nocast<at::native::BUnaryFunctor<long, long, long, at::native::rshift_kernel_cuda(at::TensorIteratorBase &)::[lambda() (instance 1)]::operator ()() const::[lambda() (instance 4)]::operator ()() const::[lambda(long, long) (instance 1)]>>(at::TensorIteratorBase &, const T1 &)::[lambda(int) (instance 1)]>(int, T3)"
:stage.process:model.layers.0.self_attn.q_proj,PushPop,2264054,2266203,1,17,234464,13792.0,14688.0,11200,15136,1400.2,ampere_sgemm_64x32_sliced1x4_nn
:stage.process:model.layers.0.self_attn.q_proj,PushPop,2264054,2266203,1,10,213759,21375.9,21344.0,21120,21759,167.7,"std::enable_if<!T7, void>::type internal::gemvx::kernel<int, int, float, float, float, float, (bool)0, (bool)1, (bool)1, (bool)0, (int)7, (bool)0, cublasGemvParamsEx<int, cublasGemvTensorStridedBatched<const float>, cublasGemvTensorStridedBatched<const float>, cublasGemvTensorStridedBatched<float>, float>>(T13)"
:stage.process:model.layers.0.self_attn.q_proj,PushPop,2264054,2266203,1,10,206975,20697.5,18688.0,3552,51744,12013.7,"void at::native::elementwise_kernel<(int)128, (int)2, void at::native::gpu_kernel_impl_nocast<at::native::BinaryFunctor<float, float, float, at::native::binary_internal::MulFunctor<float>>>(at::TensorIteratorBase &, const T1 &)::[lambda(int) (instance 1)]>(int, T3)"
:stage.process:model.layers.0.self_attn.q_proj,PushPop,2264054,2266203,1,9,179488,19943.1,19936.0,19808,20064,91.6,"void at::native::vectorized_elementwise_kernel<(int)4, at::native::BinaryFunctor<float, float, float, at::native::binary_internal::MulFunctor<float>>, std::array<char *, (unsigned long)3>>(int, T2, T3)"
:stage.process:model.layers.0.self_attn.q_proj,PushPop,2264054,2266203,1,16,170400,10650.0,10384.0,9280,12192,935.0,void cutlass::Kernel2<cutlass_80_simt_sgemm_128x32_8x5_nn_align1>(T1::Params)
:stage.process:model.layers.0.self_attn.q_proj,PushPop,2264054,2266203,1,3,142720,47573.3,47552.0,47456,47712,129.3,"void at::native::triu_tril_kernel<float, int, (bool)0, (int)2, (bool)1>(at::cuda::detail::TensorInfo<T1, T2>, at::cuda::detail::TensorInfo<const T1, T2>, long, long, T2)"
:stage.process:model.layers.0.self_attn.q_proj,PushPop,2264054,2266203,1,6,132704,22117.3,22064.0,16224,28096,6456.1,"void trsm_batch_left_upper_kernel_small<float, (int)16, (int)16, (int)64>(cublasTrsmBatchParams<T1>, const T1 *const *, T1 *const *, const T1 *, T1)"
:stage.process:model.layers.0.self_attn.q_proj,PushPop,2264054,2266203,1,10,119072,11907.2,11872.0,10848,13440,675.5,"void at::native::reduce_kernel<(int)512, (int)1, at::native::ReduceOp<float, at::native::func_wrapper_t<float, at::native::sum_functor<float, float, float>::operator ()(at::TensorIterator &)::[lambda(float, float) (instance 1)]>, unsigned int, float, (int)4, (int)4>>(T3)"
:stage.process:model.layers.0.self_attn.q_proj,PushPop,2264054,2266203,1,14,108512,7750.9,7408.0,1344,21600,4603.7,"void at::native::vectorized_elementwise_kernel<(int)4, at::native::FillFunctor<float>, std::array<char *, (unsigned long)1>>(int, T2, T3)"
:stage.process:model.layers.0.self_attn.q_proj,PushPop,2264054,2266203,1,9,94175,10463.9,11680.0,1728,11872,3296.5,"void at::native::vectorized_elementwise_kernel<(int)4, at::native::BUnaryFunctor<float, float, float, at::native::binary_internal::MulFunctor<float>>, std::array<char *, (unsigned long)2>>(int, T2, T3)"
:stage.process:model.layers.0.self_attn.q_proj,PushPop,2264054,2266203,1,17,88480,5204.7,2464.0,2400,20576,6077.1,"void at::native::vectorized_elementwise_kernel<(int)2, at::native::BinaryFunctor<long, long, long, at::native::BitwiseXorFunctor<long>>, std::array<char *, (unsigned long)3>>(int, T2, T3)"
:stage.process:model.layers.0.self_attn.q_proj,PushPop,2264054,2266203,1,19,75648,3981.5,2304.0,2176,10624,3440.5,"void at::native::vectorized_elementwise_kernel<(int)2, at::native::BUnaryFunctor<long, long, long, at::native::rshift_kernel_cuda(at::TensorIteratorBase &)::[lambda() (instance 1)]::operator ()() const::[lambda() (instance 4)]::operator ()() const::[lambda(long, long) (instance 1)]>, std::array<char *, (unsigned long)2>>(int, T2, T3)"
:stage.process:model.layers.0.self_attn.q_proj,PushPop,2264054,2266203,1,1,75360,75360.0,75360.0,75360,75360,0.0,"void at::native::<unnamed>::CatArrayBatchedCopy_alignedK_contig<at::native::<unnamed>::OpaqueType<(unsigned int)8>, unsigned int, (int)3, (int)128, (int)1, (int)16>(T1 *, at::native::<unnamed>::CatArrInputTensorMetadata<T1, T2, T4, T5>, at::native::<unnamed>::TensorSizeStride<T2, (unsigned int)4>, int, T2)"
:stage.process:model.layers.0.self_attn.q_proj,PushPop,2264054,2266203,1,10,72960,7296.0,7408.0,3936,11040,2124.8,"void at::native::reduce_kernel<(int)512, (int)1, at::native::ReduceOp<float, at::native::MeanOps<float, float, float, float>, unsigned int, float, (int)4, (int)4>>(T3)"
:stage.process:model.layers.0.self_attn.q_proj,PushPop,2264054,2266203,1,10,40127,4012.7,4064.0,3327,4704,457.0,"void at::native::elementwise_kernel<(int)128, (int)2, void at::native::gpu_kernel_impl_nocast<at::native::CUDAFunctorOnSelf_add<float>>(at::TensorIteratorBase &, const T1 &)::[lambda(int) (instance 1)]>(int, T3)"
:stage.process:model.layers.0.self_attn.q_proj,PushPop,2264054,2266203,1,2,38592,19296.0,19296.0,19264,19328,45.3,"void at::native::vectorized_elementwise_kernel<(int)2, at::native::BinaryFunctor<long, long, long, at::native::BitwiseOrFunctor<long>>, std::array<char *, (unsigned long)3>>(int, T2, T3)"
:stage.process:model.layers.0.self_attn.q_proj,PushPop,2264054,2266203,1,6,30144,5024.0,1872.0,1600,11616,5097.5,"void at::native::vectorized_elementwise_kernel<(int)4, at::native::AUnaryFunctor<float, float, float, at::native::binary_internal::MulFunctor<float>>, std::array<char *, (unsigned long)2>>(int, T2, T3)"
:stage.process:model.layers.0.self_attn.q_proj,PushPop,2264054,2266203,1,10,28832,2883.2,2336.0,1632,10240,2604.0,"void at::native::vectorized_elementwise_kernel<(int)2, at::native::CUDAFunctorOnSelf_add<long>, std::array<char *, (unsigned long)2>>(int, T2, T3)"
:stage.process:model.layers.0.self_attn.q_proj,PushPop,2264054,2266203,1,12,25599,2133.3,2223.5,1920,2336,150.3,"void at::native::vectorized_elementwise_kernel<(int)4, at::native::<unnamed>::CompareFunctor<float>, std::array<char *, (unsigned long)3>>(int, T2, T3)"
:stage.process:model.layers.0.self_attn.q_proj,PushPop,2264054,2266203,1,5,22272,4454.4,4416.0,4416,4544,57.2,"void at::native::<unnamed>::CatArrayBatchedCopy_alignedK_contig<at::native::<unnamed>::OpaqueType<(unsigned int)8>, unsigned int, (int)2, (int)128, (int)1, (int)16>(T1 *, at::native::<unnamed>::CatArrInputTensorMetadata<T1, T2, T4, T5>, at::native::<unnamed>::TensorSizeStride<T2, (unsigned int)4>, int, T2)"
:stage.process:model.layers.0.self_attn.q_proj,PushPop,2264054,2266203,1,3,20480,6826.7,8384.0,3648,8448,2753.0,"void at::native::unrolled_elementwise_kernel<at::native::direct_copy_kernel_cuda(at::TensorIteratorBase &)::[lambda() (instance 3)]::operator ()() const::[lambda() (instance 3)]::operator ()() const::[lambda(int) (instance 1)], std::array<char *, (unsigned long)2>, (int)4, TrivialOffsetCalculator<(int)1, unsigned int>, TrivialOffsetCalculator<(int)1, unsigned int>, at::native::memory::LoadWithCast<(int)1>, at::native::memory::StoreWithCast<(int)1>>(int, T1, T2, T4, T5, T6, T7)"
:stage.process:model.layers.0.self_attn.q_proj,PushPop,2264054,2266203,1,2,19935,9967.5,9967.5,9792,10143,248.2,"void at::native::vectorized_elementwise_kernel<(int)2, at::native::BUnaryFunctor<long, long, long, at::native::lshift_kernel_cuda(at::TensorIteratorBase &)::[lambda() (instance 1)]::operator ()() const::[lambda() (instance 4)]::operator ()() const::[lambda(long, long) (instance 1)]>, std::array<char *, (unsigned long)2>>(int, T2, T3)"
:stage.process:model.layers.0.self_attn.q_proj,PushPop,2264054,2266203,1,1,19296,19296.0,19296.0,19296,19296,0.0,"void at::native::elementwise_kernel<(int)128, (int)2, void at::native::gpu_kernel_impl_nocast<at::native::BinaryFunctor<float, float, float, at::native::binary_internal::DivFunctor<float>>>(at::TensorIteratorBase &, const T1 &)::[lambda(int) (instance 1)]>(int, T3)"
:stage.process:model.layers.0.self_attn.q_proj,PushPop,2264054,2266203,1,10,18880,1888.0,1888.0,1856,1984,39.9,"void at::native::vectorized_elementwise_kernel<(int)4, at::native::FillFunctor<unsigned char>, std::array<char *, (unsigned long)1>>(int, T2, T3)"
:stage.process:model.layers.0.self_attn.q_proj,PushPop,2264054,2266203,1,5,16864,3372.8,2976.0,2912,4512,684.3,"void at::native::<unnamed>::CatArrayBatchedCopy_vectorized<at::native::<unnamed>::OpaqueType<(unsigned int)2>, unsigned int, (int)1, (int)128, (int)1, (int)16, (int)8>(char *, at::native::<unnamed>::CatArrInputTensorMetadata<T1, T2, T4, T5>, at::native::<unnamed>::TensorSizeStride<T2, (unsigned int)4>, int, T2)"
:stage.process:model.layers.0.self_attn.q_proj,PushPop,2264054,2266203,1,1,15840,15840.0,15840.0,15840,15840,0.0,"void at::native::vectorized_elementwise_kernel<(int)4, void at::native::<unnamed>::pow_tensor_scalar_kernel_impl<float, float>(at::TensorIteratorBase &, T2)::[lambda(float) (instance 1)], std::array<char *, (unsigned long)2>>(int, T2, T3)"
:stage.process:model.layers.0.self_attn.q_proj,PushPop,2264054,2266203,1,4,14496,3624.0,3632.0,3456,3776,176.0,"void at::native::vectorized_elementwise_kernel<(int)2, at::native::BUnaryFunctor<long, long, long, at::native::remainder_kernel_cuda(at::TensorIteratorBase &)::[lambda() (instance 1)]::operator ()() const::[lambda() (instance 4)]::operator ()() const::[lambda(long, long) (instance 1)]>, std::array<char *, (unsigned long)2>>(int, T2, T3)"
:stage.process:model.layers.0.self_attn.q_proj,PushPop,2264054,2266203,1,3,13376,4458.7,4512.0,4064,4800,370.9,"void at::native::elementwise_kernel<(int)128, (int)2, void at::native::gpu_kernel_impl_nocast<at::native::direct_copy_kernel_cuda(at::TensorIteratorBase &)::[lambda() (instance 3)]::operator ()() const::[lambda() (instance 3)]::operator ()() const::[lambda(int) (instance 1)]>(at::TensorIteratorBase &, const T1 &)::[lambda(int) (instance 1)]>(int, T3)"
:stage.process:model.layers.0.self_attn.q_proj,PushPop,2264054,2266203,1,8,11968,1496.0,1520.0,1408,1568,58.6,"void at::native::unrolled_elementwise_kernel<at::native::AUnaryFunctor<long, long, long, at::native::BitwiseAndFunctor<long>>, std::array<char *, (unsigned long)2>, (int)4, TrivialOffsetCalculator<(int)1, unsigned int>, TrivialOffsetCalculator<(int)1, unsigned int>, at::native::memory::LoadWithoutCast, at::native::memory::StoreWithoutCast>(int, T1, T2, T4, T5, T6, T7)"
:stage.process:model.layers.0.self_attn.q_proj,PushPop,2264054,2266203,1,6,11520,1920.0,1792.0,1760,2304,231.6,"void at::native::unrolled_elementwise_kernel<at::native::<unnamed>::CompareFunctor<c10::Half>, std::array<char *, (unsigned long)3>, (int)4, TrivialOffsetCalculator<(int)2, unsigned int>, TrivialOffsetCalculator<(int)1, unsigned int>, at::native::memory::LoadWithoutCast, at::native::memory::StoreWithoutCast>(int, T1, T2, T4, T5, T6, T7)"
:stage.process:model.layers.0.self_attn.q_proj,PushPop,2264054,2266203,1,1,11296,11296.0,11296.0,11296,11296,0.0,"void at::native::vectorized_elementwise_kernel<(int)4, at::native::float16_copy_kernel_cuda(at::TensorIteratorBase &)::[lambda(float) (instance 1)], std::array<char *, (unsigned long)2>>(int, T2, T3)"
:stage.process:model.layers.0.self_attn.q_proj,PushPop,2264054,2266203,1,1,10688,10688.0,10688.0,10688,10688,0.0,"void at::native::reduce_kernel<(int)128, (int)4, at::native::ReduceOp<long, at::native::func_wrapper_t<long, at::native::sum_functor<long, long, long>::operator ()(at::TensorIterator &)::[lambda(long, long) (instance 1)]>, unsigned int, long, (int)4, (int)4>>(T3)"
:stage.process:model.layers.0.self_attn.q_proj,PushPop,2264054,2266203,1,3,10176,3392.0,3296.0,3264,3616,194.6,"void at::native::unrolled_elementwise_kernel<at::native::direct_copy_kernel_cuda(at::TensorIteratorBase &)::[lambda() (instance 3)]::operator ()() const::[lambda() (instance 1)]::operator ()() const::[lambda(unsigned char) (instance 1)], std::array<char *, (unsigned long)2>, (int)4, TrivialOffsetCalculator<(int)1, unsigned int>, TrivialOffsetCalculator<(int)1, unsigned int>, at::native::memory::LoadWithCast<(int)1>, at::native::memory::StoreWithCast<(int)1>>(int, T1, T2, T4, T5, T6, T7)"
:stage.process:model.layers.0.self_attn.q_proj,PushPop,2264054,2266203,1,1,9248,9248.0,9248.0,9248,9248,0.0,ampere_sgemm_32x32_sliced1x4_nn
:stage.process:model.layers.0.self_attn.q_proj,PushPop,2264054,2266203,1,4,8480,2120.0,2080.0,2048,2272,105.7,"void at::native::vectorized_elementwise_kernel<(int)4, at::native::FillFunctor<bool>, std::array<char *, (unsigned long)1>>(int, T2, T3)"
:stage.process:model.layers.0.self_attn.q_proj,PushPop,2264054,2266203,1,3,7936,2645.3,2592.0,2560,2784,121.2,"void at::native::vectorized_elementwise_kernel<(int)4, at::native::AUnaryFunctor<unsigned char, unsigned char, bool, at::native::<unnamed>::CompareEqFunctor<unsigned char>>, std::array<char *, (unsigned long)2>>(int, T2, T3)"
:stage.process:model.layers.0.self_attn.q_proj,PushPop,2264054,2266203,1,4,7872,1968.0,2000.0,1760,2112,149.0,"void at::native::vectorized_elementwise_kernel<(int)4, void at::native::compare_scalar_kernel<c10::Half>(at::TensorIteratorBase &, at::native::<unnamed>::OpType, T1)::[lambda(c10::Half) (instance 1)], std::array<char *, (unsigned long)2>>(int, T2, T3)"
:stage.process:model.layers.0.self_attn.q_proj,PushPop,2264054,2266203,1,2,7360,3680.0,3680.0,3552,3808,181.0,"void at::native::vectorized_elementwise_kernel<(int)2, at::native::BUnaryFunctor<long, long, long, at::native::binary_internal::div_floor_kernel_cuda(at::TensorIteratorBase &)::[lambda() (instance 1)]::operator ()() const::[lambda() (instance 4)]::operator ()() const::[lambda(long, long) (instance 1)]>, std::array<char *, (unsigned long)2>>(int, T2, T3)"
:stage.process:model.layers.0.self_attn.q_proj,PushPop,2264054,2266203,1,2,6560,3280.0,3280.0,3264,3296,22.6,"void at::native::elementwise_kernel<(int)128, (int)2, void at::native::gpu_kernel_impl_nocast<at::native::AbsFunctor<float>>(at::TensorIteratorBase &, const T1 &)::[lambda(int) (instance 1)]>(int, T3)"
:stage.process:model.layers.0.self_attn.q_proj,PushPop,2264054,2266203,1,3,5920,1973.3,2080.0,1728,2112,213.1,"void at::native::vectorized_elementwise_kernel<(int)4, at::native::BinaryFunctor<float, float, float, at::native::maximum_kernel_cuda(at::TensorIteratorBase &)::[lambda() (instance 2)]::operator ()() const::[lambda() (instance 2)]::operator ()() const::[lambda(float, float) (instance 1)]>, std::array<char *, (unsigned long)3>>(int, T2, T3)"
:stage.process:model.layers.0.self_attn.q_proj,PushPop,2264054,2266203,1,2,4672,2336.0,2336.0,2304,2368,45.3,"void at::native::vectorized_elementwise_kernel<(int)2, at::native::CUDAFunctorOnOther_add<long>, std::array<char *, (unsigned long)2>>(int, T2, T3)"
:stage.process:model.layers.0.self_attn.q_proj,PushPop,2264054,2266203,1,3,4512,1504.0,1472.0,1472,1568,55.4,"xxtrf4_set_info_ker(int, int *)"
:stage.process:model.layers.0.self_attn.q_proj,PushPop,2264054,2266203,1,1,3680,3680.0,3680.0,3680,3680,0.0,"void at::native::vectorized_elementwise_kernel<(int)4, at::native::AUnaryFunctor<unsigned char, unsigned char, unsigned char, at::native::binary_internal::MulFunctor<unsigned char>>, std::array<char *, (unsigned long)2>>(int, T2, T3)"
:stage.process:model.layers.0.self_attn.q_proj,PushPop,2264054,2266203,1,1,2720,2720.0,2720.0,2720,2720,0.0,"void at::native::vectorized_elementwise_kernel<(int)4, at::native::BinaryFunctor<unsigned char, unsigned char, bool, at::native::<unnamed>::CompareEqFunctor<unsigned char>>, std::array<char *, (unsigned long)3>>(int, T2, T3)"
:stage.process:model.layers.0.self_attn.q_proj,PushPop,2264054,2266203,1,1,2176,2176.0,2176.0,2176,2176,0.0,"void at::native::unrolled_elementwise_kernel<at::native::direct_copy_kernel_cuda(at::TensorIteratorBase &)::[lambda() (instance 3)]::operator ()() const::[lambda() (instance 11)]::operator ()() const::[lambda(bool) (instance 1)], std::array<char *, (unsigned long)2>, (int)4, TrivialOffsetCalculator<(int)1, unsigned int>, TrivialOffsetCalculator<(int)1, unsigned int>, at::native::memory::LoadWithCast<(int)1>, at::native::memory::StoreWithCast<(int)1>>(int, T1, T2, T4, T5, T6, T7)"
:stage.process:model.layers.0.self_attn.q_proj,PushPop,2264054,2266203,1,1,2144,2144.0,2144.0,2144,2144,0.0,"void at::native::vectorized_elementwise_kernel<(int)4, at::native::<unnamed>::launch_clamp_scalar(at::TensorIteratorBase &, c10::Scalar, c10::Scalar, at::native::detail::ClampLimits)::[lambda() (instance 1)]::operator ()() const::[lambda() (instance 7)]::operator ()() const::[lambda(float) (instance 1)], std::array<char *, (unsigned long)2>>(int, T2, T3)"
:stage.process:model.layers.0.self_attn.q_proj,PushPop,2264054,2266203,1,1,1824,1824.0,1824.0,1824,1824,0.0,"void at::native::vectorized_elementwise_kernel<(int)4, at::native::sqrt_kernel_cuda(at::TensorIteratorBase &)::[lambda() (instance 2)]::operator ()() const::[lambda() (instance 2)]::operator ()() const::[lambda(float) (instance 1)], std::array<char *, (unsigned long)2>>(int, T2, T3)"
:stage.process:model.layers.0.self_attn.v_proj,PushPop,2264054,2266203,1,9680,1707810821,176426.7,147584.0,132320,299359,59989.0,"void <unnamed>::qvq_v2_segment_grid_kernel<(int)4, (int)2, (int)16, (bool)1, (bool)0, __half, unsigned char>(const float *, const T6 *, const float *, const long *, const float *, const float *, float *, T7 *, unsigned char *, int, int, int, bool, bool)"
:stage.process:model.layers.0.self_attn.v_proj,PushPop,2264054,2266203,1,574,786077488,1369473.0,1367565.5,1350654,1416254,8542.4,"void <unnamed>::qvq_viterbi_kernel<(int)4, (int)2, __half, unsigned char>(const float *, const T3 *, const float *, const long *, const float *, T4 *, long *, float *, int, int, int, bool, bool, bool)"
:stage.process:model.layers.0.self_attn.v_proj,PushPop,2264054,2266203,1,1210,101218519,83651.7,80912.0,67200,103136,9597.7,"void <unnamed>::qvq_v2_segment_grid_finalize_kernel<(int)4, (int)2, (int)16, (bool)0, __half, unsigned char>(const float *, const T5 *, const float *, const long *, const float *, const float *, const T6 *, const unsigned char *, long *, unsigned char *, float *, int, int, bool, bool)"
:stage.process:model.layers.0.self_attn.v_proj,PushPop,2264054,2266203,1,468,30188917,64506.2,70720.0,20736,71808,14728.6,void cutlass::Kernel2<cutlass_80_simt_sgemm_128x32_8x5_nt_align1>(T1::Params)
:stage.process:model.layers.0.self_attn.v_proj,PushPop,2264054,2266203,1,2544,23469668,9225.5,7648.0,3968,18816,4128.9,"void at::native::index_elementwise_kernel<(int)128, (int)4, void at::native::gpu_index_kernel<void at::native::index_kernel_impl<at::native::OpaqueType<(int)4>>(at::TensorIteratorBase &, c10::ArrayRef<long>, c10::ArrayRef<long>)::[lambda(char *, const char *, long) (instance 1)]>(at::TensorIteratorBase &, c10::ArrayRef<long>, c10::ArrayRef<long>, const T1 &, bool)::[lambda(int) (instance 1)]>(long, T3)"
:stage.process:model.layers.0.self_attn.v_proj,PushPop,2264054,2266203,1,2580,13127757,5088.3,4576.0,2656,11584,1599.1,"void at::native::reduce_kernel<(int)512, (int)1, at::native::ReduceOp<bool, at::native::func_wrapper_t<bool, at::native::and_kernel_cuda(at::TensorIterator &)::[lambda() (instance 1)]::operator ()() const::[lambda() (instance 12)]::operator ()() const::[lambda(bool, bool) (instance 1)]>, unsigned int, bool, (int)4, (int)4>>(T3)"
:stage.process:model.layers.0.self_attn.v_proj,PushPop,2264054,2266203,1,1021,8744118,8564.3,8352.0,4384,12736,1783.1,"void at::native::index_elementwise_kernel<(int)128, (int)4, void at::native::gpu_index_kernel<void at::native::index_kernel_impl<at::native::OpaqueType<(int)2>>(at::TensorIteratorBase &, c10::ArrayRef<long>, c10::ArrayRef<long>)::[lambda(char *, const char *, long) (instance 1)]>(at::TensorIteratorBase &, c10::ArrayRef<long>, c10::ArrayRef<long>, const T1 &, bool)::[lambda(int) (instance 1)]>(long, T3)"
:stage.process:model.layers.0.self_attn.v_proj,PushPop,2264054,2266203,1,1272,8268148,6500.1,6592.0,3488,6944,368.7,"void at::native::index_elementwise_kernel<(int)128, (int)4, void at::native::gpu_index_kernel<void at::native::index_put_kernel_impl<at::native::OpaqueType<(int)4>>(at::TensorIterator &, c10::ArrayRef<long>, c10::ArrayRef<long>)::[lambda(char *, const char *, long) (instance 1)]>(at::TensorIteratorBase &, c10::ArrayRef<long>, c10::ArrayRef<long>, const T1 &, bool)::[lambda(int) (instance 1)]>(long, T3)"
:stage.process:model.layers.0.self_attn.v_proj,PushPop,2264054,2266203,1,1404,6557015,4670.2,4704.0,3104,5024,293.7,"void at::native::reduce_kernel<(int)512, (int)1, at::native::ReduceOp<float, at::native::func_wrapper_t<float, at::native::MaxNanFunctor<float>>, unsigned int, float, (int)4, (int)4>>(T3)"
:stage.process:model.layers.0.self_attn.v_proj,PushPop,2264054,2266203,1,772,6443126,8346.0,8352.0,8064,8640,89.0,"void at::native::reduce_kernel<(int)512, (int)1, at::native::ReduceOp<c10::Half, at::native::func_wrapper_t<c10::Half, at::native::MaxNanFunctor<c10::Half>>, unsigned int, c10::Half, (int)4, (int)4>>(T3)"
:stage.process:model.layers.0.self_attn.v_proj,PushPop,2264054,2266203,1,1841,6031000,3275.9,3104.0,2112,48608,2808.8,"void at::native::elementwise_kernel<(int)128, (int)2, void at::native::gpu_kernel_impl_nocast<at::native::direct_copy_kernel_cuda(at::TensorIteratorBase &)::[lambda() (instance 3)]::operator ()() const::[lambda() (instance 7)]::operator ()() const::[lambda(float) (instance 1)]>(at::TensorIteratorBase &, const T1 &)::[lambda(int) (instance 1)]>(int, T3)"
:stage.process:model.layers.0.self_attn.v_proj,PushPop,2264054,2266203,1,400,5811511,14528.8,4032.0,3999,66464,20363.7,ampere_sgemm_32x128_nt
:stage.process:model.layers.0.self_attn.v_proj,PushPop,2264054,2266203,1,2843,5804696,2041.8,1984.0,1536,17440,538.3,"void at::native::vectorized_elementwise_kernel<(int)4, at::native::AbsFunctor<float>, std::array<char *, (unsigned long)2>>(int, T2, T3)"
:stage.process:model.layers.0.self_attn.v_proj,PushPop,2264054,2266203,1,66,5005882,75846.7,46463.5,39040,245152,71517.2,ampere_sgemm_32x32_sliced1x4_nt
:stage.process:model.layers.0.self_attn.v_proj,PushPop,2264054,2266203,1,1784,4988277,2796.1,2752.0,2176,4480,622.8,"<unnamed>::qvq_half2_codebook_norm_pack_kernel(const __half *, unsigned long *, int)"
:stage.process:model.layers.0.self_attn.v_proj,PushPop,2264054,2266203,1,2209,4684345,2120.6,2048.0,1600,6464,219.6,"void at::native::vectorized_elementwise_kernel<(int)4, at::native::BinaryFunctor<bool, bool, bool, at::native::binary_internal::MulFunctor<bool>>, std::array<char *, (unsigned long)3>>(int, T2, T3)"
:stage.process:model.layers.0.self_attn.v_proj,PushPop,2264054,2266203,1,262,4553848,17381.1,5072.0,3328,57888,17342.9,"void gemmSN_NN_kernel<float, (int)256, (int)4, (int)2, (int)8, (int)4, (int)4, (bool)0, cublasGemvTensorStridedBatched<const float>, cublasGemvTensorStridedBatched<const float>, cublasGemvTensorStridedBatched<float>>(cublasGemmSmallNParams<T9, T10, T11, T1>)"
:stage.process:model.layers.0.self_attn.v_proj,PushPop,2264054,2266203,1,636,4300792,6762.3,6880.0,3360,7488,574.5,"void at::native::index_elementwise_kernel<(int)128, (int)4, void at::native::gpu_index_kernel<void at::native::index_put_kernel_impl<at::native::OpaqueType<(int)8>>(at::TensorIterator &, c10::ArrayRef<long>, c10::ArrayRef<long>)::[lambda(char *, const char *, long) (instance 1)]>(at::TensorIteratorBase &, c10::ArrayRef<long>, c10::ArrayRef<long>, const T1 &, bool)::[lambda(int) (instance 1)]>(long, T3)"
:stage.process:model.layers.0.self_attn.v_proj,PushPop,2264054,2266203,1,901,3494556,3878.5,3840.0,2528,7200,251.1,"void at::native::unrolled_elementwise_kernel<at::native::direct_copy_kernel_cuda(at::TensorIteratorBase &)::[lambda() (instance 3)]::operator ()() const::[lambda() (instance 7)]::operator ()() const::[lambda(float) (instance 1)], std::array<char *, (unsigned long)2>, (int)4, TrivialOffsetCalculator<(int)1, unsigned int>, TrivialOffsetCalculator<(int)1, unsigned int>, at::native::memory::LoadWithCast<(int)1>, at::native::memory::StoreWithCast<(int)1>>(int, T1, T2, T4, T5, T6, T7)"
:stage.process:model.layers.0.self_attn.v_proj,PushPop,2264054,2266203,1,1542,3311963,2147.8,2144.0,1568,2848,56.9,"void at::native::vectorized_elementwise_kernel<(int)4, at::native::AbsFunctor<c10::Half>, std::array<char *, (unsigned long)2>>(int, T2, T3)"
:stage.process:model.layers.0.self_attn.v_proj,PushPop,2264054,2266203,1,516,3147481,6099.8,6368.0,4320,6816,665.5,"void gemmSN_NN_kernel<float, (int)128, (int)2, (int)4, (int)8, (int)4, (int)4, (bool)0, cublasGemvTensorStridedBatched<const float>, cublasGemvTensorStridedBatched<const float>, cublasGemvTensorStridedBatched<float>>(cublasGemmSmallNParams<T9, T10, T11, T1>)"
:stage.process:model.layers.0.self_attn.v_proj,PushPop,2264054,2266203,1,1440,3006810,2088.1,2048.0,1504,12640,567.2,"void at::native::vectorized_elementwise_kernel<(int)4, at::native::BinaryFunctor<float, float, bool, at::native::<unnamed>::CompareEqFunctor<float>>, std::array<char *, (unsigned long)3>>(int, T2, T3)"
:stage.process:model.layers.0.self_attn.v_proj,PushPop,2264054,2266203,1,1439,2942329,2044.7,2048.0,1504,6240,242.9,"void at::native::vectorized_elementwise_kernel<(int)4, at::native::AUnaryFunctor<float, float, bool, at::native::<unnamed>::CompareEqFunctor<float>>, std::array<char *, (unsigned long)2>>(int, T2, T3)"
:stage.process:model.layers.0.self_attn.v_proj,PushPop,2264054,2266203,1,12,2838268,236522.3,238720.0,231488,239488,3563.3,ampere_sgemm_128x64_nn
:stage.process:model.layers.0.self_attn.v_proj,PushPop,2264054,2266203,1,862,2619962,3039.4,2944.0,1856,8832,295.3,"void at::native::elementwise_kernel<(int)128, (int)2, void at::native::gpu_kernel_impl_nocast<at::native::direct_copy_kernel_cuda(at::TensorIteratorBase &)::[lambda() (instance 3)]::operator ()() const::[lambda() (instance 4)]::operator ()() const::[lambda(long) (instance 1)]>(at::TensorIteratorBase &, const T1 &)::[lambda(int) (instance 1)]>(int, T3)"
:stage.process:model.layers.0.self_attn.v_proj,PushPop,2264054,2266203,1,282,2331072,8266.2,8288.0,7872,8544,68.4,"void batch_trsm_left_kernel<float, (int)64, (int)4, (int)3, (bool)0, (bool)0, (bool)1>(cublasTrsmBatchParams2<T1>, T1, const T1 *, int)"
:stage.process:model.layers.0.self_attn.v_proj,PushPop,2264054,2266203,1,1276,2282108,1788.5,1760.0,1536,2208,124.7,"void at::native::vectorized_elementwise_kernel<(int)4, at::native::BinaryFunctor<bool, bool, bool, at::native::logical_or_kernel_cuda(at::TensorIterator &)::[lambda() (instance 2)]::operator ()() const::[lambda() (instance 9)]::operator ()() const::[lambda(bool, bool) (instance 1)]>, std::array<char *, (unsigned long)3>>(int, T2, T3)"
:stage.process:model.layers.0.self_attn.v_proj,PushPop,2264054,2266203,1,477,2204860,4622.3,4832.0,3264,5504,597.9,"void at::native::index_elementwise_kernel<(int)128, (int)4, void at::native::gpu_index_kernel<void at::native::index_put_kernel_impl<at::native::OpaqueType<(int)1>>(at::TensorIterator &, c10::ArrayRef<long>, c10::ArrayRef<long>)::[lambda(char *, const char *, long) (instance 1)]>(at::TensorIteratorBase &, c10::ArrayRef<long>, c10::ArrayRef<long>, const T1 &, bool)::[lambda(int) (instance 1)]>(long, T3)"
:stage.process:model.layers.0.self_attn.v_proj,PushPop,2264054,2266203,1,892,2194525,2460.2,2432.0,1760,2720,117.5,"void at::native::roll_cuda_kernel<float>(const T1 *, T1 *, long, long, long, long, long, long)"
:stage.process:model.layers.0.self_attn.v_proj,PushPop,2264054,2266203,1,3,2082427,694142.3,923934.0,234463,924030,398094.0,"void kernel<getrf_wo_pivot_params_<float, (int)0, (int)256, (int)1, (int)64, (int)64, (int)68, (int)8, (int)1, (int)1>>(int, int, void *, int, void *, int, int, int, int, int, int *)"
:stage.process:model.layers.0.self_attn.v_proj,PushPop,2264054,2266203,1,413,2008635,4863.5,3776.0,3200,48671,3406.4,"void at::native::elementwise_kernel<(int)128, (int)2, void at::native::gpu_kernel_impl_nocast<at::native::CUDAFunctor_add<float>>(at::TensorIteratorBase &, const T1 &)::[lambda(int) (instance 1)]>(int, T3)"
:stage.process:model.layers.0.self_attn.v_proj,PushPop,2264054,2266203,1,884,1954238,2210.7,2240.0,1824,2784,163.2,"void at::native::elementwise_kernel<(int)128, (int)2, void at::native::gpu_kernel_impl_nocast<at::native::AUnaryFunctor<long, long, long, at::native::BitwiseAndFunctor<long>>>(at::TensorIteratorBase &, const T1 &)::[lambda(int) (instance 1)]>(int, T3)"
:stage.process:model.layers.0.self_attn.v_proj,PushPop,2264054,2266203,1,1150,1877981,1633.0,1664.0,1536,2016,56.2,"void at::native::vectorized_elementwise_kernel<(int)4, void at::native::compare_scalar_kernel<float>(at::TensorIteratorBase &, at::native::<unnamed>::OpType, T1)::[lambda(float) (instance 1)], std::array<char *, (unsigned long)2>>(int, T2, T3)"
:stage.process:model.layers.0.self_attn.v_proj,PushPop,2264054,2266203,1,792,1850046,2335.9,2176.0,1472,9504,831.5,"void at::native::vectorized_elementwise_kernel<(int)4, at::native::CUDAFunctor_add<float>, std::array<char *, (unsigned long)3>>(int, T2, T3)"
:stage.process:model.layers.0.self_attn.v_proj,PushPop,2264054,2266203,1,770,1732605,2250.1,2240.0,1664,2336,27.1,"void at::native::vectorized_elementwise_kernel<(int)4, at::native::BinaryFunctor<c10::Half, c10::Half, bool, at::native::<unnamed>::CompareEqFunctor<c10::Half>>, std::array<char *, (unsigned long)3>>(int, T2, T3)"
:stage.process:model.layers.0.self_attn.v_proj,PushPop,2264054,2266203,1,770,1718206,2231.4,2240.0,1664,2272,29.0,"void at::native::vectorized_elementwise_kernel<(int)4, at::native::AUnaryFunctor<c10::Half, c10::Half, bool, at::native::<unnamed>::CompareEqFunctor<c10::Half>>, std::array<char *, (unsigned long)2>>(int, T2, T3)"
:stage.process:model.layers.0.self_attn.v_proj,PushPop,2264054,2266203,1,613,1621439,2645.1,2656.0,1792,4832,404.5,"void at::native::unrolled_elementwise_kernel<at::native::direct_copy_kernel_cuda(at::TensorIteratorBase &)::[lambda() (instance 3)]::operator ()() const::[lambda() (instance 4)]::operator ()() const::[lambda(long) (instance 1)], std::array<char *, (unsigned long)2>, (int)4, TrivialOffsetCalculator<(int)1, unsigned int>, TrivialOffsetCalculator<(int)1, unsigned int>, at::native::memory::LoadWithCast<(int)1>, at::native::memory::StoreWithCast<(int)1>>(int, T1, T2, T4, T5, T6, T7)"
:stage.process:model.layers.0.self_attn.v_proj,PushPop,2264054,2266203,1,82,1504763,18350.8,9776.0,6016,88831,26176.8,ampere_sgemm_32x32_sliced1x4_nn
:stage.process:model.layers.0.self_attn.v_proj,PushPop,2264054,2266203,1,782,1404128,1795.6,1760.0,1696,4800,193.4,"void at::native::vectorized_elementwise_kernel<(int)4, void at::native::compare_scalar_kernel<long>(at::TensorIteratorBase &, at::native::<unnamed>::OpType, T1)::[lambda(long) (instance 1)], std::array<char *, (unsigned long)2>>(int, T2, T3)"
:stage.process:model.layers.0.self_attn.v_proj,PushPop,2264054,2266203,1,512,1316157,2570.6,2592.0,2400,2880,91.4,"void at::native::unrolled_elementwise_kernel<at::native::BinaryFunctor<float, float, float, at::native::maximum_kernel_cuda(at::TensorIteratorBase &)::[lambda() (instance 2)]::operator ()() const::[lambda() (instance 2)]::operator ()() const::[lambda(float, float) (instance 1)]>, std::array<char *, (unsigned long)3>, (int)4, TrivialOffsetCalculator<(int)2, unsigned int>, TrivialOffsetCalculator<(int)1, unsigned int>, at::native::memory::LoadWithCast<(int)2>, at::native::memory::StoreWithCast<(int)1>>(int, T1, T2, T4, T5, T6, T7)"
:stage.process:model.layers.0.self_attn.v_proj,PushPop,2264054,2266203,1,636,1171581,1842.1,1824.0,1631,2208,115.2,"void at::native::vectorized_elementwise_kernel<(int)4, at::native::bitwise_not_kernel_cuda(at::TensorIteratorBase &)::[lambda(bool) (instance 1)], std::array<char *, (unsigned long)2>>(int, T2, T3)"
:stage.process:model.layers.0.self_attn.v_proj,PushPop,2264054,2266203,1,256,1020031,3984.5,3920.0,3808,4192,151.5,"void at::native::elementwise_kernel<(int)128, (int)4, void at::native::gpu_kernel_impl_nocast<at::native::direct_copy_kernel_cuda(at::TensorIteratorBase &)::[lambda() (instance 3)]::operator ()() const::[lambda() (instance 10)]::operator ()() const::[lambda(c10::Half) (instance 1)]>(at::TensorIteratorBase &, const T1 &)::[lambda(int) (instance 1)]>(int, T3)"
:stage.process:model.layers.0.self_attn.v_proj,PushPop,2264054,2266203,1,263,929472,3534.1,3424.0,3168,8768,777.4,"void at::native::reduce_kernel<(int)512, (int)1, at::native::ReduceOp<bool, at::native::func_wrapper_t<bool, at::native::or_kernel_cuda(at::TensorIterator &)::[lambda() (instance 1)]::operator ()() const::[lambda() (instance 12)]::operator ()() const::[lambda(bool, bool) (instance 1)]>, unsigned int, bool, (int)4, (int)4>>(T3)"
:stage.process:model.layers.0.self_attn.v_proj,PushPop,2264054,2266203,1,638,893853,1401.0,1408.0,1312,3232,115.5,"void at::native::vectorized_elementwise_kernel<(int)2, at::native::FillFunctor<long>, std::array<char *, (unsigned long)1>>(int, T2, T3)"
:stage.process:model.layers.0.self_attn.v_proj,PushPop,2264054,2266203,1,587,807709,1376.0,1376.0,1248,2048,65.9,"void <unnamed>::elementwise_kernel_with_index<int, at::native::arange_cuda_out(const c10::Scalar &, const c10::Scalar &, const c10::Scalar &, at::Tensor &)::[lambda() (instance 1)]::operator ()() const::[lambda() (instance 4)]::operator ()() const::[lambda(long) (instance 1)]>(T1, T2, function_traits<T2>::result_type *)"
:stage.process:model.layers.0.self_attn.v_proj,PushPop,2264054,2266203,1,128,596127,4657.2,4672.0,4384,4992,70.6,"void at::native::unrolled_elementwise_kernel<at::native::CUDAFunctor_add<float>, std::array<char *, (unsigned long)3>, (int)4, TrivialOffsetCalculator<(int)2, unsigned int>, TrivialOffsetCalculator<(int)1, unsigned int>, at::native::memory::LoadWithCast<(int)2>, at::native::memory::StoreWithCast<(int)1>>(int, T1, T2, T4, T5, T6, T7)"
:stage.process:model.layers.0.self_attn.v_proj,PushPop,2264054,2266203,1,2,449120,224560.0,224560.0,224416,224704,203.6,ampere_sgemm_128x32_nn
:stage.process:model.layers.0.self_attn.v_proj,PushPop,2264054,2266203,1,263,439519,1671.2,1632.0,1568,2656,136.6,"void at::native::vectorized_elementwise_kernel<(int)4, at::native::BinaryFunctor<bool, bool, bool, at::native::BitwiseOrFunctor<bool>>, std::array<char *, (unsigned long)3>>(int, T2, T3)"
:stage.process:model.layers.0.self_attn.v_proj,PushPop,2264054,2266203,1,129,426815,3308.6,3296.0,3200,4000,69.0,"void at::native::elementwise_kernel<(int)128, (int)4, void at::native::gpu_kernel_impl_nocast<at::native::direct_copy_kernel_cuda(at::TensorIteratorBase &)::[lambda() (instance 3)]::operator ()() const::[lambda() (instance 1)]::operator ()() const::[lambda(unsigned char) (instance 1)]>(at::TensorIteratorBase &, const T1 &)::[lambda(int) (instance 1)]>(int, T3)"
:stage.process:model.layers.0.self_attn.v_proj,PushPop,2264054,2266203,1,42,382463,9106.3,8656.0,7456,11200,1325.4,ampere_sgemm_64x32_sliced1x4_nn
:stage.process:model.layers.0.self_attn.v_proj,PushPop,2264054,2266203,1,114,351328,3081.8,3104.0,2496,3776,260.6,"void cublasLt::splitKreduce_kernel<(int)32, (int)16, int, float, float, float, float, (bool)0, float, float, float, (bool)1, (bool)0, (bool)0, (bool)0>(cublasLt::cublasSplitKParams<T6>, const T4 *, const T10 *, T9 *, T5 *, const T6 *, const T6 *, const T11 *, const T4 *, T11 *, void *, long, T6 *, int *, T6 *, T6 *, const T6 *, const T6 *, const T6 *, const T6 *, const T6 *)"
:stage.process:model.layers.0.self_attn.v_proj,PushPop,2264054,2266203,1,4,289279,72319.8,71711.5,71552,74304,1327.3,ampere_sgemm_32x128_tn
:stage.process:model.layers.0.self_attn.v_proj,PushPop,2264054,2266203,1,128,263039,2055.0,2048.0,2048,2080,13.3,"void at::native::elementwise_kernel<(int)128, (int)2, void at::native::gpu_kernel_impl_nocast<at::native::BUnaryFunctor<long, long, long, at::native::rshift_kernel_cuda(at::TensorIteratorBase &)::[lambda() (instance 1)]::operator ()() const::[lambda() (instance 4)]::operator ()() const::[lambda(long, long) (instance 1)]>>(at::TensorIteratorBase &, const T1 &)::[lambda(int) (instance 1)]>(int, T3)"
:stage.process:model.layers.0.self_attn.v_proj,PushPop,2264054,2266203,1,132,252414,1912.2,1760.0,1759,6527,800.8,"void at::native::vectorized_elementwise_kernel<(int)4, at::native::BinaryFunctor<long, long, bool, at::native::<unnamed>::CompareEqFunctor<long>>, std::array<char *, (unsigned long)3>>(int, T2, T3)"
:stage.process:model.layers.0.self_attn.v_proj,PushPop,2264054,2266203,1,12,209311,17442.6,20191.5,11232,21056,4483.1,"void at::native::<unnamed>::CatArrayBatchedCopy<at::native::<unnamed>::OpaqueType<(unsigned int)4>, unsigned int, (int)2, (int)64, (int)64>(T1 *, at::native::<unnamed>::CatArrInputTensorMetadata<T1, T2, T4, T5>, at::native::<unnamed>::TensorSizeStride<T2, (unsigned int)4>, int, T2)"
:stage.process:model.layers.0.self_attn.v_proj,PushPop,2264054,2266203,1,3,180319,60106.3,87680.0,4672,87967,48007.8,"void at::native::reduce_kernel<(int)512, (int)1, at::native::ReduceOp<long, at::native::func_wrapper_t<long, at::native::sum_functor<long, long, long>::operator ()(at::TensorIterator &)::[lambda(long, long) (instance 1)]>, unsigned int, long, (int)4, (int)4>>(T3)"
:stage.process:model.layers.0.self_attn.v_proj,PushPop,2264054,2266203,1,11,155679,14152.6,3808.0,2368,62655,23966.2,"void at::native::vectorized_elementwise_kernel<(int)2, at::native::AUnaryFunctor<long, long, long, at::native::BitwiseAndFunctor<long>>, std::array<char *, (unsigned long)2>>(int, T2, T3)"
:stage.process:model.layers.0.self_attn.v_proj,PushPop,2264054,2266203,1,4,145344,36336.0,36336.0,4960,67712,36193.0,"void at::native::elementwise_kernel<(int)128, (int)2, void at::native::gpu_kernel_impl_nocast<at::native::BinaryFunctor<long, long, long, at::native::rshift_kernel_cuda(at::TensorIteratorBase &)::[lambda() (instance 1)]::operator ()() const::[lambda() (instance 4)]::operator ()() const::[lambda(long, long) (instance 1)]>>(at::TensorIteratorBase &, const T1 &)::[lambda(int) (instance 1)]>(int, T3)"
:stage.process:model.layers.0.self_attn.v_proj,PushPop,2264054,2266203,1,4,143136,35784.0,36128.0,3520,67360,36301.1,"void at::native::elementwise_kernel<(int)128, (int)2, void at::native::gpu_kernel_impl_nocast<at::native::BinaryFunctor<long, long, long, at::native::lshift_kernel_cuda(at::TensorIteratorBase &)::[lambda() (instance 1)]::operator ()() const::[lambda() (instance 4)]::operator ()() const::[lambda(long, long) (instance 1)]>>(at::TensorIteratorBase &, const T1 &)::[lambda(int) (instance 1)]>(int, T3)"
:stage.process:model.layers.0.self_attn.v_proj,PushPop,2264054,2266203,1,1,139520,139520.0,139520.0,139520,139520,0.0,ampere_sgemm_128x32_tn
:stage.process:model.layers.0.self_attn.v_proj,PushPop,2264054,2266203,1,6,132320,22053.3,22000.0,16224,28000,6386.1,"void trsm_batch_left_upper_kernel_small<float, (int)16, (int)16, (int)64>(cublasTrsmBatchParams<T1>, const T1 *const *, T1 *const *, const T1 *, T1)"
:stage.process:model.layers.0.self_attn.v_proj,PushPop,2264054,2266203,1,3,120864,40288.0,56448.0,7392,57024,28490.2,"void at::native::index_elementwise_kernel<(int)128, (int)4, void at::native::gpu_index_kernel<void at::native::index_kernel_impl<at::native::OpaqueType<(int)8>>(at::TensorIteratorBase &, c10::ArrayRef<long>, c10::ArrayRef<long>)::[lambda(char *, const char *, long) (instance 1)]>(at::TensorIteratorBase &, c10::ArrayRef<long>, c10::ArrayRef<long>, const T1 &, bool)::[lambda(int) (instance 1)]>(long, T3)"
:stage.process:model.layers.0.self_attn.v_proj,PushPop,2264054,2266203,1,3,100544,33514.7,46912.0,6304,47328,23566.0,"void at::native::triu_tril_kernel<float, int, (bool)0, (int)2, (bool)1>(at::cuda::detail::TensorInfo<T1, T2>, at::cuda::detail::TensorInfo<const T1, T2>, long, long, T2)"
:stage.process:model.layers.0.self_attn.v_proj,PushPop,2264054,2266203,1,10,80736,8073.6,6144.0,3456,20672,6079.1,"void at::native::elementwise_kernel<(int)128, (int)2, void at::native::gpu_kernel_impl_nocast<at::native::BinaryFunctor<float, float, float, at::native::binary_internal::MulFunctor<float>>>(at::TensorIteratorBase &, const T1 &)::[lambda(int) (instance 1)]>(int, T3)"
:stage.process:model.layers.0.self_attn.v_proj,PushPop,2264054,2266203,1,10,79680,7968.0,7936.0,7456,8608,281.4,"void at::native::reduce_kernel<(int)512, (int)1, at::native::ReduceOp<float, at::native::func_wrapper_t<float, at::native::sum_functor<float, float, float>::operator ()(at::TensorIterator &)::[lambda(float, float) (instance 1)]>, unsigned int, float, (int)4, (int)4>>(T3)"
:stage.process:model.layers.0.self_attn.v_proj,PushPop,2264054,2266203,1,10,68480,6848.0,7552.0,3392,7904,1685.5,"void at::native::reduce_kernel<(int)512, (int)1, at::native::ReduceOp<float, at::native::MeanOps<float, float, float, float>, unsigned int, float, (int)4, (int)4>>(T3)"
:stage.process:model.layers.0.self_attn.v_proj,PushPop,2264054,2266203,1,14,60832,4345.1,3248.0,1344,8576,2615.8,"void at::native::vectorized_elementwise_kernel<(int)4, at::native::FillFunctor<float>, std::array<char *, (unsigned long)1>>(int, T2, T3)"
:stage.process:model.layers.0.self_attn.v_proj,PushPop,2264054,2266203,1,9,45472,5052.4,3584.0,1632,11936,3923.1,"void at::native::vectorized_elementwise_kernel<(int)4, at::native::BUnaryFunctor<float, float, float, at::native::binary_internal::MulFunctor<float>>, std::array<char *, (unsigned long)2>>(int, T2, T3)"
:stage.process:model.layers.0.self_attn.v_proj,PushPop,2264054,2266203,1,10,39264,3926.4,3872.0,3840,4192,113.9,"void dot_kernel<float, (int)128, (int)0, cublasDotParams<cublasGemvTensorStridedBatched<const float>, cublasGemvTensorStridedBatched<float>>>(T4)"
:stage.process:model.layers.0.self_attn.v_proj,PushPop,2264054,2266203,1,9,38592,4288.0,4320.0,4128,4416,101.2,"void at::native::vectorized_elementwise_kernel<(int)4, at::native::BinaryFunctor<float, float, float, at::native::binary_internal::MulFunctor<float>>, std::array<char *, (unsigned long)3>>(int, T2, T3)"
:stage.process:model.layers.0.self_attn.v_proj,PushPop,2264054,2266203,1,10,35616,3561.6,3360.0,3232,4096,359.8,"void at::native::elementwise_kernel<(int)128, (int)2, void at::native::gpu_kernel_impl_nocast<at::native::CUDAFunctorOnSelf_add<float>>(at::TensorIteratorBase &, const T1 &)::[lambda(int) (instance 1)]>(int, T3)"
:stage.process:model.layers.0.self_attn.v_proj,PushPop,2264054,2266203,1,10,27840,2784.0,2816.0,2688,2848,54.4,"void reduce_1Block_kernel<float, (int)128, (int)7, cublasGemvTensorStridedBatched<float>, cublasGemvTensorStridedBatched<const float>, cublasGemvTensorStridedBatched<float>>(const T1 *, T1, T4, int, const T1 *, T1, T5, T6, cublasPointerMode_t, cublasLtEpilogue_t, cublasGemvTensorStridedBatched<const biasType<T6::value_type, T1>::type>)"
:stage.process:model.layers.0.self_attn.v_proj,PushPop,2264054,2266203,1,12,24928,2077.3,2176.0,1760,2304,200.8,"void at::native::vectorized_elementwise_kernel<(int)4, at::native::<unnamed>::CompareFunctor<float>, std::array<char *, (unsigned long)3>>(int, T2, T3)"
:stage.process:model.layers.0.self_attn.v_proj,PushPop,2264054,2266203,1,6,20384,3397.3,1616.0,1472,11296,3902.0,"void at::native::vectorized_elementwise_kernel<(int)4, at::native::AUnaryFunctor<float, float, float, at::native::binary_internal::MulFunctor<float>>, std::array<char *, (unsigned long)2>>(int, T2, T3)"
:stage.process:model.layers.0.self_attn.v_proj,PushPop,2264054,2266203,1,1,15008,15008.0,15008.0,15008,15008,0.0,"void at::native::<unnamed>::CatArrayBatchedCopy_alignedK_contig<at::native::<unnamed>::OpaqueType<(unsigned int)8>, unsigned int, (int)3, (int)128, (int)1, (int)16>(T1 *, at::native::<unnamed>::CatArrInputTensorMetadata<T1, T2, T4, T5>, at::native::<unnamed>::TensorSizeStride<T2, (unsigned int)4>, int, T2)"
:stage.process:model.layers.0.self_attn.v_proj,PushPop,2264054,2266203,1,4,14848,3712.0,3696.0,3648,3808,69.1,"void at::native::vectorized_elementwise_kernel<(int)2, at::native::BUnaryFunctor<long, long, long, at::native::rshift_kernel_cuda(at::TensorIteratorBase &)::[lambda() (instance 1)]::operator ()() const::[lambda() (instance 4)]::operator ()() const::[lambda(long, long) (instance 1)]>, std::array<char *, (unsigned long)2>>(int, T2, T3)"
:stage.process:model.layers.0.self_attn.v_proj,PushPop,2264054,2266203,1,4,14464,3616.0,3600.0,3488,3776,150.1,"void at::native::vectorized_elementwise_kernel<(int)2, at::native::BUnaryFunctor<long, long, long, at::native::remainder_kernel_cuda(at::TensorIteratorBase &)::[lambda() (instance 1)]::operator ()() const::[lambda() (instance 4)]::operator ()() const::[lambda(long, long) (instance 1)]>, std::array<char *, (unsigned long)2>>(int, T2, T3)"
:stage.process:model.layers.0.self_attn.v_proj,PushPop,2264054,2266203,1,3,13792,4597.3,4224.0,4096,5472,760.2,"void at::native::vectorized_elementwise_kernel<(int)2, at::native::BinaryFunctor<long, long, long, at::native::BitwiseXorFunctor<long>>, std::array<char *, (unsigned long)3>>(int, T2, T3)"
:stage.process:model.layers.0.self_attn.v_proj,PushPop,2264054,2266203,1,3,12192,4064.0,4096.0,3712,4384,337.1,"void at::native::unrolled_elementwise_kernel<at::native::direct_copy_kernel_cuda(at::TensorIteratorBase &)::[lambda() (instance 3)]::operator ()() const::[lambda() (instance 3)]::operator ()() const::[lambda(int) (instance 1)], std::array<char *, (unsigned long)2>, (int)4, TrivialOffsetCalculator<(int)1, unsigned int>, TrivialOffsetCalculator<(int)1, unsigned int>, at::native::memory::LoadWithCast<(int)1>, at::native::memory::StoreWithCast<(int)1>>(int, T1, T2, T4, T5, T6, T7)"
:stage.process:model.layers.0.self_attn.v_proj,PushPop,2264054,2266203,1,8,12032,1504.0,1504.0,1440,1568,54.1,"void at::native::unrolled_elementwise_kernel<at::native::AUnaryFunctor<long, long, long, at::native::BitwiseAndFunctor<long>>, std::array<char *, (unsigned long)2>, (int)4, TrivialOffsetCalculator<(int)1, unsigned int>, TrivialOffsetCalculator<(int)1, unsigned int>, at::native::memory::LoadWithoutCast, at::native::memory::StoreWithoutCast>(int, T1, T2, T4, T5, T6, T7)"
:stage.process:model.layers.0.self_attn.v_proj,PushPop,2264054,2266203,1,6,11712,1952.0,1568.0,1568,3744,879.4,"void at::native::vectorized_elementwise_kernel<(int)2, at::native::AUnaryFunctor<long, long, long, at::native::binary_internal::MulFunctor<long>>, std::array<char *, (unsigned long)2>>(int, T2, T3)"
:stage.process:model.layers.0.self_attn.v_proj,PushPop,2264054,2266203,1,6,10976,1829.3,1824.0,1792,1856,24.1,"void at::native::vectorized_elementwise_kernel<(int)4, at::native::FillFunctor<unsigned char>, std::array<char *, (unsigned long)1>>(int, T2, T3)"
:stage.process:model.layers.0.self_attn.v_proj,PushPop,2264054,2266203,1,3,10624,3541.3,3488.0,3424,3712,151.2,"void at::native::elementwise_kernel<(int)128, (int)2, void at::native::gpu_kernel_impl_nocast<at::native::direct_copy_kernel_cuda(at::TensorIteratorBase &)::[lambda() (instance 3)]::operator ()() const::[lambda() (instance 3)]::operator ()() const::[lambda(int) (instance 1)]>(at::TensorIteratorBase &, const T1 &)::[lambda(int) (instance 1)]>(int, T3)"
:stage.process:model.layers.0.self_attn.v_proj,PushPop,2264054,2266203,1,5,10144,2028.8,1600.0,1536,3776,977.9,"void at::native::vectorized_elementwise_kernel<(int)2, at::native::CUDAFunctorOnSelf_add<long>, std::array<char *, (unsigned long)2>>(int, T2, T3)"
:stage.process:model.layers.0.self_attn.v_proj,PushPop,2264054,2266203,1,3,9792,3264.0,3232.0,3200,3360,84.7,"void at::native::unrolled_elementwise_kernel<at::native::direct_copy_kernel_cuda(at::TensorIteratorBase &)::[lambda() (instance 3)]::operator ()() const::[lambda() (instance 1)]::operator ()() const::[lambda(unsigned char) (instance 1)], std::array<char *, (unsigned long)2>, (int)4, TrivialOffsetCalculator<(int)1, unsigned int>, TrivialOffsetCalculator<(int)1, unsigned int>, at::native::memory::LoadWithCast<(int)1>, at::native::memory::StoreWithCast<(int)1>>(int, T1, T2, T4, T5, T6, T7)"
:stage.process:model.layers.0.self_attn.v_proj,PushPop,2264054,2266203,1,2,8224,4112.0,4112.0,4032,4192,113.1,"void at::native::vectorized_elementwise_kernel<(int)2, at::native::BinaryFunctor<long, long, long, at::native::BitwiseOrFunctor<long>>, std::array<char *, (unsigned long)3>>(int, T2, T3)"
:stage.process:model.layers.0.self_attn.v_proj,PushPop,2264054,2266203,1,1,7808,7808.0,7808.0,7808,7808,0.0,"void at::native::reduce_kernel<(int)128, (int)4, at::native::ReduceOp<long, at::native::func_wrapper_t<long, at::native::sum_functor<long, long, long>::operator ()(at::TensorIterator &)::[lambda(long, long) (instance 1)]>, unsigned int, long, (int)4, (int)4>>(T3)"
:stage.process:model.layers.0.self_attn.v_proj,PushPop,2264054,2266203,1,2,7648,3824.0,3824.0,3808,3840,22.6,"void at::native::vectorized_elementwise_kernel<(int)2, at::native::BUnaryFunctor<long, long, long, at::native::lshift_kernel_cuda(at::TensorIteratorBase &)::[lambda() (instance 1)]::operator ()() const::[lambda() (instance 4)]::operator ()() const::[lambda(long, long) (instance 1)]>, std::array<char *, (unsigned long)2>>(int, T2, T3)"
:stage.process:model.layers.0.self_attn.v_proj,PushPop,2264054,2266203,1,3,7552,2517.3,2528.0,2432,2592,80.5,"void at::native::vectorized_elementwise_kernel<(int)4, at::native::AUnaryFunctor<unsigned char, unsigned char, bool, at::native::<unnamed>::CompareEqFunctor<unsigned char>>, std::array<char *, (unsigned long)2>>(int, T2, T3)"
:stage.process:model.layers.0.self_attn.v_proj,PushPop,2264054,2266203,1,2,7392,3696.0,3696.0,3648,3744,67.9,"void at::native::vectorized_elementwise_kernel<(int)2, at::native::BUnaryFunctor<long, long, long, at::native::binary_internal::div_floor_kernel_cuda(at::TensorIteratorBase &)::[lambda() (instance 1)]::operator ()() const::[lambda() (instance 4)]::operator ()() const::[lambda(long, long) (instance 1)]>, std::array<char *, (unsigned long)2>>(int, T2, T3)"
:stage.process:model.layers.0.self_attn.v_proj,PushPop,2264054,2266203,1,4,7392,1848.0,1776.0,1760,2080,155.4,"void at::native::vectorized_elementwise_kernel<(int)4, void at::native::compare_scalar_kernel<c10::Half>(at::TensorIteratorBase &, at::native::<unnamed>::OpType, T1)::[lambda(c10::Half) (instance 1)], std::array<char *, (unsigned long)2>>(int, T2, T3)"
:stage.process:model.layers.0.self_attn.v_proj,PushPop,2264054,2266203,1,2,6496,3248.0,3248.0,3200,3296,67.9,"void at::native::elementwise_kernel<(int)128, (int)2, void at::native::gpu_kernel_impl_nocast<at::native::AbsFunctor<float>>(at::TensorIteratorBase &, const T1 &)::[lambda(int) (instance 1)]>(int, T3)"
:stage.process:model.layers.0.self_attn.v_proj,PushPop,2264054,2266203,1,2,6400,3200.0,3200.0,3200,3200,0.0,"void at::native::elementwise_kernel<(int)128, (int)2, void at::native::gpu_kernel_impl_nocast<at::native::CUDAFunctor_add<long>>(at::TensorIteratorBase &, const T1 &)::[lambda(int) (instance 1)]>(int, T3)"
:stage.process:model.layers.0.self_attn.v_proj,PushPop,2264054,2266203,1,4,6240,1560.0,1536.0,1408,1760,148.7,"void at::native::vectorized_elementwise_kernel<(int)4, at::native::FillFunctor<bool>, std::array<char *, (unsigned long)1>>(int, T2, T3)"
:stage.process:model.layers.0.self_attn.v_proj,PushPop,2264054,2266203,1,1,6112,6112.0,6112.0,6112,6112,0.0,"void at::native::elementwise_kernel<(int)128, (int)2, void at::native::gpu_kernel_impl_nocast<at::native::BinaryFunctor<float, float, float, at::native::binary_internal::DivFunctor<float>>>(at::TensorIteratorBase &, const T1 &)::[lambda(int) (instance 1)]>(int, T3)"
:stage.process:model.layers.0.self_attn.v_proj,PushPop,2264054,2266203,1,1,6048,6048.0,6048.0,6048,6048,0.0,"void at::native::vectorized_elementwise_kernel<(int)4, void at::native::<unnamed>::pow_tensor_scalar_kernel_impl<float, float>(at::TensorIteratorBase &, T2)::[lambda(float) (instance 1)], std::array<char *, (unsigned long)2>>(int, T2, T3)"
:stage.process:model.layers.0.self_attn.v_proj,PushPop,2264054,2266203,1,3,5568,1856.0,1728.0,1696,2144,249.9,"void at::native::vectorized_elementwise_kernel<(int)4, at::native::BinaryFunctor<float, float, float, at::native::maximum_kernel_cuda(at::TensorIteratorBase &)::[lambda() (instance 2)]::operator ()() const::[lambda() (instance 2)]::operator ()() const::[lambda(float, float) (instance 1)]>, std::array<char *, (unsigned long)3>>(int, T2, T3)"
:stage.process:model.layers.0.self_attn.v_proj,PushPop,2264054,2266203,1,2,4864,2432.0,2432.0,2368,2496,90.5,"void at::native::vectorized_elementwise_kernel<(int)2, at::native::CUDAFunctorOnOther_add<long>, std::array<char *, (unsigned long)2>>(int, T2, T3)"
:stage.process:model.layers.0.self_attn.v_proj,PushPop,2264054,2266203,1,3,4512,1504.0,1472.0,1376,1664,146.6,"xxtrf4_set_info_ker(int, int *)"
:stage.process:model.layers.0.self_attn.v_proj,PushPop,2264054,2266203,1,1,4480,4480.0,4480.0,4480,4480,0.0,"void at::native::vectorized_elementwise_kernel<(int)4, at::native::float16_copy_kernel_cuda(at::TensorIteratorBase &)::[lambda(float) (instance 1)], std::array<char *, (unsigned long)2>>(int, T2, T3)"
:stage.process:model.layers.0.self_attn.v_proj,PushPop,2264054,2266203,1,1,4256,4256.0,4256.0,4256,4256,0.0,"void at::native::<unnamed>::CatArrayBatchedCopy_vectorized<at::native::<unnamed>::OpaqueType<(unsigned int)2>, unsigned int, (int)1, (int)128, (int)1, (int)16, (int)8>(char *, at::native::<unnamed>::CatArrInputTensorMetadata<T1, T2, T4, T5>, at::native::<unnamed>::TensorSizeStride<T2, (unsigned int)4>, int, T2)"
:stage.process:model.layers.0.self_attn.v_proj,PushPop,2264054,2266203,1,1,2656,2656.0,2656.0,2656,2656,0.0,"void at::native::vectorized_elementwise_kernel<(int)4, at::native::BinaryFunctor<unsigned char, unsigned char, bool, at::native::<unnamed>::CompareEqFunctor<unsigned char>>, std::array<char *, (unsigned long)3>>(int, T2, T3)"
:stage.process:model.layers.0.self_attn.v_proj,PushPop,2264054,2266203,1,1,2560,2560.0,2560.0,2560,2560,0.0,"void at::native::vectorized_elementwise_kernel<(int)4, at::native::AUnaryFunctor<unsigned char, unsigned char, unsigned char, at::native::binary_internal::MulFunctor<unsigned char>>, std::array<char *, (unsigned long)2>>(int, T2, T3)"
:stage.process:model.layers.0.self_attn.v_proj,PushPop,2264054,2266203,1,1,2368,2368.0,2368.0,2368,2368,0.0,"void at::native::unrolled_elementwise_kernel<at::native::direct_copy_kernel_cuda(at::TensorIteratorBase &)::[lambda() (instance 3)]::operator ()() const::[lambda() (instance 11)]::operator ()() const::[lambda(bool) (instance 1)], std::array<char *, (unsigned long)2>, (int)4, TrivialOffsetCalculator<(int)1, unsigned int>, TrivialOffsetCalculator<(int)1, unsigned int>, at::native::memory::LoadWithCast<(int)1>, at::native::memory::StoreWithCast<(int)1>>(int, T1, T2, T4, T5, T6, T7)"
:stage.process:model.layers.0.self_attn.v_proj,PushPop,2264054,2266203,1,1,2176,2176.0,2176.0,2176,2176,0.0,"void at::native::vectorized_elementwise_kernel<(int)4, at::native::sqrt_kernel_cuda(at::TensorIteratorBase &)::[lambda() (instance 2)]::operator ()() const::[lambda() (instance 2)]::operator ()() const::[lambda(float) (instance 1)], std::array<char *, (unsigned long)2>>(int, T2, T3)"
:stage.process:model.layers.0.self_attn.v_proj,PushPop,2264054,2266203,1,1,1984,1984.0,1984.0,1984,1984,0.0,"void at::native::unrolled_elementwise_kernel<at::native::<unnamed>::CompareFunctor<c10::Half>, std::array<char *, (unsigned long)3>, (int)4, TrivialOffsetCalculator<(int)2, unsigned int>, TrivialOffsetCalculator<(int)1, unsigned int>, at::native::memory::LoadWithoutCast, at::native::memory::StoreWithoutCast>(int, T1, T2, T4, T5, T6, T7)"
:stage.process:model.layers.0.self_attn.v_proj,PushPop,2264054,2266203,1,1,1792,1792.0,1792.0,1792,1792,0.0,"void at::native::vectorized_elementwise_kernel<(int)4, at::native::<unnamed>::launch_clamp_scalar(at::TensorIteratorBase &, c10::Scalar, c10::Scalar, at::native::detail::ClampLimits)::[lambda() (instance 1)]::operator ()() const::[lambda() (instance 7)]::operator ()() const::[lambda(float) (instance 1)], std::array<char *, (unsigned long)2>>(int, T2, T3)"
:stage.process:model.layers.1.mlp.down_proj,PushPop,2264054,2266203,1,18416,18492735176,1004166.8,1124837.5,134369,1188550,266850.4,"void <unnamed>::qvq_v2_segment_grid_kernel<(int)4, (int)2, (int)16, (bool)1, (bool)0, __half, unsigned char>(const float *, const T6 *, const float *, const long *, const float *, const float *, float *, T7 *, unsigned char *, int, int, int, bool, bool)"
:stage.process:model.layers.1.mlp.down_proj,PushPop,2264054,2266203,1,2302,5705800734,2478627.6,2759244.0,1361638,2875533,556035.6,"void <unnamed>::qvq_viterbi_kernel<(int)4, (int)2, __half, unsigned char>(const float *, const T3 *, const float *, const long *, const float *, T4 *, long *, float *, int, int, int, bool, bool, bool)"
:stage.process:model.layers.1.mlp.down_proj,PushPop,2264054,2266203,1,1278,876919612,686165.6,424802.0,21952,1263238,413947.7,void cutlass::Kernel2<cutlass_80_simt_sgemm_grouped_128x128_8x4_align1>(T1::Params)
:stage.process:model.layers.1.mlp.down_proj,PushPop,2264054,2266203,1,1276,840615922,658789.9,398050.0,14208,1257798,436645.6,ampere_sgemm_128x128_nt
:stage.process:model.layers.1.mlp.down_proj,PushPop,2264054,2266203,1,2302,616404097,267768.9,295361.0,73473,306754,61094.1,"void <unnamed>::qvq_v2_segment_grid_finalize_kernel<(int)4, (int)2, (int)16, (bool)0, __half, unsigned char>(const float *, const T5 *, const float *, const long *, const float *, const float *, const T6 *, const unsigned char *, long *, unsigned char *, float *, int, int, bool, bool)"
:stage.process:model.layers.1.mlp.down_proj,PushPop,2264054,2266203,1,1270,188129500,148133.5,92672.0,4704,277377,94407.3,"void gemmSN_NN_kernel<float, (int)128, (int)2, (int)4, (int)8, (int)4, (int)4, (bool)0, cublasGemvTensorBatched<const float>, cublasGemvTensorBatched<const float>, cublasGemvTensorBatched<float>>(cublasGemmSmallNParams<T9, T10, T11, T1>)"
:stage.process:model.layers.1.mlp.down_proj,PushPop,2264054,2266203,1,435,126911015,291749.5,44129.0,17664,14185985,1819812.0,ampere_sgemm_128x32_sliced1x4_nn
:stage.process:model.layers.1.mlp.down_proj,PushPop,2264054,2266203,1,537,71197506,132583.8,133217.0,4480,270657,78304.2,"void gemmSN_NN_kernel<float, (int)256, (int)4, (int)2, (int)8, (int)4, (int)4, (bool)0, cublasGemvTensorStridedBatched<const float>, cublasGemvTensorStridedBatched<const float>, cublasGemvTensorStridedBatched<float>>(cublasGemmSmallNParams<T9, T10, T11, T1>)"
:stage.process:model.layers.1.mlp.down_proj,PushPop,2264054,2266203,1,8982,62156671,6920.1,7488.0,2528,90592,2666.6,"void at::native::reduce_kernel<(int)512, (int)1, at::native::ReduceOp<bool, at::native::func_wrapper_t<bool, at::native::and_kernel_cuda(at::TensorIterator &)::[lambda() (instance 1)]::operator ()() const::[lambda() (instance 12)]::operator ()() const::[lambda(bool, bool) (instance 1)]>, unsigned int, bool, (int)4, (int)4>>(T3)"
:stage.process:model.layers.1.mlp.down_proj,PushPop,2264054,2266203,1,4,53311546,13327886.5,13315582.5,13027389,13652992,272704.7,void cutlass::Kernel2<cutlass_80_simt_sgemm_128x32_8x5_nt_align1>(T1::Params)
:stage.process:model.layers.1.mlp.down_proj,PushPop,2264054,2266203,1,6857,37773475,5508.7,3424.0,2112,630787,22465.7,"void at::native::elementwise_kernel<(int)128, (int)2, void at::native::gpu_kernel_impl_nocast<at::native::direct_copy_kernel_cuda(at::TensorIteratorBase &)::[lambda() (instance 3)]::operator ()() const::[lambda() (instance 7)]::operator ()() const::[lambda(float) (instance 1)]>(at::TensorIteratorBase &, const T1 &)::[lambda(int) (instance 1)]>(int, T3)"
:stage.process:model.layers.1.mlp.down_proj,PushPop,2264054,2266203,1,4350,33827099,7776.3,7584.0,3552,83585,1443.7,"void at::native::reduce_kernel<(int)512, (int)1, at::native::ReduceOp<float, at::native::func_wrapper_t<float, at::native::MaxNanFunctor<float>>, unsigned int, float, (int)4, (int)4>>(T3)"
:stage.process:model.layers.1.mlp.down_proj,PushPop,2264054,2266203,1,2815,29464332,10466.9,9024.0,5184,119328,2974.1,"void at::native::index_elementwise_kernel<(int)128, (int)4, void at::native::gpu_index_kernel<void at::native::index_kernel_impl<at::native::OpaqueType<(int)2>>(at::TensorIteratorBase &, c10::ArrayRef<long>, c10::ArrayRef<long>)::[lambda(char *, const char *, long) (instance 1)]>(at::TensorIteratorBase &, c10::ArrayRef<long>, c10::ArrayRef<long>, const T1 &, bool)::[lambda(int) (instance 1)]>(long, T3)"
:stage.process:model.layers.1.mlp.down_proj,PushPop,2264054,2266203,1,2,26047322,13023661.0,13023661.0,13023357,13023965,429.9,void cutlass::Kernel2<cutlass_80_simt_sgemm_128x64_8x5_nn_align1>(T1::Params)
:stage.process:model.layers.1.mlp.down_proj,PushPop,2264054,2266203,1,2,25996855,12998427.5,12998427.5,12859291,13137564,196768.7,void cutlass::Kernel2<cutlass_80_simt_sgemm_64x128_8x5_nt_align1>(T1::Params)
:stage.process:model.layers.1.mlp.down_proj,PushPop,2264054,2266203,1,3074,25377687,8255.6,8256.0,7936,8896,118.6,"void at::native::reduce_kernel<(int)512, (int)1, at::native::ReduceOp<c10::Half, at::native::func_wrapper_t<c10::Half, at::native::MaxNanFunctor<c10::Half>>, unsigned int, c10::Half, (int)4, (int)4>>(T3)"
:stage.process:model.layers.1.mlp.down_proj,PushPop,2264054,2266203,1,1213,21555344,17770.3,4448.0,3168,654531,46276.6,"void at::native::elementwise_kernel<(int)128, (int)2, void at::native::gpu_kernel_impl_nocast<at::native::CUDAFunctor_add<float>>(at::TensorIteratorBase &, const T1 &)::[lambda(int) (instance 1)]>(int, T3)"
:stage.process:model.layers.1.mlp.down_proj,PushPop,2264054,2266203,1,5,20013946,4002789.2,2262602.0,929348,7296065,3042611.9,"void kernel<getrf_wo_pivot_params_<float, (int)0, (int)256, (int)1, (int)64, (int)64, (int)68, (int)8, (int)1, (int)1>>(int, int, void *, int, void *, int, int, int, int, int, int *)"
:stage.process:model.layers.1.mlp.down_proj,PushPop,2264054,2266203,1,8730,19921569,2282.0,2048.0,1632,256162,5599.6,"void at::native::vectorized_elementwise_kernel<(int)4, at::native::AbsFunctor<float>, std::array<char *, (unsigned long)2>>(int, T2, T3)"
:stage.process:model.layers.1.mlp.down_proj,PushPop,2264054,2266203,1,7454,16499311,2213.5,2176.0,1632,101536,2343.2,"void at::native::vectorized_elementwise_kernel<(int)4, at::native::BinaryFunctor<bool, bool, bool, at::native::binary_internal::MulFunctor<bool>>, std::array<char *, (unsigned long)3>>(int, T2, T3)"
:stage.process:model.layers.1.mlp.down_proj,PushPop,2264054,2266203,1,4604,16406720,3563.6,3936.0,2112,118369,2375.6,"<unnamed>::qvq_half2_codebook_norm_pack_kernel(const __half *, unsigned long *, int)"
:stage.process:model.layers.1.mlp.down_proj,PushPop,2264054,2266203,1,21,14181954,675331.1,14880.0,11104,3595217,1397906.5,ampere_sgemm_64x32_sliced1x4_nn
:stage.process:model.layers.1.mlp.down_proj,PushPop,2264054,2266203,1,6148,13615351,2214.6,2144.0,1856,4160,189.3,"void at::native::vectorized_elementwise_kernel<(int)4, at::native::AbsFunctor<c10::Half>, std::array<char *, (unsigned long)2>>(int, T2, T3)"
:stage.process:model.layers.1.mlp.down_proj,PushPop,2264054,2266203,1,1917,13569404,7078.5,6944.0,4416,8704,574.5,"void at::native::index_elementwise_kernel<(int)128, (int)4, void at::native::gpu_index_kernel<void at::native::index_put_kernel_impl<at::native::OpaqueType<(int)4>>(at::TensorIterator &, c10::ArrayRef<long>, c10::ArrayRef<long>)::[lambda(char *, const char *, long) (instance 1)]>(at::TensorIteratorBase &, c10::ArrayRef<long>, c10::ArrayRef<long>, const T1 &, bool)::[lambda(int) (instance 1)]>(long, T3)"
:stage.process:model.layers.1.mlp.down_proj,PushPop,2264054,2266203,1,4381,10271181,2344.5,2080.0,1504,163393,5183.5,"void at::native::vectorized_elementwise_kernel<(int)4, at::native::BinaryFunctor<float, float, bool, at::native::<unnamed>::CompareEqFunctor<float>>, std::array<char *, (unsigned long)3>>(int, T2, T3)"
:stage.process:model.layers.1.mlp.down_proj,PushPop,2264054,2266203,1,4380,10175734,2323.2,2080.0,1600,166849,5212.9,"void at::native::vectorized_elementwise_kernel<(int)4, at::native::AUnaryFunctor<float, float, bool, at::native::<unnamed>::CompareEqFunctor<float>>, std::array<char *, (unsigned long)2>>(int, T2, T3)"
:stage.process:model.layers.1.mlp.down_proj,PushPop,2264054,2266203,1,2311,10111566,4375.4,4128.0,3040,77184,2482.6,"void at::native::unrolled_elementwise_kernel<at::native::direct_copy_kernel_cuda(at::TensorIteratorBase &)::[lambda() (instance 3)]::operator ()() const::[lambda() (instance 7)]::operator ()() const::[lambda(float) (instance 1)], std::array<char *, (unsigned long)2>, (int)4, TrivialOffsetCalculator<(int)1, unsigned int>, TrivialOffsetCalculator<(int)1, unsigned int>, at::native::memory::LoadWithCast<(int)1>, at::native::memory::StoreWithCast<(int)1>>(int, T1, T2, T4, T5, T6, T7)"
:stage.process:model.layers.1.mlp.down_proj,PushPop,2264054,2266203,1,1146,9779408,8533.5,8224.0,7808,10529,765.2,"void batch_trsm_left_kernel<float, (int)64, (int)4, (int)3, (bool)0, (bool)0, (bool)1>(cublasTrsmBatchParams2<T1>, T1, const T1 *, int)"
:stage.process:model.layers.1.mlp.down_proj,PushPop,2264054,2266203,1,2815,9773859,3472.1,3488.0,2464,115936,2133.7,"void at::native::elementwise_kernel<(int)128, (int)2, void at::native::gpu_kernel_impl_nocast<at::native::direct_copy_kernel_cuda(at::TensorIteratorBase &)::[lambda() (instance 3)]::operator ()() const::[lambda() (instance 4)]::operator ()() const::[lambda(long) (instance 1)]>(at::TensorIteratorBase &, const T1 &)::[lambda(int) (instance 1)]>(int, T3)"
:stage.process:model.layers.1.mlp.down_proj,PushPop,2264054,2266203,1,1278,9372932,7334.1,7200.0,4736,9280,457.6,"void at::native::index_elementwise_kernel<(int)128, (int)4, void at::native::gpu_index_kernel<void at::native::index_put_kernel_impl<at::native::OpaqueType<(int)8>>(at::TensorIterator &, c10::ArrayRef<long>, c10::ArrayRef<long>)::[lambda(char *, const char *, long) (instance 1)]>(at::TensorIteratorBase &, c10::ArrayRef<long>, c10::ArrayRef<long>, const T1 &, bool)::[lambda(int) (instance 1)]>(long, T3)"
:stage.process:model.layers.1.mlp.down_proj,PushPop,2264054,2266203,1,2300,7328288,3186.2,3200.0,1984,73984,1544.4,"void at::native::elementwise_kernel<(int)128, (int)2, void at::native::gpu_kernel_impl_nocast<at::native::AUnaryFunctor<long, long, long, at::native::BitwiseAndFunctor<long>>>(at::TensorIteratorBase &, const T1 &)::[lambda(int) (instance 1)]>(int, T3)"
:stage.process:model.layers.1.mlp.down_proj,PushPop,2264054,2266203,1,3074,6972230,2268.1,2240.0,1792,2368,38.1,"void at::native::vectorized_elementwise_kernel<(int)4, at::native::BinaryFunctor<c10::Half, c10::Half, bool, at::native::<unnamed>::CompareEqFunctor<c10::Half>>, std::array<char *, (unsigned long)3>>(int, T2, T3)"
:stage.process:model.layers.1.mlp.down_proj,PushPop,2264054,2266203,1,3074,6881239,2238.5,2240.0,1792,2305,35.4,"void at::native::vectorized_elementwise_kernel<(int)4, at::native::AUnaryFunctor<c10::Half, c10::Half, bool, at::native::<unnamed>::CompareEqFunctor<c10::Half>>, std::array<char *, (unsigned long)2>>(int, T2, T3)"
:stage.process:model.layers.1.mlp.down_proj,PushPop,2264054,2266203,1,2,6836190,3418095.0,3418095.0,3417999,3418191,135.8,ampere_sgemm_128x64_lower_nt
:stage.process:model.layers.1.mlp.down_proj,PushPop,2264054,2266203,1,2,6722975,3361487.5,3361487.5,3303951,3419024,81368.9,ampere_sgemm_128x64_nn
:stage.process:model.layers.1.mlp.down_proj,PushPop,2264054,2266203,1,2302,6685800,2904.3,2624.0,1984,132481,2721.7,"void at::native::roll_cuda_kernel<float>(const T1 *, T1 *, long, long, long, long, long, long)"
:stage.process:model.layers.1.mlp.down_proj,PushPop,2264054,2266203,1,3328,5841312,1755.2,1664.0,1536,37920,654.8,"void at::native::vectorized_elementwise_kernel<(int)4, void at::native::compare_scalar_kernel<float>(at::TensorIteratorBase &, at::native::<unnamed>::OpType, T1)::[lambda(float) (instance 1)], std::array<char *, (unsigned long)2>>(int, T2, T3)"
:stage.process:model.layers.1.mlp.down_proj,PushPop,2264054,2266203,1,3086,5673172,1838.4,1728.0,1600,45760,1980.4,"void at::native::vectorized_elementwise_kernel<(int)4, void at::native::compare_scalar_kernel<long>(at::TensorIteratorBase &, at::native::<unnamed>::OpType, T1)::[lambda(long) (instance 1)], std::array<char *, (unsigned long)2>>(int, T2, T3)"
:stage.process:model.layers.1.mlp.down_proj,PushPop,2264054,2266203,1,2558,5580442,2181.6,2080.0,1600,71872,1776.9,"void at::native::vectorized_elementwise_kernel<(int)4, at::native::BinaryFunctor<bool, bool, bool, at::native::logical_or_kernel_cuda(at::TensorIterator &)::[lambda() (instance 2)]::operator ()() const::[lambda() (instance 9)]::operator ()() const::[lambda(bool, bool) (instance 1)]>, std::array<char *, (unsigned long)3>>(int, T2, T3)"
:stage.process:model.layers.1.mlp.down_proj,PushPop,2264054,2266203,1,639,5231289,8186.7,8288.0,5280,9856,460.6,"void at::native::index_elementwise_kernel<(int)128, (int)4, void at::native::gpu_index_kernel<void at::native::index_kernel_impl<at::native::OpaqueType<(int)4>>(at::TensorIteratorBase &, c10::ArrayRef<long>, c10::ArrayRef<long>)::[lambda(char *, const char *, long) (instance 1)]>(at::TensorIteratorBase &, c10::ArrayRef<long>, c10::ArrayRef<long>, const T1 &, bool)::[lambda(int) (instance 1)]>(long, T3)"
:stage.process:model.layers.1.mlp.down_proj,PushPop,2264054,2266203,1,2048,5224214,2550.9,2528.0,2336,2816,126.8,"void at::native::unrolled_elementwise_kernel<at::native::BinaryFunctor<float, float, float, at::native::maximum_kernel_cuda(at::TensorIteratorBase &)::[lambda() (instance 2)]::operator ()() const::[lambda() (instance 2)]::operator ()() const::[lambda(float, float) (instance 1)]>, std::array<char *, (unsigned long)3>, (int)4, TrivialOffsetCalculator<(int)2, unsigned int>, TrivialOffsetCalculator<(int)1, unsigned int>, at::native::memory::LoadWithCast<(int)2>, at::native::memory::StoreWithCast<(int)1>>(int, T1, T2, T4, T5, T6, T7)"
:stage.process:model.layers.1.mlp.down_proj,PushPop,2264054,2266203,1,1154,4653297,4032.3,4032.0,3968,15136,350.2,ampere_sgemm_32x128_nt
:stage.process:model.layers.1.mlp.down_proj,PushPop,2264054,2266203,1,1173,4628926,3946.2,2272.0,1888,192833,12678.9,"void at::native::vectorized_elementwise_kernel<(int)4, at::native::CUDAFunctor_add<float>, std::array<char *, (unsigned long)3>>(int, T2, T3)"
:stage.process:model.layers.1.mlp.down_proj,PushPop,2264054,2266203,1,639,4479228,7009.7,7169.0,3392,7840,659.5,"void at::native::index_elementwise_kernel<(int)128, (int)4, void at::native::gpu_index_kernel<void at::native::index_put_kernel_impl<at::native::OpaqueType<(int)1>>(at::TensorIterator &, c10::ArrayRef<long>, c10::ArrayRef<long>)::[lambda(char *, const char *, long) (instance 1)]>(at::TensorIteratorBase &, c10::ArrayRef<long>, c10::ArrayRef<long>, const T1 &, bool)::[lambda(int) (instance 1)]>(long, T3)"
:stage.process:model.layers.1.mlp.down_proj,PushPop,2264054,2266203,1,1278,4388596,3434.0,3104.0,2208,5184,631.9,"<unnamed>::qvq_yaqa_feedback_epilogue_kernel(const float *, const float *, const float *, const float *, const float *, float *, int, int, int, int, int)"
:stage.process:model.layers.1.mlp.down_proj,PushPop,2264054,2266203,1,1024,4325848,4224.5,4048.0,3904,4672,304.4,"void at::native::elementwise_kernel<(int)128, (int)4, void at::native::gpu_kernel_impl_nocast<at::native::direct_copy_kernel_cuda(at::TensorIteratorBase &)::[lambda() (instance 3)]::operator ()() const::[lambda() (instance 10)]::operator ()() const::[lambda(c10::Half) (instance 1)]>(at::TensorIteratorBase &, const T1 &)::[lambda(int) (instance 1)]>(int, T3)"
:stage.process:model.layers.1.mlp.down_proj,PushPop,2264054,2266203,1,1159,4182319,3608.6,3488.0,1888,51777,2274.4,"void at::native::unrolled_elementwise_kernel<at::native::direct_copy_kernel_cuda(at::TensorIteratorBase &)::[lambda() (instance 3)]::operator ()() const::[lambda() (instance 4)]::operator ()() const::[lambda(long) (instance 1)], std::array<char *, (unsigned long)2>, (int)4, TrivialOffsetCalculator<(int)1, unsigned int>, TrivialOffsetCalculator<(int)1, unsigned int>, at::native::memory::LoadWithCast<(int)1>, at::native::memory::StoreWithCast<(int)1>>(int, T1, T2, T4, T5, T6, T7)"
:stage.process:model.layers.1.mlp.down_proj,PushPop,2264054,2266203,1,1,3846162,3846162.0,3846162.0,3846162,3846162,0.0,ampere_sgemm_32x128_tn
:stage.process:model.layers.1.mlp.down_proj,PushPop,2264054,2266203,1,1032,3417870,3311.9,3264.0,2976,15648,808.9,"void at::native::reduce_kernel<(int)512, (int)1, at::native::ReduceOp<bool, at::native::func_wrapper_t<bool, at::native::or_kernel_cuda(at::TensorIterator &)::[lambda() (instance 1)]::operator ()() const::[lambda() (instance 12)]::operator ()() const::[lambda(bool, bool) (instance 1)]>, unsigned int, bool, (int)4, (int)4>>(T3)"
:stage.process:model.layers.1.mlp.down_proj,PushPop,2264054,2266203,1,2316,3159118,1364.0,1376.0,1248,2144,71.1,"void <unnamed>::elementwise_kernel_with_index<int, at::native::arange_cuda_out(const c10::Scalar &, const c10::Scalar &, const c10::Scalar &, at::Tensor &)::[lambda() (instance 1)]::operator ()() const::[lambda() (instance 4)]::operator ()() const::[lambda(long) (instance 1)]>(T1, T2, function_traits<T2>::result_type *)"
:stage.process:model.layers.1.mlp.down_proj,PushPop,2264054,2266203,1,512,2933067,5728.6,5728.0,5312,6368,143.1,"void at::native::unrolled_elementwise_kernel<at::native::CUDAFunctor_add<float>, std::array<char *, (unsigned long)3>, (int)4, TrivialOffsetCalculator<(int)2, unsigned int>, TrivialOffsetCalculator<(int)1, unsigned int>, at::native::memory::LoadWithCast<(int)2>, at::native::memory::StoreWithCast<(int)1>>(int, T1, T2, T4, T5, T6, T7)"
:stage.process:model.layers.1.mlp.down_proj,PushPop,2264054,2266203,1,1278,2861304,2238.9,2240.0,1440,3104,144.0,"<unnamed>::qvq_yaqa_grouped_pointers_kernel(const float *, const float *, float *, float **, float **, float **, int, int, int, int, int, int)"
:stage.process:model.layers.1.mlp.down_proj,PushPop,2264054,2266203,1,1278,2759985,2159.6,2112.0,1664,3200,190.9,"void at::native::vectorized_elementwise_kernel<(int)4, at::native::bitwise_not_kernel_cuda(at::TensorIteratorBase &)::[lambda(bool) (instance 1)], std::array<char *, (unsigned long)2>>(int, T2, T3)"
:stage.process:model.layers.1.mlp.down_proj,PushPop,2264054,2266203,1,3,2632588,877529.3,1311782.0,8960,1311846,752203.1,"void at::native::reduce_kernel<(int)512, (int)1, at::native::ReduceOp<long, at::native::func_wrapper_t<long, at::native::sum_functor<long, long, long>::operator ()(at::TensorIterator &)::[lambda(long, long) (instance 1)]>, unsigned int, long, (int)4, (int)4>>(T3)"
:stage.process:model.layers.1.mlp.down_proj,PushPop,2264054,2266203,1,1278,2556560,2000.4,1952.0,1472,3680,153.9,"<unnamed>::qvq_yaqa_update_grouped_pointers_kernel(float *, float *, const float *, const float *, const float *, float **, float **, float **, int, int, int, int, int, int)"
:stage.process:model.layers.1.mlp.down_proj,PushPop,2264054,2266203,1,11,2468269,224388.1,65696.0,5504,1024741,396315.0,"void at::native::vectorized_elementwise_kernel<(int)2, at::native::AUnaryFunctor<long, long, long, at::native::BitwiseAndFunctor<long>>, std::array<char *, (unsigned long)2>>(int, T2, T3)"
:stage.process:model.layers.1.mlp.down_proj,PushPop,2264054,2266203,1,513,2205419,4299.1,4256.0,3744,20961,739.2,"void at::native::elementwise_kernel<(int)128, (int)4, void at::native::gpu_kernel_impl_nocast<at::native::direct_copy_kernel_cuda(at::TensorIteratorBase &)::[lambda() (instance 3)]::operator ()() const::[lambda() (instance 1)]::operator ()() const::[lambda(unsigned char) (instance 1)]>(at::TensorIteratorBase &, const T1 &)::[lambda(int) (instance 1)]>(int, T3)"
:stage.process:model.layers.1.mlp.down_proj,PushPop,2264054,2266203,1,4,2181162,545290.5,562002.5,4928,1052229,584412.1,"void at::native::elementwise_kernel<(int)128, (int)2, void at::native::gpu_kernel_impl_nocast<at::native::BinaryFunctor<long, long, long, at::native::lshift_kernel_cuda(at::TensorIteratorBase &)::[lambda() (instance 1)]::operator ()() const::[lambda() (instance 4)]::operator ()() const::[lambda(long, long) (instance 1)]>>(at::TensorIteratorBase &, const T1 &)::[lambda(int) (instance 1)]>(int, T3)"
:stage.process:model.layers.1.mlp.down_proj,PushPop,2264054,2266203,1,4,2165642,541410.5,540802.5,41088,1042949,577631.3,"void at::native::elementwise_kernel<(int)128, (int)2, void at::native::gpu_kernel_impl_nocast<at::native::BinaryFunctor<long, long, long, at::native::rshift_kernel_cuda(at::TensorIteratorBase &)::[lambda() (instance 1)]::operator ()() const::[lambda() (instance 4)]::operator ()() const::[lambda(long, long) (instance 1)]>>(at::TensorIteratorBase &, const T1 &)::[lambda(int) (instance 1)]>(int, T3)"
:stage.process:model.layers.1.mlp.down_proj,PushPop,2264054,2266203,1,3,1893193,631064.3,909476.0,72801,910916,483470.8,"void at::native::index_elementwise_kernel<(int)128, (int)4, void at::native::gpu_index_kernel<void at::native::index_kernel_impl<at::native::OpaqueType<(int)8>>(at::TensorIteratorBase &, c10::ArrayRef<long>, c10::ArrayRef<long>)::[lambda(char *, const char *, long) (instance 1)]>(at::TensorIteratorBase &, c10::ArrayRef<long>, c10::ArrayRef<long>, const T1 &, bool)::[lambda(int) (instance 1)]>(long, T3)"
:stage.process:model.layers.1.mlp.down_proj,PushPop,2264054,2266203,1,1031,1762414,1709.4,1696.0,1600,13216,646.5,"void at::native::vectorized_elementwise_kernel<(int)4, at::native::BinaryFunctor<bool, bool, bool, at::native::BitwiseOrFunctor<bool>>, std::array<char *, (unsigned long)3>>(int, T2, T3)"
:stage.process:model.layers.1.mlp.down_proj,PushPop,2264054,2266203,1,491,1747079,3558.2,3360.0,2944,16032,1129.6,"void cublasLt::splitKreduce_kernel<(int)32, (int)16, int, float, float, float, float, (bool)0, float, float, float, (bool)1, (bool)0, (bool)0, (bool)0>(cublasLt::cublasSplitKParams<T6>, const T4 *, const T10 *, T9 *, T5 *, const T6 *, const T6 *, const T11 *, const T4 *, T11 *, void *, long, T6 *, int *, T6 *, T6 *, const T6 *, const T6 *, const T6 *, const T6 *, const T6 *)"
:stage.process:model.layers.1.mlp.down_proj,PushPop,2264054,2266203,1,3,1692072,564024.0,823428.0,44192,824452,450188.0,"void at::native::triu_tril_kernel<float, int, (bool)0, (int)2, (bool)1>(at::cuda::detail::TensorInfo<T1, T2>, at::cuda::detail::TensorInfo<const T1, T2>, long, long, T2)"
:stage.process:model.layers.1.mlp.down_proj,PushPop,2264054,2266203,1,641,1214919,1895.3,1792.0,1568,29153,1526.7,"void at::native::vectorized_elementwise_kernel<(int)2, at::native::FillFunctor<long>, std::array<char *, (unsigned long)1>>(int, T2, T3)"
:stage.process:model.layers.1.mlp.down_proj,PushPop,2264054,2266203,1,516,1176455,2280.0,1760.0,1664,72608,6099.7,"void at::native::vectorized_elementwise_kernel<(int)4, at::native::BinaryFunctor<long, long, bool, at::native::<unnamed>::CompareEqFunctor<long>>, std::array<char *, (unsigned long)3>>(int, T2, T3)"
:stage.process:model.layers.1.mlp.down_proj,PushPop,2264054,2266203,1,512,1115555,2178.8,2176.0,2144,2208,12.4,"void at::native::elementwise_kernel<(int)128, (int)2, void at::native::gpu_kernel_impl_nocast<at::native::BUnaryFunctor<long, long, long, at::native::rshift_kernel_cuda(at::TensorIteratorBase &)::[lambda() (instance 1)]::operator ()() const::[lambda() (instance 4)]::operator ()() const::[lambda(long, long) (instance 1)]>>(at::TensorIteratorBase &, const T1 &)::[lambda(int) (instance 1)]>(int, T3)"
:stage.process:model.layers.1.mlp.down_proj,PushPop,2264054,2266203,1,10,993222,99322.2,76928.5,3584,295265,105611.0,"void at::native::elementwise_kernel<(int)128, (int)2, void at::native::gpu_kernel_impl_nocast<at::native::BinaryFunctor<float, float, float, at::native::binary_internal::MulFunctor<float>>>(at::TensorIteratorBase &, const T1 &)::[lambda(int) (instance 1)]>(int, T3)"
:stage.process:model.layers.1.mlp.down_proj,PushPop,2264054,2266203,1,9,809858,89984.2,67008.0,1984,258849,99067.1,"void at::native::vectorized_elementwise_kernel<(int)4, at::native::BUnaryFunctor<float, float, float, at::native::binary_internal::MulFunctor<float>>, std::array<char *, (unsigned long)2>>(int, T2, T3)"
:stage.process:model.layers.1.mlp.down_proj,PushPop,2264054,2266203,1,9,777569,86396.6,86208.0,85856,88096,723.5,"void at::native::vectorized_elementwise_kernel<(int)4, at::native::BinaryFunctor<float, float, float, at::native::binary_internal::MulFunctor<float>>, std::array<char *, (unsigned long)3>>(int, T2, T3)"
:stage.process:model.layers.1.mlp.down_proj,PushPop,2264054,2266203,1,13,704196,54168.9,29184.0,1344,114081,50088.9,"void at::native::vectorized_elementwise_kernel<(int)4, at::native::FillFunctor<float>, std::array<char *, (unsigned long)1>>(int, T2, T3)"
:stage.process:model.layers.1.mlp.down_proj,PushPop,2264054,2266203,1,26,485797,18684.5,18672.0,15712,21537,1484.3,ampere_sgemm_128x32_nn
:stage.process:model.layers.1.mlp.down_proj,PushPop,2264054,2266203,1,10,438852,43885.2,46976.5,14176,48160,10447.8,"void at::native::reduce_kernel<(int)512, (int)1, at::native::ReduceOp<float, at::native::func_wrapper_t<float, at::native::sum_functor<float, float, float>::operator ()(at::TensorIterator &)::[lambda(float, float) (instance 1)]>, unsigned int, float, (int)4, (int)4>>(T3)"
:stage.process:model.layers.1.mlp.down_proj,PushPop,2264054,2266203,1,1,340994,340994.0,340994.0,340994,340994,0.0,"void at::native::<unnamed>::CatArrayBatchedCopy_alignedK_contig<at::native::<unnamed>::OpaqueType<(unsigned int)8>, unsigned int, (int)3, (int)128, (int)1, (int)16>(T1 *, at::native::<unnamed>::CatArrInputTensorMetadata<T1, T2, T4, T5>, at::native::<unnamed>::TensorSizeStride<T2, (unsigned int)4>, int, T2)"
:stage.process:model.layers.1.mlp.down_proj,PushPop,2264054,2266203,1,3,296385,98795.0,100417.0,95136,100832,3175.6,"void at::native::vectorized_elementwise_kernel<(int)2, at::native::BinaryFunctor<long, long, long, at::native::BitwiseXorFunctor<long>>, std::array<char *, (unsigned long)3>>(int, T2, T3)"
:stage.process:model.layers.1.mlp.down_proj,PushPop,2264054,2266203,1,6,270721,45120.2,2032.0,1568,251713,101287.6,"void at::native::vectorized_elementwise_kernel<(int)4, at::native::AUnaryFunctor<float, float, float, at::native::binary_internal::MulFunctor<float>>, std::array<char *, (unsigned long)2>>(int, T2, T3)"
:stage.process:model.layers.1.mlp.down_proj,PushPop,2264054,2266203,1,4,260353,65088.3,65328.5,59072,70624,5260.0,"void at::native::vectorized_elementwise_kernel<(int)2, at::native::BUnaryFunctor<long, long, long, at::native::rshift_kernel_cuda(at::TensorIteratorBase &)::[lambda() (instance 1)]::operator ()() const::[lambda() (instance 4)]::operator ()() const::[lambda(long, long) (instance 1)]>, std::array<char *, (unsigned long)2>>(int, T2, T3)"
:stage.process:model.layers.1.mlp.down_proj,PushPop,2264054,2266203,1,10,205984,20598.4,20592.0,20384,20928,158.2,"void at::native::<unnamed>::CatArrayBatchedCopy<at::native::<unnamed>::OpaqueType<(unsigned int)4>, unsigned int, (int)2, (int)64, (int)64>(T1 *, at::native::<unnamed>::CatArrInputTensorMetadata<T1, T2, T4, T5>, at::native::<unnamed>::TensorSizeStride<T2, (unsigned int)4>, int, T2)"
:stage.process:model.layers.1.mlp.down_proj,PushPop,2264054,2266203,1,2,200384,100192.0,100192.0,99904,100480,407.3,"void at::native::vectorized_elementwise_kernel<(int)2, at::native::BinaryFunctor<long, long, long, at::native::BitwiseOrFunctor<long>>, std::array<char *, (unsigned long)3>>(int, T2, T3)"
:stage.process:model.layers.1.mlp.down_proj,PushPop,2264054,2266203,1,16,170338,10646.1,10352.5,9088,12192,939.9,void cutlass::Kernel2<cutlass_80_simt_sgemm_128x32_8x5_nn_align1>(T1::Params)
:stage.process:model.layers.1.mlp.down_proj,PushPop,2264054,2266203,1,10,152384,15238.4,7872.0,3904,49792,13960.3,"void at::native::reduce_kernel<(int)512, (int)1, at::native::ReduceOp<float, at::native::MeanOps<float, float, float, float>, unsigned int, float, (int)4, (int)4>>(T3)"
:stage.process:model.layers.1.mlp.down_proj,PushPop,2264054,2266203,1,6,132512,22085.3,22064.0,16224,27968,6420.8,"void trsm_batch_left_upper_kernel_small<float, (int)16, (int)16, (int)64>(cublasTrsmBatchParams<T1>, const T1 *const *, T1 *const *, const T1 *, T1)"
:stage.process:model.layers.1.mlp.down_proj,PushPop,2264054,2266203,1,2,128098,64049.0,64049.0,64033,64065,22.6,"void at::native::vectorized_elementwise_kernel<(int)2, at::native::BUnaryFunctor<long, long, long, at::native::lshift_kernel_cuda(at::TensorIteratorBase &)::[lambda() (instance 1)]::operator ()() const::[lambda() (instance 4)]::operator ()() const::[lambda(long, long) (instance 1)]>, std::array<char *, (unsigned long)2>>(int, T2, T3)"
:stage.process:model.layers.1.mlp.down_proj,PushPop,2264054,2266203,1,3,114817,38272.3,53921.0,5888,55008,28050.9,"void at::native::unrolled_elementwise_kernel<at::native::direct_copy_kernel_cuda(at::TensorIteratorBase &)::[lambda() (instance 3)]::operator ()() const::[lambda() (instance 3)]::operator ()() const::[lambda(int) (instance 1)], std::array<char *, (unsigned long)2>, (int)4, TrivialOffsetCalculator<(int)1, unsigned int>, TrivialOffsetCalculator<(int)1, unsigned int>, at::native::memory::LoadWithCast<(int)1>, at::native::memory::StoreWithCast<(int)1>>(int, T1, T2, T4, T5, T6, T7)"
:stage.process:model.layers.1.mlp.down_proj,PushPop,2264054,2266203,1,4,86528,21632.0,21552.0,21344,22080,335.6,"std::enable_if<!T7, void>::type internal::gemvx::kernel<int, int, float, float, float, float, (bool)0, (bool)1, (bool)1, (bool)0, (int)7, (bool)0, cublasGemvParamsEx<int, cublasGemvTensorStridedBatched<const float>, cublasGemvTensorStridedBatched<const float>, cublasGemvTensorStridedBatched<float>, float>>(T13)"
:stage.process:model.layers.1.mlp.down_proj,PushPop,2264054,2266203,1,5,76800,15360.0,1600.0,1536,70528,30839.9,"void at::native::vectorized_elementwise_kernel<(int)2, at::native::CUDAFunctorOnSelf_add<long>, std::array<char *, (unsigned long)2>>(int, T2, T3)"
:stage.process:model.layers.1.mlp.down_proj,PushPop,2264054,2266203,1,1,73377,73377.0,73377.0,73377,73377,0.0,"void at::native::elementwise_kernel<(int)128, (int)2, void at::native::gpu_kernel_impl_nocast<at::native::BinaryFunctor<float, float, float, at::native::binary_internal::DivFunctor<float>>>(at::TensorIteratorBase &, const T1 &)::[lambda(int) (instance 1)]>(int, T3)"
:stage.process:model.layers.1.mlp.down_proj,PushPop,2264054,2266203,1,6,73056,12176.0,1904.0,1600,63968,25373.5,"void at::native::vectorized_elementwise_kernel<(int)2, at::native::AUnaryFunctor<long, long, long, at::native::binary_internal::MulFunctor<long>>, std::array<char *, (unsigned long)2>>(int, T2, T3)"
:stage.process:model.layers.1.mlp.down_proj,PushPop,2264054,2266203,1,8,67712,8464.0,5600.0,4032,17312,5213.3,"void gemmSN_NN_kernel<float, (int)256, (int)4, (int)2, (int)8, (int)4, (int)4, (bool)0, cublasGemvTensorBatched<const float>, cublasGemvTensorBatched<const float>, cublasGemvTensorBatched<float>>(cublasGemmSmallNParams<T9, T10, T11, T1>)"
:stage.process:model.layers.1.mlp.down_proj,PushPop,2264054,2266203,1,1,62465,62465.0,62465.0,62465,62465,0.0,"void at::native::vectorized_elementwise_kernel<(int)4, void at::native::<unnamed>::pow_tensor_scalar_kernel_impl<float, float>(at::TensorIteratorBase &, T2)::[lambda(float) (instance 1)], std::array<char *, (unsigned long)2>>(int, T2, T3)"
:stage.process:model.layers.1.mlp.down_proj,PushPop,2264054,2266203,1,1,53856,53856.0,53856.0,53856,53856,0.0,"void at::native::reduce_kernel<(int)128, (int)4, at::native::ReduceOp<long, at::native::func_wrapper_t<long, at::native::sum_functor<long, long, long>::operator ()(at::TensorIterator &)::[lambda(long, long) (instance 1)]>, unsigned int, long, (int)4, (int)4>>(T3)"
:stage.process:model.layers.1.mlp.down_proj,PushPop,2264054,2266203,1,1,47424,47424.0,47424.0,47424,47424,0.0,"void at::native::vectorized_elementwise_kernel<(int)4, at::native::float16_copy_kernel_cuda(at::TensorIteratorBase &)::[lambda(float) (instance 1)], std::array<char *, (unsigned long)2>>(int, T2, T3)"
:stage.process:model.layers.1.mlp.down_proj,PushPop,2264054,2266203,1,6,29376,4896.0,5056.0,4000,6016,733.1,"void at::native::elementwise_kernel<(int)128, (int)2, void at::native::gpu_kernel_impl_nocast<at::native::CUDAFunctorOnSelf_add<float>>(at::TensorIteratorBase &, const T1 &)::[lambda(int) (instance 1)]>(int, T3)"
:stage.process:model.layers.1.mlp.down_proj,PushPop,2264054,2266203,1,3,28000,9333.3,10176.0,7072,10752,1979.4,"void at::native::elementwise_kernel<(int)128, (int)2, void at::native::gpu_kernel_impl_nocast<at::native::direct_copy_kernel_cuda(at::TensorIteratorBase &)::[lambda() (instance 3)]::operator ()() const::[lambda() (instance 3)]::operator ()() const::[lambda(int) (instance 1)]>(at::TensorIteratorBase &, const T1 &)::[lambda(int) (instance 1)]>(int, T3)"
:stage.process:model.layers.1.mlp.down_proj,PushPop,2264054,2266203,1,4,14880,3720.0,3712.0,3488,3968,251.1,"void at::native::vectorized_elementwise_kernel<(int)2, at::native::BUnaryFunctor<long, long, long, at::native::remainder_kernel_cuda(at::TensorIteratorBase &)::[lambda() (instance 1)]::operator ()() const::[lambda() (instance 4)]::operator ()() const::[lambda(long, long) (instance 1)]>, std::array<char *, (unsigned long)2>>(int, T2, T3)"
:stage.process:model.layers.1.mlp.down_proj,PushPop,2264054,2266203,1,3,11840,3946.7,4160.0,3520,4160,369.5,"void at::native::unrolled_elementwise_kernel<at::native::direct_copy_kernel_cuda(at::TensorIteratorBase &)::[lambda() (instance 3)]::operator ()() const::[lambda() (instance 1)]::operator ()() const::[lambda(unsigned char) (instance 1)], std::array<char *, (unsigned long)2>, (int)4, TrivialOffsetCalculator<(int)1, unsigned int>, TrivialOffsetCalculator<(int)1, unsigned int>, at::native::memory::LoadWithCast<(int)1>, at::native::memory::StoreWithCast<(int)1>>(int, T1, T2, T4, T5, T6, T7)"
:stage.process:model.layers.1.mlp.down_proj,PushPop,2264054,2266203,1,6,11808,1968.0,1888.0,1856,2368,197.0,"void at::native::vectorized_elementwise_kernel<(int)4, at::native::<unnamed>::CompareFunctor<float>, std::array<char *, (unsigned long)3>>(int, T2, T3)"
:stage.process:model.layers.1.mlp.down_proj,PushPop,2264054,2266203,1,2,10528,5264.0,5264.0,4864,5664,565.7,"void at::native::<unnamed>::CatArrayBatchedCopy_vectorized<at::native::<unnamed>::OpaqueType<(unsigned int)2>, unsigned int, (int)1, (int)128, (int)1, (int)16, (int)8>(char *, at::native::<unnamed>::CatArrInputTensorMetadata<T1, T2, T4, T5>, at::native::<unnamed>::TensorSizeStride<T2, (unsigned int)4>, int, T2)"
:stage.process:model.layers.1.mlp.down_proj,PushPop,2264054,2266203,1,3,9760,3253.3,3264.0,3136,3360,112.4,"void at::native::vectorized_elementwise_kernel<(int)4, at::native::AUnaryFunctor<unsigned char, unsigned char, bool, at::native::<unnamed>::CompareEqFunctor<unsigned char>>, std::array<char *, (unsigned long)2>>(int, T2, T3)"
:stage.process:model.layers.1.mlp.down_proj,PushPop,2264054,2266203,1,1,9344,9344.0,9344.0,9344,9344,0.0,ampere_sgemm_32x32_sliced1x4_nn
:stage.process:model.layers.1.mlp.down_proj,PushPop,2264054,2266203,1,1,8288,8288.0,8288.0,8288,8288,0.0,"void at::native::vectorized_elementwise_kernel<(int)4, at::native::AUnaryFunctor<unsigned char, unsigned char, unsigned char, at::native::binary_internal::MulFunctor<unsigned char>>, std::array<char *, (unsigned long)2>>(int, T2, T3)"
:stage.process:model.layers.1.mlp.down_proj,PushPop,2264054,2266203,1,2,8192,4096.0,4096.0,3392,4800,995.6,"void at::native::elementwise_kernel<(int)128, (int)2, void at::native::gpu_kernel_impl_nocast<at::native::AbsFunctor<float>>(at::TensorIteratorBase &, const T1 &)::[lambda(int) (instance 1)]>(int, T3)"
:stage.process:model.layers.1.mlp.down_proj,PushPop,2264054,2266203,1,2,7520,3760.0,3760.0,3744,3776,22.6,"void at::native::vectorized_elementwise_kernel<(int)2, at::native::BUnaryFunctor<long, long, long, at::native::binary_internal::div_floor_kernel_cuda(at::TensorIteratorBase &)::[lambda() (instance 1)]::operator ()() const::[lambda() (instance 4)]::operator ()() const::[lambda(long, long) (instance 1)]>, std::array<char *, (unsigned long)2>>(int, T2, T3)"
:stage.process:model.layers.1.mlp.down_proj,PushPop,2264054,2266203,1,3,7136,2378.7,2144.0,2016,2976,521.2,"void at::native::vectorized_elementwise_kernel<(int)4, at::native::FillFunctor<unsigned char>, std::array<char *, (unsigned long)1>>(int, T2, T3)"
:stage.process:model.layers.1.mlp.down_proj,PushPop,2264054,2266203,1,2,6432,3216.0,3216.0,3200,3232,22.6,"void at::native::elementwise_kernel<(int)128, (int)2, void at::native::gpu_kernel_impl_nocast<at::native::CUDAFunctor_add<long>>(at::TensorIteratorBase &, const T1 &)::[lambda(int) (instance 1)]>(int, T3)"
:stage.process:model.layers.1.mlp.down_proj,PushPop,2264054,2266203,1,2,6080,3040.0,3040.0,2880,3200,226.3,"void at::native::<unnamed>::CatArrayBatchedCopy_alignedK_contig<at::native::<unnamed>::OpaqueType<(unsigned int)4>, unsigned int, (int)1, (int)128, (int)1, (int)16>(T1 *, at::native::<unnamed>::CatArrInputTensorMetadata<T1, T2, T4, T5>, at::native::<unnamed>::TensorSizeStride<T2, (unsigned int)4>, int, T2)"
:stage.process:model.layers.1.mlp.down_proj,PushPop,2264054,2266203,1,3,5984,1994.7,1920.0,1760,2304,279.6,"void at::native::vectorized_elementwise_kernel<(int)4, at::native::BinaryFunctor<float, float, float, at::native::maximum_kernel_cuda(at::TensorIteratorBase &)::[lambda() (instance 2)]::operator ()() const::[lambda() (instance 2)]::operator ()() const::[lambda(float, float) (instance 1)]>, std::array<char *, (unsigned long)3>>(int, T2, T3)"
:stage.process:model.layers.1.mlp.down_proj,PushPop,2264054,2266203,1,3,5344,1781.3,1952.0,1376,2016,352.5,"xxtrf4_set_info_ker(int, int *)"
:stage.process:model.layers.1.mlp.down_proj,PushPop,2264054,2266203,1,1,5184,5184.0,5184.0,5184,5184,0.0,"void at::native::reduce_kernel<(int)512, (int)1, at::native::ReduceOp<float, at::native::ArgMinOps<float>, unsigned int, long, (int)4, (int)4>>(T3)"
:stage.process:model.layers.1.mlp.down_proj,PushPop,2264054,2266203,1,2,5088,2544.0,2544.0,2464,2624,113.1,"void at::native::vectorized_elementwise_kernel<(int)4, at::native::FillFunctor<bool>, std::array<char *, (unsigned long)1>>(int, T2, T3)"
:stage.process:model.layers.1.mlp.down_proj,PushPop,2264054,2266203,1,2,4800,2400.0,2400.0,2400,2400,0.0,"void at::native::vectorized_elementwise_kernel<(int)2, at::native::CUDAFunctorOnOther_add<long>, std::array<char *, (unsigned long)2>>(int, T2, T3)"
:stage.process:model.layers.1.mlp.down_proj,PushPop,2264054,2266203,1,2,4672,2336.0,2336.0,2272,2400,90.5,"void at::native::vectorized_elementwise_kernel<(int)4, void at::native::compare_scalar_kernel<c10::Half>(at::TensorIteratorBase &, at::native::<unnamed>::OpType, T1)::[lambda(c10::Half) (instance 1)], std::array<char *, (unsigned long)2>>(int, T2, T3)"
:stage.process:model.layers.1.mlp.down_proj,PushPop,2264054,2266203,1,2,4192,2096.0,2096.0,1920,2272,248.9,"void at::native::unrolled_elementwise_kernel<at::native::AUnaryFunctor<long, long, long, at::native::BitwiseAndFunctor<long>>, std::array<char *, (unsigned long)2>, (int)4, TrivialOffsetCalculator<(int)1, unsigned int>, TrivialOffsetCalculator<(int)1, unsigned int>, at::native::memory::LoadWithoutCast, at::native::memory::StoreWithoutCast>(int, T1, T2, T4, T5, T6, T7)"
:stage.process:model.layers.1.mlp.down_proj,PushPop,2264054,2266203,1,1,3648,3648.0,3648.0,3648,3648,0.0,"void at::native::vectorized_elementwise_kernel<(int)4, at::native::BinaryFunctor<unsigned char, unsigned char, bool, at::native::<unnamed>::CompareEqFunctor<unsigned char>>, std::array<char *, (unsigned long)3>>(int, T2, T3)"
:stage.process:model.layers.1.mlp.down_proj,PushPop,2264054,2266203,1,1,3456,3456.0,3456.0,3456,3456,0.0,"void at::native::<unnamed>::CatArrayBatchedCopy_contig<at::native::<unnamed>::OpaqueType<(unsigned int)1>, unsigned int, (int)1, (int)128, (int)1>(T1 *, at::native::<unnamed>::CatArrInputTensorMetadata<T1, T2, T4, T5>, at::native::<unnamed>::TensorSizeStride<T2, (unsigned int)4>, int, T2)"
:stage.process:model.layers.1.mlp.down_proj,PushPop,2264054,2266203,1,1,3264,3264.0,3264.0,3264,3264,0.0,"void at::native::unrolled_elementwise_kernel<at::native::direct_copy_kernel_cuda(at::TensorIteratorBase &)::[lambda() (instance 3)]::operator ()() const::[lambda() (instance 11)]::operator ()() const::[lambda(bool) (instance 1)], std::array<char *, (unsigned long)2>, (int)4, TrivialOffsetCalculator<(int)1, unsigned int>, TrivialOffsetCalculator<(int)1, unsigned int>, at::native::memory::LoadWithCast<(int)1>, at::native::memory::StoreWithCast<(int)1>>(int, T1, T2, T4, T5, T6, T7)"
:stage.process:model.layers.1.mlp.down_proj,PushPop,2264054,2266203,1,1,2816,2816.0,2816.0,2816,2816,0.0,"void at::native::vectorized_elementwise_kernel<(int)4, at::native::sqrt_kernel_cuda(at::TensorIteratorBase &)::[lambda() (instance 2)]::operator ()() const::[lambda() (instance 2)]::operator ()() const::[lambda(float) (instance 1)], std::array<char *, (unsigned long)2>>(int, T2, T3)"
:stage.process:model.layers.1.mlp.down_proj,PushPop,2264054,2266203,1,1,2368,2368.0,2368.0,2368,2368,0.0,"void at::native::elementwise_kernel<(int)128, (int)2, void at::native::gpu_kernel_impl_nocast<at::native::<unnamed>::where_kernel_impl(at::TensorIterator &)::[lambda() (instance 1)]::operator ()() const::[lambda() (instance 3)]::operator ()() const::[lambda(bool, unsigned int, unsigned int) (instance 1)]>(at::TensorIteratorBase &, const T1 &)::[lambda(int) (instance 1)]>(int, T3)"
:stage.process:model.layers.1.mlp.down_proj,PushPop,2264054,2266203,1,1,2112,2112.0,2112.0,2112,2112,0.0,"void at::native::unrolled_elementwise_kernel<at::native::<unnamed>::CompareFunctor<c10::Half>, std::array<char *, (unsigned long)3>, (int)4, TrivialOffsetCalculator<(int)2, unsigned int>, TrivialOffsetCalculator<(int)1, unsigned int>, at::native::memory::LoadWithoutCast, at::native::memory::StoreWithoutCast>(int, T1, T2, T4, T5, T6, T7)"
:stage.process:model.layers.1.mlp.down_proj,PushPop,2264054,2266203,1,1,1920,1920.0,1920.0,1920,1920,0.0,"void at::native::vectorized_elementwise_kernel<(int)4, at::native::<unnamed>::launch_clamp_scalar(at::TensorIteratorBase &, c10::Scalar, c10::Scalar, at::native::detail::ClampLimits)::[lambda() (instance 1)]::operator ()() const::[lambda() (instance 7)]::operator ()() const::[lambda(float) (instance 1)], std::array<char *, (unsigned long)2>>(int, T2, T3)"
:stage.process:model.layers.1.mlp.gate_proj,PushPop,2264054,2266203,1,12272,17755061998,1446794.5,1097221.0,133184,4364145,1279661.2,"void <unnamed>::qvq_v2_segment_grid_kernel<(int)4, (int)2, (int)16, (bool)1, (bool)0, __half, unsigned char>(const float *, const T6 *, const float *, const long *, const float *, const float *, float *, T7 *, unsigned char *, int, int, int, bool, bool)"
:stage.process:model.layers.1.mlp.gate_proj,PushPop,2264054,2266203,1,1534,4717725064,3075440.1,2784459.0,1363078,7267835,1929823.1,"void <unnamed>::qvq_viterbi_kernel<(int)4, (int)2, __half, unsigned char>(const float *, const T3 *, const float *, const long *, const float *, T4 *, long *, float *, int, int, int, bool, bool, bool)"
:stage.process:model.layers.1.mlp.gate_proj,PushPop,2264054,2266203,1,1278,2713920470,2123568.4,1645047.0,22048,6116506,1574300.1,void cutlass::Kernel2<cutlass_80_simt_sgemm_grouped_128x128_8x4_align1>(T1::Params)
:stage.process:model.layers.1.mlp.gate_proj,PushPop,2264054,2266203,1,1278,676891255,529648.9,323201.5,5696,1017509,350600.1,"void gemmSN_NN_kernel<float, (int)128, (int)2, (int)4, (int)8, (int)4, (int)4, (bool)0, cublasGemvTensorBatched<const float>, cublasGemvTensorBatched<const float>, cublasGemvTensorBatched<float>>(cublasGemmSmallNParams<T9, T10, T11, T1>)"
:stage.process:model.layers.1.mlp.gate_proj,PushPop,2264054,2266203,1,1534,547525337,356926.6,289698.0,73857,949892,267611.1,"void <unnamed>::qvq_v2_segment_grid_finalize_kernel<(int)4, (int)2, (int)16, (bool)0, __half, unsigned char>(const float *, const T5 *, const float *, const long *, const float *, const float *, const T6 *, const unsigned char *, long *, unsigned char *, float *, int, int, bool, bool)"
:stage.process:model.layers.1.mlp.gate_proj,PushPop,2264054,2266203,1,1276,217594135,170528.3,109072.5,10304,319233,106003.3,ampere_sgemm_128x128_nt
:stage.process:model.layers.1.mlp.gate_proj,PushPop,2264054,2266203,1,14,85879716,6134265.4,3624862.5,3284204,12703798,4298722.3,ampere_sgemm_128x64_nn
:stage.process:model.layers.1.mlp.gate_proj,PushPop,2264054,2266203,1,3785,29805977,7874.8,3232.0,2112,679010,35145.9,"void at::native::elementwise_kernel<(int)128, (int)2, void at::native::gpu_kernel_impl_nocast<at::native::direct_copy_kernel_cuda(at::TensorIteratorBase &)::[lambda() (instance 3)]::operator ()() const::[lambda() (instance 7)]::operator ()() const::[lambda(float) (instance 1)]>(at::TensorIteratorBase &, const T1 &)::[lambda(int) (instance 1)]>(int, T3)"
:stage.process:model.layers.1.mlp.gate_proj,PushPop,2264054,2266203,1,2,26664874,13332437.0,13332437.0,12878995,13785879,641263.8,void cutlass::Kernel2<cutlass_80_simt_sgemm_128x64_8x5_nn_align1>(T1::Params)
:stage.process:model.layers.1.mlp.gate_proj,PushPop,2264054,2266203,1,3222,23810929,7390.1,7568.5,2592,90592,3223.0,"void at::native::reduce_kernel<(int)512, (int)1, at::native::ReduceOp<bool, at::native::func_wrapper_t<bool, at::native::and_kernel_cuda(at::TensorIterator &)::[lambda() (instance 1)]::operator ()() const::[lambda() (instance 12)]::operator ()() const::[lambda(bool, bool) (instance 1)]>, unsigned int, bool, (int)4, (int)4>>(T3)"
:stage.process:model.layers.1.mlp.gate_proj,PushPop,2264054,2266203,1,445,18517768,41613.0,6144.0,3264,664803,70651.3,"void at::native::elementwise_kernel<(int)128, (int)2, void at::native::gpu_kernel_impl_nocast<at::native::CUDAFunctor_add<float>>(at::TensorIteratorBase &, const T1 &)::[lambda(int) (instance 1)]>(int, T3)"
:stage.process:model.layers.1.mlp.gate_proj,PushPop,2264054,2266203,1,1663,18035288,10845.0,9504.0,5472,119616,3475.9,"void at::native::index_elementwise_kernel<(int)128, (int)4, void at::native::gpu_index_kernel<void at::native::index_kernel_impl<at::native::OpaqueType<(int)2>>(at::TensorIteratorBase &, c10::ArrayRef<long>, c10::ArrayRef<long>)::[lambda(char *, const char *, long) (instance 1)]>(at::TensorIteratorBase &, c10::ArrayRef<long>, c10::ArrayRef<long>, const T1 &, bool)::[lambda(int) (instance 1)]>(long, T3)"
:stage.process:model.layers.1.mlp.gate_proj,PushPop,2264054,2266203,1,2046,16478847,8054.2,8000.0,3712,10784,1127.1,"void at::native::reduce_kernel<(int)512, (int)1, at::native::ReduceOp<float, at::native::func_wrapper_t<float, at::native::MaxNanFunctor<float>>, unsigned int, float, (int)4, (int)4>>(T3)"
:stage.process:model.layers.1.mlp.gate_proj,PushPop,2264054,2266203,1,130,16426983,126361.4,126049.0,5216,243553,69296.3,"void gemmSN_NN_kernel<float, (int)128, (int)2, (int)4, (int)8, (int)4, (int)4, (bool)0, cublasGemvTensorStridedBatched<const float>, cublasGemvTensorStridedBatched<const float>, cublasGemvTensorStridedBatched<float>>(cublasGemmSmallNParams<T9, T10, T11, T1>)"
:stage.process:model.layers.1.mlp.gate_proj,PushPop,2264054,2266203,1,1917,13503157,7043.9,6944.0,3745,14976,568.4,"void at::native::index_elementwise_kernel<(int)128, (int)4, void at::native::gpu_index_kernel<void at::native::index_put_kernel_impl<at::native::OpaqueType<(int)4>>(at::TensorIterator &, c10::ArrayRef<long>, c10::ArrayRef<long>)::[lambda(char *, const char *, long) (instance 1)]>(at::TensorIteratorBase &, c10::ArrayRef<long>, c10::ArrayRef<long>, const T1 &, bool)::[lambda(int) (instance 1)]>(long, T3)"
:stage.process:model.layers.1.mlp.gate_proj,PushPop,2264054,2266203,1,4,12924984,3231246.0,3231150.0,3231054,3231630,265.2,ampere_sgemm_128x64_nt
:stage.process:model.layers.1.mlp.gate_proj,PushPop,2264054,2266203,1,1,12913431,12913431.0,12913431.0,12913431,12913431,0.0,ampere_sgemm_128x64_tn
:stage.process:model.layers.1.mlp.gate_proj,PushPop,2264054,2266203,1,3068,11422958,3723.3,4000.0,2112,511426,9230.1,"<unnamed>::qvq_half2_codebook_norm_pack_kernel(const __half *, unsigned long *, int)"
:stage.process:model.layers.1.mlp.gate_proj,PushPop,2264054,2266203,1,4,11386346,2846586.5,1593957.5,923940,7274491,3018476.8,"void kernel<getrf_wo_pivot_params_<float, (int)0, (int)256, (int)1, (int)64, (int)64, (int)68, (int)8, (int)1, (int)1>>(int, int, void *, int, void *, int, int, int, int, int, int *)"
:stage.process:model.layers.1.mlp.gate_proj,PushPop,2264054,2266203,1,4122,10590564,2569.3,2272.0,1504,257249,7240.7,"void at::native::vectorized_elementwise_kernel<(int)4, at::native::AbsFunctor<float>, std::array<char *, (unsigned long)2>>(int, T2, T3)"
:stage.process:model.layers.1.mlp.gate_proj,PushPop,2264054,2266203,1,1278,9295770,7273.7,7168.0,4704,13280,442.7,"void at::native::index_elementwise_kernel<(int)128, (int)4, void at::native::gpu_index_kernel<void at::native::index_put_kernel_impl<at::native::OpaqueType<(int)8>>(at::TensorIterator &, c10::ArrayRef<long>, c10::ArrayRef<long>)::[lambda(char *, const char *, long) (instance 1)]>(at::TensorIteratorBase &, c10::ArrayRef<long>, c10::ArrayRef<long>, const T1 &, bool)::[lambda(int) (instance 1)]>(long, T3)"
:stage.process:model.layers.1.mlp.gate_proj,PushPop,2264054,2266203,1,1543,6845752,4436.7,4256.0,3168,77153,3011.9,"void at::native::unrolled_elementwise_kernel<at::native::direct_copy_kernel_cuda(at::TensorIteratorBase &)::[lambda() (instance 3)]::operator ()() const::[lambda() (instance 7)]::operator ()() const::[lambda(float) (instance 1)], std::array<char *, (unsigned long)2>, (int)4, TrivialOffsetCalculator<(int)1, unsigned int>, TrivialOffsetCalculator<(int)1, unsigned int>, at::native::memory::LoadWithCast<(int)1>, at::native::memory::StoreWithCast<(int)1>>(int, T1, T2, T4, T5, T6, T7)"
:stage.process:model.layers.1.mlp.gate_proj,PushPop,2264054,2266203,1,2,6835517,3417758.5,3417758.5,3313870,3521647,146920.5,void cutlass::Kernel2<cutlass_80_simt_sgemm_128x32_8x5_nt_align1>(T1::Params)
:stage.process:model.layers.1.mlp.gate_proj,PushPop,2264054,2266203,1,2846,6780313,2382.4,2240.0,1664,105217,3377.8,"void at::native::vectorized_elementwise_kernel<(int)4, at::native::BinaryFunctor<bool, bool, bool, at::native::binary_internal::MulFunctor<bool>>, std::array<char *, (unsigned long)3>>(int, T2, T3)"
:stage.process:model.layers.1.mlp.gate_proj,PushPop,2264054,2266203,1,762,6456989,8473.7,8224.0,7840,10560,673.2,"void batch_trsm_left_kernel<float, (int)64, (int)4, (int)3, (bool)0, (bool)0, (bool)1>(cublasTrsmBatchParams2<T1>, T1, const T1 *, int)"
:stage.process:model.layers.1.mlp.gate_proj,PushPop,2264054,2266203,1,770,6453976,8381.8,8384.0,7968,8768,151.0,"void at::native::reduce_kernel<(int)512, (int)1, at::native::ReduceOp<c10::Half, at::native::func_wrapper_t<c10::Half, at::native::MaxNanFunctor<c10::Half>>, unsigned int, c10::Half, (int)4, (int)4>>(T3)"
:stage.process:model.layers.1.mlp.gate_proj,PushPop,2264054,2266203,1,1663,5896090,3545.5,3456.0,2496,115936,2793.4,"void at::native::elementwise_kernel<(int)128, (int)2, void at::native::gpu_kernel_impl_nocast<at::native::direct_copy_kernel_cuda(at::TensorIteratorBase &)::[lambda() (instance 3)]::operator ()() const::[lambda() (instance 4)]::operator ()() const::[lambda(long) (instance 1)]>(at::TensorIteratorBase &, const T1 &)::[lambda(int) (instance 1)]>(int, T3)"
:stage.process:model.layers.1.mlp.gate_proj,PushPop,2264054,2266203,1,2077,5527830,2661.4,2304.0,1536,162273,6646.2,"void at::native::vectorized_elementwise_kernel<(int)4, at::native::BinaryFunctor<float, float, bool, at::native::<unnamed>::CompareEqFunctor<float>>, std::array<char *, (unsigned long)3>>(int, T2, T3)"
:stage.process:model.layers.1.mlp.gate_proj,PushPop,2264054,2266203,1,2558,5488308,2145.5,2096.0,1600,5312,224.6,"void at::native::vectorized_elementwise_kernel<(int)4, at::native::BinaryFunctor<bool, bool, bool, at::native::logical_or_kernel_cuda(at::TensorIterator &)::[lambda() (instance 2)]::operator ()() const::[lambda() (instance 9)]::operator ()() const::[lambda(bool, bool) (instance 1)]>, std::array<char *, (unsigned long)3>>(int, T2, T3)"
:stage.process:model.layers.1.mlp.gate_proj,PushPop,2264054,2266203,1,2076,5419579,2610.6,2304.0,1504,169312,6679.9,"void at::native::vectorized_elementwise_kernel<(int)4, at::native::AUnaryFunctor<float, float, bool, at::native::<unnamed>::CompareEqFunctor<float>>, std::array<char *, (unsigned long)2>>(int, T2, T3)"
:stage.process:model.layers.1.mlp.gate_proj,PushPop,2264054,2266203,1,1532,5322035,3473.9,3392.0,2048,27296,826.6,"void at::native::elementwise_kernel<(int)128, (int)2, void at::native::gpu_kernel_impl_nocast<at::native::AUnaryFunctor<long, long, long, at::native::BitwiseAndFunctor<long>>>(at::TensorIteratorBase &, const T1 &)::[lambda(int) (instance 1)]>(int, T3)"
:stage.process:model.layers.1.mlp.gate_proj,PushPop,2264054,2266203,1,639,5144983,8051.6,8160.0,5568,13920,522.6,"void at::native::index_elementwise_kernel<(int)128, (int)4, void at::native::gpu_index_kernel<void at::native::index_kernel_impl<at::native::OpaqueType<(int)4>>(at::TensorIteratorBase &, c10::ArrayRef<long>, c10::ArrayRef<long>)::[lambda(char *, const char *, long) (instance 1)]>(at::TensorIteratorBase &, c10::ArrayRef<long>, c10::ArrayRef<long>, const T1 &, bool)::[lambda(int) (instance 1)]>(long, T3)"
:stage.process:model.layers.1.mlp.gate_proj,PushPop,2264054,2266203,1,1278,4854397,3798.4,3440.5,2208,254785,7051.4,"<unnamed>::qvq_yaqa_feedback_epilogue_kernel(const float *, const float *, const float *, const float *, const float *, float *, int, int, int, int, int)"
:stage.process:model.layers.1.mlp.gate_proj,PushPop,2264054,2266203,1,55,4751890,86398.0,70369.0,17824,138464,45568.7,void cutlass::Kernel2<cutlass_80_simt_sgemm_128x32_8x5_nn_align1>(T1::Params)
:stage.process:model.layers.1.mlp.gate_proj,PushPop,2264054,2266203,1,1534,4623739,3014.2,2816.0,2272,11136,742.6,"void at::native::roll_cuda_kernel<float>(const T1 *, T1 *, long, long, long, long, long, long)"
:stage.process:model.layers.1.mlp.gate_proj,PushPop,2264054,2266203,1,639,4433615,6938.4,7104.0,3488,7776,622.9,"void at::native::index_elementwise_kernel<(int)128, (int)4, void at::native::gpu_index_kernel<void at::native::index_put_kernel_impl<at::native::OpaqueType<(int)1>>(at::TensorIterator &, c10::ArrayRef<long>, c10::ArrayRef<long>)::[lambda(char *, const char *, long) (instance 1)]>(at::TensorIteratorBase &, c10::ArrayRef<long>, c10::ArrayRef<long>, const T1 &, bool)::[lambda(int) (instance 1)]>(long, T3)"
:stage.process:model.layers.1.mlp.gate_proj,PushPop,2264054,2266203,1,789,3648595,4624.3,2208.0,1888,192929,15231.4,"void at::native::vectorized_elementwise_kernel<(int)4, at::native::CUDAFunctor_add<float>, std::array<char *, (unsigned long)3>>(int, T2, T3)"
:stage.process:model.layers.1.mlp.gate_proj,PushPop,2264054,2266203,1,1540,3420659,2221.2,2176.0,1856,4192,148.0,"void at::native::vectorized_elementwise_kernel<(int)4, at::native::AbsFunctor<c10::Half>, std::array<char *, (unsigned long)2>>(int, T2, T3)"
:stage.process:model.layers.1.mlp.gate_proj,PushPop,2264054,2266203,1,1,3420396,3420396.0,3420396.0,3420396,3420396,0.0,ampere_sgemm_128x64_lower_nt
:stage.process:model.layers.1.mlp.gate_proj,PushPop,2264054,2266203,1,1792,3312847,1848.7,1824.0,1536,3872,207.6,"void at::native::vectorized_elementwise_kernel<(int)4, void at::native::compare_scalar_kernel<float>(at::TensorIteratorBase &, at::native::<unnamed>::OpType, T1)::[lambda(float) (instance 1)], std::array<char *, (unsigned long)2>>(int, T2, T3)"
:stage.process:model.layers.1.mlp.gate_proj,PushPop,2264054,2266203,1,770,3105199,4032.7,4032.0,3968,8032,204.1,ampere_sgemm_32x128_nt
:stage.process:model.layers.1.mlp.gate_proj,PushPop,2264054,2266203,1,1278,2847917,2228.4,2240.0,1472,3392,139.0,"<unnamed>::qvq_yaqa_grouped_pointers_kernel(const float *, const float *, float *, float **, float **, float **, int, int, int, int, int, int)"
:stage.process:model.layers.1.mlp.gate_proj,PushPop,2264054,2266203,1,775,2832106,3654.3,3424.0,1792,54080,2858.9,"void at::native::unrolled_elementwise_kernel<at::native::direct_copy_kernel_cuda(at::TensorIteratorBase &)::[lambda() (instance 3)]::operator ()() const::[lambda() (instance 4)]::operator ()() const::[lambda(long) (instance 1)], std::array<char *, (unsigned long)2>, (int)4, TrivialOffsetCalculator<(int)1, unsigned int>, TrivialOffsetCalculator<(int)1, unsigned int>, at::native::memory::LoadWithCast<(int)1>, at::native::memory::StoreWithCast<(int)1>>(int, T1, T2, T4, T5, T6, T7)"
:stage.process:model.layers.1.mlp.gate_proj,PushPop,2264054,2266203,1,1278,2772298,2169.2,2112.0,1664,6656,247.4,"void at::native::vectorized_elementwise_kernel<(int)4, at::native::bitwise_not_kernel_cuda(at::TensorIteratorBase &)::[lambda(bool) (instance 1)], std::array<char *, (unsigned long)2>>(int, T2, T3)"
:stage.process:model.layers.1.mlp.gate_proj,PushPop,2264054,2266203,1,3,2647212,882404.0,1319078.0,8704,1319430,756646.4,"void at::native::reduce_kernel<(int)512, (int)1, at::native::ReduceOp<long, at::native::func_wrapper_t<long, at::native::sum_functor<long, long, long>::operator ()(at::TensorIterator &)::[lambda(long, long) (instance 1)]>, unsigned int, long, (int)4, (int)4>>(T3)"
:stage.process:model.layers.1.mlp.gate_proj,PushPop,2264054,2266203,1,1278,2538026,1985.9,1952.0,1472,3520,139.1,"<unnamed>::qvq_yaqa_update_grouped_pointers_kernel(float *, float *, const float *, const float *, const float *, float **, float **, float **, int, int, int, int, int, int)"
:stage.process:model.layers.1.mlp.gate_proj,PushPop,2264054,2266203,1,11,2473358,224850.7,65601.0,5600,1029925,398703.8,"void at::native::vectorized_elementwise_kernel<(int)2, at::native::AUnaryFunctor<long, long, long, at::native::BitwiseAndFunctor<long>>, std::array<char *, (unsigned long)2>>(int, T2, T3)"
:stage.process:model.layers.1.mlp.gate_proj,PushPop,2264054,2266203,1,4,2182792,545698.0,561362.0,4992,1055076,587305.8,"void at::native::elementwise_kernel<(int)128, (int)2, void at::native::gpu_kernel_impl_nocast<at::native::BinaryFunctor<long, long, long, at::native::lshift_kernel_cuda(at::TensorIteratorBase &)::[lambda() (instance 1)]::operator ()() const::[lambda() (instance 4)]::operator ()() const::[lambda(long, long) (instance 1)]>>(at::TensorIteratorBase &, const T1 &)::[lambda(int) (instance 1)]>(int, T3)"
:stage.process:model.layers.1.mlp.gate_proj,PushPop,2264054,2266203,1,4,2165672,541418.0,541218.0,41408,1041828,577361.9,"void at::native::elementwise_kernel<(int)128, (int)2, void at::native::gpu_kernel_impl_nocast<at::native::BinaryFunctor<long, long, long, at::native::rshift_kernel_cuda(at::TensorIteratorBase &)::[lambda() (instance 1)]::operator ()() const::[lambda() (instance 4)]::operator ()() const::[lambda(long, long) (instance 1)]>>(at::TensorIteratorBase &, const T1 &)::[lambda(int) (instance 1)]>(int, T3)"
:stage.process:model.layers.1.mlp.gate_proj,PushPop,2264054,2266203,1,1548,2097868,1355.2,1344.0,1248,2144,76.4,"void <unnamed>::elementwise_kernel_with_index<int, at::native::arange_cuda_out(const c10::Scalar &, const c10::Scalar &, const c10::Scalar &, at::Tensor &)::[lambda() (instance 1)]::operator ()() const::[lambda() (instance 4)]::operator ()() const::[lambda(long) (instance 1)]>(T1, T2, function_traits<T2>::result_type *)"
:stage.process:model.layers.1.mlp.gate_proj,PushPop,2264054,2266203,1,3,1899816,633272.0,913220.0,72800,913796,485383.1,"void at::native::index_elementwise_kernel<(int)128, (int)4, void at::native::gpu_index_kernel<void at::native::index_kernel_impl<at::native::OpaqueType<(int)8>>(at::TensorIteratorBase &, c10::ArrayRef<long>, c10::ArrayRef<long>)::[lambda(char *, const char *, long) (instance 1)]>(at::TensorIteratorBase &, c10::ArrayRef<long>, c10::ArrayRef<long>, const T1 &, bool)::[lambda(int) (instance 1)]>(long, T3)"
:stage.process:model.layers.1.mlp.gate_proj,PushPop,2264054,2266203,1,782,1800328,2302.2,1888.0,1792,46080,3961.1,"void at::native::vectorized_elementwise_kernel<(int)4, void at::native::compare_scalar_kernel<long>(at::TensorIteratorBase &, at::native::<unnamed>::OpType, T1)::[lambda(long) (instance 1)], std::array<char *, (unsigned long)2>>(int, T2, T3)"
:stage.process:model.layers.1.mlp.gate_proj,PushPop,2264054,2266203,1,770,1767849,2295.9,2272.0,1792,2400,42.6,"void at::native::vectorized_elementwise_kernel<(int)4, at::native::BinaryFunctor<c10::Half, c10::Half, bool, at::native::<unnamed>::CompareEqFunctor<c10::Half>>, std::array<char *, (unsigned long)3>>(int, T2, T3)"
:stage.process:model.layers.1.mlp.gate_proj,PushPop,2264054,2266203,1,770,1752708,2276.2,2272.0,1824,2368,35.2,"void at::native::vectorized_elementwise_kernel<(int)4, at::native::AUnaryFunctor<c10::Half, c10::Half, bool, at::native::<unnamed>::CompareEqFunctor<c10::Half>>, std::array<char *, (unsigned long)2>>(int, T2, T3)"
:stage.process:model.layers.1.mlp.gate_proj,PushPop,2264054,2266203,1,10,1616772,161677.2,81088.0,3616,670498,206886.1,"void at::native::elementwise_kernel<(int)128, (int)2, void at::native::gpu_kernel_impl_nocast<at::native::BinaryFunctor<float, float, float, at::native::binary_internal::MulFunctor<float>>>(at::TensorIteratorBase &, const T1 &)::[lambda(int) (instance 1)]>(int, T3)"
:stage.process:model.layers.1.mlp.gate_proj,PushPop,2264054,2266203,1,45,1393638,30969.7,32832.0,6656,56192,15975.0,"void gemmSN_NN_kernel<float, (int)256, (int)4, (int)2, (int)8, (int)4, (int)4, (bool)0, cublasGemvTensorStridedBatched<const float>, cublasGemvTensorStridedBatched<const float>, cublasGemvTensorStridedBatched<float>>(cublasGemmSmallNParams<T9, T10, T11, T1>)"
:stage.process:model.layers.1.mlp.gate_proj,PushPop,2264054,2266203,1,512,1319430,2577.0,2560.0,2368,2944,127.8,"void at::native::unrolled_elementwise_kernel<at::native::BinaryFunctor<float, float, float, at::native::maximum_kernel_cuda(at::TensorIteratorBase &)::[lambda() (instance 2)]::operator ()() const::[lambda() (instance 2)]::operator ()() const::[lambda(float, float) (instance 1)]>, std::array<char *, (unsigned long)3>, (int)4, TrivialOffsetCalculator<(int)2, unsigned int>, TrivialOffsetCalculator<(int)1, unsigned int>, at::native::memory::LoadWithCast<(int)2>, at::native::memory::StoreWithCast<(int)1>>(int, T1, T2, T4, T5, T6, T7)"
:stage.process:model.layers.1.mlp.gate_proj,PushPop,2264054,2266203,1,4,1281478,320369.5,319426.0,318689,323937,2405.8,"std::enable_if<!T7, void>::type internal::gemvx::kernel<int, int, float, float, float, float, (bool)0, (bool)1, (bool)1, (bool)0, (int)7, (bool)0, cublasGemvParamsEx<int, cublasGemvTensorStridedBatched<const float>, cublasGemvTensorStridedBatched<const float>, cublasGemvTensorStridedBatched<float>, float>>(T13)"
:stage.process:model.layers.1.mlp.gate_proj,PushPop,2264054,2266203,1,256,1237028,4832.1,4832.0,4192,5504,545.5,"void at::native::elementwise_kernel<(int)128, (int)4, void at::native::gpu_kernel_impl_nocast<at::native::direct_copy_kernel_cuda(at::TensorIteratorBase &)::[lambda() (instance 3)]::operator ()() const::[lambda() (instance 10)]::operator ()() const::[lambda(c10::Half) (instance 1)]>(at::TensorIteratorBase &, const T1 &)::[lambda(int) (instance 1)]>(int, T3)"
:stage.process:model.layers.1.mlp.gate_proj,PushPop,2264054,2266203,1,641,1211973,1890.8,1792.0,1568,29312,1538.6,"void at::native::vectorized_elementwise_kernel<(int)2, at::native::FillFunctor<long>, std::array<char *, (unsigned long)1>>(int, T2, T3)"
:stage.process:model.layers.1.mlp.gate_proj,PushPop,2264054,2266203,1,26,1160712,44642.8,45760.0,35841,51776,4660.8,ampere_sgemm_128x32_nn
:stage.process:model.layers.1.mlp.gate_proj,PushPop,2264054,2266203,1,264,976292,3698.1,3488.0,3104,15520,1546.8,"void at::native::reduce_kernel<(int)512, (int)1, at::native::ReduceOp<bool, at::native::func_wrapper_t<bool, at::native::or_kernel_cuda(at::TensorIterator &)::[lambda() (instance 1)]::operator ()() const::[lambda() (instance 12)]::operator ()() const::[lambda(bool, bool) (instance 1)]>, unsigned int, bool, (int)4, (int)4>>(T3)"
:stage.process:model.layers.1.mlp.gate_proj,PushPop,2264054,2266203,1,3,920675,306891.7,46176.0,45536,828963,452127.2,"void at::native::triu_tril_kernel<float, int, (bool)0, (int)2, (bool)1>(at::cuda::detail::TensorInfo<T1, T2>, at::cuda::detail::TensorInfo<const T1, T2>, long, long, T2)"
:stage.process:model.layers.1.mlp.gate_proj,PushPop,2264054,2266203,1,9,812642,90293.6,67393.0,1952,260096,99405.0,"void at::native::vectorized_elementwise_kernel<(int)4, at::native::BUnaryFunctor<float, float, float, at::native::binary_internal::MulFunctor<float>>, std::array<char *, (unsigned long)2>>(int, T2, T3)"
:stage.process:model.layers.1.mlp.gate_proj,PushPop,2264054,2266203,1,9,784357,87150.8,87041.0,86368,89121,831.8,"void at::native::vectorized_elementwise_kernel<(int)4, at::native::BinaryFunctor<float, float, float, at::native::binary_internal::MulFunctor<float>>, std::array<char *, (unsigned long)3>>(int, T2, T3)"
:stage.process:model.layers.1.mlp.gate_proj,PushPop,2264054,2266203,1,128,762242,5955.0,5952.0,5696,6208,122.3,"void at::native::unrolled_elementwise_kernel<at::native::CUDAFunctor_add<float>, std::array<char *, (unsigned long)3>, (int)4, TrivialOffsetCalculator<(int)2, unsigned int>, TrivialOffsetCalculator<(int)1, unsigned int>, at::native::memory::LoadWithCast<(int)2>, at::native::memory::StoreWithCast<(int)1>>(int, T1, T2, T4, T5, T6, T7)"
:stage.process:model.layers.1.mlp.gate_proj,PushPop,2264054,2266203,1,129,596096,4620.9,4480.0,4384,21024,1456.2,"void at::native::elementwise_kernel<(int)128, (int)4, void at::native::gpu_kernel_impl_nocast<at::native::direct_copy_kernel_cuda(at::TensorIteratorBase &)::[lambda() (instance 3)]::operator ()() const::[lambda() (instance 1)]::operator ()() const::[lambda(unsigned char) (instance 1)]>(at::TensorIteratorBase &, const T1 &)::[lambda(int) (instance 1)]>(int, T3)"
:stage.process:model.layers.1.mlp.gate_proj,PushPop,2264054,2266203,1,10,581506,58150.6,47456.0,46912,154753,33943.6,"void at::native::reduce_kernel<(int)512, (int)1, at::native::ReduceOp<float, at::native::func_wrapper_t<float, at::native::sum_functor<float, float, float>::operator ()(at::TensorIterator &)::[lambda(float, float) (instance 1)]>, unsigned int, float, (int)4, (int)4>>(T3)"
:stage.process:model.layers.1.mlp.gate_proj,PushPop,2264054,2266203,1,263,530593,2017.5,1888.0,1760,13025,1237.9,"void at::native::vectorized_elementwise_kernel<(int)4, at::native::BinaryFunctor<bool, bool, bool, at::native::BitwiseOrFunctor<bool>>, std::array<char *, (unsigned long)3>>(int, T2, T3)"
:stage.process:model.layers.1.mlp.gate_proj,PushPop,2264054,2266203,1,132,529605,4012.2,1952.0,1952,71904,11626.7,"void at::native::vectorized_elementwise_kernel<(int)4, at::native::BinaryFunctor<long, long, bool, at::native::<unnamed>::CompareEqFunctor<long>>, std::array<char *, (unsigned long)3>>(int, T2, T3)"
:stage.process:model.layers.1.mlp.gate_proj,PushPop,2264054,2266203,1,13,491425,37801.9,8640.0,1344,113728,44539.1,"void at::native::vectorized_elementwise_kernel<(int)4, at::native::FillFunctor<float>, std::array<char *, (unsigned long)1>>(int, T2, T3)"
:stage.process:model.layers.1.mlp.gate_proj,PushPop,2264054,2266203,1,128,419649,3278.5,3264.0,3232,3328,24.4,"void at::native::elementwise_kernel<(int)128, (int)2, void at::native::gpu_kernel_impl_nocast<at::native::BUnaryFunctor<long, long, long, at::native::rshift_kernel_cuda(at::TensorIteratorBase &)::[lambda() (instance 1)]::operator ()() const::[lambda() (instance 4)]::operator ()() const::[lambda(long, long) (instance 1)]>>(at::TensorIteratorBase &, const T1 &)::[lambda(int) (instance 1)]>(int, T3)"
:stage.process:model.layers.1.mlp.gate_proj,PushPop,2264054,2266203,1,1,344930,344930.0,344930.0,344930,344930,0.0,"void at::native::<unnamed>::CatArrayBatchedCopy_alignedK_contig<at::native::<unnamed>::OpaqueType<(unsigned int)8>, unsigned int, (int)3, (int)128, (int)1, (int)16>(T1 *, at::native::<unnamed>::CatArrInputTensorMetadata<T1, T2, T4, T5>, at::native::<unnamed>::TensorSizeStride<T2, (unsigned int)4>, int, T2)"
:stage.process:model.layers.1.mlp.gate_proj,PushPop,2264054,2266203,1,58,326688,5632.6,5168.0,3456,16544,3027.7,"void cublasLt::splitKreduce_kernel<(int)32, (int)16, int, float, float, float, float, (bool)0, float, float, float, (bool)1, (bool)0, (bool)0, (bool)0>(cublasLt::cublasSplitKParams<T6>, const T4 *, const T10 *, T9 *, T5 *, const T6 *, const T6 *, const T11 *, const T4 *, T11 *, void *, long, T6 *, int *, T6 *, T6 *, const T6 *, const T6 *, const T6 *, const T6 *, const T6 *)"
:stage.process:model.layers.1.mlp.gate_proj,PushPop,2264054,2266203,1,3,296546,98848.7,100224.0,95009,101313,3369.5,"void at::native::vectorized_elementwise_kernel<(int)2, at::native::BinaryFunctor<long, long, long, at::native::BitwiseXorFunctor<long>>, std::array<char *, (unsigned long)3>>(int, T2, T3)"
:stage.process:model.layers.1.mlp.gate_proj,PushPop,2264054,2266203,1,6,270241,45040.2,1728.0,1472,251649,101302.6,"void at::native::vectorized_elementwise_kernel<(int)4, at::native::AUnaryFunctor<float, float, float, at::native::binary_internal::MulFunctor<float>>, std::array<char *, (unsigned long)2>>(int, T2, T3)"
:stage.process:model.layers.1.mlp.gate_proj,PushPop,2264054,2266203,1,4,255201,63800.3,64080.0,58625,68416,4197.8,"void at::native::vectorized_elementwise_kernel<(int)2, at::native::BUnaryFunctor<long, long, long, at::native::rshift_kernel_cuda(at::TensorIteratorBase &)::[lambda() (instance 1)]::operator ()() const::[lambda() (instance 4)]::operator ()() const::[lambda(long, long) (instance 1)]>, std::array<char *, (unsigned long)2>>(int, T2, T3)"
:stage.process:model.layers.1.mlp.gate_proj,PushPop,2264054,2266203,1,10,217249,21724.9,21664.0,21568,22145,173.9,"void at::native::<unnamed>::CatArrayBatchedCopy<at::native::<unnamed>::OpaqueType<(unsigned int)4>, unsigned int, (int)2, (int)64, (int)64>(T1 *, at::native::<unnamed>::CatArrInputTensorMetadata<T1, T2, T4, T5>, at::native::<unnamed>::TensorSizeStride<T2, (unsigned int)4>, int, T2)"
:stage.process:model.layers.1.mlp.gate_proj,PushPop,2264054,2266203,1,2,201216,100608.0,100608.0,100480,100736,181.0,"void at::native::vectorized_elementwise_kernel<(int)2, at::native::BinaryFunctor<long, long, long, at::native::BitwiseOrFunctor<long>>, std::array<char *, (unsigned long)3>>(int, T2, T3)"
:stage.process:model.layers.1.mlp.gate_proj,PushPop,2264054,2266203,1,10,149248,14924.8,7648.0,3872,49408,13862.7,"void at::native::reduce_kernel<(int)512, (int)1, at::native::ReduceOp<float, at::native::MeanOps<float, float, float, float>, unsigned int, float, (int)4, (int)4>>(T3)"
:stage.process:model.layers.1.mlp.gate_proj,PushPop,2264054,2266203,1,6,132512,22085.3,22064.0,16256,27968,6385.8,"void trsm_batch_left_upper_kernel_small<float, (int)16, (int)16, (int)64>(cublasTrsmBatchParams<T1>, const T1 *const *, T1 *const *, const T1 *, T1)"
:stage.process:model.layers.1.mlp.gate_proj,PushPop,2264054,2266203,1,2,128960,64480.0,64480.0,64032,64928,633.6,"void at::native::vectorized_elementwise_kernel<(int)2, at::native::BUnaryFunctor<long, long, long, at::native::lshift_kernel_cuda(at::TensorIteratorBase &)::[lambda() (instance 1)]::operator ()() const::[lambda() (instance 4)]::operator ()() const::[lambda(long, long) (instance 1)]>, std::array<char *, (unsigned long)2>>(int, T2, T3)"
:stage.process:model.layers.1.mlp.gate_proj,PushPop,2264054,2266203,1,3,114721,38240.3,53856.0,5696,55169,28191.9,"void at::native::unrolled_elementwise_kernel<at::native::direct_copy_kernel_cuda(at::TensorIteratorBase &)::[lambda() (instance 3)]::operator ()() const::[lambda() (instance 3)]::operator ()() const::[lambda(int) (instance 1)], std::array<char *, (unsigned long)2>, (int)4, TrivialOffsetCalculator<(int)1, unsigned int>, TrivialOffsetCalculator<(int)1, unsigned int>, at::native::memory::LoadWithCast<(int)1>, at::native::memory::StoreWithCast<(int)1>>(int, T1, T2, T4, T5, T6, T7)"
:stage.process:model.layers.1.mlp.gate_proj,PushPop,2264054,2266203,1,5,78081,15616.2,1728.0,1664,71297,31126.5,"void at::native::vectorized_elementwise_kernel<(int)2, at::native::CUDAFunctorOnSelf_add<long>, std::array<char *, (unsigned long)2>>(int, T2, T3)"
:stage.process:model.layers.1.mlp.gate_proj,PushPop,2264054,2266203,1,6,76384,12730.7,2032.0,1696,66816,26496.8,"void at::native::vectorized_elementwise_kernel<(int)2, at::native::AUnaryFunctor<long, long, long, at::native::binary_internal::MulFunctor<long>>, std::array<char *, (unsigned long)2>>(int, T2, T3)"
:stage.process:model.layers.1.mlp.gate_proj,PushPop,2264054,2266203,1,1,73696,73696.0,73696.0,73696,73696,0.0,"void at::native::elementwise_kernel<(int)128, (int)2, void at::native::gpu_kernel_impl_nocast<at::native::BinaryFunctor<float, float, float, at::native::binary_internal::DivFunctor<float>>>(at::TensorIteratorBase &, const T1 &)::[lambda(int) (instance 1)]>(int, T3)"
:stage.process:model.layers.1.mlp.gate_proj,PushPop,2264054,2266203,1,1,60129,60129.0,60129.0,60129,60129,0.0,"void at::native::vectorized_elementwise_kernel<(int)4, void at::native::<unnamed>::pow_tensor_scalar_kernel_impl<float, float>(at::TensorIteratorBase &, T2)::[lambda(float) (instance 1)], std::array<char *, (unsigned long)2>>(int, T2, T3)"
:stage.process:model.layers.1.mlp.gate_proj,PushPop,2264054,2266203,1,1,51008,51008.0,51008.0,51008,51008,0.0,"void at::native::reduce_kernel<(int)128, (int)4, at::native::ReduceOp<long, at::native::func_wrapper_t<long, at::native::sum_functor<long, long, long>::operator ()(at::TensorIterator &)::[lambda(long, long) (instance 1)]>, unsigned int, long, (int)4, (int)4>>(T3)"
:stage.process:model.layers.1.mlp.gate_proj,PushPop,2264054,2266203,1,1,44896,44896.0,44896.0,44896,44896,0.0,"void at::native::vectorized_elementwise_kernel<(int)4, at::native::float16_copy_kernel_cuda(at::TensorIteratorBase &)::[lambda(float) (instance 1)], std::array<char *, (unsigned long)2>>(int, T2, T3)"
:stage.process:model.layers.1.mlp.gate_proj,PushPop,2264054,2266203,1,3,28385,9461.7,10304.0,7232,10849,1950.1,"void at::native::elementwise_kernel<(int)128, (int)2, void at::native::gpu_kernel_impl_nocast<at::native::direct_copy_kernel_cuda(at::TensorIteratorBase &)::[lambda() (instance 3)]::operator ()() const::[lambda() (instance 3)]::operator ()() const::[lambda(int) (instance 1)]>(at::TensorIteratorBase &, const T1 &)::[lambda(int) (instance 1)]>(int, T3)"
:stage.process:model.layers.1.mlp.gate_proj,PushPop,2264054,2266203,1,6,26272,4378.7,4608.0,3360,4960,649.3,"void at::native::elementwise_kernel<(int)128, (int)2, void at::native::gpu_kernel_impl_nocast<at::native::CUDAFunctorOnSelf_add<float>>(at::TensorIteratorBase &, const T1 &)::[lambda(int) (instance 1)]>(int, T3)"
:stage.process:model.layers.1.mlp.gate_proj,PushPop,2264054,2266203,1,4,14752,3688.0,3696.0,3520,3840,159.7,"void at::native::vectorized_elementwise_kernel<(int)2, at::native::BUnaryFunctor<long, long, long, at::native::remainder_kernel_cuda(at::TensorIteratorBase &)::[lambda() (instance 1)]::operator ()() const::[lambda() (instance 4)]::operator ()() const::[lambda(long, long) (instance 1)]>, std::array<char *, (unsigned long)2>>(int, T2, T3)"
:stage.process:model.layers.1.mlp.gate_proj,PushPop,2264054,2266203,1,6,11872,1978.7,1920.0,1856,2336,178.1,"void at::native::vectorized_elementwise_kernel<(int)4, at::native::<unnamed>::CompareFunctor<float>, std::array<char *, (unsigned long)3>>(int, T2, T3)"
:stage.process:model.layers.1.mlp.gate_proj,PushPop,2264054,2266203,1,3,11808,3936.0,4128.0,3520,4160,360.6,"void at::native::unrolled_elementwise_kernel<at::native::direct_copy_kernel_cuda(at::TensorIteratorBase &)::[lambda() (instance 3)]::operator ()() const::[lambda() (instance 1)]::operator ()() const::[lambda(unsigned char) (instance 1)], std::array<char *, (unsigned long)2>, (int)4, TrivialOffsetCalculator<(int)1, unsigned int>, TrivialOffsetCalculator<(int)1, unsigned int>, at::native::memory::LoadWithCast<(int)1>, at::native::memory::StoreWithCast<(int)1>>(int, T1, T2, T4, T5, T6, T7)"
:stage.process:model.layers.1.mlp.gate_proj,PushPop,2264054,2266203,1,2,11104,5552.0,5552.0,5088,6016,656.2,"void at::native::<unnamed>::CatArrayBatchedCopy_vectorized<at::native::<unnamed>::OpaqueType<(unsigned int)2>, unsigned int, (int)1, (int)128, (int)1, (int)16, (int)8>(char *, at::native::<unnamed>::CatArrInputTensorMetadata<T1, T2, T4, T5>, at::native::<unnamed>::TensorSizeStride<T2, (unsigned int)4>, int, T2)"
:stage.process:model.layers.1.mlp.gate_proj,PushPop,2264054,2266203,1,3,9344,3114.7,3136.0,2976,3232,129.3,"void at::native::vectorized_elementwise_kernel<(int)4, at::native::AUnaryFunctor<unsigned char, unsigned char, bool, at::native::<unnamed>::CompareEqFunctor<unsigned char>>, std::array<char *, (unsigned long)2>>(int, T2, T3)"
:stage.process:model.layers.1.mlp.gate_proj,PushPop,2264054,2266203,1,1,8352,8352.0,8352.0,8352,8352,0.0,"void at::native::vectorized_elementwise_kernel<(int)4, at::native::AUnaryFunctor<unsigned char, unsigned char, unsigned char, at::native::binary_internal::MulFunctor<unsigned char>>, std::array<char *, (unsigned long)2>>(int, T2, T3)"
:stage.process:model.layers.1.mlp.gate_proj,PushPop,2264054,2266203,1,2,8224,4112.0,4112.0,3328,4896,1108.7,"void at::native::elementwise_kernel<(int)128, (int)2, void at::native::gpu_kernel_impl_nocast<at::native::AbsFunctor<float>>(at::TensorIteratorBase &, const T1 &)::[lambda(int) (instance 1)]>(int, T3)"
:stage.process:model.layers.1.mlp.gate_proj,PushPop,2264054,2266203,1,2,7648,3824.0,3824.0,3808,3840,22.6,"void at::native::vectorized_elementwise_kernel<(int)2, at::native::BUnaryFunctor<long, long, long, at::native::binary_internal::div_floor_kernel_cuda(at::TensorIteratorBase &)::[lambda() (instance 1)]::operator ()() const::[lambda() (instance 4)]::operator ()() const::[lambda(long, long) (instance 1)]>, std::array<char *, (unsigned long)2>>(int, T2, T3)"
:stage.process:model.layers.1.mlp.gate_proj,PushPop,2264054,2266203,1,3,7040,2346.7,2176.0,2176,2688,295.6,"void at::native::vectorized_elementwise_kernel<(int)4, at::native::FillFunctor<unsigned char>, std::array<char *, (unsigned long)1>>(int, T2, T3)"
:stage.process:model.layers.1.mlp.gate_proj,PushPop,2264054,2266203,1,2,6464,3232.0,3232.0,3232,3232,0.0,"void at::native::elementwise_kernel<(int)128, (int)2, void at::native::gpu_kernel_impl_nocast<at::native::CUDAFunctor_add<long>>(at::TensorIteratorBase &, const T1 &)::[lambda(int) (instance 1)]>(int, T3)"
:stage.process:model.layers.1.mlp.gate_proj,PushPop,2264054,2266203,1,2,5952,2976.0,2976.0,2784,3168,271.5,"void at::native::<unnamed>::CatArrayBatchedCopy_alignedK_contig<at::native::<unnamed>::OpaqueType<(unsigned int)4>, unsigned int, (int)1, (int)128, (int)1, (int)16>(T1 *, at::native::<unnamed>::CatArrInputTensorMetadata<T1, T2, T4, T5>, at::native::<unnamed>::TensorSizeStride<T2, (unsigned int)4>, int, T2)"
:stage.process:model.layers.1.mlp.gate_proj,PushPop,2264054,2266203,1,3,5472,1824.0,1856.0,1664,1952,146.6,"void at::native::vectorized_elementwise_kernel<(int)4, at::native::BinaryFunctor<float, float, float, at::native::maximum_kernel_cuda(at::TensorIteratorBase &)::[lambda() (instance 2)]::operator ()() const::[lambda() (instance 2)]::operator ()() const::[lambda(float, float) (instance 1)]>, std::array<char *, (unsigned long)3>>(int, T2, T3)"
:stage.process:model.layers.1.mlp.gate_proj,PushPop,2264054,2266203,1,2,5184,2592.0,2592.0,1984,3200,859.8,"void at::native::unrolled_elementwise_kernel<at::native::AUnaryFunctor<long, long, long, at::native::BitwiseAndFunctor<long>>, std::array<char *, (unsigned long)2>, (int)4, TrivialOffsetCalculator<(int)1, unsigned int>, TrivialOffsetCalculator<(int)1, unsigned int>, at::native::memory::LoadWithoutCast, at::native::memory::StoreWithoutCast>(int, T1, T2, T4, T5, T6, T7)"
:stage.process:model.layers.1.mlp.gate_proj,PushPop,2264054,2266203,1,3,5024,1674.7,1600.0,1472,1952,248.6,"xxtrf4_set_info_ker(int, int *)"
:stage.process:model.layers.1.mlp.gate_proj,PushPop,2264054,2266203,1,2,4928,2464.0,2464.0,2400,2528,90.5,"void at::native::vectorized_elementwise_kernel<(int)4, at::native::FillFunctor<bool>, std::array<char *, (unsigned long)1>>(int, T2, T3)"
:stage.process:model.layers.1.mlp.gate_proj,PushPop,2264054,2266203,1,2,4800,2400.0,2400.0,2400,2400,0.0,"void at::native::vectorized_elementwise_kernel<(int)2, at::native::CUDAFunctorOnOther_add<long>, std::array<char *, (unsigned long)2>>(int, T2, T3)"
:stage.process:model.layers.1.mlp.gate_proj,PushPop,2264054,2266203,1,1,4768,4768.0,4768.0,4768,4768,0.0,"void at::native::reduce_kernel<(int)512, (int)1, at::native::ReduceOp<float, at::native::ArgMinOps<float>, unsigned int, long, (int)4, (int)4>>(T3)"
:stage.process:model.layers.1.mlp.gate_proj,PushPop,2264054,2266203,1,2,4512,2256.0,2256.0,2208,2304,67.9,"void at::native::vectorized_elementwise_kernel<(int)4, void at::native::compare_scalar_kernel<c10::Half>(at::TensorIteratorBase &, at::native::<unnamed>::OpType, T1)::[lambda(c10::Half) (instance 1)], std::array<char *, (unsigned long)2>>(int, T2, T3)"
:stage.process:model.layers.1.mlp.gate_proj,PushPop,2264054,2266203,1,1,3424,3424.0,3424.0,3424,3424,0.0,"void at::native::<unnamed>::CatArrayBatchedCopy_contig<at::native::<unnamed>::OpaqueType<(unsigned int)1>, unsigned int, (int)1, (int)128, (int)1>(T1 *, at::native::<unnamed>::CatArrInputTensorMetadata<T1, T2, T4, T5>, at::native::<unnamed>::TensorSizeStride<T2, (unsigned int)4>, int, T2)"
:stage.process:model.layers.1.mlp.gate_proj,PushPop,2264054,2266203,1,1,3360,3360.0,3360.0,3360,3360,0.0,"void at::native::vectorized_elementwise_kernel<(int)4, at::native::BinaryFunctor<unsigned char, unsigned char, bool, at::native::<unnamed>::CompareEqFunctor<unsigned char>>, std::array<char *, (unsigned long)3>>(int, T2, T3)"
:stage.process:model.layers.1.mlp.gate_proj,PushPop,2264054,2266203,1,1,2720,2720.0,2720.0,2720,2720,0.0,"void at::native::vectorized_elementwise_kernel<(int)4, at::native::sqrt_kernel_cuda(at::TensorIteratorBase &)::[lambda() (instance 2)]::operator ()() const::[lambda() (instance 2)]::operator ()() const::[lambda(float) (instance 1)], std::array<char *, (unsigned long)2>>(int, T2, T3)"
:stage.process:model.layers.1.mlp.gate_proj,PushPop,2264054,2266203,1,1,2272,2272.0,2272.0,2272,2272,0.0,"void at::native::unrolled_elementwise_kernel<at::native::direct_copy_kernel_cuda(at::TensorIteratorBase &)::[lambda() (instance 3)]::operator ()() const::[lambda() (instance 11)]::operator ()() const::[lambda(bool) (instance 1)], std::array<char *, (unsigned long)2>, (int)4, TrivialOffsetCalculator<(int)1, unsigned int>, TrivialOffsetCalculator<(int)1, unsigned int>, at::native::memory::LoadWithCast<(int)1>, at::native::memory::StoreWithCast<(int)1>>(int, T1, T2, T4, T5, T6, T7)"
:stage.process:model.layers.1.mlp.gate_proj,PushPop,2264054,2266203,1,1,2176,2176.0,2176.0,2176,2176,0.0,"void at::native::elementwise_kernel<(int)128, (int)2, void at::native::gpu_kernel_impl_nocast<at::native::<unnamed>::where_kernel_impl(at::TensorIterator &)::[lambda() (instance 1)]::operator ()() const::[lambda() (instance 3)]::operator ()() const::[lambda(bool, unsigned int, unsigned int) (instance 1)]>(at::TensorIteratorBase &, const T1 &)::[lambda(int) (instance 1)]>(int, T3)"
:stage.process:model.layers.1.mlp.gate_proj,PushPop,2264054,2266203,1,1,2144,2144.0,2144.0,2144,2144,0.0,"void at::native::unrolled_elementwise_kernel<at::native::<unnamed>::CompareFunctor<c10::Half>, std::array<char *, (unsigned long)3>, (int)4, TrivialOffsetCalculator<(int)2, unsigned int>, TrivialOffsetCalculator<(int)1, unsigned int>, at::native::memory::LoadWithoutCast, at::native::memory::StoreWithoutCast>(int, T1, T2, T4, T5, T6, T7)"
:stage.process:model.layers.1.mlp.gate_proj,PushPop,2264054,2266203,1,1,1920,1920.0,1920.0,1920,1920,0.0,"void at::native::vectorized_elementwise_kernel<(int)4, at::native::<unnamed>::launch_clamp_scalar(at::TensorIteratorBase &, c10::Scalar, c10::Scalar, at::native::detail::ClampLimits)::[lambda() (instance 1)]::operator ()() const::[lambda() (instance 7)]::operator ()() const::[lambda(float) (instance 1)], std::array<char *, (unsigned long)2>>(int, T2, T3)"
:stage.process:model.layers.1.mlp.up_proj,PushPop,2264054,2266203,1,12272,17792719291,1449863.0,1097221.0,134241,4390547,1284021.7,"void <unnamed>::qvq_v2_segment_grid_kernel<(int)4, (int)2, (int)16, (bool)1, (bool)0, __half, unsigned char>(const float *, const T6 *, const float *, const long *, const float *, const float *, float *, T7 *, unsigned char *, int, int, int, bool, bool)"
:stage.process:model.layers.1.mlp.up_proj,PushPop,2264054,2266203,1,1534,4720798363,3077443.5,2784461.0,1363142,7304479,1935129.4,"void <unnamed>::qvq_viterbi_kernel<(int)4, (int)2, __half, unsigned char>(const float *, const T3 *, const float *, const long *, const float *, T4 *, long *, float *, int, int, int, bool, bool, bool)"
:stage.process:model.layers.1.mlp.up_proj,PushPop,2264054,2266203,1,1278,2718443161,2127107.3,1644199.0,21920,6117692,1575752.3,void cutlass::Kernel2<cutlass_80_simt_sgemm_grouped_128x128_8x4_align1>(T1::Params)
:stage.process:model.layers.1.mlp.up_proj,PushPop,2264054,2266203,1,1278,677336855,529997.5,323202.0,5792,1017861,350737.3,"void gemmSN_NN_kernel<float, (int)128, (int)2, (int)4, (int)8, (int)4, (int)4, (bool)0, cublasGemvTensorBatched<const float>, cublasGemvTensorBatched<const float>, cublasGemvTensorBatched<float>>(cublasGemmSmallNParams<T9, T10, T11, T1>)"
:stage.process:model.layers.1.mlp.up_proj,PushPop,2264054,2266203,1,1534,548205352,357369.9,289809.5,72928,954372,268271.7,"void <unnamed>::qvq_v2_segment_grid_finalize_kernel<(int)4, (int)2, (int)16, (bool)0, __half, unsigned char>(const float *, const T5 *, const float *, const long *, const float *, const float *, const T6 *, const unsigned char *, long *, unsigned char *, float *, int, int, bool, bool)"
:stage.process:model.layers.1.mlp.up_proj,PushPop,2264054,2266203,1,1276,217607325,170538.7,109089.0,10208,319938,106183.8,ampere_sgemm_128x128_nt
:stage.process:model.layers.1.mlp.up_proj,PushPop,2264054,2266203,1,14,85704482,6121748.7,3590576.0,3268655,12788250,4320675.5,ampere_sgemm_128x64_nn
:stage.process:model.layers.1.mlp.up_proj,PushPop,2264054,2266203,1,3785,29815613,7877.3,3232.0,2144,678019,35199.7,"void at::native::elementwise_kernel<(int)128, (int)2, void at::native::gpu_kernel_impl_nocast<at::native::direct_copy_kernel_cuda(at::TensorIteratorBase &)::[lambda() (instance 3)]::operator ()() const::[lambda() (instance 7)]::operator ()() const::[lambda(float) (instance 1)]>(at::TensorIteratorBase &, const T1 &)::[lambda(int) (instance 1)]>(int, T3)"
:stage.process:model.layers.1.mlp.up_proj,PushPop,2264054,2266203,1,2,26451734,13225867.0,13225867.0,12877337,13574397,492895.9,void cutlass::Kernel2<cutlass_80_simt_sgemm_128x64_8x5_nn_align1>(T1::Params)
:stage.process:model.layers.1.mlp.up_proj,PushPop,2264054,2266203,1,3222,23835443,7397.7,7584.0,2592,91137,3233.7,"void at::native::reduce_kernel<(int)512, (int)1, at::native::ReduceOp<bool, at::native::func_wrapper_t<bool, at::native::and_kernel_cuda(at::TensorIterator &)::[lambda() (instance 1)]::operator ()() const::[lambda() (instance 12)]::operator ()() const::[lambda(bool, bool) (instance 1)]>, unsigned int, bool, (int)4, (int)4>>(T3)"
:stage.process:model.layers.1.mlp.up_proj,PushPop,2264054,2266203,1,445,18500777,41574.8,6144.0,3264,665315,70498.4,"void at::native::elementwise_kernel<(int)128, (int)2, void at::native::gpu_kernel_impl_nocast<at::native::CUDAFunctor_add<float>>(at::TensorIteratorBase &, const T1 &)::[lambda(int) (instance 1)]>(int, T3)"
:stage.process:model.layers.1.mlp.up_proj,PushPop,2264054,2266203,1,1663,18052816,10855.6,9536.0,5568,120544,3497.8,"void at::native::index_elementwise_kernel<(int)128, (int)4, void at::native::gpu_index_kernel<void at::native::index_kernel_impl<at::native::OpaqueType<(int)2>>(at::TensorIteratorBase &, c10::ArrayRef<long>, c10::ArrayRef<long>)::[lambda(char *, const char *, long) (instance 1)]>(at::TensorIteratorBase &, c10::ArrayRef<long>, c10::ArrayRef<long>, const T1 &, bool)::[lambda(int) (instance 1)]>(long, T3)"
:stage.process:model.layers.1.mlp.up_proj,PushPop,2264054,2266203,1,2046,16512626,8070.7,8032.0,3744,12672,1124.6,"void at::native::reduce_kernel<(int)512, (int)1, at::native::ReduceOp<float, at::native::func_wrapper_t<float, at::native::MaxNanFunctor<float>>, unsigned int, float, (int)4, (int)4>>(T3)"
:stage.process:model.layers.1.mlp.up_proj,PushPop,2264054,2266203,1,130,16457739,126598.0,126912.0,5280,243041,69425.3,"void gemmSN_NN_kernel<float, (int)128, (int)2, (int)4, (int)8, (int)4, (int)4, (bool)0, cublasGemvTensorStridedBatched<const float>, cublasGemvTensorStridedBatched<const float>, cublasGemvTensorStridedBatched<float>>(cublasGemmSmallNParams<T9, T10, T11, T1>)"
:stage.process:model.layers.1.mlp.up_proj,PushPop,2264054,2266203,1,1917,13490910,7037.5,6944.0,4640,8960,535.6,"void at::native::index_elementwise_kernel<(int)128, (int)4, void at::native::gpu_index_kernel<void at::native::index_put_kernel_impl<at::native::OpaqueType<(int)4>>(at::TensorIterator &, c10::ArrayRef<long>, c10::ArrayRef<long>)::[lambda(char *, const char *, long) (instance 1)]>(at::TensorIteratorBase &, c10::ArrayRef<long>, c10::ArrayRef<long>, const T1 &, bool)::[lambda(int) (instance 1)]>(long, T3)"
:stage.process:model.layers.1.mlp.up_proj,PushPop,2264054,2266203,1,4,12936700,3234175.0,3231119.0,3230671,3243791,6416.8,ampere_sgemm_128x64_nt
:stage.process:model.layers.1.mlp.up_proj,PushPop,2264054,2266203,1,1,12839450,12839450.0,12839450.0,12839450,12839450,0.0,ampere_sgemm_128x64_tn
:stage.process:model.layers.1.mlp.up_proj,PushPop,2264054,2266203,1,3068,11432559,3726.4,4000.0,2112,506434,9141.7,"<unnamed>::qvq_half2_codebook_norm_pack_kernel(const __half *, unsigned long *, int)"
:stage.process:model.layers.1.mlp.up_proj,PushPop,2264054,2266203,1,4,11380401,2845100.3,1592103.0,923236,7272959,3017731.5,"void kernel<getrf_wo_pivot_params_<float, (int)0, (int)256, (int)1, (int)64, (int)64, (int)68, (int)8, (int)1, (int)1>>(int, int, void *, int, void *, int, int, int, int, int, int *)"
:stage.process:model.layers.1.mlp.up_proj,PushPop,2264054,2266203,1,4122,10600872,2571.8,2272.0,1568,254721,7194.3,"void at::native::vectorized_elementwise_kernel<(int)4, at::native::AbsFunctor<float>, std::array<char *, (unsigned long)2>>(int, T2, T3)"
:stage.process:model.layers.1.mlp.up_proj,PushPop,2264054,2266203,1,1278,9300525,7277.4,7168.0,4832,11840,428.3,"void at::native::index_elementwise_kernel<(int)128, (int)4, void at::native::gpu_index_kernel<void at::native::index_put_kernel_impl<at::native::OpaqueType<(int)8>>(at::TensorIterator &, c10::ArrayRef<long>, c10::ArrayRef<long>)::[lambda(char *, const char *, long) (instance 1)]>(at::TensorIteratorBase &, c10::ArrayRef<long>, c10::ArrayRef<long>, const T1 &, bool)::[lambda(int) (instance 1)]>(long, T3)"
:stage.process:model.layers.1.mlp.up_proj,PushPop,2264054,2266203,1,2,6884349,3442174.5,3442174.5,3361742,3522607,113748.7,void cutlass::Kernel2<cutlass_80_simt_sgemm_128x32_8x5_nt_align1>(T1::Params)
:stage.process:model.layers.1.mlp.up_proj,PushPop,2264054,2266203,1,1543,6849149,4438.9,4256.0,3360,77473,3011.3,"void at::native::unrolled_elementwise_kernel<at::native::direct_copy_kernel_cuda(at::TensorIteratorBase &)::[lambda() (instance 3)]::operator ()() const::[lambda() (instance 7)]::operator ()() const::[lambda(float) (instance 1)], std::array<char *, (unsigned long)2>, (int)4, TrivialOffsetCalculator<(int)1, unsigned int>, TrivialOffsetCalculator<(int)1, unsigned int>, at::native::memory::LoadWithCast<(int)1>, at::native::memory::StoreWithCast<(int)1>>(int, T1, T2, T4, T5, T6, T7)"
:stage.process:model.layers.1.mlp.up_proj,PushPop,2264054,2266203,1,2846,6785282,2384.1,2240.0,1632,98624,3291.9,"void at::native::vectorized_elementwise_kernel<(int)4, at::native::BinaryFunctor<bool, bool, bool, at::native::binary_internal::MulFunctor<bool>>, std::array<char *, (unsigned long)3>>(int, T2, T3)"
:stage.process:model.layers.1.mlp.up_proj,PushPop,2264054,2266203,1,770,6468729,8400.9,8384.0,8000,8832,153.5,"void at::native::reduce_kernel<(int)512, (int)1, at::native::ReduceOp<c10::Half, at::native::func_wrapper_t<c10::Half, at::native::MaxNanFunctor<c10::Half>>, unsigned int, c10::Half, (int)4, (int)4>>(T3)"
:stage.process:model.layers.1.mlp.up_proj,PushPop,2264054,2266203,1,762,6447158,8460.8,8224.0,7840,10432,680.1,"void batch_trsm_left_kernel<float, (int)64, (int)4, (int)3, (bool)0, (bool)0, (bool)1>(cublasTrsmBatchParams2<T1>, T1, const T1 *, int)"
:stage.process:model.layers.1.mlp.up_proj,PushPop,2264054,2266203,1,1663,5904957,3550.8,3488.0,2528,116929,2818.0,"void at::native::elementwise_kernel<(int)128, (int)2, void at::native::gpu_kernel_impl_nocast<at::native::direct_copy_kernel_cuda(at::TensorIteratorBase &)::[lambda() (instance 3)]::operator ()() const::[lambda() (instance 4)]::operator ()() const::[lambda(long) (instance 1)]>(at::TensorIteratorBase &, const T1 &)::[lambda(int) (instance 1)]>(int, T3)"
:stage.process:model.layers.1.mlp.up_proj,PushPop,2264054,2266203,1,2077,5539484,2667.1,2304.0,1536,164544,6704.0,"void at::native::vectorized_elementwise_kernel<(int)4, at::native::BinaryFunctor<float, float, bool, at::native::<unnamed>::CompareEqFunctor<float>>, std::array<char *, (unsigned long)3>>(int, T2, T3)"
:stage.process:model.layers.1.mlp.up_proj,PushPop,2264054,2266203,1,2558,5494483,2148.0,2112.0,1632,6272,250.7,"void at::native::vectorized_elementwise_kernel<(int)4, at::native::BinaryFunctor<bool, bool, bool, at::native::logical_or_kernel_cuda(at::TensorIterator &)::[lambda() (instance 2)]::operator ()() const::[lambda() (instance 9)]::operator ()() const::[lambda(bool, bool) (instance 1)]>, std::array<char *, (unsigned long)3>>(int, T2, T3)"
:stage.process:model.layers.1.mlp.up_proj,PushPop,2264054,2266203,1,2076,5444345,2622.5,2304.0,1568,164321,6637.5,"void at::native::vectorized_elementwise_kernel<(int)4, at::native::AUnaryFunctor<float, float, bool, at::native::<unnamed>::CompareEqFunctor<float>>, std::array<char *, (unsigned long)2>>(int, T2, T3)"
:stage.process:model.layers.1.mlp.up_proj,PushPop,2264054,2266203,1,1532,5326588,3476.9,3424.0,2048,29088,865.3,"void at::native::elementwise_kernel<(int)128, (int)2, void at::native::gpu_kernel_impl_nocast<at::native::AUnaryFunctor<long, long, long, at::native::BitwiseAndFunctor<long>>>(at::TensorIteratorBase &, const T1 &)::[lambda(int) (instance 1)]>(int, T3)"
:stage.process:model.layers.1.mlp.up_proj,PushPop,2264054,2266203,1,639,5141210,8045.7,8160.0,5889,11680,470.8,"void at::native::index_elementwise_kernel<(int)128, (int)4, void at::native::gpu_index_kernel<void at::native::index_kernel_impl<at::native::OpaqueType<(int)4>>(at::TensorIteratorBase &, c10::ArrayRef<long>, c10::ArrayRef<long>)::[lambda(char *, const char *, long) (instance 1)]>(at::TensorIteratorBase &, c10::ArrayRef<long>, c10::ArrayRef<long>, const T1 &, bool)::[lambda(int) (instance 1)]>(long, T3)"
:stage.process:model.layers.1.mlp.up_proj,PushPop,2264054,2266203,1,1278,4830491,3779.7,3456.0,2240,221857,6134.2,"<unnamed>::qvq_yaqa_feedback_epilogue_kernel(const float *, const float *, const float *, const float *, const float *, float *, int, int, int, int, int)"
:stage.process:model.layers.1.mlp.up_proj,PushPop,2264054,2266203,1,55,4785938,87017.1,71328.0,17696,141249,46004.3,void cutlass::Kernel2<cutlass_80_simt_sgemm_128x32_8x5_nn_align1>(T1::Params)
:stage.process:model.layers.1.mlp.up_proj,PushPop,2264054,2266203,1,1534,4632144,3019.7,2832.0,2304,9760,745.7,"void at::native::roll_cuda_kernel<float>(const T1 *, T1 *, long, long, long, long, long, long)"
:stage.process:model.layers.1.mlp.up_proj,PushPop,2264054,2266203,1,639,4435856,6941.9,7104.0,3520,7840,639.4,"void at::native::index_elementwise_kernel<(int)128, (int)4, void at::native::gpu_index_kernel<void at::native::index_put_kernel_impl<at::native::OpaqueType<(int)1>>(at::TensorIterator &, c10::ArrayRef<long>, c10::ArrayRef<long>)::[lambda(char *, const char *, long) (instance 1)]>(at::TensorIteratorBase &, c10::ArrayRef<long>, c10::ArrayRef<long>, const T1 &, bool)::[lambda(int) (instance 1)]>(long, T3)"
:stage.process:model.layers.1.mlp.up_proj,PushPop,2264054,2266203,1,789,3651114,4627.5,2208.0,2080,192512,15226.4,"void at::native::vectorized_elementwise_kernel<(int)4, at::native::CUDAFunctor_add<float>, std::array<char *, (unsigned long)3>>(int, T2, T3)"
:stage.process:model.layers.1.mlp.up_proj,PushPop,2264054,2266203,1,1540,3429972,2227.3,2176.0,1952,4288,153.0,"void at::native::vectorized_elementwise_kernel<(int)4, at::native::AbsFunctor<c10::Half>, std::array<char *, (unsigned long)2>>(int, T2, T3)"
:stage.process:model.layers.1.mlp.up_proj,PushPop,2264054,2266203,1,1,3412878,3412878.0,3412878.0,3412878,3412878,0.0,ampere_sgemm_128x64_lower_nt
:stage.process:model.layers.1.mlp.up_proj,PushPop,2264054,2266203,1,1792,3322222,1853.9,1824.0,1568,5920,237.6,"void at::native::vectorized_elementwise_kernel<(int)4, void at::native::compare_scalar_kernel<float>(at::TensorIteratorBase &, at::native::<unnamed>::OpType, T1)::[lambda(float) (instance 1)], std::array<char *, (unsigned long)2>>(int, T2, T3)"
:stage.process:model.layers.1.mlp.up_proj,PushPop,2264054,2266203,1,770,3098539,4024.1,4000.0,3968,7936,196.5,ampere_sgemm_32x128_nt
:stage.process:model.layers.1.mlp.up_proj,PushPop,2264054,2266203,1,1278,2843633,2225.1,2240.0,1440,3712,145.1,"<unnamed>::qvq_yaqa_grouped_pointers_kernel(const float *, const float *, float *, float **, float **, float **, int, int, int, int, int, int)"
:stage.process:model.layers.1.mlp.up_proj,PushPop,2264054,2266203,1,775,2837357,3661.1,3424.0,1888,56097,2901.5,"void at::native::unrolled_elementwise_kernel<at::native::direct_copy_kernel_cuda(at::TensorIteratorBase &)::[lambda() (instance 3)]::operator ()() const::[lambda() (instance 4)]::operator ()() const::[lambda(long) (instance 1)], std::array<char *, (unsigned long)2>, (int)4, TrivialOffsetCalculator<(int)1, unsigned int>, TrivialOffsetCalculator<(int)1, unsigned int>, at::native::memory::LoadWithCast<(int)1>, at::native::memory::StoreWithCast<(int)1>>(int, T1, T2, T4, T5, T6, T7)"
:stage.process:model.layers.1.mlp.up_proj,PushPop,2264054,2266203,1,1278,2778057,2173.8,2112.0,1696,6048,257.8,"void at::native::vectorized_elementwise_kernel<(int)4, at::native::bitwise_not_kernel_cuda(at::TensorIteratorBase &)::[lambda(bool) (instance 1)], std::array<char *, (unsigned long)2>>(int, T2, T3)"
:stage.process:model.layers.1.mlp.up_proj,PushPop,2264054,2266203,1,3,2632908,877636.0,1311558.0,8832,1312518,752406.5,"void at::native::reduce_kernel<(int)512, (int)1, at::native::ReduceOp<long, at::native::func_wrapper_t<long, at::native::sum_functor<long, long, long>::operator ()(at::TensorIterator &)::[lambda(long, long) (instance 1)]>, unsigned int, long, (int)4, (int)4>>(T3)"
:stage.process:model.layers.1.mlp.up_proj,PushPop,2264054,2266203,1,1278,2537135,1985.2,1952.0,1472,2784,133.6,"<unnamed>::qvq_yaqa_update_grouped_pointers_kernel(float *, float *, const float *, const float *, const float *, float **, float **, float **, int, int, int, int, int, int)"
:stage.process:model.layers.1.mlp.up_proj,PushPop,2264054,2266203,1,11,2487626,226147.8,65536.0,5600,1033860,400073.1,"void at::native::vectorized_elementwise_kernel<(int)2, at::native::AUnaryFunctor<long, long, long, at::native::BitwiseAndFunctor<long>>, std::array<char *, (unsigned long)2>>(int, T2, T3)"
:stage.process:model.layers.1.mlp.up_proj,PushPop,2264054,2266203,1,4,2179307,544826.8,560515.0,4928,1053349,586748.7,"void at::native::elementwise_kernel<(int)128, (int)2, void at::native::gpu_kernel_impl_nocast<at::native::BinaryFunctor<long, long, long, at::native::lshift_kernel_cuda(at::TensorIteratorBase &)::[lambda() (instance 1)]::operator ()() const::[lambda() (instance 4)]::operator ()() const::[lambda(long, long) (instance 1)]>>(at::TensorIteratorBase &, const T1 &)::[lambda(int) (instance 1)]>(int, T3)"
:stage.process:model.layers.1.mlp.up_proj,PushPop,2264054,2266203,1,4,2166825,541706.3,541458.5,41088,1042820,578027.4,"void at::native::elementwise_kernel<(int)128, (int)2, void at::native::gpu_kernel_impl_nocast<at::native::BinaryFunctor<long, long, long, at::native::rshift_kernel_cuda(at::TensorIteratorBase &)::[lambda() (instance 1)]::operator ()() const::[lambda() (instance 4)]::operator ()() const::[lambda(long, long) (instance 1)]>>(at::TensorIteratorBase &, const T1 &)::[lambda(int) (instance 1)]>(int, T3)"
:stage.process:model.layers.1.mlp.up_proj,PushPop,2264054,2266203,1,1548,2096296,1354.2,1376.0,1248,2272,70.7,"void <unnamed>::elementwise_kernel_with_index<int, at::native::arange_cuda_out(const c10::Scalar &, const c10::Scalar &, const c10::Scalar &, at::Tensor &)::[lambda() (instance 1)]::operator ()() const::[lambda() (instance 4)]::operator ()() const::[lambda(long) (instance 1)]>(T1, T2, function_traits<T2>::result_type *)"
:stage.process:model.layers.1.mlp.up_proj,PushPop,2264054,2266203,1,3,1894376,631458.7,910212.0,72896,911268,483729.7,"void at::native::index_elementwise_kernel<(int)128, (int)4, void at::native::gpu_index_kernel<void at::native::index_kernel_impl<at::native::OpaqueType<(int)8>>(at::TensorIteratorBase &, c10::ArrayRef<long>, c10::ArrayRef<long>)::[lambda(char *, const char *, long) (instance 1)]>(at::TensorIteratorBase &, c10::ArrayRef<long>, c10::ArrayRef<long>, const T1 &, bool)::[lambda(int) (instance 1)]>(long, T3)"
:stage.process:model.layers.1.mlp.up_proj,PushPop,2264054,2266203,1,782,1804937,2308.1,1888.0,1792,45984,3974.4,"void at::native::vectorized_elementwise_kernel<(int)4, void at::native::compare_scalar_kernel<long>(at::TensorIteratorBase &, at::native::<unnamed>::OpType, T1)::[lambda(long) (instance 1)], std::array<char *, (unsigned long)2>>(int, T2, T3)"
:stage.process:model.layers.1.mlp.up_proj,PushPop,2264054,2266203,1,770,1771402,2300.5,2304.0,1696,2400,45.0,"void at::native::vectorized_elementwise_kernel<(int)4, at::native::BinaryFunctor<c10::Half, c10::Half, bool, at::native::<unnamed>::CompareEqFunctor<c10::Half>>, std::array<char *, (unsigned long)3>>(int, T2, T3)"
:stage.process:model.layers.1.mlp.up_proj,PushPop,2264054,2266203,1,770,1757894,2283.0,2272.0,1664,2368,38.2,"void at::native::vectorized_elementwise_kernel<(int)4, at::native::AUnaryFunctor<c10::Half, c10::Half, bool, at::native::<unnamed>::CompareEqFunctor<c10::Half>>, std::array<char *, (unsigned long)2>>(int, T2, T3)"
:stage.process:model.layers.1.mlp.up_proj,PushPop,2264054,2266203,1,10,1609161,160916.1,79184.5,3744,668227,206456.2,"void at::native::elementwise_kernel<(int)128, (int)2, void at::native::gpu_kernel_impl_nocast<at::native::BinaryFunctor<float, float, float, at::native::binary_internal::MulFunctor<float>>>(at::TensorIteratorBase &, const T1 &)::[lambda(int) (instance 1)]>(int, T3)"
:stage.process:model.layers.1.mlp.up_proj,PushPop,2264054,2266203,1,45,1398279,31072.9,33024.0,6656,55617,16044.7,"void gemmSN_NN_kernel<float, (int)256, (int)4, (int)2, (int)8, (int)4, (int)4, (bool)0, cublasGemvTensorStridedBatched<const float>, cublasGemvTensorStridedBatched<const float>, cublasGemvTensorStridedBatched<float>>(cublasGemmSmallNParams<T9, T10, T11, T1>)"
:stage.process:model.layers.1.mlp.up_proj,PushPop,2264054,2266203,1,512,1323368,2584.7,2560.0,2368,2880,131.6,"void at::native::unrolled_elementwise_kernel<at::native::BinaryFunctor<float, float, float, at::native::maximum_kernel_cuda(at::TensorIteratorBase &)::[lambda() (instance 2)]::operator ()() const::[lambda() (instance 2)]::operator ()() const::[lambda(float, float) (instance 1)]>, std::array<char *, (unsigned long)3>, (int)4, TrivialOffsetCalculator<(int)2, unsigned int>, TrivialOffsetCalculator<(int)1, unsigned int>, at::native::memory::LoadWithCast<(int)2>, at::native::memory::StoreWithCast<(int)1>>(int, T1, T2, T4, T5, T6, T7)"
:stage.process:model.layers.1.mlp.up_proj,PushPop,2264054,2266203,1,4,1288391,322097.8,322162.0,318753,325314,2727.6,"std::enable_if<!T7, void>::type internal::gemvx::kernel<int, int, float, float, float, float, (bool)0, (bool)1, (bool)1, (bool)0, (int)7, (bool)0, cublasGemvParamsEx<int, cublasGemvTensorStridedBatched<const float>, cublasGemvTensorStridedBatched<const float>, cublasGemvTensorStridedBatched<float>, float>>(T13)"
:stage.process:model.layers.1.mlp.up_proj,PushPop,2264054,2266203,1,256,1239303,4841.0,4816.0,4192,5568,553.2,"void at::native::elementwise_kernel<(int)128, (int)4, void at::native::gpu_kernel_impl_nocast<at::native::direct_copy_kernel_cuda(at::TensorIteratorBase &)::[lambda() (instance 3)]::operator ()() const::[lambda() (instance 10)]::operator ()() const::[lambda(c10::Half) (instance 1)]>(at::TensorIteratorBase &, const T1 &)::[lambda(int) (instance 1)]>(int, T3)"
:stage.process:model.layers.1.mlp.up_proj,PushPop,2264054,2266203,1,641,1210340,1888.2,1792.0,1632,29408,1536.5,"void at::native::vectorized_elementwise_kernel<(int)2, at::native::FillFunctor<long>, std::array<char *, (unsigned long)1>>(int, T2, T3)"
:stage.process:model.layers.1.mlp.up_proj,PushPop,2264054,2266203,1,26,1161380,44668.5,45441.0,35520,51392,4755.4,ampere_sgemm_128x32_nn
:stage.process:model.layers.1.mlp.up_proj,PushPop,2264054,2266203,1,264,964938,3655.1,3424.0,3168,15616,1536.4,"void at::native::reduce_kernel<(int)512, (int)1, at::native::ReduceOp<bool, at::native::func_wrapper_t<bool, at::native::or_kernel_cuda(at::TensorIterator &)::[lambda() (instance 1)]::operator ()() const::[lambda() (instance 12)]::operator ()() const::[lambda(bool, bool) (instance 1)]>, unsigned int, bool, (int)4, (int)4>>(T3)"
:stage.process:model.layers.1.mlp.up_proj,PushPop,2264054,2266203,1,3,920324,306774.7,45729.0,45408,829187,452422.4,"void at::native::triu_tril_kernel<float, int, (bool)0, (int)2, (bool)1>(at::cuda::detail::TensorInfo<T1, T2>, at::cuda::detail::TensorInfo<const T1, T2>, long, long, T2)"
:stage.process:model.layers.1.mlp.up_proj,PushPop,2264054,2266203,1,9,809540,89948.9,67264.0,1984,258689,99048.4,"void at::native::vectorized_elementwise_kernel<(int)4, at::native::BUnaryFunctor<float, float, float, at::native::binary_internal::MulFunctor<float>>, std::array<char *, (unsigned long)2>>(int, T2, T3)"
:stage.process:model.layers.1.mlp.up_proj,PushPop,2264054,2266203,1,9,783876,87097.3,86816.0,86337,88800,762.1,"void at::native::vectorized_elementwise_kernel<(int)4, at::native::BinaryFunctor<float, float, float, at::native::binary_internal::MulFunctor<float>>, std::array<char *, (unsigned long)3>>(int, T2, T3)"
:stage.process:model.layers.1.mlp.up_proj,PushPop,2264054,2266203,1,128,771398,6026.5,6032.5,5664,6432,161.0,"void at::native::unrolled_elementwise_kernel<at::native::CUDAFunctor_add<float>, std::array<char *, (unsigned long)3>, (int)4, TrivialOffsetCalculator<(int)2, unsigned int>, TrivialOffsetCalculator<(int)1, unsigned int>, at::native::memory::LoadWithCast<(int)2>, at::native::memory::StoreWithCast<(int)1>>(int, T1, T2, T4, T5, T6, T7)"
:stage.process:model.layers.1.mlp.up_proj,PushPop,2264054,2266203,1,129,597697,4633.3,4512.0,4416,20960,1449.3,"void at::native::elementwise_kernel<(int)128, (int)4, void at::native::gpu_kernel_impl_nocast<at::native::direct_copy_kernel_cuda(at::TensorIteratorBase &)::[lambda() (instance 3)]::operator ()() const::[lambda() (instance 1)]::operator ()() const::[lambda(unsigned char) (instance 1)]>(at::TensorIteratorBase &, const T1 &)::[lambda(int) (instance 1)]>(int, T3)"
:stage.process:model.layers.1.mlp.up_proj,PushPop,2264054,2266203,1,10,582565,58256.5,47328.0,46913,156097,34379.2,"void at::native::reduce_kernel<(int)512, (int)1, at::native::ReduceOp<float, at::native::func_wrapper_t<float, at::native::sum_functor<float, float, float>::operator ()(at::TensorIterator &)::[lambda(float, float) (instance 1)]>, unsigned int, float, (int)4, (int)4>>(T3)"
:stage.process:model.layers.1.mlp.up_proj,PushPop,2264054,2266203,1,263,532227,2023.7,1888.0,1760,12064,1217.8,"void at::native::vectorized_elementwise_kernel<(int)4, at::native::BinaryFunctor<bool, bool, bool, at::native::BitwiseOrFunctor<bool>>, std::array<char *, (unsigned long)3>>(int, T2, T3)"
:stage.process:model.layers.1.mlp.up_proj,PushPop,2264054,2266203,1,132,530849,4021.6,1984.0,1920,71712,11634.4,"void at::native::vectorized_elementwise_kernel<(int)4, at::native::BinaryFunctor<long, long, bool, at::native::<unnamed>::CompareEqFunctor<long>>, std::array<char *, (unsigned long)3>>(int, T2, T3)"
:stage.process:model.layers.1.mlp.up_proj,PushPop,2264054,2266203,1,13,492480,37883.1,8512.0,1408,114944,44704.5,"void at::native::vectorized_elementwise_kernel<(int)4, at::native::FillFunctor<float>, std::array<char *, (unsigned long)1>>(int, T2, T3)"
:stage.process:model.layers.1.mlp.up_proj,PushPop,2264054,2266203,1,128,419842,3280.0,3264.0,3232,3328,23.8,"void at::native::elementwise_kernel<(int)128, (int)2, void at::native::gpu_kernel_impl_nocast<at::native::BUnaryFunctor<long, long, long, at::native::rshift_kernel_cuda(at::TensorIteratorBase &)::[lambda() (instance 1)]::operator ()() const::[lambda() (instance 4)]::operator ()() const::[lambda(long, long) (instance 1)]>>(at::TensorIteratorBase &, const T1 &)::[lambda(int) (instance 1)]>(int, T3)"
:stage.process:model.layers.1.mlp.up_proj,PushPop,2264054,2266203,1,1,342978,342978.0,342978.0,342978,342978,0.0,"void at::native::<unnamed>::CatArrayBatchedCopy_alignedK_contig<at::native::<unnamed>::OpaqueType<(unsigned int)8>, unsigned int, (int)3, (int)128, (int)1, (int)16>(T1 *, at::native::<unnamed>::CatArrInputTensorMetadata<T1, T2, T4, T5>, at::native::<unnamed>::TensorSizeStride<T2, (unsigned int)4>, int, T2)"
:stage.process:model.layers.1.mlp.up_proj,PushPop,2264054,2266203,1,58,324769,5599.5,5152.0,3456,15936,2961.1,"void cublasLt::splitKreduce_kernel<(int)32, (int)16, int, float, float, float, float, (bool)0, float, float, float, (bool)1, (bool)0, (bool)0, (bool)0>(cublasLt::cublasSplitKParams<T6>, const T4 *, const T10 *, T9 *, T5 *, const T6 *, const T6 *, const T11 *, const T4 *, T11 *, void *, long, T6 *, int *, T6 *, T6 *, const T6 *, const T6 *, const T6 *, const T6 *, const T6 *)"
:stage.process:model.layers.1.mlp.up_proj,PushPop,2264054,2266203,1,3,295106,98368.7,99553.0,94944,100609,3012.5,"void at::native::vectorized_elementwise_kernel<(int)2, at::native::BinaryFunctor<long, long, long, at::native::BitwiseXorFunctor<long>>, std::array<char *, (unsigned long)3>>(int, T2, T3)"
:stage.process:model.layers.1.mlp.up_proj,PushPop,2264054,2266203,1,6,269953,44992.2,1760.0,1568,251937,101455.4,"void at::native::vectorized_elementwise_kernel<(int)4, at::native::AUnaryFunctor<float, float, float, at::native::binary_internal::MulFunctor<float>>, std::array<char *, (unsigned long)2>>(int, T2, T3)"
:stage.process:model.layers.1.mlp.up_proj,PushPop,2264054,2266203,1,4,268960,67240.0,67568.0,61600,72224,4623.0,"void at::native::vectorized_elementwise_kernel<(int)2, at::native::BUnaryFunctor<long, long, long, at::native::rshift_kernel_cuda(at::TensorIteratorBase &)::[lambda() (instance 1)]::operator ()() const::[lambda() (instance 4)]::operator ()() const::[lambda(long, long) (instance 1)]>, std::array<char *, (unsigned long)2>>(int, T2, T3)"
:stage.process:model.layers.1.mlp.up_proj,PushPop,2264054,2266203,1,10,219425,21942.5,21888.0,21824,22208,123.7,"void at::native::<unnamed>::CatArrayBatchedCopy<at::native::<unnamed>::OpaqueType<(unsigned int)4>, unsigned int, (int)2, (int)64, (int)64>(T1 *, at::native::<unnamed>::CatArrInputTensorMetadata<T1, T2, T4, T5>, at::native::<unnamed>::TensorSizeStride<T2, (unsigned int)4>, int, T2)"
:stage.process:model.layers.1.mlp.up_proj,PushPop,2264054,2266203,1,2,201057,100528.5,100528.5,100257,100800,384.0,"void at::native::vectorized_elementwise_kernel<(int)2, at::native::BinaryFunctor<long, long, long, at::native::BitwiseOrFunctor<long>>, std::array<char *, (unsigned long)3>>(int, T2, T3)"
:stage.process:model.layers.1.mlp.up_proj,PushPop,2264054,2266203,1,10,149824,14982.4,7472.0,4256,49408,13870.3,"void at::native::reduce_kernel<(int)512, (int)1, at::native::ReduceOp<float, at::native::MeanOps<float, float, float, float>, unsigned int, float, (int)4, (int)4>>(T3)"
:stage.process:model.layers.1.mlp.up_proj,PushPop,2264054,2266203,1,6,132417,22069.5,22048.0,16224,27968,6391.9,"void trsm_batch_left_upper_kernel_small<float, (int)16, (int)16, (int)64>(cublasTrsmBatchParams<T1>, const T1 *const *, T1 *const *, const T1 *, T1)"
:stage.process:model.layers.1.mlp.up_proj,PushPop,2264054,2266203,1,2,132161,66080.5,66080.5,64512,67649,2218.2,"void at::native::vectorized_elementwise_kernel<(int)2, at::native::BUnaryFunctor<long, long, long, at::native::lshift_kernel_cuda(at::TensorIteratorBase &)::[lambda() (instance 1)]::operator ()() const::[lambda() (instance 4)]::operator ()() const::[lambda(long, long) (instance 1)]>, std::array<char *, (unsigned long)2>>(int, T2, T3)"
:stage.process:model.layers.1.mlp.up_proj,PushPop,2264054,2266203,1,3,113504,37834.7,53120.0,5664,54720,27872.1,"void at::native::unrolled_elementwise_kernel<at::native::direct_copy_kernel_cuda(at::TensorIteratorBase &)::[lambda() (instance 3)]::operator ()() const::[lambda() (instance 3)]::operator ()() const::[lambda(int) (instance 1)], std::array<char *, (unsigned long)2>, (int)4, TrivialOffsetCalculator<(int)1, unsigned int>, TrivialOffsetCalculator<(int)1, unsigned int>, at::native::memory::LoadWithCast<(int)1>, at::native::memory::StoreWithCast<(int)1>>(int, T1, T2, T4, T5, T6, T7)"
:stage.process:model.layers.1.mlp.up_proj,PushPop,2264054,2266203,1,5,76288,15257.6,1600.0,1536,70016,30610.9,"void at::native::vectorized_elementwise_kernel<(int)2, at::native::CUDAFunctorOnSelf_add<long>, std::array<char *, (unsigned long)2>>(int, T2, T3)"
:stage.process:model.layers.1.mlp.up_proj,PushPop,2264054,2266203,1,1,73568,73568.0,73568.0,73568,73568,0.0,"void at::native::elementwise_kernel<(int)128, (int)2, void at::native::gpu_kernel_impl_nocast<at::native::BinaryFunctor<float, float, float, at::native::binary_internal::DivFunctor<float>>>(at::TensorIteratorBase &, const T1 &)::[lambda(int) (instance 1)]>(int, T3)"
:stage.process:model.layers.1.mlp.up_proj,PushPop,2264054,2266203,1,6,72576,12096.0,1952.0,1600,63392,25130.5,"void at::native::vectorized_elementwise_kernel<(int)2, at::native::AUnaryFunctor<long, long, long, at::native::binary_internal::MulFunctor<long>>, std::array<char *, (unsigned long)2>>(int, T2, T3)"
:stage.process:model.layers.1.mlp.up_proj,PushPop,2264054,2266203,1,1,59776,59776.0,59776.0,59776,59776,0.0,"void at::native::vectorized_elementwise_kernel<(int)4, void at::native::<unnamed>::pow_tensor_scalar_kernel_impl<float, float>(at::TensorIteratorBase &, T2)::[lambda(float) (instance 1)], std::array<char *, (unsigned long)2>>(int, T2, T3)"
:stage.process:model.layers.1.mlp.up_proj,PushPop,2264054,2266203,1,1,52768,52768.0,52768.0,52768,52768,0.0,"void at::native::reduce_kernel<(int)128, (int)4, at::native::ReduceOp<long, at::native::func_wrapper_t<long, at::native::sum_functor<long, long, long>::operator ()(at::TensorIterator &)::[lambda(long, long) (instance 1)]>, unsigned int, long, (int)4, (int)4>>(T3)"
:stage.process:model.layers.1.mlp.up_proj,PushPop,2264054,2266203,1,1,44608,44608.0,44608.0,44608,44608,0.0,"void at::native::vectorized_elementwise_kernel<(int)4, at::native::float16_copy_kernel_cuda(at::TensorIteratorBase &)::[lambda(float) (instance 1)], std::array<char *, (unsigned long)2>>(int, T2, T3)"
:stage.process:model.layers.1.mlp.up_proj,PushPop,2264054,2266203,1,3,27936,9312.0,10112.0,7072,10752,1966.1,"void at::native::elementwise_kernel<(int)128, (int)2, void at::native::gpu_kernel_impl_nocast<at::native::direct_copy_kernel_cuda(at::TensorIteratorBase &)::[lambda() (instance 3)]::operator ()() const::[lambda() (instance 3)]::operator ()() const::[lambda(int) (instance 1)]>(at::TensorIteratorBase &, const T1 &)::[lambda(int) (instance 1)]>(int, T3)"
:stage.process:model.layers.1.mlp.up_proj,PushPop,2264054,2266203,1,6,25824,4304.0,4480.0,3360,4896,599.6,"void at::native::elementwise_kernel<(int)128, (int)2, void at::native::gpu_kernel_impl_nocast<at::native::CUDAFunctorOnSelf_add<float>>(at::TensorIteratorBase &, const T1 &)::[lambda(int) (instance 1)]>(int, T3)"
:stage.process:model.layers.1.mlp.up_proj,PushPop,2264054,2266203,1,4,14497,3624.3,3616.0,3521,3744,95.2,"void at::native::vectorized_elementwise_kernel<(int)2, at::native::BUnaryFunctor<long, long, long, at::native::remainder_kernel_cuda(at::TensorIteratorBase &)::[lambda() (instance 1)]::operator ()() const::[lambda() (instance 4)]::operator ()() const::[lambda(long, long) (instance 1)]>, std::array<char *, (unsigned long)2>>(int, T2, T3)"
:stage.process:model.layers.1.mlp.up_proj,PushPop,2264054,2266203,1,6,12448,2074.7,1984.0,1984,2496,206.8,"void at::native::vectorized_elementwise_kernel<(int)4, at::native::<unnamed>::CompareFunctor<float>, std::array<char *, (unsigned long)3>>(int, T2, T3)"
:stage.process:model.layers.1.mlp.up_proj,PushPop,2264054,2266203,1,3,11904,3968.0,4160.0,3552,4192,360.6,"void at::native::unrolled_elementwise_kernel<at::native::direct_copy_kernel_cuda(at::TensorIteratorBase &)::[lambda() (instance 3)]::operator ()() const::[lambda() (instance 1)]::operator ()() const::[lambda(unsigned char) (instance 1)], std::array<char *, (unsigned long)2>, (int)4, TrivialOffsetCalculator<(int)1, unsigned int>, TrivialOffsetCalculator<(int)1, unsigned int>, at::native::memory::LoadWithCast<(int)1>, at::native::memory::StoreWithCast<(int)1>>(int, T1, T2, T4, T5, T6, T7)"
:stage.process:model.layers.1.mlp.up_proj,PushPop,2264054,2266203,1,2,11232,5616.0,5616.0,5312,5920,429.9,"void at::native::<unnamed>::CatArrayBatchedCopy_vectorized<at::native::<unnamed>::OpaqueType<(unsigned int)2>, unsigned int, (int)1, (int)128, (int)1, (int)16, (int)8>(char *, at::native::<unnamed>::CatArrInputTensorMetadata<T1, T2, T4, T5>, at::native::<unnamed>::TensorSizeStride<T2, (unsigned int)4>, int, T2)"
:stage.process:model.layers.1.mlp.up_proj,PushPop,2264054,2266203,1,3,9216,3072.0,3072.0,2944,3200,128.0,"void at::native::vectorized_elementwise_kernel<(int)4, at::native::AUnaryFunctor<unsigned char, unsigned char, bool, at::native::<unnamed>::CompareEqFunctor<unsigned char>>, std::array<char *, (unsigned long)2>>(int, T2, T3)"
:stage.process:model.layers.1.mlp.up_proj,PushPop,2264054,2266203,1,1,8288,8288.0,8288.0,8288,8288,0.0,"void at::native::vectorized_elementwise_kernel<(int)4, at::native::AUnaryFunctor<unsigned char, unsigned char, unsigned char, at::native::binary_internal::MulFunctor<unsigned char>>, std::array<char *, (unsigned long)2>>(int, T2, T3)"
:stage.process:model.layers.1.mlp.up_proj,PushPop,2264054,2266203,1,2,8256,4128.0,4128.0,3328,4928,1131.4,"void at::native::elementwise_kernel<(int)128, (int)2, void at::native::gpu_kernel_impl_nocast<at::native::AbsFunctor<float>>(at::TensorIteratorBase &, const T1 &)::[lambda(int) (instance 1)]>(int, T3)"
:stage.process:model.layers.1.mlp.up_proj,PushPop,2264054,2266203,1,2,7616,3808.0,3808.0,3744,3872,90.5,"void at::native::vectorized_elementwise_kernel<(int)2, at::native::BUnaryFunctor<long, long, long, at::native::binary_internal::div_floor_kernel_cuda(at::TensorIteratorBase &)::[lambda() (instance 1)]::operator ()() const::[lambda() (instance 4)]::operator ()() const::[lambda(long, long) (instance 1)]>, std::array<char *, (unsigned long)2>>(int, T2, T3)"
:stage.process:model.layers.1.mlp.up_proj,PushPop,2264054,2266203,1,3,7552,2517.3,2176.0,2176,3200,591.2,"void at::native::vectorized_elementwise_kernel<(int)4, at::native::FillFunctor<unsigned char>, std::array<char *, (unsigned long)1>>(int, T2, T3)"
:stage.process:model.layers.1.mlp.up_proj,PushPop,2264054,2266203,1,2,6496,3248.0,3248.0,3232,3264,22.6,"void at::native::elementwise_kernel<(int)128, (int)2, void at::native::gpu_kernel_impl_nocast<at::native::CUDAFunctor_add<long>>(at::TensorIteratorBase &, const T1 &)::[lambda(int) (instance 1)]>(int, T3)"
:stage.process:model.layers.1.mlp.up_proj,PushPop,2264054,2266203,1,2,5792,2896.0,2896.0,2784,3008,158.4,"void at::native::<unnamed>::CatArrayBatchedCopy_alignedK_contig<at::native::<unnamed>::OpaqueType<(unsigned int)4>, unsigned int, (int)1, (int)128, (int)1, (int)16>(T1 *, at::native::<unnamed>::CatArrInputTensorMetadata<T1, T2, T4, T5>, at::native::<unnamed>::TensorSizeStride<T2, (unsigned int)4>, int, T2)"
:stage.process:model.layers.1.mlp.up_proj,PushPop,2264054,2266203,1,3,5632,1877.3,1952.0,1728,1952,129.3,"void at::native::vectorized_elementwise_kernel<(int)4, at::native::BinaryFunctor<float, float, float, at::native::maximum_kernel_cuda(at::TensorIteratorBase &)::[lambda() (instance 2)]::operator ()() const::[lambda() (instance 2)]::operator ()() const::[lambda(float, float) (instance 1)]>, std::array<char *, (unsigned long)3>>(int, T2, T3)"
:stage.process:model.layers.1.mlp.up_proj,PushPop,2264054,2266203,1,2,5280,2640.0,2640.0,2016,3264,882.5,"void at::native::unrolled_elementwise_kernel<at::native::AUnaryFunctor<long, long, long, at::native::BitwiseAndFunctor<long>>, std::array<char *, (unsigned long)2>, (int)4, TrivialOffsetCalculator<(int)1, unsigned int>, TrivialOffsetCalculator<(int)1, unsigned int>, at::native::memory::LoadWithoutCast, at::native::memory::StoreWithoutCast>(int, T1, T2, T4, T5, T6, T7)"
:stage.process:model.layers.1.mlp.up_proj,PushPop,2264054,2266203,1,3,5120,1706.7,1600.0,1568,1952,213.1,"xxtrf4_set_info_ker(int, int *)"
:stage.process:model.layers.1.mlp.up_proj,PushPop,2264054,2266203,1,2,4928,2464.0,2464.0,2368,2560,135.8,"void at::native::vectorized_elementwise_kernel<(int)4, at::native::FillFunctor<bool>, std::array<char *, (unsigned long)1>>(int, T2, T3)"
:stage.process:model.layers.1.mlp.up_proj,PushPop,2264054,2266203,1,2,4800,2400.0,2400.0,2400,2400,0.0,"void at::native::vectorized_elementwise_kernel<(int)2, at::native::CUDAFunctorOnOther_add<long>, std::array<char *, (unsigned long)2>>(int, T2, T3)"
:stage.process:model.layers.1.mlp.up_proj,PushPop,2264054,2266203,1,2,4576,2288.0,2288.0,2208,2368,113.1,"void at::native::vectorized_elementwise_kernel<(int)4, void at::native::compare_scalar_kernel<c10::Half>(at::TensorIteratorBase &, at::native::<unnamed>::OpType, T1)::[lambda(c10::Half) (instance 1)], std::array<char *, (unsigned long)2>>(int, T2, T3)"
:stage.process:model.layers.1.mlp.up_proj,PushPop,2264054,2266203,1,1,4416,4416.0,4416.0,4416,4416,0.0,"void at::native::reduce_kernel<(int)512, (int)1, at::native::ReduceOp<float, at::native::ArgMinOps<float>, unsigned int, long, (int)4, (int)4>>(T3)"
:stage.process:model.layers.1.mlp.up_proj,PushPop,2264054,2266203,1,1,3424,3424.0,3424.0,3424,3424,0.0,"void at::native::<unnamed>::CatArrayBatchedCopy_contig<at::native::<unnamed>::OpaqueType<(unsigned int)1>, unsigned int, (int)1, (int)128, (int)1>(T1 *, at::native::<unnamed>::CatArrInputTensorMetadata<T1, T2, T4, T5>, at::native::<unnamed>::TensorSizeStride<T2, (unsigned int)4>, int, T2)"
:stage.process:model.layers.1.mlp.up_proj,PushPop,2264054,2266203,1,1,3424,3424.0,3424.0,3424,3424,0.0,"void at::native::vectorized_elementwise_kernel<(int)4, at::native::BinaryFunctor<unsigned char, unsigned char, bool, at::native::<unnamed>::CompareEqFunctor<unsigned char>>, std::array<char *, (unsigned long)3>>(int, T2, T3)"
:stage.process:model.layers.1.mlp.up_proj,PushPop,2264054,2266203,1,1,2656,2656.0,2656.0,2656,2656,0.0,"void at::native::vectorized_elementwise_kernel<(int)4, at::native::sqrt_kernel_cuda(at::TensorIteratorBase &)::[lambda() (instance 2)]::operator ()() const::[lambda() (instance 2)]::operator ()() const::[lambda(float) (instance 1)], std::array<char *, (unsigned long)2>>(int, T2, T3)"
:stage.process:model.layers.1.mlp.up_proj,PushPop,2264054,2266203,1,1,2272,2272.0,2272.0,2272,2272,0.0,"void at::native::elementwise_kernel<(int)128, (int)2, void at::native::gpu_kernel_impl_nocast<at::native::<unnamed>::where_kernel_impl(at::TensorIterator &)::[lambda() (instance 1)]::operator ()() const::[lambda() (instance 3)]::operator ()() const::[lambda(bool, unsigned int, unsigned int) (instance 1)]>(at::TensorIteratorBase &, const T1 &)::[lambda(int) (instance 1)]>(int, T3)"
:stage.process:model.layers.1.mlp.up_proj,PushPop,2264054,2266203,1,1,2272,2272.0,2272.0,2272,2272,0.0,"void at::native::unrolled_elementwise_kernel<at::native::direct_copy_kernel_cuda(at::TensorIteratorBase &)::[lambda() (instance 3)]::operator ()() const::[lambda() (instance 11)]::operator ()() const::[lambda(bool) (instance 1)], std::array<char *, (unsigned long)2>, (int)4, TrivialOffsetCalculator<(int)1, unsigned int>, TrivialOffsetCalculator<(int)1, unsigned int>, at::native::memory::LoadWithCast<(int)1>, at::native::memory::StoreWithCast<(int)1>>(int, T1, T2, T4, T5, T6, T7)"
:stage.process:model.layers.1.mlp.up_proj,PushPop,2264054,2266203,1,1,1984,1984.0,1984.0,1984,1984,0.0,"void at::native::unrolled_elementwise_kernel<at::native::<unnamed>::CompareFunctor<c10::Half>, std::array<char *, (unsigned long)3>, (int)4, TrivialOffsetCalculator<(int)2, unsigned int>, TrivialOffsetCalculator<(int)1, unsigned int>, at::native::memory::LoadWithoutCast, at::native::memory::StoreWithoutCast>(int, T1, T2, T4, T5, T6, T7)"
:stage.process:model.layers.1.mlp.up_proj,PushPop,2264054,2266203,1,1,1920,1920.0,1920.0,1920,1920,0.0,"void at::native::vectorized_elementwise_kernel<(int)4, at::native::<unnamed>::launch_clamp_scalar(at::TensorIteratorBase &, c10::Scalar, c10::Scalar, at::native::detail::ClampLimits)::[lambda() (instance 1)]::operator ()() const::[lambda() (instance 7)]::operator ()() const::[lambda(float) (instance 1)], std::array<char *, (unsigned long)2>>(int, T2, T3)"
:stage.process:model.layers.1.self_attn.k_proj,PushPop,2264054,2266203,1,9680,1719690044,177653.9,147457.0,132416,304993,62602.1,"void <unnamed>::qvq_v2_segment_grid_kernel<(int)4, (int)2, (int)16, (bool)1, (bool)0, __half, unsigned char>(const float *, const T6 *, const float *, const long *, const float *, const float *, float *, T7 *, unsigned char *, int, int, int, bool, bool)"
:stage.process:model.layers.1.self_attn.k_proj,PushPop,2264054,2266203,1,574,786353969,1369954.6,1368597.0,1354789,1431109,7127.8,"void <unnamed>::qvq_viterbi_kernel<(int)4, (int)2, __half, unsigned char>(const float *, const T3 *, const float *, const long *, const float *, T4 *, long *, float *, int, int, int, bool, bool, bool)"
:stage.process:model.layers.1.self_attn.k_proj,PushPop,2264054,2266203,1,1210,101398804,83800.7,80736.0,66272,103552,9906.3,"void <unnamed>::qvq_v2_segment_grid_finalize_kernel<(int)4, (int)2, (int)16, (bool)0, __half, unsigned char>(const float *, const T5 *, const float *, const long *, const float *, const float *, const T6 *, const unsigned char *, long *, unsigned char *, float *, int, int, bool, bool)"
:stage.process:model.layers.1.self_attn.k_proj,PushPop,2264054,2266203,1,468,30177587,64482.0,70624.0,20864,72032,14667.2,void cutlass::Kernel2<cutlass_80_simt_sgemm_128x32_8x5_nt_align1>(T1::Params)
:stage.process:model.layers.1.self_attn.k_proj,PushPop,2264054,2266203,1,2544,23126258,9090.5,7712.0,4000,18304,3864.6,"void at::native::index_elementwise_kernel<(int)128, (int)4, void at::native::gpu_index_kernel<void at::native::index_kernel_impl<at::native::OpaqueType<(int)4>>(at::TensorIteratorBase &, c10::ArrayRef<long>, c10::ArrayRef<long>)::[lambda(char *, const char *, long) (instance 1)]>(at::TensorIteratorBase &, c10::ArrayRef<long>, c10::ArrayRef<long>, const T1 &, bool)::[lambda(int) (instance 1)]>(long, T3)"
:stage.process:model.layers.1.self_attn.k_proj,PushPop,2264054,2266203,1,2580,13234014,5129.5,4624.0,2656,11648,1577.9,"void at::native::reduce_kernel<(int)512, (int)1, at::native::ReduceOp<bool, at::native::func_wrapper_t<bool, at::native::and_kernel_cuda(at::TensorIterator &)::[lambda() (instance 1)]::operator ()() const::[lambda() (instance 12)]::operator ()() const::[lambda(bool, bool) (instance 1)]>, unsigned int, bool, (int)4, (int)4>>(T3)"
:stage.process:model.layers.1.self_attn.k_proj,PushPop,2264054,2266203,1,1021,8863485,8681.2,8736.0,4576,12864,1755.6,"void at::native::index_elementwise_kernel<(int)128, (int)4, void at::native::gpu_index_kernel<void at::native::index_kernel_impl<at::native::OpaqueType<(int)2>>(at::TensorIteratorBase &, c10::ArrayRef<long>, c10::ArrayRef<long>)::[lambda(char *, const char *, long) (instance 1)]>(at::TensorIteratorBase &, c10::ArrayRef<long>, c10::ArrayRef<long>, const T1 &, bool)::[lambda(int) (instance 1)]>(long, T3)"
:stage.process:model.layers.1.self_attn.k_proj,PushPop,2264054,2266203,1,1272,8128023,6390.0,6496.0,3488,7040,380.7,"void at::native::index_elementwise_kernel<(int)128, (int)4, void at::native::gpu_index_kernel<void at::native::index_put_kernel_impl<at::native::OpaqueType<(int)4>>(at::TensorIterator &, c10::ArrayRef<long>, c10::ArrayRef<long>)::[lambda(char *, const char *, long) (instance 1)]>(at::TensorIteratorBase &, c10::ArrayRef<long>, c10::ArrayRef<long>, const T1 &, bool)::[lambda(int) (instance 1)]>(long, T3)"
:stage.process:model.layers.1.self_attn.k_proj,PushPop,2264054,2266203,1,772,6452444,8358.1,8384.0,8064,9120,108.2,"void at::native::reduce_kernel<(int)512, (int)1, at::native::ReduceOp<c10::Half, at::native::func_wrapper_t<c10::Half, at::native::MaxNanFunctor<c10::Half>>, unsigned int, c10::Half, (int)4, (int)4>>(T3)"
:stage.process:model.layers.1.self_attn.k_proj,PushPop,2264054,2266203,1,1404,6402814,4560.4,4608.0,3104,4960,290.4,"void at::native::reduce_kernel<(int)512, (int)1, at::native::ReduceOp<float, at::native::func_wrapper_t<float, at::native::MaxNanFunctor<float>>, unsigned int, float, (int)4, (int)4>>(T3)"
:stage.process:model.layers.1.self_attn.k_proj,PushPop,2264054,2266203,1,1841,6056247,3289.7,3104.0,2144,46720,2717.9,"void at::native::elementwise_kernel<(int)128, (int)2, void at::native::gpu_kernel_impl_nocast<at::native::direct_copy_kernel_cuda(at::TensorIteratorBase &)::[lambda() (instance 3)]::operator ()() const::[lambda() (instance 7)]::operator ()() const::[lambda(float) (instance 1)]>(at::TensorIteratorBase &, const T1 &)::[lambda(int) (instance 1)]>(int, T3)"
:stage.process:model.layers.1.self_attn.k_proj,PushPop,2264054,2266203,1,400,5832181,14580.5,4032.0,4000,66464,20385.1,ampere_sgemm_32x128_nt
:stage.process:model.layers.1.self_attn.k_proj,PushPop,2264054,2266203,1,2843,5770709,2029.8,1984.0,1472,17824,549.4,"void at::native::vectorized_elementwise_kernel<(int)4, at::native::AbsFunctor<float>, std::array<char *, (unsigned long)2>>(int, T2, T3)"
:stage.process:model.layers.1.self_attn.k_proj,PushPop,2264054,2266203,1,1784,5027661,2818.2,2752.0,2176,4608,664.9,"<unnamed>::qvq_half2_codebook_norm_pack_kernel(const __half *, unsigned long *, int)"
:stage.process:model.layers.1.self_attn.k_proj,PushPop,2264054,2266203,1,66,5012274,75943.5,47648.5,38912,244609,71300.0,ampere_sgemm_32x32_sliced1x4_nt
:stage.process:model.layers.1.self_attn.k_proj,PushPop,2264054,2266203,1,2209,4657202,2108.3,2048.0,1632,6496,214.3,"void at::native::vectorized_elementwise_kernel<(int)4, at::native::BinaryFunctor<bool, bool, bool, at::native::binary_internal::MulFunctor<bool>>, std::array<char *, (unsigned long)3>>(int, T2, T3)"
:stage.process:model.layers.1.self_attn.k_proj,PushPop,2264054,2266203,1,262,4595019,17538.2,5072.0,3360,58848,17548.4,"void gemmSN_NN_kernel<float, (int)256, (int)4, (int)2, (int)8, (int)4, (int)4, (bool)0, cublasGemvTensorStridedBatched<const float>, cublasGemvTensorStridedBatched<const float>, cublasGemvTensorStridedBatched<float>>(cublasGemmSmallNParams<T9, T10, T11, T1>)"
:stage.process:model.layers.1.self_attn.k_proj,PushPop,2264054,2266203,1,636,4284439,6736.5,6848.0,3264,7424,570.6,"void at::native::index_elementwise_kernel<(int)128, (int)4, void at::native::gpu_index_kernel<void at::native::index_put_kernel_impl<at::native::OpaqueType<(int)8>>(at::TensorIterator &, c10::ArrayRef<long>, c10::ArrayRef<long>)::[lambda(char *, const char *, long) (instance 1)]>(at::TensorIteratorBase &, c10::ArrayRef<long>, c10::ArrayRef<long>, const T1 &, bool)::[lambda(int) (instance 1)]>(long, T3)"
:stage.process:model.layers.1.self_attn.k_proj,PushPop,2264054,2266203,1,901,3518444,3905.0,3872.0,2560,7168,250.6,"void at::native::unrolled_elementwise_kernel<at::native::direct_copy_kernel_cuda(at::TensorIteratorBase &)::[lambda() (instance 3)]::operator ()() const::[lambda() (instance 7)]::operator ()() const::[lambda(float) (instance 1)], std::array<char *, (unsigned long)2>, (int)4, TrivialOffsetCalculator<(int)1, unsigned int>, TrivialOffsetCalculator<(int)1, unsigned int>, at::native::memory::LoadWithCast<(int)1>, at::native::memory::StoreWithCast<(int)1>>(int, T1, T2, T4, T5, T6, T7)"
:stage.process:model.layers.1.self_attn.k_proj,PushPop,2264054,2266203,1,1542,3304873,2143.2,2144.0,1664,2784,54.6,"void at::native::vectorized_elementwise_kernel<(int)4, at::native::AbsFunctor<c10::Half>, std::array<char *, (unsigned long)2>>(int, T2, T3)"
:stage.process:model.layers.1.self_attn.k_proj,PushPop,2264054,2266203,1,516,3175402,6153.9,6400.0,4288,6976,697.6,"void gemmSN_NN_kernel<float, (int)128, (int)2, (int)4, (int)8, (int)4, (int)4, (bool)0, cublasGemvTensorStridedBatched<const float>, cublasGemvTensorStridedBatched<const float>, cublasGemvTensorStridedBatched<float>>(cublasGemmSmallNParams<T9, T10, T11, T1>)"
:stage.process:model.layers.1.self_attn.k_proj,PushPop,2264054,2266203,1,1440,3002509,2085.1,2048.0,1472,12897,572.6,"void at::native::vectorized_elementwise_kernel<(int)4, at::native::BinaryFunctor<float, float, bool, at::native::<unnamed>::CompareEqFunctor<float>>, std::array<char *, (unsigned long)3>>(int, T2, T3)"
:stage.process:model.layers.1.self_attn.k_proj,PushPop,2264054,2266203,1,1439,2944553,2046.2,2048.0,1472,6304,237.1,"void at::native::vectorized_elementwise_kernel<(int)4, at::native::AUnaryFunctor<float, float, bool, at::native::<unnamed>::CompareEqFunctor<float>>, std::array<char *, (unsigned long)2>>(int, T2, T3)"
:stage.process:model.layers.1.self_attn.k_proj,PushPop,2264054,2266203,1,12,2857067,238088.9,241328.5,231169,241665,5000.5,ampere_sgemm_128x64_nn
:stage.process:model.layers.1.self_attn.k_proj,PushPop,2264054,2266203,1,862,2647885,3071.8,2976.0,1856,9024,294.5,"void at::native::elementwise_kernel<(int)128, (int)2, void at::native::gpu_kernel_impl_nocast<at::native::direct_copy_kernel_cuda(at::TensorIteratorBase &)::[lambda() (instance 3)]::operator ()() const::[lambda() (instance 4)]::operator ()() const::[lambda(long) (instance 1)]>(at::TensorIteratorBase &, const T1 &)::[lambda(int) (instance 1)]>(int, T3)"
:stage.process:model.layers.1.self_attn.k_proj,PushPop,2264054,2266203,1,282,2324140,8241.6,8224.0,7872,8576,68.2,"void batch_trsm_left_kernel<float, (int)64, (int)4, (int)3, (bool)0, (bool)0, (bool)1>(cublasTrsmBatchParams2<T1>, T1, const T1 *, int)"
:stage.process:model.layers.1.self_attn.k_proj,PushPop,2264054,2266203,1,1276,2264072,1774.4,1760.0,1536,2176,111.6,"void at::native::vectorized_elementwise_kernel<(int)4, at::native::BinaryFunctor<bool, bool, bool, at::native::logical_or_kernel_cuda(at::TensorIterator &)::[lambda() (instance 2)]::operator ()() const::[lambda() (instance 9)]::operator ()() const::[lambda(bool, bool) (instance 1)]>, std::array<char *, (unsigned long)3>>(int, T2, T3)"
:stage.process:model.layers.1.self_attn.k_proj,PushPop,2264054,2266203,1,892,2199753,2466.1,2432.0,1760,2720,128.2,"void at::native::roll_cuda_kernel<float>(const T1 *, T1 *, long, long, long, long, long, long)"
:stage.process:model.layers.1.self_attn.k_proj,PushPop,2264054,2266203,1,477,2194283,4600.2,4832.0,3200,5504,567.6,"void at::native::index_elementwise_kernel<(int)128, (int)4, void at::native::gpu_index_kernel<void at::native::index_put_kernel_impl<at::native::OpaqueType<(int)1>>(at::TensorIterator &, c10::ArrayRef<long>, c10::ArrayRef<long>)::[lambda(char *, const char *, long) (instance 1)]>(at::TensorIteratorBase &, c10::ArrayRef<long>, c10::ArrayRef<long>, const T1 &, bool)::[lambda(int) (instance 1)]>(long, T3)"
:stage.process:model.layers.1.self_attn.k_proj,PushPop,2264054,2266203,1,3,2083624,694541.3,923875.0,235809,923940,397273.9,"void kernel<getrf_wo_pivot_params_<float, (int)0, (int)256, (int)1, (int)64, (int)64, (int)68, (int)8, (int)1, (int)1>>(int, int, void *, int, void *, int, int, int, int, int, int *)"
:stage.process:model.layers.1.self_attn.k_proj,PushPop,2264054,2266203,1,413,2030219,4915.8,3904.0,3200,46113,3301.1,"void at::native::elementwise_kernel<(int)128, (int)2, void at::native::gpu_kernel_impl_nocast<at::native::CUDAFunctor_add<float>>(at::TensorIteratorBase &, const T1 &)::[lambda(int) (instance 1)]>(int, T3)"
:stage.process:model.layers.1.self_attn.k_proj,PushPop,2264054,2266203,1,884,1953290,2209.6,2240.0,1824,2656,143.8,"void at::native::elementwise_kernel<(int)128, (int)2, void at::native::gpu_kernel_impl_nocast<at::native::AUnaryFunctor<long, long, long, at::native::BitwiseAndFunctor<long>>>(at::TensorIteratorBase &, const T1 &)::[lambda(int) (instance 1)]>(int, T3)"
:stage.process:model.layers.1.self_attn.k_proj,PushPop,2264054,2266203,1,1150,1889162,1642.7,1664.0,1536,1952,53.7,"void at::native::vectorized_elementwise_kernel<(int)4, void at::native::compare_scalar_kernel<float>(at::TensorIteratorBase &, at::native::<unnamed>::OpType, T1)::[lambda(float) (instance 1)], std::array<char *, (unsigned long)2>>(int, T2, T3)"
:stage.process:model.layers.1.self_attn.k_proj,PushPop,2264054,2266203,1,792,1863332,2352.7,2208.0,1504,9696,861.2,"void at::native::vectorized_elementwise_kernel<(int)4, at::native::CUDAFunctor_add<float>, std::array<char *, (unsigned long)3>>(int, T2, T3)"
:stage.process:model.layers.1.self_attn.k_proj,PushPop,2264054,2266203,1,770,1729514,2246.1,2240.0,1792,2336,22.8,"void at::native::vectorized_elementwise_kernel<(int)4, at::native::BinaryFunctor<c10::Half, c10::Half, bool, at::native::<unnamed>::CompareEqFunctor<c10::Half>>, std::array<char *, (unsigned long)3>>(int, T2, T3)"
:stage.process:model.layers.1.self_attn.k_proj,PushPop,2264054,2266203,1,770,1711910,2223.3,2208.0,1760,2304,26.1,"void at::native::vectorized_elementwise_kernel<(int)4, at::native::AUnaryFunctor<c10::Half, c10::Half, bool, at::native::<unnamed>::CompareEqFunctor<c10::Half>>, std::array<char *, (unsigned long)2>>(int, T2, T3)"
:stage.process:model.layers.1.self_attn.k_proj,PushPop,2264054,2266203,1,613,1586152,2587.5,2560.0,1760,5056,401.1,"void at::native::unrolled_elementwise_kernel<at::native::direct_copy_kernel_cuda(at::TensorIteratorBase &)::[lambda() (instance 3)]::operator ()() const::[lambda() (instance 4)]::operator ()() const::[lambda(long) (instance 1)], std::array<char *, (unsigned long)2>, (int)4, TrivialOffsetCalculator<(int)1, unsigned int>, TrivialOffsetCalculator<(int)1, unsigned int>, at::native::memory::LoadWithCast<(int)1>, at::native::memory::StoreWithCast<(int)1>>(int, T1, T2, T4, T5, T6, T7)"
:stage.process:model.layers.1.self_attn.k_proj,PushPop,2264054,2266203,1,82,1502246,18320.1,9696.5,5952,89985,26186.0,ampere_sgemm_32x32_sliced1x4_nn
:stage.process:model.layers.1.self_attn.k_proj,PushPop,2264054,2266203,1,782,1360163,1739.3,1728.0,1600,4864,205.3,"void at::native::vectorized_elementwise_kernel<(int)4, void at::native::compare_scalar_kernel<long>(at::TensorIteratorBase &, at::native::<unnamed>::OpType, T1)::[lambda(long) (instance 1)], std::array<char *, (unsigned long)2>>(int, T2, T3)"
:stage.process:model.layers.1.self_attn.k_proj,PushPop,2264054,2266203,1,512,1279591,2499.2,2496.0,2368,2656,59.5,"void at::native::unrolled_elementwise_kernel<at::native::BinaryFunctor<float, float, float, at::native::maximum_kernel_cuda(at::TensorIteratorBase &)::[lambda() (instance 2)]::operator ()() const::[lambda() (instance 2)]::operator ()() const::[lambda(float, float) (instance 1)]>, std::array<char *, (unsigned long)3>, (int)4, TrivialOffsetCalculator<(int)2, unsigned int>, TrivialOffsetCalculator<(int)1, unsigned int>, at::native::memory::LoadWithCast<(int)2>, at::native::memory::StoreWithCast<(int)1>>(int, T1, T2, T4, T5, T6, T7)"
:stage.process:model.layers.1.self_attn.k_proj,PushPop,2264054,2266203,1,636,1184996,1863.2,1872.0,1632,2208,102.2,"void at::native::vectorized_elementwise_kernel<(int)4, at::native::bitwise_not_kernel_cuda(at::TensorIteratorBase &)::[lambda(bool) (instance 1)], std::array<char *, (unsigned long)2>>(int, T2, T3)"
:stage.process:model.layers.1.self_attn.k_proj,PushPop,2264054,2266203,1,256,1028163,4016.3,3936.5,3808,4224,174.4,"void at::native::elementwise_kernel<(int)128, (int)4, void at::native::gpu_kernel_impl_nocast<at::native::direct_copy_kernel_cuda(at::TensorIteratorBase &)::[lambda() (instance 3)]::operator ()() const::[lambda() (instance 10)]::operator ()() const::[lambda(c10::Half) (instance 1)]>(at::TensorIteratorBase &, const T1 &)::[lambda(int) (instance 1)]>(int, T3)"
:stage.process:model.layers.1.self_attn.k_proj,PushPop,2264054,2266203,1,263,961797,3657.0,3552.0,3264,8736,746.5,"void at::native::reduce_kernel<(int)512, (int)1, at::native::ReduceOp<bool, at::native::func_wrapper_t<bool, at::native::or_kernel_cuda(at::TensorIterator &)::[lambda() (instance 1)]::operator ()() const::[lambda() (instance 12)]::operator ()() const::[lambda(bool, bool) (instance 1)]>, unsigned int, bool, (int)4, (int)4>>(T3)"
:stage.process:model.layers.1.self_attn.k_proj,PushPop,2264054,2266203,1,638,895489,1403.6,1440.0,1312,3264,115.1,"void at::native::vectorized_elementwise_kernel<(int)2, at::native::FillFunctor<long>, std::array<char *, (unsigned long)1>>(int, T2, T3)"
:stage.process:model.layers.1.self_attn.k_proj,PushPop,2264054,2266203,1,587,800067,1363.0,1376.0,1248,1984,73.2,"void <unnamed>::elementwise_kernel_with_index<int, at::native::arange_cuda_out(const c10::Scalar &, const c10::Scalar &, const c10::Scalar &, at::Tensor &)::[lambda() (instance 1)]::operator ()() const::[lambda() (instance 4)]::operator ()() const::[lambda(long) (instance 1)]>(T1, T2, function_traits<T2>::result_type *)"
:stage.process:model.layers.1.self_attn.k_proj,PushPop,2264054,2266203,1,128,573186,4478.0,4448.0,4352,4960,104.8,"void at::native::unrolled_elementwise_kernel<at::native::CUDAFunctor_add<float>, std::array<char *, (unsigned long)3>, (int)4, TrivialOffsetCalculator<(int)2, unsigned int>, TrivialOffsetCalculator<(int)1, unsigned int>, at::native::memory::LoadWithCast<(int)2>, at::native::memory::StoreWithCast<(int)1>>(int, T1, T2, T4, T5, T6, T7)"
:stage.process:model.layers.1.self_attn.k_proj,PushPop,2264054,2266203,1,2,448545,224272.5,224272.5,224224,224321,68.6,ampere_sgemm_128x32_nn
:stage.process:model.layers.1.self_attn.k_proj,PushPop,2264054,2266203,1,263,439107,1669.6,1664.0,1600,2592,130.9,"void at::native::vectorized_elementwise_kernel<(int)4, at::native::BinaryFunctor<bool, bool, bool, at::native::BitwiseOrFunctor<bool>>, std::array<char *, (unsigned long)3>>(int, T2, T3)"
:stage.process:model.layers.1.self_attn.k_proj,PushPop,2264054,2266203,1,129,414272,3211.4,3104.0,2976,4000,149.1,"void at::native::elementwise_kernel<(int)128, (int)4, void at::native::gpu_kernel_impl_nocast<at::native::direct_copy_kernel_cuda(at::TensorIteratorBase &)::[lambda() (instance 3)]::operator ()() const::[lambda() (instance 1)]::operator ()() const::[lambda(unsigned char) (instance 1)]>(at::TensorIteratorBase &, const T1 &)::[lambda(int) (instance 1)]>(int, T3)"
:stage.process:model.layers.1.self_attn.k_proj,PushPop,2264054,2266203,1,42,381280,9078.1,8592.0,7424,11136,1291.5,ampere_sgemm_64x32_sliced1x4_nn
:stage.process:model.layers.1.self_attn.k_proj,PushPop,2264054,2266203,1,114,350179,3071.7,3072.0,2496,3776,261.2,"void cublasLt::splitKreduce_kernel<(int)32, (int)16, int, float, float, float, float, (bool)0, float, float, float, (bool)1, (bool)0, (bool)0, (bool)0>(cublasLt::cublasSplitKParams<T6>, const T4 *, const T10 *, T9 *, T5 *, const T6 *, const T6 *, const T11 *, const T4 *, T11 *, void *, long, T6 *, int *, T6 *, T6 *, const T6 *, const T6 *, const T6 *, const T6 *, const T6 *)"
:stage.process:model.layers.1.self_attn.k_proj,PushPop,2264054,2266203,1,4,288866,72216.5,71360.5,71265,74880,1777.9,ampere_sgemm_32x128_tn
:stage.process:model.layers.1.self_attn.k_proj,PushPop,2264054,2266203,1,128,265922,2077.5,2080.0,2048,2112,13.7,"void at::native::elementwise_kernel<(int)128, (int)2, void at::native::gpu_kernel_impl_nocast<at::native::BUnaryFunctor<long, long, long, at::native::rshift_kernel_cuda(at::TensorIteratorBase &)::[lambda() (instance 1)]::operator ()() const::[lambda() (instance 4)]::operator ()() const::[lambda(long, long) (instance 1)]>>(at::TensorIteratorBase &, const T1 &)::[lambda(int) (instance 1)]>(int, T3)"
:stage.process:model.layers.1.self_attn.k_proj,PushPop,2264054,2266203,1,132,245344,1858.7,1728.0,1664,6784,812.5,"void at::native::vectorized_elementwise_kernel<(int)4, at::native::BinaryFunctor<long, long, bool, at::native::<unnamed>::CompareEqFunctor<long>>, std::array<char *, (unsigned long)3>>(int, T2, T3)"
:stage.process:model.layers.1.self_attn.k_proj,PushPop,2264054,2266203,1,12,209952,17496.0,20160.0,11232,21152,4497.7,"void at::native::<unnamed>::CatArrayBatchedCopy<at::native::<unnamed>::OpaqueType<(unsigned int)4>, unsigned int, (int)2, (int)64, (int)64>(T1 *, at::native::<unnamed>::CatArrInputTensorMetadata<T1, T2, T4, T5>, at::native::<unnamed>::TensorSizeStride<T2, (unsigned int)4>, int, T2)"
:stage.process:model.layers.1.self_attn.k_proj,PushPop,2264054,2266203,1,3,180161,60053.7,87648.0,4704,87809,47934.3,"void at::native::reduce_kernel<(int)512, (int)1, at::native::ReduceOp<long, at::native::func_wrapper_t<long, at::native::sum_functor<long, long, long>::operator ()(at::TensorIterator &)::[lambda(long, long) (instance 1)]>, unsigned int, long, (int)4, (int)4>>(T3)"
:stage.process:model.layers.1.self_attn.k_proj,PushPop,2264054,2266203,1,11,156320,14210.9,3776.0,2336,63616,24152.5,"void at::native::vectorized_elementwise_kernel<(int)2, at::native::AUnaryFunctor<long, long, long, at::native::BitwiseAndFunctor<long>>, std::array<char *, (unsigned long)2>>(int, T2, T3)"
:stage.process:model.layers.1.self_attn.k_proj,PushPop,2264054,2266203,1,4,145440,36360.0,36336.0,4928,67840,36239.2,"void at::native::elementwise_kernel<(int)128, (int)2, void at::native::gpu_kernel_impl_nocast<at::native::BinaryFunctor<long, long, long, at::native::rshift_kernel_cuda(at::TensorIteratorBase &)::[lambda() (instance 1)]::operator ()() const::[lambda() (instance 4)]::operator ()() const::[lambda(long, long) (instance 1)]>>(at::TensorIteratorBase &, const T1 &)::[lambda(int) (instance 1)]>(int, T3)"
:stage.process:model.layers.1.self_attn.k_proj,PushPop,2264054,2266203,1,4,143617,35904.3,36368.5,3424,67456,36350.4,"void at::native::elementwise_kernel<(int)128, (int)2, void at::native::gpu_kernel_impl_nocast<at::native::BinaryFunctor<long, long, long, at::native::lshift_kernel_cuda(at::TensorIteratorBase &)::[lambda() (instance 1)]::operator ()() const::[lambda() (instance 4)]::operator ()() const::[lambda(long, long) (instance 1)]>>(at::TensorIteratorBase &, const T1 &)::[lambda(int) (instance 1)]>(int, T3)"
:stage.process:model.layers.1.self_attn.k_proj,PushPop,2264054,2266203,1,1,140736,140736.0,140736.0,140736,140736,0.0,ampere_sgemm_128x32_tn
:stage.process:model.layers.1.self_attn.k_proj,PushPop,2264054,2266203,1,6,132224,22037.3,22000.0,16192,27936,6391.8,"void trsm_batch_left_upper_kernel_small<float, (int)16, (int)16, (int)64>(cublasTrsmBatchParams<T1>, const T1 *const *, T1 *const *, const T1 *, T1)"
:stage.process:model.layers.1.self_attn.k_proj,PushPop,2264054,2266203,1,3,120961,40320.3,56640.0,7360,56961,28544.9,"void at::native::index_elementwise_kernel<(int)128, (int)4, void at::native::gpu_index_kernel<void at::native::index_kernel_impl<at::native::OpaqueType<(int)8>>(at::TensorIteratorBase &, c10::ArrayRef<long>, c10::ArrayRef<long>)::[lambda(char *, const char *, long) (instance 1)]>(at::TensorIteratorBase &, c10::ArrayRef<long>, c10::ArrayRef<long>, const T1 &, bool)::[lambda(int) (instance 1)]>(long, T3)"
:stage.process:model.layers.1.self_attn.k_proj,PushPop,2264054,2266203,1,3,96673,32224.3,44864.0,6112,45697,22617.8,"void at::native::triu_tril_kernel<float, int, (bool)0, (int)2, (bool)1>(at::cuda::detail::TensorInfo<T1, T2>, at::cuda::detail::TensorInfo<const T1, T2>, long, long, T2)"
:stage.process:model.layers.1.self_attn.k_proj,PushPop,2264054,2266203,1,10,80673,8067.3,8080.0,7745,8352,164.0,"void at::native::reduce_kernel<(int)512, (int)1, at::native::ReduceOp<float, at::native::func_wrapper_t<float, at::native::sum_functor<float, float, float>::operator ()(at::TensorIterator &)::[lambda(float, float) (instance 1)]>, unsigned int, float, (int)4, (int)4>>(T3)"
:stage.process:model.layers.1.self_attn.k_proj,PushPop,2264054,2266203,1,10,80385,8038.5,6096.0,3456,20640,5976.0,"void at::native::elementwise_kernel<(int)128, (int)2, void at::native::gpu_kernel_impl_nocast<at::native::BinaryFunctor<float, float, float, at::native::binary_internal::MulFunctor<float>>>(at::TensorIteratorBase &, const T1 &)::[lambda(int) (instance 1)]>(int, T3)"
:stage.process:model.layers.1.self_attn.k_proj,PushPop,2264054,2266203,1,10,68992,6899.2,7520.0,3232,8128,1723.5,"void at::native::reduce_kernel<(int)512, (int)1, at::native::ReduceOp<float, at::native::MeanOps<float, float, float, float>, unsigned int, float, (int)4, (int)4>>(T3)"
:stage.process:model.layers.1.self_attn.k_proj,PushPop,2264054,2266203,1,14,60640,4331.4,3248.0,1312,8512,2568.8,"void at::native::vectorized_elementwise_kernel<(int)4, at::native::FillFunctor<float>, std::array<char *, (unsigned long)1>>(int, T2, T3)"
:stage.process:model.layers.1.self_attn.k_proj,PushPop,2264054,2266203,1,9,45312,5034.7,3648.0,1632,11680,3763.4,"void at::native::vectorized_elementwise_kernel<(int)4, at::native::BUnaryFunctor<float, float, float, at::native::binary_internal::MulFunctor<float>>, std::array<char *, (unsigned long)2>>(int, T2, T3)"
:stage.process:model.layers.1.self_attn.k_proj,PushPop,2264054,2266203,1,9,39904,4433.8,4384.0,4256,4800,179.0,"void at::native::vectorized_elementwise_kernel<(int)4, at::native::BinaryFunctor<float, float, float, at::native::binary_internal::MulFunctor<float>>, std::array<char *, (unsigned long)3>>(int, T2, T3)"
:stage.process:model.layers.1.self_attn.k_proj,PushPop,2264054,2266203,1,10,38848,3884.8,3872.0,3840,3936,34.4,"void dot_kernel<float, (int)128, (int)0, cublasDotParams<cublasGemvTensorStridedBatched<const float>, cublasGemvTensorStridedBatched<float>>>(T4)"
:stage.process:model.layers.1.self_attn.k_proj,PushPop,2264054,2266203,1,10,36000,3600.0,3360.0,3200,4160,405.4,"void at::native::elementwise_kernel<(int)128, (int)2, void at::native::gpu_kernel_impl_nocast<at::native::CUDAFunctorOnSelf_add<float>>(at::TensorIteratorBase &, const T1 &)::[lambda(int) (instance 1)]>(int, T3)"
:stage.process:model.layers.1.self_attn.k_proj,PushPop,2264054,2266203,1,10,27136,2713.6,2704.0,2688,2816,39.3,"void reduce_1Block_kernel<float, (int)128, (int)7, cublasGemvTensorStridedBatched<float>, cublasGemvTensorStridedBatched<const float>, cublasGemvTensorStridedBatched<float>>(const T1 *, T1, T4, int, const T1 *, T1, T5, T6, cublasPointerMode_t, cublasLtEpilogue_t, cublasGemvTensorStridedBatched<const biasType<T6::value_type, T1>::type>)"
:stage.process:model.layers.1.self_attn.k_proj,PushPop,2264054,2266203,1,12,24800,2066.7,2112.0,1888,2336,141.4,"void at::native::vectorized_elementwise_kernel<(int)4, at::native::<unnamed>::CompareFunctor<float>, std::array<char *, (unsigned long)3>>(int, T2, T3)"
:stage.process:model.layers.1.self_attn.k_proj,PushPop,2264054,2266203,1,6,21120,3520.0,1712.0,1536,12000,4171.3,"void at::native::vectorized_elementwise_kernel<(int)4, at::native::AUnaryFunctor<float, float, float, at::native::binary_internal::MulFunctor<float>>, std::array<char *, (unsigned long)2>>(int, T2, T3)"
:stage.process:model.layers.1.self_attn.k_proj,PushPop,2264054,2266203,1,1,15104,15104.0,15104.0,15104,15104,0.0,"void at::native::<unnamed>::CatArrayBatchedCopy_alignedK_contig<at::native::<unnamed>::OpaqueType<(unsigned int)8>, unsigned int, (int)3, (int)128, (int)1, (int)16>(T1 *, at::native::<unnamed>::CatArrInputTensorMetadata<T1, T2, T4, T5>, at::native::<unnamed>::TensorSizeStride<T2, (unsigned int)4>, int, T2)"
:stage.process:model.layers.1.self_attn.k_proj,PushPop,2264054,2266203,1,4,14976,3744.0,3744.0,3680,3808,52.3,"void at::native::vectorized_elementwise_kernel<(int)2, at::native::BUnaryFunctor<long, long, long, at::native::rshift_kernel_cuda(at::TensorIteratorBase &)::[lambda() (instance 1)]::operator ()() const::[lambda() (instance 4)]::operator ()() const::[lambda(long, long) (instance 1)]>, std::array<char *, (unsigned long)2>>(int, T2, T3)"
:stage.process:model.layers.1.self_attn.k_proj,PushPop,2264054,2266203,1,4,14208,3552.0,3552.0,3488,3616,58.4,"void at::native::vectorized_elementwise_kernel<(int)2, at::native::BUnaryFunctor<long, long, long, at::native::remainder_kernel_cuda(at::TensorIteratorBase &)::[lambda() (instance 1)]::operator ()() const::[lambda() (instance 4)]::operator ()() const::[lambda(long, long) (instance 1)]>, std::array<char *, (unsigned long)2>>(int, T2, T3)"
:stage.process:model.layers.1.self_attn.k_proj,PushPop,2264054,2266203,1,3,13728,4576.0,4064.0,4032,5632,914.7,"void at::native::vectorized_elementwise_kernel<(int)2, at::native::BinaryFunctor<long, long, long, at::native::BitwiseXorFunctor<long>>, std::array<char *, (unsigned long)3>>(int, T2, T3)"
:stage.process:model.layers.1.self_attn.k_proj,PushPop,2264054,2266203,1,8,12096,1512.0,1520.0,1408,1568,53.4,"void at::native::unrolled_elementwise_kernel<at::native::AUnaryFunctor<long, long, long, at::native::BitwiseAndFunctor<long>>, std::array<char *, (unsigned long)2>, (int)4, TrivialOffsetCalculator<(int)1, unsigned int>, TrivialOffsetCalculator<(int)1, unsigned int>, at::native::memory::LoadWithoutCast, at::native::memory::StoreWithoutCast>(int, T1, T2, T4, T5, T6, T7)"
:stage.process:model.layers.1.self_attn.k_proj,PushPop,2264054,2266203,1,6,12032,2005.3,1664.0,1664,3680,820.5,"void at::native::vectorized_elementwise_kernel<(int)2, at::native::AUnaryFunctor<long, long, long, at::native::binary_internal::MulFunctor<long>>, std::array<char *, (unsigned long)2>>(int, T2, T3)"
:stage.process:model.layers.1.self_attn.k_proj,PushPop,2264054,2266203,1,3,11968,3989.3,4064.0,3584,4320,373.6,"void at::native::unrolled_elementwise_kernel<at::native::direct_copy_kernel_cuda(at::TensorIteratorBase &)::[lambda() (instance 3)]::operator ()() const::[lambda() (instance 3)]::operator ()() const::[lambda(int) (instance 1)], std::array<char *, (unsigned long)2>, (int)4, TrivialOffsetCalculator<(int)1, unsigned int>, TrivialOffsetCalculator<(int)1, unsigned int>, at::native::memory::LoadWithCast<(int)1>, at::native::memory::StoreWithCast<(int)1>>(int, T1, T2, T4, T5, T6, T7)"
:stage.process:model.layers.1.self_attn.k_proj,PushPop,2264054,2266203,1,6,10976,1829.3,1824.0,1824,1856,13.1,"void at::native::vectorized_elementwise_kernel<(int)4, at::native::FillFunctor<unsigned char>, std::array<char *, (unsigned long)1>>(int, T2, T3)"
:stage.process:model.layers.1.self_attn.k_proj,PushPop,2264054,2266203,1,3,10688,3562.7,3552.0,3456,3680,112.4,"void at::native::elementwise_kernel<(int)128, (int)2, void at::native::gpu_kernel_impl_nocast<at::native::direct_copy_kernel_cuda(at::TensorIteratorBase &)::[lambda() (instance 3)]::operator ()() const::[lambda() (instance 3)]::operator ()() const::[lambda(int) (instance 1)]>(at::TensorIteratorBase &, const T1 &)::[lambda(int) (instance 1)]>(int, T3)"
:stage.process:model.layers.1.self_attn.k_proj,PushPop,2264054,2266203,1,5,10368,2073.6,1664.0,1632,3776,951.8,"void at::native::vectorized_elementwise_kernel<(int)2, at::native::CUDAFunctorOnSelf_add<long>, std::array<char *, (unsigned long)2>>(int, T2, T3)"
:stage.process:model.layers.1.self_attn.k_proj,PushPop,2264054,2266203,1,3,9856,3285.3,3360.0,3136,3360,129.3,"void at::native::unrolled_elementwise_kernel<at::native::direct_copy_kernel_cuda(at::TensorIteratorBase &)::[lambda() (instance 3)]::operator ()() const::[lambda() (instance 1)]::operator ()() const::[lambda(unsigned char) (instance 1)], std::array<char *, (unsigned long)2>, (int)4, TrivialOffsetCalculator<(int)1, unsigned int>, TrivialOffsetCalculator<(int)1, unsigned int>, at::native::memory::LoadWithCast<(int)1>, at::native::memory::StoreWithCast<(int)1>>(int, T1, T2, T4, T5, T6, T7)"
:stage.process:model.layers.1.self_attn.k_proj,PushPop,2264054,2266203,1,2,8448,4224.0,4224.0,4128,4320,135.8,"void at::native::vectorized_elementwise_kernel<(int)2, at::native::BinaryFunctor<long, long, long, at::native::BitwiseOrFunctor<long>>, std::array<char *, (unsigned long)3>>(int, T2, T3)"
:stage.process:model.layers.1.self_attn.k_proj,PushPop,2264054,2266203,1,1,7808,7808.0,7808.0,7808,7808,0.0,"void at::native::reduce_kernel<(int)128, (int)4, at::native::ReduceOp<long, at::native::func_wrapper_t<long, at::native::sum_functor<long, long, long>::operator ()(at::TensorIterator &)::[lambda(long, long) (instance 1)]>, unsigned int, long, (int)4, (int)4>>(T3)"
:stage.process:model.layers.1.self_attn.k_proj,PushPop,2264054,2266203,1,2,7648,3824.0,3824.0,3808,3840,22.6,"void at::native::vectorized_elementwise_kernel<(int)2, at::native::BUnaryFunctor<long, long, long, at::native::lshift_kernel_cuda(at::TensorIteratorBase &)::[lambda() (instance 1)]::operator ()() const::[lambda() (instance 4)]::operator ()() const::[lambda(long, long) (instance 1)]>, std::array<char *, (unsigned long)2>>(int, T2, T3)"
:stage.process:model.layers.1.self_attn.k_proj,PushPop,2264054,2266203,1,3,7488,2496.0,2528.0,2400,2560,84.7,"void at::native::vectorized_elementwise_kernel<(int)4, at::native::AUnaryFunctor<unsigned char, unsigned char, bool, at::native::<unnamed>::CompareEqFunctor<unsigned char>>, std::array<char *, (unsigned long)2>>(int, T2, T3)"
:stage.process:model.layers.1.self_attn.k_proj,PushPop,2264054,2266203,1,2,7456,3728.0,3728.0,3680,3776,67.9,"void at::native::vectorized_elementwise_kernel<(int)2, at::native::BUnaryFunctor<long, long, long, at::native::binary_internal::div_floor_kernel_cuda(at::TensorIteratorBase &)::[lambda() (instance 1)]::operator ()() const::[lambda() (instance 4)]::operator ()() const::[lambda(long, long) (instance 1)]>, std::array<char *, (unsigned long)2>>(int, T2, T3)"
:stage.process:model.layers.1.self_attn.k_proj,PushPop,2264054,2266203,1,4,7168,1792.0,1776.0,1760,1856,45.3,"void at::native::vectorized_elementwise_kernel<(int)4, void at::native::compare_scalar_kernel<c10::Half>(at::TensorIteratorBase &, at::native::<unnamed>::OpType, T1)::[lambda(c10::Half) (instance 1)], std::array<char *, (unsigned long)2>>(int, T2, T3)"
:stage.process:model.layers.1.self_attn.k_proj,PushPop,2264054,2266203,1,2,6528,3264.0,3264.0,3168,3360,135.8,"void at::native::elementwise_kernel<(int)128, (int)2, void at::native::gpu_kernel_impl_nocast<at::native::AbsFunctor<float>>(at::TensorIteratorBase &, const T1 &)::[lambda(int) (instance 1)]>(int, T3)"
:stage.process:model.layers.1.self_attn.k_proj,PushPop,2264054,2266203,1,4,6432,1608.0,1632.0,1408,1760,148.7,"void at::native::vectorized_elementwise_kernel<(int)4, at::native::FillFunctor<bool>, std::array<char *, (unsigned long)1>>(int, T2, T3)"
:stage.process:model.layers.1.self_attn.k_proj,PushPop,2264054,2266203,1,2,6368,3184.0,3184.0,3168,3200,22.6,"void at::native::elementwise_kernel<(int)128, (int)2, void at::native::gpu_kernel_impl_nocast<at::native::CUDAFunctor_add<long>>(at::TensorIteratorBase &, const T1 &)::[lambda(int) (instance 1)]>(int, T3)"
:stage.process:model.layers.1.self_attn.k_proj,PushPop,2264054,2266203,1,1,6080,6080.0,6080.0,6080,6080,0.0,"void at::native::elementwise_kernel<(int)128, (int)2, void at::native::gpu_kernel_impl_nocast<at::native::BinaryFunctor<float, float, float, at::native::binary_internal::DivFunctor<float>>>(at::TensorIteratorBase &, const T1 &)::[lambda(int) (instance 1)]>(int, T3)"
:stage.process:model.layers.1.self_attn.k_proj,PushPop,2264054,2266203,1,1,5952,5952.0,5952.0,5952,5952,0.0,"void at::native::vectorized_elementwise_kernel<(int)4, void at::native::<unnamed>::pow_tensor_scalar_kernel_impl<float, float>(at::TensorIteratorBase &, T2)::[lambda(float) (instance 1)], std::array<char *, (unsigned long)2>>(int, T2, T3)"
:stage.process:model.layers.1.self_attn.k_proj,PushPop,2264054,2266203,1,3,5440,1813.3,1760.0,1696,1984,151.2,"void at::native::vectorized_elementwise_kernel<(int)4, at::native::BinaryFunctor<float, float, float, at::native::maximum_kernel_cuda(at::TensorIteratorBase &)::[lambda() (instance 2)]::operator ()() const::[lambda() (instance 2)]::operator ()() const::[lambda(float, float) (instance 1)]>, std::array<char *, (unsigned long)3>>(int, T2, T3)"
:stage.process:model.layers.1.self_attn.k_proj,PushPop,2264054,2266203,1,3,4992,1664.0,1632.0,1408,1952,273.4,"xxtrf4_set_info_ker(int, int *)"
:stage.process:model.layers.1.self_attn.k_proj,PushPop,2264054,2266203,1,2,4736,2368.0,2368.0,2368,2368,0.0,"void at::native::vectorized_elementwise_kernel<(int)2, at::native::CUDAFunctorOnOther_add<long>, std::array<char *, (unsigned long)2>>(int, T2, T3)"
:stage.process:model.layers.1.self_attn.k_proj,PushPop,2264054,2266203,1,1,4576,4576.0,4576.0,4576,4576,0.0,"void at::native::vectorized_elementwise_kernel<(int)4, at::native::float16_copy_kernel_cuda(at::TensorIteratorBase &)::[lambda(float) (instance 1)], std::array<char *, (unsigned long)2>>(int, T2, T3)"
:stage.process:model.layers.1.self_attn.k_proj,PushPop,2264054,2266203,1,1,4128,4128.0,4128.0,4128,4128,0.0,"void at::native::<unnamed>::CatArrayBatchedCopy_vectorized<at::native::<unnamed>::OpaqueType<(unsigned int)2>, unsigned int, (int)1, (int)128, (int)1, (int)16, (int)8>(char *, at::native::<unnamed>::CatArrInputTensorMetadata<T1, T2, T4, T5>, at::native::<unnamed>::TensorSizeStride<T2, (unsigned int)4>, int, T2)"
:stage.process:model.layers.1.self_attn.k_proj,PushPop,2264054,2266203,1,1,2592,2592.0,2592.0,2592,2592,0.0,"void at::native::vectorized_elementwise_kernel<(int)4, at::native::BinaryFunctor<unsigned char, unsigned char, bool, at::native::<unnamed>::CompareEqFunctor<unsigned char>>, std::array<char *, (unsigned long)3>>(int, T2, T3)"
:stage.process:model.layers.1.self_attn.k_proj,PushPop,2264054,2266203,1,1,2560,2560.0,2560.0,2560,2560,0.0,"void at::native::vectorized_elementwise_kernel<(int)4, at::native::AUnaryFunctor<unsigned char, unsigned char, unsigned char, at::native::binary_internal::MulFunctor<unsigned char>>, std::array<char *, (unsigned long)2>>(int, T2, T3)"
:stage.process:model.layers.1.self_attn.k_proj,PushPop,2264054,2266203,1,1,2336,2336.0,2336.0,2336,2336,0.0,"void at::native::unrolled_elementwise_kernel<at::native::direct_copy_kernel_cuda(at::TensorIteratorBase &)::[lambda() (instance 3)]::operator ()() const::[lambda() (instance 11)]::operator ()() const::[lambda(bool) (instance 1)], std::array<char *, (unsigned long)2>, (int)4, TrivialOffsetCalculator<(int)1, unsigned int>, TrivialOffsetCalculator<(int)1, unsigned int>, at::native::memory::LoadWithCast<(int)1>, at::native::memory::StoreWithCast<(int)1>>(int, T1, T2, T4, T5, T6, T7)"
:stage.process:model.layers.1.self_attn.k_proj,PushPop,2264054,2266203,1,1,2080,2080.0,2080.0,2080,2080,0.0,"void at::native::unrolled_elementwise_kernel<at::native::<unnamed>::CompareFunctor<c10::Half>, std::array<char *, (unsigned long)3>, (int)4, TrivialOffsetCalculator<(int)2, unsigned int>, TrivialOffsetCalculator<(int)1, unsigned int>, at::native::memory::LoadWithoutCast, at::native::memory::StoreWithoutCast>(int, T1, T2, T4, T5, T6, T7)"
:stage.process:model.layers.1.self_attn.k_proj,PushPop,2264054,2266203,1,1,1952,1952.0,1952.0,1952,1952,0.0,"void at::native::vectorized_elementwise_kernel<(int)4, at::native::sqrt_kernel_cuda(at::TensorIteratorBase &)::[lambda() (instance 2)]::operator ()() const::[lambda() (instance 2)]::operator ()() const::[lambda(float) (instance 1)], std::array<char *, (unsigned long)2>>(int, T2, T3)"
:stage.process:model.layers.1.self_attn.k_proj,PushPop,2264054,2266203,1,1,1760,1760.0,1760.0,1760,1760,0.0,"void at::native::vectorized_elementwise_kernel<(int)4, at::native::<unnamed>::launch_clamp_scalar(at::TensorIteratorBase &, c10::Scalar, c10::Scalar, at::native::detail::ClampLimits)::[lambda() (instance 1)]::operator ()() const::[lambda() (instance 7)]::operator ()() const::[lambda(float) (instance 1)], std::array<char *, (unsigned long)2>>(int, T2, T3)"
:stage.process:model.layers.1.self_attn.o_proj,PushPop,2264054,2266203,1,14288,5140526005,359779.3,282401.0,132064,1185925,323191.8,"void <unnamed>::qvq_v2_segment_grid_kernel<(int)4, (int)2, (int)16, (bool)1, (bool)0, __half, unsigned char>(const float *, const T6 *, const float *, const long *, const float *, const float *, float *, T7 *, unsigned char *, int, int, int, bool, bool)"
:stage.process:model.layers.1.self_attn.o_proj,PushPop,2264054,2266203,1,766,1442681420,1883396.1,1448325.0,1355621,2877642,648353.1,"void <unnamed>::qvq_viterbi_kernel<(int)4, (int)2, __half, unsigned char>(const float *, const T3 *, const float *, const long *, const float *, T4 *, long *, float *, int, int, int, bool, bool, bool)"
:stage.process:model.layers.1.self_attn.o_proj,PushPop,2264054,2266203,1,694,413257306,595471.6,587810.5,307618,894403,173395.0,ampere_sgemm_64x32_sliced1x4_nt
:stage.process:model.layers.1.self_attn.o_proj,PushPop,2264054,2266203,1,1786,218940214,122586.9,96304.5,66240,307745,73051.7,"void <unnamed>::qvq_v2_segment_grid_finalize_kernel<(int)4, (int)2, (int)16, (bool)0, __half, unsigned char>(const float *, const T5 *, const float *, const long *, const float *, const float *, const T6 *, const unsigned char *, long *, unsigned char *, float *, int, int, bool, bool)"
:stage.process:model.layers.1.self_attn.o_proj,PushPop,2264054,2266203,1,4080,73027260,17898.8,8448.0,4608,52320,13808.2,"void at::native::index_elementwise_kernel<(int)128, (int)4, void at::native::gpu_index_kernel<void at::native::index_kernel_impl<at::native::OpaqueType<(int)4>>(at::TensorIteratorBase &, c10::ArrayRef<long>, c10::ArrayRef<long>)::[lambda(char *, const char *, long) (instance 1)]>(at::TensorIteratorBase &, c10::ArrayRef<long>, c10::ArrayRef<long>, const T1 &, bool)::[lambda(int) (instance 1)]>(long, T3)"
:stage.process:model.layers.1.self_attn.o_proj,PushPop,2264054,2266203,1,288,51340758,178266.5,178192.5,58944,298593,70453.0,void cutlass::Kernel2<cutlass_80_simt_sgemm_128x32_8x5_nt_align1>(T1::Params)
:stage.process:model.layers.1.self_attn.o_proj,PushPop,2264054,2266203,1,996,30536364,30659.0,30432.0,4352,61888,16301.3,"void gemmSN_NN_kernel<float, (int)128, (int)2, (int)4, (int)8, (int)4, (int)4, (bool)0, cublasGemvTensorStridedBatched<const float>, cublasGemvTensorStridedBatched<const float>, cublasGemvTensorStridedBatched<float>>(cublasGemmSmallNParams<T9, T10, T11, T1>)"
:stage.process:model.layers.1.self_attn.o_proj,PushPop,2264054,2266203,1,50,20951597,419031.9,20848.0,15712,896932,421606.5,ampere_sgemm_128x32_nn
:stage.process:model.layers.1.self_attn.o_proj,PushPop,2264054,2266203,1,2964,19324868,6519.9,7360.0,2528,11745,1814.2,"void at::native::reduce_kernel<(int)512, (int)1, at::native::ReduceOp<bool, at::native::func_wrapper_t<bool, at::native::and_kernel_cuda(at::TensorIterator &)::[lambda() (instance 1)]::operator ()() const::[lambda() (instance 12)]::operator ()() const::[lambda(bool, bool) (instance 1)]>, unsigned int, bool, (int)4, (int)4>>(T3)"
:stage.process:model.layers.1.self_attn.o_proj,PushPop,2264054,2266203,1,2040,13601387,6667.3,6720.0,3552,7520,375.8,"void at::native::index_elementwise_kernel<(int)128, (int)4, void at::native::gpu_index_kernel<void at::native::index_put_kernel_impl<at::native::OpaqueType<(int)4>>(at::TensorIterator &, c10::ArrayRef<long>, c10::ArrayRef<long>)::[lambda(char *, const char *, long) (instance 1)]>(at::TensorIteratorBase &, c10::ArrayRef<long>, c10::ArrayRef<long>, const T1 &, bool)::[lambda(int) (instance 1)]>(long, T3)"
:stage.process:model.layers.1.self_attn.o_proj,PushPop,2264054,2266203,1,1405,13557812,9649.7,9728.0,4480,34464,1625.5,"void at::native::index_elementwise_kernel<(int)128, (int)4, void at::native::gpu_index_kernel<void at::native::index_kernel_impl<at::native::OpaqueType<(int)2>>(at::TensorIteratorBase &, c10::ArrayRef<long>, c10::ArrayRef<long>)::[lambda(char *, const char *, long) (instance 1)]>(at::TensorIteratorBase &, c10::ArrayRef<long>, c10::ArrayRef<long>, const T1 &, bool)::[lambda(int) (instance 1)]>(long, T3)"
:stage.process:model.layers.1.self_attn.o_proj,PushPop,2264054,2266203,1,1788,11730472,6560.7,7200.0,3200,8672,1328.4,"void at::native::reduce_kernel<(int)512, (int)1, at::native::ReduceOp<float, at::native::func_wrapper_t<float, at::native::MaxNanFunctor<float>>, unsigned int, float, (int)4, (int)4>>(T3)"
:stage.process:model.layers.1.self_attn.o_proj,PushPop,2264054,2266203,1,2241,8805579,3929.3,3232.0,2144,55232,4837.4,"void at::native::elementwise_kernel<(int)128, (int)2, void at::native::gpu_kernel_impl_nocast<at::native::direct_copy_kernel_cuda(at::TensorIteratorBase &)::[lambda() (instance 3)]::operator ()() const::[lambda() (instance 7)]::operator ()() const::[lambda(float) (instance 1)]>(at::TensorIteratorBase &, const T1 &)::[lambda(int) (instance 1)]>(int, T3)"
:stage.process:model.layers.1.self_attn.o_proj,PushPop,2264054,2266203,1,3611,7826371,2167.4,2080.0,1440,18304,822.5,"void at::native::vectorized_elementwise_kernel<(int)4, at::native::AbsFunctor<float>, std::array<char *, (unsigned long)2>>(int, T2, T3)"
:stage.process:model.layers.1.self_attn.o_proj,PushPop,2264054,2266203,1,2552,7487062,2933.8,2880.0,2176,5056,572.9,"<unnamed>::qvq_half2_codebook_norm_pack_kernel(const __half *, unsigned long *, int)"
:stage.process:model.layers.1.self_attn.o_proj,PushPop,2264054,2266203,1,1020,7141023,7001.0,7072.0,3584,7584,502.2,"void at::native::index_elementwise_kernel<(int)128, (int)4, void at::native::gpu_index_kernel<void at::native::index_put_kernel_impl<at::native::OpaqueType<(int)8>>(at::TensorIterator &, c10::ArrayRef<long>, c10::ArrayRef<long>)::[lambda(char *, const char *, long) (instance 1)]>(at::TensorIteratorBase &, c10::ArrayRef<long>, c10::ArrayRef<long>, const T1 &, bool)::[lambda(int) (instance 1)]>(long, T3)"
:stage.process:model.layers.1.self_attn.o_proj,PushPop,2264054,2266203,1,772,6388476,8275.2,8288.0,8000,8608,120.3,"void at::native::reduce_kernel<(int)512, (int)1, at::native::ReduceOp<c10::Half, at::native::func_wrapper_t<c10::Half, at::native::MaxNanFunctor<c10::Half>>, unsigned int, c10::Half, (int)4, (int)4>>(T3)"
:stage.process:model.layers.1.self_attn.o_proj,PushPop,2264054,2266203,1,2593,5613436,2164.8,2144.0,1504,6816,322.9,"void at::native::vectorized_elementwise_kernel<(int)4, at::native::BinaryFunctor<bool, bool, bool, at::native::binary_internal::MulFunctor<bool>>, std::array<char *, (unsigned long)3>>(int, T2, T3)"
:stage.process:model.layers.1.self_attn.o_proj,PushPop,2264054,2266203,1,177,5542104,31311.3,26880.0,3872,72768,22648.9,"void gemmSN_NN_kernel<float, (int)256, (int)4, (int)2, (int)8, (int)4, (int)4, (bool)0, cublasGemvTensorStridedBatched<const float>, cublasGemvTensorStridedBatched<const float>, cublasGemvTensorStridedBatched<float>>(cublasGemmSmallNParams<T9, T10, T11, T1>)"
:stage.process:model.layers.1.self_attn.o_proj,PushPop,2264054,2266203,1,1285,5242575,4079.8,4032.0,2656,19424,637.1,"void at::native::unrolled_elementwise_kernel<at::native::direct_copy_kernel_cuda(at::TensorIteratorBase &)::[lambda() (instance 3)]::operator ()() const::[lambda() (instance 7)]::operator ()() const::[lambda(float) (instance 1)], std::array<char *, (unsigned long)2>, (int)4, TrivialOffsetCalculator<(int)1, unsigned int>, TrivialOffsetCalculator<(int)1, unsigned int>, at::native::memory::LoadWithCast<(int)1>, at::native::memory::StoreWithCast<(int)1>>(int, T1, T2, T4, T5, T6, T7)"
:stage.process:model.layers.1.self_attn.o_proj,PushPop,2264054,2266203,1,765,4764504,6228.1,6656.0,3328,8096,1233.1,"void at::native::index_elementwise_kernel<(int)128, (int)4, void at::native::gpu_index_kernel<void at::native::index_put_kernel_impl<at::native::OpaqueType<(int)1>>(at::TensorIterator &, c10::ArrayRef<long>, c10::ArrayRef<long>)::[lambda(char *, const char *, long) (instance 1)]>(at::TensorIteratorBase &, c10::ArrayRef<long>, c10::ArrayRef<long>, const T1 &, bool)::[lambda(int) (instance 1)]>(long, T3)"
:stage.process:model.layers.1.self_attn.o_proj,PushPop,2264054,2266203,1,5,4692786,938557.2,924900.0,922531,995492,31851.1,ampere_sgemm_128x32_tn
:stage.process:model.layers.1.self_attn.o_proj,PushPop,2264054,2266203,1,1824,4011885,2199.5,2112.0,1504,17152,945.9,"void at::native::vectorized_elementwise_kernel<(int)4, at::native::BinaryFunctor<float, float, bool, at::native::<unnamed>::CompareEqFunctor<float>>, std::array<char *, (unsigned long)3>>(int, T2, T3)"
:stage.process:model.layers.1.self_attn.o_proj,PushPop,2264054,2266203,1,1823,3894125,2136.1,2080.0,1504,6560,357.0,"void at::native::vectorized_elementwise_kernel<(int)4, at::native::AUnaryFunctor<float, float, bool, at::native::<unnamed>::CompareEqFunctor<float>>, std::array<char *, (unsigned long)2>>(int, T2, T3)"
:stage.process:model.layers.1.self_attn.o_proj,PushPop,2264054,2266203,1,2044,3886736,1901.5,1888.0,1536,2336,127.6,"void at::native::vectorized_elementwise_kernel<(int)4, at::native::BinaryFunctor<bool, bool, bool, at::native::logical_or_kernel_cuda(at::TensorIterator &)::[lambda() (instance 2)]::operator ()() const::[lambda() (instance 9)]::operator ()() const::[lambda(bool, bool) (instance 1)]>, std::array<char *, (unsigned long)3>>(int, T2, T3)"
:stage.process:model.layers.1.self_attn.o_proj,PushPop,2264054,2266203,1,1150,3761261,3270.7,3232.0,1888,24288,668.9,"void at::native::elementwise_kernel<(int)128, (int)2, void at::native::gpu_kernel_impl_nocast<at::native::direct_copy_kernel_cuda(at::TensorIteratorBase &)::[lambda() (instance 3)]::operator ()() const::[lambda() (instance 4)]::operator ()() const::[lambda(long) (instance 1)]>(at::TensorIteratorBase &, const T1 &)::[lambda(int) (instance 1)]>(int, T3)"
:stage.process:model.layers.1.self_attn.o_proj,PushPop,2264054,2266203,1,1542,3410513,2211.7,2144.0,1664,2976,179.6,"void at::native::vectorized_elementwise_kernel<(int)4, at::native::AbsFunctor<c10::Half>, std::array<char *, (unsigned long)2>>(int, T2, T3)"
:stage.process:model.layers.1.self_attn.o_proj,PushPop,2264054,2266203,1,1276,3300078,2586.3,2528.0,1856,3488,251.1,"void at::native::roll_cuda_kernel<float>(const T1 *, T1 *, long, long, long, long, long, long)"
:stage.process:model.layers.1.self_attn.o_proj,PushPop,2264054,2266203,1,429,3278889,7643.1,4480.0,3168,47264,4803.4,"void at::native::elementwise_kernel<(int)128, (int)2, void at::native::gpu_kernel_impl_nocast<at::native::CUDAFunctor_add<float>>(at::TensorIteratorBase &, const T1 &)::[lambda(int) (instance 1)]>(int, T3)"
:stage.process:model.layers.1.self_attn.o_proj,PushPop,2264054,2266203,1,1268,3215147,2535.6,2432.0,1824,3520,387.0,"void at::native::elementwise_kernel<(int)128, (int)2, void at::native::gpu_kernel_impl_nocast<at::native::AUnaryFunctor<long, long, long, at::native::BitwiseAndFunctor<long>>>(at::TensorIteratorBase &, const T1 &)::[lambda(int) (instance 1)]>(int, T3)"
:stage.process:model.layers.1.self_attn.o_proj,PushPop,2264054,2266203,1,1176,3199751,2720.9,2272.0,1600,27424,2977.7,"void at::native::vectorized_elementwise_kernel<(int)4, at::native::CUDAFunctor_add<float>, std::array<char *, (unsigned long)3>>(int, T2, T3)"
:stage.process:model.layers.1.self_attn.o_proj,PushPop,2264054,2266203,1,378,3093708,8184.4,8224.0,7872,8384,90.2,"void batch_trsm_left_kernel<float, (int)64, (int)4, (int)3, (bool)0, (bool)0, (bool)1>(cublasTrsmBatchParams2<T1>, T1, const T1 *, int)"
:stage.process:model.layers.1.self_attn.o_proj,PushPop,2264054,2266203,1,3,2777225,925741.7,926019.0,923235,927971,2380.1,"void kernel<getrf_wo_pivot_params_<float, (int)0, (int)256, (int)1, (int)64, (int)64, (int)68, (int)8, (int)1, (int)1>>(int, int, void *, int, void *, int, int, int, int, int, int *)"
:stage.process:model.layers.1.self_attn.o_proj,PushPop,2264054,2266203,1,901,2680208,2974.7,3008.0,1760,11488,644.4,"void at::native::unrolled_elementwise_kernel<at::native::direct_copy_kernel_cuda(at::TensorIteratorBase &)::[lambda() (instance 3)]::operator ()() const::[lambda() (instance 4)]::operator ()() const::[lambda(long) (instance 1)], std::array<char *, (unsigned long)2>, (int)4, TrivialOffsetCalculator<(int)1, unsigned int>, TrivialOffsetCalculator<(int)1, unsigned int>, at::native::memory::LoadWithCast<(int)1>, at::native::memory::StoreWithCast<(int)1>>(int, T1, T2, T4, T5, T6, T7)"
:stage.process:model.layers.1.self_attn.o_proj,PushPop,2264054,2266203,1,1534,2611241,1702.2,1696.0,1536,2272,114.1,"void at::native::vectorized_elementwise_kernel<(int)4, void at::native::compare_scalar_kernel<float>(at::TensorIteratorBase &, at::native::<unnamed>::OpType, T1)::[lambda(float) (instance 1)], std::array<char *, (unsigned long)2>>(int, T2, T3)"
:stage.process:model.layers.1.self_attn.o_proj,PushPop,2264054,2266203,1,400,2333737,5834.3,4032.0,4000,56032,8906.7,ampere_sgemm_32x128_nt
:stage.process:model.layers.1.self_attn.o_proj,PushPop,2264054,2266203,1,1020,2041607,2001.6,2016.0,1632,2432,128.9,"void at::native::vectorized_elementwise_kernel<(int)4, at::native::bitwise_not_kernel_cuda(at::TensorIteratorBase &)::[lambda(bool) (instance 1)], std::array<char *, (unsigned long)2>>(int, T2, T3)"
:stage.process:model.layers.1.self_attn.o_proj,PushPop,2264054,2266203,1,770,1744936,2266.2,2240.0,1792,2368,41.4,"void at::native::vectorized_elementwise_kernel<(int)4, at::native::BinaryFunctor<c10::Half, c10::Half, bool, at::native::<unnamed>::CompareEqFunctor<c10::Half>>, std::array<char *, (unsigned long)3>>(int, T2, T3)"
:stage.process:model.layers.1.self_attn.o_proj,PushPop,2264054,2266203,1,770,1724517,2239.6,2240.0,1760,2336,39.6,"void at::native::vectorized_elementwise_kernel<(int)4, at::native::AUnaryFunctor<c10::Half, c10::Half, bool, at::native::<unnamed>::CompareEqFunctor<c10::Half>>, std::array<char *, (unsigned long)2>>(int, T2, T3)"
:stage.process:model.layers.1.self_attn.o_proj,PushPop,2264054,2266203,1,1022,1491332,1459.2,1440.0,1312,7104,252.9,"void at::native::vectorized_elementwise_kernel<(int)2, at::native::FillFunctor<long>, std::array<char *, (unsigned long)1>>(int, T2, T3)"
:stage.process:model.layers.1.self_attn.o_proj,PushPop,2264054,2266203,1,782,1398281,1788.1,1728.0,1600,12000,551.1,"void at::native::vectorized_elementwise_kernel<(int)4, void at::native::compare_scalar_kernel<long>(at::TensorIteratorBase &, at::native::<unnamed>::OpType, T1)::[lambda(long) (instance 1)], std::array<char *, (unsigned long)2>>(int, T2, T3)"
:stage.process:model.layers.1.self_attn.o_proj,PushPop,2264054,2266203,1,512,1310502,2559.6,2528.0,2336,2816,124.6,"void at::native::unrolled_elementwise_kernel<at::native::BinaryFunctor<float, float, float, at::native::maximum_kernel_cuda(at::TensorIteratorBase &)::[lambda() (instance 2)]::operator ()() const::[lambda() (instance 2)]::operator ()() const::[lambda(float, float) (instance 1)]>, std::array<char *, (unsigned long)3>, (int)4, TrivialOffsetCalculator<(int)2, unsigned int>, TrivialOffsetCalculator<(int)1, unsigned int>, at::native::memory::LoadWithCast<(int)2>, at::native::memory::StoreWithCast<(int)1>>(int, T1, T2, T4, T5, T6, T7)"
:stage.process:model.layers.1.self_attn.o_proj,PushPop,2264054,2266203,1,256,1079523,4216.9,4080.0,3904,4640,279.1,"void at::native::elementwise_kernel<(int)128, (int)4, void at::native::gpu_kernel_impl_nocast<at::native::direct_copy_kernel_cuda(at::TensorIteratorBase &)::[lambda() (instance 3)]::operator ()() const::[lambda() (instance 10)]::operator ()() const::[lambda(c10::Half) (instance 1)]>(at::TensorIteratorBase &, const T1 &)::[lambda(int) (instance 1)]>(int, T3)"
:stage.process:model.layers.1.self_attn.o_proj,PushPop,2264054,2266203,1,779,1060834,1361.8,1376.0,1248,2080,74.2,"void <unnamed>::elementwise_kernel_with_index<int, at::native::arange_cuda_out(const c10::Scalar &, const c10::Scalar &, const c10::Scalar &, at::Tensor &)::[lambda() (instance 1)]::operator ()() const::[lambda() (instance 4)]::operator ()() const::[lambda(long) (instance 1)]>(T1, T2, function_traits<T2>::result_type *)"
:stage.process:model.layers.1.self_attn.o_proj,PushPop,2264054,2266203,1,32,955971,29874.1,29792.5,19552,40385,7023.5,ampere_sgemm_128x32_nt
:stage.process:model.layers.1.self_attn.o_proj,PushPop,2264054,2266203,1,263,930948,3539.7,3392.0,3104,9888,903.3,"void at::native::reduce_kernel<(int)512, (int)1, at::native::ReduceOp<bool, at::native::func_wrapper_t<bool, at::native::or_kernel_cuda(at::TensorIterator &)::[lambda() (instance 1)]::operator ()() const::[lambda() (instance 12)]::operator ()() const::[lambda(bool, bool) (instance 1)]>, unsigned int, bool, (int)4, (int)4>>(T3)"
:stage.process:model.layers.1.self_attn.o_proj,PushPop,2264054,2266203,1,43,853826,19856.4,19649.0,17600,22752,1550.0,ampere_sgemm_128x32_sliced1x4_nn
:stage.process:model.layers.1.self_attn.o_proj,PushPop,2264054,2266203,1,128,705027,5508.0,5504.0,5248,5984,140.4,"void at::native::unrolled_elementwise_kernel<at::native::CUDAFunctor_add<float>, std::array<char *, (unsigned long)3>, (int)4, TrivialOffsetCalculator<(int)2, unsigned int>, TrivialOffsetCalculator<(int)1, unsigned int>, at::native::memory::LoadWithCast<(int)2>, at::native::memory::StoreWithCast<(int)1>>(int, T1, T2, T4, T5, T6, T7)"
:stage.process:model.layers.1.self_attn.o_proj,PushPop,2264054,2266203,1,3,665666,221888.7,330081.0,5504,330081,187394.6,"void at::native::reduce_kernel<(int)512, (int)1, at::native::ReduceOp<long, at::native::func_wrapper_t<long, at::native::sum_functor<long, long, long>::operator ()(at::TensorIterator &)::[lambda(long, long) (instance 1)]>, unsigned int, long, (int)4, (int)4>>(T3)"
:stage.process:model.layers.1.self_attn.o_proj,PushPop,2264054,2266203,1,11,588098,53463.5,10656.0,3232,257121,100567.0,"void at::native::vectorized_elementwise_kernel<(int)2, at::native::AUnaryFunctor<long, long, long, at::native::BitwiseAndFunctor<long>>, std::array<char *, (unsigned long)2>>(int, T2, T3)"
:stage.process:model.layers.1.self_attn.o_proj,PushPop,2264054,2266203,1,4,560931,140232.8,141873.0,3744,273441,152748.4,"void at::native::elementwise_kernel<(int)128, (int)2, void at::native::gpu_kernel_impl_nocast<at::native::BinaryFunctor<long, long, long, at::native::lshift_kernel_cuda(at::TensorIteratorBase &)::[lambda() (instance 1)]::operator ()() const::[lambda() (instance 4)]::operator ()() const::[lambda(long, long) (instance 1)]>>(at::TensorIteratorBase &, const T1 &)::[lambda(int) (instance 1)]>(int, T3)"
:stage.process:model.layers.1.self_attn.o_proj,PushPop,2264054,2266203,1,4,538370,134592.5,134224.5,11360,258561,142279.5,"void at::native::elementwise_kernel<(int)128, (int)2, void at::native::gpu_kernel_impl_nocast<at::native::BinaryFunctor<long, long, long, at::native::rshift_kernel_cuda(at::TensorIteratorBase &)::[lambda() (instance 1)]::operator ()() const::[lambda() (instance 4)]::operator ()() const::[lambda(long, long) (instance 1)]>>(at::TensorIteratorBase &, const T1 &)::[lambda(int) (instance 1)]>(int, T3)"
:stage.process:model.layers.1.self_attn.o_proj,PushPop,2264054,2266203,1,113,506144,4479.2,3360.0,2976,15840,3443.6,"void cublasLt::splitKreduce_kernel<(int)32, (int)16, int, float, float, float, float, (bool)0, float, float, float, (bool)1, (bool)0, (bool)0, (bool)0>(cublasLt::cublasSplitKParams<T6>, const T4 *, const T10 *, T9 *, T5 *, const T6 *, const T6 *, const T11 *, const T4 *, T11 *, void *, long, T6 *, int *, T6 *, T6 *, const T6 *, const T6 *, const T6 *, const T6 *, const T6 *)"
:stage.process:model.layers.1.self_attn.o_proj,PushPop,2264054,2266203,1,129,493920,3828.8,3808.0,3488,7040,290.3,"void at::native::elementwise_kernel<(int)128, (int)4, void at::native::gpu_kernel_impl_nocast<at::native::direct_copy_kernel_cuda(at::TensorIteratorBase &)::[lambda() (instance 3)]::operator ()() const::[lambda() (instance 1)]::operator ()() const::[lambda(unsigned char) (instance 1)]>(at::TensorIteratorBase &, const T1 &)::[lambda(int) (instance 1)]>(int, T3)"
:stage.process:model.layers.1.self_attn.o_proj,PushPop,2264054,2266203,1,3,469890,156630.0,225697.0,18112,226081,119960.3,"void at::native::index_elementwise_kernel<(int)128, (int)4, void at::native::gpu_index_kernel<void at::native::index_kernel_impl<at::native::OpaqueType<(int)8>>(at::TensorIteratorBase &, c10::ArrayRef<long>, c10::ArrayRef<long>)::[lambda(char *, const char *, long) (instance 1)]>(at::TensorIteratorBase &, c10::ArrayRef<long>, c10::ArrayRef<long>, const T1 &, bool)::[lambda(int) (instance 1)]>(long, T3)"
:stage.process:model.layers.1.self_attn.o_proj,PushPop,2264054,2266203,1,263,448033,1703.5,1696.0,1600,3744,263.2,"void at::native::vectorized_elementwise_kernel<(int)4, at::native::BinaryFunctor<bool, bool, bool, at::native::BitwiseOrFunctor<bool>>, std::array<char *, (unsigned long)3>>(int, T2, T3)"
:stage.process:model.layers.1.self_attn.o_proj,PushPop,2264054,2266203,1,16,329281,20580.1,20208.0,19872,22208,771.9,"void at::native::<unnamed>::CatArrayBatchedCopy<at::native::<unnamed>::OpaqueType<(unsigned int)4>, unsigned int, (int)2, (int)64, (int)64>(T1 *, at::native::<unnamed>::CatArrInputTensorMetadata<T1, T2, T4, T5>, at::native::<unnamed>::TensorSizeStride<T2, (unsigned int)4>, int, T2)"
:stage.process:model.layers.1.self_attn.o_proj,PushPop,2264054,2266203,1,132,308608,2337.9,1760.0,1664,22272,3394.9,"void at::native::vectorized_elementwise_kernel<(int)4, at::native::BinaryFunctor<long, long, bool, at::native::<unnamed>::CompareEqFunctor<long>>, std::array<char *, (unsigned long)3>>(int, T2, T3)"
:stage.process:model.layers.1.self_attn.o_proj,PushPop,2264054,2266203,1,128,280352,2190.3,2176.0,2144,2208,16.5,"void at::native::elementwise_kernel<(int)128, (int)2, void at::native::gpu_kernel_impl_nocast<at::native::BUnaryFunctor<long, long, long, at::native::rshift_kernel_cuda(at::TensorIteratorBase &)::[lambda() (instance 1)]::operator ()() const::[lambda() (instance 4)]::operator ()() const::[lambda(long, long) (instance 1)]>>(at::TensorIteratorBase &, const T1 &)::[lambda(int) (instance 1)]>(int, T3)"
:stage.process:model.layers.1.self_attn.o_proj,PushPop,2264054,2266203,1,17,234496,13793.9,14816.0,11072,15072,1396.3,ampere_sgemm_64x32_sliced1x4_nn
:stage.process:model.layers.1.self_attn.o_proj,PushPop,2264054,2266203,1,10,215232,21523.2,21504.0,21216,21824,176.0,"std::enable_if<!T7, void>::type internal::gemvx::kernel<int, int, float, float, float, float, (bool)0, (bool)1, (bool)1, (bool)0, (int)7, (bool)0, cublasGemvParamsEx<int, cublasGemvTensorStridedBatched<const float>, cublasGemvTensorStridedBatched<const float>, cublasGemvTensorStridedBatched<float>, float>>(T13)"
:stage.process:model.layers.1.self_attn.o_proj,PushPop,2264054,2266203,1,10,203138,20313.8,18096.0,3584,48449,11068.3,"void at::native::elementwise_kernel<(int)128, (int)2, void at::native::gpu_kernel_impl_nocast<at::native::BinaryFunctor<float, float, float, at::native::binary_internal::MulFunctor<float>>>(at::TensorIteratorBase &, const T1 &)::[lambda(int) (instance 1)]>(int, T3)"
:stage.process:model.layers.1.self_attn.o_proj,PushPop,2264054,2266203,1,9,179776,19975.1,20064.0,19456,20480,317.5,"void at::native::vectorized_elementwise_kernel<(int)4, at::native::BinaryFunctor<float, float, float, at::native::binary_internal::MulFunctor<float>>, std::array<char *, (unsigned long)3>>(int, T2, T3)"
:stage.process:model.layers.1.self_attn.o_proj,PushPop,2264054,2266203,1,16,170561,10660.1,10384.0,9248,12224,941.6,void cutlass::Kernel2<cutlass_80_simt_sgemm_128x32_8x5_nn_align1>(T1::Params)
:stage.process:model.layers.1.self_attn.o_proj,PushPop,2264054,2266203,1,3,140577,46859.0,45824.0,45793,48960,1819.6,"void at::native::triu_tril_kernel<float, int, (bool)0, (int)2, (bool)1>(at::cuda::detail::TensorInfo<T1, T2>, at::cuda::detail::TensorInfo<const T1, T2>, long, long, T2)"
:stage.process:model.layers.1.self_attn.o_proj,PushPop,2264054,2266203,1,6,133024,22170.7,22160.0,16288,28096,6444.2,"void trsm_batch_left_upper_kernel_small<float, (int)16, (int)16, (int)64>(cublasTrsmBatchParams<T1>, const T1 *const *, T1 *const *, const T1 *, T1)"
:stage.process:model.layers.1.self_attn.o_proj,PushPop,2264054,2266203,1,10,120896,12089.6,11856.0,11552,14368,848.8,"void at::native::reduce_kernel<(int)512, (int)1, at::native::ReduceOp<float, at::native::func_wrapper_t<float, at::native::sum_functor<float, float, float>::operator ()(at::TensorIterator &)::[lambda(float, float) (instance 1)]>, unsigned int, float, (int)4, (int)4>>(T3)"
:stage.process:model.layers.1.self_attn.o_proj,PushPop,2264054,2266203,1,14,109600,7828.6,7264.0,1312,21856,4684.4,"void at::native::vectorized_elementwise_kernel<(int)4, at::native::FillFunctor<float>, std::array<char *, (unsigned long)1>>(int, T2, T3)"
:stage.process:model.layers.1.self_attn.o_proj,PushPop,2264054,2266203,1,9,93856,10428.4,11552.0,1632,11904,3306.3,"void at::native::vectorized_elementwise_kernel<(int)4, at::native::BUnaryFunctor<float, float, float, at::native::binary_internal::MulFunctor<float>>, std::array<char *, (unsigned long)2>>(int, T2, T3)"
:stage.process:model.layers.1.self_attn.o_proj,PushPop,2264054,2266203,1,1,77152,77152.0,77152.0,77152,77152,0.0,"void at::native::<unnamed>::CatArrayBatchedCopy_alignedK_contig<at::native::<unnamed>::OpaqueType<(unsigned int)8>, unsigned int, (int)3, (int)128, (int)1, (int)16>(T1 *, at::native::<unnamed>::CatArrInputTensorMetadata<T1, T2, T4, T5>, at::native::<unnamed>::TensorSizeStride<T2, (unsigned int)4>, int, T2)"
:stage.process:model.layers.1.self_attn.o_proj,PushPop,2264054,2266203,1,10,72608,7260.8,7264.0,3904,10880,2053.8,"void at::native::reduce_kernel<(int)512, (int)1, at::native::ReduceOp<float, at::native::MeanOps<float, float, float, float>, unsigned int, float, (int)4, (int)4>>(T3)"
:stage.process:model.layers.1.self_attn.o_proj,PushPop,2264054,2266203,1,3,54976,18325.3,17376.0,16960,20640,2015.3,"void at::native::vectorized_elementwise_kernel<(int)2, at::native::BinaryFunctor<long, long, long, at::native::BitwiseXorFunctor<long>>, std::array<char *, (unsigned long)3>>(int, T2, T3)"
:stage.process:model.layers.1.self_attn.o_proj,PushPop,2264054,2266203,1,10,41824,4182.4,4128.0,3360,4832,465.7,"void at::native::elementwise_kernel<(int)128, (int)2, void at::native::gpu_kernel_impl_nocast<at::native::CUDAFunctorOnSelf_add<float>>(at::TensorIteratorBase &, const T1 &)::[lambda(int) (instance 1)]>(int, T3)"
:stage.process:model.layers.1.self_attn.o_proj,PushPop,2264054,2266203,1,4,40640,10160.0,10192.0,9696,10560,382.7,"void at::native::vectorized_elementwise_kernel<(int)2, at::native::BUnaryFunctor<long, long, long, at::native::rshift_kernel_cuda(at::TensorIteratorBase &)::[lambda() (instance 1)]::operator ()() const::[lambda() (instance 4)]::operator ()() const::[lambda(long, long) (instance 1)]>, std::array<char *, (unsigned long)2>>(int, T2, T3)"
:stage.process:model.layers.1.self_attn.o_proj,PushPop,2264054,2266203,1,2,38784,19392.0,19392.0,19328,19456,90.5,"void at::native::vectorized_elementwise_kernel<(int)2, at::native::BinaryFunctor<long, long, long, at::native::BitwiseOrFunctor<long>>, std::array<char *, (unsigned long)3>>(int, T2, T3)"
:stage.process:model.layers.1.self_attn.o_proj,PushPop,2264054,2266203,1,6,29632,4938.7,1680.0,1472,11744,5198.2,"void at::native::vectorized_elementwise_kernel<(int)4, at::native::AUnaryFunctor<float, float, float, at::native::binary_internal::MulFunctor<float>>, std::array<char *, (unsigned long)2>>(int, T2, T3)"
:stage.process:model.layers.1.self_attn.o_proj,PushPop,2264054,2266203,1,12,25280,2106.7,2208.0,1824,2400,183.0,"void at::native::vectorized_elementwise_kernel<(int)4, at::native::<unnamed>::CompareFunctor<float>, std::array<char *, (unsigned long)3>>(int, T2, T3)"
:stage.process:model.layers.1.self_attn.o_proj,PushPop,2264054,2266203,1,2,20224,10112.0,10112.0,10080,10144,45.3,"void at::native::vectorized_elementwise_kernel<(int)2, at::native::BUnaryFunctor<long, long, long, at::native::lshift_kernel_cuda(at::TensorIteratorBase &)::[lambda() (instance 1)]::operator ()() const::[lambda() (instance 4)]::operator ()() const::[lambda(long, long) (instance 1)]>, std::array<char *, (unsigned long)2>>(int, T2, T3)"
:stage.process:model.layers.1.self_attn.o_proj,PushPop,2264054,2266203,1,3,20160,6720.0,8192.0,3712,8256,2605.2,"void at::native::unrolled_elementwise_kernel<at::native::direct_copy_kernel_cuda(at::TensorIteratorBase &)::[lambda() (instance 3)]::operator ()() const::[lambda() (instance 3)]::operator ()() const::[lambda(int) (instance 1)], std::array<char *, (unsigned long)2>, (int)4, TrivialOffsetCalculator<(int)1, unsigned int>, TrivialOffsetCalculator<(int)1, unsigned int>, at::native::memory::LoadWithCast<(int)1>, at::native::memory::StoreWithCast<(int)1>>(int, T1, T2, T4, T5, T6, T7)"
:stage.process:model.layers.1.self_attn.o_proj,PushPop,2264054,2266203,1,1,19456,19456.0,19456.0,19456,19456,0.0,"void at::native::elementwise_kernel<(int)128, (int)2, void at::native::gpu_kernel_impl_nocast<at::native::BinaryFunctor<float, float, float, at::native::binary_internal::DivFunctor<float>>>(at::TensorIteratorBase &, const T1 &)::[lambda(int) (instance 1)]>(int, T3)"
:stage.process:model.layers.1.self_attn.o_proj,PushPop,2264054,2266203,1,6,18336,3056.0,1712.0,1568,9920,3363.3,"void at::native::vectorized_elementwise_kernel<(int)2, at::native::AUnaryFunctor<long, long, long, at::native::binary_internal::MulFunctor<long>>, std::array<char *, (unsigned long)2>>(int, T2, T3)"
:stage.process:model.layers.1.self_attn.o_proj,PushPop,2264054,2266203,1,5,17344,3468.8,1792.0,1600,10528,3947.2,"void at::native::vectorized_elementwise_kernel<(int)2, at::native::CUDAFunctorOnSelf_add<long>, std::array<char *, (unsigned long)2>>(int, T2, T3)"
:stage.process:model.layers.1.self_attn.o_proj,PushPop,2264054,2266203,1,1,16448,16448.0,16448.0,16448,16448,0.0,"void at::native::vectorized_elementwise_kernel<(int)4, void at::native::<unnamed>::pow_tensor_scalar_kernel_impl<float, float>(at::TensorIteratorBase &, T2)::[lambda(float) (instance 1)], std::array<char *, (unsigned long)2>>(int, T2, T3)"
:stage.process:model.layers.1.self_attn.o_proj,PushPop,2264054,2266203,1,4,14240,3560.0,3520.0,3392,3808,192.7,"void at::native::vectorized_elementwise_kernel<(int)2, at::native::BUnaryFunctor<long, long, long, at::native::remainder_kernel_cuda(at::TensorIteratorBase &)::[lambda() (instance 1)]::operator ()() const::[lambda() (instance 4)]::operator ()() const::[lambda(long, long) (instance 1)]>, std::array<char *, (unsigned long)2>>(int, T2, T3)"
:stage.process:model.layers.1.self_attn.o_proj,PushPop,2264054,2266203,1,3,13472,4490.7,4544.0,4192,4736,275.9,"void at::native::elementwise_kernel<(int)128, (int)2, void at::native::gpu_kernel_impl_nocast<at::native::direct_copy_kernel_cuda(at::TensorIteratorBase &)::[lambda() (instance 3)]::operator ()() const::[lambda() (instance 3)]::operator ()() const::[lambda(int) (instance 1)]>(at::TensorIteratorBase &, const T1 &)::[lambda(int) (instance 1)]>(int, T3)"
:stage.process:model.layers.1.self_attn.o_proj,PushPop,2264054,2266203,1,8,12416,1552.0,1536.0,1536,1632,34.2,"void at::native::unrolled_elementwise_kernel<at::native::AUnaryFunctor<long, long, long, at::native::BitwiseAndFunctor<long>>, std::array<char *, (unsigned long)2>, (int)4, TrivialOffsetCalculator<(int)1, unsigned int>, TrivialOffsetCalculator<(int)1, unsigned int>, at::native::memory::LoadWithoutCast, at::native::memory::StoreWithoutCast>(int, T1, T2, T4, T5, T6, T7)"
:stage.process:model.layers.1.self_attn.o_proj,PushPop,2264054,2266203,1,6,11424,1904.0,1888.0,1856,1984,44.1,"void at::native::vectorized_elementwise_kernel<(int)4, at::native::FillFunctor<unsigned char>, std::array<char *, (unsigned long)1>>(int, T2, T3)"
:stage.process:model.layers.1.self_attn.o_proj,PushPop,2264054,2266203,1,1,11200,11200.0,11200.0,11200,11200,0.0,"void at::native::reduce_kernel<(int)128, (int)4, at::native::ReduceOp<long, at::native::func_wrapper_t<long, at::native::sum_functor<long, long, long>::operator ()(at::TensorIterator &)::[lambda(long, long) (instance 1)]>, unsigned int, long, (int)4, (int)4>>(T3)"
:stage.process:model.layers.1.self_attn.o_proj,PushPop,2264054,2266203,1,1,11200,11200.0,11200.0,11200,11200,0.0,"void at::native::vectorized_elementwise_kernel<(int)4, at::native::float16_copy_kernel_cuda(at::TensorIteratorBase &)::[lambda(float) (instance 1)], std::array<char *, (unsigned long)2>>(int, T2, T3)"
:stage.process:model.layers.1.self_attn.o_proj,PushPop,2264054,2266203,1,3,10400,3466.7,3616.0,3168,3616,258.7,"void at::native::unrolled_elementwise_kernel<at::native::direct_copy_kernel_cuda(at::TensorIteratorBase &)::[lambda() (instance 3)]::operator ()() const::[lambda() (instance 1)]::operator ()() const::[lambda(unsigned char) (instance 1)], std::array<char *, (unsigned long)2>, (int)4, TrivialOffsetCalculator<(int)1, unsigned int>, TrivialOffsetCalculator<(int)1, unsigned int>, at::native::memory::LoadWithCast<(int)1>, at::native::memory::StoreWithCast<(int)1>>(int, T1, T2, T4, T5, T6, T7)"
:stage.process:model.layers.1.self_attn.o_proj,PushPop,2264054,2266203,1,1,9408,9408.0,9408.0,9408,9408,0.0,ampere_sgemm_32x32_sliced1x4_nn
:stage.process:model.layers.1.self_attn.o_proj,PushPop,2264054,2266203,1,4,8224,2056.0,2064.0,1984,2112,54.7,"void at::native::vectorized_elementwise_kernel<(int)4, at::native::FillFunctor<bool>, std::array<char *, (unsigned long)1>>(int, T2, T3)"
:stage.process:model.layers.1.self_attn.o_proj,PushPop,2264054,2266203,1,3,8160,2720.0,2752.0,2656,2752,55.4,"void at::native::vectorized_elementwise_kernel<(int)4, at::native::AUnaryFunctor<unsigned char, unsigned char, bool, at::native::<unnamed>::CompareEqFunctor<unsigned char>>, std::array<char *, (unsigned long)2>>(int, T2, T3)"
:stage.process:model.layers.1.self_attn.o_proj,PushPop,2264054,2266203,1,4,7840,1960.0,1968.0,1920,1984,30.6,"void at::native::vectorized_elementwise_kernel<(int)4, void at::native::compare_scalar_kernel<c10::Half>(at::TensorIteratorBase &, at::native::<unnamed>::OpType, T1)::[lambda(c10::Half) (instance 1)], std::array<char *, (unsigned long)2>>(int, T2, T3)"
:stage.process:model.layers.1.self_attn.o_proj,PushPop,2264054,2266203,1,2,7424,3712.0,3712.0,3680,3744,45.3,"void at::native::vectorized_elementwise_kernel<(int)2, at::native::BUnaryFunctor<long, long, long, at::native::binary_internal::div_floor_kernel_cuda(at::TensorIteratorBase &)::[lambda() (instance 1)]::operator ()() const::[lambda() (instance 4)]::operator ()() const::[lambda(long, long) (instance 1)]>, std::array<char *, (unsigned long)2>>(int, T2, T3)"
:stage.process:model.layers.1.self_attn.o_proj,PushPop,2264054,2266203,1,2,6592,3296.0,3296.0,3232,3360,90.5,"void at::native::elementwise_kernel<(int)128, (int)2, void at::native::gpu_kernel_impl_nocast<at::native::AbsFunctor<float>>(at::TensorIteratorBase &, const T1 &)::[lambda(int) (instance 1)]>(int, T3)"
:stage.process:model.layers.1.self_attn.o_proj,PushPop,2264054,2266203,1,2,6144,3072.0,3072.0,3072,3072,0.0,"void at::native::elementwise_kernel<(int)128, (int)2, void at::native::gpu_kernel_impl_nocast<at::native::CUDAFunctor_add<long>>(at::TensorIteratorBase &, const T1 &)::[lambda(int) (instance 1)]>(int, T3)"
:stage.process:model.layers.1.self_attn.o_proj,PushPop,2264054,2266203,1,3,5728,1909.3,1952.0,1632,2144,258.7,"void at::native::vectorized_elementwise_kernel<(int)4, at::native::BinaryFunctor<float, float, float, at::native::maximum_kernel_cuda(at::TensorIteratorBase &)::[lambda() (instance 2)]::operator ()() const::[lambda() (instance 2)]::operator ()() const::[lambda(float, float) (instance 1)]>, std::array<char *, (unsigned long)3>>(int, T2, T3)"
:stage.process:model.layers.1.self_attn.o_proj,PushPop,2264054,2266203,1,2,4736,2368.0,2368.0,2368,2368,0.0,"void at::native::vectorized_elementwise_kernel<(int)2, at::native::CUDAFunctorOnOther_add<long>, std::array<char *, (unsigned long)2>>(int, T2, T3)"
:stage.process:model.layers.1.self_attn.o_proj,PushPop,2264054,2266203,1,1,4576,4576.0,4576.0,4576,4576,0.0,"void at::native::<unnamed>::CatArrayBatchedCopy_vectorized<at::native::<unnamed>::OpaqueType<(unsigned int)2>, unsigned int, (int)1, (int)128, (int)1, (int)16, (int)8>(char *, at::native::<unnamed>::CatArrInputTensorMetadata<T1, T2, T4, T5>, at::native::<unnamed>::TensorSizeStride<T2, (unsigned int)4>, int, T2)"
:stage.process:model.layers.1.self_attn.o_proj,PushPop,2264054,2266203,1,3,4576,1525.3,1568.0,1440,1568,73.9,"xxtrf4_set_info_ker(int, int *)"
:stage.process:model.layers.1.self_attn.o_proj,PushPop,2264054,2266203,1,1,3712,3712.0,3712.0,3712,3712,0.0,"void at::native::vectorized_elementwise_kernel<(int)4, at::native::AUnaryFunctor<unsigned char, unsigned char, unsigned char, at::native::binary_internal::MulFunctor<unsigned char>>, std::array<char *, (unsigned long)2>>(int, T2, T3)"
:stage.process:model.layers.1.self_attn.o_proj,PushPop,2264054,2266203,1,1,2848,2848.0,2848.0,2848,2848,0.0,"void at::native::vectorized_elementwise_kernel<(int)4, at::native::BinaryFunctor<unsigned char, unsigned char, bool, at::native::<unnamed>::CompareEqFunctor<unsigned char>>, std::array<char *, (unsigned long)3>>(int, T2, T3)"
:stage.process:model.layers.1.self_attn.o_proj,PushPop,2264054,2266203,1,1,2272,2272.0,2272.0,2272,2272,0.0,"void at::native::unrolled_elementwise_kernel<at::native::direct_copy_kernel_cuda(at::TensorIteratorBase &)::[lambda() (instance 3)]::operator ()() const::[lambda() (instance 11)]::operator ()() const::[lambda(bool) (instance 1)], std::array<char *, (unsigned long)2>, (int)4, TrivialOffsetCalculator<(int)1, unsigned int>, TrivialOffsetCalculator<(int)1, unsigned int>, at::native::memory::LoadWithCast<(int)1>, at::native::memory::StoreWithCast<(int)1>>(int, T1, T2, T4, T5, T6, T7)"
:stage.process:model.layers.1.self_attn.o_proj,PushPop,2264054,2266203,1,1,2144,2144.0,2144.0,2144,2144,0.0,"void at::native::vectorized_elementwise_kernel<(int)4, at::native::sqrt_kernel_cuda(at::TensorIteratorBase &)::[lambda() (instance 2)]::operator ()() const::[lambda() (instance 2)]::operator ()() const::[lambda(float) (instance 1)], std::array<char *, (unsigned long)2>>(int, T2, T3)"
:stage.process:model.layers.1.self_attn.o_proj,PushPop,2264054,2266203,1,1,2080,2080.0,2080.0,2080,2080,0.0,"void at::native::unrolled_elementwise_kernel<at::native::<unnamed>::CompareFunctor<c10::Half>, std::array<char *, (unsigned long)3>, (int)4, TrivialOffsetCalculator<(int)2, unsigned int>, TrivialOffsetCalculator<(int)1, unsigned int>, at::native::memory::LoadWithoutCast, at::native::memory::StoreWithoutCast>(int, T1, T2, T4, T5, T6, T7)"
:stage.process:model.layers.1.self_attn.o_proj,PushPop,2264054,2266203,1,1,1760,1760.0,1760.0,1760,1760,0.0,"void at::native::vectorized_elementwise_kernel<(int)4, at::native::<unnamed>::launch_clamp_scalar(at::TensorIteratorBase &, c10::Scalar, c10::Scalar, at::native::detail::ClampLimits)::[lambda() (instance 1)]::operator ()() const::[lambda() (instance 7)]::operator ()() const::[lambda(float) (instance 1)], std::array<char *, (unsigned long)2>>(int, T2, T3)"
:stage.process:model.layers.1.self_attn.q_proj,PushPop,2264054,2266203,1,14288,5156152150,360872.9,282625.0,132257,1240100,324603.3,"void <unnamed>::qvq_v2_segment_grid_kernel<(int)4, (int)2, (int)16, (bool)1, (bool)0, __half, unsigned char>(const float *, const T6 *, const float *, const long *, const float *, const float *, float *, T7 *, unsigned char *, int, int, int, bool, bool)"
:stage.process:model.layers.1.self_attn.q_proj,PushPop,2264054,2266203,1,766,1448591653,1891111.8,1456358.0,1354213,2883179,647138.1,"void <unnamed>::qvq_viterbi_kernel<(int)4, (int)2, __half, unsigned char>(const float *, const T3 *, const float *, const long *, const float *, T4 *, long *, float *, int, int, int, bool, bool, bool)"
:stage.process:model.layers.1.self_attn.q_proj,PushPop,2264054,2266203,1,694,414044006,596605.2,589794.0,307873,893891,173510.5,ampere_sgemm_64x32_sliced1x4_nt
:stage.process:model.layers.1.self_attn.q_proj,PushPop,2264054,2266203,1,1786,219659756,122989.8,96144.5,66272,317921,73605.1,"void <unnamed>::qvq_v2_segment_grid_finalize_kernel<(int)4, (int)2, (int)16, (bool)0, __half, unsigned char>(const float *, const T5 *, const float *, const long *, const float *, const float *, const T6 *, const unsigned char *, long *, unsigned char *, float *, int, int, bool, bool)"
:stage.process:model.layers.1.self_attn.q_proj,PushPop,2264054,2266203,1,4080,73028919,17899.2,8448.0,4448,52769,13818.2,"void at::native::index_elementwise_kernel<(int)128, (int)4, void at::native::gpu_index_kernel<void at::native::index_kernel_impl<at::native::OpaqueType<(int)4>>(at::TensorIteratorBase &, c10::ArrayRef<long>, c10::ArrayRef<long>)::[lambda(char *, const char *, long) (instance 1)]>(at::TensorIteratorBase &, c10::ArrayRef<long>, c10::ArrayRef<long>, const T1 &, bool)::[lambda(int) (instance 1)]>(long, T3)"
:stage.process:model.layers.1.self_attn.q_proj,PushPop,2264054,2266203,1,288,51436093,178597.5,178256.0,59424,301634,70548.8,void cutlass::Kernel2<cutlass_80_simt_sgemm_128x32_8x5_nt_align1>(T1::Params)
:stage.process:model.layers.1.self_attn.q_proj,PushPop,2264054,2266203,1,996,30577428,30700.2,30384.0,4352,62944,16376.5,"void gemmSN_NN_kernel<float, (int)128, (int)2, (int)4, (int)8, (int)4, (int)4, (bool)0, cublasGemvTensorStridedBatched<const float>, cublasGemvTensorStridedBatched<const float>, cublasGemvTensorStridedBatched<float>>(cublasGemmSmallNParams<T9, T10, T11, T1>)"
:stage.process:model.layers.1.self_attn.q_proj,PushPop,2264054,2266203,1,50,20957005,419140.1,20864.0,15840,897123,421680.8,ampere_sgemm_128x32_nn
:stage.process:model.layers.1.self_attn.q_proj,PushPop,2264054,2266203,1,2964,18928880,6386.3,6976.0,2624,11808,1776.8,"void at::native::reduce_kernel<(int)512, (int)1, at::native::ReduceOp<bool, at::native::func_wrapper_t<bool, at::native::and_kernel_cuda(at::TensorIterator &)::[lambda() (instance 1)]::operator ()() const::[lambda() (instance 12)]::operator ()() const::[lambda(bool, bool) (instance 1)]>, unsigned int, bool, (int)4, (int)4>>(T3)"
:stage.process:model.layers.1.self_attn.q_proj,PushPop,2264054,2266203,1,2040,13682778,6707.2,6752.0,3488,7488,411.9,"void at::native::index_elementwise_kernel<(int)128, (int)4, void at::native::gpu_index_kernel<void at::native::index_put_kernel_impl<at::native::OpaqueType<(int)4>>(at::TensorIterator &, c10::ArrayRef<long>, c10::ArrayRef<long>)::[lambda(char *, const char *, long) (instance 1)]>(at::TensorIteratorBase &, c10::ArrayRef<long>, c10::ArrayRef<long>, const T1 &, bool)::[lambda(int) (instance 1)]>(long, T3)"
:stage.process:model.layers.1.self_attn.q_proj,PushPop,2264054,2266203,1,1405,13500393,9608.8,9632.0,4608,33728,1584.2,"void at::native::index_elementwise_kernel<(int)128, (int)4, void at::native::gpu_index_kernel<void at::native::index_kernel_impl<at::native::OpaqueType<(int)2>>(at::TensorIteratorBase &, c10::ArrayRef<long>, c10::ArrayRef<long>)::[lambda(char *, const char *, long) (instance 1)]>(at::TensorIteratorBase &, c10::ArrayRef<long>, c10::ArrayRef<long>, const T1 &, bool)::[lambda(int) (instance 1)]>(long, T3)"
:stage.process:model.layers.1.self_attn.q_proj,PushPop,2264054,2266203,1,1788,11859077,6632.6,7200.0,3232,8992,1283.7,"void at::native::reduce_kernel<(int)512, (int)1, at::native::ReduceOp<float, at::native::func_wrapper_t<float, at::native::MaxNanFunctor<float>>, unsigned int, float, (int)4, (int)4>>(T3)"
:stage.process:model.layers.1.self_attn.q_proj,PushPop,2264054,2266203,1,2241,8829535,3940.0,3232.0,2144,55104,4913.1,"void at::native::elementwise_kernel<(int)128, (int)2, void at::native::gpu_kernel_impl_nocast<at::native::direct_copy_kernel_cuda(at::TensorIteratorBase &)::[lambda() (instance 3)]::operator ()() const::[lambda() (instance 7)]::operator ()() const::[lambda(float) (instance 1)]>(at::TensorIteratorBase &, const T1 &)::[lambda(int) (instance 1)]>(int, T3)"
:stage.process:model.layers.1.self_attn.q_proj,PushPop,2264054,2266203,1,3611,7839157,2170.9,2080.0,1536,18400,823.7,"void at::native::vectorized_elementwise_kernel<(int)4, at::native::AbsFunctor<float>, std::array<char *, (unsigned long)2>>(int, T2, T3)"
:stage.process:model.layers.1.self_attn.q_proj,PushPop,2264054,2266203,1,2552,7495454,2937.1,2880.0,2144,5120,578.7,"<unnamed>::qvq_half2_codebook_norm_pack_kernel(const __half *, unsigned long *, int)"
:stage.process:model.layers.1.self_attn.q_proj,PushPop,2264054,2266203,1,1020,7074812,6936.1,7008.0,3392,7584,496.8,"void at::native::index_elementwise_kernel<(int)128, (int)4, void at::native::gpu_index_kernel<void at::native::index_put_kernel_impl<at::native::OpaqueType<(int)8>>(at::TensorIterator &, c10::ArrayRef<long>, c10::ArrayRef<long>)::[lambda(char *, const char *, long) (instance 1)]>(at::TensorIteratorBase &, c10::ArrayRef<long>, c10::ArrayRef<long>, const T1 &, bool)::[lambda(int) (instance 1)]>(long, T3)"
:stage.process:model.layers.1.self_attn.q_proj,PushPop,2264054,2266203,1,772,6161656,7981.4,7968.0,7680,8896,133.5,"void at::native::reduce_kernel<(int)512, (int)1, at::native::ReduceOp<c10::Half, at::native::func_wrapper_t<c10::Half, at::native::MaxNanFunctor<c10::Half>>, unsigned int, c10::Half, (int)4, (int)4>>(T3)"
:stage.process:model.layers.1.self_attn.q_proj,PushPop,2264054,2266203,1,2593,5614384,2165.2,2144.0,1632,6464,309.6,"void at::native::vectorized_elementwise_kernel<(int)4, at::native::BinaryFunctor<bool, bool, bool, at::native::binary_internal::MulFunctor<bool>>, std::array<char *, (unsigned long)3>>(int, T2, T3)"
:stage.process:model.layers.1.self_attn.q_proj,PushPop,2264054,2266203,1,177,5574133,31492.3,27264.0,3840,73120,22745.8,"void gemmSN_NN_kernel<float, (int)256, (int)4, (int)2, (int)8, (int)4, (int)4, (bool)0, cublasGemvTensorStridedBatched<const float>, cublasGemvTensorStridedBatched<const float>, cublasGemvTensorStridedBatched<float>>(cublasGemmSmallNParams<T9, T10, T11, T1>)"
:stage.process:model.layers.1.self_attn.q_proj,PushPop,2264054,2266203,1,1285,5357455,4169.2,4128.0,2784,19136,621.5,"void at::native::unrolled_elementwise_kernel<at::native::direct_copy_kernel_cuda(at::TensorIteratorBase &)::[lambda() (instance 3)]::operator ()() const::[lambda() (instance 7)]::operator ()() const::[lambda(float) (instance 1)], std::array<char *, (unsigned long)2>, (int)4, TrivialOffsetCalculator<(int)1, unsigned int>, TrivialOffsetCalculator<(int)1, unsigned int>, at::native::memory::LoadWithCast<(int)1>, at::native::memory::StoreWithCast<(int)1>>(int, T1, T2, T4, T5, T6, T7)"
:stage.process:model.layers.1.self_attn.q_proj,PushPop,2264054,2266203,1,765,4894007,6397.4,6816.0,3328,8640,1253.6,"void at::native::index_elementwise_kernel<(int)128, (int)4, void at::native::gpu_index_kernel<void at::native::index_put_kernel_impl<at::native::OpaqueType<(int)1>>(at::TensorIterator &, c10::ArrayRef<long>, c10::ArrayRef<long>)::[lambda(char *, const char *, long) (instance 1)]>(at::TensorIteratorBase &, c10::ArrayRef<long>, c10::ArrayRef<long>, const T1 &, bool)::[lambda(int) (instance 1)]>(long, T3)"
:stage.process:model.layers.1.self_attn.q_proj,PushPop,2264054,2266203,1,5,4740656,948131.2,934724.0,932259,1004899,31751.2,ampere_sgemm_128x32_tn
:stage.process:model.layers.1.self_attn.q_proj,PushPop,2264054,2266203,1,1824,4022545,2205.3,2112.0,1472,16960,956.3,"void at::native::vectorized_elementwise_kernel<(int)4, at::native::BinaryFunctor<float, float, bool, at::native::<unnamed>::CompareEqFunctor<float>>, std::array<char *, (unsigned long)3>>(int, T2, T3)"
:stage.process:model.layers.1.self_attn.q_proj,PushPop,2264054,2266203,1,2044,3909333,1912.6,1888.0,1536,2368,130.7,"void at::native::vectorized_elementwise_kernel<(int)4, at::native::BinaryFunctor<bool, bool, bool, at::native::logical_or_kernel_cuda(at::TensorIterator &)::[lambda() (instance 2)]::operator ()() const::[lambda() (instance 9)]::operator ()() const::[lambda(bool, bool) (instance 1)]>, std::array<char *, (unsigned long)3>>(int, T2, T3)"
:stage.process:model.layers.1.self_attn.q_proj,PushPop,2264054,2266203,1,1823,3895024,2136.6,2080.0,1504,6560,352.7,"void at::native::vectorized_elementwise_kernel<(int)4, at::native::AUnaryFunctor<float, float, bool, at::native::<unnamed>::CompareEqFunctor<float>>, std::array<char *, (unsigned long)2>>(int, T2, T3)"
:stage.process:model.layers.1.self_attn.q_proj,PushPop,2264054,2266203,1,1150,3751403,3262.1,3200.0,1888,24192,668.0,"void at::native::elementwise_kernel<(int)128, (int)2, void at::native::gpu_kernel_impl_nocast<at::native::direct_copy_kernel_cuda(at::TensorIteratorBase &)::[lambda() (instance 3)]::operator ()() const::[lambda() (instance 4)]::operator ()() const::[lambda(long) (instance 1)]>(at::TensorIteratorBase &, const T1 &)::[lambda(int) (instance 1)]>(int, T3)"
:stage.process:model.layers.1.self_attn.q_proj,PushPop,2264054,2266203,1,1542,3420846,2218.4,2144.0,1632,3136,188.4,"void at::native::vectorized_elementwise_kernel<(int)4, at::native::AbsFunctor<c10::Half>, std::array<char *, (unsigned long)2>>(int, T2, T3)"
:stage.process:model.layers.1.self_attn.q_proj,PushPop,2264054,2266203,1,1276,3298379,2584.9,2528.0,1856,3520,245.0,"void at::native::roll_cuda_kernel<float>(const T1 *, T1 *, long, long, long, long, long, long)"
:stage.process:model.layers.1.self_attn.q_proj,PushPop,2264054,2266203,1,429,3287626,7663.5,4480.0,3200,46176,4768.2,"void at::native::elementwise_kernel<(int)128, (int)2, void at::native::gpu_kernel_impl_nocast<at::native::CUDAFunctor_add<float>>(at::TensorIteratorBase &, const T1 &)::[lambda(int) (instance 1)]>(int, T3)"
:stage.process:model.layers.1.self_attn.q_proj,PushPop,2264054,2266203,1,1176,3198163,2719.5,2272.0,1632,27456,2984.8,"void at::native::vectorized_elementwise_kernel<(int)4, at::native::CUDAFunctor_add<float>, std::array<char *, (unsigned long)3>>(int, T2, T3)"
:stage.process:model.layers.1.self_attn.q_proj,PushPop,2264054,2266203,1,1268,3194474,2519.3,2400.0,1792,3808,399.7,"void at::native::elementwise_kernel<(int)128, (int)2, void at::native::gpu_kernel_impl_nocast<at::native::AUnaryFunctor<long, long, long, at::native::BitwiseAndFunctor<long>>>(at::TensorIteratorBase &, const T1 &)::[lambda(int) (instance 1)]>(int, T3)"
:stage.process:model.layers.1.self_attn.q_proj,PushPop,2264054,2266203,1,378,3096586,8192.0,8224.0,7872,8321,77.2,"void batch_trsm_left_kernel<float, (int)64, (int)4, (int)3, (bool)0, (bool)0, (bool)1>(cublasTrsmBatchParams2<T1>, T1, const T1 *, int)"
:stage.process:model.layers.1.self_attn.q_proj,PushPop,2264054,2266203,1,901,2804228,3112.4,3136.0,1920,11680,628.3,"void at::native::unrolled_elementwise_kernel<at::native::direct_copy_kernel_cuda(at::TensorIteratorBase &)::[lambda() (instance 3)]::operator ()() const::[lambda() (instance 4)]::operator ()() const::[lambda(long) (instance 1)], std::array<char *, (unsigned long)2>, (int)4, TrivialOffsetCalculator<(int)1, unsigned int>, TrivialOffsetCalculator<(int)1, unsigned int>, at::native::memory::LoadWithCast<(int)1>, at::native::memory::StoreWithCast<(int)1>>(int, T1, T2, T4, T5, T6, T7)"
:stage.process:model.layers.1.self_attn.q_proj,PushPop,2264054,2266203,1,3,2774601,924867.0,925539.0,922819,926243,1808.2,"void kernel<getrf_wo_pivot_params_<float, (int)0, (int)256, (int)1, (int)64, (int)64, (int)68, (int)8, (int)1, (int)1>>(int, int, void *, int, void *, int, int, int, int, int, int *)"
:stage.process:model.layers.1.self_attn.q_proj,PushPop,2264054,2266203,1,1534,2707271,1764.8,1760.0,1568,2272,108.7,"void at::native::vectorized_elementwise_kernel<(int)4, void at::native::compare_scalar_kernel<float>(at::TensorIteratorBase &, at::native::<unnamed>::OpType, T1)::[lambda(float) (instance 1)], std::array<char *, (unsigned long)2>>(int, T2, T3)"
:stage.process:model.layers.1.self_attn.q_proj,PushPop,2264054,2266203,1,400,2328488,5821.2,4032.0,3968,54208,8864.5,ampere_sgemm_32x128_nt
:stage.process:model.layers.1.self_attn.q_proj,PushPop,2264054,2266203,1,1020,2056171,2015.9,2048.0,1632,2432,129.6,"void at::native::vectorized_elementwise_kernel<(int)4, at::native::bitwise_not_kernel_cuda(at::TensorIteratorBase &)::[lambda(bool) (instance 1)], std::array<char *, (unsigned long)2>>(int, T2, T3)"
:stage.process:model.layers.1.self_attn.q_proj,PushPop,2264054,2266203,1,770,1746377,2268.0,2240.0,1761,2337,42.7,"void at::native::vectorized_elementwise_kernel<(int)4, at::native::BinaryFunctor<c10::Half, c10::Half, bool, at::native::<unnamed>::CompareEqFunctor<c10::Half>>, std::array<char *, (unsigned long)3>>(int, T2, T3)"
:stage.process:model.layers.1.self_attn.q_proj,PushPop,2264054,2266203,1,770,1732264,2249.7,2240.0,1760,2336,38.8,"void at::native::vectorized_elementwise_kernel<(int)4, at::native::AUnaryFunctor<c10::Half, c10::Half, bool, at::native::<unnamed>::CompareEqFunctor<c10::Half>>, std::array<char *, (unsigned long)2>>(int, T2, T3)"
:stage.process:model.layers.1.self_attn.q_proj,PushPop,2264054,2266203,1,1022,1506882,1474.4,1472.0,1312,7265,256.1,"void at::native::vectorized_elementwise_kernel<(int)2, at::native::FillFunctor<long>, std::array<char *, (unsigned long)1>>(int, T2, T3)"
:stage.process:model.layers.1.self_attn.q_proj,PushPop,2264054,2266203,1,782,1445828,1848.9,1792.0,1728,11776,530.1,"void at::native::vectorized_elementwise_kernel<(int)4, void at::native::compare_scalar_kernel<long>(at::TensorIteratorBase &, at::native::<unnamed>::OpType, T1)::[lambda(long) (instance 1)], std::array<char *, (unsigned long)2>>(int, T2, T3)"
:stage.process:model.layers.1.self_attn.q_proj,PushPop,2264054,2266203,1,512,1362757,2661.6,2624.0,2400,2944,148.4,"void at::native::unrolled_elementwise_kernel<at::native::BinaryFunctor<float, float, float, at::native::maximum_kernel_cuda(at::TensorIteratorBase &)::[lambda() (instance 2)]::operator ()() const::[lambda() (instance 2)]::operator ()() const::[lambda(float, float) (instance 1)]>, std::array<char *, (unsigned long)3>, (int)4, TrivialOffsetCalculator<(int)2, unsigned int>, TrivialOffsetCalculator<(int)1, unsigned int>, at::native::memory::LoadWithCast<(int)2>, at::native::memory::StoreWithCast<(int)1>>(int, T1, T2, T4, T5, T6, T7)"
:stage.process:model.layers.1.self_attn.q_proj,PushPop,2264054,2266203,1,256,1078051,4211.1,4080.0,3904,4832,295.4,"void at::native::elementwise_kernel<(int)128, (int)4, void at::native::gpu_kernel_impl_nocast<at::native::direct_copy_kernel_cuda(at::TensorIteratorBase &)::[lambda() (instance 3)]::operator ()() const::[lambda() (instance 10)]::operator ()() const::[lambda(c10::Half) (instance 1)]>(at::TensorIteratorBase &, const T1 &)::[lambda(int) (instance 1)]>(int, T3)"
:stage.process:model.layers.1.self_attn.q_proj,PushPop,2264054,2266203,1,779,1060039,1360.8,1376.0,1248,1984,72.6,"void <unnamed>::elementwise_kernel_with_index<int, at::native::arange_cuda_out(const c10::Scalar &, const c10::Scalar &, const c10::Scalar &, at::Tensor &)::[lambda() (instance 1)]::operator ()() const::[lambda() (instance 4)]::operator ()() const::[lambda(long) (instance 1)]>(T1, T2, function_traits<T2>::result_type *)"
:stage.process:model.layers.1.self_attn.q_proj,PushPop,2264054,2266203,1,32,934307,29197.1,29104.5,19296,40288,6895.3,ampere_sgemm_128x32_nt
:stage.process:model.layers.1.self_attn.q_proj,PushPop,2264054,2266203,1,263,914850,3478.5,3328.0,3136,9792,907.7,"void at::native::reduce_kernel<(int)512, (int)1, at::native::ReduceOp<bool, at::native::func_wrapper_t<bool, at::native::or_kernel_cuda(at::TensorIterator &)::[lambda() (instance 1)]::operator ()() const::[lambda() (instance 12)]::operator ()() const::[lambda(bool, bool) (instance 1)]>, unsigned int, bool, (int)4, (int)4>>(T3)"
:stage.process:model.layers.1.self_attn.q_proj,PushPop,2264054,2266203,1,43,855746,19901.1,19616.0,17760,23392,1585.5,ampere_sgemm_128x32_sliced1x4_nn
:stage.process:model.layers.1.self_attn.q_proj,PushPop,2264054,2266203,1,128,731683,5716.3,5728.0,5312,6240,144.7,"void at::native::unrolled_elementwise_kernel<at::native::CUDAFunctor_add<float>, std::array<char *, (unsigned long)3>, (int)4, TrivialOffsetCalculator<(int)2, unsigned int>, TrivialOffsetCalculator<(int)1, unsigned int>, at::native::memory::LoadWithCast<(int)2>, at::native::memory::StoreWithCast<(int)1>>(int, T1, T2, T4, T5, T6, T7)"
:stage.process:model.layers.1.self_attn.q_proj,PushPop,2264054,2266203,1,3,665347,221782.3,329793.0,5440,330114,187358.0,"void at::native::reduce_kernel<(int)512, (int)1, at::native::ReduceOp<long, at::native::func_wrapper_t<long, at::native::sum_functor<long, long, long>::operator ()(at::TensorIterator &)::[lambda(long, long) (instance 1)]>, unsigned int, long, (int)4, (int)4>>(T3)"
:stage.process:model.layers.1.self_attn.q_proj,PushPop,2264054,2266203,1,11,585154,53195.8,10528.0,3200,256289,100237.8,"void at::native::vectorized_elementwise_kernel<(int)2, at::native::AUnaryFunctor<long, long, long, at::native::BitwiseAndFunctor<long>>, std::array<char *, (unsigned long)2>>(int, T2, T3)"
:stage.process:model.layers.1.self_attn.q_proj,PushPop,2264054,2266203,1,4,558530,139632.5,140784.5,3776,273185,152097.5,"void at::native::elementwise_kernel<(int)128, (int)2, void at::native::gpu_kernel_impl_nocast<at::native::BinaryFunctor<long, long, long, at::native::lshift_kernel_cuda(at::TensorIteratorBase &)::[lambda() (instance 1)]::operator ()() const::[lambda() (instance 4)]::operator ()() const::[lambda(long, long) (instance 1)]>>(at::TensorIteratorBase &, const T1 &)::[lambda(int) (instance 1)]>(int, T3)"
:stage.process:model.layers.1.self_attn.q_proj,PushPop,2264054,2266203,1,4,537602,134400.5,134304.5,11392,257601,141908.9,"void at::native::elementwise_kernel<(int)128, (int)2, void at::native::gpu_kernel_impl_nocast<at::native::BinaryFunctor<long, long, long, at::native::rshift_kernel_cuda(at::TensorIteratorBase &)::[lambda() (instance 1)]::operator ()() const::[lambda() (instance 4)]::operator ()() const::[lambda(long, long) (instance 1)]>>(at::TensorIteratorBase &, const T1 &)::[lambda(int) (instance 1)]>(int, T3)"
:stage.process:model.layers.1.self_attn.q_proj,PushPop,2264054,2266203,1,129,518883,4022.3,3840.0,3520,7072,372.4,"void at::native::elementwise_kernel<(int)128, (int)4, void at::native::gpu_kernel_impl_nocast<at::native::direct_copy_kernel_cuda(at::TensorIteratorBase &)::[lambda() (instance 3)]::operator ()() const::[lambda() (instance 1)]::operator ()() const::[lambda(unsigned char) (instance 1)]>(at::TensorIteratorBase &, const T1 &)::[lambda(int) (instance 1)]>(int, T3)"
:stage.process:model.layers.1.self_attn.q_proj,PushPop,2264054,2266203,1,113,505856,4476.6,3360.0,2912,15840,3454.6,"void cublasLt::splitKreduce_kernel<(int)32, (int)16, int, float, float, float, float, (bool)0, float, float, float, (bool)1, (bool)0, (bool)0, (bool)0>(cublasLt::cublasSplitKParams<T6>, const T4 *, const T10 *, T9 *, T5 *, const T6 *, const T6 *, const T11 *, const T4 *, T11 *, void *, long, T6 *, int *, T6 *, T6 *, const T6 *, const T6 *, const T6 *, const T6 *, const T6 *)"
:stage.process:model.layers.1.self_attn.q_proj,PushPop,2264054,2266203,1,3,470529,156843.0,225761.0,18016,226752,120228.7,"void at::native::index_elementwise_kernel<(int)128, (int)4, void at::native::gpu_index_kernel<void at::native::index_kernel_impl<at::native::OpaqueType<(int)8>>(at::TensorIteratorBase &, c10::ArrayRef<long>, c10::ArrayRef<long>)::[lambda(char *, const char *, long) (instance 1)]>(at::TensorIteratorBase &, c10::ArrayRef<long>, c10::ArrayRef<long>, const T1 &, bool)::[lambda(int) (instance 1)]>(long, T3)"
:stage.process:model.layers.1.self_attn.q_proj,PushPop,2264054,2266203,1,263,465441,1769.7,1728.0,1696,3680,243.8,"void at::native::vectorized_elementwise_kernel<(int)4, at::native::BinaryFunctor<bool, bool, bool, at::native::BitwiseOrFunctor<bool>>, std::array<char *, (unsigned long)3>>(int, T2, T3)"
:stage.process:model.layers.1.self_attn.q_proj,PushPop,2264054,2266203,1,16,329729,20608.1,20240.0,20000,22080,718.9,"void at::native::<unnamed>::CatArrayBatchedCopy<at::native::<unnamed>::OpaqueType<(unsigned int)4>, unsigned int, (int)2, (int)64, (int)64>(T1 *, at::native::<unnamed>::CatArrInputTensorMetadata<T1, T2, T4, T5>, at::native::<unnamed>::TensorSizeStride<T2, (unsigned int)4>, int, T2)"
:stage.process:model.layers.1.self_attn.q_proj,PushPop,2264054,2266203,1,132,318018,2409.2,1824.0,1792,22304,3398.8,"void at::native::vectorized_elementwise_kernel<(int)4, at::native::BinaryFunctor<long, long, bool, at::native::<unnamed>::CompareEqFunctor<long>>, std::array<char *, (unsigned long)3>>(int, T2, T3)"
:stage.process:model.layers.1.self_attn.q_proj,PushPop,2264054,2266203,1,128,279171,2181.0,2176.0,2144,2208,13.0,"void at::native::elementwise_kernel<(int)128, (int)2, void at::native::gpu_kernel_impl_nocast<at::native::BUnaryFunctor<long, long, long, at::native::rshift_kernel_cuda(at::TensorIteratorBase &)::[lambda() (instance 1)]::operator ()() const::[lambda() (instance 4)]::operator ()() const::[lambda(long, long) (instance 1)]>>(at::TensorIteratorBase &, const T1 &)::[lambda(int) (instance 1)]>(int, T3)"
:stage.process:model.layers.1.self_attn.q_proj,PushPop,2264054,2266203,1,17,234688,13805.2,14656.0,11104,15168,1392.1,ampere_sgemm_64x32_sliced1x4_nn
:stage.process:model.layers.1.self_attn.q_proj,PushPop,2264054,2266203,1,10,214498,21449.8,21440.5,21248,21792,164.0,"std::enable_if<!T7, void>::type internal::gemvx::kernel<int, int, float, float, float, float, (bool)0, (bool)1, (bool)1, (bool)0, (int)7, (bool)0, cublasGemvParamsEx<int, cublasGemvTensorStridedBatched<const float>, cublasGemvTensorStridedBatched<const float>, cublasGemvTensorStridedBatched<float>, float>>(T13)"
:stage.process:model.layers.1.self_attn.q_proj,PushPop,2264054,2266203,1,10,203489,20348.9,18192.0,3456,49408,11373.1,"void at::native::elementwise_kernel<(int)128, (int)2, void at::native::gpu_kernel_impl_nocast<at::native::BinaryFunctor<float, float, float, at::native::binary_internal::MulFunctor<float>>>(at::TensorIteratorBase &, const T1 &)::[lambda(int) (instance 1)]>(int, T3)"
:stage.process:model.layers.1.self_attn.q_proj,PushPop,2264054,2266203,1,9,180769,20085.4,19936.0,19520,20608,352.4,"void at::native::vectorized_elementwise_kernel<(int)4, at::native::BinaryFunctor<float, float, float, at::native::binary_internal::MulFunctor<float>>, std::array<char *, (unsigned long)3>>(int, T2, T3)"
:stage.process:model.layers.1.self_attn.q_proj,PushPop,2264054,2266203,1,16,170336,10646.0,10352.0,9152,12192,936.6,void cutlass::Kernel2<cutlass_80_simt_sgemm_128x32_8x5_nn_align1>(T1::Params)
:stage.process:model.layers.1.self_attn.q_proj,PushPop,2264054,2266203,1,3,148480,49493.3,49216.0,49056,50208,624.1,"void at::native::triu_tril_kernel<float, int, (bool)0, (int)2, (bool)1>(at::cuda::detail::TensorInfo<T1, T2>, at::cuda::detail::TensorInfo<const T1, T2>, long, long, T2)"
:stage.process:model.layers.1.self_attn.q_proj,PushPop,2264054,2266203,1,6,133664,22277.3,22176.0,16288,28608,6563.7,"void trsm_batch_left_upper_kernel_small<float, (int)16, (int)16, (int)64>(cublasTrsmBatchParams<T1>, const T1 *const *, T1 *const *, const T1 *, T1)"
:stage.process:model.layers.1.self_attn.q_proj,PushPop,2264054,2266203,1,10,121504,12150.4,12032.0,11264,13504,630.3,"void at::native::reduce_kernel<(int)512, (int)1, at::native::ReduceOp<float, at::native::func_wrapper_t<float, at::native::sum_functor<float, float, float>::operator ()(at::TensorIterator &)::[lambda(float, float) (instance 1)]>, unsigned int, float, (int)4, (int)4>>(T3)"
:stage.process:model.layers.1.self_attn.q_proj,PushPop,2264054,2266203,1,14,108450,7746.4,7328.0,1344,21761,4648.8,"void at::native::vectorized_elementwise_kernel<(int)4, at::native::FillFunctor<float>, std::array<char *, (unsigned long)1>>(int, T2, T3)"
:stage.process:model.layers.1.self_attn.q_proj,PushPop,2264054,2266203,1,9,94208,10467.6,11392.0,1632,12256,3333.4,"void at::native::vectorized_elementwise_kernel<(int)4, at::native::BUnaryFunctor<float, float, float, at::native::binary_internal::MulFunctor<float>>, std::array<char *, (unsigned long)2>>(int, T2, T3)"
:stage.process:model.layers.1.self_attn.q_proj,PushPop,2264054,2266203,1,1,76032,76032.0,76032.0,76032,76032,0.0,"void at::native::<unnamed>::CatArrayBatchedCopy_alignedK_contig<at::native::<unnamed>::OpaqueType<(unsigned int)8>, unsigned int, (int)3, (int)128, (int)1, (int)16>(T1 *, at::native::<unnamed>::CatArrInputTensorMetadata<T1, T2, T4, T5>, at::native::<unnamed>::TensorSizeStride<T2, (unsigned int)4>, int, T2)"
:stage.process:model.layers.1.self_attn.q_proj,PushPop,2264054,2266203,1,10,74721,7472.1,7360.5,3936,11200,2204.5,"void at::native::reduce_kernel<(int)512, (int)1, at::native::ReduceOp<float, at::native::MeanOps<float, float, float, float>, unsigned int, float, (int)4, (int)4>>(T3)"
:stage.process:model.layers.1.self_attn.q_proj,PushPop,2264054,2266203,1,3,53632,17877.3,16704.0,16480,20448,2229.1,"void at::native::vectorized_elementwise_kernel<(int)2, at::native::BinaryFunctor<long, long, long, at::native::BitwiseXorFunctor<long>>, std::array<char *, (unsigned long)3>>(int, T2, T3)"
:stage.process:model.layers.1.self_attn.q_proj,PushPop,2264054,2266203,1,4,41632,10408.0,10384.0,10240,10624,164.0,"void at::native::vectorized_elementwise_kernel<(int)2, at::native::BUnaryFunctor<long, long, long, at::native::rshift_kernel_cuda(at::TensorIteratorBase &)::[lambda() (instance 1)]::operator ()() const::[lambda() (instance 4)]::operator ()() const::[lambda(long, long) (instance 1)]>, std::array<char *, (unsigned long)2>>(int, T2, T3)"
:stage.process:model.layers.1.self_attn.q_proj,PushPop,2264054,2266203,1,10,41152,4115.2,4192.0,3328,4672,474.7,"void at::native::elementwise_kernel<(int)128, (int)2, void at::native::gpu_kernel_impl_nocast<at::native::CUDAFunctorOnSelf_add<float>>(at::TensorIteratorBase &, const T1 &)::[lambda(int) (instance 1)]>(int, T3)"
:stage.process:model.layers.1.self_attn.q_proj,PushPop,2264054,2266203,1,2,38625,19312.5,19312.5,19296,19329,23.3,"void at::native::vectorized_elementwise_kernel<(int)2, at::native::BinaryFunctor<long, long, long, at::native::BitwiseOrFunctor<long>>, std::array<char *, (unsigned long)3>>(int, T2, T3)"
:stage.process:model.layers.1.self_attn.q_proj,PushPop,2264054,2266203,1,6,29248,4874.7,1760.0,1536,11424,4975.8,"void at::native::vectorized_elementwise_kernel<(int)4, at::native::AUnaryFunctor<float, float, float, at::native::binary_internal::MulFunctor<float>>, std::array<char *, (unsigned long)2>>(int, T2, T3)"
:stage.process:model.layers.1.self_attn.q_proj,PushPop,2264054,2266203,1,12,25664,2138.7,2224.0,1952,2400,161.4,"void at::native::vectorized_elementwise_kernel<(int)4, at::native::<unnamed>::CompareFunctor<float>, std::array<char *, (unsigned long)3>>(int, T2, T3)"
:stage.process:model.layers.1.self_attn.q_proj,PushPop,2264054,2266203,1,3,20736,6912.0,8320.0,3904,8512,2606.8,"void at::native::unrolled_elementwise_kernel<at::native::direct_copy_kernel_cuda(at::TensorIteratorBase &)::[lambda() (instance 3)]::operator ()() const::[lambda() (instance 3)]::operator ()() const::[lambda(int) (instance 1)], std::array<char *, (unsigned long)2>, (int)4, TrivialOffsetCalculator<(int)1, unsigned int>, TrivialOffsetCalculator<(int)1, unsigned int>, at::native::memory::LoadWithCast<(int)1>, at::native::memory::StoreWithCast<(int)1>>(int, T1, T2, T4, T5, T6, T7)"
:stage.process:model.layers.1.self_attn.q_proj,PushPop,2264054,2266203,1,2,20288,10144.0,10144.0,10144,10144,0.0,"void at::native::vectorized_elementwise_kernel<(int)2, at::native::BUnaryFunctor<long, long, long, at::native::lshift_kernel_cuda(at::TensorIteratorBase &)::[lambda() (instance 1)]::operator ()() const::[lambda() (instance 4)]::operator ()() const::[lambda(long, long) (instance 1)]>, std::array<char *, (unsigned long)2>>(int, T2, T3)"
:stage.process:model.layers.1.self_attn.q_proj,PushPop,2264054,2266203,1,1,19520,19520.0,19520.0,19520,19520,0.0,"void at::native::elementwise_kernel<(int)128, (int)2, void at::native::gpu_kernel_impl_nocast<at::native::BinaryFunctor<float, float, float, at::native::binary_internal::DivFunctor<float>>>(at::TensorIteratorBase &, const T1 &)::[lambda(int) (instance 1)]>(int, T3)"
:stage.process:model.layers.1.self_attn.q_proj,PushPop,2264054,2266203,1,6,18304,3050.7,1696.0,1632,9792,3303.2,"void at::native::vectorized_elementwise_kernel<(int)2, at::native::AUnaryFunctor<long, long, long, at::native::binary_internal::MulFunctor<long>>, std::array<char *, (unsigned long)2>>(int, T2, T3)"
:stage.process:model.layers.1.self_attn.q_proj,PushPop,2264054,2266203,1,5,17024,3404.8,1792.0,1632,10176,3786.1,"void at::native::vectorized_elementwise_kernel<(int)2, at::native::CUDAFunctorOnSelf_add<long>, std::array<char *, (unsigned long)2>>(int, T2, T3)"
:stage.process:model.layers.1.self_attn.q_proj,PushPop,2264054,2266203,1,1,16832,16832.0,16832.0,16832,16832,0.0,"void at::native::vectorized_elementwise_kernel<(int)4, void at::native::<unnamed>::pow_tensor_scalar_kernel_impl<float, float>(at::TensorIteratorBase &, T2)::[lambda(float) (instance 1)], std::array<char *, (unsigned long)2>>(int, T2, T3)"
:stage.process:model.layers.1.self_attn.q_proj,PushPop,2264054,2266203,1,4,14112,3528.0,3536.0,3424,3616,88.1,"void at::native::vectorized_elementwise_kernel<(int)2, at::native::BUnaryFunctor<long, long, long, at::native::remainder_kernel_cuda(at::TensorIteratorBase &)::[lambda() (instance 1)]::operator ()() const::[lambda() (instance 4)]::operator ()() const::[lambda(long, long) (instance 1)]>, std::array<char *, (unsigned long)2>>(int, T2, T3)"
:stage.process:model.layers.1.self_attn.q_proj,PushPop,2264054,2266203,1,3,13536,4512.0,4544.0,4160,4832,337.1,"void at::native::elementwise_kernel<(int)128, (int)2, void at::native::gpu_kernel_impl_nocast<at::native::direct_copy_kernel_cuda(at::TensorIteratorBase &)::[lambda() (instance 3)]::operator ()() const::[lambda() (instance 3)]::operator ()() const::[lambda(int) (instance 1)]>(at::TensorIteratorBase &, const T1 &)::[lambda(int) (instance 1)]>(int, T3)"
:stage.process:model.layers.1.self_attn.q_proj,PushPop,2264054,2266203,1,8,12320,1540.0,1536.0,1440,1664,62.7,"void at::native::unrolled_elementwise_kernel<at::native::AUnaryFunctor<long, long, long, at::native::BitwiseAndFunctor<long>>, std::array<char *, (unsigned long)2>, (int)4, TrivialOffsetCalculator<(int)1, unsigned int>, TrivialOffsetCalculator<(int)1, unsigned int>, at::native::memory::LoadWithoutCast, at::native::memory::StoreWithoutCast>(int, T1, T2, T4, T5, T6, T7)"
:stage.process:model.layers.1.self_attn.q_proj,PushPop,2264054,2266203,1,1,11648,11648.0,11648.0,11648,11648,0.0,"void at::native::vectorized_elementwise_kernel<(int)4, at::native::float16_copy_kernel_cuda(at::TensorIteratorBase &)::[lambda(float) (instance 1)], std::array<char *, (unsigned long)2>>(int, T2, T3)"
:stage.process:model.layers.1.self_attn.q_proj,PushPop,2264054,2266203,1,6,11489,1914.8,1904.5,1888,1984,37.3,"void at::native::vectorized_elementwise_kernel<(int)4, at::native::FillFunctor<unsigned char>, std::array<char *, (unsigned long)1>>(int, T2, T3)"
:stage.process:model.layers.1.self_attn.q_proj,PushPop,2264054,2266203,1,1,11328,11328.0,11328.0,11328,11328,0.0,"void at::native::reduce_kernel<(int)128, (int)4, at::native::ReduceOp<long, at::native::func_wrapper_t<long, at::native::sum_functor<long, long, long>::operator ()(at::TensorIterator &)::[lambda(long, long) (instance 1)]>, unsigned int, long, (int)4, (int)4>>(T3)"
:stage.process:model.layers.1.self_attn.q_proj,PushPop,2264054,2266203,1,3,10433,3477.7,3521.0,3296,3616,164.3,"void at::native::unrolled_elementwise_kernel<at::native::direct_copy_kernel_cuda(at::TensorIteratorBase &)::[lambda() (instance 3)]::operator ()() const::[lambda() (instance 1)]::operator ()() const::[lambda(unsigned char) (instance 1)], std::array<char *, (unsigned long)2>, (int)4, TrivialOffsetCalculator<(int)1, unsigned int>, TrivialOffsetCalculator<(int)1, unsigned int>, at::native::memory::LoadWithCast<(int)1>, at::native::memory::StoreWithCast<(int)1>>(int, T1, T2, T4, T5, T6, T7)"
:stage.process:model.layers.1.self_attn.q_proj,PushPop,2264054,2266203,1,1,9376,9376.0,9376.0,9376,9376,0.0,ampere_sgemm_32x32_sliced1x4_nn
:stage.process:model.layers.1.self_attn.q_proj,PushPop,2264054,2266203,1,4,8576,2144.0,2144.0,2048,2240,94.2,"void at::native::vectorized_elementwise_kernel<(int)4, at::native::FillFunctor<bool>, std::array<char *, (unsigned long)1>>(int, T2, T3)"
:stage.process:model.layers.1.self_attn.q_proj,PushPop,2264054,2266203,1,4,8000,2000.0,1984.0,1952,2080,55.4,"void at::native::vectorized_elementwise_kernel<(int)4, void at::native::compare_scalar_kernel<c10::Half>(at::TensorIteratorBase &, at::native::<unnamed>::OpType, T1)::[lambda(c10::Half) (instance 1)], std::array<char *, (unsigned long)2>>(int, T2, T3)"
:stage.process:model.layers.1.self_attn.q_proj,PushPop,2264054,2266203,1,3,7936,2645.3,2656.0,2624,2656,18.5,"void at::native::vectorized_elementwise_kernel<(int)4, at::native::AUnaryFunctor<unsigned char, unsigned char, bool, at::native::<unnamed>::CompareEqFunctor<unsigned char>>, std::array<char *, (unsigned long)2>>(int, T2, T3)"
:stage.process:model.layers.1.self_attn.q_proj,PushPop,2264054,2266203,1,2,7488,3744.0,3744.0,3744,3744,0.0,"void at::native::vectorized_elementwise_kernel<(int)2, at::native::BUnaryFunctor<long, long, long, at::native::binary_internal::div_floor_kernel_cuda(at::TensorIteratorBase &)::[lambda() (instance 1)]::operator ()() const::[lambda() (instance 4)]::operator ()() const::[lambda(long, long) (instance 1)]>, std::array<char *, (unsigned long)2>>(int, T2, T3)"
:stage.process:model.layers.1.self_attn.q_proj,PushPop,2264054,2266203,1,2,6816,3408.0,3408.0,3360,3456,67.9,"void at::native::elementwise_kernel<(int)128, (int)2, void at::native::gpu_kernel_impl_nocast<at::native::AbsFunctor<float>>(at::TensorIteratorBase &, const T1 &)::[lambda(int) (instance 1)]>(int, T3)"
:stage.process:model.layers.1.self_attn.q_proj,PushPop,2264054,2266203,1,2,6144,3072.0,3072.0,3072,3072,0.0,"void at::native::elementwise_kernel<(int)128, (int)2, void at::native::gpu_kernel_impl_nocast<at::native::CUDAFunctor_add<long>>(at::TensorIteratorBase &, const T1 &)::[lambda(int) (instance 1)]>(int, T3)"
:stage.process:model.layers.1.self_attn.q_proj,PushPop,2264054,2266203,1,3,5568,1856.0,1856.0,1760,1952,96.0,"void at::native::vectorized_elementwise_kernel<(int)4, at::native::BinaryFunctor<float, float, float, at::native::maximum_kernel_cuda(at::TensorIteratorBase &)::[lambda() (instance 2)]::operator ()() const::[lambda() (instance 2)]::operator ()() const::[lambda(float, float) (instance 1)]>, std::array<char *, (unsigned long)3>>(int, T2, T3)"
:stage.process:model.layers.1.self_attn.q_proj,PushPop,2264054,2266203,1,3,4864,1621.3,1632.0,1568,1664,48.9,"xxtrf4_set_info_ker(int, int *)"
:stage.process:model.layers.1.self_attn.q_proj,PushPop,2264054,2266203,1,2,4800,2400.0,2400.0,2400,2400,0.0,"void at::native::vectorized_elementwise_kernel<(int)2, at::native::CUDAFunctorOnOther_add<long>, std::array<char *, (unsigned long)2>>(int, T2, T3)"
:stage.process:model.layers.1.self_attn.q_proj,PushPop,2264054,2266203,1,1,4480,4480.0,4480.0,4480,4480,0.0,"void at::native::<unnamed>::CatArrayBatchedCopy_vectorized<at::native::<unnamed>::OpaqueType<(unsigned int)2>, unsigned int, (int)1, (int)128, (int)1, (int)16, (int)8>(char *, at::native::<unnamed>::CatArrInputTensorMetadata<T1, T2, T4, T5>, at::native::<unnamed>::TensorSizeStride<T2, (unsigned int)4>, int, T2)"
:stage.process:model.layers.1.self_attn.q_proj,PushPop,2264054,2266203,1,1,3680,3680.0,3680.0,3680,3680,0.0,"void at::native::vectorized_elementwise_kernel<(int)4, at::native::AUnaryFunctor<unsigned char, unsigned char, unsigned char, at::native::binary_internal::MulFunctor<unsigned char>>, std::array<char *, (unsigned long)2>>(int, T2, T3)"
:stage.process:model.layers.1.self_attn.q_proj,PushPop,2264054,2266203,1,1,2784,2784.0,2784.0,2784,2784,0.0,"void at::native::vectorized_elementwise_kernel<(int)4, at::native::BinaryFunctor<unsigned char, unsigned char, bool, at::native::<unnamed>::CompareEqFunctor<unsigned char>>, std::array<char *, (unsigned long)3>>(int, T2, T3)"
:stage.process:model.layers.1.self_attn.q_proj,PushPop,2264054,2266203,1,1,2176,2176.0,2176.0,2176,2176,0.0,"void at::native::unrolled_elementwise_kernel<at::native::direct_copy_kernel_cuda(at::TensorIteratorBase &)::[lambda() (instance 3)]::operator ()() const::[lambda() (instance 11)]::operator ()() const::[lambda(bool) (instance 1)], std::array<char *, (unsigned long)2>, (int)4, TrivialOffsetCalculator<(int)1, unsigned int>, TrivialOffsetCalculator<(int)1, unsigned int>, at::native::memory::LoadWithCast<(int)1>, at::native::memory::StoreWithCast<(int)1>>(int, T1, T2, T4, T5, T6, T7)"
:stage.process:model.layers.1.self_attn.q_proj,PushPop,2264054,2266203,1,1,2144,2144.0,2144.0,2144,2144,0.0,"void at::native::vectorized_elementwise_kernel<(int)4, at::native::sqrt_kernel_cuda(at::TensorIteratorBase &)::[lambda() (instance 2)]::operator ()() const::[lambda() (instance 2)]::operator ()() const::[lambda(float) (instance 1)], std::array<char *, (unsigned long)2>>(int, T2, T3)"
:stage.process:model.layers.1.self_attn.q_proj,PushPop,2264054,2266203,1,1,2080,2080.0,2080.0,2080,2080,0.0,"void at::native::unrolled_elementwise_kernel<at::native::<unnamed>::CompareFunctor<c10::Half>, std::array<char *, (unsigned long)3>, (int)4, TrivialOffsetCalculator<(int)2, unsigned int>, TrivialOffsetCalculator<(int)1, unsigned int>, at::native::memory::LoadWithoutCast, at::native::memory::StoreWithoutCast>(int, T1, T2, T4, T5, T6, T7)"
:stage.process:model.layers.1.self_attn.q_proj,PushPop,2264054,2266203,1,1,1792,1792.0,1792.0,1792,1792,0.0,"void at::native::vectorized_elementwise_kernel<(int)4, at::native::<unnamed>::launch_clamp_scalar(at::TensorIteratorBase &, c10::Scalar, c10::Scalar, at::native::detail::ClampLimits)::[lambda() (instance 1)]::operator ()() const::[lambda() (instance 7)]::operator ()() const::[lambda(float) (instance 1)], std::array<char *, (unsigned long)2>>(int, T2, T3)"
:stage.process:model.layers.1.self_attn.v_proj,PushPop,2264054,2266203,1,9680,1720109126,177697.2,147520.0,132225,307617,62575.5,"void <unnamed>::qvq_v2_segment_grid_kernel<(int)4, (int)2, (int)16, (bool)1, (bool)0, __half, unsigned char>(const float *, const T6 *, const float *, const long *, const float *, const float *, float *, T7 *, unsigned char *, int, int, int, bool, bool)"
:stage.process:model.layers.1.self_attn.v_proj,PushPop,2264054,2266203,1,574,786450222,1370122.3,1368421.0,1354053,1430373,8003.7,"void <unnamed>::qvq_viterbi_kernel<(int)4, (int)2, __half, unsigned char>(const float *, const T3 *, const float *, const long *, const float *, T4 *, long *, float *, int, int, int, bool, bool, bool)"
:stage.process:model.layers.1.self_attn.v_proj,PushPop,2264054,2266203,1,1210,101501443,83885.5,80928.0,66176,103808,9909.6,"void <unnamed>::qvq_v2_segment_grid_finalize_kernel<(int)4, (int)2, (int)16, (bool)0, __half, unsigned char>(const float *, const T5 *, const float *, const long *, const float *, const float *, const T6 *, const unsigned char *, long *, unsigned char *, float *, int, int, bool, bool)"
:stage.process:model.layers.1.self_attn.v_proj,PushPop,2264054,2266203,1,468,30165034,64455.2,70592.5,20832,71937,14661.3,void cutlass::Kernel2<cutlass_80_simt_sgemm_128x32_8x5_nt_align1>(T1::Params)
:stage.process:model.layers.1.self_attn.v_proj,PushPop,2264054,2266203,1,2544,23118277,9087.4,7680.0,3968,18272,3867.4,"void at::native::index_elementwise_kernel<(int)128, (int)4, void at::native::gpu_index_kernel<void at::native::index_kernel_impl<at::native::OpaqueType<(int)4>>(at::TensorIteratorBase &, c10::ArrayRef<long>, c10::ArrayRef<long>)::[lambda(char *, const char *, long) (instance 1)]>(at::TensorIteratorBase &, c10::ArrayRef<long>, c10::ArrayRef<long>, const T1 &, bool)::[lambda(int) (instance 1)]>(long, T3)"
:stage.process:model.layers.1.self_attn.v_proj,PushPop,2264054,2266203,1,2580,13137196,5091.9,4576.0,2624,11808,1594.5,"void at::native::reduce_kernel<(int)512, (int)1, at::native::ReduceOp<bool, at::native::func_wrapper_t<bool, at::native::and_kernel_cuda(at::TensorIterator &)::[lambda() (instance 1)]::operator ()() const::[lambda() (instance 12)]::operator ()() const::[lambda(bool, bool) (instance 1)]>, unsigned int, bool, (int)4, (int)4>>(T3)"
:stage.process:model.layers.1.self_attn.v_proj,PushPop,2264054,2266203,1,1021,8796908,8616.0,8640.0,4416,12928,1778.9,"void at::native::index_elementwise_kernel<(int)128, (int)4, void at::native::gpu_index_kernel<void at::native::index_kernel_impl<at::native::OpaqueType<(int)2>>(at::TensorIteratorBase &, c10::ArrayRef<long>, c10::ArrayRef<long>)::[lambda(char *, const char *, long) (instance 1)]>(at::TensorIteratorBase &, c10::ArrayRef<long>, c10::ArrayRef<long>, const T1 &, bool)::[lambda(int) (instance 1)]>(long, T3)"
:stage.process:model.layers.1.self_attn.v_proj,PushPop,2264054,2266203,1,1272,8127484,6389.5,6480.5,3488,6945,385.5,"void at::native::index_elementwise_kernel<(int)128, (int)4, void at::native::gpu_index_kernel<void at::native::index_put_kernel_impl<at::native::OpaqueType<(int)4>>(at::TensorIterator &, c10::ArrayRef<long>, c10::ArrayRef<long>)::[lambda(char *, const char *, long) (instance 1)]>(at::TensorIteratorBase &, c10::ArrayRef<long>, c10::ArrayRef<long>, const T1 &, bool)::[lambda(int) (instance 1)]>(long, T3)"
:stage.process:model.layers.1.self_attn.v_proj,PushPop,2264054,2266203,1,1404,6481811,4616.7,4640.0,3168,5024,272.0,"void at::native::reduce_kernel<(int)512, (int)1, at::native::ReduceOp<float, at::native::func_wrapper_t<float, at::native::MaxNanFunctor<float>>, unsigned int, float, (int)4, (int)4>>(T3)"
:stage.process:model.layers.1.self_attn.v_proj,PushPop,2264054,2266203,1,772,6450741,8355.9,8352.0,8064,8768,85.0,"void at::native::reduce_kernel<(int)512, (int)1, at::native::ReduceOp<c10::Half, at::native::func_wrapper_t<c10::Half, at::native::MaxNanFunctor<c10::Half>>, unsigned int, c10::Half, (int)4, (int)4>>(T3)"
:stage.process:model.layers.1.self_attn.v_proj,PushPop,2264054,2266203,1,1841,6051983,3287.3,3104.0,2144,47040,2720.5,"void at::native::elementwise_kernel<(int)128, (int)2, void at::native::gpu_kernel_impl_nocast<at::native::direct_copy_kernel_cuda(at::TensorIteratorBase &)::[lambda() (instance 3)]::operator ()() const::[lambda() (instance 7)]::operator ()() const::[lambda(float) (instance 1)]>(at::TensorIteratorBase &, const T1 &)::[lambda(int) (instance 1)]>(int, T3)"
:stage.process:model.layers.1.self_attn.v_proj,PushPop,2264054,2266203,1,400,5824630,14561.6,4032.0,4000,67296,20374.9,ampere_sgemm_32x128_nt
:stage.process:model.layers.1.self_attn.v_proj,PushPop,2264054,2266203,1,2843,5781165,2033.5,1984.0,1504,18432,551.4,"void at::native::vectorized_elementwise_kernel<(int)4, at::native::AbsFunctor<float>, std::array<char *, (unsigned long)2>>(int, T2, T3)"
:stage.process:model.layers.1.self_attn.v_proj,PushPop,2264054,2266203,1,1784,5019535,2813.6,2720.0,2176,4512,658.9,"<unnamed>::qvq_half2_codebook_norm_pack_kernel(const __half *, unsigned long *, int)"
:stage.process:model.layers.1.self_attn.v_proj,PushPop,2264054,2266203,1,66,5014357,75975.1,47440.0,38912,245633,71330.8,ampere_sgemm_32x32_sliced1x4_nt
:stage.process:model.layers.1.self_attn.v_proj,PushPop,2264054,2266203,1,2209,4655381,2107.5,2048.0,1536,6656,219.6,"void at::native::vectorized_elementwise_kernel<(int)4, at::native::BinaryFunctor<bool, bool, bool, at::native::binary_internal::MulFunctor<bool>>, std::array<char *, (unsigned long)3>>(int, T2, T3)"
:stage.process:model.layers.1.self_attn.v_proj,PushPop,2264054,2266203,1,262,4598000,17549.6,5056.0,3360,58944,17555.8,"void gemmSN_NN_kernel<float, (int)256, (int)4, (int)2, (int)8, (int)4, (int)4, (bool)0, cublasGemvTensorStridedBatched<const float>, cublasGemvTensorStridedBatched<const float>, cublasGemvTensorStridedBatched<float>>(cublasGemmSmallNParams<T9, T10, T11, T1>)"
:stage.process:model.layers.1.self_attn.v_proj,PushPop,2264054,2266203,1,636,4284298,6736.3,6880.0,3360,7456,565.1,"void at::native::index_elementwise_kernel<(int)128, (int)4, void at::native::gpu_index_kernel<void at::native::index_put_kernel_impl<at::native::OpaqueType<(int)8>>(at::TensorIterator &, c10::ArrayRef<long>, c10::ArrayRef<long>)::[lambda(char *, const char *, long) (instance 1)]>(at::TensorIteratorBase &, c10::ArrayRef<long>, c10::ArrayRef<long>, const T1 &, bool)::[lambda(int) (instance 1)]>(long, T3)"
:stage.process:model.layers.1.self_attn.v_proj,PushPop,2264054,2266203,1,901,3510186,3895.9,3841.0,2624,7008,247.5,"void at::native::unrolled_elementwise_kernel<at::native::direct_copy_kernel_cuda(at::TensorIteratorBase &)::[lambda() (instance 3)]::operator ()() const::[lambda() (instance 7)]::operator ()() const::[lambda(float) (instance 1)], std::array<char *, (unsigned long)2>, (int)4, TrivialOffsetCalculator<(int)1, unsigned int>, TrivialOffsetCalculator<(int)1, unsigned int>, at::native::memory::LoadWithCast<(int)1>, at::native::memory::StoreWithCast<(int)1>>(int, T1, T2, T4, T5, T6, T7)"
:stage.process:model.layers.1.self_attn.v_proj,PushPop,2264054,2266203,1,1542,3302921,2142.0,2144.0,1664,3040,56.9,"void at::native::vectorized_elementwise_kernel<(int)4, at::native::AbsFunctor<c10::Half>, std::array<char *, (unsigned long)2>>(int, T2, T3)"
:stage.process:model.layers.1.self_attn.v_proj,PushPop,2264054,2266203,1,516,3160170,6124.4,6400.0,4352,6848,675.7,"void gemmSN_NN_kernel<float, (int)128, (int)2, (int)4, (int)8, (int)4, (int)4, (bool)0, cublasGemvTensorStridedBatched<const float>, cublasGemvTensorStridedBatched<const float>, cublasGemvTensorStridedBatched<float>>(cublasGemmSmallNParams<T9, T10, T11, T1>)"
:stage.process:model.layers.1.self_attn.v_proj,PushPop,2264054,2266203,1,1440,3005608,2087.2,2080.0,1472,12832,571.9,"void at::native::vectorized_elementwise_kernel<(int)4, at::native::BinaryFunctor<float, float, bool, at::native::<unnamed>::CompareEqFunctor<float>>, std::array<char *, (unsigned long)3>>(int, T2, T3)"
:stage.process:model.layers.1.self_attn.v_proj,PushPop,2264054,2266203,1,1439,2943341,2045.4,2048.0,1536,5984,232.7,"void at::native::vectorized_elementwise_kernel<(int)4, at::native::AUnaryFunctor<float, float, bool, at::native::<unnamed>::CompareEqFunctor<float>>, std::array<char *, (unsigned long)2>>(int, T2, T3)"
:stage.process:model.layers.1.self_attn.v_proj,PushPop,2264054,2266203,1,12,2857100,238091.7,241105.0,231201,241761,4860.0,ampere_sgemm_128x64_nn
:stage.process:model.layers.1.self_attn.v_proj,PushPop,2264054,2266203,1,862,2648045,3072.0,2976.0,1856,8672,285.9,"void at::native::elementwise_kernel<(int)128, (int)2, void at::native::gpu_kernel_impl_nocast<at::native::direct_copy_kernel_cuda(at::TensorIteratorBase &)::[lambda() (instance 3)]::operator ()() const::[lambda() (instance 4)]::operator ()() const::[lambda(long) (instance 1)]>(at::TensorIteratorBase &, const T1 &)::[lambda(int) (instance 1)]>(int, T3)"
:stage.process:model.layers.1.self_attn.v_proj,PushPop,2264054,2266203,1,282,2324617,8243.3,8224.0,7872,8544,64.8,"void batch_trsm_left_kernel<float, (int)64, (int)4, (int)3, (bool)0, (bool)0, (bool)1>(cublasTrsmBatchParams2<T1>, T1, const T1 *, int)"
:stage.process:model.layers.1.self_attn.v_proj,PushPop,2264054,2266203,1,1276,2288773,1793.7,1792.0,1536,2208,108.7,"void at::native::vectorized_elementwise_kernel<(int)4, at::native::BinaryFunctor<bool, bool, bool, at::native::logical_or_kernel_cuda(at::TensorIterator &)::[lambda() (instance 2)]::operator ()() const::[lambda() (instance 9)]::operator ()() const::[lambda(bool, bool) (instance 1)]>, std::array<char *, (unsigned long)3>>(int, T2, T3)"
:stage.process:model.layers.1.self_attn.v_proj,PushPop,2264054,2266203,1,477,2218728,4651.4,4833.0,3232,5504,575.6,"void at::native::index_elementwise_kernel<(int)128, (int)4, void at::native::gpu_index_kernel<void at::native::index_put_kernel_impl<at::native::OpaqueType<(int)1>>(at::TensorIterator &, c10::ArrayRef<long>, c10::ArrayRef<long>)::[lambda(char *, const char *, long) (instance 1)]>(at::TensorIteratorBase &, c10::ArrayRef<long>, c10::ArrayRef<long>, const T1 &, bool)::[lambda(int) (instance 1)]>(long, T3)"
:stage.process:model.layers.1.self_attn.v_proj,PushPop,2264054,2266203,1,892,2197967,2464.1,2432.0,1760,2752,123.7,"void at::native::roll_cuda_kernel<float>(const T1 *, T1 *, long, long, long, long, long, long)"
:stage.process:model.layers.1.self_attn.v_proj,PushPop,2264054,2266203,1,3,2082056,694018.7,921795.0,236193,924068,396490.3,"void kernel<getrf_wo_pivot_params_<float, (int)0, (int)256, (int)1, (int)64, (int)64, (int)68, (int)8, (int)1, (int)1>>(int, int, void *, int, void *, int, int, int, int, int, int *)"
:stage.process:model.layers.1.self_attn.v_proj,PushPop,2264054,2266203,1,413,2029319,4913.6,3904.0,3200,46081,3280.2,"void at::native::elementwise_kernel<(int)128, (int)2, void at::native::gpu_kernel_impl_nocast<at::native::CUDAFunctor_add<float>>(at::TensorIteratorBase &, const T1 &)::[lambda(int) (instance 1)]>(int, T3)"
:stage.process:model.layers.1.self_attn.v_proj,PushPop,2264054,2266203,1,884,1950885,2206.9,2240.0,1824,2656,145.5,"void at::native::elementwise_kernel<(int)128, (int)2, void at::native::gpu_kernel_impl_nocast<at::native::AUnaryFunctor<long, long, long, at::native::BitwiseAndFunctor<long>>>(at::TensorIteratorBase &, const T1 &)::[lambda(int) (instance 1)]>(int, T3)"
:stage.process:model.layers.1.self_attn.v_proj,PushPop,2264054,2266203,1,1150,1886853,1640.7,1664.0,1536,2048,56.5,"void at::native::vectorized_elementwise_kernel<(int)4, void at::native::compare_scalar_kernel<float>(at::TensorIteratorBase &, at::native::<unnamed>::OpType, T1)::[lambda(float) (instance 1)], std::array<char *, (unsigned long)2>>(int, T2, T3)"
:stage.process:model.layers.1.self_attn.v_proj,PushPop,2264054,2266203,1,792,1862983,2352.3,2208.0,1536,9568,867.2,"void at::native::vectorized_elementwise_kernel<(int)4, at::native::CUDAFunctor_add<float>, std::array<char *, (unsigned long)3>>(int, T2, T3)"
:stage.process:model.layers.1.self_attn.v_proj,PushPop,2264054,2266203,1,770,1729063,2245.5,2240.0,1760,2304,23.8,"void at::native::vectorized_elementwise_kernel<(int)4, at::native::BinaryFunctor<c10::Half, c10::Half, bool, at::native::<unnamed>::CompareEqFunctor<c10::Half>>, std::array<char *, (unsigned long)3>>(int, T2, T3)"
:stage.process:model.layers.1.self_attn.v_proj,PushPop,2264054,2266203,1,770,1710183,2221.0,2208.0,1792,2272,24.1,"void at::native::vectorized_elementwise_kernel<(int)4, at::native::AUnaryFunctor<c10::Half, c10::Half, bool, at::native::<unnamed>::CompareEqFunctor<c10::Half>>, std::array<char *, (unsigned long)2>>(int, T2, T3)"
:stage.process:model.layers.1.self_attn.v_proj,PushPop,2264054,2266203,1,613,1611013,2628.1,2656.0,1792,4832,383.5,"void at::native::unrolled_elementwise_kernel<at::native::direct_copy_kernel_cuda(at::TensorIteratorBase &)::[lambda() (instance 3)]::operator ()() const::[lambda() (instance 4)]::operator ()() const::[lambda(long) (instance 1)], std::array<char *, (unsigned long)2>, (int)4, TrivialOffsetCalculator<(int)1, unsigned int>, TrivialOffsetCalculator<(int)1, unsigned int>, at::native::memory::LoadWithCast<(int)1>, at::native::memory::StoreWithCast<(int)1>>(int, T1, T2, T4, T5, T6, T7)"
:stage.process:model.layers.1.self_attn.v_proj,PushPop,2264054,2266203,1,82,1509159,18404.4,9792.0,6048,90464,26317.9,ampere_sgemm_32x32_sliced1x4_nn
:stage.process:model.layers.1.self_attn.v_proj,PushPop,2264054,2266203,1,782,1361641,1741.2,1728.0,1600,4768,203.6,"void at::native::vectorized_elementwise_kernel<(int)4, void at::native::compare_scalar_kernel<long>(at::TensorIteratorBase &, at::native::<unnamed>::OpType, T1)::[lambda(long) (instance 1)], std::array<char *, (unsigned long)2>>(int, T2, T3)"
:stage.process:model.layers.1.self_attn.v_proj,PushPop,2264054,2266203,1,512,1279588,2499.2,2496.0,2368,2752,58.7,"void at::native::unrolled_elementwise_kernel<at::native::BinaryFunctor<float, float, float, at::native::maximum_kernel_cuda(at::TensorIteratorBase &)::[lambda() (instance 2)]::operator ()() const::[lambda() (instance 2)]::operator ()() const::[lambda(float, float) (instance 1)]>, std::array<char *, (unsigned long)3>, (int)4, TrivialOffsetCalculator<(int)2, unsigned int>, TrivialOffsetCalculator<(int)1, unsigned int>, at::native::memory::LoadWithCast<(int)2>, at::native::memory::StoreWithCast<(int)1>>(int, T1, T2, T4, T5, T6, T7)"
:stage.process:model.layers.1.self_attn.v_proj,PushPop,2264054,2266203,1,636,1190503,1871.9,1856.0,1632,2272,100.7,"void at::native::vectorized_elementwise_kernel<(int)4, at::native::bitwise_not_kernel_cuda(at::TensorIteratorBase &)::[lambda(bool) (instance 1)], std::array<char *, (unsigned long)2>>(int, T2, T3)"
:stage.process:model.layers.1.self_attn.v_proj,PushPop,2264054,2266203,1,256,1027817,4014.9,3936.0,3808,4256,176.9,"void at::native::elementwise_kernel<(int)128, (int)4, void at::native::gpu_kernel_impl_nocast<at::native::direct_copy_kernel_cuda(at::TensorIteratorBase &)::[lambda() (instance 3)]::operator ()() const::[lambda() (instance 10)]::operator ()() const::[lambda(c10::Half) (instance 1)]>(at::TensorIteratorBase &, const T1 &)::[lambda(int) (instance 1)]>(int, T3)"
:stage.process:model.layers.1.self_attn.v_proj,PushPop,2264054,2266203,1,263,927105,3525.1,3392.0,3168,8704,756.2,"void at::native::reduce_kernel<(int)512, (int)1, at::native::ReduceOp<bool, at::native::func_wrapper_t<bool, at::native::or_kernel_cuda(at::TensorIterator &)::[lambda() (instance 1)]::operator ()() const::[lambda() (instance 12)]::operator ()() const::[lambda(bool, bool) (instance 1)]>, unsigned int, bool, (int)4, (int)4>>(T3)"
:stage.process:model.layers.1.self_attn.v_proj,PushPop,2264054,2266203,1,638,895204,1403.1,1408.0,1312,3264,115.7,"void at::native::vectorized_elementwise_kernel<(int)2, at::native::FillFunctor<long>, std::array<char *, (unsigned long)1>>(int, T2, T3)"
:stage.process:model.layers.1.self_attn.v_proj,PushPop,2264054,2266203,1,587,803203,1368.3,1376.0,1248,2144,74.5,"void <unnamed>::elementwise_kernel_with_index<int, at::native::arange_cuda_out(const c10::Scalar &, const c10::Scalar &, const c10::Scalar &, at::Tensor &)::[lambda() (instance 1)]::operator ()() const::[lambda() (instance 4)]::operator ()() const::[lambda(long) (instance 1)]>(T1, T2, function_traits<T2>::result_type *)"
:stage.process:model.layers.1.self_attn.v_proj,PushPop,2264054,2266203,1,128,601025,4695.5,4672.0,4416,5088,98.0,"void at::native::unrolled_elementwise_kernel<at::native::CUDAFunctor_add<float>, std::array<char *, (unsigned long)3>, (int)4, TrivialOffsetCalculator<(int)2, unsigned int>, TrivialOffsetCalculator<(int)1, unsigned int>, at::native::memory::LoadWithCast<(int)2>, at::native::memory::StoreWithCast<(int)1>>(int, T1, T2, T4, T5, T6, T7)"
:stage.process:model.layers.1.self_attn.v_proj,PushPop,2264054,2266203,1,2,448322,224161.0,224161.0,224161,224161,0.0,ampere_sgemm_128x32_nn
:stage.process:model.layers.1.self_attn.v_proj,PushPop,2264054,2266203,1,263,441441,1678.5,1632.0,1600,2592,130.7,"void at::native::vectorized_elementwise_kernel<(int)4, at::native::BinaryFunctor<bool, bool, bool, at::native::BitwiseOrFunctor<bool>>, std::array<char *, (unsigned long)3>>(int, T2, T3)"
:stage.process:model.layers.1.self_attn.v_proj,PushPop,2264054,2266203,1,129,414242,3211.2,3136.0,2976,3968,146.2,"void at::native::elementwise_kernel<(int)128, (int)4, void at::native::gpu_kernel_impl_nocast<at::native::direct_copy_kernel_cuda(at::TensorIteratorBase &)::[lambda() (instance 3)]::operator ()() const::[lambda() (instance 1)]::operator ()() const::[lambda(unsigned char) (instance 1)]>(at::TensorIteratorBase &, const T1 &)::[lambda(int) (instance 1)]>(int, T3)"
:stage.process:model.layers.1.self_attn.v_proj,PushPop,2264054,2266203,1,42,381856,9091.8,8624.0,7392,11168,1294.5,ampere_sgemm_64x32_sliced1x4_nn
:stage.process:model.layers.1.self_attn.v_proj,PushPop,2264054,2266203,1,114,351136,3080.1,3072.0,2496,3744,268.6,"void cublasLt::splitKreduce_kernel<(int)32, (int)16, int, float, float, float, float, (bool)0, float, float, float, (bool)1, (bool)0, (bool)0, (bool)0>(cublasLt::cublasSplitKParams<T6>, const T4 *, const T10 *, T9 *, T5 *, const T6 *, const T6 *, const T11 *, const T4 *, T11 *, void *, long, T6 *, int *, T6 *, T6 *, const T6 *, const T6 *, const T6 *, const T6 *, const T6 *)"
:stage.process:model.layers.1.self_attn.v_proj,PushPop,2264054,2266203,1,4,289184,72296.0,71520.0,71168,74976,1799.1,ampere_sgemm_32x128_tn
:stage.process:model.layers.1.self_attn.v_proj,PushPop,2264054,2266203,1,128,264320,2065.0,2080.0,2048,2080,16.0,"void at::native::elementwise_kernel<(int)128, (int)2, void at::native::gpu_kernel_impl_nocast<at::native::BUnaryFunctor<long, long, long, at::native::rshift_kernel_cuda(at::TensorIteratorBase &)::[lambda() (instance 1)]::operator ()() const::[lambda() (instance 4)]::operator ()() const::[lambda(long, long) (instance 1)]>>(at::TensorIteratorBase &, const T1 &)::[lambda(int) (instance 1)]>(int, T3)"
:stage.process:model.layers.1.self_attn.v_proj,PushPop,2264054,2266203,1,132,247136,1872.2,1760.0,1664,6720,832.1,"void at::native::vectorized_elementwise_kernel<(int)4, at::native::BinaryFunctor<long, long, bool, at::native::<unnamed>::CompareEqFunctor<long>>, std::array<char *, (unsigned long)3>>(int, T2, T3)"
:stage.process:model.layers.1.self_attn.v_proj,PushPop,2264054,2266203,1,12,210369,17530.8,20288.0,11232,21441,4544.7,"void at::native::<unnamed>::CatArrayBatchedCopy<at::native::<unnamed>::OpaqueType<(unsigned int)4>, unsigned int, (int)2, (int)64, (int)64>(T1 *, at::native::<unnamed>::CatArrInputTensorMetadata<T1, T2, T4, T5>, at::native::<unnamed>::TensorSizeStride<T2, (unsigned int)4>, int, T2)"
:stage.process:model.layers.1.self_attn.v_proj,PushPop,2264054,2266203,1,3,179808,59936.0,87424.0,4832,87552,47721.5,"void at::native::reduce_kernel<(int)512, (int)1, at::native::ReduceOp<long, at::native::func_wrapper_t<long, at::native::sum_functor<long, long, long>::operator ()(at::TensorIterator &)::[lambda(long, long) (instance 1)]>, unsigned int, long, (int)4, (int)4>>(T3)"
:stage.process:model.layers.1.self_attn.v_proj,PushPop,2264054,2266203,1,11,155392,14126.5,3712.0,2304,62976,24034.6,"void at::native::vectorized_elementwise_kernel<(int)2, at::native::AUnaryFunctor<long, long, long, at::native::BitwiseAndFunctor<long>>, std::array<char *, (unsigned long)2>>(int, T2, T3)"
:stage.process:model.layers.1.self_attn.v_proj,PushPop,2264054,2266203,1,1,145441,145441.0,145441.0,145441,145441,0.0,ampere_sgemm_128x32_tn
:stage.process:model.layers.1.self_attn.v_proj,PushPop,2264054,2266203,1,4,145056,36264.0,36240.0,4928,67648,36128.4,"void at::native::elementwise_kernel<(int)128, (int)2, void at::native::gpu_kernel_impl_nocast<at::native::BinaryFunctor<long, long, long, at::native::rshift_kernel_cuda(at::TensorIteratorBase &)::[lambda() (instance 1)]::operator ()() const::[lambda() (instance 4)]::operator ()() const::[lambda(long, long) (instance 1)]>>(at::TensorIteratorBase &, const T1 &)::[lambda(int) (instance 1)]>(int, T3)"
:stage.process:model.layers.1.self_attn.v_proj,PushPop,2264054,2266203,1,4,143394,35848.5,36256.5,3456,67425,36449.3,"void at::native::elementwise_kernel<(int)128, (int)2, void at::native::gpu_kernel_impl_nocast<at::native::BinaryFunctor<long, long, long, at::native::lshift_kernel_cuda(at::TensorIteratorBase &)::[lambda() (instance 1)]::operator ()() const::[lambda() (instance 4)]::operator ()() const::[lambda(long, long) (instance 1)]>>(at::TensorIteratorBase &, const T1 &)::[lambda(int) (instance 1)]>(int, T3)"
:stage.process:model.layers.1.self_attn.v_proj,PushPop,2264054,2266203,1,6,132192,22032.0,21984.0,16192,27936,6374.3,"void trsm_batch_left_upper_kernel_small<float, (int)16, (int)16, (int)64>(cublasTrsmBatchParams<T1>, const T1 *const *, T1 *const *, const T1 *, T1)"
:stage.process:model.layers.1.self_attn.v_proj,PushPop,2264054,2266203,1,3,120672,40224.0,56512.0,7424,56736,28405.9,"void at::native::index_elementwise_kernel<(int)128, (int)4, void at::native::gpu_index_kernel<void at::native::index_kernel_impl<at::native::OpaqueType<(int)8>>(at::TensorIteratorBase &, c10::ArrayRef<long>, c10::ArrayRef<long>)::[lambda(char *, const char *, long) (instance 1)]>(at::TensorIteratorBase &, c10::ArrayRef<long>, c10::ArrayRef<long>, const T1 &, bool)::[lambda(int) (instance 1)]>(long, T3)"
:stage.process:model.layers.1.self_attn.v_proj,PushPop,2264054,2266203,1,3,96832,32277.3,44992.0,6272,45568,22523.1,"void at::native::triu_tril_kernel<float, int, (bool)0, (int)2, (bool)1>(at::cuda::detail::TensorInfo<T1, T2>, at::cuda::detail::TensorInfo<const T1, T2>, long, long, T2)"
:stage.process:model.layers.1.self_attn.v_proj,PushPop,2264054,2266203,1,10,80512,8051.2,8048.0,7392,8416,273.3,"void at::native::reduce_kernel<(int)512, (int)1, at::native::ReduceOp<float, at::native::func_wrapper_t<float, at::native::sum_functor<float, float, float>::operator ()(at::TensorIterator &)::[lambda(float, float) (instance 1)]>, unsigned int, float, (int)4, (int)4>>(T3)"
:stage.process:model.layers.1.self_attn.v_proj,PushPop,2264054,2266203,1,10,80384,8038.4,6128.0,3392,20576,6020.4,"void at::native::elementwise_kernel<(int)128, (int)2, void at::native::gpu_kernel_impl_nocast<at::native::BinaryFunctor<float, float, float, at::native::binary_internal::MulFunctor<float>>>(at::TensorIteratorBase &, const T1 &)::[lambda(int) (instance 1)]>(int, T3)"
:stage.process:model.layers.1.self_attn.v_proj,PushPop,2264054,2266203,1,10,69313,6931.3,7584.5,3456,8256,1679.4,"void at::native::reduce_kernel<(int)512, (int)1, at::native::ReduceOp<float, at::native::MeanOps<float, float, float, float>, unsigned int, float, (int)4, (int)4>>(T3)"
:stage.process:model.layers.1.self_attn.v_proj,PushPop,2264054,2266203,1,14,60640,4331.4,3296.0,1312,8384,2507.5,"void at::native::vectorized_elementwise_kernel<(int)4, at::native::FillFunctor<float>, std::array<char *, (unsigned long)1>>(int, T2, T3)"
:stage.process:model.layers.1.self_attn.v_proj,PushPop,2264054,2266203,1,9,45504,5056.0,3648.0,1632,11712,3787.2,"void at::native::vectorized_elementwise_kernel<(int)4, at::native::BUnaryFunctor<float, float, float, at::native::binary_internal::MulFunctor<float>>, std::array<char *, (unsigned long)2>>(int, T2, T3)"
:stage.process:model.layers.1.self_attn.v_proj,PushPop,2264054,2266203,1,9,40448,4494.2,4480.0,4192,4800,198.0,"void at::native::vectorized_elementwise_kernel<(int)4, at::native::BinaryFunctor<float, float, float, at::native::binary_internal::MulFunctor<float>>, std::array<char *, (unsigned long)3>>(int, T2, T3)"
:stage.process:model.layers.1.self_attn.v_proj,PushPop,2264054,2266203,1,10,38912,3891.2,3888.0,3808,3936,45.8,"void dot_kernel<float, (int)128, (int)0, cublasDotParams<cublasGemvTensorStridedBatched<const float>, cublasGemvTensorStridedBatched<float>>>(T4)"
:stage.process:model.layers.1.self_attn.v_proj,PushPop,2264054,2266203,1,10,36672,3667.2,3424.0,3232,4320,457.4,"void at::native::elementwise_kernel<(int)128, (int)2, void at::native::gpu_kernel_impl_nocast<at::native::CUDAFunctorOnSelf_add<float>>(at::TensorIteratorBase &, const T1 &)::[lambda(int) (instance 1)]>(int, T3)"
:stage.process:model.layers.1.self_attn.v_proj,PushPop,2264054,2266203,1,10,27712,2771.2,2784.0,2688,2816,45.8,"void reduce_1Block_kernel<float, (int)128, (int)7, cublasGemvTensorStridedBatched<float>, cublasGemvTensorStridedBatched<const float>, cublasGemvTensorStridedBatched<float>>(const T1 *, T1, T4, int, const T1 *, T1, T5, T6, cublasPointerMode_t, cublasLtEpilogue_t, cublasGemvTensorStridedBatched<const biasType<T6::value_type, T1>::type>)"
:stage.process:model.layers.1.self_attn.v_proj,PushPop,2264054,2266203,1,12,25088,2090.7,2128.0,1888,2304,151.5,"void at::native::vectorized_elementwise_kernel<(int)4, at::native::<unnamed>::CompareFunctor<float>, std::array<char *, (unsigned long)3>>(int, T2, T3)"
:stage.process:model.layers.1.self_attn.v_proj,PushPop,2264054,2266203,1,6,20672,3445.3,1760.0,1472,11456,3945.3,"void at::native::vectorized_elementwise_kernel<(int)4, at::native::AUnaryFunctor<float, float, float, at::native::binary_internal::MulFunctor<float>>, std::array<char *, (unsigned long)2>>(int, T2, T3)"
:stage.process:model.layers.1.self_attn.v_proj,PushPop,2264054,2266203,1,4,14912,3728.0,3696.0,3680,3840,76.2,"void at::native::vectorized_elementwise_kernel<(int)2, at::native::BUnaryFunctor<long, long, long, at::native::rshift_kernel_cuda(at::TensorIteratorBase &)::[lambda() (instance 1)]::operator ()() const::[lambda() (instance 4)]::operator ()() const::[lambda(long, long) (instance 1)]>, std::array<char *, (unsigned long)2>>(int, T2, T3)"
:stage.process:model.layers.1.self_attn.v_proj,PushPop,2264054,2266203,1,1,14880,14880.0,14880.0,14880,14880,0.0,"void at::native::<unnamed>::CatArrayBatchedCopy_alignedK_contig<at::native::<unnamed>::OpaqueType<(unsigned int)8>, unsigned int, (int)3, (int)128, (int)1, (int)16>(T1 *, at::native::<unnamed>::CatArrInputTensorMetadata<T1, T2, T4, T5>, at::native::<unnamed>::TensorSizeStride<T2, (unsigned int)4>, int, T2)"
:stage.process:model.layers.1.self_attn.v_proj,PushPop,2264054,2266203,1,4,14144,3536.0,3536.0,3456,3616,76.2,"void at::native::vectorized_elementwise_kernel<(int)2, at::native::BUnaryFunctor<long, long, long, at::native::remainder_kernel_cuda(at::TensorIteratorBase &)::[lambda() (instance 1)]::operator ()() const::[lambda() (instance 4)]::operator ()() const::[lambda(long, long) (instance 1)]>, std::array<char *, (unsigned long)2>>(int, T2, T3)"
:stage.process:model.layers.1.self_attn.v_proj,PushPop,2264054,2266203,1,3,13568,4522.7,4032.0,4000,5536,877.7,"void at::native::vectorized_elementwise_kernel<(int)2, at::native::BinaryFunctor<long, long, long, at::native::BitwiseXorFunctor<long>>, std::array<char *, (unsigned long)3>>(int, T2, T3)"
:stage.process:model.layers.1.self_attn.v_proj,PushPop,2264054,2266203,1,8,12320,1540.0,1536.0,1440,1600,46.6,"void at::native::unrolled_elementwise_kernel<at::native::AUnaryFunctor<long, long, long, at::native::BitwiseAndFunctor<long>>, std::array<char *, (unsigned long)2>, (int)4, TrivialOffsetCalculator<(int)1, unsigned int>, TrivialOffsetCalculator<(int)1, unsigned int>, at::native::memory::LoadWithoutCast, at::native::memory::StoreWithoutCast>(int, T1, T2, T4, T5, T6, T7)"
:stage.process:model.layers.1.self_attn.v_proj,PushPop,2264054,2266203,1,3,12096,4032.0,4032.0,3648,4416,384.0,"void at::native::unrolled_elementwise_kernel<at::native::direct_copy_kernel_cuda(at::TensorIteratorBase &)::[lambda() (instance 3)]::operator ()() const::[lambda() (instance 3)]::operator ()() const::[lambda(int) (instance 1)], std::array<char *, (unsigned long)2>, (int)4, TrivialOffsetCalculator<(int)1, unsigned int>, TrivialOffsetCalculator<(int)1, unsigned int>, at::native::memory::LoadWithCast<(int)1>, at::native::memory::StoreWithCast<(int)1>>(int, T1, T2, T4, T5, T6, T7)"
:stage.process:model.layers.1.self_attn.v_proj,PushPop,2264054,2266203,1,6,12096,2016.0,1680.0,1632,3744,846.9,"void at::native::vectorized_elementwise_kernel<(int)2, at::native::AUnaryFunctor<long, long, long, at::native::binary_internal::MulFunctor<long>>, std::array<char *, (unsigned long)2>>(int, T2, T3)"
:stage.process:model.layers.1.self_attn.v_proj,PushPop,2264054,2266203,1,6,10976,1829.3,1824.0,1824,1856,13.1,"void at::native::vectorized_elementwise_kernel<(int)4, at::native::FillFunctor<unsigned char>, std::array<char *, (unsigned long)1>>(int, T2, T3)"
:stage.process:model.layers.1.self_attn.v_proj,PushPop,2264054,2266203,1,3,10721,3573.7,3585.0,3424,3712,144.3,"void at::native::elementwise_kernel<(int)128, (int)2, void at::native::gpu_kernel_impl_nocast<at::native::direct_copy_kernel_cuda(at::TensorIteratorBase &)::[lambda() (instance 3)]::operator ()() const::[lambda() (instance 3)]::operator ()() const::[lambda(int) (instance 1)]>(at::TensorIteratorBase &, const T1 &)::[lambda(int) (instance 1)]>(int, T3)"
:stage.process:model.layers.1.self_attn.v_proj,PushPop,2264054,2266203,1,5,10464,2092.8,1664.0,1600,3872,995.2,"void at::native::vectorized_elementwise_kernel<(int)2, at::native::CUDAFunctorOnSelf_add<long>, std::array<char *, (unsigned long)2>>(int, T2, T3)"
:stage.process:model.layers.1.self_attn.v_proj,PushPop,2264054,2266203,1,3,9728,3242.7,3264.0,3200,3264,37.0,"void at::native::unrolled_elementwise_kernel<at::native::direct_copy_kernel_cuda(at::TensorIteratorBase &)::[lambda() (instance 3)]::operator ()() const::[lambda() (instance 1)]::operator ()() const::[lambda(unsigned char) (instance 1)], std::array<char *, (unsigned long)2>, (int)4, TrivialOffsetCalculator<(int)1, unsigned int>, TrivialOffsetCalculator<(int)1, unsigned int>, at::native::memory::LoadWithCast<(int)1>, at::native::memory::StoreWithCast<(int)1>>(int, T1, T2, T4, T5, T6, T7)"
:stage.process:model.layers.1.self_attn.v_proj,PushPop,2264054,2266203,1,2,8288,4144.0,4144.0,4096,4192,67.9,"void at::native::vectorized_elementwise_kernel<(int)2, at::native::BinaryFunctor<long, long, long, at::native::BitwiseOrFunctor<long>>, std::array<char *, (unsigned long)3>>(int, T2, T3)"
:stage.process:model.layers.1.self_attn.v_proj,PushPop,2264054,2266203,1,1,7776,7776.0,7776.0,7776,7776,0.0,"void at::native::reduce_kernel<(int)128, (int)4, at::native::ReduceOp<long, at::native::func_wrapper_t<long, at::native::sum_functor<long, long, long>::operator ()(at::TensorIterator &)::[lambda(long, long) (instance 1)]>, unsigned int, long, (int)4, (int)4>>(T3)"
:stage.process:model.layers.1.self_attn.v_proj,PushPop,2264054,2266203,1,2,7584,3792.0,3792.0,3776,3808,22.6,"void at::native::vectorized_elementwise_kernel<(int)2, at::native::BUnaryFunctor<long, long, long, at::native::lshift_kernel_cuda(at::TensorIteratorBase &)::[lambda() (instance 1)]::operator ()() const::[lambda() (instance 4)]::operator ()() const::[lambda(long, long) (instance 1)]>, std::array<char *, (unsigned long)2>>(int, T2, T3)"
:stage.process:model.layers.1.self_attn.v_proj,PushPop,2264054,2266203,1,4,7584,1896.0,1888.0,1856,1952,40.3,"void at::native::vectorized_elementwise_kernel<(int)4, void at::native::compare_scalar_kernel<c10::Half>(at::TensorIteratorBase &, at::native::<unnamed>::OpType, T1)::[lambda(c10::Half) (instance 1)], std::array<char *, (unsigned long)2>>(int, T2, T3)"
:stage.process:model.layers.1.self_attn.v_proj,PushPop,2264054,2266203,1,2,7520,3760.0,3760.0,3744,3776,22.6,"void at::native::vectorized_elementwise_kernel<(int)2, at::native::BUnaryFunctor<long, long, long, at::native::binary_internal::div_floor_kernel_cuda(at::TensorIteratorBase &)::[lambda() (instance 1)]::operator ()() const::[lambda() (instance 4)]::operator ()() const::[lambda(long, long) (instance 1)]>, std::array<char *, (unsigned long)2>>(int, T2, T3)"
:stage.process:model.layers.1.self_attn.v_proj,PushPop,2264054,2266203,1,3,7328,2442.7,2400.0,2400,2528,73.9,"void at::native::vectorized_elementwise_kernel<(int)4, at::native::AUnaryFunctor<unsigned char, unsigned char, bool, at::native::<unnamed>::CompareEqFunctor<unsigned char>>, std::array<char *, (unsigned long)2>>(int, T2, T3)"
:stage.process:model.layers.1.self_attn.v_proj,PushPop,2264054,2266203,1,4,7104,1776.0,1744.0,1664,1952,139.5,"void at::native::vectorized_elementwise_kernel<(int)4, at::native::FillFunctor<bool>, std::array<char *, (unsigned long)1>>(int, T2, T3)"
:stage.process:model.layers.1.self_attn.v_proj,PushPop,2264054,2266203,1,2,6528,3264.0,3264.0,3200,3328,90.5,"void at::native::elementwise_kernel<(int)128, (int)2, void at::native::gpu_kernel_impl_nocast<at::native::AbsFunctor<float>>(at::TensorIteratorBase &, const T1 &)::[lambda(int) (instance 1)]>(int, T3)"
:stage.process:model.layers.1.self_attn.v_proj,PushPop,2264054,2266203,1,2,6337,3168.5,3168.5,3168,3169,0.7,"void at::native::elementwise_kernel<(int)128, (int)2, void at::native::gpu_kernel_impl_nocast<at::native::CUDAFunctor_add<long>>(at::TensorIteratorBase &, const T1 &)::[lambda(int) (instance 1)]>(int, T3)"
:stage.process:model.layers.1.self_attn.v_proj,PushPop,2264054,2266203,1,1,6144,6144.0,6144.0,6144,6144,0.0,"void at::native::elementwise_kernel<(int)128, (int)2, void at::native::gpu_kernel_impl_nocast<at::native::BinaryFunctor<float, float, float, at::native::binary_internal::DivFunctor<float>>>(at::TensorIteratorBase &, const T1 &)::[lambda(int) (instance 1)]>(int, T3)"
:stage.process:model.layers.1.self_attn.v_proj,PushPop,2264054,2266203,1,1,5984,5984.0,5984.0,5984,5984,0.0,"void at::native::vectorized_elementwise_kernel<(int)4, void at::native::<unnamed>::pow_tensor_scalar_kernel_impl<float, float>(at::TensorIteratorBase &, T2)::[lambda(float) (instance 1)], std::array<char *, (unsigned long)2>>(int, T2, T3)"
:stage.process:model.layers.1.self_attn.v_proj,PushPop,2264054,2266203,1,3,5568,1856.0,1760.0,1632,2176,284.4,"void at::native::vectorized_elementwise_kernel<(int)4, at::native::BinaryFunctor<float, float, float, at::native::maximum_kernel_cuda(at::TensorIteratorBase &)::[lambda() (instance 2)]::operator ()() const::[lambda() (instance 2)]::operator ()() const::[lambda(float, float) (instance 1)]>, std::array<char *, (unsigned long)3>>(int, T2, T3)"
:stage.process:model.layers.1.self_attn.v_proj,PushPop,2264054,2266203,1,2,4736,2368.0,2368.0,2368,2368,0.0,"void at::native::vectorized_elementwise_kernel<(int)2, at::native::CUDAFunctorOnOther_add<long>, std::array<char *, (unsigned long)2>>(int, T2, T3)"
:stage.process:model.layers.1.self_attn.v_proj,PushPop,2264054,2266203,1,3,4544,1514.7,1568.0,1408,1568,92.4,"xxtrf4_set_info_ker(int, int *)"
:stage.process:model.layers.1.self_attn.v_proj,PushPop,2264054,2266203,1,1,4352,4352.0,4352.0,4352,4352,0.0,"void at::native::vectorized_elementwise_kernel<(int)4, at::native::float16_copy_kernel_cuda(at::TensorIteratorBase &)::[lambda(float) (instance 1)], std::array<char *, (unsigned long)2>>(int, T2, T3)"
:stage.process:model.layers.1.self_attn.v_proj,PushPop,2264054,2266203,1,1,4288,4288.0,4288.0,4288,4288,0.0,"void at::native::<unnamed>::CatArrayBatchedCopy_vectorized<at::native::<unnamed>::OpaqueType<(unsigned int)2>, unsigned int, (int)1, (int)128, (int)1, (int)16, (int)8>(char *, at::native::<unnamed>::CatArrInputTensorMetadata<T1, T2, T4, T5>, at::native::<unnamed>::TensorSizeStride<T2, (unsigned int)4>, int, T2)"
:stage.process:model.layers.1.self_attn.v_proj,PushPop,2264054,2266203,1,1,2528,2528.0,2528.0,2528,2528,0.0,"void at::native::vectorized_elementwise_kernel<(int)4, at::native::AUnaryFunctor<unsigned char, unsigned char, unsigned char, at::native::binary_internal::MulFunctor<unsigned char>>, std::array<char *, (unsigned long)2>>(int, T2, T3)"
:stage.process:model.layers.1.self_attn.v_proj,PushPop,2264054,2266203,1,1,2464,2464.0,2464.0,2464,2464,0.0,"void at::native::vectorized_elementwise_kernel<(int)4, at::native::BinaryFunctor<unsigned char, unsigned char, bool, at::native::<unnamed>::CompareEqFunctor<unsigned char>>, std::array<char *, (unsigned long)3>>(int, T2, T3)"
:stage.process:model.layers.1.self_attn.v_proj,PushPop,2264054,2266203,1,1,2336,2336.0,2336.0,2336,2336,0.0,"void at::native::unrolled_elementwise_kernel<at::native::direct_copy_kernel_cuda(at::TensorIteratorBase &)::[lambda() (instance 3)]::operator ()() const::[lambda() (instance 11)]::operator ()() const::[lambda(bool) (instance 1)], std::array<char *, (unsigned long)2>, (int)4, TrivialOffsetCalculator<(int)1, unsigned int>, TrivialOffsetCalculator<(int)1, unsigned int>, at::native::memory::LoadWithCast<(int)1>, at::native::memory::StoreWithCast<(int)1>>(int, T1, T2, T4, T5, T6, T7)"
:stage.process:model.layers.1.self_attn.v_proj,PushPop,2264054,2266203,1,1,2240,2240.0,2240.0,2240,2240,0.0,"void at::native::unrolled_elementwise_kernel<at::native::<unnamed>::CompareFunctor<c10::Half>, std::array<char *, (unsigned long)3>, (int)4, TrivialOffsetCalculator<(int)2, unsigned int>, TrivialOffsetCalculator<(int)1, unsigned int>, at::native::memory::LoadWithoutCast, at::native::memory::StoreWithoutCast>(int, T1, T2, T4, T5, T6, T7)"
:stage.process:model.layers.1.self_attn.v_proj,PushPop,2264054,2266203,1,1,1984,1984.0,1984.0,1984,1984,0.0,"void at::native::vectorized_elementwise_kernel<(int)4, at::native::sqrt_kernel_cuda(at::TensorIteratorBase &)::[lambda() (instance 2)]::operator ()() const::[lambda() (instance 2)]::operator ()() const::[lambda(float) (instance 1)], std::array<char *, (unsigned long)2>>(int, T2, T3)"
:stage.process:model.layers.1.self_attn.v_proj,PushPop,2264054,2266203,1,1,1760,1760.0,1760.0,1760,1760,0.0,"void at::native::vectorized_elementwise_kernel<(int)4, at::native::<unnamed>::launch_clamp_scalar(at::TensorIteratorBase &, c10::Scalar, c10::Scalar, at::native::detail::ClampLimits)::[lambda() (instance 1)]::operator ()() const::[lambda() (instance 7)]::operator ()() const::[lambda(float) (instance 1)], std::array<char *, (unsigned long)2>>(int, T2, T3)"
CCCL:cub::DeviceRadixSort,PushPop,2264054,2265402,8,16,152447,9527.9,9488.0,8384,11072,811.1,"void at_cuda_detail::cub::detail::radix_sort::DeviceRadixSortOnesweepKernel<at_cuda_detail::cub::detail::radix::policy_hub<long, at::cuda::cub::detail::OpaqueType<(int)8>, unsigned long long>::Policy1000, (at_cuda_detail::cub::SortOrder)0, long, at::cuda::cub::detail::OpaqueType<(int)8>, unsigned long long, int, int, at_cuda_detail::cub::detail::identity_decomposer_t>(T7 *, T7 *, T5 *, const T5 *, T3 *, const T3 *, T4 *, const T4 *, T6, int, int, T8)"
CCCL:cub::DeviceRadixSort,PushPop,2264054,2265402,8,8,52256,6532.0,6624.0,5632,7264,569.2,"void at_cuda_detail::cub::detail::radix_sort::DeviceRadixSortSingleTileKernel<at_cuda_detail::cub::detail::radix::policy_hub<long, at::cuda::cub::detail::OpaqueType<(int)8>, unsigned long long>::Policy1000, (at_cuda_detail::cub::SortOrder)0, long, at::cuda::cub::detail::OpaqueType<(int)8>, unsigned long long, at_cuda_detail::cub::detail::identity_decomposer_t>(const T3 *, T3 *, const T4 *, T4 *, T5, int, int, T6)"
CCCL:cub::DeviceRadixSort,PushPop,2264054,2265402,8,8,28864,3608.0,3600.0,3424,3744,99.4,"void at_cuda_detail::cub::detail::radix_sort::DeviceRadixSortHistogramKernel<at_cuda_detail::cub::detail::radix::policy_hub<long, at::cuda::cub::detail::OpaqueType<(int)8>, unsigned long long>::Policy1000, (at_cuda_detail::cub::SortOrder)0, long, unsigned long long, at_cuda_detail::cub::detail::identity_decomposer_t>(T4 *, const T3 *, T4, int, int, T5)"
CCCL:cub::DeviceRadixSort,PushPop,2264054,2265402,8,8,18816,2352.0,2336.0,2208,2496,110.9,"void at_cuda_detail::cub::detail::radix_sort::DeviceRadixSortExclusiveSumKernel<at_cuda_detail::cub::detail::radix::policy_hub<long, at::cuda::cub::detail::OpaqueType<(int)8>, unsigned long long>::Policy1000, unsigned long long>(T2 *)"
CCCL:cub::DeviceReduce::Sum,PushPop,2264054,2264054,3596,3596,7995026,2223.3,1984.0,1600,4992,569.5,"void at_cuda_detail::cub::detail::reduce::DeviceReduceSingleTileKernel<at_cuda_detail::cub::detail::reduce::policy_hub<int, unsigned long long, cuda::std::__4::plus<void>>::Policy1000, thrust::_V_300200_SM_750_800_860_900_1000_1200::transform_iterator<at::native::<unnamed>::NonZeroOp<bool>, const bool *, thrust::_V_300200_SM_750_800_860_900_1000_1200::use_default, thrust::_V_300200_SM_750_800_860_900_1000_1200::use_default>, int *, unsigned long long, cuda::std::__4::plus<void>, int, int, cuda::std::__4::identity>(T2, T3, T4, T5, T6, T8)"
CCCL:cub::DeviceReduce::Sum,PushPop,2264054,2264054,4,4,13536,3384.0,3392.0,2976,3776,330.9,"void at_cuda_detail::cub::detail::reduce::DeviceReduceKernel<at_cuda_detail::cub::detail::reduce::policy_hub<int, unsigned long long, cuda::std::__4::plus<void>>::Policy1000, thrust::_V_300200_SM_750_800_860_900_1000_1200::transform_iterator<at::native::<unnamed>::NonZeroOp<bool>, const bool *, thrust::_V_300200_SM_750_800_860_900_1000_1200::use_default, thrust::_V_300200_SM_750_800_860_900_1000_1200::use_default>, unsigned long long, cuda::std::__4::plus<void>, int, cuda::std::__4::identity>(T2, T5 *, T3, at_cuda_detail::cub::GridEvenShare<T3>, T4, T6)"
CCCL:cub::DeviceReduce::Sum,PushPop,2264054,2264054,4,4,8832,2208.0,2224.0,2080,2304,101.2,"void at_cuda_detail::cub::detail::reduce::DeviceReduceSingleTileKernel<at_cuda_detail::cub::detail::reduce::policy_hub<int, unsigned long long, cuda::std::__4::plus<void>>::Policy1000, int *, int *, int, cuda::std::__4::plus<void>, int, int, cuda::std::__4::identity>(T2, T3, T4, T5, T6, T8)"
CCCL:cub::DeviceReduce::Sum,PushPop,2264054,2265402,12,12,53984,4498.7,4384.0,3712,5312,480.6,"void at_cuda_detail::cub::detail::reduce::DeviceReduceSingleTileKernel<at_cuda_detail::cub::detail::reduce::policy_hub<int, unsigned long long, cuda::std::__4::plus<void>>::Policy1000, thrust::_V_300200_SM_750_800_860_900_1000_1200::transform_iterator<at::native::<unnamed>::NonZeroOp<bool>, const bool *, thrust::_V_300200_SM_750_800_860_900_1000_1200::use_default, thrust::_V_300200_SM_750_800_860_900_1000_1200::use_default>, int *, unsigned long long, cuda::std::__4::plus<void>, int, int, cuda::std::__4::identity>(T2, T3, T4, T5, T6, T8)"
CCCL:cub::DeviceReduce::Sum,PushPop,2264054,2265402,4,4,17120,4280.0,4320.0,3456,5024,675.0,"void at_cuda_detail::cub::detail::reduce::DeviceReduceKernel<at_cuda_detail::cub::detail::reduce::policy_hub<int, unsigned long long, cuda::std::__4::plus<void>>::Policy1000, thrust::_V_300200_SM_750_800_860_900_1000_1200::transform_iterator<at::native::<unnamed>::NonZeroOp<bool>, const bool *, thrust::_V_300200_SM_750_800_860_900_1000_1200::use_default, thrust::_V_300200_SM_750_800_860_900_1000_1200::use_default>, unsigned long long, cuda::std::__4::plus<void>, int, cuda::std::__4::identity>(T2, T5 *, T3, at_cuda_detail::cub::GridEvenShare<T3>, T4, T6)"
CCCL:cub::DeviceReduce::Sum,PushPop,2264054,2265402,4,4,10144,2536.0,2576.0,2336,2656,139.2,"void at_cuda_detail::cub::detail::reduce::DeviceReduceSingleTileKernel<at_cuda_detail::cub::detail::reduce::policy_hub<int, unsigned long long, cuda::std::__4::plus<void>>::Policy1000, int *, int *, int, cuda::std::__4::plus<void>, int, int, cuda::std::__4::identity>(T2, T3, T4, T5, T6, T8)"
CCCL:cub::DeviceSelect::Flagged,PushPop,2264054,2264054,3600,3600,9458600,2627.4,2560.0,2304,5024,199.7,"void at_cuda_detail::cub::detail::select::DeviceSelectSweepKernel<at_cuda_detail::cub::detail::select::policy_hub<long, bool, int, (bool)0, (at_cuda_detail::cub::SelectImpl)0>::Policy1000, thrust::_V_300200_SM_750_800_860_900_1000_1200::counting_iterator<long, thrust::_V_300200_SM_750_800_860_900_1000_1200::use_default, thrust::_V_300200_SM_750_800_860_900_1000_1200::use_default, thrust::_V_300200_SM_750_800_860_900_1000_1200::use_default, thrust::_V_300200_SM_750_800_860_900_1000_1200::compile_time_value<(int)1>>, thrust::_V_300200_SM_750_800_860_900_1000_1200::transform_iterator<at::native::<unnamed>::NonZeroOp<bool>, const bool *, thrust::_V_300200_SM_750_800_860_900_1000_1200::use_default, thrust::_V_300200_SM_750_800_860_900_1000_1200::use_default>, long *, int *, at_cuda_detail::cub::ScanTileState<int, (bool)1>, at_cuda_detail::cub::NullType, at_cuda_detail::cub::NullType, int, at_cuda_detail::cub::detail::select::streaming_context_t<long, (bool)1>, (at_cuda_detail::cub::SelectImpl)0>(T2, T3, T4, T5, T6, T7, T8, T9, int, T10, at_cuda_detail::cub::detail::vsmem_t)"
CCCL:cub::DeviceSelect::Flagged,PushPop,2264054,2264054,3600,3600,4952493,1375.7,1344.0,1184,1952,163.2,"void at_cuda_detail::cub::detail::scan::DeviceCompactInitKernel<at_cuda_detail::cub::ScanTileState<int, (bool)1>, int *>(T1, int, T2)"
CCCL:cub::DeviceSelect::Flagged,PushPop,2264054,2265402,16,16,60928,3808.0,3712.0,3008,4800,763.4,"void at_cuda_detail::cub::detail::select::DeviceSelectSweepKernel<at_cuda_detail::cub::detail::select::policy_hub<long, bool, int, (bool)0, (at_cuda_detail::cub::SelectImpl)0>::Policy1000, thrust::_V_300200_SM_750_800_860_900_1000_1200::counting_iterator<long, thrust::_V_300200_SM_750_800_860_900_1000_1200::use_default, thrust::_V_300200_SM_750_800_860_900_1000_1200::use_default, thrust::_V_300200_SM_750_800_860_900_1000_1200::use_default, thrust::_V_300200_SM_750_800_860_900_1000_1200::compile_time_value<(int)1>>, thrust::_V_300200_SM_750_800_860_900_1000_1200::transform_iterator<at::native::<unnamed>::NonZeroOp<bool>, const bool *, thrust::_V_300200_SM_750_800_860_900_1000_1200::use_default, thrust::_V_300200_SM_750_800_860_900_1000_1200::use_default>, long *, int *, at_cuda_detail::cub::ScanTileState<int, (bool)1>, at_cuda_detail::cub::NullType, at_cuda_detail::cub::NullType, int, at_cuda_detail::cub::detail::select::streaming_context_t<long, (bool)1>, (at_cuda_detail::cub::SelectImpl)0>(T2, T3, T4, T5, T6, T7, T8, T9, int, T10, at_cuda_detail::cub::detail::vsmem_t)"
CCCL:cub::DeviceSelect::Flagged,PushPop,2264054,2265402,16,16,27040,1690.0,1728.0,1408,1920,164.1,"void at_cuda_detail::cub::detail::scan::DeviceCompactInitKernel<at_cuda_detail::cub::ScanTileState<int, (bool)1>, int *>(T1, int, T2)"
