PID,TID,DevId,Count,QCount,TAvg (ns),TMed (ns),TMin (ns),TMax (ns),TStdDev (ns),AAvg (ns),AMed (ns),AMin (ns),AMax (ns),AStdDev (ns),QAvg (ns),QMed (ns),QMin (ns),QMax (ns),QStdDev (ns),KAvg (ns),KMed (ns),KMin (ns),KMax (ns),KStdDev (ns),API Name,Kernel Name
2429084,2430430,0,224,224,595330395.2,551382694.5,128057031,1012995980,246173629.9,26317.8,9383.0,8326,663794,82864.6,560436289.5,526751951.5,102104689,1006410850,255151868.8,34867787.9,6575610.5,771325,102328107,43099503.4,cudaLaunchKernel,ampere_sgemm_128x128_tn
2429084,2430430,0,448,448,578086148.9,541735880.5,102207422,1013041548,251025270.1,28495.9,7684.5,6492,870108,102319.1,577763040.6,541124894.5,101055171,1012956393,251090406.1,294612.4,78224.0,7679,1143515,440371.7,cudaLaunchKernel,"void at::native::reduce_kernel<(int)128, (int)4, at::native::ReduceOp<float, at::native::func_wrapper_t<float, at::native::sum_functor<float, float, float>::operator ()(at::TensorIterator &)::[lambda(float, float) (instance 1)]>, unsigned int, float, (int)4, (int)4>>(T3)"
2429084,2430430,0,672,672,575573386.8,535249262.0,12192,1013013498,255290383.6,19080.0,4975.0,3978,719701,73199.8,575516299.8,535192472.0,1738,1012996142,255291142.3,38007.0,12512.0,2432,196991,54671.6,cudaLaunchKernel,"void at::native::vectorized_elementwise_kernel<(int)4, at::native::BinaryFunctor<float, float, bool, at::native::<unnamed>::CompareEqFunctor<float>>, std::array<char *, (unsigned long)3>>(int, T2, T3)"
2429084,2430430,0,672,672,575570690.0,535218530.0,11836,1013007577,255278387.7,17947.2,4704.0,3898,1198152,82397.6,575528862.6,535110068.5,1086,1012996441,255277016.9,23880.2,6400.0,2368,135648,36347.9,cudaLaunchKernel,"void at::native::vectorized_elementwise_kernel<(int)4, at::native::BinaryFunctor<bool, bool, bool, at::native::binary_internal::MulFunctor<bool>>, std::array<char *, (unsigned long)3>>(int, T2, T3)"
2429084,2430430,0,672,672,575560728.8,535319491.5,14110,1013014175,255304555.2,18038.1,5796.5,4469,870548,69200.8,575506453.8,535214557.0,1682,1013002198,255307231.2,36237.0,6272.0,2368,204703,59178.5,cudaLaunchKernel,"void at::native::vectorized_elementwise_kernel<(int)4, at::native::AUnaryFunctor<float, float, bool, at::native::<unnamed>::CompareEqFunctor<float>>, std::array<char *, (unsigned long)2>>(int, T2, T3)"
2429084,2430430,0,672,672,575556276.6,535388711.0,24636,1013026342,255318939.4,20162.6,6322.0,4729,773433,78237.6,575479599.8,535283920.0,6441,1013006562,255325312.8,56514.2,13840.0,2944,317503,87932.0,cudaLaunchKernel,"void at::native::vectorized_elementwise_kernel<(int)4, at::native::AbsFunctor<float>, std::array<char *, (unsigned long)2>>(int, T2, T3)"
2429084,2430430,0,672,671,575540821.8,534790419.5,19551,1012994424,255257935.7,19633.2,6613.0,5340,747304,69423.0,576354757.5,535195594.0,1461,1012977007,254477642.6,24104.6,11520.0,6816,97184,28505.3,cudaLaunchKernel,"void at::native::reduce_kernel<(int)512, (int)1, at::native::ReduceOp<bool, at::native::func_wrapper_t<bool, at::native::and_kernel_cuda(at::TensorIterator &)::[lambda() (instance 1)]::operator ()() const::[lambda() (instance 12)]::operator ()() const::[lambda(bool, bool) (instance 1)]>, unsigned int, bool, (int)4, (int)4>>(T3)"
2429084,2430430,0,672,672,575509387.4,534519867.5,10259,1012977422,255254426.8,19785.4,5846.0,4609,883624,83301.4,575487478.2,534209925.0,1646,1012970362,255245682.0,2123.8,2048.0,1664,2880,266.9,cudaLaunchKernel,"void at::native::vectorized_elementwise_kernel<(int)4, at::native::bitwise_not_kernel_cuda(at::TensorIteratorBase &)::[lambda(bool) (instance 1)], std::array<char *, (unsigned long)2>>(int, T2, T3)"
2429084,2430430,0,672,671,575468321.7,534201962.0,10173,1012963428,255258543.4,490898.3,5540.0,4188,314564071,12134044.8,575832282.4,534030690.0,1888,1012956502,255241737.1,2037.2,1984.0,1664,2624,162.9,cudaLaunchKernel,"void at::native::vectorized_elementwise_kernel<(int)4, at::native::BinaryFunctor<bool, bool, bool, at::native::logical_or_kernel_cuda(at::TensorIterator &)::[lambda() (instance 2)]::operator ()() const::[lambda() (instance 9)]::operator ()() const::[lambda(bool, bool) (instance 1)]>, std::array<char *, (unsigned long)3>>(int, T2, T3)"
2429084,2430430,0,448,447,548425548.4,520944878.5,1657954,1006422056,263063877.6,26280.9,10054.0,8456,702117,85193.3,536293200.8,491038201.0,190,999938117,269860218.2,13303168.8,3123944.0,129472,101258930,25457575.0,cudaLaunchKernel,ampere_sgemm_128x128_nt
2429084,2430430,0,448,447,535452342.7,489183772.5,20834,995943568,269273681.4,14035.2,5420.0,4338,507637,48350.3,536584987.5,491250812.0,1616,995837645,268384739.5,51054.7,28048.0,5120,370206,59663.4,cudaLaunchKernel,"void at::native::elementwise_kernel<(int)128, (int)2, void at::native::gpu_kernel_impl_nocast<at::native::<unnamed>::where_kernel_impl(at::TensorIterator &)::[lambda() (instance 1)]::operator ()() const::[lambda() (instance 3)]::operator ()() const::[lambda(bool, unsigned int, unsigned int) (instance 1)]>(at::TensorIteratorBase &, const T1 &)::[lambda(int) (instance 1)]>(int, T3)"
2429084,2430430,0,467,451,513676393.2,467592650.0,10217,995858462,284148313.4,18761.8,6372.0,4749,713560,69582.9,531856437.8,486799465.0,1419,995851303,271887004.6,23528.1,1823.0,1280,916573,114022.2,cudaLaunchKernel,"void at::native::vectorized_elementwise_kernel<(int)4, at::native::FillFunctor<float>, std::array<char *, (unsigned long)1>>(int, T2, T3)"
2429084,2431523,0,2574,2571,410760126.9,328888972.0,13158,1260070590,374087656.8,5749.6,4960.0,4348,647704,14680.9,411229910.3,328908317.0,785,1260061853,374042754.3,3757.8,3648.0,2912,21248,914.6,cudaLaunchKernel,"void at::native::elementwise_kernel<(int)128, (int)4, void at::native::gpu_kernel_impl_nocast<at::native::direct_copy_kernel_cuda(at::TensorIteratorBase &)::[lambda() (instance 3)]::operator ()() const::[lambda() (instance 1)]::operator ()() const::[lambda(unsigned char) (instance 1)]>(at::TensorIteratorBase &, const T1 &)::[lambda(int) (instance 1)]>(int, T3)"
2429084,2430430,0,948,939,320680398.2,226419296.0,16607,1013690250,336315274.3,25352.5,6322.0,3928,7766306,263792.4,323665461.9,257488212.0,1436,1013565547,336428604.5,62363.9,24064.0,3456,375966,103756.4,cudaLaunchKernel,"void at::native::vectorized_elementwise_kernel<(int)4, at::native::CUDAFunctor_add<float>, std::array<char *, (unsigned long)3>>(int, T2, T3)"
2429084,2430430,0,16,16,297081036.1,297393650.5,47862244,986359568,217996855.0,368820.3,6678.0,4449,1164258,550434.9,294271675.1,294947453.5,45380937,983912091,217928223.5,2440540.6,2440517.0,2431412,2450452,4362.5,cudaLaunchKernel,"void at::native::<unnamed>::cunn_SoftMaxBackward<(int)4, c10::Half, float, float, at::native::<unnamed>::SoftMaxBackwardEpilogue>(T2 *, const T4 *, const T4 *, long)"
2429084,2431523,0,7574,7472,278757088.6,176466474.5,10309,1260202464,362183068.9,8071.6,6753.0,4789,1831449,32899.3,282535870.6,202544245.0,37,1260190672,363180089.1,18107.7,4320.0,3168,667394,45318.8,cudaLaunchKernel,"void at::native::elementwise_kernel<(int)128, (int)2, void at::native::gpu_kernel_impl_nocast<at::native::CUDAFunctor_add<float>>(at::TensorIteratorBase &, const T1 &)::[lambda(int) (instance 1)]>(int, T3)"
2429084,2431523,0,20330,20330,260832145.8,263052809.0,17408,1260306014,273866363.6,534571.6,7014.0,4669,7389358,1215565.9,260294326.6,259640439.5,1327,1260295010,273838989.1,3247.6,3200.0,1856,116032,1956.2,cudaLaunchKernel,"void at::native::elementwise_kernel<(int)128, (int)2, void at::native::gpu_kernel_impl_nocast<at::native::direct_copy_kernel_cuda(at::TensorIteratorBase &)::[lambda() (instance 3)]::operator ()() const::[lambda() (instance 4)]::operator ()() const::[lambda(long) (instance 1)]>(at::TensorIteratorBase &, const T1 &)::[lambda(int) (instance 1)]>(int, T3)"
2429084,2431523,0,16724,16724,254314762.7,259359777.0,1922797,1260401959,247888689.2,684458.8,3787.0,3276,17100820,2526727.4,253533761.7,259253887.0,1830472,1260243982,246424871.3,96542.2,100960.0,69984,118304,9466.6,cudaLaunchKernel,"<unnamed>::qvq_fused_w2_traceback_kernel(const unsigned char *, const unsigned char *, const int *, long *, unsigned char *, int)"
2429084,2431523,0,16724,16724,254223252.8,259262177.5,1842239,1260292360,247881131.6,5510.2,4108.0,3487,1663620,20826.5,250567807.6,255208046.5,562196,1243947513,244701554.7,3649934.9,4043054.0,1221054,16416709,3450712.4,cudaLaunchKernel,void <unnamed>::qvq_fused_w2_family_grid_kernel<(bool)0>(<unnamed>::FusedSequenceArgs)
2429084,2431523,0,16724,16724,250582419.5,255220803.0,578431,1243958484,244700243.6,6083.9,4518.0,3748,2976521,35410.4,250563581.1,255202711.5,558466,1243940246,244699905.3,12754.5,13472.0,9152,16000,1887.9,cudaLaunchKernel,"<unnamed>::qvq_fused_detect_family_mask_kernel(const unsigned int *, int *)"
2429084,2431523,0,16740,16737,250345526.5,255220490.5,8115,1243960342,244705754.8,8753.7,7945.0,4609,2472821,22009.1,250380110.9,255211440.0,355,1243949471,244704212.8,1533.2,1536.0,1280,3392,156.4,cudaLaunchKernel,"void at::native::vectorized_elementwise_kernel<(int)4, at::native::FillFunctor<int>, std::array<char *, (unsigned long)1>>(int, T2, T3)"
2429084,2430430,0,16,16,244307591.9,243928303.5,29843985,659343389,153725655.1,16744.9,7779.5,5991,45937,16441.3,237497466.6,237124849.5,23054968,652608107,153731187.8,6793380.4,6795952.0,6726721,6844224,33675.2,cudaLaunchKernel,"void at::native::<unnamed>::cunn_SoftMaxForward<(int)8, c10::Half, float, float, at::native::<unnamed>::SoftMaxForwardEpilogue>(T4 *, const T2 *, int)"
2429084,2431523,0,5120,5119,208163041.0,7080929.5,13867,1260167193,334502762.8,9358.7,8631.5,7334,268231,8949.1,208190167.5,7070060.0,769,1260154256,334522772.0,4177.1,4096.0,3808,5088,312.4,cudaLaunchKernel,"void at::native::elementwise_kernel<(int)128, (int)4, void at::native::gpu_kernel_impl_nocast<at::native::direct_copy_kernel_cuda(at::TensorIteratorBase &)::[lambda() (instance 3)]::operator ()() const::[lambda() (instance 10)]::operator ()() const::[lambda(c10::Half) (instance 1)]>(at::TensorIteratorBase &, const T1 &)::[lambda(int) (instance 1)]>(int, T3)"
2429084,2430430,0,1744,1722,206313101.7,23202944.0,17881,1013253268,293823379.3,21459.9,9148.0,5350,1575221,108872.5,208855503.9,25358434.0,42,1013151123,294750598.5,70801.3,25840.0,4832,1786903,189087.0,cudaLaunchKernel,"void at::native::unrolled_elementwise_kernel<at::native::direct_copy_kernel_cuda(at::TensorIteratorBase &)::[lambda() (instance 3)]::operator ()() const::[lambda() (instance 7)]::operator ()() const::[lambda(float) (instance 1)], std::array<char *, (unsigned long)2>, (int)4, TrivialOffsetCalculator<(int)1, unsigned int>, TrivialOffsetCalculator<(int)1, unsigned int>, at::native::memory::LoadWithCast<(int)1>, at::native::memory::StoreWithCast<(int)1>>(int, T1, T2, T4, T5, T6, T7)"
2429084,2431523,0,11478,11461,197163502.3,94699637.0,12075,1260329620,232368290.1,20051.7,8597.0,5931,6223717,109318.0,197432657.0,95986640.0,70,1260318626,232422501.4,3211.7,3328.0,1760,56256,1892.5,cudaLaunchKernel,"void at::native::unrolled_elementwise_kernel<at::native::direct_copy_kernel_cuda(at::TensorIteratorBase &)::[lambda() (instance 3)]::operator ()() const::[lambda() (instance 4)]::operator ()() const::[lambda(long) (instance 1)], std::array<char *, (unsigned long)2>, (int)4, TrivialOffsetCalculator<(int)1, unsigned int>, TrivialOffsetCalculator<(int)1, unsigned int>, at::native::memory::LoadWithCast<(int)1>, at::native::memory::StoreWithCast<(int)1>>(int, T1, T2, T4, T5, T6, T7)"
2429084,2431523,0,7668,7667,191192862.8,180953110.0,35882,362268072,84579776.2,7825.0,5721.0,4819,4844199,63669.1,189618241.8,179572658.0,1638008,356654108,83404360.1,1591524.6,1174323.5,21088,5814695,1409715.1,cudaLaunchKernel,void cutlass::Kernel2<cutlass_80_simt_sgemm_grouped_128x128_8x4_align1>(T1::Params)
2429084,2431523,0,7668,7668,191186731.8,180947213.5,27491,362247097,84579041.5,6431.7,4649.0,3978,3002931,47058.0,191176698.3,180928363.0,610,362237360,84580067.8,3601.9,3392.0,2144,262816,5084.6,cudaLaunchKernel,"<unnamed>::qvq_yaqa_feedback_epilogue_kernel(const float *, const float *, const float *, const float *, const float *, float *, int, int, int, int, int)"
2429084,2431523,0,7652,7652,190156765.7,179847653.0,1796338,356811714,83062713.8,5153.2,4599.0,4038,255917,5372.4,189759300.8,179517579.0,1781661,355866455,82802257.3,392311.6,308048.5,4640,969474,328929.4,cudaLaunchKernel,"void gemmSN_NN_kernel<float, (int)128, (int)2, (int)4, (int)8, (int)4, (int)4, (bool)0, cublasGemvTensorBatched<const float>, cublasGemvTensorBatched<const float>, cublasGemvTensorBatched<float>>(cublasGemmSmallNParams<T9, T10, T11, T1>)"
2429084,2431523,0,7656,7656,189691681.8,179506721.5,3483283,355882655,82852548.5,8009.4,6152.0,5390,1577495,40594.6,189361700.1,179325575.5,3466348,355583405,82721043.2,321972.4,253408.5,9760,1191653,333097.4,cudaLaunchKernel,ampere_sgemm_128x128_nt
2429084,2431523,0,7668,7667,189641310.0,179610997.0,1672150,356712886,83421984.4,15223.4,10159.0,8407,15585433,186867.3,189648648.2,179603121.0,1659259,356700595,83406087.9,2170.9,2144.0,1408,5024,156.5,cudaLaunchKernel,"<unnamed>::qvq_yaqa_grouped_pointers_kernel(const float *, const float *, float *, float **, float **, float **, int, int, int, int, int, int)"
2429084,2431523,0,7668,7668,189210409.2,179260066.0,1928847,355617966,82816760.3,12366.3,10510.0,8386,1875393,43242.0,189196103.0,179248184.5,1878196,355605880,82818514.7,1940.0,1952.0,1440,5120,120.4,cudaLaunchKernel,"<unnamed>::qvq_yaqa_update_grouped_pointers_kernel(float *, float *, const float *, const float *, const float *, float **, float **, float **, int, int, int, int, int, int)"
2429084,2431523,0,3014,3012,175620796.9,108819223.0,9463,338607839,142949288.0,11893.0,10099.0,4709,1279848,41360.1,175664746.9,108758586.5,247,338360894,142875946.2,60723.0,34784.0,2527,257889,69136.0,cudaLaunchKernel,"void gemmSN_NN_kernel<float, (int)256, (int)4, (int)2, (int)8, (int)4, (int)4, (bool)0, cublasGemvTensorStridedBatched<const float>, cublasGemvTensorStridedBatched<const float>, cublasGemvTensorStridedBatched<float>>(cublasGemmSmallNParams<T9, T10, T11, T1>)"
2429084,2430430,0,48,48,152823904.3,70870954.0,12384637,988978054,240868762.5,25623.0,4904.5,4488,449156,89652.0,152217505.8,70269646.0,11822569,988130636,240851644.9,580775.5,553965.5,390782,800893,167630.6,cudaLaunchKernel,"void <unnamed>::softmax_warp_backward<float, c10::Half, float, (int)10, (bool)0, (bool)0, (int)32>(T2 *, const T1 *, const T1 *, int, int, int, const bool *)"
2429084,2431523,0,19336,19336,151027742.9,86007487.0,11317,1243976683,189813768.2,16033.0,7304.0,4959,1700740,45671.2,151008843.1,85996372.5,1143,1243962345,189806560.2,2866.7,2944.0,1792,70272,929.2,cudaLaunchKernel,"void at::native::elementwise_kernel<(int)128, (int)2, void at::native::gpu_kernel_impl_nocast<at::native::AUnaryFunctor<long, long, long, at::native::BitwiseAndFunctor<long>>>(at::TensorIteratorBase &, const T1 &)::[lambda(int) (instance 1)]>(int, T3)"
2429084,2431523,0,19538,19520,150999336.1,86172459.5,11819,1260145751,191526742.5,14217.1,7043.0,5210,5094326,55111.1,151120198.4,86160793.0,63,1260133924,191562498.8,4146.5,4032.0,2528,77344,2096.4,cudaLaunchKernel,"void at::native::unrolled_elementwise_kernel<at::native::direct_copy_kernel_cuda(at::TensorIteratorBase &)::[lambda() (instance 3)]::operator ()() const::[lambda() (instance 7)]::operator ()() const::[lambda(float) (instance 1)], std::array<char *, (unsigned long)2>, (int)4, TrivialOffsetCalculator<(int)1, unsigned int>, TrivialOffsetCalculator<(int)1, unsigned int>, at::native::memory::LoadWithCast<(int)1>, at::native::memory::StoreWithCast<(int)1>>(int, T1, T2, T4, T5, T6, T7)"
2429084,2431523,0,19412,19408,148930631.3,84549816.5,12248,1244095856,189066715.4,22875.8,11552.0,6593,6303930,74270.1,148935745.1,84542560.5,134,1244008601,189066590.2,2700.0,2560.0,1728,143616,1475.3,cudaLaunchKernel,"void at::native::roll_cuda_kernel<float>(const T1 *, T1 *, long, long, long, long, long, long)"
2429084,2431523,0,6,6,144685331.7,152075271.5,129591502,152471581,11653390.6,26163.0,12348.5,11271,93478,33016.4,144655744.7,152019217.5,129575347,152456854,11644370.9,3424.0,3424.0,3360,3520,60.7,cudaLaunchKernel,"void at::native::<unnamed>::CatArrayBatchedCopy_contig<at::native::<unnamed>::OpaqueType<(unsigned int)1>, unsigned int, (int)1, (int)128, (int)1>(T1 *, at::native::<unnamed>::CatArrInputTensorMetadata<T1, T2, T4, T5>, at::native::<unnamed>::TensorSizeStride<T2, (unsigned int)4>, int, T2)"
2429084,2431523,0,6568,6568,140589957.9,71270331.0,17908,1260226769,284383360.5,10449.1,8987.0,7675,1086701,18371.9,140549783.1,71241465.0,13,1259996118,284352458.9,29725.8,18592.0,4288,233505,36328.9,cudaLaunchKernel,"void gemmSN_NN_kernel<float, (int)128, (int)2, (int)4, (int)8, (int)4, (int)4, (bool)0, cublasGemvTensorStridedBatched<const float>, cublasGemvTensorStridedBatched<const float>, cublasGemvTensorStridedBatched<float>>(cublasGemmSmallNParams<T9, T10, T11, T1>)"
2429084,2431523,0,21991,21989,134742842.6,79253849.0,15130,1260267086,186390975.8,22076.0,8166.0,4779,3771265,57623.9,134723583.3,79238597.0,922,1260248617,186386749.1,9436.0,8992.0,4320,120896,2517.5,cudaLaunchKernel,"void at::native::index_elementwise_kernel<(int)128, (int)4, void at::native::gpu_index_kernel<void at::native::index_kernel_impl<at::native::OpaqueType<(int)2>>(at::TensorIteratorBase &, c10::ArrayRef<long>, c10::ArrayRef<long>)::[lambda(char *, const char *, long) (instance 1)]>(at::TensorIteratorBase &, c10::ArrayRef<long>, c10::ArrayRef<long>, const T1 &, bool)::[lambda(int) (instance 1)]>(long, T3)"
2429084,2431523,0,8802,8802,133527862.6,76322413.5,1683791,355772814,106747178.1,39686.1,6512.0,4749,2960250,69955.0,133482161.8,76297124.5,1674557,355696052,106710283.4,6014.7,6560.0,3104,9696,1135.6,cudaLaunchKernel,"void at::native::index_elementwise_kernel<(int)128, (int)4, void at::native::gpu_index_kernel<void at::native::index_put_kernel_impl<at::native::OpaqueType<(int)1>>(at::TensorIterator &, c10::ArrayRef<long>, c10::ArrayRef<long>)::[lambda(char *, const char *, long) (instance 1)]>(at::TensorIteratorBase &, c10::ArrayRef<long>, c10::ArrayRef<long>, const T1 &, bool)::[lambda(int) (instance 1)]>(long, T3)"
2429084,2431523,0,14292,14292,131112044.4,88672601.0,1699077,359741241,91224824.8,844472.0,7003.0,4729,8454678,1533261.1,130260587.5,88508403.0,1687963,355776967,89944640.6,6984.9,6976.0,3392,10144,414.9,cudaLaunchKernel,"void at::native::index_elementwise_kernel<(int)128, (int)4, void at::native::gpu_index_kernel<void at::native::index_put_kernel_impl<at::native::OpaqueType<(int)8>>(at::TensorIterator &, c10::ArrayRef<long>, c10::ArrayRef<long>)::[lambda(char *, const char *, long) (instance 1)]>(at::TensorIteratorBase &, c10::ArrayRef<long>, c10::ArrayRef<long>, const T1 &, bool)::[lambda(int) (instance 1)]>(long, T3)"
2429084,2431523,0,14292,14291,130096356.2,87162811.5,8400,361193958,91161600.1,22875.6,5290.0,4359,6238325,97226.9,130080563.7,87158966.0,1581,361186650,91168631.1,2018.7,1984.0,1600,45024,413.9,cudaLaunchKernel,"void at::native::vectorized_elementwise_kernel<(int)4, at::native::bitwise_not_kernel_cuda(at::TensorIteratorBase &)::[lambda(bool) (instance 1)], std::array<char *, (unsigned long)2>>(int, T2, T3)"
2429084,2431523,0,28628,28627,129221852.5,86899993.5,8138,355658016,90290191.2,24658.6,5330.0,3937,4063441,90073.1,129199748.0,86893391.0,1104,355649917,90300924.6,1958.9,1952.0,1536,65952,612.2,cudaLaunchKernel,"void at::native::vectorized_elementwise_kernel<(int)4, at::native::BinaryFunctor<bool, bool, bool, at::native::logical_or_kernel_cuda(at::TensorIterator &)::[lambda() (instance 2)]::operator ()() const::[lambda() (instance 9)]::operator ()() const::[lambda(bool, bool) (instance 1)]>, std::array<char *, (unsigned long)3>>(int, T2, T3)"
2429084,2430430,0,128,127,126977174.1,6951936.0,64523,989127434,235840439.1,57117.3,10841.0,9759,1064368,210532.2,127576060.3,6937512.0,638,987916357,236333559.9,340698.1,163439.5,53568,1223706,369338.9,cuLaunchKernel,void cutlass::Kernel2<cutlass_75_tensorop_f16_s1688gemm_f16_256x128_nt_align1>(T1::Params)
2429084,2430430,0,128,127,124988324.6,6545522.0,39316,985987145,234985889.9,17438.7,10976.0,9728,457712,45904.7,125707671.4,6451963.0,373,985568089,235559544.9,245321.7,102191.5,28256,986780,302568.6,cuLaunchKernel,void cutlass::Kernel2<cutlass_75_tensorop_f16_s1688gemm_f16_64x64_nt_align1>(T1::Params)
2429084,2430430,0,608,606,124103905.5,30514202.5,73001,995655418,230629661.0,33006.8,10420.0,8076,1969012,184963.8,124315238.8,30448013.0,1032,995555873,230871925.7,164597.3,110687.5,28224,750493,180605.5,cudaLaunchKernel,ampere_fp16_s16816gemm_fp16_128x128_ldg8_f2f_stages_32x5_nn
2429084,2430430,0,384,384,123361586.2,17170768.0,29276,1013137202,206652942.2,43371.5,10785.0,8426,2387970,268654.7,122870934.6,16658127.5,211,1012806052,206537828.1,447280.1,333439.0,18815,1199354,331905.2,cudaLaunchKernel,ampere_fp16_s16816gemm_fp16_256x128_ldg8_f2f_stages_32x3_nn
2429084,2431523,0,108,107,121432982.1,3399526.5,238954,1261307928,324036478.5,42777.3,8441.0,6211,879526,163763.6,119161770.3,58549.0,332,1257942611,324908512.6,3331800.1,3235554.0,231008,12677413,4166766.1,cudaLaunchKernel,ampere_sgemm_128x64_nn
2429084,2431523,0,126,126,120850785.7,3456070.5,212495,1261366292,310653603.3,1152418.2,6728.0,5090,16160639,3941769.0,119654316.0,3363802.0,200263,1245338730,306834617.3,44051.6,20016.0,3968,89440,37630.8,cudaLaunchKernel,"void at::native::vectorized_elementwise_kernel<(int)4, at::native::BinaryFunctor<float, float, float, at::native::binary_internal::MulFunctor<float>>, std::array<char *, (unsigned long)3>>(int, T2, T3)"
2429084,2431523,0,24750,24750,115175735.2,82349322.0,1712608,359759545,80193991.4,275076.7,9498.0,4999,6712969,690232.0,114893950.3,82186621.0,1699946,359741477,80028054.6,6708.1,6656.0,3424,9888,434.0,cudaLaunchKernel,"void at::native::index_elementwise_kernel<(int)128, (int)4, void at::native::gpu_index_kernel<void at::native::index_put_kernel_impl<at::native::OpaqueType<(int)4>>(at::TensorIterator &, c10::ArrayRef<long>, c10::ArrayRef<long>)::[lambda(char *, const char *, long) (instance 1)]>(at::TensorIteratorBase &, c10::ArrayRef<long>, c10::ArrayRef<long>, const T1 &, bool)::[lambda(int) (instance 1)]>(long, T3)"
2429084,2431523,0,16,16,114700250.4,114625166.5,90550690,139074390,18477594.1,12868.1,12007.5,10130,20349,2852.8,111456098.2,111381112.0,87302581,135831386,18478589.7,3231284.1,3231178.5,3230346,3232553,594.2,cudaLaunchKernel,ampere_sgemm_128x64_nt
2429084,2430430,0,48,48,112123925.1,64378030.0,7007848,703057130,157400307.1,11272.5,7153.5,6002,95693,16296.9,111670295.1,63863555.0,6572030,702477173,157377754.4,442357.4,429326.0,318078,580126,102832.6,cudaLaunchKernel,"void <unnamed>::softmax_warp_forward<c10::Half, float, float, (int)10, (bool)0, (bool)0, (int)32>(T2 *, const T1 *, int, int, int, const bool *, int, bool)"
2429084,2430430,0,256,248,109249064.7,6411697.5,19754,989320855,230438131.5,20008.0,10870.5,9788,793281,59851.7,112735612.8,6722432.0,292,989272897,233266585.8,16508.9,14720.0,8832,35263,6247.8,cudaLaunchKernel,"void at::native::reduce_kernel<(int)128, (int)4, at::native::ReduceOp<c10::Half, at::native::func_wrapper_t<c10::Half, at::native::sum_functor<c10::Half, float, c10::Half>::operator ()(at::TensorIterator &)::[lambda(float, float) (instance 1)]>, unsigned int, c10::Half, (int)4, (int)8>>(T3)"
2429084,2430430,0,256,251,109221412.7,6375887.5,20610,989339598,230417753.6,38624.6,9328.0,8176,1151855,167938.1,111326626.4,6644848.0,366,989245469,232143757.8,30538.9,24480.0,10816,84800,18395.0,cudaLaunchKernel,"void at::native::reduce_kernel<(int)512, (int)1, at::native::ReduceOp<c10::Half, at::native::func_wrapper_t<c10::Half, at::native::sum_functor<c10::Half, float, c10::Half>::operator ()(at::TensorIterator &)::[lambda(float, float) (instance 1)]>, unsigned int, c10::Half, (int)4, (int)8>>(T3)"
2429084,2431523,0,140,140,108491583.7,3474263.5,73868,1245358399,292922169.0,8063.3,7093.0,5460,21170,2492.4,108455189.8,3420446.0,56077,1245300790,292917719.1,28330.5,11728.0,7072,156928,28454.9,cudaLaunchKernel,"void at::native::reduce_kernel<(int)512, (int)1, at::native::ReduceOp<float, at::native::func_wrapper_t<float, at::native::sum_functor<float, float, float>::operator ()(at::TensorIterator &)::[lambda(float, float) (instance 1)]>, unsigned int, float, (int)4, (int)4>>(T3)"
2429084,2430430,0,256,255,107630997.3,6688735.0,43528,989388780,201644973.5,17890.6,10646.0,8155,677591,52675.3,107723930.9,6649771.0,5,988141172,201777420.1,309978.3,127568.0,31712,1252602,383535.6,cuLaunchKernel,void cutlass::Kernel2<cutlass_75_tensorop_f16_s1688gemm_f16_64x64_nn_align1>(T1::Params)
2429084,2430430,0,1041,1024,107283976.2,6088819.0,9882,989241240,228428303.7,11375.9,6973.0,4850,875989,44587.4,109042936.8,6231353.5,462,989228166,229891457.0,10401.1,3776.0,2176,720285,49072.1,cudaLaunchKernel,"void at::native::vectorized_elementwise_kernel<(int)4, at::native::FillFunctor<c10::Half>, std::array<char *, (unsigned long)1>>(int, T2, T3)"
2429084,2430430,0,64,64,106936788.9,35678981.0,7390382,949771986,200419011.1,20165.4,10896.0,8135,622546,76514.4,106743295.2,35550411.0,7147698,949537486,200394447.6,173328.3,172495.5,115071,232767,56353.5,cuLaunchKernel,void cutlass::Kernel2<cutlass_80_tensorop_f16_s16816gemm_f16_64x128_64x3_nn_align2>(T1::Params)
2429084,2430430,0,1840,1822,105868470.9,5773899.0,8262,1013617837,227681435.9,28671.3,6062.0,4097,6811547,355091.7,106814241.6,5856582.0,614,1013492939,228514375.1,70498.0,17792.0,1792,2254005,233841.5,cudaLaunchKernel,"void at::native::vectorized_elementwise_kernel<(int)4, at::native::BinaryFunctor<float, float, float, at::native::binary_internal::MulFunctor<float>>, std::array<char *, (unsigned long)3>>(int, T2, T3)"
2429084,2430430,0,256,253,105811221.8,6212969.0,57664,986788698,200674751.9,38255.9,10299.5,8065,1088614,158086.7,106528564.6,6088303.0,294,985925887,201285705.2,492798.0,183535.5,47456,2026806,626873.4,cuLaunchKernel,void cutlass::Kernel2<cutlass_75_tensorop_f16_s1688gemm_f16_64x64_tn_align1>(T1::Params)
2429084,2430430,0,528,525,105442899.3,5828738.0,17370,1013455243,227476444.8,18929.5,6186.5,5190,1238259,119210.4,106001344.5,5871986.0,1321,1013388920,227969487.8,24910.3,22352.0,9120,63296,11620.1,cudaLaunchKernel,"void at::native::reduce_kernel<(int)512, (int)1, at::native::ReduceOp<float, at::native::func_wrapper_t<float, at::native::sum_functor<float, float, float>::operator ()(at::TensorIterator &)::[lambda(float, float) (instance 1)]>, unsigned int, float, (int)4, (int)4>>(T3)"
2429084,2430430,0,528,521,105394067.2,5790389.0,10533,1013419355,227459317.8,10779.4,8306.0,7063,417105,23634.0,106796676.2,5884543.0,1148,1013408424,228649083.5,2495.5,2560.0,1696,3200,302.0,cudaLaunchKernel,"void at::native::vectorized_elementwise_kernel<(int)4, void at::native::<unnamed>::pow_tensor_scalar_kernel_impl<float, float>(at::TensorIteratorBase &, T2)::[lambda(float) (instance 2)], std::array<char *, (unsigned long)2>>(int, T2, T3)"
2429084,2430430,0,1056,1046,105354002.5,5737590.5,9065,1013512769,227337734.9,9371.1,6918.5,4889,494372,26727.0,106339368.2,5785871.0,824,1013423015,228182454.2,12274.8,4080.0,1856,83775,17774.1,cudaLaunchKernel,"void at::native::vectorized_elementwise_kernel<(int)4, at::native::AUnaryFunctor<float, float, float, at::native::binary_internal::MulFunctor<float>>, std::array<char *, (unsigned long)2>>(int, T2, T3)"
2429084,2430430,0,528,524,105345440.4,5713124.0,17613,1013412650,227436840.1,11504.1,8391.5,7203,780136,36869.7,106115402.3,5743869.5,483,1013340692,228111091.6,22448.9,17216.0,8512,65760,14453.8,cudaLaunchKernel,"void at::native::elementwise_kernel<(int)128, (int)2, void at::native::gpu_kernel_impl_nocast<at::native::BUnaryFunctor<float, float, float, at::native::binary_internal::MulFunctor<float>>>(at::TensorIteratorBase &, const T1 &)::[lambda(int) (instance 1)]>(int, T3)"
2429084,2430430,0,2560,2534,105070158.2,5804527.0,9785,1013755876,223712551.1,20985.5,6292.0,4409,1787887,125256.3,106113129.4,5986019.0,25,1013688709,224585923.3,13769.4,8768.0,2688,62687,13309.2,cudaLaunchKernel,"void at::native::vectorized_elementwise_kernel<(int)4, at::native::CUDAFunctor_add<c10::Half>, std::array<char *, (unsigned long)3>>(int, T2, T3)"
2429084,2430430,0,64,64,101759954.4,15546851.0,37441,949597791,229290809.9,74705.6,10856.0,10029,3985553,496758.2,101593232.7,15422371.0,431,949390966,229196791.0,92016.2,71120.0,25856,202943,71069.6,cuLaunchKernel,void cutlass::Kernel2<cutlass_80_tensorop_f16_s16816gemm_f16_256x64_32x4_nt_align2>(T1::Params)
2429084,2430430,0,64,64,100922048.9,14504607.0,38655,948321388,229240760.1,12855.6,10666.0,10049,127172,14546.0,100817880.2,14383827.0,317,947999977,229226042.2,91313.2,71039.5,27328,197247,68792.0,cuLaunchKernel,void cutlass::Kernel2<cutlass_80_tensorop_f16_s16816gemm_f16_64x256_32x4_nt_align2>(T1::Params)
2429084,2430430,0,576,569,100471314.1,25641887.5,72056,704064745,161289394.7,13155.9,9863.5,5891,451530,29346.5,101505210.8,27115266.0,533,703920214,161819611.3,186558.7,110768.0,33888,1214811,260679.0,cudaLaunchKernel,ampere_fp16_s16816gemm_fp16_128x128_ldg8_f2f_stages_32x5_tn
2429084,2430430,0,3072,2991,96141722.9,5344085.5,10930,995714850,207574600.2,17246.7,8596.0,4438,2250257,104408.1,98706918.3,5933895.0,65,995612570,209741284.5,20217.3,14560.0,3936,91104,18061.0,cudaLaunchKernel,"void at::native::elementwise_kernel<(int)128, (int)4, void at::native::gpu_kernel_impl_nocast<at::native::direct_copy_kernel_cuda(at::TensorIteratorBase &)::[lambda() (instance 3)]::operator ()() const::[lambda() (instance 10)]::operator ()() const::[lambda(c10::Half) (instance 1)]>(at::TensorIteratorBase &, const T1 &)::[lambda(int) (instance 1)]>(int, T3)"
2429084,2430430,0,16,16,93513224.9,14182985.5,7068995,872715739,233177729.0,11103.8,10746.0,9688,16311,1543.0,93425041.4,14094025.5,6976556,872626319,233177490.2,77079.7,76991.5,74880,79936,1599.1,cuLaunchKernel,void cutlass::Kernel2<cutlass_80_tensorop_f16_s16816gemm_relu_f16_256x64_32x4_nt_align8>(T1::Params)
2429084,2431523,0,10486,10484,92730584.0,78219079.0,10987,217695343,54260673.6,139518.1,8867.0,5871,5981405,305012.3,92607146.5,77692512.5,837,217683287,54287179.0,1582.5,1440.0,1311,30144,975.4,cudaLaunchKernel,"void at::native::vectorized_elementwise_kernel<(int)2, at::native::FillFunctor<long>, std::array<char *, (unsigned long)1>>(int, T2, T3)"
2429084,2430430,0,512,508,89927157.1,5249521.0,14240,989188373,195256563.0,13335.7,8661.5,6502,502137,39418.5,90505878.4,5327544.5,657,988501803,195804926.2,115031.6,43504.0,5664,755133,182454.2,cudaLaunchKernel,"void at::native::vectorized_elementwise_kernel<(int)4, at::native::AUnaryFunctor<c10::Half, c10::Half, c10::Half, at::native::binary_internal::MulFunctor<float>>, std::array<char *, (unsigned long)2>>(int, T2, T3)"
2429084,2430430,0,80,80,89840408.2,7641910.5,849940,905030064,225884367.6,6365.3,5375.0,4428,60194,6267.6,89647042.3,7435553.5,733005,904742718,225882542.3,187000.6,169632.0,109760,284895,60200.5,cudaLaunchKernel,"void <unnamed>::softmax_warp_backward<float, c10::Half, float, (int)9, (bool)0, (bool)0, (int)32>(T2 *, const T1 *, const T1 *, int, int, int, const bool *)"
2429084,2430430,0,1024,996,89761009.3,5252203.5,12521,989266433,195081404.4,18525.3,8416.0,6783,1160802,90401.7,92255453.0,5667716.5,651,989247906,197203500.8,9687.2,7104.0,4288,42624,8134.2,cudaLaunchKernel,"void at::native::elementwise_kernel<(int)128, (int)4, void at::native::gpu_kernel_impl_nocast<at::native::neg_kernel_cuda(at::TensorIteratorBase &)::[lambda() (instance 2)]::operator ()() const::[lambda() (instance 8)]::operator ()() const::[lambda(c10::Half) (instance 1)]>(at::TensorIteratorBase &, const T1 &)::[lambda(int) (instance 1)]>(int, T3)"
2429084,2430430,0,256,256,89499794.2,5888485.5,108042,837619798,187031819.4,9933.1,9508.0,8045,52951,3038.6,89417002.4,5815672.0,74202,837468171,187017074.2,72858.8,55840.0,22016,230399,51686.2,cudaLaunchKernel,"void at::native::vectorized_elementwise_kernel<(int)4, at::native::<unnamed>::silu_backward_kernel(at::TensorIteratorBase &)::[lambda() (instance 1)]::operator ()() const::[lambda() (instance 3)]::operator ()() const::[lambda(c10::Half, c10::Half) (instance 1)], std::array<char *, (unsigned long)3>>(int, T2, T3)"
2429084,2430430,0,3088,3023,89356259.3,5289495.5,12965,1013192119,194695188.0,13346.8,7835.0,6101,1191120,59425.6,91242634.8,5518763.0,150,1013104095,196321125.0,20896.5,14560.0,4576,91551,17722.8,cudaLaunchKernel,"void at::native::elementwise_kernel<(int)128, (int)4, void at::native::gpu_kernel_impl_nocast<at::native::BinaryFunctor<c10::Half, c10::Half, c10::Half, at::native::binary_internal::MulFunctor<float>>>(at::TensorIteratorBase &, const T1 &)::[lambda(int) (instance 1)]>(int, T3)"
2429084,2430430,0,1040,1029,88545618.8,5369587.0,17150,1013416564,194091198.5,15145.4,7525.0,4609,1126005,82082.4,89444856.7,5490372.0,182,1013312623,194891222.1,31685.5,25680.0,9024,99743,21619.1,cudaLaunchKernel,"void at::native::elementwise_kernel<(int)128, (int)2, void at::native::gpu_kernel_impl_nocast<at::native::BinaryFunctor<float, float, float, at::native::binary_internal::MulFunctor<float>>>(at::TensorIteratorBase &, const T1 &)::[lambda(int) (instance 1)]>(int, T3)"
2429084,2431523,0,16100,15843,86772124.8,84039425.0,1363295,217865775,71827564.7,47199.5,4329.0,3437,2580236,203880.0,85664831.9,83628141.0,1,215090426,71802548.6,2427555.0,2753731.5,1350109,7268112,1396147.8,cudaLaunchKernel,"void <unnamed>::qvq_viterbi_kernel<(int)4, (int)2, __half, unsigned char>(const float *, const T3 *, const float *, const long *, const float *, T4 *, long *, float *, int, int, int, bool, bool, bool)"
2429084,2430430,0,64,64,85283411.5,5834492.5,2731567,873789215,226504892.1,10156.2,9839.0,8566,15780,1206.9,85189477.6,5739206.5,2639258,873694822,226504962.0,83777.7,83711.5,82656,85280,646.9,cuLaunchKernel,void cutlass::Kernel2<cutlass_80_tensorop_f16_s16816gemm_relu_f16_128x128_32x4_nn_align8>(T1::Params)
2429084,2430430,0,1315,1288,83989342.0,5281188.0,11858,1013721660,185299622.9,13748.6,7385.0,4759,3547980,108587.0,85673950.8,5435422.5,478,1013650592,186802871.8,60752.2,12384.0,3936,1473754,174474.0,cudaLaunchKernel,"void at::native::vectorized_elementwise_kernel<(int)4, at::native::float16_copy_kernel_cuda(at::TensorIteratorBase &)::[lambda(float) (instance 1)], std::array<char *, (unsigned long)2>>(int, T2, T3)"
2429084,2430430,0,128,126,82778449.4,13123721.5,63504,948795305,192321941.5,14788.4,10254.5,8246,429288,39214.5,83794742.8,13222632.5,920,947995427,193521453.6,278220.7,196863.0,53248,670718,246782.7,cuLaunchKernel,void cutlass::Kernel2<cutlass_80_wmma_tensorop_f16_s161616gemm_f16_32x32_32x1_tn_align2>(T1::Params)
2429084,2430430,0,48,47,82654815.1,285538.5,39375,872068522,222808839.5,10971.8,10600.0,9829,15539,1090.0,84357827.5,244825.0,888,871987932,224881086.9,43507.8,31791.5,25952,74240,19492.9,cuLaunchKernel,void cutlass::Kernel2<cutlass_80_tensorop_f16_s16816gemm_relu_f16_64x256_32x4_nt_align8>(T1::Params)
2429084,2430430,0,224,224,79540634.8,23253625.5,286293,702406234,150310091.6,20611.3,10695.5,9177,944008,80666.4,79042238.0,22713167.0,246,701609320,150270520.9,477785.6,445566.5,275071,732509,149969.8,cudaLaunchKernel,ampere_fp16_s16816gemm_fp16_128x256_ldg8_f2f_stages_64x3_tn
2429084,2431523,0,2776,2773,79458652.9,77673267.5,849652,125833128,16009248.8,10565.9,8386.0,7294,629470,22155.5,78952553.5,77013199.0,26,125030805,15758534.0,580857.2,575904.0,307424,875522,162309.8,cudaLaunchKernel,ampere_sgemm_64x32_sliced1x4_nt
2429084,2430430,0,32,32,78891499.6,362064.0,160969,842967993,224341961.5,11614.6,11547.0,10319,13897,903.7,78854731.2,325559.0,124491,842930426,224341699.4,25153.8,25055.5,24576,26016,405.8,cudaLaunchKernelExC,sm80_xmma_gemm_f16f16_f16f32_f32_nn_n_tilesize160x128x32_stage4_warpsize2x2x1_tensor16x8x16_execute_kernel__5x_cublas
2429084,2430430,0,64,64,77933348.3,66392.5,30315,845468881,220771652.9,9488.7,9192.5,8367,15359,1133.5,77885080.7,1466.0,779,845398904,220771002.1,38778.9,38752.0,20352,58016,17994.4,cuLaunchKernel,void cutlass::Kernel2<cutlass_80_tensorop_f16_s16816gemm_relu_f16_256x64_32x4_nn_align8>(T1::Params)
2429084,2430430,0,192,187,77647785.8,36027.5,27704,850317219,218976448.8,11368.0,11211.0,9999,20039,1051.8,79679903.5,1024.0,186,850239252,221524749.6,31556.1,23264.0,16384,66239,17473.9,cudaLaunchKernelExC,sm80_xmma_gemm_f16f16_f16f32_f32_nn_n_tilesize96x128x32_stage4_warpsize2x2x1_tensor16x8x16_execute_kernel__5x_cublas
2429084,2430430,0,32,32,77506990.6,273190.0,65357,830961931,221092611.7,11204.8,10896.0,10120,17864,1338.9,77464202.9,225652.0,26610,830915069,221092548.9,31582.9,32080.0,25664,38656,4840.7,cudaLaunchKernel,ampere_fp16_s16816gemm_fp16_128x64_ldg8_f2f_stages_32x6_nt
2429084,2430430,0,96,96,77333385.3,206052.0,65381,833392317,218214410.4,5856.7,5144.5,4429,54694,5121.0,77267711.8,139884.0,24334,833295104,218213612.3,59816.8,58848.0,35072,91583,18011.6,cudaLaunchKernel,"void <unnamed>::softmax_warp_backward<float, c10::Half, float, (int)8, (bool)0, (bool)0, (int)32>(T2 *, const T1 *, const T1 *, int, int, int, const bool *)"
2429084,2430430,0,16,14,76277620.0,34843.0,34315,818066916,221758859.7,10553.3,10179.0,9829,12905,973.8,87135507.1,877.5,589,818033029,236052174.6,23693.8,23648.0,23583,23968,118.7,cuLaunchKernel,void cutlass::Kernel2<cutlass_80_wmma_tensorop_f16_s161616gemm_f16_32x32_32x1_nt_align2>(T1::Params)
2429084,2430430,0,16,16,76264263.7,34128.0,30554,817957173,221723454.5,7520.1,5185.0,4539,37842,8143.3,76238925.6,10804.5,1703,817930918,221723584.5,17818.0,17808.0,17056,18592,380.3,cudaLaunchKernel,"void <unnamed>::softmax_warp_backward<float, c10::Half, float, (int)7, (bool)0, (bool)0, (int)32>(T2 *, const T1 *, const T1 *, int, int, int, const bool *)"
2429084,2430430,0,16,13,76244941.2,26821.0,26309,817857578,221694712.2,11340.2,10370.0,9858,16852,2131.6,93807481.2,770.0,181,817831874,244230116.9,15626.0,15632.0,14944,16064,265.4,cuLaunchKernel,void cutlass::Kernel2<cutlass_80_tensorop_f16_s16816gemm_f16_128x64_64x3_nt_align2>(T1::Params)
2429084,2431523,0,24560,23936,75336044.7,46544928.0,8585,355678896,93879485.5,7213.5,6131.0,4960,650950,12484.0,77290838.8,46600323.0,2,355669177,94293715.1,1755.1,1696.0,1535,101089,754.4,cudaLaunchKernel,"void at::native::vectorized_elementwise_kernel<(int)4, void at::native::compare_scalar_kernel<float>(at::TensorIteratorBase &, at::native::<unnamed>::OpType, T1)::[lambda(float) (instance 1)], std::array<char *, (unsigned long)2>>(int, T2, T3)"
2429084,2430430,0,32,32,74925301.3,13264870.0,6068825,872734849,192326194.8,11792.1,12288.5,9087,15199,1706.2,74834345.4,13175476.5,5973740,872644258,192326469.7,79163.8,77920.0,73952,84191,3606.6,cudaLaunchKernel,ampere_fp16_s16816gemm_fp16_64x128_sliced1x2_ldg8_f2f_stages_64x3_nn
2429084,2431523,0,13376,13359,74383081.6,71494164.5,9415,1258002471,67344464.7,167735.3,5671.0,4599,6814202,412005.5,74306507.9,70508459.0,134,1257900215,67330865.2,3278.8,2208.0,1504,193312,9319.5,cudaLaunchKernel,"void at::native::vectorized_elementwise_kernel<(int)4, at::native::CUDAFunctor_add<float>, std::array<char *, (unsigned long)3>>(int, T2, T3)"
2429084,2431523,0,22100,21790,72631183.5,48997698.5,9370,215101178,64972985.9,14891.2,5631.0,4128,14991251,116566.7,73646620.1,49938570.5,7,215093493,64853127.4,2733.9,2656.0,2080,520641,7064.5,cudaLaunchKernel,"<unnamed>::qvq_half2_codebook_norm_pack_kernel(const __half *, unsigned long *, int)"
2429084,2430430,0,768,767,72381597.7,5549376.5,117528,702357343,150942781.6,9744.1,8881.5,4358,695575,29010.7,72394133.7,5577644.0,85300,702190931,150996801.4,72022.4,53359.5,18336,232639,52471.4,cudaLaunchKernel,"void at::native::vectorized_elementwise_kernel<(int)4, at::native::BinaryFunctor<c10::Half, c10::Half, c10::Half, at::native::binary_internal::MulFunctor<float>>, std::array<char *, (unsigned long)3>>(int, T2, T3)"
2429084,2430430,0,112,104,72104052.8,75643.0,26650,837223594,208197879.9,11437.6,11025.5,9899,15790,1265.6,77568364.4,888.0,56,837125614,215127396.2,64961.6,44384.0,15647,168576,49146.0,cudaLaunchKernelExC,sm80_xmma_gemm_f16f16_f16f32_f32_nn_n_tilesize192x128x32_stage3_warpsize4x2x1_tensor16x8x16_execute_kernel__5x_cublas
2429084,2430430,0,256,256,71938631.3,5202159.0,33745,702383878,150983048.4,12913.6,9147.0,8035,697980,43357.8,71874255.5,5146781.5,1466,701587338,150958582.0,51462.2,39360.0,16031,155872,35210.5,cudaLaunchKernel,"void at::native::vectorized_elementwise_kernel<(int)4, at::native::<unnamed>::silu_kernel(at::TensorIteratorBase &)::[lambda() (instance 1)]::operator ()() const::[lambda() (instance 5)]::operator ()() const::[lambda(c10::Half) (instance 1)], std::array<char *, (unsigned long)2>>(int, T2, T3)"
2429084,2431523,0,30330,30328,71610294.4,71439156.0,17098,217587407,40139916.2,13844.9,8626.0,5631,6570278,79209.9,71587561.7,71426414.0,641,217571616,40137912.3,13608.5,8064.0,3968,51968,11061.1,cudaLaunchKernel,"void at::native::index_elementwise_kernel<(int)128, (int)4, void at::native::gpu_index_kernel<void at::native::index_kernel_impl<at::native::OpaqueType<(int)4>>(at::TensorIteratorBase &, c10::ArrayRef<long>, c10::ArrayRef<long>)::[lambda(char *, const char *, long) (instance 1)]>(at::TensorIteratorBase &, c10::ArrayRef<long>, c10::ArrayRef<long>, const T1 &, bool)::[lambda(int) (instance 1)]>(long, T3)"
2429084,2430430,0,512,497,71165351.3,5267544.0,13880,704038225,150442729.0,12814.8,8396.0,6823,617316,46386.2,73276968.8,5524841.0,602,703973370,152172947.0,22386.7,12400.0,5248,85375,20584.0,cudaLaunchKernel,"void at::native::vectorized_elementwise_kernel<(int)4, void at::native::<unnamed>::pow_tensor_scalar_kernel_impl<float, float>(at::TensorIteratorBase &, T2)::[lambda(float) (instance 1)], std::array<char *, (unsigned long)2>>(int, T2, T3)"
2429084,2430430,0,512,500,71158898.9,5257314.0,17540,704048820,150439935.8,12125.4,7234.0,6031,557582,46171.5,72835222.3,5444021.5,1119,704000958,151816513.8,18649.6,13936.0,9088,61440,12963.2,cudaLaunchKernel,"void at::native::reduce_kernel<(int)512, (int)1, at::native::ReduceOp<float, at::native::MeanOps<float, float, float, float>, unsigned int, float, (int)4, (int)4>>(T3)"
2429084,2430430,0,512,499,71134056.0,5229897.5,9763,704020736,150428824.6,10467.0,7254.0,6353,586487,36516.4,72974124.2,5430819.0,988,704006075,151931662.0,2353.9,2368.0,1824,3008,217.8,cudaLaunchKernel,"void at::native::vectorized_elementwise_kernel<(int)4, at::native::CUDAFunctorOnSelf_add<float>, std::array<char *, (unsigned long)2>>(int, T2, T3)"
2429084,2430430,0,512,500,71119272.9,5212968.0,9124,703993755,150423165.5,11606.0,6131.0,5090,704532,45603.4,72811952.2,5404867.0,1337,703952302,151800158.2,2272.2,2272.0,1824,2624,119.4,cudaLaunchKernel,"void at::native::vectorized_elementwise_kernel<(int)4, at::native::rsqrt_kernel_cuda(at::TensorIteratorBase &)::[lambda() (instance 2)]::operator ()() const::[lambda() (instance 2)]::operator ()() const::[lambda(float) (instance 1)], std::array<char *, (unsigned long)2>>(int, T2, T3)"
2429084,2430430,0,768,756,70644035.0,5057815.5,12476,704037961,150031587.7,10321.4,6377.5,5069,631063,39937.5,71654690.5,5072487.0,1381,703965675,150895153.7,98665.0,23759.5,5184,1602968,248510.0,cudaLaunchKernel,"void at::native::elementwise_kernel<(int)128, (int)4, void at::native::gpu_kernel_impl_nocast<at::native::CUDAFunctor_add<c10::Half>>(at::TensorIteratorBase &, const T1 &)::[lambda(int) (instance 1)]>(int, T3)"
2429084,2430430,0,64,64,70614507.0,17291125.5,5130533,648719471,147783995.0,18101.3,9498.5,8146,318146,47117.8,70552945.4,17230706.0,5085510,648349806,147750425.8,43460.3,42896.0,34240,53088,7974.8,cuLaunchKernel,void cutlass::Kernel2<cutlass_80_tensorop_f16_s16816gemm_relu_f16_128x128_32x4_tn_align8>(T1::Params)
2429084,2430430,0,512,506,70495631.2,5104899.5,16001,703990126,150004109.0,9476.7,6552.5,5500,692780,32740.4,71291146.4,5112492.0,654,703888345,150681399.9,30464.0,21648.0,8096,135647,26982.8,cudaLaunchKernel,"void at::native::<unnamed>::CatArrayBatchedCopy<at::native::<unnamed>::OpaqueType<(unsigned int)2>, unsigned int, (int)4, (int)64, (int)64>(T1 *, at::native::<unnamed>::CatArrInputTensorMetadata<T1, T2, T4, T5>, at::native::<unnamed>::TensorSizeStride<T2, (unsigned int)4>, int, T2)"
2429084,2431523,0,45190,43145,70371377.7,11769.0,8434,1260175267,218273516.9,241089.5,6111.0,4278,23997960,1515673.2,73448533.1,2025.0,1,1260116101,222027820.9,5583.1,3232.0,1856,685408,23890.2,cudaLaunchKernel,"void at::native::elementwise_kernel<(int)128, (int)2, void at::native::gpu_kernel_impl_nocast<at::native::direct_copy_kernel_cuda(at::TensorIteratorBase &)::[lambda() (instance 3)]::operator ()() const::[lambda() (instance 7)]::operator ()() const::[lambda(float) (instance 1)]>(at::TensorIteratorBase &, const T1 &)::[lambda(int) (instance 1)]>(int, T3)"
2429084,2430430,0,64,63,67353666.0,7237060.0,43501,872117967,187394953.6,10348.6,10565.0,8456,18585,1830.3,68342639.3,7287001.0,984,872006183,188702661.8,68537.7,67583.5,32384,105119,35349.9,cuLaunchKernel,void cutlass::Kernel2<cutlass_80_tensorop_f16_s16816gemm_relu_f16_128x128_32x5_tn_align8>(T1::Params)
2429084,2430430,0,32,31,66681024.1,252906.0,176998,805473233,194987120.2,23638.3,11026.0,10480,405963,69772.9,68637487.8,61685.0,481,805292186,197828743.4,164842.6,165040.0,162047,169984,2003.4,cudaLaunchKernelExC,sm80_xmma_gemm_f16f16_f16f32_f32_nn_n_tilesize160x128x32_stage3_warpsize2x2x1_tensor16x8x16_execute_kernel__5x_cublas
2429084,2430430,0,67,67,64893138.6,510158.0,329342,816158477,191766681.6,10549.9,10149.0,9428,23835,2101.3,64564444.1,299800.0,119433,815944308,191804824.2,318144.6,202239.0,199647,3371670,554580.8,cudaLaunchKernel,ampere_fp16_s16816gemm_fp16_128x256_ldg8_f2f_stages_64x3_nn
2429084,2430430,0,64,64,63083987.4,3556130.5,202503,851239982,186354783.1,11882.3,12088.0,8746,26430,2594.5,62948326.4,3516098.0,925,851191479,186364420.5,123778.7,114000.0,27680,246719,97385.7,cuLaunchKernel,void cutlass::Kernel2<cutlass_80_tensorop_f16_s16816gemm_relu_f16_128x128_32x5_nn_align8>(T1::Params)
2429084,2431523,0,29652,28725,62677534.0,17077.5,10741,361166016,90701582.6,270022.8,6182.0,4659,9156224,913153.9,64414363.6,2556.0,1,355688737,90774276.4,6941.6,7520.0,3104,83584,1628.5,cudaLaunchKernel,"void at::native::reduce_kernel<(int)512, (int)1, at::native::ReduceOp<float, at::native::func_wrapper_t<float, at::native::MaxNanFunctor<float>>, unsigned int, float, (int)4, (int)4>>(T3)"
2429084,2431523,0,59764,57906,62544677.8,2396730.0,8644,1232546774,91103683.3,14864.2,9027.0,4399,6381658,54314.5,64533885.2,3465402.5,0,1232535564,91848900.7,2264.2,2048.0,1440,255872,4870.5,cudaLaunchKernel,"void at::native::vectorized_elementwise_kernel<(int)4, at::native::AbsFunctor<float>, std::array<char *, (unsigned long)2>>(int, T2, T3)"
2429084,2431523,0,30112,29306,62383391.4,2402670.5,8550,1232521301,91481314.4,32772.6,5761.0,4459,3133289,147587.2,64063121.7,6372745.5,87,1232512643,92083215.1,2283.4,2080.0,1472,169345,4498.6,cudaLaunchKernel,"void at::native::vectorized_elementwise_kernel<(int)4, at::native::AUnaryFunctor<float, float, bool, at::native::<unnamed>::CompareEqFunctor<float>>, std::array<char *, (unsigned long)2>>(int, T2, T3)"
2429084,2431523,0,30126,29338,62321601.5,2392012.0,7643,1232504263,91413790.3,71596.3,4608.0,3908,5776435,226837.0,63919626.9,6180951.5,41,1232497357,91888894.0,2330.4,2080.0,1472,164352,4531.4,cudaLaunchKernel,"void at::native::vectorized_elementwise_kernel<(int)4, at::native::BinaryFunctor<float, float, bool, at::native::<unnamed>::CompareEqFunctor<float>>, std::array<char *, (unsigned long)3>>(int, T2, T3)"
2429084,2430430,0,189,186,60450235.3,1616562.0,176208,889847429,170631294.8,11712.0,11282.0,8236,30307,2434.5,60728783.6,935065.5,64,889429999,171951605.2,673720.0,225311.0,163455,16056149,1755575.3,cudaLaunchKernel,ampere_fp16_s16816gemm_fp16_256x128_ldg8_f2f_stages_64x3_nn
2429084,2430430,0,64,63,60104097.3,107618.5,36601,830940942,183413365.2,10193.1,10334.5,8135,21701,1980.2,61017708.6,72411.0,428,830899311,184726638.6,29605.9,30528.0,25152,37248,3886.0,cuLaunchKernel,void cutlass::Kernel2<cutlass_80_tensorop_f16_s16816gemm_relu_f16_64x256_32x4_nn_align8>(T1::Params)
2429084,2430430,0,32,32,60009588.4,137443.5,47703,828669061,184625100.7,10446.1,10264.5,8857,15790,1413.9,59962359.5,90880.5,505,828622892,184625327.8,36782.8,36544.0,35488,38304,883.1,cudaLaunchKernel,ampere_fp16_s16816gemm_fp16_64x64_ldg8_f2f_tn
2429084,2430430,0,64,62,59604794.5,50439.5,38021,828082780,182154750.4,10025.0,10555.0,8126,13195,1352.0,61482828.3,1314.0,256,828035426,184792237.9,33317.9,32895.5,27648,40032,5418.8,cuLaunchKernel,void cutlass::Kernel2<cutlass_80_tensorop_f16_s16816gemm_f16_64x64_32x6_nn_align2>(T1::Params)
2429084,2430430,0,32,30,59198876.9,32106.5,31458,818039735,182507937.2,9846.2,9948.5,8306,16952,1606.7,63112103.7,1114.0,501,818009453,188012877.8,21502.9,21568.0,20991,22112,359.4,cuLaunchKernel,void cutlass::Kernel2<cutlass_80_wmma_tensorop_f16_s161616gemm_f16_32x32_64x1_tn_align2>(T1::Params)
2429084,2430430,0,32,30,59175946.2,33695.5,31397,817822001,182449413.0,10125.9,10345.0,8185,18415,1942.1,63086702.9,1222.5,228,817790837,187952669.4,22074.0,22096.0,21504,22528,244.0,cuLaunchKernel,void cutlass::Kernel2<cutlass_80_wmma_tensorop_f16_s161616gemm_f16_32x32_64x1_nn_align2>(T1::Params)
2429084,2431523,0,16,16,58296549.4,43605185.0,17081457,109604597,42629244.3,5986.0,4954.5,4459,13797,2466.7,58284601.4,43595259.0,17063660,109594002,42628618.1,5962.1,5104.0,4000,10496,2071.0,cudaLaunchKernel,"void gemmSN_NN_kernel<float, (int)256, (int)4, (int)2, (int)8, (int)4, (int)4, (bool)0, cublasGemvTensorBatched<const float>, cublasGemvTensorBatched<const float>, cublasGemvTensorBatched<float>>(cublasGemmSmallNParams<T9, T10, T11, T1>)"
2429084,2429084,0,37,36,56255759.8,2891837.0,952802,259550807,82791841.6,132901.9,6643.0,5471,4625613,759126.8,54129917.3,1361259.0,311478,252738577,81298219.8,3456031.1,1519811.0,634657,6805056,2927989.8,cudaLaunchKernel,"void at::native::<unnamed>::cunn_SoftMaxForward<(int)8, c10::Half, float, float, at::native::<unnamed>::SoftMaxForwardEpilogue>(T4 *, const T2 *, int)"
2429084,2430430,0,80,80,53064043.8,6052806.5,231124,615596092,141355002.1,7441.6,7098.5,6051,12855,1221.1,52925624.2,5906149.0,136838,615401316,141353304.2,130977.9,125263.5,85280,188864,34769.3,cudaLaunchKernel,"void <unnamed>::softmax_warp_forward<c10::Half, float, float, (int)9, (bool)0, (bool)0, (int)32>(T2 *, const T1 *, int, int, int, const bool *, int, bool)"
2429084,2431523,0,3040,3038,49702068.1,47299449.5,2768900,126282710,17781064.1,9505.9,7890.5,6683,545148,22039.3,49574761.0,47219722.5,567,112855710,17657359.7,150416.3,70944.0,20864,13519091,691830.8,cuLaunchKernel,void cutlass::Kernel2<cutlass_80_simt_sgemm_128x32_8x5_nt_align1>(T1::Params)
2429084,2430430,0,32,32,49620370.8,5699405.5,4884729,573030999,141221804.6,13316.0,12624.0,11752,26400,2734.7,49520984.0,5594130.0,4787025,572933430,141222453.7,86070.8,86096.0,84799,87295,608.7,cudaLaunchKernelExC,sm80_xmma_gemm_f16f16_f16f32_f32_tn_n_tilesize128x128x32_stage4_warpsize2x2x1_tensor16x8x16_execute_kernel__5x_cublas
2429084,2431523,0,64,63,46465940.9,3101327.5,35468,152554705,59288433.3,108157.9,9398.0,7354,1089375,309446.6,46996094.9,3071846.0,907137,152223417,59252627.5,96017.7,21600.0,21056,326305,130079.4,cudaLaunchKernel,"std::enable_if<!T7, void>::type internal::gemvx::kernel<int, int, float, float, float, float, (bool)0, (bool)1, (bool)1, (bool)0, (int)7, (bool)0, cublasGemvParamsEx<int, cublasGemvTensorStridedBatched<const float>, cublasGemvTensorStridedBatched<const float>, cublasGemvTensorStridedBatched<float>, float>>(T13)"
2429084,2430430,0,96,94,44502638.4,158818.0,41252,565430035,137379541.0,11670.0,11426.5,10149,16542,1217.6,45406028.5,254362.0,246,565383888,138692484.7,30940.6,30784.0,30144,32352,477.9,cudaLaunchKernel,ampere_fp16_s16816gemm_fp16_128x128_ldg8_f2f_stages_64x3_tn
2429084,2430430,0,160,156,44045119.4,361184.0,175505,573261692,135765779.4,10836.1,10394.5,9087,22082,1786.0,44934566.4,130471.0,657,572916175,137320137.6,223126.2,221983.0,164479,343551,63104.4,cudaLaunchKernel,ampere_fp16_s16816gemm_fp16_256x128_ldg8_f2f_stages_64x3_tn
2429084,2430430,0,32,31,43468004.4,192877.5,83700,558684621,138838916.7,12358.5,12288.0,11371,14317,659.9,44783953.2,109844.0,167,558601597,140904421.8,71235.7,71215.5,70784,71776,231.5,cudaLaunchKernelExC,sm80_xmma_gemm_f16f16_f16f32_f32_tn_n_tilesize160x128x32_stage4_warpsize2x2x1_tensor16x8x16_execute_kernel__5x_cublas
2429084,2430430,0,32,30,42767623.7,67327.5,66516,552219129,137257210.4,11278.4,11071.5,10129,14427,969.8,45547937.5,982.5,248,552152227,141438002.0,55291.8,55279.5,55167,55616,98.1,cudaLaunchKernel,ampere_fp16_s16816gemm_fp16_256x128_ldg8_f2f_stages_32x3_tn
2429084,2430430,0,96,95,42650269.3,84662.0,36640,554239484,135485518.1,6878.2,6577.5,5771,17483,1298.6,43046005.0,34875.0,1263,554170278,136132749.9,45785.5,44832.0,28096,63328,12331.2,cudaLaunchKernel,"void <unnamed>::softmax_warp_forward<c10::Half, float, float, (int)8, (bool)0, (bool)0, (int)32>(T2 *, const T1 *, int, int, int, const bool *, int, bool)"
2429084,2430430,0,192,179,42565390.5,30106.0,28493,553668704,134913709.3,10786.6,10580.0,9699,14327,929.0,45625500.5,1076.0,449,553638494,139245405.2,18471.3,18144.0,17664,20384,736.2,cudaLaunchKernel,ampere_fp16_s16816gemm_fp16_128x64_ldg8_f2f_stages_64x4_tn
2429084,2430430,0,96,91,42550711.1,57303.0,56094,554647697,135177795.0,12311.2,12053.0,11141,15911,996.0,44821858.1,788.0,294,554569266,138500432.4,51104.3,44128.0,43744,65952,10010.7,cudaLaunchKernelExC,sm80_xmma_gemm_f16f16_f16f32_f32_tn_n_tilesize96x128x32_stage4_warpsize2x2x1_tensor16x8x16_execute_kernel__5x_cublas
2429084,2430430,0,32,29,42122117.7,57887.0,56839,546190883,135534144.3,12360.3,11712.0,10871,23315,2333.0,46416136.4,826.0,299,546130869,141873980.5,45346.0,45312.0,44736,45984,371.9,cudaLaunchKernelExC,sm80_xmma_gemm_f16f16_f16f32_f32_tn_n_tilesize192x128x32_stage3_warpsize4x2x1_tensor16x8x16_execute_kernel__5x_cublas
2429084,2430430,0,16,16,42113872.9,26661.0,25924,545535031,137983658.2,6687.8,6237.0,5921,11141,1303.5,42089157.1,2053.5,1622,545510746,137983792.8,18028.0,18048.0,17824,18304,118.5,cudaLaunchKernel,"void <unnamed>::softmax_warp_forward<c10::Half, float, float, (int)7, (bool)0, (bool)0, (int)32>(T2 *, const T1 *, int, int, int, const bool *, int, bool)"
2429084,2431523,0,6000,6000,42107683.0,46613538.5,1167076,110451153,16260540.4,35511.8,3898.0,3277,1345353,129094.5,41992382.4,46524001.5,1092180,110359203,16231455.9,79788.8,80496.0,67520,119136,4259.0,cudaLaunchKernel,"void <unnamed>::qvq_v2_segment_grid_finalize_kernel<(int)4, (int)2, (int)16, (bool)0, __half, unsigned char>(const float *, const T5 *, const float *, const long *, const float *, const float *, const T6 *, const unsigned char *, long *, unsigned char *, float *, int, int, bool, bool)"
2429084,2431523,0,48000,47998,41659996.1,46265636.0,146541,110494218,16327039.3,34991.6,3768.0,3136,5362096,90058.0,41481251.7,46039716.5,1592,110223379,16307043.7,145481.2,146463.0,132319,1663909,8328.4,cudaLaunchKernel,"void <unnamed>::qvq_v2_segment_grid_kernel<(int)4, (int)2, (int)16, (bool)1, (bool)0, __half, unsigned char>(const float *, const T6 *, const float *, const long *, const float *, const float *, float *, T7 *, unsigned char *, int, int, int, bool, bool)"
2429084,2431523,0,45505,43830,41214689.6,9203.0,8043,1232491981,79868290.0,5633.4,4539.0,3878,2012093,25109.5,42781622.0,2399.0,1,1232484744,80964829.1,2212.9,2176.0,1504,104992,2152.8,cudaLaunchKernel,"void at::native::vectorized_elementwise_kernel<(int)4, at::native::BinaryFunctor<bool, bool, bool, at::native::binary_internal::MulFunctor<bool>>, std::array<char *, (unsigned long)3>>(int, T2, T3)"
2429084,2431523,0,53038,51027,35369582.1,15859.0,9130,361211219,74510174.0,8299.1,6132.0,4379,7413053,45599.4,36748139.8,2181.0,1,361195475,75625272.6,6532.9,7296.0,2528,104128,2603.2,cudaLaunchKernel,"void at::native::reduce_kernel<(int)512, (int)1, at::native::ReduceOp<bool, at::native::func_wrapper_t<bool, at::native::and_kernel_cuda(at::TensorIterator &)::[lambda() (instance 1)]::operator ()() const::[lambda() (instance 12)]::operator ()() const::[lambda(bool, bool) (instance 1)]>, unsigned int, bool, (int)4, (int)4>>(T3)"
2429084,2431523,0,76,76,34114590.6,31071175.0,1142994,133025853,37092795.5,37871.1,7189.0,5230,120239,49059.5,34075058.5,31062423.0,1135038,133016829,37083118.5,1661.1,1536.0,1408,2912,360.4,cudaLaunchKernel,"void at::native::unrolled_elementwise_kernel<at::native::AUnaryFunctor<long, long, long, at::native::BitwiseAndFunctor<long>>, std::array<char *, (unsigned long)2>, (int)4, TrivialOffsetCalculator<(int)1, unsigned int>, TrivialOffsetCalculator<(int)1, unsigned int>, at::native::memory::LoadWithoutCast, at::native::memory::StoreWithoutCast>(int, T1, T2, T4, T5, T6, T7)"
2429084,2431523,0,264,259,32934264.9,28067854.5,250739,74892285,21137160.3,10043.1,8747.0,7354,215832,12824.8,33482575.1,29236818.0,81,74832183,20883556.9,75820.5,46672.0,38304,245792,70920.5,cudaLaunchKernel,ampere_sgemm_32x32_sliced1x4_nt
2429084,2431523,0,128,128,29241333.4,26503740.0,1356751,78458506,26624891.7,9161.4,8591.5,7484,30789,2477.2,29202997.3,26460156.0,1324861,78410080,26623852.9,29174.8,29344.0,19456,39936,6828.8,cudaLaunchKernel,ampere_sgemm_128x32_nt
2429084,2429084,0,764,752,26442464.7,3574266.0,45204,266009695,53266153.0,10429.2,9693.0,5771,250858,9016.5,26621025.4,3797999.5,43,264829949,53442874.1,229169.4,139119.5,34560,1212443,284211.1,cudaLaunchKernel,ampere_fp16_s16816gemm_fp16_128x128_ldg8_f2f_stages_32x5_tn
2429084,2431523,0,12,12,15895258.3,16434447.5,13014463,17020110,1410779.8,9155.0,8256.0,6563,16681,3041.4,2871471.8,3318275.0,18417,4127632,1429358.3,13014631.6,12987110.5,12885515,13239004,133891.8,cuLaunchKernel,void cutlass::Kernel2<cutlass_80_simt_sgemm_128x64_8x5_nn_align1>(T1::Params)
2429084,2431523,0,4,4,15851634.5,15872278.5,15773720,15888261,52575.2,11892.5,10870.5,8105,17724,4139.1,3142413.5,3163702.0,3060442,3181808,55428.0,12697328.5,12697706.0,12695554,12698348,1221.1,cudaLaunchKernel,ampere_sgemm_128x64_tn
2429084,2431523,0,4,3,13320574.3,13381987.0,12897850,13620473,351732.7,13961.5,13175.0,8897,20599,5626.8,479012.3,695919.0,1204,739914,414378.4,12947704.8,12882996.0,12871662,13153165,137078.0,cuLaunchKernel,void cutlass::Kernel2<cutlass_80_simt_sgemm_64x128_8x5_nt_align1>(T1::Params)
2429084,2429084,0,16,16,12694098.4,11149389.0,3746961,29481820,7110247.6,10329.6,7579.5,6793,44524,9221.5,9723347.6,7779920.0,2900772,23414324,5828455.7,2960421.3,2355449.0,837182,7526685,1886012.1,cudaLaunchKernel,"void at::native::<unnamed>::cunn_SoftMaxForward<(int)4, float, float, float, at::native::<unnamed>::LogSoftMaxForwardEpilogue>(T4 *, const T2 *, int)"
2429084,2429084,0,16,15,12461165.3,9840589.5,3702195,29412371,7155563.4,581335.0,6787.5,4649,9192744,2296377.1,12667210.5,10321088.0,3692213,29398680,7350289.1,4348.0,4416.0,3840,4704,267.4,cudaLaunchKernel,"void at::native::<unnamed>::nll_loss_forward_no_reduce_cuda_kernel<float, long>(long, torch::headeronly::detail::GenericPackedTensorAccessor<torch::headeronly::detail::TensorAccessor<c10::ArrayRef<long>, T1, (unsigned long)1, torch::headeronly::DefaultPtrTraits, long>, at::detail::IndexBoundsCheck<(unsigned long)2, long>, T1, (unsigned long)2, torch::headeronly::DefaultPtrTraits, long>, const T2 *, T1 *, const T1 *, long, long)"
2429084,2429084,0,16,16,11837625.9,9776772.0,35326,29345072,7764045.9,8670.3,6894.0,6002,32692,6479.2,11827141.6,9766423.0,970,29336465,7766594.5,1814.0,1824.0,1664,1984,78.1,cudaLaunchKernel,"void at::native::vectorized_elementwise_kernel<(int)4, at::native::AbsFunctor<float>, std::array<char *, (unsigned long)2>>(int, T2, T3)"
2429084,2429084,0,16,15,11797065.0,9744477.0,53972,29297911,7761178.5,8843.3,5726.0,4619,52320,11653.4,12572344.0,10227943.0,3614899,29290125,7350167.9,1650.0,1632.0,1536,1728,50.9,cudaLaunchKernel,"void at::native::vectorized_elementwise_kernel<(int)4, at::native::BinaryFunctor<float, float, bool, at::native::<unnamed>::CompareEqFunctor<float>>, std::array<char *, (unsigned long)3>>(int, T2, T3)"
2429084,2429084,0,297,293,11681822.8,4277320.0,47337,87445435,16384589.3,10949.0,10430.0,8697,27012,2275.3,11235832.4,3998900.0,216,75931864,16022445.2,586381.7,412383.0,36704,11500366,1140385.1,cudaLaunchKernel,ampere_fp16_s16816gemm_fp16_128x256_ldg8_f2f_stages_64x3_tn
2429084,2431523,0,8,8,11250216.5,11257523.5,11177441,11304419,46934.5,16097.1,9032.5,5581,73460,23245.8,7810093.9,7827746.5,7675730,7876162,65692.4,3424025.5,3424072.0,3420199,3428251,2749.8,cudaLaunchKernel,ampere_sgemm_128x64_lower_nt
2429084,2431523,0,364,360,10561216.0,2527854.0,30583,331270823,47260356.5,51736.8,9759.0,6623,3748101,386927.0,10377232.1,2496621.5,304,326688677,47147281.8,246300.8,39360.0,15456,851426,355193.0,cudaLaunchKernel,ampere_sgemm_128x32_nn
2429084,2430430,0,4,4,9395172.8,9133482.5,6843135,12470591,2408455.8,9107.0,8456.0,7013,12503,2375.1,9381841.8,9118542.5,6832698,12457584,2408065.9,4224.0,4320.0,3424,4832,606.0,cudaLaunchKernel,"void at_cuda_detail::cub::detail::reduce::DeviceReduceKernel<at_cuda_detail::cub::detail::reduce::policy_hub<int, unsigned long long, cuda::std::__4::plus<void>>::Policy1000, thrust::_V_300200_SM_750_800_860_900_1000_1200::transform_iterator<at::native::<unnamed>::NonZeroOp<bool>, const bool *, thrust::_V_300200_SM_750_800_860_900_1000_1200::use_default, thrust::_V_300200_SM_750_800_860_900_1000_1200::use_default>, unsigned long long, cuda::std::__4::plus<void>, int, cuda::std::__4::identity>(T2, T5 *, T3, at_cuda_detail::cub::GridEvenShare<T3>, T4, T6)"
2429084,2430430,0,4,4,9385996.8,9122767.5,6836656,12461796,2408303.0,8075.3,5836.0,5510,15119,4698.4,9375417.5,9109674.5,6828371,12453950,2409882.9,2504.0,2528.0,2336,2624,131.6,cudaLaunchKernel,"void at_cuda_detail::cub::detail::reduce::DeviceReduceSingleTileKernel<at_cuda_detail::cub::detail::reduce::policy_hub<int, unsigned long long, cuda::std::__4::plus<void>>::Policy1000, int *, int *, int, cuda::std::__4::plus<void>, int, int, cuda::std::__4::identity>(T2, T3, T4, T5, T6, T8)"
2429084,2429084,0,19,18,8943913.2,7061467.0,1854041,20073217,5777745.0,107332.9,6402.0,3978,1909157,436337.5,8655890.3,6961458.5,900189,19307418,5631568.4,636290.8,638142.0,238624,1048924,227840.7,cudaLaunchKernel,"void at::native::reduce_kernel<(int)512, (int)1, at::native::ReduceOp<float, at::native::ArgMaxOps<float>, unsigned int, long, (int)4, (int)4>>(T3)"
2429084,2429084,0,64,63,8586255.2,3140930.5,45960,30775072,9745066.3,9705.3,9217.5,8356,21291,1877.7,8668751.3,3240111.0,432,30712135,9756222.5,43269.4,42256.0,34272,54240,8361.0,cuLaunchKernel,void cutlass::Kernel2<cutlass_80_tensorop_f16_s16816gemm_relu_f16_128x128_32x4_tn_align8>(T1::Params)
2429084,2429084,0,32,32,8494694.4,6655796.5,13226,29315964,6704607.2,7231.7,5591.0,4759,28424,4488.4,8485083.8,6642385.5,792,29307340,6705768.7,2379.0,2352.0,1792,3104,491.5,cudaLaunchKernel,"void at::native::vectorized_elementwise_kernel<(int)4, at::native::AUnaryFunctor<float, float, bool, at::native::<unnamed>::CompareEqFunctor<float>>, std::array<char *, (unsigned long)2>>(int, T2, T3)"
2429084,2429084,0,35,35,8480472.5,6958434.0,16953,29375585,6521741.6,8724.6,6502.0,4449,74713,11563.6,8140740.2,6261367.0,1183,29362644,6647492.3,331007.7,279455.0,3904,1001852,345687.2,cudaLaunchKernel,"void at::native::reduce_kernel<(int)512, (int)1, at::native::ReduceOp<float, at::native::func_wrapper_t<float, at::native::sum_functor<float, float, float>::operator ()(at::TensorIterator &)::[lambda(float, float) (instance 1)]>, unsigned int, float, (int)4, (int)4>>(T3)"
2429084,2429084,0,19,18,8445544.5,6513796.0,2320446,18576396,4824643.2,136512.7,6191.0,3797,2476979,566774.0,6922926.4,5323331.5,1731132,16444576,4520039.9,1750841.5,1770137.0,583422,2921684,662629.0,cudaLaunchKernel,"void at::native::vectorized_elementwise_kernel<(int)4, at::native::BinaryFunctor<float, float, float, at::native::binary_internal::DivFunctor<float>>, std::array<char *, (unsigned long)3>>(int, T2, T3)"
2429084,2429084,0,32,32,8255619.2,6198209.0,28846,29285113,6741324.2,7268.9,5160.0,4218,38584,6883.6,7960060.4,5857768.0,868,29277592,6853197.4,288289.9,83488.0,1792,1465625,386757.3,cudaLaunchKernel,"void at::native::vectorized_elementwise_kernel<(int)4, at::native::BinaryFunctor<bool, bool, bool, at::native::binary_internal::MulFunctor<bool>>, std::array<char *, (unsigned long)3>>(int, T2, T3)"
2429084,2429084,0,19,18,6462530.1,4970705.0,1753964,14343720,3913135.7,131178.0,6362.0,3998,2351079,537584.9,5793669.2,4569142.5,1266802,13299987,3776842.2,842654.6,895581.0,269984,1420378,334245.2,cudaLaunchKernel,"void at::native::<unnamed>::distribution_elementwise_grid_stride_kernel<float, (int)4, void at::native::templates::cuda::uniform_and_transform<float, float, at::CUDAGeneratorImpl *, void at::native::templates::cuda::exponential_kernel<at::CUDAGeneratorImpl *>(at::TensorIteratorBase &, double, T1)::[lambda() (instance 1)]::operator ()() const::[lambda() (instance 2)]::operator ()() const::[lambda(float) (instance 1)]>(at::TensorIteratorBase &, T3, T4)::[lambda(curandStatePhilox4_32_10 *) (instance 2)], void at::native::<unnamed>::distribution_nullary_kernel<float, float, float4, at::CUDAGeneratorImpl *, void at::native::templates::cuda::uniform_and_transform<float, float, at::CUDAGeneratorImpl *, void at::native::templates::cuda::exponential_kernel<at::CUDAGeneratorImpl *>(at::TensorIteratorBase &, double, T1)::[lambda() (instance 1)]::operator ()() const::[lambda() (instance 2)]::operator ()() const::[lambda(float) (instance 1)]>(at::TensorIteratorBase &, T3, T4)::[lambda(curandStatePhilox4_32_10 *) (instance 2)], void at::native::templates::cuda::exponential_kernel<at::CUDAGeneratorImpl *>(at::TensorIteratorBase &, double, T1)::[lambda() (instance 1)]::operator ()() const::[lambda() (instance 2)]::operator ()() const::[lambda(float) (instance 1)]>(at::TensorIteratorBase &, T4, const T5 &, T6)::[lambda(int, float) (instance 1)]>(long, at::PhiloxCudaState, T3, T4)"
2429084,2429084,0,492,472,6114196.1,36304.0,21137,261790371,28158084.0,10608.0,9743.5,8736,199951,8692.7,6254460.8,1514.5,398,260533113,28526441.1,103445.7,25376.0,10784,1245786,230686.6,cuLaunchKernel,void cutlass::Kernel2<cutlass_75_tensorop_f16_s1688gemm_f16_64x64_nn_align1>(T1::Params)
2429084,2429084,0,640,639,5902295.7,85954.5,13880,264908461,25520453.7,10943.6,7574.5,6462,1795140,70672.5,5867512.4,67771.0,1096,264670381,25506132.6,33010.2,10480.0,3232,231135,45506.1,cudaLaunchKernel,"void at::native::vectorized_elementwise_kernel<(int)4, at::native::BinaryFunctor<c10::Half, c10::Half, c10::Half, at::native::binary_internal::MulFunctor<float>>, std::array<char *, (unsigned long)3>>(int, T2, T3)"
2429084,2429084,0,1280,1246,5823858.2,18684.5,11068,266024621,25402690.1,13162.9,7755.0,6453,6086085,169956.3,5960111.8,7059.5,207,265965659,25721433.8,8938.0,4464.0,2624,61216,10398.8,cudaLaunchKernel,"void at::native::vectorized_elementwise_kernel<(int)4, at::native::CUDAFunctor_add<c10::Half>, std::array<char *, (unsigned long)3>>(int, T2, T3)"
2429084,2431523,0,316,316,5594978.1,6927405.0,1889264,7061871,2052448.9,9322.4,8968.0,7865,23124,1616.3,5522416.8,6831038.0,1868063,6955616,2017686.5,63238.8,50544.0,9088,140415,51223.3,cuLaunchKernel,void cutlass::Kernel2<cutlass_80_simt_sgemm_128x32_8x5_nn_align1>(T1::Params)
2429084,2429084,0,19,18,5304786.8,4437954.0,1436957,11013496,3060209.8,417576.6,8677.0,5370,7753773,1776545.3,4508865.2,3590846.0,878792,10270785,2918843.7,615770.4,620189.0,221344,1012508,222809.2,cudaLaunchKernel,"void at::native::reduce_kernel<(int)512, (int)1, at::native::ReduceOp<float, at::native::MinMaxOps<float, float, int>, unsigned int, float, (int)4, (int)4>>(T3)"
2429084,2431523,0,44,44,5294887.5,1716973.5,219757,17449133,7119616.9,9112.6,7975.0,6973,26730,3209.3,5283756.0,1702662.0,210076,17438755,7118984.4,2018.9,2064.0,1504,2560,294.4,cudaLaunchKernel,"void at::native::vectorized_elementwise_kernel<(int)4, at::native::FillFunctor<bool>, std::array<char *, (unsigned long)1>>(int, T2, T3)"
2429084,2431523,0,44,44,5200800.9,1622893.5,142995,17348248,7112140.9,8150.9,7639.5,6633,17193,1713.8,5190652.1,1613259.0,130382,17338836,7111768.5,1997.8,1920.0,1760,2368,203.0,cudaLaunchKernel,"void at::native::vectorized_elementwise_kernel<(int)4, void at::native::compare_scalar_kernel<c10::Half>(at::TensorIteratorBase &, at::native::<unnamed>::OpType, T1)::[lambda(c10::Half) (instance 1)], std::array<char *, (unsigned long)2>>(int, T2, T3)"
2429084,2429084,0,16,16,5149443.7,4095181.0,1516905,12328998,3027087.2,8325.9,6327.0,4909,35748,7423.9,5139067.9,4086195.0,1507473,12317784,3027947.5,2049.9,2048.0,1952,2176,65.6,cudaLaunchKernel,"void at::native::vectorized_elementwise_kernel<(int)4, at::native::bitwise_not_kernel_cuda(at::TensorIteratorBase &)::[lambda(bool) (instance 1)], std::array<char *, (unsigned long)2>>(int, T2, T3)"
2429084,2429084,0,541,522,5115529.5,40983.0,16856,250516781,25309841.3,10143.5,9788.0,8657,25939,1656.8,5143167.7,1226.5,62,248511377,25451465.7,142911.7,30112.0,6560,2008342,360442.2,cuLaunchKernel,void cutlass::Kernel2<cutlass_75_tensorop_f16_s1688gemm_f16_64x64_tn_align1>(T1::Params)
2429084,2429084,0,244,244,5056904.4,139629.0,57006,73685543,12791331.3,7024.7,6096.5,5310,89390,5655.2,4912846.9,65882.5,5509,73088230,12659408.1,137032.7,62496.0,42943,590270,158668.3,cudaLaunchKernel,"void <unnamed>::softmax_warp_forward<c10::Half, float, float, (int)10, (bool)0, (bool)0, (int)32>(T2 *, const T1 *, int, int, int, const bool *, int, bool)"
2429084,2429084,0,32,32,4825650.6,3867612.0,1382593,12321024,2863124.6,6089.8,4789.0,3777,31600,5012.3,4815992.9,3855445.5,1373687,12312661,2863683.0,3568.0,3584.0,3263,3840,165.4,cudaLaunchKernel,"void at::native::_assert_async_cuda_kernel<bool>(const T1 *, at::native::Msg)"
2429084,2431523,0,278,278,4630747.7,1135243.5,487176,129800413,17669948.7,10115.5,9789.0,8667,30959,1694.5,4510300.1,1116074.0,468727,126211590,17098488.0,110332.2,11008.0,7456,3579304,578918.5,cudaLaunchKernel,ampere_sgemm_64x32_sliced1x4_nn
2429084,2429084,0,16,16,4615623.8,3667601.5,1274761,11376665,2927071.5,10793.6,7960.0,6423,48442,10142.2,1619499.3,1283900.5,427960,3738243,1019919.0,2985330.9,2375976.5,837022,7589980,1905264.5,cudaLaunchKernel,"void at::native::<unnamed>::cunn_SoftMaxForward<(int)4, float, float, float, at::native::<unnamed>::SoftMaxForwardEpilogue>(T4 *, const T2 *, int)"
2429084,2429084,0,32,32,4540801.4,3691369.0,1400214,10986943,2702847.1,7107.3,5921.0,4308,32602,5056.7,4531289.2,3683301.5,1393453,10974217,2703125.6,2405.0,2368.0,2176,2848,171.3,cudaLaunchKernel,"void at::native::vectorized_elementwise_kernel<(int)4, void at::native::compare_scalar_kernel<float>(at::TensorIteratorBase &, at::native::<unnamed>::OpType, T1)::[lambda(float) (instance 1)], std::array<char *, (unsigned long)2>>(int, T2, T3)"
2429084,2429084,0,16,16,4520453.8,3671801.5,1389700,10950837,2747257.6,7465.3,5736.0,4649,28915,5943.2,4510968.5,3661688.0,1382795,10943084,2748363.1,2020.0,2032.0,1824,2176,85.8,cudaLaunchKernel,"void at::native::vectorized_elementwise_kernel<(int)4, at::native::BinaryFunctor<bool, bool, bool, at::native::BitwiseAndFunctor<bool>>, std::array<char *, (unsigned long)3>>(int, T2, T3)"
2429084,2429084,0,46,43,4414079.1,22259.5,13226,29425836,7332170.4,11381.7,11527.0,5992,31119,4248.1,4701131.3,1050.0,54,29413578,7496723.5,8178.8,2000.0,1376,111393,22420.0,cudaLaunchKernel,"void at::native::vectorized_elementwise_kernel<(int)4, at::native::FillFunctor<float>, std::array<char *, (unsigned long)1>>(int, T2, T3)"
2429084,2431523,0,28,26,4263021.8,15951.0,11786,19973699,8278721.5,10729.6,8180.5,6402,57289,9427.8,4575529.6,2287.5,622,19960524,8513013.1,3648.0,3328.0,3136,5056,681.1,cudaLaunchKernel,"void at::native::elementwise_kernel<(int)128, (int)2, void at::native::gpu_kernel_impl_nocast<at::native::AbsFunctor<float>>(at::TensorIteratorBase &, const T1 &)::[lambda(int) (instance 1)]>(int, T3)"
2429084,2429084,0,896,873,4127677.3,49902.0,12816,263598734,21556060.7,18642.2,8867.0,6933,5737942,202912.7,4195990.2,34686.0,101,263434014,21809178.2,20818.1,9088.0,3520,155775,27228.2,cudaLaunchKernel,"void at::native::vectorized_elementwise_kernel<(int)4, at::native::<unnamed>::silu_kernel(at::TensorIteratorBase &)::[lambda() (instance 1)]::operator ()() const::[lambda() (instance 5)]::operator ()() const::[lambda(c10::Half) (instance 1)], std::array<char *, (unsigned long)2>>(int, T2, T3)"
2429084,2431523,0,1042,1042,3989790.7,2536371.0,34335,359665963,21805714.8,11150.7,10059.0,6231,575607,19091.1,3736779.1,2487950.5,531,346383141,20964837.6,241860.9,38992.0,17632,13278038,1624127.4,cudaLaunchKernel,ampere_sgemm_128x32_sliced1x4_nn
2429084,2431523,0,2122,2122,3972642.9,2520041.5,10246,152561876,12741622.9,6852.4,4780.0,3958,570837,26673.4,3961915.3,2511517.0,2082,152540983,12729614.1,3875.2,3360.0,2496,16192,2156.9,cudaLaunchKernelExC,"void cublasLt::splitKreduce_kernel<(int)32, (int)16, int, float, float, float, float, (bool)0, float, float, float, (bool)1, (bool)0, (bool)0, (bool)0>(cublasLt::cublasSplitKParams<T6>, const T4 *, const T10 *, T9 *, T5 *, const T6 *, const T6 *, const T11 *, const T4 *, T11 *, void *, long, T6 *, int *, T6 *, T6 *, const T6 *, const T6 *, const T6 *, const T6 *, const T6 *)"
2429084,2431523,0,52,50,3848885.9,947692.5,24176,13552352,4866171.1,5759.0,5555.5,3757,14138,1840.9,1893473.6,18262.5,779,11290855,4119915.3,2022496.8,925618.0,16544,7317654,2341694.4,cudaLaunchKernel,"void kernel<getrf_wo_pivot_params_<float, (int)0, (int)256, (int)1, (int)64, (int)64, (int)68, (int)8, (int)1, (int)1>>(int, int, void *, int, void *, int, int, int, int, int, int *)"
2429084,2429084,0,16,16,3690465.8,3058948.5,1096662,8775052,2122999.3,11239.0,7429.5,5561,61808,13649.8,3123164.8,2460823.0,929433,7630824,1890479.4,556062.0,444767.0,157951,1412698,352504.6,cudaLaunchKernel,"void at::native::vectorized_elementwise_kernel<(int)4, at::native::AUnaryFunctor<c10::Half, c10::Half, bool, at::native::<unnamed>::CompareEqFunctor<c10::Half>>, std::array<char *, (unsigned long)2>>(int, T2, T3)"
2429084,2431523,0,24,21,3675549.9,1144895.5,10883,15534139,5095791.1,12492.1,9934.0,5841,53773,9154.5,4181085.2,1181134.0,521,15519833,5251358.2,4753.3,4768.0,2912,6336,999.5,cudaLaunchKernel,"void at::native::<unnamed>::CatArrayBatchedCopy_vectorized<at::native::<unnamed>::OpaqueType<(unsigned int)2>, unsigned int, (int)1, (int)128, (int)1, (int)16, (int)8>(char *, at::native::<unnamed>::CatArrInputTensorMetadata<T1, T2, T4, T5>, at::native::<unnamed>::TensorSizeStride<T2, (unsigned int)4>, int, T2)"
2429084,2429084,0,3712,3532,3620012.7,16108.5,12694,261824774,19895232.2,9360.4,8676.0,6503,1026025,17463.9,3781570.5,1498.0,4,261727076,20368168.4,12531.4,6016.0,4128,90656,14881.7,cudaLaunchKernel,"void at::native::elementwise_kernel<(int)128, (int)4, void at::native::gpu_kernel_impl_nocast<at::native::direct_copy_kernel_cuda(at::TensorIteratorBase &)::[lambda() (instance 3)]::operator ()() const::[lambda() (instance 10)]::operator ()() const::[lambda(c10::Half) (instance 1)]>(at::TensorIteratorBase &, const T1 &)::[lambda(int) (instance 1)]>(int, T3)"
2429084,2429084,0,16,15,3546369.9,2835816.0,964126,7899590,2186865.1,392054.4,9372.5,7364,6126592,1529211.7,2625281.3,2096229.0,763171,6243685,1566272.8,693199.4,550302.0,192960,1774359,445355.1,cudaLaunchKernel,"void at::native::vectorized_elementwise_kernel<(int)4, at::native::AbsFunctor<c10::Half>, std::array<char *, (unsigned long)2>>(int, T2, T3)"
2429084,2430430,0,16,16,3476749.4,2686953.5,871723,9024794,2326125.2,18164.6,15630.0,9769,45817,9107.6,422683.8,244867.0,1227,1278661,393387.3,3035900.9,2424568.5,856990,7700316,1931007.8,cudaLaunchKernel,"void at::native::<unnamed>::cunn_SoftMaxBackward<(int)4, float, float, float, at::native::<unnamed>::LogSoftMaxBackwardEpilogue>(T2 *, const T4 *, const T4 *, long)"
2429084,2431523,0,44,43,3315291.1,973996.5,10870,14374803,5245906.8,39051.4,6527.5,4379,1437539,215740.6,3164930.2,917342.0,1943,13532732,4989279.6,183276.7,46720.0,2304,835264,308250.0,cudaLaunchKernel,"void at::native::triu_tril_kernel<float, int, (bool)0, (int)2, (bool)1>(at::cuda::detail::TensorInfo<T1, T2>, at::cuda::detail::TensorInfo<const T1, T2>, long, long, T2)"
2429084,2431523,0,2560,2559,3266058.5,2673539.5,10996,7184613,1971334.9,7420.7,7064.0,5781,165405,3510.1,3257539.4,2663982.0,1600,7173572,1970313.2,2371.4,2176.0,2016,3328,443.4,cudaLaunchKernel,"void at::native::elementwise_kernel<(int)128, (int)2, void at::native::gpu_kernel_impl_nocast<at::native::BUnaryFunctor<long, long, long, at::native::rshift_kernel_cuda(at::TensorIteratorBase &)::[lambda() (instance 1)]::operator ()() const::[lambda() (instance 4)]::operator ()() const::[lambda(long, long) (instance 1)]>>(at::TensorIteratorBase &, const T1 &)::[lambda(int) (instance 1)]>(int, T3)"
2429084,2430430,0,16,15,3254260.1,1528798.5,484808,26178519,6191803.9,1334206.4,7809.5,5791,21223735,5303874.7,2702.1,2134.0,837,5943,1405.6,1918503.0,1516203.5,475903,4970505,1276123.3,cudaLaunchKernel,"void <unnamed>::indexing_backward_kernel<c10::Half, (int)4>(const long *, const long *, const T1 *, T1 *, long, long, long, long, bool)"
2429084,2429084,0,2320,2208,3193765.5,17607.5,15776,266144307,19088742.8,8548.1,6503.0,5641,2989175,62803.0,3335001.8,1958.0,20,266081203,19547687.5,11283.1,9248.0,7904,59968,7095.0,cudaLaunchKernel,"void at::native::reduce_kernel<(int)512, (int)1, at::native::ReduceOp<float, at::native::MeanOps<float, float, float, float>, unsigned int, float, (int)4, (int)4>>(T3)"
2429084,2429084,0,2320,2213,3192900.7,11683.5,9442,266111902,19086937.9,10882.5,6212.0,5119,8324921,173126.3,3327813.0,1895.0,52,266028364,19520280.2,7752.5,3616.0,2368,78912,12112.6,cudaLaunchKernel,"void at::native::vectorized_elementwise_kernel<(int)4, void at::native::<unnamed>::pow_tensor_scalar_kernel_impl<float, float>(at::TensorIteratorBase &, T2)::[lambda(float) (instance 1)], std::array<char *, (unsigned long)2>>(int, T2, T3)"
2429084,2431523,0,2616,2610,3190991.1,2655706.5,9261,7166348,1999540.8,6157.6,5681.0,4899,203718,4181.7,3189578.9,2647815.5,144,7158635,1996963.5,2571.9,1792.0,1664,72609,6673.9,cudaLaunchKernel,"void at::native::vectorized_elementwise_kernel<(int)4, at::native::BinaryFunctor<long, long, bool, at::native::<unnamed>::CompareEqFunctor<long>>, std::array<char *, (unsigned long)3>>(int, T2, T3)"
2429084,2429084,0,2320,2190,3181378.2,10141.5,9134,266114106,19087140.0,7061.9,6392.0,5430,237913,5575.9,3360675.9,1870.0,111,266103450,19629366.6,2018.8,1952.0,1536,2912,243.5,cudaLaunchKernel,"void at::native::vectorized_elementwise_kernel<(int)4, at::native::CUDAFunctorOnSelf_add<float>, std::array<char *, (unsigned long)2>>(int, T2, T3)"
2429084,2429084,0,2320,2217,3179767.6,9334.5,8419,266096536,19084746.1,7966.4,5210.0,4509,5256625,109037.1,3317056.8,2139.0,33,266085789,19510649.4,2059.2,2016.0,1664,2656,178.4,cudaLaunchKernel,"void at::native::vectorized_elementwise_kernel<(int)4, at::native::rsqrt_kernel_cuda(at::TensorIteratorBase &)::[lambda() (instance 2)]::operator ()() const::[lambda() (instance 2)]::operator ()() const::[lambda(float) (instance 1)], std::array<char *, (unsigned long)2>>(int, T2, T3)"
2429084,2429084,0,2320,2209,3179334.1,12978.5,10369,266161723,19088037.3,7161.6,5510.0,4749,1008661,27509.3,3319961.0,1945.0,43,266064117,19537587.4,11116.1,5472.0,3616,91552,14514.6,cudaLaunchKernel,"void at::native::elementwise_kernel<(int)128, (int)2, void at::native::gpu_kernel_impl_nocast<at::native::BinaryFunctor<float, float, float, at::native::binary_internal::MulFunctor<float>>>(at::TensorIteratorBase &, const T1 &)::[lambda(int) (instance 1)]>(int, T3)"
2429084,2431523,0,2560,2559,3171788.3,2588049.5,12896,7129149,1966143.2,6855.0,6312.0,5380,277238,7564.1,3160645.5,2575763.0,1651,7117574,1965280.1,5522.6,5696.0,4384,6560,504.6,cudaLaunchKernel,"void at::native::unrolled_elementwise_kernel<at::native::CUDAFunctor_add<float>, std::array<char *, (unsigned long)3>, (int)4, TrivialOffsetCalculator<(int)2, unsigned int>, TrivialOffsetCalculator<(int)1, unsigned int>, at::native::memory::LoadWithCast<(int)2>, at::native::memory::StoreWithCast<(int)1>>(int, T1, T2, T4, T5, T6, T7)"
2429084,2430430,0,12,12,3105665.0,2902959.5,648280,5613449,1456635.2,10708.6,10499.5,7824,13044,1698.7,3090513.8,2887946.5,634157,5595558,1455646.4,4442.7,4416.0,3840,5056,384.4,cudaLaunchKernel,"void at_cuda_detail::cub::detail::reduce::DeviceReduceSingleTileKernel<at_cuda_detail::cub::detail::reduce::policy_hub<int, unsigned long long, cuda::std::__4::plus<void>>::Policy1000, thrust::_V_300200_SM_750_800_860_900_1000_1200::transform_iterator<at::native::<unnamed>::NonZeroOp<bool>, const bool *, thrust::_V_300200_SM_750_800_860_900_1000_1200::use_default, thrust::_V_300200_SM_750_800_860_900_1000_1200::use_default>, int *, unsigned long long, cuda::std::__4::plus<void>, int, int, cuda::std::__4::identity>(T2, T3, T4, T5, T6, T8)"
2429084,2429084,0,16,14,3025200.2,2338452.0,814038,8173569,2047179.5,14966.8,8837.0,7044,98888,22488.4,2192.5,2364.0,692,3215,585.4,3008502.9,2324856.5,804094,8076923,2032436.3,cudaLaunchKernel,"void at::native::index_elementwise_kernel<(int)128, (int)4, void at::native::gpu_index_kernel<void at::native::index_kernel_impl<at::native::OpaqueType<(int)2>>(at::TensorIteratorBase &, c10::ArrayRef<long>, c10::ArrayRef<long>)::[lambda(char *, const char *, long) (instance 1)]>(at::TensorIteratorBase &, c10::ArrayRef<long>, c10::ArrayRef<long>, const T1 &, bool)::[lambda(int) (instance 1)]>(long, T3)"
2429084,2429084,0,6928,6590,2954245.4,13387.5,10564,266256205,18094208.3,6826.9,5531.0,4349,528447,9669.6,3089129.2,2101.0,3,266170575,18532673.3,9063.7,5504.0,3840,90591,10783.2,cudaLaunchKernel,"void at::native::elementwise_kernel<(int)128, (int)4, void at::native::gpu_kernel_impl_nocast<at::native::BinaryFunctor<c10::Half, c10::Half, c10::Half, at::native::binary_internal::MulFunctor<float>>>(at::TensorIteratorBase &, const T1 &)::[lambda(int) (instance 1)]>(int, T3)"
2429084,2429084,0,1152,1107,2928994.8,16521.0,11337,251219242,17857310.8,10354.4,8266.0,7114,1594529,47785.2,3000714.6,1706.0,28,250456436,18126724.4,35203.5,6448.0,1728,756444,98733.6,cudaLaunchKernel,"void at::native::vectorized_elementwise_kernel<(int)4, at::native::AUnaryFunctor<c10::Half, c10::Half, c10::Half, at::native::binary_internal::MulFunctor<float>>, std::array<char *, (unsigned long)2>>(int, T2, T3)"
2429084,2429084,0,3760,3591,2928600.7,12039.0,8638,266197358,18261649.7,7235.5,6467.5,4578,768124,14534.0,3037199.6,1949.0,39,266126720,18631121.1,20730.9,3904.0,1888,1139931,86105.0,cudaLaunchKernel,"void at::native::vectorized_elementwise_kernel<(int)4, at::native::float16_copy_kernel_cuda(at::TensorIteratorBase &)::[lambda(float) (instance 1)], std::array<char *, (unsigned long)2>>(int, T2, T3)"
2429084,2429084,0,3456,3292,2889376.0,14437.5,10635,252773778,17724054.9,6074.6,5460.0,4288,253042,7011.9,2993633.7,2179.0,22,251177010,18085735.5,31779.2,6592.0,3936,1595737,124762.6,cudaLaunchKernel,"void at::native::elementwise_kernel<(int)128, (int)4, void at::native::gpu_kernel_impl_nocast<at::native::CUDAFunctor_add<c10::Half>>(at::TensorIteratorBase &, const T1 &)::[lambda(int) (instance 1)]>(int, T3)"
2429084,2429084,0,2304,2177,2845907.5,17047.0,12762,248561694,17573198.6,6991.2,6031.0,4960,497046,13933.0,2990354.9,2127.0,16,248520374,18055729.5,13469.7,8576.0,5568,134624,15766.7,cudaLaunchKernel,"void at::native::<unnamed>::CatArrayBatchedCopy<at::native::<unnamed>::OpaqueType<(unsigned int)2>, unsigned int, (int)4, (int)64, (int)64>(T1 *, at::native::<unnamed>::CatArrInputTensorMetadata<T1, T2, T4, T5>, at::native::<unnamed>::TensorSizeStride<T2, (unsigned int)4>, int, T2)"
2429084,2429084,0,2304,2172,2841534.8,12867.0,10945,248556932,17567458.4,9334.6,6757.5,5270,3894129,83467.7,2998546.1,1837.0,261,248537034,18076549.5,5524.9,4352.0,3488,42432,4522.2,cudaLaunchKernel,"void at::native::elementwise_kernel<(int)128, (int)4, void at::native::gpu_kernel_impl_nocast<at::native::neg_kernel_cuda(at::TensorIteratorBase &)::[lambda() (instance 2)]::operator ()() const::[lambda() (instance 8)]::operator ()() const::[lambda(c10::Half) (instance 1)]>(at::TensorIteratorBase &, const T1 &)::[lambda(int) (instance 1)]>(int, T3)"
2429084,2431523,0,86,83,2786105.2,10427.0,8604,20152038,6914595.3,7204.9,6622.5,5070,13326,1870.9,2857467.6,2064.0,4,20143498,6975859.5,21127.5,1728.0,1440,251840,63345.5,cudaLaunchKernel,"void at::native::vectorized_elementwise_kernel<(int)4, at::native::AUnaryFunctor<float, float, float, at::native::binary_internal::MulFunctor<float>>, std::array<char *, (unsigned long)2>>(int, T2, T3)"
2429084,2429084,0,32,29,2617726.1,1760978.5,12044,11624785,3174204.7,116828.3,7905.0,6493,3463819,610762.5,2581945.0,1916195.0,496,10986844,3065719.3,161153.4,54383.5,2976,790716,208990.6,cudaLaunchKernel,"void at::native::reduce_kernel<(int)512, (int)1, at::native::ReduceOp<bool, at::native::func_wrapper_t<bool, at::native::and_kernel_cuda(at::TensorIterator &)::[lambda() (instance 1)]::operator ()() const::[lambda() (instance 12)]::operator ()() const::[lambda(bool, bool) (instance 1)]>, unsigned int, bool, (int)4, (int)4>>(T3)"
2429084,2429084,0,254,238,2386721.8,1923546.5,454001,6757097,1341588.4,9778.8,7834.0,7033,239787,17216.6,1487.4,1470.0,396,3122,328.4,2375656.9,1914100.5,445025,6744407,1342185.0,cudaLaunchKernel,ampere_sgemm_128x64_nt
2429084,2431523,0,8588,8077,2371505.6,12366.5,11557,131761571,10845327.1,8119.8,6752.0,6001,2428507,32825.7,2506254.4,1656.0,3,131746951,11157312.2,6317.2,4032.0,3968,66624,10358.7,cudaLaunchKernel,ampere_sgemm_32x128_nt
2429084,2429084,0,381,364,2243474.2,212879.0,94309,282894195,15598840.6,11412.1,10099.0,8225,390875,19570.5,2033020.6,20961.5,9,265384337,15086085.7,289844.5,166144.0,84160,17491503,981999.1,cudaLaunchKernel,ampere_fp16_s16816gemm_fp16_256x128_ldg8_f2f_stages_64x3_tn
2429084,2429084,0,263,251,2131318.9,36655.0,19903,48604881,7127801.9,10724.6,9839.0,8777,116672,6740.0,2172901.0,1447.0,188,48360300,7234825.3,46924.6,25281.0,9568,252192,64232.8,cuLaunchKernel,void cutlass::Kernel2<cutlass_80_tensorop_f16_s16816gemm_f16_64x128_64x3_nn_align2>(T1::Params)
2429084,2429084,0,32,32,1869143.4,1949663.5,97859,3690702,1047764.1,12691.5,12088.0,11131,23164,2104.2,1770928.3,1852734.0,44,3592625,1047965.4,85523.6,85376.0,83999,86367,528.6,cudaLaunchKernelExC,sm80_xmma_gemm_f16f16_f16f32_f32_tn_n_tilesize128x128x32_stage4_warpsize2x2x1_tensor16x8x16_execute_kernel__5x_cublas
2429084,2431523,0,126,115,1799224.7,22741.5,8825,19162817,4476748.7,11065.1,10029.0,5261,65536,5801.4,1912304.8,1400.0,47,18892464,4580138.1,42987.7,11616.0,1600,259873,73765.0,cudaLaunchKernel,"void at::native::vectorized_elementwise_kernel<(int)4, at::native::BUnaryFunctor<float, float, float, at::native::binary_internal::MulFunctor<float>>, std::array<char *, (unsigned long)2>>(int, T2, T3)"
2429084,2429084,0,4294,4015,1790982.5,18281.0,12723,266061469,14132123.7,11075.4,10129.0,3958,426553,11501.0,1880159.9,1064.0,4,265958367,14594984.3,22033.3,6208.0,2016,2374455,141637.7,cudaLaunchKernel,"void at::native::unrolled_elementwise_kernel<at::native::direct_copy_kernel_cuda(at::TensorIteratorBase &)::[lambda() (instance 3)]::operator ()() const::[lambda() (instance 7)]::operator ()() const::[lambda(float) (instance 1)], std::array<char *, (unsigned long)2>, (int)4, TrivialOffsetCalculator<(int)1, unsigned int>, TrivialOffsetCalculator<(int)1, unsigned int>, at::native::memory::LoadWithCast<(int)1>, at::native::memory::StoreWithCast<(int)1>>(int, T1, T2, T4, T5, T6, T7)"
2429084,2431523,0,22,21,1730333.8,282760.5,10985,16789914,4862717.8,8685.0,7293.5,5170,21882,4028.9,1382967.9,205011.0,868,12938811,3829578.3,401654.8,71680.0,3872,3840142,1112278.6,cudaLaunchKernel,ampere_sgemm_32x128_tn
2429084,2431523,0,42,40,1707952.4,212773.5,13054,5286121,2196684.5,8013.5,7334.0,5681,14728,2148.6,1307598.6,231091.5,699,3981555,1661210.9,454668.3,88016.0,4512,1324643,556327.4,cudaLaunchKernel,"void at::native::reduce_kernel<(int)512, (int)1, at::native::ReduceOp<long, at::native::func_wrapper_t<long, at::native::sum_functor<long, long, long>::operator ()(at::TensorIterator &)::[lambda(long, long) (instance 1)]>, unsigned int, long, (int)4, (int)4>>(T3)"
2429084,2431523,0,26,24,1549886.0,937268.0,9689,14344580,3790925.0,11811.2,8612.0,5971,86285,15377.2,1663982.4,929264.0,971,14333576,3925521.0,2253.5,2256.0,1952,2848,226.1,cudaLaunchKernel,"void at::native::unrolled_elementwise_kernel<at::native::direct_copy_kernel_cuda(at::TensorIteratorBase &)::[lambda() (instance 3)]::operator ()() const::[lambda() (instance 11)]::operator ()() const::[lambda(bool) (instance 1)], std::array<char *, (unsigned long)2>, (int)4, TrivialOffsetCalculator<(int)1, unsigned int>, TrivialOffsetCalculator<(int)1, unsigned int>, at::native::memory::LoadWithCast<(int)1>, at::native::memory::StoreWithCast<(int)1>>(int, T1, T2, T4, T5, T6, T7)"
2429084,2431523,0,24,24,1544673.0,1746335.0,312824,2005697,557702.4,8025.3,7710.0,6582,12604,1357.1,733857.0,805653.0,171273,1073722,261291.7,802790.7,934190.0,132768,955618,302545.6,cudaLaunchKernel,ampere_sgemm_128x32_tn
2429084,2429084,0,400,370,1302130.3,40092.5,19517,47215378,5618659.7,10156.2,9688.5,8596,21060,1683.8,1299192.5,1228.0,329,46530178,5718872.1,90368.9,29408.0,8960,744129,161777.1,cuLaunchKernel,void cutlass::Kernel2<cutlass_80_wmma_tensorop_f16_s161616gemm_f16_32x32_32x1_tn_align2>(T1::Params)
2429084,2431523,0,2,1,1104436.0,1104436.0,17774,2191098,1536772.1,1094865.5,1094865.5,5260,2184471,1540934.9,1922.0,1922.0,1922,1922,0.0,9936.0,9936.0,9280,10592,927.7,cudaLaunchKernel,"void steqr_ker<stedc_params_<float2, float, (int)8, (int)16, (int)128>, float, (int)0>(long, T1::data_type *, T1::data_type *, T2 *, long, int *, int *, long, long, T1::data_type, T1::data_type, int *, int)"
2429084,2429084,0,72,71,1101225.1,28414.0,20930,9357376,2411604.3,11266.5,10881.0,9558,15900,1426.7,1074628.5,1313.0,240,9260947,2401680.1,30283.0,16496.0,9792,84896,28031.5,cudaLaunchKernel,ampere_fp16_s16816gemm_fp16_64x128_sliced1x2_ldg8_f2f_stages_64x3_nn
2429084,2431523,0,140,112,1061446.2,30310.5,11128,16808829,3366589.9,9196.5,8711.5,5391,23495,3171.2,1230334.6,1971.0,18,16749451,3631864.5,68260.9,18608.0,3168,662465,129009.5,cudaLaunchKernel,"void at::native::elementwise_kernel<(int)128, (int)2, void at::native::gpu_kernel_impl_nocast<at::native::BinaryFunctor<float, float, float, at::native::binary_internal::MulFunctor<float>>>(at::TensorIteratorBase &, const T1 &)::[lambda(int) (instance 1)]>(int, T3)"
2429084,2431523,0,334,334,1042604.3,1127823.0,17639,2528648,333010.3,10107.9,9788.5,8195,21541,1552.1,1014313.6,1109080.0,614,2506603,353665.7,18182.8,9760.0,5952,90369,25858.3,cudaLaunchKernel,ampere_sgemm_32x32_sliced1x4_nn
2429084,2431523,0,192,179,1036700.0,16693.0,9207,17506959,3645712.3,8258.1,7760.0,5029,21721,2596.5,1080631.4,1750.0,365,17413786,3748425.0,21088.0,7264.0,1312,113793,34384.7,cudaLaunchKernel,"void at::native::vectorized_elementwise_kernel<(int)4, at::native::FillFunctor<float>, std::array<char *, (unsigned long)1>>(int, T2, T3)"
2429084,2431523,0,116,114,1003085.8,32690.0,10501,15694068,2688351.3,7752.7,6963.5,4829,62960,5438.6,1008720.5,21759.5,36,15680849,2708542.6,4038.6,4032.0,3200,6240,641.8,cudaLaunchKernel,"void at::native::elementwise_kernel<(int)128, (int)2, void at::native::gpu_kernel_impl_nocast<at::native::CUDAFunctorOnSelf_add<float>>(at::TensorIteratorBase &, const T1 &)::[lambda(int) (instance 1)]>(int, T3)"
2429084,2431523,0,56,53,966172.9,114057.0,10998,4006681,1520773.0,7853.1,6372.5,5280,62509,7603.7,713593.3,63783.0,1046,2949776,1132402.3,283025.1,67440.0,3488,1051395,412864.5,cudaLaunchKernel,"void at::native::elementwise_kernel<(int)128, (int)2, void at::native::gpu_kernel_impl_nocast<at::native::BinaryFunctor<long, long, long, at::native::lshift_kernel_cuda(at::TensorIteratorBase &)::[lambda() (instance 1)]::operator ()() const::[lambda() (instance 4)]::operator ()() const::[lambda(long, long) (instance 1)]>>(at::TensorIteratorBase &, const T1 &)::[lambda(int) (instance 1)]>(int, T3)"
2429084,2431523,0,4,3,900146.5,8414.0,7474,3576284,1784091.8,897452.5,4814.0,3898,3576284,1785887.9,2322.7,2328.0,2258,2382,62.2,1288.0,1280.0,1248,1344,40.3,cudaLaunchKernel,"xx_set_info_ker(int, int *, int)"
2429084,2431523,0,140,129,877039.4,16669.5,11398,19948209,4019293.1,9231.0,7374.0,5380,153202,12654.3,930550.0,1845.0,181,19932963,4180600.6,10464.9,7536.0,3104,50016,9670.3,cudaLaunchKernel,"void at::native::reduce_kernel<(int)512, (int)1, at::native::ReduceOp<float, at::native::MeanOps<float, float, float, float>, unsigned int, float, (int)4, (int)4>>(T3)"
2429084,2429084,0,7,7,815914.0,821727.0,786294,824793,14238.2,13378.4,8436.0,6562,46299,14544.0,191828.6,202949.0,129532,208079,28104.9,610707.0,610207.0,609953,613729,1341.9,cudaLaunchKernel,"void at::native::<unnamed>::cunn_SoftMaxForwardSmem<(int)8, c10::Half, float, float, at::native::<unnamed>::SoftMaxForwardEpilogue, long>(T4 *, const T2 *, T6)"
2429084,2429084,0,83,82,777167.0,654308.0,67368,3771551,913118.2,9987.6,9999.0,8186,13706,1279.9,566564.1,361058.5,494,3477103,840212.4,207461.6,284575.0,55967,337503,121947.3,cudaLaunchKernel,ampere_fp16_s16816gemm_fp16_256x128_ldg8_f2f_stages_32x3_tn
2429084,2429084,0,14,14,735602.2,669579.0,401110,1201939,335079.6,10760.4,10440.0,9268,12654,1023.3,645641.8,579747.0,317329,1103891,327971.6,79200.0,79152.0,72736,85792,6466.7,cuLaunchKernel,void cutlass::Kernel2<cutlass_80_tensorop_f16_s16816gemm_f16_64x128_64x4_nn_align2>(T1::Params)
2429084,2431523,0,70,59,678244.3,13904.5,10326,6934662,1640750.8,11394.2,9994.0,6503,49053,5444.3,789035.2,1446.0,23,6921726,1761537.9,1972.6,1888.0,1792,3168,261.3,cudaLaunchKernel,"void at::native::vectorized_elementwise_kernel<(int)4, at::native::FillFunctor<unsigned char>, std::array<char *, (unsigned long)1>>(int, T2, T3)"
2429084,2429084,0,416,401,665411.0,27829.5,20324,17499485,2225064.5,6571.9,6031.5,5270,71606,3432.2,641759.2,2147.0,30,17306243,2227604.5,40247.6,19440.0,12960,189055,46896.1,cudaLaunchKernel,"void <unnamed>::softmax_warp_forward<c10::Half, float, float, (int)9, (bool)0, (bool)0, (int)32>(T2 *, const T1 *, int, int, int, const bool *, int, bool)"
2429084,2430430,0,16,16,576045.2,427975.0,97540,1579755,420573.7,20570.4,16131.0,9658,75063,15233.2,552122.8,400275.0,75196,1501684,410562.0,3352.0,3376.0,3008,3520,137.0,cudaLaunchKernel,"void at::native::elementwise_kernel<(int)128, (int)2, void at::native::gpu_kernel_impl_nocast<at::native::direct_copy_kernel_cuda(at::TensorIteratorBase &)::[lambda() (instance 3)]::operator ()() const::[lambda() (instance 7)]::operator ()() const::[lambda(float) (instance 1)]>(at::TensorIteratorBase &, const T1 &)::[lambda(int) (instance 1)]>(int, T3)"
2429084,2430430,0,16,16,541799.2,372864.5,68388,1471734,408102.3,15155.0,13731.0,8787,33183,5713.8,522236.2,351021.5,51380,1434039,404141.4,4408.0,4432.0,4032,4736,214.3,cudaLaunchKernel,"void at::native::<unnamed>::nll_loss_backward_no_reduce_cuda_kernel<float, long>(int, const T2 *, torch::headeronly::detail::GenericPackedTensorAccessor<torch::headeronly::detail::TensorAccessor<c10::ArrayRef<long>, const T1, (unsigned long)0, torch::headeronly::DefaultPtrTraits, long>, at::detail::IndexBoundsCheck<(unsigned long)1, long>, const T1, (unsigned long)1, torch::headeronly::DefaultPtrTraits, long>, torch::headeronly::detail::GenericPackedTensorAccessor<torch::headeronly::detail::TensorAccessor<c10::ArrayRef<long>, T1, (unsigned long)1, torch::headeronly::DefaultPtrTraits, long>, at::detail::IndexBoundsCheck<(unsigned long)2, long>, T1, (unsigned long)2, torch::headeronly::DefaultPtrTraits, long>, const T1 *, long, long)"
2429084,2431523,0,56,53,489477.2,65576.5,13319,1992339,749889.6,7781.9,6828.0,5030,36329,4443.5,212135.7,1823.0,721,944682,353797.2,280991.4,54720.0,4896,1044931,409101.5,cudaLaunchKernel,"void at::native::elementwise_kernel<(int)128, (int)2, void at::native::gpu_kernel_impl_nocast<at::native::BinaryFunctor<long, long, long, at::native::rshift_kernel_cuda(at::TensorIteratorBase &)::[lambda() (instance 1)]::operator ()() const::[lambda() (instance 4)]::operator ()() const::[lambda(long, long) (instance 1)]>>(at::TensorIteratorBase &, const T1 &)::[lambda(int) (instance 1)]>(int, T3)"
2429084,2429084,0,16,0,458306.4,26063.0,22351,6880148,1712521.7,455948.8,23094.0,18204,6880148,1713159.3,,,,,0.0,4744.0,4736.0,4416,5312,245.5,cudaLaunchKernel,"void at::native::unrolled_elementwise_kernel<at::native::AUnaryFunctor<long, long, bool, at::native::<unnamed>::CompareEqFunctor<long>>, std::array<char *, (unsigned long)2>, (int)4, TrivialOffsetCalculator<(int)1, unsigned int>, TrivialOffsetCalculator<(int)1, unsigned int>, at::native::memory::LoadWithCast<(int)1>, at::native::memory::StoreWithCast<(int)1>>(int, T1, T2, T4, T5, T6, T7)"
2429084,2431523,0,2,1,456443.5,456443.5,16322,896565,622425.8,446466.0,446466.0,5130,887802,624143.4,2328.0,2328.0,2328,2328,0.0,9168.0,9168.0,8864,9472,429.9,cudaLaunchKernel,"void geqr2_smem<float, float, (int)8, (int)5, (int)5>(int, int, T1 *, unsigned long, T1 *, int)"
2429084,2431523,0,28,28,447886.0,199658.5,13211,969025,412399.6,8537.7,6838.0,5510,46599,7653.3,436971.2,191453.5,3749,961095,413827.5,2377.1,2368.0,2272,2432,35.8,cudaLaunchKernel,"void at::native::vectorized_elementwise_kernel<(int)2, at::native::CUDAFunctorOnOther_add<long>, std::array<char *, (unsigned long)2>>(int, T2, T3)"
2429084,2429084,0,144,132,426465.9,385108.0,328235,850399,137464.0,8235.4,7644.5,6602,19447,1739.8,1461.1,1475.0,485,2123,260.4,417007.4,370832.5,319073,838494,137270.0,cudaLaunchKernel,ampere_sgemm_64x32_sliced1x4_nt
2429084,2431523,0,14,13,402476.3,124565.5,24145,868110,406378.0,13900.8,7650.0,6973,86184,20893.1,232935.2,1975.0,500,518964,260412.0,172368.2,75936.0,15072,346017,153774.6,cudaLaunchKernel,"void at::native::<unnamed>::CatArrayBatchedCopy_alignedK_contig<at::native::<unnamed>::OpaqueType<(unsigned int)8>, unsigned int, (int)3, (int)128, (int)1, (int)16>(T1 *, at::native::<unnamed>::CatArrInputTensorMetadata<T1, T2, T4, T5>, at::native::<unnamed>::TensorSizeStride<T2, (unsigned int)4>, int, T2)"
2429084,2431523,0,6,4,399355.5,16427.0,14634,2313442,937709.1,394299.3,10990.5,7945,2311944,939453.7,1009.3,1019.5,365,1633,612.0,4901.3,5008.0,4224,5248,354.3,cudaLaunchKernel,"void at::native::reduce_kernel<(int)512, (int)1, at::native::ReduceOp<float, at::native::ArgMinOps<float>, unsigned int, long, (int)4, (int)4>>(T3)"
2429084,2431523,0,46,38,320060.3,85127.5,17878,1001276,387011.0,11995.0,10234.0,6442,107094,14528.0,12130.7,1210.0,456,89391,25480.7,298325.4,72832.0,5760,919586,373323.4,cudaLaunchKernel,"void at::native::index_elementwise_kernel<(int)128, (int)4, void at::native::gpu_index_kernel<void at::native::index_kernel_impl<at::native::OpaqueType<(int)8>>(at::TensorIteratorBase &, c10::ArrayRef<long>, c10::ArrayRef<long>)::[lambda(char *, const char *, long) (instance 1)]>(at::TensorIteratorBase &, c10::ArrayRef<long>, c10::ArrayRef<long>, const T1 &, bool)::[lambda(int) (instance 1)]>(long, T3)"
2429084,2429084,0,28,28,304215.7,129914.0,88776,891443,330008.1,12046.8,11051.0,9588,20980,2784.2,255879.7,87351.0,51740,824070,316195.2,36289.2,31648.0,25952,57504,11739.6,cudaLaunchKernel,ampere_fp16_s16816gemm_fp16_64x64_sliced1x2_ldg8_f2f_stages_64x5_nn
2429084,2431523,0,164,155,295536.6,19165.0,9087,3003039,728211.2,7112.7,6182.0,4409,42692,3524.5,190065.2,2234.0,134,1965650,481368.6,108829.5,10288.0,2176,1034499,264929.5,cudaLaunchKernel,"void at::native::vectorized_elementwise_kernel<(int)2, at::native::AUnaryFunctor<long, long, long, at::native::BitwiseAndFunctor<long>>, std::array<char *, (unsigned long)2>>(int, T2, T3)"
2429084,2429084,0,90,79,283040.1,58763.0,57133,1123044,377485.1,12707.1,11993.0,10500,23184,2346.7,245899.0,821.0,123,1068158,398300.3,54658.5,45136.0,42784,134880,28019.7,cudaLaunchKernelExC,sm80_xmma_gemm_f16f16_f16f32_f32_tn_n_tilesize192x128x32_stage3_warpsize4x2x1_tensor16x8x16_execute_kernel__5x_cublas
2429084,2431523,0,56,54,261373.3,90421.0,10672,984445,360279.2,7529.4,6152.0,5179,17574,3001.9,259507.6,83914.0,452,975289,364219.2,3634.9,3600.0,3360,4032,192.6,cudaLaunchKernel,"void at::native::vectorized_elementwise_kernel<(int)2, at::native::BUnaryFunctor<long, long, long, at::native::remainder_kernel_cuda(at::TensorIteratorBase &)::[lambda() (instance 1)]::operator ()() const::[lambda() (instance 4)]::operator ()() const::[lambda(long, long) (instance 1)]>, std::array<char *, (unsigned long)2>>(int, T2, T3)"
2429084,2429084,0,16,14,249637.4,14179.5,12721,3764468,937291.4,243808.9,7794.5,6904,3761827,938142.2,1439.2,1542.5,398,2457,622.6,4742.0,4704.0,4192,5440,371.9,cudaLaunchKernel,"void at::native::reduce_kernel<(int)512, (int)1, at::native::ReduceOp<long, at::native::func_wrapper_t<long, at::native::sum_functor<long, long, long>::operator ()(at::TensorIterator &)::[lambda(long, long) (instance 1)]>, unsigned int, long, (int)4, (int)4>>(T3)"
2429084,2431523,0,40,39,246114.2,218920.0,17461,361533,70491.1,9692.8,8977.0,7945,21802,2379.9,238490.9,205871.0,166331,349537,61355.7,3893.6,3872.0,3776,4192,77.2,cudaLaunchKernel,"void dot_kernel<float, (int)128, (int)0, cublasDotParams<cublasGemvTensorStridedBatched<const float>, cublasGemvTensorStridedBatched<float>>>(T4)"
2429084,2430430,0,26,25,241645.5,13658.0,9980,5939766,1162196.5,236821.2,8491.5,4448,5939766,1163181.7,1766.1,1833.0,95,2460,605.2,3249.2,3264.0,2752,3712,222.9,cudaLaunchKernel,"void at::native::vectorized_elementwise_kernel<(int)2, at::native::BUnaryFunctor<long, long, long, at::native::remainder_kernel_cuda(at::TensorIteratorBase &)::[lambda() (instance 1)]::operator ()() const::[lambda() (instance 4)]::operator ()() const::[lambda(long, long) (instance 1)]>, std::array<char *, (unsigned long)2>>(int, T2, T3)"
2429084,2431523,0,40,40,239796.4,212530.0,27938,356350,69913.5,5320.9,4398.5,3807,23865,3208.9,231705.1,204984.0,1290,349738,71814.1,2770.3,2784.0,2688,2816,50.2,cudaLaunchKernel,"void reduce_1Block_kernel<float, (int)128, (int)7, cublasGemvTensorStridedBatched<float>, cublasGemvTensorStridedBatched<const float>, cublasGemvTensorStridedBatched<float>>(const T1 *, T1, T4, int, const T1 *, T1, T5, T6, cublasPointerMode_t, cublasLtEpilogue_t, cublasGemvTensorStridedBatched<const biasType<T6::value_type, T1>::type>)"
2429084,2430430,0,16,13,219254.1,13398.0,11801,3301961,822057.5,215235.1,8391.0,7194,3301961,823130.4,1691.0,1665.0,1301,1923,158.6,3132.0,3184.0,2752,3456,195.1,cudaLaunchKernel,"void at::native::vectorized_elementwise_kernel<(int)2, at::native::BUnaryFunctor<long, long, long, at::native::binary_internal::div_trunc_kernel_cuda(at::TensorIteratorBase &)::[lambda() (instance 1)]::operator ()() const::[lambda() (instance 4)]::operator ()() const::[lambda(long, long) (instance 1)]>, std::array<char *, (unsigned long)2>>(int, T2, T3)"
2429084,2431523,0,28,26,213171.9,13859.5,11360,4912059,921702.5,182842.6,7374.5,5541,4912059,926841.1,28748.1,1981.5,1309,115503,39886.5,3779.4,3808.0,3552,3936,89.8,cudaLaunchKernel,"void at::native::vectorized_elementwise_kernel<(int)2, at::native::BUnaryFunctor<long, long, long, at::native::binary_internal::div_floor_kernel_cuda(at::TensorIteratorBase &)::[lambda() (instance 1)]::operator ()() const::[lambda() (instance 4)]::operator ()() const::[lambda(long, long) (instance 1)]>, std::array<char *, (unsigned long)2>>(int, T2, T3)"
2429084,2429084,0,32,31,210229.1,194230.5,84303,349868,87844.8,12128.2,12023.5,11041,15570,811.7,130779.6,113410.0,635,267187,86398.5,71451.9,71616.0,70784,72000,326.7,cudaLaunchKernelExC,sm80_xmma_gemm_f16f16_f16f32_f32_tn_n_tilesize160x128x32_stage4_warpsize2x2x1_tensor16x8x16_execute_kernel__5x_cublas
2429084,2429084,0,16,14,208262.9,16282.5,13976,3076237,764799.4,203292.3,10740.5,8215,3075759,765998.4,1116.1,1234.0,351,1731,414.2,4228.0,4272.0,3968,4384,111.4,cudaLaunchKernel,"void at::native::unrolled_elementwise_kernel<at::native::direct_copy_kernel_cuda(at::TensorIteratorBase &)::[lambda() (instance 3)]::operator ()() const::[lambda() (instance 4)]::operator ()() const::[lambda(long) (instance 1)], std::array<char *, (unsigned long)2>, (int)4, TrivialOffsetCalculator<(int)1, unsigned int>, TrivialOffsetCalculator<(int)1, unsigned int>, at::native::memory::LoadWithCast<(int)1>, at::native::memory::StoreWithCast<(int)1>>(int, T1, T2, T4, T5, T6, T7)"
2429084,2429084,0,531,500,206259.2,44004.0,19372,8975084,903309.2,10405.5,10009.0,8797,30028,1669.3,158712.7,1159.0,61,8858143,919623.8,46509.8,32384.0,9120,141952,28173.3,cuLaunchKernel,void cutlass::Kernel2<cutlass_80_tensorop_f16_s16816gemm_relu_f16_128x128_32x5_tn_align8>(T1::Params)
2429084,2431523,0,6,5,202496.2,14099.5,12287,1146334,462386.9,199992.8,11191.5,8917,1146334,463614.1,700.0,760.0,28,1123,426.3,2309.3,2304.0,2240,2368,55.1,cudaLaunchKernel,"void at::native::<unnamed>::distribution_elementwise_grid_stride_kernel<float, (int)4, void at::native::templates::cuda::normal_and_transform<float, float, at::CUDAGeneratorImpl *, void at::native::templates::cuda::normal_kernel<at::CUDAGeneratorImpl *>(const at::TensorBase &, double, double, T1)::[lambda() (instance 1)]::operator ()() const::[lambda() (instance 2)]::operator ()() const::[lambda(float) (instance 1)]>(at::TensorIteratorBase &, T3, T4)::[lambda(curandStatePhilox4_32_10 *) (instance 2)], void at::native::<unnamed>::distribution_nullary_kernel<float, float, float4, at::CUDAGeneratorImpl *, void at::native::templates::cuda::normal_and_transform<float, float, at::CUDAGeneratorImpl *, void at::native::templates::cuda::normal_kernel<at::CUDAGeneratorImpl *>(const at::TensorBase &, double, double, T1)::[lambda() (instance 1)]::operator ()() const::[lambda() (instance 2)]::operator ()() const::[lambda(float) (instance 1)]>(at::TensorIteratorBase &, T3, T4)::[lambda(curandStatePhilox4_32_10 *) (instance 2)], void at::native::templates::cuda::normal_kernel<at::CUDAGeneratorImpl *>(const at::TensorBase &, double, double, T1)::[lambda() (instance 1)]::operator ()() const::[lambda() (instance 2)]::operator ()() const::[lambda(float) (instance 1)]>(at::TensorIteratorBase &, T4, const T5 &, T6)::[lambda(int, float) (instance 1)]>(long, at::PhiloxCudaState, T3, T4)"
2429084,2429084,0,179,151,194499.9,57086.0,38900,3358499,619059.7,12620.1,12023.0,10760,22203,1847.5,162705.4,801.0,26,3281073,666085.7,44891.3,44576.0,26656,90880,16015.9,cudaLaunchKernelExC,sm80_xmma_gemm_f16f16_f16f32_f32_tn_n_tilesize96x128x32_stage4_warpsize2x2x1_tensor16x8x16_execute_kernel__5x_cublas
2429084,2431523,0,42,40,189831.5,12103.5,10239,7433813,1145037.6,186929.0,9293.0,7013,7433813,1145496.9,1106.3,1119.5,76,1886,412.5,1917.7,1920.0,1632,2336,194.5,cudaLaunchKernel,"void at::native::vectorized_elementwise_kernel<(int)4, at::native::BinaryFunctor<float, float, float, at::native::maximum_kernel_cuda(at::TensorIteratorBase &)::[lambda() (instance 2)]::operator ()() const::[lambda() (instance 2)]::operator ()() const::[lambda(float, float) (instance 1)]>, std::array<char *, (unsigned long)3>>(int, T2, T3)"
2429084,2431523,0,4,3,187537.5,11823.0,10944,715560,352015.7,181683.8,5014.5,4188,712518,353890.1,2407.0,2488.0,2212,2521,169.7,4384.0,4384.0,4384,4384,0.0,cudaLaunchKernel,void svd_music_kernel<(int)32>(int *)
2429084,2429084,0,1358,1271,182602.0,143396.0,68683,12677728,482960.5,7901.9,7204.0,6252,189601,6910.6,1665.4,1614.0,397,74973,2071.7,173251.4,133936.5,59808,12593387,481404.2,cuLaunchKernel,void cutlass::Kernel2<cutlass_80_simt_sgemm_128x32_8x5_nt_align1>(T1::Params)
2429084,2431523,0,5233,4909,178333.9,11308.0,10240,152440769,4908093.8,6724.2,5861.0,4939,603520,14122.9,179245.2,2102.0,8,152429366,5067204.2,3513.1,3360.0,2976,15744,1090.7,cudaLaunchKernel,"void at::native::reduce_kernel<(int)512, (int)1, at::native::ReduceOp<bool, at::native::func_wrapper_t<bool, at::native::or_kernel_cuda(at::TensorIterator &)::[lambda() (instance 1)]::operator ()() const::[lambda() (instance 12)]::operator ()() const::[lambda(bool, bool) (instance 1)]>, unsigned int, bool, (int)4, (int)4>>(T3)"
2429084,2431523,0,2,1,175795.5,175795.5,9957,341634,234531.1,172593.5,172593.5,5220,339967,236701.9,2177.0,2177.0,2177,2177,0.0,2672.0,2672.0,2560,2784,158.4,cudaLaunchKernel,"void larft_vtv_32<float, (int)128>(long, long, const T1 *, long, long, T1 *, long, long)"
2429084,2429084,0,4147,3895,173713.8,16694.0,11160,282766906,4772039.7,7628.8,6473.0,4709,527515,15867.3,166565.7,1816.0,5,282674271,4922709.9,9733.9,8096.0,3424,23968,4037.0,cudaLaunchKernel,"void at::native::reduce_kernel<(int)512, (int)1, at::native::ReduceOp<bool, at::native::func_wrapper_t<bool, at::native::or_kernel_cuda(at::TensorIterator &)::[lambda() (instance 1)]::operator ()() const::[lambda() (instance 12)]::operator ()() const::[lambda(bool, bool) (instance 1)]>, unsigned int, bool, (int)4, (int)4>>(T3)"
2429084,2429084,0,478,444,168946.8,71462.5,36911,2290377,371463.0,10758.0,10379.5,8285,33534,2335.3,113525.4,1101.5,134,2248804,389326.6,52905.5,60096.0,26240,106656,19930.5,cudaLaunchKernel,ampere_fp16_s16816gemm_fp16_128x128_ldg8_f2f_stages_64x3_tn
2429084,2431523,0,71,66,152969.1,19080.0,9562,4221312,513161.7,67130.0,7705.0,4769,4220591,499974.1,64783.2,1968.5,205,422690,137918.2,25706.0,10400.0,2176,71264,28616.0,cudaLaunchKernel,"void at::native::vectorized_elementwise_kernel<(int)2, at::native::BUnaryFunctor<long, long, long, at::native::rshift_kernel_cuda(at::TensorIteratorBase &)::[lambda() (instance 1)]::operator ()() const::[lambda() (instance 4)]::operator ()() const::[lambda(long, long) (instance 1)]>, std::array<char *, (unsigned long)2>>(int, T2, T3)"
2429084,2431523,0,46,45,148296.1,27654.0,8377,1168196,269725.9,33173.3,7444.5,5060,1168196,171092.9,116056.9,12978.0,896,607743,223715.7,1618.8,1568.0,1280,2112,212.5,cudaLaunchKernel,"xxtrf4_set_info_ker(int, int *)"
2429084,2431523,0,2,1,147349.5,147349.5,9375,285324,195125.4,144410.5,144410.5,4689,284132,197596.0,2190.0,2190.0,2190,2190,0.0,2544.0,2544.0,2496,2592,67.9,cudaLaunchKernel,"void ormqr_cta_kernel<float, (int)4, (int)1>(long, long, long, const T1 *, long, long, const T1 *, long, T1 *, long, long, long, long, long, int)"
2429084,2431523,0,2,1,119843.0,119843.0,10226,229460,155021.8,116281.5,116281.5,5160,227403,157149.5,2122.0,2122.0,2122,2122,0.0,2880.0,2880.0,2816,2944,90.5,cudaLaunchKernel,"void lansy_M_stage1<float, float, (int)8>(long, const T1 *, long, long, T2 *, long, int)"
2429084,2431523,0,2,2,104516.5,104516.5,84388,124645,28466.0,27768.0,27768.0,6683,48853,29818.7,2892.5,2892.5,1584,4201,1850.5,73856.0,73856.0,73504,74208,497.8,cudaLaunchKernel,"void batched_svd_parallel_jacobi_32x16<double, double>(int, int, int, int, T1 *, unsigned long, int, T2 *, T1 *, unsigned long, int, T1 *, unsigned long, int, T2, int, int *, T2, int, int *, int, T2)"
2429084,2431523,0,28,25,103009.9,29177.5,10789,224368,96363.8,7647.4,6166.5,4518,42752,7087.6,51199.8,3661.0,1181,118760,52853.8,49778.4,19216.0,4096,101249,45246.5,cudaLaunchKernel,"void at::native::vectorized_elementwise_kernel<(int)2, at::native::BinaryFunctor<long, long, long, at::native::BitwiseOrFunctor<long>>, std::array<char *, (unsigned long)3>>(int, T2, T3)"
2429084,2431523,0,172,164,99546.9,39970.0,19225,854998,167553.4,7540.6,5205.0,3426,100522,7926.9,76142.2,15003.0,109,830192,170405.4,19565.8,20352.0,11072,21281,2668.6,cudaLaunchKernel,"void at::native::<unnamed>::CatArrayBatchedCopy<at::native::<unnamed>::OpaqueType<(unsigned int)4>, unsigned int, (int)2, (int)64, (int)64>(T1 *, at::native::<unnamed>::CatArrInputTensorMetadata<T1, T2, T4, T5>, at::native::<unnamed>::TensorSizeStride<T2, (unsigned int)4>, int, T2)"
2429084,2431523,0,2,2,91800.0,91800.0,74491,109109,24478.6,24606.5,24606.5,4849,44364,27941.3,2537.5,2537.5,649,4426,2670.7,64656.0,64656.0,64096,65216,792.0,cudaLaunchKernel,"void batched_svd_parallel_jacobi_32x16<float, float>(int, int, int, int, T1 *, unsigned long, int, T2 *, T1 *, unsigned long, int, T1 *, unsigned long, int, T2, int, int *, T2, int, int *, int, T2)"
2429084,2431523,0,56,54,91368.7,24264.0,9244,449628,135200.1,6515.8,5345.0,4268,43112,5213.8,49579.9,2338.5,863,343850,105036.2,37065.8,16048.0,2400,101089,43069.1,cudaLaunchKernel,"void at::native::vectorized_elementwise_kernel<(int)2, at::native::BinaryFunctor<long, long, long, at::native::BitwiseXorFunctor<long>>, std::array<char *, (unsigned long)3>>(int, T2, T3)"
2429084,2431523,0,42,39,83968.4,17436.5,12573,255035,100488.1,9439.9,7364.0,6312,79311,11194.9,59282.6,2017.0,511,192845,80739.0,19526.1,5792.0,3520,55104,22593.9,cudaLaunchKernel,"void at::native::unrolled_elementwise_kernel<at::native::direct_copy_kernel_cuda(at::TensorIteratorBase &)::[lambda() (instance 3)]::operator ()() const::[lambda() (instance 3)]::operator ()() const::[lambda(int) (instance 1)], std::array<char *, (unsigned long)2>, (int)4, TrivialOffsetCalculator<(int)1, unsigned int>, TrivialOffsetCalculator<(int)1, unsigned int>, at::native::memory::LoadWithCast<(int)1>, at::native::memory::StoreWithCast<(int)1>>(int, T1, T2, T4, T5, T6, T7)"
2429084,2429084,0,1168,1079,81615.7,15179.5,11706,9883567,571865.2,14211.1,11282.0,4719,2594432,76216.4,61769.0,1080.0,0,8738717,518772.3,10518.0,2848.0,2336,1422457,75943.6,cudaLaunchKernel,"void at::native::vectorized_elementwise_kernel<(int)4, at::native::BinaryFunctor<c10::Half, c10::Half, bool, at::native::<unnamed>::CompareEqFunctor<c10::Half>>, std::array<char *, (unsigned long)3>>(int, T2, T3)"
2429084,2429084,0,194,179,79848.7,47050.5,42736,544617,90448.9,13418.2,10545.0,8927,513549,36124.2,34397.1,924.0,47,487731,87920.1,34864.2,34880.0,31488,40288,2667.8,cudaLaunchKernel,ampere_fp16_s16816gemm_fp16_256x64_ldg8_f2f_stages_64x3_tn
2429084,2429084,0,600,556,79512.8,77412.5,68885,116539,9653.7,9910.8,9483.0,8486,22813,1487.2,1280.0,1193.0,5,8460,847.5,68569.8,66689.0,58304,98752,9213.5,cuLaunchKernel,void cutlass::Kernel2<cutlass_80_tensorop_f16_s16816gemm_relu_f16_256x64_32x4_tn_align8>(T1::Params)
2429084,2431523,0,75,71,76443.2,11074.0,8443,258044,89576.4,6525.4,5671.0,4689,15500,2209.4,65661.3,2128.0,946,203601,81007.9,7805.9,1664.0,1504,72576,18786.4,cudaLaunchKernel,"void at::native::vectorized_elementwise_kernel<(int)2, at::native::CUDAFunctorOnSelf_add<long>, std::array<char *, (unsigned long)2>>(int, T2, T3)"
2429084,2429084,0,24,22,69563.7,69340.0,68251,74906,1319.0,8443.5,7479.5,7144,18335,2297.2,1407.5,1461.0,982,1637,187.1,60058.7,59952.0,59360,60864,480.0,cudaLaunchKernel,ampere_sgemm_32x128_nt
2429084,2431523,0,14,13,67700.1,58226.0,16478,161250,53111.5,18850.1,8075.0,7084,150416,37908.9,23019.9,1743.0,18,61970,26155.2,27545.1,11216.0,7712,56288,21848.6,cudaLaunchKernel,"void at::native::reduce_kernel<(int)128, (int)4, at::native::ReduceOp<long, at::native::func_wrapper_t<long, at::native::sum_functor<long, long, long>::operator ()(at::TensorIterator &)::[lambda(long, long) (instance 1)]>, unsigned int, long, (int)4, (int)4>>(T3)"
2429084,2431523,0,28,27,66679.3,19009.0,11191,137382,58777.1,7931.8,6808.0,5431,37071,5829.6,27996.4,2155.0,998,67695,30062.9,31778.3,10384.0,3712,67712,29295.1,cudaLaunchKernel,"void at::native::vectorized_elementwise_kernel<(int)2, at::native::BUnaryFunctor<long, long, long, at::native::lshift_kernel_cuda(at::TensorIteratorBase &)::[lambda() (instance 1)]::operator ()() const::[lambda() (instance 4)]::operator ()() const::[lambda(long, long) (instance 1)]>, std::array<char *, (unsigned long)2>>(int, T2, T3)"
2429084,2430430,0,16,14,65219.2,12928.5,11454,847848,208705.3,62616.1,10074.0,8085,846893,209147.3,1227.3,1386.5,395,1641,405.9,1686.0,1728.0,1408,1984,158.8,cudaLaunchKernel,"void at_cuda_detail::cub::detail::scan::DeviceCompactInitKernel<at_cuda_detail::cub::ScanTileState<int, (bool)1>, int *>(T1, int, T2)"
2429084,2429084,0,154,153,60840.6,45121.0,11968,3150532,250784.2,26497.8,5435.5,4508,3150532,253399.5,29376.3,34028.0,1512,35931,9465.6,5182.4,5312.0,3328,6208,656.8,cudaLaunchKernelExC,"void cublasLt::splitKreduce_kernel<(int)32, (int)16, int, __half, __half, float, __half, (bool)0, __half, __half, __half, (bool)1, (bool)0, (bool)0, (bool)0>(cublasLt::cublasSplitKParams<T6>, const T4 *, const T10 *, T9 *, T5 *, const T6 *, const T6 *, const T11 *, const T4 *, T11 *, void *, long, T6 *, int *, T6 *, T6 *, const T6 *, const T6 *, const T6 *, const T6 *, const T6 *)"
2429084,2431523,0,14,11,53223.4,52346.5,15973,88358,31602.5,13525.8,10294.5,8637,52911,11511.6,1161.7,1164.0,991,1276,94.9,38866.4,19664.0,6080,73760,31671.0,cudaLaunchKernel,"void at::native::elementwise_kernel<(int)128, (int)2, void at::native::gpu_kernel_impl_nocast<at::native::BinaryFunctor<float, float, float, at::native::binary_internal::DivFunctor<float>>>(at::TensorIteratorBase &, const T1 &)::[lambda(int) (instance 1)]>(int, T3)"
2429084,2429084,0,144,133,52998.0,13479.5,10375,5665894,471016.2,45473.9,5605.5,5139,5665894,471646.5,2040.6,2107.0,458,2814,328.3,5758.9,5696.0,3392,8544,1232.8,cudaLaunchKernel,"void at::native::index_elementwise_kernel<(int)128, (int)4, void at::native::gpu_index_kernel<void at::native::index_kernel_impl<at::native::OpaqueType<(int)1>>(at::TensorIteratorBase &, c10::ArrayRef<long>, c10::ArrayRef<long>)::[lambda(char *, const char *, long) (instance 1)]>(at::TensorIteratorBase &, c10::ArrayRef<long>, c10::ArrayRef<long>, const T1 &, bool)::[lambda(int) (instance 1)]>(long, T3)"
2429084,2431523,0,2,2,51850.0,51850.0,19198,84502,46176.9,37812.5,37812.5,3948,71677,47891.6,2069.5,2069.5,889,3250,1669.5,11968.0,11968.0,11936,12000,45.3,cudaLaunchKernel,"void steqr_ker<stedc_params_<double2, double, (int)8, (int)16, (int)128>, double, (int)0>(long, T1::data_type *, T1::data_type *, T2 *, long, int *, int *, long, long, T1::data_type, T1::data_type, int *, int)"
2429084,2431523,0,2,1,50293.5,50293.5,17674,82913,46130.9,40252.0,40252.0,4900,75604,49995.3,2246.0,2246.0,2246,2246,0.0,10800.0,10800.0,10528,11072,384.7,cudaLaunchKernel,"void geqr2_smem<double, double, (int)8, (int)5, (int)5>(int, int, T1 *, unsigned long, T1 *, int)"
2429084,2429084,0,12,11,49975.3,49415.0,48048,54580,2104.6,8899.3,7680.0,7063,16382,2752.1,1523.7,1509.0,1272,1801,174.5,39898.7,40000.0,38624,40896,760.1,cudaLaunchKernel,ampere_sgemm_128x32_nt
2429084,2429084,0,105,94,49792.0,49521.0,48709,55203,988.2,9800.4,9368.0,8426,14818,1355.0,1185.6,1177.5,212,2697,301.8,39096.5,39072.0,38592,41440,418.7,cuLaunchKernel,void cutlass::Kernel2<cutlass_80_tensorop_f16_s16816gemm_relu_f16_128x128_32x6_tn_align8>(T1::Params)
2429084,2429084,0,56,48,49679.9,43872.0,39077,93929,16773.1,10546.6,10199.0,9368,13967,1187.0,945.9,972.0,164,1425,243.9,38406.3,32432.0,28576,81056,16334.6,cudaLaunchKernel,ampere_fp16_s1688gemm_fp16_256x64_ldg8_f2f_tn
2429084,2431523,0,2,2,49485.0,49485.0,8365,90605,58152.5,46674.0,46674.0,4518,88830,59617.6,1323.0,1323.0,239,2407,1533.0,1488.0,1488.0,1440,1536,67.9,cudaLaunchKernel,"void batch_eye_kernel<float, (int)5, (int)3>(long, long, T1 *, unsigned long, long long, int)"
2429084,2429084,0,12,9,48413.1,48382.5,47624,49158,456.2,10237.2,10004.0,8647,12574,1192.5,869.9,918.0,71,1440,384.1,37762.7,37824.0,37152,38080,255.4,cuLaunchKernel,void cutlass::Kernel2<cutlass_80_tensorop_f16_s16816gemm_relu_f16_128x256_32x3_tn_align8>(T1::Params)
2429084,2431523,0,2,2,47881.5,47881.5,19984,75779,39453.0,38834.0,38834.0,5490,72178,47155.5,6727.5,6727.5,1201,12254,7815.7,2320.0,2320.0,2240,2400,113.1,cudaLaunchKernel,"void at::native::triu_tril_kernel<double, int, (bool)0, (int)1, (bool)1>(at::cuda::detail::TensorInfo<T1, T2>, at::cuda::detail::TensorInfo<const T1, T2>, long, long, T2)"
2429084,2431523,0,14,6,46708.6,31625.0,18420,76510,25706.9,14612.7,14021.5,12213,23013,2592.7,132.3,113.5,22,287,92.2,32656.0,17072.0,5824,62688,25956.7,cudaLaunchKernel,"void at::native::vectorized_elementwise_kernel<(int)4, void at::native::<unnamed>::pow_tensor_scalar_kernel_impl<float, float>(at::TensorIteratorBase &, T2)::[lambda(float) (instance 1)], std::array<char *, (unsigned long)2>>(int, T2, T3)"
2429084,2431523,0,2,1,43676.5,43676.5,8503,78850,49742.8,42040.0,42040.0,5230,78850,52057.2,2025.0,2025.0,2025,2025,0.0,1296.0,1296.0,1248,1344,67.9,cudaLaunchKernel,"void orgqr_step1_kernel<float, (int)5, (int)3>(int, int, int, T1 *, int)"
2429084,2429084,0,224,202,42810.5,34974.5,32552,1027701,66267.2,15810.0,10971.0,10059,995708,65782.7,937.8,911.0,102,13487,933.1,26313.9,22784.0,20480,31903,4446.7,cudaLaunchKernel,ampere_fp16_s16816gemm_fp16_128x64_ldg8_f2f_stages_64x3_tn
2429084,2431523,0,14,2,41490.1,35150.0,18983,68119,19668.3,18163.9,16261.0,14768,32162,4817.6,299.0,299.0,152,446,207.9,24265.1,11472.0,4384,48384,19768.4,cudaLaunchKernel,"void at::native::vectorized_elementwise_kernel<(int)4, at::native::float16_copy_kernel_cuda(at::TensorIteratorBase &)::[lambda(float) (instance 1)], std::array<char *, (unsigned long)2>>(int, T2, T3)"
2429084,2429084,0,144,134,38870.8,11774.5,10922,3778213,313801.5,32577.0,5670.5,5130,3743722,311432.2,1896.4,2042.0,378,2688,443.7,4603.8,3968.0,3584,37823,3175.7,cudaLaunchKernel,"void at::native::elementwise_kernel<(int)128, (int)4, void at::native::gpu_kernel_impl_nocast<at::native::<unnamed>::where_kernel_impl(at::TensorIterator &)::[lambda() (instance 1)]::operator ()() const::[lambda() (instance 2)]::operator ()() const::[lambda(bool, unsigned short, unsigned short) (instance 1)]>(at::TensorIteratorBase &, const T1 &)::[lambda(int) (instance 1)]>(int, T3)"
2429084,2431523,0,2,1,37690.5,37690.5,7902,67479,42127.3,35833.5,35833.5,4188,67479,44753.5,2306.0,2306.0,2306,2306,0.0,1440.0,1440.0,1408,1472,45.3,cudaLaunchKernel,"void cuds_scal_batch_kernel<float, (int)256>(int, const T1 *, T1 *, long long)"
2429084,2429084,0,145,134,37201.2,10630.0,10033,3805630,315126.9,34508.7,7905.0,6863,3805630,315353.6,1394.3,1434.5,47,2915,367.5,1500.2,1504.0,1408,1984,63.6,cudaLaunchKernel,"void at::native::vectorized_elementwise_kernel<(int)4, at::native::FillFunctor<bool>, std::array<char *, (unsigned long)1>>(int, T2, T3)"
2429084,2431523,0,2,2,35747.5,35747.5,10925,60570,35104.3,31640.5,31640.5,6202,57079,35975.5,1243.0,1243.0,483,2003,1074.8,2864.0,2864.0,2720,3008,203.6,cudaLaunchKernel,"void at::native::triu_tril_kernel<float, int, (bool)1, (int)2, (bool)0>(at::cuda::detail::TensorInfo<T1, T2>, at::cuda::detail::TensorInfo<const T1, T2>, long, long, T2)"
2429084,2429084,0,30,26,35219.1,47526.0,18845,50224,14538.5,11168.6,10585.5,9519,23895,2646.0,1043.1,1030.0,570,1779,254.8,23234.0,35648.0,8288,36768,14162.9,cudaLaunchKernel,ampere_fp16_s16816gemm_fp16_64x64_ldg8_f2f_tn
2429084,2431523,0,2,1,34232.0,34232.0,10532,57932,33516.9,32331.5,32331.5,7354,57309,35323.5,1642.0,1642.0,1642,1642,0.0,1520.0,1520.0,1504,1536,22.6,cudaLaunchKernel,"void at::native::vectorized_elementwise_kernel<(int)2, at::native::AUnaryFunctor<double, double, double, at::native::binary_internal::MulFunctor<double>>, std::array<char *, (unsigned long)2>>(int, T2, T3)"
2429084,2429084,0,16,15,34158.4,34029.0,33568,35155,430.8,10737.4,10660.0,10110,12013,469.5,989.5,1077.0,427,1302,264.6,22543.9,22480.0,22272,23104,260.8,cuLaunchKernel,void cutlass::Kernel2<cutlass_80_wmma_tensorop_f16_s161616gemm_f16_32x32_64x1_nn_align2>(T1::Params)
2429084,2431523,0,14,13,33969.2,34068.0,11208,57600,21230.9,13809.1,10886.0,7674,56688,12554.5,19193.9,1550.0,85,46376,20588.0,2416.0,2352.0,1984,3072,363.9,cudaLaunchKernel,"void at::native::vectorized_elementwise_kernel<(int)4, at::native::sqrt_kernel_cuda(at::TensorIteratorBase &)::[lambda() (instance 2)]::operator ()() const::[lambda() (instance 2)]::operator ()() const::[lambda(float) (instance 1)], std::array<char *, (unsigned long)2>>(int, T2, T3)"
2429084,2429084,0,390,367,33956.5,16818.5,13442,177894,36969.1,6563.0,6102.0,5250,70384,3489.7,10379.1,2081.0,51,159631,21449.1,17694.6,8768.0,6016,63200,17375.9,cudaLaunchKernel,"void <unnamed>::softmax_warp_forward<c10::Half, float, float, (int)8, (bool)0, (bool)0, (int)32>(T2 *, const T1 *, int, int, int, const bool *, int, bool)"
2429084,2431523,0,4,3,33929.0,8396.5,8012,110911,51321.8,31156.8,5069.5,4208,110280,52750.5,1950.0,1795.0,1787,2268,275.4,1560.0,1536.0,1536,1632,48.0,cudaLaunchKernel,"void lacpy_kernel<float, float, (int)5, (int)3>(long, long, const T1 *, long, long, T2 *, long, long, int, int)"
2429084,2431523,0,2,2,33356.5,33356.5,14884,51829,26124.1,23504.5,23504.5,4168,42841,27345.9,1436.0,1436.0,444,2428,1402.9,8416.0,8416.0,8288,8544,181.0,cudaLaunchKernel,"void batched_svd_qr_32x16<double, double>(int, int, int, T1 *, unsigned long, int, T1 *, unsigned long, int)"
2429084,2429084,0,1310,1215,32365.6,29928.5,20236,393540,15348.5,11770.3,10750.0,8446,393540,13237.3,1609.6,897.0,13,85510,5917.9,19290.8,18240.0,9248,62944,6466.4,cudaLaunchKernel,ampere_fp16_s16816gemm_fp16_128x64_ldg8_f2f_stages_64x4_tn
2429084,2431523,0,2,2,31942.0,31942.0,28301,35583,5149.2,6702.5,6702.5,4679,8726,2861.7,2599.5,2599.5,2057,3142,767.2,22640.0,22640.0,20480,24800,3054.7,cudaLaunchKernel,"void kernel<getrf_wo_pivot_params_<double, (int)0, (int)256, (int)1, (int)64, (int)64, (int)68, (int)16, (int)1, (int)1>>(int, int, void *, int, void *, int, int, int, int, int, int *)"
2429084,2429084,0,67,57,31447.4,23011.0,19583,55050,11661.7,10621.2,10410.0,8837,15600,1326.1,2267.5,1171.0,451,12763,2808.7,19086.3,11488.0,9344,32032,9515.2,cuLaunchKernel,void cutlass::Kernel2<cutlass_80_tensorop_f16_s16816gemm_relu_f16_64x256_32x4_nn_align8>(T1::Params)
2429084,2431523,0,15404,14472,31342.4,15751.0,14023,17381029,469027.4,6554.3,5650.0,4499,3678017,34669.4,17790.9,1946.0,9,17363264,482462.5,8130.6,8192.0,7424,8960,267.3,cudaLaunchKernel,"void at::native::reduce_kernel<(int)512, (int)1, at::native::ReduceOp<c10::Half, at::native::func_wrapper_t<c10::Half, at::native::MaxNanFunctor<c10::Half>>, unsigned int, c10::Half, (int)4, (int)4>>(T3)"
2429084,2429084,0,144,131,30877.7,15571.5,14647,2177519,180143.1,25226.6,9644.0,8567,2177519,180622.0,1050.1,1136.0,214,1659,320.5,4904.4,4864.0,4800,5536,105.8,cudaLaunchKernel,"void at::native::<unnamed>::CatArrayBatchedCopy<at::native::<unnamed>::OpaqueType<(unsigned int)4>, unsigned int, (int)3, (int)64, (int)64>(T1 *, at::native::<unnamed>::CatArrInputTensorMetadata<T1, T2, T4, T5>, at::native::<unnamed>::TensorSizeStride<T2, (unsigned int)4>, int, T2)"
2429084,2430430,0,8,8,30587.0,16272.5,14365,133252,41493.1,22587.8,8025.0,6512,125739,41685.8,1479.3,1446.5,377,2054,517.7,6520.0,6624.0,5632,7136,555.2,cudaLaunchKernel,"void at_cuda_detail::cub::detail::radix_sort::DeviceRadixSortSingleTileKernel<at_cuda_detail::cub::detail::radix::policy_hub<long, at::cuda::cub::detail::OpaqueType<(int)8>, unsigned long long>::Policy1000, (at_cuda_detail::cub::SortOrder)0, long, at::cuda::cub::detail::OpaqueType<(int)8>, unsigned long long, at_cuda_detail::cub::detail::identity_decomposer_t>(const T3 *, T3 *, const T4 *, T4 *, T5, int, int, T6)"
2429084,2431523,0,84,75,29624.5,29407.0,22250,88401,9005.3,5915.7,4569.0,4018,60275,6204.6,1900.6,2002.0,222,2421,395.3,22113.9,21968.0,16128,28384,5916.5,cudaLaunchKernel,"void trsm_batch_left_upper_kernel_small<float, (int)16, (int)16, (int)64>(cublasTrsmBatchParams<T1>, const T1 *const *, T1 *const *, const T1 *, T1)"
2429084,2431523,0,2,1,29517.0,29517.0,8764,50270,29349.2,27673.0,27673.0,5621,49725,31186.2,1511.0,1511.0,1511,1511,0.0,1680.0,1680.0,1632,1728,67.9,cudaLaunchKernel,"void at::native::elementwise_kernel<(int)128, (int)2, void at::native::gpu_kernel_impl_nocast<at::native::FillFunctor<float>>(at::TensorIteratorBase &, const T1 &)::[lambda(int) (instance 1)]>(int, T3)"
2429084,2429084,0,123,111,29189.4,21771.0,17062,271873,25009.8,12480.3,9929.0,8797,259945,22667.4,1220.1,1247.0,185,1760,245.5,15815.5,11040.0,6592,39712,11178.0,cuLaunchKernel,void cutlass::Kernel2<cutlass_80_tensorop_f16_s16816gemm_f16_64x64_32x6_nn_align2>(T1::Params)
2429084,2431523,0,2,2,28829.0,28829.0,14976,42682,19591.1,19312.0,19312.0,5230,33394,19915.0,1917.0,1917.0,1768,2066,210.7,7600.0,7600.0,7520,7680,113.1,cudaLaunchKernel,"void batched_svd_qr_32x16<float, float>(int, int, int, T1 *, unsigned long, int, T1 *, unsigned long, int)"
2429084,2431523,0,2,2,28010.5,28010.5,9850,46171,25682.8,25248.0,25248.0,6022,44474,27189.7,1066.5,1066.5,1,2132,1506.8,1696.0,1696.0,1696,1696,0.0,cudaLaunchKernel,"void at::native::vectorized_elementwise_kernel<(int)2, at::native::CUDAFunctor_add<double>, std::array<char *, (unsigned long)3>>(int, T2, T3)"
2429084,2431523,0,2,0,27581.5,27581.5,11896,43267,22182.6,24381.5,24381.5,7825,40938,23414.4,,,,,0.0,4752.0,4752.0,4704,4800,67.9,cudaLaunchKernel,"void sytrd4_cta<sytrd_params<float, (int)16, (int)32, (int)32, (int)32, (int)0, (int)1, (int)2>, (int)1>(int, T1::data_type *, int, int, T1::pod_type *, int, T1::pod_type *, int, T1::data_type *, int, int)"
2429084,2431523,0,2,2,26647.0,26647.0,9919,43375,23657.0,22293.0,22293.0,5401,39185,23888.9,1682.0,1682.0,1438,1926,345.1,2672.0,2672.0,2592,2752,113.1,cudaLaunchKernel,"void at::native::triu_tril_kernel<double, int, (bool)1, (int)1, (bool)0>(at::cuda::detail::TensorInfo<T1, T2>, at::cuda::detail::TensorInfo<const T1, T2>, long, long, T2)"
2429084,2429084,0,3596,3420,26583.6,11948.5,10239,3684038,146130.1,9430.9,8746.5,7364,540370,11731.5,15786.1,1229.0,88,3667483,148893.6,2221.5,1984.0,1600,5152,566.2,cudaLaunchKernel,"void at_cuda_detail::cub::detail::reduce::DeviceReduceSingleTileKernel<at_cuda_detail::cub::detail::reduce::policy_hub<int, unsigned long long, cuda::std::__4::plus<void>>::Policy1000, thrust::_V_300200_SM_750_800_860_900_1000_1200::transform_iterator<at::native::<unnamed>::NonZeroOp<bool>, const bool *, thrust::_V_300200_SM_750_800_860_900_1000_1200::use_default, thrust::_V_300200_SM_750_800_860_900_1000_1200::use_default>, int *, unsigned long long, cuda::std::__4::plus<void>, int, int, cuda::std::__4::identity>(T2, T3, T4, T5, T6, T8)"
2429084,2431523,0,2,1,26485.5,26485.5,17754,35217,12348.2,19517.0,19517.0,3817,35217,22203.2,11505.0,11505.0,11505,11505,0.0,2448.0,2448.0,2432,2464,22.6,cudaLaunchKernel,"void scale_max<double, (int)32, (int)32, (int)1>(long, long, T1 *, T1 *, T1 *, int *)"
2429084,2431523,0,2,1,26440.5,26440.5,9270,43611,24282.8,22622.5,22622.5,4418,40827,25745.1,2100.0,2100.0,2100,2100,0.0,2800.0,2800.0,2752,2848,67.9,cudaLaunchKernel,"void lansy_M_stage1<double, double, (int)8>(long, const T1 *, long, long, T2 *, long, int)"
2429084,2430430,0,6,5,26193.2,12781.0,11552,83516,28469.4,21756.5,8065.5,6633,80623,29271.8,1801.4,1975.0,1255,2234,423.3,2949.3,2960.0,2848,3040,74.1,cudaLaunchKernel,"void at::native::unrolled_elementwise_kernel<at::native::BUnaryFunctor<long, long, long, at::native::remainder_kernel_cuda(at::TensorIteratorBase &)::[lambda() (instance 1)]::operator ()() const::[lambda() (instance 4)]::operator ()() const::[lambda(long, long) (instance 1)]>, std::array<char *, (unsigned long)2>, (int)4, TrivialOffsetCalculator<(int)1, unsigned int>, TrivialOffsetCalculator<(int)1, unsigned int>, at::native::memory::LoadWithoutCast, at::native::memory::StoreWithoutCast>(int, T1, T2, T4, T5, T6, T7)"
2429084,2429084,0,30,23,25837.0,32169.0,16211,33870,7843.5,10826.9,10640.0,9298,14076,1221.2,970.4,1038.0,251,1330,297.4,14547.1,21168.0,5792,21888,7529.3,cuLaunchKernel,void cutlass::Kernel2<cutlass_80_wmma_tensorop_f16_s161616gemm_f16_32x32_64x1_tn_align2>(T1::Params)
2429084,2431523,0,2,2,25714.5,25714.5,11777,39652,19710.6,18089.0,18089.0,3947,32231,19999.8,2121.5,2121.5,1949,2294,244.0,5504.0,5504.0,5472,5536,45.3,cudaLaunchKernel,"void sytrd4_cta<sytrd_params<double, (int)16, (int)32, (int)32, (int)32, (int)0, (int)1, (int)2>, (int)1>(int, T1::data_type *, int, int, T1::pod_type *, int, T1::pod_type *, int, T1::data_type *, int, int)"
2429084,2429084,0,1306,1206,25659.2,24533.0,22296,571585,20615.9,12112.6,10880.5,9267,557241,20537.0,797.6,829.0,0,1861,273.5,12946.3,12544.0,11744,40160,1977.1,cudaLaunchKernel,ampere_fp16_s16816gemm_fp16_64x64_sliced1x2_ldg8_f2f_stages_64x5_tn
2429084,2429084,0,288,269,24990.7,11459.0,10587,3651506,214468.1,19070.2,5751.5,5029,3645876,214467.4,1786.7,1882.0,82,2529,375.6,4323.2,3840.0,3392,43616,2782.4,cudaLaunchKernel,"void at::native::elementwise_kernel<(int)128, (int)4, void at::native::gpu_kernel_impl_nocast<at::native::BinaryFunctor<bool, bool, bool, at::native::BitwiseAndFunctor<bool>>>(at::TensorIteratorBase &, const T1 &)::[lambda(int) (instance 1)]>(int, T3)"
2429084,2431523,0,2,1,24948.5,24948.5,10739,39158,20095.3,22843.5,22843.5,7524,38163,21665.0,1871.0,1871.0,1871,1871,0.0,1344.0,1344.0,1344,1344,0.0,cudaLaunchKernel,"void at::native::vectorized_elementwise_kernel<(int)2, at::native::FillFunctor<double>, std::array<char *, (unsigned long)1>>(int, T2, T3)"
2429084,2429084,0,315,294,24882.1,23313.0,16923,156928,8902.2,7958.6,6984.0,6001,145306,7926.5,1641.2,1712.0,134,2449,331.0,15498.4,14304.0,8608,25088,4727.0,cudaLaunchKernel,"void at::native::reduce_kernel<(int)128, (int)4, at::native::ReduceOp<bool, at::native::func_wrapper_t<bool, at::native::or_kernel_cuda(at::TensorIterator &)::[lambda() (instance 1)]::operator ()() const::[lambda() (instance 12)]::operator ()() const::[lambda(bool, bool) (instance 1)]>, unsigned int, bool, (int)4, (int)4>>(T3)"
2429084,2429084,0,180,163,24840.8,24476.0,23541,31410,1106.0,11096.5,10589.5,9509,21761,1467.9,864.5,846.0,11,8744,674.4,13134.0,13088.0,12864,13568,157.7,cudaLaunchKernel,ampere_fp16_s16816gemm_fp16_64x64_ldg8_f2f_stages_64x5_tn
2429084,2429084,0,179,160,24829.5,24465.0,22961,35284,1656.1,11589.2,11061.0,9608,21110,1677.3,805.2,832.0,20,1484,267.0,12711.0,12448.0,12160,23169,1385.0,cudaLaunchKernel,ampere_fp16_s16816gemm_fp16_64x64_sliced1x2_ldg8_f2f_stages_64x6_tn
2429084,2431523,0,2,1,24479.5,24479.5,14774,34185,13725.6,19482.0,19482.0,4779,34185,20793.2,7787.0,7787.0,7787,7787,0.0,2272.0,2272.0,2208,2336,90.5,cudaLaunchKernel,"void scale_max<float, (int)32, (int)32, (int)1>(long, long, T1 *, T1 *, T1 *, int *)"
2429084,2429084,0,864,790,24379.4,22900.0,20768,585040,20315.3,13466.9,12198.5,10730,575226,20341.4,664.7,678.5,17,2440,272.0,10521.3,9920.0,8736,13313,1290.5,cudaLaunchKernelExC,sm80_xmma_gemm_f16f16_f16f32_f32_tn_n_tilesize32x32x64_stage6_warpsize2x2x1_tensor16x8x16_execute_kernel__5x_cublas
2429084,2431523,0,5,3,24092.4,12995.0,12437,68426,24787.5,18930.0,7474.0,6422,65234,25903.1,1965.3,1988.0,1825,2083,130.5,4416.0,4384.0,4384,4512,55.4,cudaLaunchKernel,"void at::native::<unnamed>::CatArrayBatchedCopy_alignedK_contig<at::native::<unnamed>::OpaqueType<(unsigned int)8>, unsigned int, (int)2, (int)128, (int)1, (int)16>(T1 *, at::native::<unnamed>::CatArrInputTensorMetadata<T1, T2, T4, T5>, at::native::<unnamed>::TensorSizeStride<T2, (unsigned int)4>, int, T2)"
2429084,2429084,0,432,404,22127.6,9159.0,8077,3461825,192121.6,18521.7,5345.0,4379,3461825,192275.2,1957.9,1991.5,113,3510,291.3,1842.4,1824.0,1504,2784,141.5,cudaLaunchKernel,"void at::native::vectorized_elementwise_kernel<(int)2, at::native::CUDAFunctorOnSelf_add<long>, std::array<char *, (unsigned long)2>>(int, T2, T3)"
2429084,2431523,0,2,2,22003.0,22003.0,8949,35057,18461.1,19447.0,19447.0,5761,33133,19354.9,940.0,940.0,292,1588,916.4,1616.0,1616.0,1600,1632,22.6,cudaLaunchKernel,"void at::native::elementwise_kernel<(int)128, (int)2, void at::native::gpu_kernel_impl_nocast<at::native::FillFunctor<double>>(at::TensorIteratorBase &, const T1 &)::[lambda(int) (instance 1)]>(int, T3)"
2429084,2430430,0,16,15,21812.4,19444.0,16786,56920,9594.0,7674.7,4839.5,3747,44444,9891.6,5013.5,5431.0,1756,10099,2829.2,9461.9,9344.0,8128,11264,871.4,cudaLaunchKernel,"void at_cuda_detail::cub::detail::radix_sort::DeviceRadixSortOnesweepKernel<at_cuda_detail::cub::detail::radix::policy_hub<long, at::cuda::cub::detail::OpaqueType<(int)8>, unsigned long long>::Policy1000, (at_cuda_detail::cub::SortOrder)0, long, at::cuda::cub::detail::OpaqueType<(int)8>, unsigned long long, int, int, at_cuda_detail::cub::detail::identity_decomposer_t>(T7 *, T7 *, T5 *, const T5 *, T3 *, const T3 *, T4 *, const T4 *, T6, int, int, T8)"
2429084,2431523,0,12,9,21739.8,14565.5,10557,71811,17975.8,18125.3,9688.5,5911,71186,19529.1,1673.4,1891.0,227,2910,983.6,2906.7,2928.0,2720,3200,179.4,cudaLaunchKernel,"void at::native::<unnamed>::CatArrayBatchedCopy_alignedK_contig<at::native::<unnamed>::OpaqueType<(unsigned int)4>, unsigned int, (int)1, (int)128, (int)1, (int)16>(T1 *, at::native::<unnamed>::CatArrInputTensorMetadata<T1, T2, T4, T5>, at::native::<unnamed>::TensorSizeStride<T2, (unsigned int)4>, int, T2)"
2429084,2431523,0,2,2,21530.5,21530.5,8664,34397,18196.0,17603.5,17603.5,4118,31089,19071.4,1735.0,1735.0,1132,2338,852.8,2192.0,2192.0,2176,2208,22.6,cudaLaunchKernel,"void lansy_M_stage2<double, (int)8>(T1, T1, long, T1 *, long, T1 *, T1 *)"
2429084,2429084,0,272,236,21314.3,13020.0,9198,2324700,140222.0,18503.1,10345.0,5401,2324700,140413.7,1114.3,1383.5,22,2315,833.5,1938.2,1888.0,1632,2592,143.5,cudaLaunchKernel,"void at::native::vectorized_elementwise_kernel<(int)4, void at::native::compare_scalar_kernel<long>(at::TensorIteratorBase &, at::native::<unnamed>::OpType, T1)::[lambda(long) (instance 1)], std::array<char *, (unsigned long)2>>(int, T2, T3)"
2429084,2431523,0,2,2,21217.5,21217.5,9953,32482,15930.4,16541.5,16541.5,5140,27943,16124.2,1956.0,1956.0,1691,2221,374.8,2720.0,2720.0,2592,2848,181.0,cudaLaunchKernel,"void larft_vtv_32<double, (int)128>(long, long, const T1 *, long, long, T1 *, long, long)"
2429084,2431523,0,19677,18740,20776.2,8198.0,6941,17272226,375622.8,5455.1,4609.0,3507,3344151,30661.4,14679.1,2246.0,0,17259593,383438.2,1361.1,1376.0,1248,2752,71.8,cudaLaunchKernel,"void <unnamed>::elementwise_kernel_with_index<int, at::native::arange_cuda_out(const c10::Scalar &, const c10::Scalar &, const c10::Scalar &, at::Tensor &)::[lambda() (instance 1)]::operator ()() const::[lambda() (instance 4)]::operator ()() const::[lambda(long) (instance 1)]>(T1, T2, function_traits<T2>::result_type *)"
2429084,2429084,0,42,36,20614.0,20426.5,18079,28763,2325.3,10500.5,9754.0,8937,20189,2087.3,1167.2,1194.0,494,1706,260.3,9263.3,9040.0,7680,12064,1574.9,cuLaunchKernel,void cutlass::Kernel2<cutlass_75_wmma_tensorop_f16_s161616gemm_f16_32x32_64x1_nn_align1>(T1::Params)
2429084,2431523,0,2,1,19975.0,19975.0,9090,30860,15393.7,17037.5,17037.5,4659,29416,17505.8,2415.0,2415.0,2415,2415,0.0,2080.0,2080.0,2016,2144,90.5,cudaLaunchKernel,"void lansy_M_stage2<float, (int)8>(T1, T1, long, T1 *, long, T1 *, T1 *)"
2429084,2429084,0,4,2,19751.5,19433.0,18096,22044,1794.9,16481.3,15985.5,14798,19156,1971.0,490.0,490.0,419,561,100.4,3400.0,3424.0,2976,3776,331.9,cudaLaunchKernel,"void at_cuda_detail::cub::detail::reduce::DeviceReduceKernel<at_cuda_detail::cub::detail::reduce::policy_hub<int, unsigned long long, cuda::std::__4::plus<void>>::Policy1000, thrust::_V_300200_SM_750_800_860_900_1000_1200::transform_iterator<at::native::<unnamed>::NonZeroOp<bool>, const bool *, thrust::_V_300200_SM_750_800_860_900_1000_1200::use_default, thrust::_V_300200_SM_750_800_860_900_1000_1200::use_default>, unsigned long long, cuda::std::__4::plus<void>, int, cuda::std::__4::identity>(T2, T5 *, T3, at_cuda_detail::cub::GridEvenShare<T3>, T4, T6)"
2429084,2429084,0,306,283,19732.8,17338.0,14751,208342,14585.4,8722.9,6994.0,6252,196996,13399.9,1517.3,1615.0,88,2456,354.7,9744.8,8496.0,6688,29568,4009.5,cudaLaunchKernel,"void at::native::reduce_kernel<(int)256, (int)2, at::native::ReduceOp<bool, at::native::func_wrapper_t<bool, at::native::or_kernel_cuda(at::TensorIterator &)::[lambda() (instance 1)]::operator ()() const::[lambda() (instance 12)]::operator ()() const::[lambda(bool, bool) (instance 1)]>, unsigned int, bool, (int)4, (int)4>>(T3)"
2429084,2431523,0,6,5,19660.5,12968.5,11223,53024,16400.6,16389.7,9042.0,7084,49224,16312.4,1139.8,1349.0,664,1483,369.1,2709.3,2656.0,2528,3136,214.8,cudaLaunchKernel,"void at::native::<unnamed>::distribution_elementwise_grid_stride_kernel<double, (int)2, void at::native::templates::cuda::normal_and_transform<double, double, at::CUDAGeneratorImpl *, void at::native::templates::cuda::normal_kernel<at::CUDAGeneratorImpl *>(const at::TensorBase &, double, double, T1)::[lambda() (instance 1)]::operator ()() const::[lambda() (instance 1)]::operator ()() const::[lambda(double) (instance 1)]>(at::TensorIteratorBase &, T3, T4)::[lambda(curandStatePhilox4_32_10 *) (instance 1)], void at::native::<unnamed>::distribution_nullary_kernel<double, double, double2, at::CUDAGeneratorImpl *, void at::native::templates::cuda::normal_and_transform<double, double, at::CUDAGeneratorImpl *, void at::native::templates::cuda::normal_kernel<at::CUDAGeneratorImpl *>(const at::TensorBase &, double, double, T1)::[lambda() (instance 1)]::operator ()() const::[lambda() (instance 1)]::operator ()() const::[lambda(double) (instance 1)]>(at::TensorIteratorBase &, T3, T4)::[lambda(curandStatePhilox4_32_10 *) (instance 1)], void at::native::templates::cuda::normal_kernel<at::CUDAGeneratorImpl *>(const at::TensorBase &, double, double, T1)::[lambda() (instance 1)]::operator ()() const::[lambda() (instance 1)]::operator ()() const::[lambda(double) (instance 1)]>(at::TensorIteratorBase &, T4, const T5 &, T6)::[lambda(int, double) (instance 1)]>(long, at::PhiloxCudaState, T3, T4)"
2429084,2431523,0,2,2,19485.0,19485.0,8995,29975,14835.1,15644.5,15644.5,4408,26881,15890.8,1376.5,1376.5,598,2155,1101.0,2464.0,2464.0,2432,2496,45.3,cudaLaunchKernel,"void larft_T_32<double, (int)256>(int, T1 *, int, long, const T1 *, long)"
2429084,2429084,0,4,3,19292.3,12645.5,10627,41251,14734.8,15838.0,9338.0,7184,37492,14489.6,1663.3,1679.0,1339,1972,316.8,2248.0,2240.0,2080,2432,164.0,cudaLaunchKernel,"void at_cuda_detail::cub::detail::reduce::DeviceReduceSingleTileKernel<at_cuda_detail::cub::detail::reduce::policy_hub<int, unsigned long long, cuda::std::__4::plus<void>>::Policy1000, int *, int *, int, cuda::std::__4::plus<void>, int, int, cuda::std::__4::identity>(T2, T3, T4, T5, T6, T8)"
2429084,2431523,0,2,2,19138.5,19138.5,15599,22678,5005.6,13220.0,13220.0,6612,19828,9345.1,4286.5,4286.5,1218,7355,4339.5,1632.0,1632.0,1632,1632,0.0,cudaLaunchKernel,"void scale_max<double, (int)32, (int)128, (int)0>(long, long, T1 *, T1 *, T1 *, int *)"
2429084,2431523,0,14,11,18808.4,13416.0,12495,81143,18021.0,15005.0,9352.5,8235,79382,18611.5,1209.3,1341.0,420,1565,351.5,3033.1,2832.0,2464,3712,435.9,cudaLaunchKernel,"void at::native::vectorized_elementwise_kernel<(int)4, at::native::BinaryFunctor<unsigned char, unsigned char, bool, at::native::<unnamed>::CompareEqFunctor<unsigned char>>, std::array<char *, (unsigned long)3>>(int, T2, T3)"
2429084,2429084,0,51,47,18623.2,13794.0,12911,66893,9236.9,7364.5,6212.0,5420,47852,5905.5,1921.7,2042.0,609,2535,350.1,9539.8,5632.0,5440,18496,5939.3,cudaLaunchKernel,"void <unnamed>::softmax_warp_forward<c10::Half, float, float, (int)7, (bool)0, (bool)0, (int)32>(T2 *, const T1 *, int, int, int, const bool *, int, bool)"
2429084,2431523,0,30797,28950,18541.3,10421.0,8675,17416218,331834.7,7112.1,6432.0,4499,823229,9544.1,9873.3,1942.0,0,17404211,342046.2,2203.0,2144.0,1632,4544,167.5,cudaLaunchKernel,"void at::native::vectorized_elementwise_kernel<(int)4, at::native::AbsFunctor<c10::Half>, std::array<char *, (unsigned long)2>>(int, T2, T3)"
2429084,2431523,0,14,13,18470.7,16091.5,11076,57306,11758.9,12025.8,8211.0,6772,53833,12244.5,1240.9,1349.0,214,1849,479.5,5302.9,3696.0,2496,8352,2676.0,cudaLaunchKernel,"void at::native::vectorized_elementwise_kernel<(int)4, at::native::AUnaryFunctor<unsigned char, unsigned char, unsigned char, at::native::binary_internal::MulFunctor<unsigned char>>, std::array<char *, (unsigned long)2>>(int, T2, T3)"
2429084,2431523,0,2,2,18422.5,18422.5,9639,27206,12421.7,14287.5,14287.5,4990,23585,13148.7,1655.0,1655.0,1061,2249,840.0,2480.0,2480.0,2400,2560,113.1,cudaLaunchKernel,"void larft_T_32<float, (int)256>(int, T1 *, int, long, const T1 *, long)"
2429084,2429084,0,14,11,18412.8,18338.5,16739,20050,1286.5,10294.1,9894.0,8797,13716,1328.4,1133.0,1200.0,652,1459,252.8,7403.5,7408.0,6464,8352,909.4,cuLaunchKernel,void cutlass::Kernel2<cutlass_80_wmma_tensorop_f16_s161616gemm_f16_32x32_128x1_nn_align2>(T1::Params)
2429084,2429084,0,288,272,18301.3,9581.0,8694,2413699,141651.7,14481.7,5600.0,4539,2413238,141855.5,1916.0,1997.5,69,3349,417.6,2062.7,2048.0,1920,2336,78.7,cudaLaunchKernel,"void at::native::vectorized_elementwise_kernel<(int)4, at::native::AUnaryFunctor<float, float, float, at::native::binary_internal::MulFunctor<float>>, std::array<char *, (unsigned long)2>>(int, T2, T3)"
2429084,2429084,0,144,132,18237.6,10824.5,10252,1015658,83710.6,13410.0,5791.0,5210,1014783,84048.6,1881.7,1984.5,182,2740,387.6,3180.9,3104.0,2912,3808,179.3,cudaLaunchKernel,"void at::native::vectorized_elementwise_kernel<(int)4, at::native::cos_kernel_cuda(at::TensorIteratorBase &)::[lambda() (instance 2)]::operator ()() const::[lambda() (instance 2)]::operator ()() const::[lambda(float) (instance 1)], std::array<char *, (unsigned long)2>>(int, T2, T3)"
2429084,2431523,0,2,2,17901.0,17901.0,10446,25356,10543.0,13390.5,13390.5,4408,22373,12703.2,2830.5,2830.5,1255,4406,2228.1,1680.0,1680.0,1632,1728,67.9,cudaLaunchKernel,"void scale_max<float, (int)32, (int)128, (int)0>(long, long, T1 *, T1 *, T1 *, int *)"
2429084,2431523,0,2,2,17802.5,17802.5,10013,25592,11016.0,14252.0,14252.0,6001,22503,11668.7,1470.5,1470.5,945,1996,743.2,2080.0,2080.0,2016,2144,90.5,cudaLaunchKernel,"void epilogue<sytrd_params<float, (int)32, (int)8, (int)512, (int)32, (int)16, (int)1, (int)2>, (int)128, (int)1, (int)1>(int, int, T1::data_type *, int, int, T1::pod_type *, int, T1::pod_type *, int, T1::data_type *, int, T1::data_type *, int, int)"
2429084,2431523,0,4,3,17687.3,11033.5,9768,38914,14185.3,14796.0,7640.0,4990,38914,16131.1,1188.3,1323.0,152,2090,976.0,2648.0,2640.0,2592,2720,66.0,cudaLaunchKernel,"void gemmSN_TN_kernel<double, (int)128, (int)16, (int)2, (int)4, (int)4, (int)4, (bool)1, cublasGemvTensorStridedBatched<const double>, cublasGemvTensorStridedBatched<const double>, cublasGemvTensorStridedBatched<double>>(cublasGemmSmallNParams<T9, T10, T11, T1>)"
2429084,2431523,0,2,2,17473.0,17473.0,8905,26041,12117.0,13305.5,13305.5,4118,22493,12993.1,1607.5,1607.5,988,2227,876.1,2560.0,2560.0,2560,2560,0.0,cudaLaunchKernel,"void ormqr_cta_kernel<double, (int)4, (int)1>(long, long, long, const T1 *, long, long, const T1 *, long, T1 *, long, long, long, long, long, int)"
2429084,2431523,0,2,2,17471.5,17471.5,9868,25075,10753.0,12429.0,12429.0,3998,20860,11923.2,2962.5,2962.5,2135,3790,1170.3,2080.0,2080.0,2080,2080,0.0,cudaLaunchKernel,"void epilogue<sytrd_params<double, (int)32, (int)8, (int)512, (int)32, (int)16, (int)1, (int)2>, (int)128, (int)1, (int)1>(int, int, T1::data_type *, int, int, T1::pod_type *, int, T1::pod_type *, int, T1::data_type *, int, T1::data_type *, int, int)"
2429084,2431523,0,42,38,17417.0,16661.0,11958,53950,6959.0,9911.3,8376.0,6693,50407,6873.3,1399.9,1414.0,20,2909,498.6,6297.1,4720.0,3424,10976,2872.1,cudaLaunchKernel,"void at::native::elementwise_kernel<(int)128, (int)2, void at::native::gpu_kernel_impl_nocast<at::native::direct_copy_kernel_cuda(at::TensorIteratorBase &)::[lambda() (instance 3)]::operator ()() const::[lambda() (instance 3)]::operator ()() const::[lambda(int) (instance 1)]>(at::TensorIteratorBase &, const T1 &)::[lambda(int) (instance 1)]>(int, T3)"
2429084,2429084,0,14,9,17237.3,16991.0,15584,19969,1553.0,11447.4,11046.0,9628,15159,1713.7,793.1,846.0,67,1212,368.4,5668.6,5664.0,4992,6400,646.8,cudaLaunchKernel,ampere_fp16_s16816gemm_fp16_128x64_ldg8_f2f_stages_32x6_tn
2429084,2429084,0,14,10,16978.4,16988.0,15913,18044,751.3,10445.6,10144.5,9147,13055,1102.4,1046.5,1088.5,191,1422,347.6,6020.6,6032.5,5248,6784,717.3,cuLaunchKernel,void cutlass::Kernel2<cutlass_80_wmma_tensorop_f16_s161616gemm_f16_32x32_128x1_nn_align8>(T1::Params)
2429084,2429084,0,7,7,16559.1,11858.0,11433,43990,12105.2,11210.0,6342.0,5931,39946,12679.3,1637.1,1800.0,364,2014,568.5,3712.0,3712.0,3680,3744,18.5,cudaLaunchKernel,"void <unnamed>::softmax_warp_forward<c10::Half, float, float, (int)6, (bool)0, (bool)0, (int)32>(T2 *, const T1 *, int, int, int, const bool *, int, bool)"
2429084,2431523,0,2,2,16475.5,16475.5,8753,24198,10921.3,12609.5,12609.5,4499,20720,11470.0,1466.0,1466.0,1078,1854,548.7,2400.0,2400.0,2400,2400,0.0,cudaLaunchKernel,"void lascl_kernel<float, float, (int)8>(long, long, T1 *, long, long, T2 *, int, int)"
2429084,2429084,0,7,6,16438.4,16097.0,15432,18132,1026.6,10753.4,9678.0,9238,13035,1625.7,1056.2,1050.0,431,1968,556.8,5142.9,5120.0,5088,5248,51.3,cuLaunchKernel,void cutlass::Kernel2<cutlass_75_wmma_tensorop_f16_s161616gemm_f16_32x32_32x1_nn_align1>(T1::Params)
2429084,2429084,0,144,135,16417.0,10265.0,9582,834911,68701.7,11432.6,5054.0,4568,832386,68911.5,2052.3,2120.0,69,2501,323.7,3091.5,3008.0,2816,3808,209.8,cudaLaunchKernel,"void at::native::vectorized_elementwise_kernel<(int)4, at::native::sin_kernel_cuda(at::TensorIteratorBase &)::[lambda() (instance 2)]::operator ()() const::[lambda() (instance 2)]::operator ()() const::[lambda(float) (instance 1)], std::array<char *, (unsigned long)2>>(int, T2, T3)"
2429084,2431523,0,8,6,16416.8,11005.0,10074,53353,14950.6,13720.1,7484.0,6052,53261,16101.3,1697.5,1517.0,1097,2593,560.9,1884.0,1888.0,1856,1888,11.3,cudaLaunchKernel,"void at::native::elementwise_kernel<(int)128, (int)2, void at::native::gpu_kernel_impl_nocast<at::native::direct_copy_kernel_cuda(at::TensorIteratorBase &)::[lambda() (instance 3)]::operator ()() const::[lambda() (instance 6)]::operator ()() const::[lambda(double) (instance 1)]>(at::TensorIteratorBase &, const T1 &)::[lambda(int) (instance 1)]>(int, T3)"
2429084,2431523,0,2,2,16372.5,16372.5,8624,24121,10958.0,11943.0,11943.0,4038,19848,11179.4,2029.5,2029.5,1873,2186,221.3,2400.0,2400.0,2400,2400,0.0,cudaLaunchKernel,"void lascl_kernel<double, double, (int)8>(long, long, T1 *, long, long, T2 *, int, int)"
2429084,2431523,0,14,14,16252.8,11016.5,10399,53070,11500.0,13334.0,7659.5,7184,51097,11889.6,1046.8,1289.5,21,1651,553.8,1872.0,1856.0,1728,2144,135.0,cudaLaunchKernel,"void at::native::vectorized_elementwise_kernel<(int)4, at::native::<unnamed>::launch_clamp_scalar(at::TensorIteratorBase &, c10::Scalar, c10::Scalar, at::native::detail::ClampLimits)::[lambda() (instance 1)]::operator ()() const::[lambda() (instance 7)]::operator ()() const::[lambda(float) (instance 1)], std::array<char *, (unsigned long)2>>(int, T2, T3)"
2429084,2431523,0,2,2,16227.0,16227.0,9198,23256,9940.5,12624.0,12624.0,5320,19928,10329.4,2163.0,2163.0,1888,2438,388.9,1440.0,1440.0,1440,1440,0.0,cudaLaunchKernel,"void batch_eye_kernel<double, (int)5, (int)3>(long, long, T1 *, unsigned long, long long, int)"
2429084,2429084,0,16,15,16040.1,13178.5,12155,55510,10583.5,8957.1,5686.0,5361,51197,11343.7,2314.1,2338.0,1396,3484,517.5,4932.0,4912.0,4608,5216,177.9,cudaLaunchKernel,"void at::native::<unnamed>::write_indices<long>(long *, at::native::<unnamed>::TensorDims<T1>, int, T1, long *, long)"
2429084,2429084,0,144,131,15945.3,15445.0,14364,40307,2707.7,12588.0,11892.5,10840,40307,3164.9,762.2,784.0,22,1506,255.4,2814.9,2848.0,1888,3680,209.7,cuLaunchKernelEx,_bmm_outer_product_kernel
2429084,2431523,0,42,36,15746.4,13733.0,12327,72060,9238.4,12322.4,10044.5,8016,72058,9882.0,1039.3,1012.5,98,1998,444.0,2783.2,2720.0,2368,3424,292.0,cudaLaunchKernel,"void at::native::vectorized_elementwise_kernel<(int)4, at::native::AUnaryFunctor<unsigned char, unsigned char, bool, at::native::<unnamed>::CompareEqFunctor<unsigned char>>, std::array<char *, (unsigned long)2>>(int, T2, T3)"
2429084,2431523,0,7980,7522,15648.4,14720.0,13769,2696913,31087.3,5236.5,4339.0,3938,2689604,31027.8,2162.2,2111.0,0,100512,2512.5,8408.2,8224.0,7808,10592,605.0,cudaLaunchKernel,"void batch_trsm_left_kernel<float, (int)64, (int)4, (int)3, (bool)0, (bool)0, (bool)1>(cublasTrsmBatchParams2<T1>, T1, const T1 *, int)"
2429084,2431523,0,2,2,15601.0,15601.0,7943,23259,10830.0,12619.5,12619.5,4489,20750,11498.3,1717.5,1717.5,1261,2174,645.6,1264.0,1264.0,1248,1280,22.6,cudaLaunchKernel,"void orgqr_step1_kernel<double, (int)5, (int)3>(int, int, int, T1 *, int)"
2429084,2431523,0,42,40,15523.4,13486.5,11633,84382,11038.8,10459.1,8536.0,6392,82407,11538.8,1484.9,1491.0,408,2329,370.2,3681.5,3568.0,3200,4384,375.2,cudaLaunchKernel,"void at::native::unrolled_elementwise_kernel<at::native::direct_copy_kernel_cuda(at::TensorIteratorBase &)::[lambda() (instance 3)]::operator ()() const::[lambda() (instance 1)]::operator ()() const::[lambda(unsigned char) (instance 1)], std::array<char *, (unsigned long)2>, (int)4, TrivialOffsetCalculator<(int)1, unsigned int>, TrivialOffsetCalculator<(int)1, unsigned int>, at::native::memory::LoadWithCast<(int)1>, at::native::memory::StoreWithCast<(int)1>>(int, T1, T2, T4, T5, T6, T7)"
2429084,2431523,0,19,17,15504.2,12487.0,10960,63832,11805.8,12729.5,8967.0,7785,63441,12429.1,1030.4,1092.0,33,1587,469.4,2031.2,2080.0,1792,2272,135.9,cudaLaunchKernel,"void at::native::unrolled_elementwise_kernel<at::native::<unnamed>::CompareFunctor<c10::Half>, std::array<char *, (unsigned long)3>, (int)4, TrivialOffsetCalculator<(int)2, unsigned int>, TrivialOffsetCalculator<(int)1, unsigned int>, at::native::memory::LoadWithoutCast, at::native::memory::StoreWithoutCast>(int, T1, T2, T4, T5, T6, T7)"
2429084,2430430,0,16,14,13946.2,12534.5,10774,36170,6112.8,10347.1,8741.5,6533,33694,6506.3,1421.1,1498.0,76,1937,501.8,2479.9,2479.5,2176,2784,151.4,cudaLaunchKernel,"void at::native::vectorized_elementwise_kernel<(int)2, at::native::CUDAFunctor_add<long>, std::array<char *, (unsigned long)3>>(int, T2, T3)"
2429084,2431523,0,132,116,13914.6,12276.5,10189,100000,8343.6,10705.2,8726.5,6632,100000,8891.4,1362.5,1435.0,136,1934,339.1,2160.7,2208.0,1728,2432,162.1,cudaLaunchKernel,"void at::native::vectorized_elementwise_kernel<(int)4, at::native::<unnamed>::CompareFunctor<float>, std::array<char *, (unsigned long)3>>(int, T2, T3)"
2429084,2430430,0,8,7,13752.5,12341.0,11424,19697,2912.4,9287.5,7373.5,5761,19697,4631.2,1514.3,1735.0,516,2106,674.1,3616.0,3552.0,3488,3808,128.0,cudaLaunchKernel,"void at_cuda_detail::cub::detail::radix_sort::DeviceRadixSortHistogramKernel<at_cuda_detail::cub::detail::radix::policy_hub<long, at::cuda::cub::detail::OpaqueType<(int)8>, unsigned long long>::Policy1000, (at_cuda_detail::cub::SortOrder)0, long, unsigned long long, at_cuda_detail::cub::detail::identity_decomposer_t>(T4 *, const T3 *, T4, int, int, T5)"
2429084,2430430,0,8,8,13160.9,10587.0,9631,30429,7044.3,8770.5,5355.0,5010,27222,7611.7,2042.4,2322.0,887,3227,809.1,2348.0,2288.0,2240,2496,108.1,cudaLaunchKernel,"void at_cuda_detail::cub::detail::radix_sort::DeviceRadixSortExclusiveSumKernel<at_cuda_detail::cub::detail::radix::policy_hub<long, at::cuda::cub::detail::OpaqueType<(int)8>, unsigned long long>::Policy1000, unsigned long long>(T2 *)"
2429084,2431523,0,2,1,13067.5,13067.5,7530,18605,7831.2,10861.0,10861.0,3808,17914,9974.4,2314.0,2314.0,2314,2314,0.0,1408.0,1408.0,1408,1408,0.0,cudaLaunchKernel,"void cuds_scal_batch_kernel<double, (int)256>(int, const T1 *, T1 *, long long)"
2429084,2431523,0,6,6,13051.3,11446.5,11162,18898,3090.4,9438.2,7594.5,6923,15970,3546.0,1293.2,1436.5,432,2210,636.8,2320.0,2288.0,2240,2496,102.7,cudaLaunchKernel,"void at::native::elementwise_kernel<(int)128, (int)2, void at::native::gpu_kernel_impl_nocast<at::native::<unnamed>::where_kernel_impl(at::TensorIterator &)::[lambda() (instance 1)]::operator ()() const::[lambda() (instance 3)]::operator ()() const::[lambda(bool, unsigned int, unsigned int) (instance 1)]>(at::TensorIteratorBase &, const T1 &)::[lambda(int) (instance 1)]>(int, T3)"
2429084,2430430,0,16,16,13043.3,13029.5,11900,14676,610.7,6496.9,6462.5,5140,8526,829.6,1674.4,1696.0,420,2371,478.2,4872.0,4880.0,4640,5120,130.9,cudaLaunchKernel,"void at::native::<unnamed>::write_indices<long>(long *, at::native::<unnamed>::TensorDims<T1>, int, T1, long *, long)"
2429084,2429084,0,3728,3447,12896.4,11828.0,9940,544014,11964.7,7665.9,6773.0,5841,539437,11615.4,1654.6,1719.0,3,6500,342.5,3802.0,3264.0,2304,35039,2114.7,cudaLaunchKernel,"void at::native::vectorized_gather_kernel<(int)16, long>(char *, char *, T2 *, int, long, long, long, long, bool)"
2429084,2429084,0,3456,3239,12743.6,11901.0,10365,498620,14840.0,9149.4,8205.0,6602,498620,14940.3,1396.0,1458.0,2,7353,334.1,2392.7,2336.0,1920,5760,375.3,cudaLaunchKernel,"void at::native::vectorized_elementwise_kernel<(int)4, void at::native::compare_scalar_kernel<c10::Half>(at::TensorIteratorBase &, at::native::<unnamed>::OpType, T1)::[lambda(c10::Half) (instance 1)], std::array<char *, (unsigned long)2>>(int, T2, T3)"
2429084,2430430,0,16,14,12734.3,12674.5,10335,17273,1746.3,7540.0,6768.0,5691,17273,2769.2,1842.6,1838.5,1464,2112,180.9,3822.0,3680.0,2976,4832,741.7,cudaLaunchKernel,"void at_cuda_detail::cub::detail::select::DeviceSelectSweepKernel<at_cuda_detail::cub::detail::select::policy_hub<long, bool, int, (bool)0, (at_cuda_detail::cub::SelectImpl)0>::Policy1000, thrust::_V_300200_SM_750_800_860_900_1000_1200::counting_iterator<long, thrust::_V_300200_SM_750_800_860_900_1000_1200::use_default, thrust::_V_300200_SM_750_800_860_900_1000_1200::use_default, thrust::_V_300200_SM_750_800_860_900_1000_1200::use_default, thrust::_V_300200_SM_750_800_860_900_1000_1200::compile_time_value<(int)1>>, thrust::_V_300200_SM_750_800_860_900_1000_1200::transform_iterator<at::native::<unnamed>::NonZeroOp<bool>, const bool *, thrust::_V_300200_SM_750_800_860_900_1000_1200::use_default, thrust::_V_300200_SM_750_800_860_900_1000_1200::use_default>, long *, int *, at_cuda_detail::cub::ScanTileState<int, (bool)1>, at_cuda_detail::cub::NullType, at_cuda_detail::cub::NullType, int, at_cuda_detail::cub::detail::select::streaming_context_t<long, (bool)1>, (at_cuda_detail::cub::SelectImpl)0>(T2, T3, T4, T5, T6, T7, T8, T9, int, T10, at_cuda_detail::cub::detail::vsmem_t)"
2429084,2430430,0,32,29,12561.1,10726.5,8409,41118,5923.9,8695.7,6437.5,4358,41118,7024.3,1954.6,2063.0,382,2578,561.8,2310.0,2288.0,1856,2912,193.4,cudaLaunchKernel,"void at::native::vectorized_elementwise_kernel<(int)2, at::native::AUnaryFunctor<long, long, long, at::native::binary_internal::MulFunctor<long>>, std::array<char *, (unsigned long)2>>(int, T2, T3)"
2429084,2429084,0,144,127,12532.2,12149.5,11335,36169,2153.2,10358.5,9828.5,8837,36169,2556.1,960.2,1009.0,183,1790,281.8,1474.9,1504.0,1376,1536,43.1,cudaLaunchKernel,"void at::native::vectorized_elementwise_kernel<(int)4, at::native::FillFunctor<c10::Half>, std::array<char *, (unsigned long)1>>(int, T2, T3)"
2429084,2429084,0,144,132,12471.9,11642.0,10652,62899,4562.9,6817.5,6087.0,5150,59363,4647.4,1668.5,1740.5,19,2578,423.8,4225.1,3952.0,3456,16672,1260.4,cudaLaunchKernel,"void at::native::elementwise_kernel<(int)128, (int)4, void at::native::gpu_kernel_impl_nocast<at::native::<unnamed>::CompareFunctor<long>>(at::TensorIteratorBase &, const T1 &)::[lambda(int) (instance 1)]>(int, T3)"
2429084,2429084,0,160,152,12128.7,11849.5,9563,37197,2362.7,8297.1,8040.5,4688,33504,2567.0,1403.1,1411.5,359,2510,414.0,2561.4,2720.0,1792,3072,349.4,cudaLaunchKernel,"void at::native::elementwise_kernel<(int)128, (int)2, void at::native::gpu_kernel_impl_nocast<at::native::direct_copy_kernel_cuda(at::TensorIteratorBase &)::[lambda() (instance 3)]::operator ()() const::[lambda() (instance 4)]::operator ()() const::[lambda(long) (instance 1)]>(at::TensorIteratorBase &, const T1 &)::[lambda(int) (instance 1)]>(int, T3)"
2429084,2430430,0,16,15,12046.3,11777.0,10500,16084,1581.8,8897.2,8246.0,6743,13686,2094.7,1477.4,1632.0,574,1959,441.2,1884.0,1888.0,1792,1984,58.3,cudaLaunchKernel,"void <unnamed>::elementwise_kernel_with_index<int, at::native::arange_cuda_out(const c10::Scalar &, const c10::Scalar &, const c10::Scalar &, at::Tensor &)::[lambda() (instance 1)]::operator ()() const::[lambda() (instance 4)]::operator ()() const::[lambda(long) (instance 1)]>(T1, T2, function_traits<T2>::result_type *)"
2429084,2431523,0,5165,4838,11950.6,10236.0,8239,1045171,19825.4,8456.6,7043.0,4718,1045171,17360.5,1940.8,1518.5,7,190287,8929.5,1736.6,1664.0,1472,65856,2130.1,cudaLaunchKernel,"void at::native::vectorized_elementwise_kernel<(int)2, at::native::AUnaryFunctor<long, long, long, at::native::binary_internal::MulFunctor<long>>, std::array<char *, (unsigned long)2>>(int, T2, T3)"
2429084,2431523,0,4,4,11776.5,8707.0,7847,21845,6735.3,8285.8,4949.5,3907,19337,7398.0,1930.8,2205.5,940,2372,671.2,1560.0,1568.0,1536,1568,16.0,cudaLaunchKernel,"void lacpy_kernel<double, double, (int)5, (int)3>(long, long, const T1 *, long, long, T2 *, long, long, int, int)"
2429084,2431523,0,3412,3209,11763.8,10460.0,8804,1214356,23370.8,6719.6,5741.0,4809,1214344,22441.0,2317.3,1971.0,5,158289,6932.3,2897.8,2944.0,1728,3392,265.9,cudaLaunchKernel,"void at::native::elementwise_kernel<(int)128, (int)2, void at::native::gpu_kernel_impl_nocast<at::native::CUDAFunctor_add<long>>(at::TensorIteratorBase &, const T1 &)::[lambda(int) (instance 1)]>(int, T3)"
2429084,2431523,0,4,3,11418.5,10195.5,9839,15444,2689.0,6745.5,5079.5,4379,12444,3818.0,2009.3,2131.0,1733,2164,239.9,3240.0,3248.0,3168,3296,66.0,cuLaunchKernel,void cutlass::Kernel2<cutlass_80_tensorop_d884gemm_32x32_16x5_nn_align1>(T1::Params)
2429084,2431523,0,15574,14601,11364.1,9989.5,8209,3377872,33615.5,7768.4,6522.0,4628,3374909,33010.7,1866.1,1786.0,17,201075,4970.8,1914.5,1760.0,1600,46368,2190.9,cudaLaunchKernel,"void at::native::vectorized_elementwise_kernel<(int)4, void at::native::compare_scalar_kernel<long>(at::TensorIteratorBase &, at::native::<unnamed>::OpType, T1)::[lambda(long) (instance 1)], std::array<char *, (unsigned long)2>>(int, T2, T3)"
2429084,2429084,0,720,674,11083.7,9085.5,7989,843127,31111.2,7797.8,5640.5,4048,842314,31239.5,1876.5,2051.0,16,3061,448.0,1598.4,1728.0,1248,2112,210.0,cudaLaunchKernel,"void <unnamed>::elementwise_kernel_with_index<int, at::native::arange_cuda_out(const c10::Scalar &, const c10::Scalar &, const c10::Scalar &, at::Tensor &)::[lambda() (instance 1)]::operator ()() const::[lambda() (instance 4)]::operator ()() const::[lambda(long) (instance 1)]>(T1, T2, function_traits<T2>::result_type *)"
2429084,2431523,0,1692,1614,11028.5,9084.0,8321,1398455,42985.1,7244.7,5150.0,4568,1398455,43107.1,2091.6,2147.0,1,4120,328.6,1813.5,1824.0,1536,2208,128.8,cudaLaunchKernel,"void at::native::vectorized_elementwise_kernel<(int)2, at::native::CUDAFunctor_add<long>, std::array<char *, (unsigned long)3>>(int, T2, T3)"
2429084,2431523,0,28,25,10701.5,8235.0,7396,53968,8821.8,7416.0,4794.0,3617,52770,9205.0,2191.7,2168.0,985,5151,747.0,1360.0,1280.0,1248,2208,198.1,cudaLaunchKernel,"copy_info_kernel(int, int *)"
2429084,2431523,0,10240,9650,10424.0,10110.0,9039,450580,6263.4,5890.8,5420.0,4589,449126,6350.4,2092.4,2100.0,19,11060,235.9,2602.9,2592.0,2336,3008,133.9,cudaLaunchKernel,"void at::native::unrolled_elementwise_kernel<at::native::BinaryFunctor<float, float, float, at::native::maximum_kernel_cuda(at::TensorIteratorBase &)::[lambda() (instance 2)]::operator ()() const::[lambda() (instance 2)]::operator ()() const::[lambda(float, float) (instance 1)]>, std::array<char *, (unsigned long)3>, (int)4, TrivialOffsetCalculator<(int)2, unsigned int>, TrivialOffsetCalculator<(int)1, unsigned int>, at::native::memory::LoadWithCast<(int)2>, at::native::memory::StoreWithCast<(int)1>>(int, T1, T2, T4, T5, T6, T7)"
2429084,2431523,0,15393,14450,10174.7,9607.0,8586,1315928,15267.1,6133.3,5410.0,4519,1315928,15354.2,1976.3,1978.0,14,9853,225.7,2245.1,2240.0,1632,2368,40.6,cudaLaunchKernel,"void at::native::vectorized_elementwise_kernel<(int)4, at::native::AUnaryFunctor<c10::Half, c10::Half, bool, at::native::<unnamed>::CompareEqFunctor<c10::Half>>, std::array<char *, (unsigned long)2>>(int, T2, T3)"
2429084,2429084,0,128,119,9939.6,9139.0,8543,85623,6852.4,6317.3,5300.0,4869,85623,7205.9,1898.4,1946.0,996,2530,268.5,1922.3,1920.0,1600,2496,121.0,cudaLaunchKernel,"void at::native::vectorized_elementwise_kernel<(int)4, at::native::BinaryFunctor<bool, bool, bool, at::native::BitwiseOrFunctor<bool>>, std::array<char *, (unsigned long)3>>(int, T2, T3)"
2429084,2429084,0,3600,3400,9859.4,9354.0,8393,763818,12938.5,5165.2,4519.0,3928,759858,12970.5,2238.6,2201.0,9,4121,370.6,2629.4,2560.0,2304,4928,199.5,cudaLaunchKernel,"void at_cuda_detail::cub::detail::select::DeviceSelectSweepKernel<at_cuda_detail::cub::detail::select::policy_hub<long, bool, int, (bool)0, (at_cuda_detail::cub::SelectImpl)0>::Policy1000, thrust::_V_300200_SM_750_800_860_900_1000_1200::counting_iterator<long, thrust::_V_300200_SM_750_800_860_900_1000_1200::use_default, thrust::_V_300200_SM_750_800_860_900_1000_1200::use_default, thrust::_V_300200_SM_750_800_860_900_1000_1200::use_default, thrust::_V_300200_SM_750_800_860_900_1000_1200::compile_time_value<(int)1>>, thrust::_V_300200_SM_750_800_860_900_1000_1200::transform_iterator<at::native::<unnamed>::NonZeroOp<bool>, const bool *, thrust::_V_300200_SM_750_800_860_900_1000_1200::use_default, thrust::_V_300200_SM_750_800_860_900_1000_1200::use_default>, long *, int *, at_cuda_detail::cub::ScanTileState<int, (bool)1>, at_cuda_detail::cub::NullType, at_cuda_detail::cub::NullType, int, at_cuda_detail::cub::detail::select::streaming_context_t<long, (bool)1>, (at_cuda_detail::cub::SelectImpl)0>(T2, T3, T4, T5, T6, T7, T8, T9, int, T10, at_cuda_detail::cub::detail::vsmem_t)"
2429084,2431523,0,15393,14502,9788.3,9083.0,8274,2316537,23271.0,5418.7,4558.0,3958,2312536,23317.2,2270.8,2276.0,0,9429,231.2,2268.4,2241.0,1664,2400,41.3,cudaLaunchKernel,"void at::native::vectorized_elementwise_kernel<(int)4, at::native::BinaryFunctor<c10::Half, c10::Half, bool, at::native::<unnamed>::CompareEqFunctor<c10::Half>>, std::array<char *, (unsigned long)3>>(int, T2, T3)"
2429084,2431523,0,5227,4903,9645.1,8838.0,8055,325159,10344.0,5513.2,5030.0,4429,325159,6278.5,2548.2,2082.0,48,176279,7955.4,1786.9,1728.0,1567,13824,707.5,cudaLaunchKernel,"void at::native::vectorized_elementwise_kernel<(int)4, at::native::BinaryFunctor<bool, bool, bool, at::native::BitwiseOrFunctor<bool>>, std::array<char *, (unsigned long)3>>(int, T2, T3)"
2429084,2429084,0,3600,3403,9620.3,9183.0,8031,214783,6717.7,6630.3,6072.0,5049,211683,6789.6,1777.2,1833.0,8,2780,285.0,1376.0,1344.0,1184,1952,164.6,cudaLaunchKernel,"void at_cuda_detail::cub::detail::scan::DeviceCompactInitKernel<at_cuda_detail::cub::ScanTileState<int, (bool)1>, int *>(T1, int, T2)"
