PID,TID,DevId,Count,QCount,TAvg (ns),TMed (ns),TMin (ns),TMax (ns),TStdDev (ns),AAvg (ns),AMed (ns),AMin (ns),AMax (ns),AStdDev (ns),QAvg (ns),QMed (ns),QMin (ns),QMax (ns),QStdDev (ns),KAvg (ns),KMed (ns),KMin (ns),KMax (ns),KStdDev (ns),API Name,Kernel Name
1830235,1832319,0,448,448,4033560245.8,4422162718.5,614482797,6667130633,1503034631.6,1422189.6,10330.0,8557,154602506,14377821.8,3861451996.9,4388664134.0,459685290,6208957455,1505123245.9,170686059.3,51559208.5,3812224,471608249,192142424.5,cudaLaunchKernel,ampere_sgemm_128x128_tn
1830235,1832319,0,1344,1344,3934242349.6,4366962969.0,52639,6671193426,1520210689.9,1509712.4,7149.0,5180,458144084,24486687.2,3932602202.6,4366872706.0,29949,6671120686,1518693066.0,130434.6,60864.0,4992,576095,187175.5,cudaLaunchKernel,"void at::native::vectorized_elementwise_kernel<(int)4, at::native::AbsFunctor<float>, std::array<char *, (unsigned long)2>>(int, T2, T3)"
1830235,1832319,0,1344,1344,3932805774.4,4366962800.5,31821,6671222958,1518688620.7,1809685.0,6081.0,4649,454363531,25141309.6,3930907515.8,4366892551.5,19137,6671001867,1516729176.9,88573.7,49824.0,3008,367425,117464.4,cudaLaunchKernel,"void at::native::vectorized_elementwise_kernel<(int)4, at::native::AUnaryFunctor<float, float, bool, at::native::<unnamed>::CompareEqFunctor<float>>, std::array<char *, (unsigned long)2>>(int, T2, T3)"
1830235,1832319,0,1344,1344,3931071399.4,4366971248.0,21153,6671090277,1516727494.9,405888.4,5390.0,4218,447663585,12216012.3,3930580523.5,4366898444.5,6260,6670932290,1516156153.5,84987.5,43936.0,3136,360160,115531.3,cudaLaunchKernel,"void at::native::vectorized_elementwise_kernel<(int)4, at::native::BinaryFunctor<float, float, bool, at::native::<unnamed>::CompareEqFunctor<float>>, std::array<char *, (unsigned long)3>>(int, T2, T3)"
1830235,1832319,0,1344,1344,3930712385.9,4366956002.0,13453,6670997584,1516154171.3,1643949.5,5501.0,4298,458164574,20539608.2,3929013765.2,4366923740.0,2254,6670860451,1514602614.6,54671.2,27328.0,2944,241761,75937.2,cudaLaunchKernel,"void at::native::vectorized_elementwise_kernel<(int)4, at::native::BinaryFunctor<bool, bool, bool, at::native::binary_internal::MulFunctor<bool>>, std::array<char *, (unsigned long)3>>(int, T2, T3)"
1830235,1832319,0,1472,1472,3927919106.2,4408035364.5,456212492,6671492833,1627928787.8,2831847.5,8421.0,3777,455937330,27633050.5,3924394894.0,4407712391.5,455334884,6669963491,1625101903.8,692364.7,862370.5,21536,1198373,450984.4,cudaLaunchKernel,"void at::native::reduce_kernel<(int)128, (int)4, at::native::ReduceOp<float, at::native::func_wrapper_t<float, at::native::sum_functor<float, float, float>::operator ()(at::TensorIterator &)::[lambda(float, float) (instance 1)]>, unsigned int, float, (int)4, (int)4>>(T3)"
1830235,1832319,0,1344,1344,3927629820.6,4366944294.5,22496,6670727262,1513365777.1,358017.7,7675.0,5791,156713708,6177622.8,3927233522.7,4366903305.5,1273,6670699437,1513044066.9,38280.2,20512.0,7520,149985,46254.9,cudaLaunchKernel,"void at::native::reduce_kernel<(int)512, (int)1, at::native::ReduceOp<bool, at::native::func_wrapper_t<bool, at::native::and_kernel_cuda(at::TensorIterator &)::[lambda() (instance 1)]::operator ()() const::[lambda() (instance 12)]::operator ()() const::[lambda(bool, bool) (instance 1)]>, unsigned int, bool, (int)4, (int)4>>(T3)"
1830235,1832319,0,1344,1344,3927257515.3,4366910186.0,10689,6670707760,1513042052.9,3571938.3,6652.5,4899,463072997,36623467.6,3923683333.6,4366885567.5,1630,6670534461,1510515498.5,2243.4,2304.0,1632,2880,271.4,cudaLaunchKernel,"void at::native::vectorized_elementwise_kernel<(int)4, at::native::bitwise_not_kernel_cuda(at::TensorIteratorBase &)::[lambda(bool) (instance 1)], std::array<char *, (unsigned long)2>>(int, T2, T3)"
1830235,1832319,0,1344,1342,3923663604.8,4366879470.0,11401,6670526792,1510534354.2,2010097.3,6397.5,4599,454178519,27086939.2,3927496084.9,4369713396.5,1866,6670475154,1503124459.8,1912.9,1888.0,1536,2624,190.5,cudaLaunchKernel,"void at::native::vectorized_elementwise_kernel<(int)4, at::native::BinaryFunctor<bool, bool, bool, at::native::logical_or_kernel_cuda(at::TensorIterator &)::[lambda() (instance 2)]::operator ()() const::[lambda() (instance 9)]::operator ()() const::[lambda(bool, bool) (instance 1)]>, std::array<char *, (unsigned long)3>>(int, T2, T3)"
1830235,1832319,0,896,894,3810428350.0,4344187931.0,4072199,6208778756,1535498270.9,3546057.0,11001.0,8416,454312634,37515054.1,3748239793.1,4322712870.5,618,6128400104,1538786100.0,67009115.3,12754046.5,355778,454492330,117442411.1,cudaLaunchKernel,ampere_sgemm_128x128_nt
1830235,1832319,0,896,896,3761177235.3,4319618944.0,28029,6136946444,1570028185.1,1607533.3,6432.0,4679,469426182,22637717.6,3759486427.2,4319505761.5,1906,6136711544,1568611299.3,83274.7,54128.0,6368,549118,87186.5,cudaLaunchKernel,"void at::native::elementwise_kernel<(int)128, (int)2, void at::native::gpu_kernel_impl_nocast<at::native::<unnamed>::where_kernel_impl(at::TensorIterator &)::[lambda() (instance 1)]::operator ()() const::[lambda() (instance 3)]::operator ()() const::[lambda(bool, unsigned int, unsigned int) (instance 1)]>(at::TensorIteratorBase &, const T1 &)::[lambda(int) (instance 1)]>(int, T3)"
1830235,1832319,0,918,902,3674526745.0,4307390725.5,11002,6136847441,1658139213.8,3530076.7,7284.0,4488,450304747,36872902.4,3736099419.7,4316338575.5,1572,6136828705,1594405317.0,14677.1,1984.0,1312,888928,86545.7,cudaLaunchKernel,"void at::native::vectorized_elementwise_kernel<(int)4, at::native::FillFunctor<float>, std::array<char *, (unsigned long)1>>(int, T2, T3)"
1830235,1832319,0,2008,2002,1969125802.0,355504678.5,23466,6022941977,2204305481.3,1522697.6,7194.0,4148,467570165,22061086.2,1973356106.5,355220453.0,1260,6022692144,2203102369.9,143489.6,86336.0,8480,843427,223184.8,cudaLaunchKernel,"void at::native::vectorized_elementwise_kernel<(int)4, at::native::CUDAFunctor_add<float>, std::array<char *, (unsigned long)3>>(int, T2, T3)"
1830235,1839482,0,2048,2048,1546525082.4,1596794392.0,31129116,1610911982,222897710.3,1837228.5,1998467.5,5751,15186467,701415.3,1544682318.1,1594871075.0,31113596,1608867598,222480142.7,5535.8,5536.0,5120,5888,98.5,cudaLaunchKernel,"void at::native::<unnamed>::CatArrayBatchedCopy_vectorized<at::native::<unnamed>::OpaqueType<(unsigned int)8>, unsigned int, (int)2, (int)128, (int)1, (int)16, (int)2>(char *, at::native::<unnamed>::CatArrInputTensorMetadata<T1, T2, T4, T5>, at::native::<unnamed>::TensorSizeStride<T2, (unsigned int)4>, int, T2)"
1830235,1839482,0,2048,2048,1544645022.9,1594825074.5,30866373,1608856497,222474212.0,454635.4,507953.0,4980,6697271,210823.6,1544186554.7,1594330548.0,30839006,1608335108,222372111.4,3832.8,3808.0,3552,4096,76.6,cudaLaunchKernel,"void at::native::<unnamed>::CatArrayBatchedCopy_vectorized<at::native::<unnamed>::OpaqueType<(unsigned int)1>, unsigned int, (int)2, (int)128, (int)1, (int)16, (int)16>(char *, at::native::<unnamed>::CatArrInputTensorMetadata<T1, T2, T4, T5>, at::native::<unnamed>::TensorSizeStride<T2, (unsigned int)4>, int, T2)"
1830235,1839482,0,2048,2048,1544142570.4,1594311264.0,30822626,1608329401,222366169.0,65241.6,10099.0,4790,94640171,2091140.1,1544072743.5,1594278366.5,30787204,1608312882,222567614.4,4585.4,4576.0,4192,4800,66.4,cudaLaunchKernel,"void at::native::<unnamed>::CatArrayBatchedCopy_vectorized<at::native::<unnamed>::OpaqueType<(unsigned int)2>, unsigned int, (int)2, (int)128, (int)1, (int)16, (int)8>(char *, at::native::<unnamed>::CatArrInputTensorMetadata<T1, T2, T4, T5>, at::native::<unnamed>::TensorSizeStride<T2, (unsigned int)4>, int, T2)"
1830235,1839482,0,7308,7304,1057766134.9,934736344.5,20512,1595766194,360270968.3,511407.0,15730.0,9297,9147049,856260.2,1057535810.1,934416700.0,495,1592914327,358716590.6,297757.6,230417.0,4512,808131,218986.3,cudaLaunchKernel,"void gemmSN_NN_kernel<float, (int)128, (int)2, (int)4, (int)8, (int)4, (int)4, (bool)0, cublasGemvTensorStridedBatched<const float>, cublasGemvTensorStridedBatched<const float>, cublasGemvTensorStridedBatched<float>>(cublasGemmSmallNParams<T9, T10, T11, T1>)"
1830235,1832319,0,6096,6075,969601669.2,78526025.5,14774,6628242826,1766596971.8,1140511.5,9959.0,5481,471595726,20387868.8,971733224.0,78522336.0,6,6180878939,1766021193.5,75445.2,39968.0,5152,1853976,160583.0,cudaLaunchKernel,"void at::native::unrolled_elementwise_kernel<at::native::direct_copy_kernel_cuda(at::TensorIteratorBase &)::[lambda() (instance 3)]::operator ()() const::[lambda() (instance 7)]::operator ()() const::[lambda(float) (instance 1)], std::array<char *, (unsigned long)2>, (int)4, TrivialOffsetCalculator<(int)1, unsigned int>, TrivialOffsetCalculator<(int)1, unsigned int>, at::native::memory::LoadWithCast<(int)1>, at::native::memory::StoreWithCast<(int)1>>(int, T1, T2, T4, T5, T6, T7)"
1830235,1839482,0,9244,9228,894448711.4,930672350.5,17351,1597323893,453885846.6,450316.2,7228.5,4448,5240666,874144.1,895544147.8,930698683.5,14,1595123437,452078464.2,4307.0,4320.0,3456,56992,1976.9,cudaLaunchKernel,"void at::native::elementwise_kernel<(int)128, (int)4, void at::native::gpu_kernel_impl_nocast<at::native::direct_copy_kernel_cuda(at::TensorIteratorBase &)::[lambda() (instance 3)]::operator ()() const::[lambda() (instance 1)]::operator ()() const::[lambda(unsigned char) (instance 1)]>(at::TensorIteratorBase &, const T1 &)::[lambda(int) (instance 1)]>(int, T3)"
1830235,1832319,0,36,36,820636582.0,361333097.5,84784917,6147739847,1506032185.9,1290440.2,1803275.5,4578,2041079,814570.3,817283324.4,357427030.0,82691890,6145432456,1506331147.3,2062817.4,2062439.0,2055415,2071255,4201.2,cudaLaunchKernel,"void at::native::<unnamed>::cunn_SoftMaxBackwardSmem<(int)4, c10::Half, float, float, at::native::<unnamed>::SoftMaxBackwardEpilogue>(T2 *, const T4 *, const T4 *, long)"
1830235,1839482,0,69604,69537,734669746.2,794287746.0,34194,1642209275,461064575.2,803287.5,156754.0,4879,41891802,1227731.0,734569924.0,794072444.0,939,1638023367,459869895.0,3625.8,3456.0,2432,484163,6368.2,cudaLaunchKernel,"void at::native::elementwise_kernel<(int)128, (int)2, void at::native::gpu_kernel_impl_nocast<at::native::direct_copy_kernel_cuda(at::TensorIteratorBase &)::[lambda() (instance 3)]::operator ()() const::[lambda() (instance 4)]::operator ()() const::[lambda(long) (instance 1)]>(at::TensorIteratorBase &, const T1 &)::[lambda(int) (instance 1)]>(int, T3)"
1830235,1839482,0,60360,60360,711884831.1,791989269.0,448614,1650655934,457355269.0,1070345.4,605273.0,3476,23820518,1207413.5,710402207.9,791407051.0,303245,1645513068,456403392.2,412277.8,510865.5,68129,957827,215637.7,cudaLaunchKernel,"void <unnamed>::qvq_v2_segment_grid_finalize_kernel<(int)4, (int)2, (int)16, (bool)0, __half, unsigned char>(const float *, const T5 *, const float *, const long *, const float *, const float *, const T6 *, const unsigned char *, long *, unsigned char *, float *, int, int, bool, bool)"
1830235,1839482,0,482880,482706,708521291.8,780821421.0,170070,1654164715,456132788.3,532967.9,5230.0,3286,696590940,1437764.9,706580588.6,778733426.0,1150,1645767477,454793125.4,1662348.2,1987479.5,133089,4389646,974827.6,cudaLaunchKernel,"void <unnamed>::qvq_v2_segment_grid_kernel<(int)4, (int)2, (int)16, (bool)1, (bool)0, __half, unsigned char>(const float *, const T6 *, const float *, const long *, const float *, const float *, float *, T7 *, unsigned char *, int, int, int, bool, bool)"
1830235,1839482,0,30408,30342,706844474.9,791945597.0,12405,1646385673,460851014.6,1474609.2,1693657.5,6212,40948705,1074872.9,706900382.3,791082721.0,45,1642228061,459297091.2,3804.2,3552.0,2048,164161,5163.8,cudaLaunchKernel,"void at::native::unrolled_elementwise_kernel<at::native::direct_copy_kernel_cuda(at::TensorIteratorBase &)::[lambda() (instance 3)]::operator ()() const::[lambda() (instance 4)]::operator ()() const::[lambda(long) (instance 1)], std::array<char *, (unsigned long)2>, (int)4, TrivialOffsetCalculator<(int)1, unsigned int>, TrivialOffsetCalculator<(int)1, unsigned int>, at::native::memory::LoadWithCast<(int)1>, at::native::memory::StoreWithCast<(int)1>>(int, T1, T2, T4, T5, T6, T7)"
1830235,1839482,0,23444,23388,705118880.0,925707344.0,10651,1603910580,543667133.0,341554.9,8476.0,5180,16595261,768313.3,706436883.3,925738485.0,20,1601727403,542714670.4,27891.6,4928.0,3136,1800582,82680.1,cudaLaunchKernel,"void at::native::elementwise_kernel<(int)128, (int)2, void at::native::gpu_kernel_impl_nocast<at::native::CUDAFunctor_add<float>>(at::TensorIteratorBase &, const T1 &)::[lambda(int) (instance 1)]>(int, T3)"
1830235,1832319,0,36,36,691829955.4,363504675.5,54417476,5466463781,1236033380.6,605590.9,725462.0,6112,3176232,554913.9,685240870.6,356770371.5,48490107,5457489165,1235877079.3,5983493.9,6001943.0,5792362,6069735,76610.3,cudaLaunchKernel,"void at::native::<unnamed>::cunn_SoftMaxForwardSmem<(int)8, c10::Half, float, float, at::native::<unnamed>::SoftMaxForwardEpilogue, long>(T4 *, const T2 *, T6)"
1830235,1832319,0,36,36,677178018.3,200946377.5,46792341,5925230376,1503502366.2,19771.0,11151.0,9818,104579,24566.9,676775854.4,200550506.0,46401955,5924761061,1503488516.2,382392.9,384431.0,364736,393311,6769.9,cuLaunchKernel,void cutlass::Kernel2<cutlass_80_tensorop_f16_s16816gemm_f16_128x256_32x3_nt_align2>(T1::Params)
1830235,1832319,0,108,108,645608675.2,165951833.5,33720948,5927659663,1481146363.5,21558.4,5375.0,4739,304540,55937.9,644998635.8,165422627.5,33300592,5926519124,1481094515.9,588481.0,522576.0,401024,839582,182726.2,cudaLaunchKernel,"void <unnamed>::softmax_warp_backward<float, c10::Half, float, (int)10, (bool)0, (bool)0, (int)32>(T2 *, const T1 *, const T1 *, int, int, int, const bool *)"
1830235,1832319,0,72,72,619765601.6,204405192.0,33598543,5927629456,1368856020.1,29462.1,10936.0,7775,1102861,130674.2,619331192.3,203988013.0,33193173,5927237060,1368840748.5,404947.2,405583.0,383039,418655,8579.9,cuLaunchKernel,void cutlass::Kernel2<cutlass_80_tensorop_f16_s16816gemm_f16_128x256_32x3_nn_align2>(T1::Params)
1830235,1832319,0,108,108,596872063.6,92648027.5,14585075,5927299060,1475721510.0,38373.3,11517.0,9939,639148,71535.3,596632007.2,92399361.0,14478741,5926921625,1475714246.7,201683.1,127920.5,89216,395391,129597.8,cuLaunchKernel,void cutlass::Kernel2<cutlass_80_tensorop_f16_s16816gemm_f16_256x128_32x3_nt_align2>(T1::Params)
1830235,1832319,0,360,360,592839607.3,141140286.0,17584973,5822054907,1403660432.6,28511.8,10240.0,8526,641583,49631.8,591358515.8,139799862.5,16498184,5819786631,1403660614.3,1452579.8,1543504.0,518464,2346043,595150.9,cudaLaunchKernel,ampere_fp16_s16816gemm_fp16_256x128_ldg8_f2f_stages_32x3_nn
1830235,1832319,0,432,432,572783755.6,61389141.5,30517,6148523362,1469270312.2,194559.0,11812.0,10389,2150508,514382.6,572455300.9,61294822.5,1018,6147887500,1469273986.0,133895.7,59313.0,14880,562686,187055.3,cudaLaunchKernel,ampere_fp16_s16816gemm_fp16_128x128_ldg8_f2f_stages_32x5_nt
1830235,1832319,0,144,144,572176203.2,97708771.0,111658,5848111007,1471536573.2,12800.2,11206.5,10139,51769,6482.5,571921460.4,97311387.0,20895,5847647294,1471530776.3,241942.7,217376.0,75776,456959,149716.9,cuLaunchKernel,void cutlass::Kernel2<cutlass_75_tensorop_f16_s1688gemm_f16_128x128_nt_align1>(T1::Params)
1830235,1832319,0,576,576,562839925.3,64831976.5,27714,6148872071,1467875627.7,34725.7,11582.0,10219,541401,95101.9,562779498.4,64800859.5,600,6148794442,1467872670.0,25701.2,21360.0,11872,66304,12897.7,cudaLaunchKernel,"void at::native::reduce_kernel<(int)128, (int)4, at::native::ReduceOp<c10::Half, at::native::func_wrapper_t<c10::Half, at::native::sum_functor<c10::Half, float, c10::Half>::operator ()(at::TensorIterator &)::[lambda(float, float) (instance 1)]>, unsigned int, c10::Half, (int)4, (int)8>>(T3)"
1830235,1832319,0,576,575,562815393.0,64814306.5,28220,6148951889,1467870272.1,51099.7,9628.5,7965,1262154,150210.1,563681241.4,64855229.0,1215,6148775112,1468930564.5,61668.8,43216.0,16544,179679,42189.2,cudaLaunchKernel,"void at::native::reduce_kernel<(int)512, (int)1, at::native::ReduceOp<c10::Half, at::native::func_wrapper_t<c10::Half, at::native::sum_functor<c10::Half, float, c10::Half>::operator ()(at::TensorIterator &)::[lambda(float, float) (instance 1)]>, unsigned int, c10::Half, (int)4, (int)8>>(T3)"
1830235,1832319,0,288,288,555942291.2,83871562.0,8175343,6141860629,1352539338.9,38655.1,11236.0,8386,1313372,114359.5,555605363.2,83710113.0,8115952,6140999725,1352507960.3,298272.9,126432.0,45569,912156,341493.1,cuLaunchKernel,void cutlass::Kernel2<cutlass_80_tensorop_f16_s16816gemm_relu_f16_64x256_32x4_tn_align8>(T1::Params)
1830235,1832319,0,180,180,555205124.8,78221120.5,13091300,5760493068,1464518736.6,57722.8,5140.0,4519,1280640,177550.8,554974669.6,78051616.0,12985519,5759191775,1464446276.6,172732.4,165024.0,90081,282272,63751.3,cudaLaunchKernel,"void <unnamed>::softmax_warp_backward<float, c10::Half, float, (int)9, (bool)0, (bool)0, (int)32>(T2 *, const T1 *, const T1 *, int, int, int, const bool *)"
1830235,1832319,0,72,72,554811532.0,70132218.5,14265371,5745572988,1470935984.3,70429.5,11321.5,9638,249746,99981.8,554638299.3,70037431.0,14172152,5745444735,1470956141.7,102803.2,100288.5,77761,127424,21413.0,cuLaunchKernel,void cutlass::Kernel2<cutlass_80_tensorop_f16_s16816gemm_f16_128x128_32x4_nt_align2>(T1::Params)
1830235,1832319,0,2321,2315,553442077.1,64095523.0,11406,6148820763,1445212956.9,1099106.9,7294.0,4489,469464846,20344382.6,553763148.2,64118906.0,949,6148797726,1443173793.7,11354.3,6144.0,2304,879134,39389.4,cudaLaunchKernel,"void at::native::vectorized_elementwise_kernel<(int)4, at::native::FillFunctor<c10::Half>, std::array<char *, (unsigned long)1>>(int, T2, T3)"
1830235,1832319,0,504,504,553003431.9,78347575.0,9417807,5759789656,1352046185.5,18358.1,10209.5,8426,1045693,74955.0,552664955.3,78007426.5,9176235,5759355056,1352030010.4,320118.5,312927.0,230976,444704,63573.6,cuLaunchKernel,void cutlass::Kernel2<cutlass_80_tensorop_f16_s16816gemm_relu_f16_128x128_32x4_nn_align8>(T1::Params)
1830235,1832319,0,252,252,539694205.3,32235069.0,202728,5849917255,1467325637.8,21539.4,10986.0,10040,1276593,98684.5,539496203.4,32141104.5,104968,5849481635,1467310789.4,176462.6,86048.5,58080,453119,145807.8,cuLaunchKernel,void cutlass::Kernel2<cutlass_75_tensorop_f16_s1688gemm_f16_256x128_nt_align1>(T1::Params)
1830235,1832319,0,216,216,536364874.0,92483707.5,10176866,5925728191,1351141072.4,30992.7,11211.5,8176,991209,109179.6,535978232.1,92263364.5,10013026,5924902331,1351093454.9,355649.2,208240.0,143744,732319,249051.7,cuLaunchKernel,void cutlass::Kernel2<cutlass_80_tensorop_f16_s16816gemm_f16_256x128_32x3_tn_align2>(T1::Params)
1830235,1832319,0,5760,5747,525485093.9,64134600.5,10627,6673739727,1359311230.1,921363.3,7900.0,4609,471138365,16458588.2,525721994.7,64178943.0,99,6673621003,1357570547.4,28262.8,17168.0,2944,118304,27293.7,cudaLaunchKernel,"void at::native::vectorized_elementwise_kernel<(int)4, at::native::CUDAFunctor_add<c10::Half>, std::array<char *, (unsigned long)3>>(int, T2, T3)"
1830235,1832319,0,108,108,524880531.2,165779373.0,22539195,5257082374,1220338134.7,26002.3,7509.5,6232,919352,109905.8,524389458.4,165337527.5,22193615,5256445890,1220337158.0,465070.5,428783.5,326752,644575,118792.8,cudaLaunchKernel,"void <unnamed>::softmax_warp_forward<c10::Half, float, float, (int)10, (bool)0, (bool)0, (int)32>(T2 *, const T1 *, int, int, int, const bool *, int, bool)"
1830235,1832319,0,484,484,522614130.4,81065405.0,476083,6673684911,1323161651.2,354503.6,13055.0,8537,3629645,976921.5,520589164.9,80056483.5,27599,6670388447,1323260201.5,1670461.9,663343.5,422370,37233380,2818721.2,cudaLaunchKernel,ampere_fp16_s16816gemm_fp16_128x256_ldg8_f2f_stages_64x3_nn
1830235,1832319,0,216,214,521787280.3,140864924.5,72432,5850338126,1349521346.1,13198.4,10861.0,7625,331832,24542.3,526325102.5,140463208.5,90,5849846959,1354883321.7,322368.9,395888.0,59968,527711,190496.1,cuLaunchKernel,void cutlass::Kernel2<cutlass_75_tensorop_f16_s1688gemm_f16_128x256_nn_align1>(T1::Params)
1830235,1832319,0,216,216,518708844.8,82047822.5,8070526,5683262722,1389560554.7,17225.6,10019.0,8757,644909,58866.8,517894010.4,81094300.5,7840728,5682408596,1389537950.1,797608.8,941249.5,208417,1285152,430475.6,cuLaunchKernel,void cutlass::Kernel2<cutlass_80_tensorop_f16_s16816gemm_relu_f16_256x128_32x3_nn_align8>(T1::Params)
1830235,1839482,0,18916,18853,514847530.5,535624313.5,41206,967452996,296988579.4,1273340.4,1339422.0,4900,20804242,798941.8,515283271.2,536358747.0,37851,965278431,295291885.7,7096.3,7200.0,3680,8896,639.5,cudaLaunchKernel,"void at::native::index_elementwise_kernel<(int)128, (int)4, void at::native::gpu_index_kernel<void at::native::index_put_kernel_impl<at::native::OpaqueType<(int)1>>(at::TensorIterator &, c10::ArrayRef<long>, c10::ArrayRef<long>)::[lambda(char *, const char *, long) (instance 1)]>(at::TensorIteratorBase &, c10::ArrayRef<long>, c10::ArrayRef<long>, const T1 &, bool)::[lambda(int) (instance 1)]>(long, T3)"
1830235,1832319,0,576,576,514197846.9,65417674.0,465655,6010570320,1377603443.6,53257.3,9839.0,8386,881440,165720.8,514037682.3,65336739.5,397379,6010217227,1377605321.8,106907.4,76768.5,28640,343486,80157.6,cudaLaunchKernel,"void at::native::vectorized_elementwise_kernel<(int)4, at::native::<unnamed>::silu_backward_kernel(at::TensorIteratorBase &)::[lambda() (instance 1)]::operator ()() const::[lambda() (instance 3)]::operator ()() const::[lambda(c10::Half, c10::Half) (instance 1)], std::array<char *, (unsigned long)3>>(int, T2, T3)"
1830235,1832319,0,6384,6364,513627141.2,63913281.0,8807,6180208379,1312572016.6,453022.6,5711.0,4288,467899623,11907636.5,514719379.7,64009150.0,875,6179917511,1313053918.7,67270.9,23168.0,1792,2252730,192283.1,cudaLaunchKernel,"void at::native::vectorized_elementwise_kernel<(int)4, at::native::BinaryFunctor<float, float, float, at::native::binary_internal::MulFunctor<float>>, std::array<char *, (unsigned long)3>>(int, T2, T3)"
1830235,1832319,0,1188,1176,509975742.7,77858026.0,27805,6148945633,1301349767.7,1280558.2,10530.0,6993,464150319,20101338.9,513728402.4,77855174.0,74,6148372400,1303237406.9,155985.1,105953.0,15616,868066,175946.4,cudaLaunchKernel,ampere_fp16_s16816gemm_fp16_128x128_ldg8_f2f_stages_32x5_nn
1830235,1832319,0,2320,2319,508857807.4,63926734.5,14420,6179637400,1293859557.0,1248851.9,6192.0,5009,466837049,23595362.5,507790359.1,63907385.0,1171,6178033931,1290111409.0,37472.0,32768.0,6336,138976,24189.1,cudaLaunchKernel,"void at::native::reduce_kernel<(int)512, (int)1, at::native::ReduceOp<float, at::native::func_wrapper_t<float, at::native::sum_functor<float, float, float>::operator ()(at::TensorIterator &)::[lambda(float, float) (instance 1)]>, unsigned int, float, (int)4, (int)4>>(T3)"
1830235,1832319,0,2320,2312,507574544.7,63891744.5,11355,6178038945,1289870135.2,614283.8,8776.0,7224,152403114,7295845.8,508711624.6,64038795.0,167,6177302070,1290038911.4,2818.8,2880.0,2016,3904,346.1,cudaLaunchKernel,"void at::native::vectorized_elementwise_kernel<(int)4, void at::native::<unnamed>::pow_tensor_scalar_kernel_impl<float, float>(at::TensorIteratorBase &, T2)::[lambda(float) (instance 2)], std::array<char *, (unsigned long)2>>(int, T2, T3)"
1830235,1832319,0,6912,6881,506992598.9,63578143.0,11876,6148818198,1333215557.0,354396.6,8646.0,4478,470335004,11560686.0,508883233.4,63825686.0,221,6148717895,1334582269.7,37291.0,24848.0,4256,180736,36778.5,cudaLaunchKernel,"void at::native::elementwise_kernel<(int)128, (int)4, void at::native::gpu_kernel_impl_nocast<at::native::direct_copy_kernel_cuda(at::TensorIteratorBase &)::[lambda() (instance 3)]::operator ()() const::[lambda() (instance 10)]::operator ()() const::[lambda(c10::Half) (instance 1)]>(at::TensorIteratorBase &, const T1 &)::[lambda(int) (instance 1)]>(int, T3)"
1830235,1832319,0,4640,4625,506244489.4,63844682.5,9371,6177270081,1285923830.7,139220.9,7284.0,4929,152884472,3345038.1,507726025.3,63917002.0,35,6024383081,1287309878.3,20602.6,3392.0,1888,163295,32557.9,cudaLaunchKernel,"void at::native::vectorized_elementwise_kernel<(int)4, at::native::AUnaryFunctor<float, float, float, at::native::binary_internal::MulFunctor<float>>, std::array<char *, (unsigned long)2>>(int, T2, T3)"
1830235,1832319,0,2320,2311,505692991.1,63841864.0,14627,6024144540,1284272049.4,96813.8,8556.0,7324,51289880,1520048.9,507529132.0,63981753.0,505,6023552588,1286226569.2,35916.0,25120.0,5120,139392,30206.0,cudaLaunchKernel,"void at::native::elementwise_kernel<(int)128, (int)2, void at::native::gpu_kernel_impl_nocast<at::native::BUnaryFunctor<float, float, float, at::native::binary_internal::MulFunctor<float>>>(at::TensorIteratorBase &, const T1 &)::[lambda(int) (instance 1)]>(int, T3)"
1830235,1832319,0,1152,1148,503169497.7,63669012.5,15535,6148193537,1346253990.5,71512.0,9057.0,6573,2358023,325320.7,504737624.1,63730806.0,492,6147329984,1348252181.6,112925.8,39312.5,4448,753501,183583.3,cudaLaunchKernel,"void at::native::vectorized_elementwise_kernel<(int)4, at::native::AUnaryFunctor<c10::Half, c10::Half, c10::Half, at::native::binary_internal::MulFunctor<float>>, std::array<char *, (unsigned long)2>>(int, T2, T3)"
1830235,1832319,0,2304,2292,501184232.7,63421144.0,13842,6148869465,1339046443.3,179792.3,8486.5,7004,151546072,4484847.7,503610412.4,63609524.5,137,6148834453,1341498072.8,17004.7,10192.0,4416,82335,16742.6,cudaLaunchKernel,"void at::native::elementwise_kernel<(int)128, (int)4, void at::native::gpu_kernel_impl_nocast<at::native::neg_kernel_cuda(at::TensorIteratorBase &)::[lambda() (instance 2)]::operator ()() const::[lambda() (instance 8)]::operator ()() const::[lambda(c10::Half) (instance 1)]>(at::TensorIteratorBase &, const T1 &)::[lambda(int) (instance 1)]>(int, T3)"
1830235,1832319,0,72,72,498890941.2,10228928.5,2139297,5682538508,1471675619.3,13064.2,10790.5,9628,89971,11648.6,498795343.8,10123348.5,2048135,5682437088,1471670090.6,82533.2,80704.5,66848,96896,12538.1,cuLaunchKernel,void cutlass::Kernel2<cutlass_75_tensorop_f16_s1688gemm_f16_128x64_nt_align1>(T1::Params)
1830235,1832319,0,216,216,498587858.4,9926755.5,236592,5689527188,1463782332.4,11073.9,5080.0,4629,630301,48717.4,498525276.3,9867014.0,166829,5689099953,1463764058.6,51508.2,50544.5,25504,85408,18527.4,cudaLaunchKernel,"void <unnamed>::softmax_warp_backward<float, c10::Half, float, (int)8, (bool)0, (bool)0, (int)32>(T2 *, const T1 *, const T1 *, int, int, int, const bool *)"
1830235,1832319,0,144,144,496158211.1,70456442.5,10268834,5744047233,1344911842.6,18465.8,11447.0,7915,69361,15907.1,496033392.9,70363703.5,10171557,5743917257,1344914831.2,106352.5,103616.5,78432,135393,21959.6,cuLaunchKernel,void cutlass::Kernel2<cutlass_80_tensorop_f16_s16816gemm_f16_128x128_32x4_nn_align2>(T1::Params)
1830235,1832319,0,1152,1151,492227250.0,63850107.5,14132,5480496995,1227647847.8,15034.1,6181.5,5120,746713,48670.7,492587811.6,63870988.0,729,5480328013,1228077840.5,51998.2,33200.0,6240,266399,53879.0,cudaLaunchKernel,"void at::native::elementwise_kernel<(int)128, (int)2, void at::native::gpu_kernel_impl_nocast<at::native::CUDAFunctor_add<float>>(at::TensorIteratorBase &, const T1 &)::[lambda(int) (instance 1)]>(int, T3)"
1830235,1832319,0,9232,9183,488990478.1,63303412.5,14432,6673843490,1297362011.8,526433.5,8446.0,6322,463449513,12650099.1,491031389.8,63480183.0,21,6627944297,1298469853.7,38872.2,25984.0,5472,187935,35832.2,cudaLaunchKernel,"void at::native::elementwise_kernel<(int)128, (int)4, void at::native::gpu_kernel_impl_nocast<at::native::BinaryFunctor<c10::Half, c10::Half, c10::Half, at::native::binary_internal::MulFunctor<float>>>(at::TensorIteratorBase &, const T1 &)::[lambda(int) (instance 1)]>(int, T3)"
1830235,1832319,0,360,359,487601913.7,26016815.0,57360,5927083431,1296988846.3,27938.6,10189.0,9208,2383842,171553.3,488733897.0,26307749.0,1054,5926238672,1298474691.3,197675.0,63424.5,45088,770174,279035.8,cuLaunchKernel,void cutlass::Kernel2<cutlass_80_tensorop_f16_s16816gemm_relu_f16_128x128_32x5_nn_align8>(T1::Params)
1830235,1832319,0,36,36,486034265.6,1534416.0,664451,5668645024,1480088034.7,11505.7,10780.5,9929,19847,2187.1,485966244.9,1467689.0,598547,5668576156,1480087583.2,56515.0,56256.5,54977,58592,1018.0,cuLaunchKernel,void cutlass::Kernel2<cutlass_75_tensorop_f16_s1688gemm_f16_128x256_nt_align1>(T1::Params)
1830235,1832319,0,936,936,485041565.7,32394365.5,396624,6140625542,1329667368.7,37488.3,11602.0,8566,1185499,140086.0,484214993.4,31557006.0,683,6139490028,1329661554.8,789084.1,647890.0,293889,2209979,441424.8,cudaLaunchKernel,ampere_fp16_s16816gemm_fp16_256x128_ldg8_f2f_stages_64x3_nn
1830235,1832319,0,36,36,483081314.7,519604.5,114759,5643117576,1474199356.4,7633.1,5079.5,4779,75153,11706.6,483063890.4,505034.5,98467,5643097753,1474198507.7,9791.1,9776.0,9440,10336,192.5,cudaLaunchKernel,"void <unnamed>::softmax_warp_backward<float, c10::Half, float, (int)7, (bool)0, (bool)0, (int)32>(T2 *, const T1 *, const T1 *, int, int, int, const bool *)"
1830235,1832319,0,5776,5751,481689642.6,63430132.0,13828,6180315571,1255272174.2,563028.7,8356.0,4399,467236951,13286996.4,483166573.5,63505744.0,257,6179393139,1255752854.0,51313.7,37376.0,5664,265023,45396.5,cudaLaunchKernel,"void at::native::elementwise_kernel<(int)128, (int)2, void at::native::gpu_kernel_impl_nocast<at::native::BinaryFunctor<float, float, float, at::native::binary_internal::MulFunctor<float>>>(at::TensorIteratorBase &, const T1 &)::[lambda(int) (instance 1)]>(int, T3)"
1830235,1832319,0,504,504,480076393.7,30344682.5,91730,5849011017,1345005773.0,16000.4,10595.5,7815,464134,39706.8,479704997.2,30186598.0,20,5847895103,1344985955.0,355396.0,149761.0,79872,1093246,358271.1,cuLaunchKernel,void cutlass::Kernel2<cutlass_75_tensorop_f16_s1688gemm_f16_64x64_tn_align1>(T1::Params)
1830235,1832319,0,5222,5188,469293193.4,62840874.5,12119,6022994696,1241641272.0,45814.1,7745.0,4078,13085474,398465.5,472273277.3,63170755.0,94,6022859757,1245067196.3,49042.0,20672.0,3232,1398401,119968.4,cudaLaunchKernel,"void at::native::vectorized_elementwise_kernel<(int)4, at::native::float16_copy_kernel_cuda(at::TensorIteratorBase &)::[lambda(float) (instance 1)], std::array<char *, (unsigned long)2>>(int, T2, T3)"
1830235,1832319,0,792,789,461564040.3,38583339.0,26957,5656522156,1238060394.9,36218.0,10179.5,6352,12597694,449810.2,463058088.4,38698177.0,266,5656470846,1240017917.4,223742.5,209856.5,14720,561856,134564.3,cudaLaunchKernel,ampere_fp16_s16816gemm_fp16_128x128_ldg8_f2f_stages_32x5_tn
1830235,1832319,0,72,72,461456902.5,105064114.0,17842102,5101627703,1213837969.5,13448.1,10670.5,9879,191004,21254.6,461331397.0,104937543.0,17723929,5101328155,1213829674.1,112057.4,112480.0,106272,116448,2564.9,cuLaunchKernel,void cutlass::Kernel2<cutlass_80_tensorop_f16_s16816gemm_relu_f16_256x128_32x3_tn_align8>(T1::Params)
1830235,1832319,0,144,144,459353281.5,29510928.5,145091,5696298106,1345321988.0,20864.7,10925.5,7774,663845,71741.4,459225815.0,29387706.0,48292,5696153763,1345283169.6,106601.8,102544.5,80768,133889,21724.9,cuLaunchKernel,void cutlass::Kernel2<cutlass_75_tensorop_f16_s1688gemm_f16_128x128_nn_align1>(T1::Params)
1830235,1832319,0,72,71,455094134.1,1463050.5,176320,5668749081,1364585784.2,11093.0,9964.0,9278,49294,4794.7,461323488.0,1305612.0,841,5668572438,1373207371.2,166843.7,166080.5,164065,172929,2012.9,cuLaunchKernel,void cutlass::Kernel2<cutlass_80_tensorop_f16_s16816gemm_relu_f16_128x128_32x6_nn_align8>(T1::Params)
1830235,1832319,0,504,504,454847366.4,38087383.0,72434,5455736842,1214497809.2,56665.9,10605.0,5681,12613133,563991.4,454458023.1,38015528.0,1183,5454559042,1214364723.9,332677.5,61408.5,56224,1181723,396460.1,cuLaunchKernel,void cutlass::Kernel2<cutlass_80_tensorop_f16_s16816gemm_relu_f16_128x128_32x5_tn_align8>(T1::Params)
1830235,1832319,0,648,642,454216692.1,62557866.5,433971,5457234140,1213088837.0,229014.0,10641.0,5661,51272787,2857042.7,456919783.3,61821858.0,230,5453653381,1217181371.5,1298648.3,768434.0,422562,3666513,1036252.7,cudaLaunchKernel,ampere_fp16_s16816gemm_fp16_128x256_ldg8_f2f_stages_64x3_tn
1830235,1832319,0,72,68,454085126.7,1372433.0,144512,5656816359,1362147139.9,12470.3,11862.5,11091,23514,1948.8,480641272.5,1242724.5,445,5656660212,1397564997.5,133749.5,133456.5,131905,136961,1151.0,cudaLaunchKernelExC,sm80_xmma_gemm_f16f16_f16f32_f32_nn_n_tilesize160x128x32_stage4_warpsize2x2x1_tensor16x8x16_execute_kernel__5x_cublas
1830235,1839482,0,18432,18428,451629151.4,4170140.5,14293,1608292463,551836096.1,146498.2,10880.0,6312,7961580,236808.5,451576130.7,10007082.0,219,1608276273,551749179.3,4521.3,4320.0,3872,6144,593.4,cudaLaunchKernel,"void at::native::elementwise_kernel<(int)128, (int)4, void at::native::gpu_kernel_impl_nocast<at::native::direct_copy_kernel_cuda(at::TensorIteratorBase &)::[lambda() (instance 3)]::operator ()() const::[lambda() (instance 10)]::operator ()() const::[lambda(c10::Half) (instance 1)]>(at::TensorIteratorBase &, const T1 &)::[lambda(int) (instance 1)]>(int, T3)"
1830235,1832319,0,216,215,449450685.0,12199698.5,75377,5685778633,1296801152.5,13211.8,11402.0,10701,216593,14522.0,451415443.0,12351293.0,801,5685557340,1299459218.2,111917.3,63136.0,58017,215041,70805.6,cudaLaunchKernelExC,sm80_xmma_gemm_f16f16_f16f32_f32_nn_n_tilesize96x128x32_stage4_warpsize2x2x1_tensor16x8x16_execute_kernel__5x_cublas
1830235,1832319,0,72,72,448274943.5,92250243.0,13845668,5090301329,1215182941.4,34320.5,10905.5,10079,1284478,152610.1,448128698.8,92127024.0,13723626,5090183347,1215181086.1,111924.2,112608.5,104160,115777,3012.5,cudaLaunchKernel,ampere_fp16_s16816gemm_fp16_256x128_ldg8_f2f_stages_32x3_tn
1830235,1832319,0,792,792,447722472.8,82429945.5,326184,5271236918,1208896905.4,125717.2,10490.0,5871,51022771,1881230.3,446761386.8,81992872.5,411,5257824130,1208552183.2,835368.8,668962.0,314273,1982046,477662.4,cudaLaunchKernel,ampere_fp16_s16816gemm_fp16_256x128_ldg8_f2f_stages_64x3_tn
1830235,1832319,0,1728,1728,444459047.3,64351511.5,105371,5460951538,1208003060.6,147707.9,9518.0,4558,51173668,1777621.0,444206023.2,64273793.0,29558,5460600521,1207769779.5,105316.1,76704.0,24352,348255,80978.9,cudaLaunchKernel,"void at::native::vectorized_elementwise_kernel<(int)4, at::native::BinaryFunctor<c10::Half, c10::Half, c10::Half, at::native::binary_internal::MulFunctor<float>>, std::array<char *, (unsigned long)3>>(int, T2, T3)"
1830235,1832319,0,2304,2293,443999915.5,62615794.0,12873,5456538079,1210944744.3,50554.8,8601.5,6913,12491382,418673.3,446040294.7,62764607.0,463,5456488855,1213377799.9,38603.7,23184.0,3616,164863,37686.0,cudaLaunchKernel,"void at::native::vectorized_elementwise_kernel<(int)4, void at::native::<unnamed>::pow_tensor_scalar_kernel_impl<float, float>(at::TensorIteratorBase &, T2)::[lambda(float) (instance 1)], std::array<char *, (unsigned long)2>>(int, T2, T3)"
1830235,1832319,0,2304,2296,443964256.1,62577131.5,14490,5456542168,1210869143.9,96015.4,7524.5,6272,11833578,487962.6,445381849.2,62728030.0,16,5456499094,1212658527.2,32863.2,26400.0,5824,121503,23900.4,cudaLaunchKernel,"void at::native::reduce_kernel<(int)512, (int)1, at::native::ReduceOp<float, at::native::MeanOps<float, float, float, float>, unsigned int, float, (int)4, (int)4>>(T3)"
1830235,1832319,0,576,576,443941100.9,62831353.5,286134,5453746234,1210938716.8,273931.3,9638.0,8085,50204292,3615112.9,443592233.0,62763369.0,253560,5453502519,1209913327.3,74936.6,55040.5,19904,235103,54002.9,cudaLaunchKernel,"void at::native::vectorized_elementwise_kernel<(int)4, at::native::<unnamed>::silu_kernel(at::TensorIteratorBase &)::[lambda() (instance 1)]::operator ()() const::[lambda() (instance 5)]::operator ()() const::[lambda(c10::Half) (instance 1)], std::array<char *, (unsigned long)2>>(int, T2, T3)"
1830235,1832319,0,2304,2289,443848837.8,62551066.0,10886,5456515137,1210833260.1,36691.6,7785.0,6372,12577877,372904.2,446717897.7,62863679.0,688,5456503523,1214202131.4,2574.6,2560.0,1888,3776,324.2,cudaLaunchKernel,"void at::native::vectorized_elementwise_kernel<(int)4, at::native::CUDAFunctorOnSelf_add<float>, std::array<char *, (unsigned long)2>>(int, T2, T3)"
1830235,1832319,0,2304,2291,443804008.5,62533281.0,9677,5456497111,1210773708.0,87140.2,6372.5,5050,3840869,355135.2,446232264.8,62787505.0,311,5456474694,1213728476.8,2413.3,2400.0,1888,3136,207.2,cudaLaunchKernel,"void at::native::vectorized_elementwise_kernel<(int)4, at::native::rsqrt_kernel_cuda(at::TensorIteratorBase &)::[lambda() (instance 2)]::operator ()() const::[lambda() (instance 2)]::operator ()() const::[lambda(float) (instance 1)], std::array<char *, (unsigned long)2>>(int, T2, T3)"
1830235,1832319,0,1152,1148,443432812.7,62482293.5,19059,5457355332,1210222802.0,39472.8,7274.0,5771,1112810,105010.2,444880875.3,62509989.0,121,5457278928,1212046455.8,57191.4,37696.0,10336,274814,55615.8,cudaLaunchKernel,"void at::native::<unnamed>::CatArrayBatchedCopy<at::native::<unnamed>::OpaqueType<(unsigned int)2>, unsigned int, (int)4, (int)64, (int)64>(T1 *, at::native::<unnamed>::CatArrInputTensorMetadata<T1, T2, T4, T5>, at::native::<unnamed>::TensorSizeStride<T2, (unsigned int)4>, int, T2)"
1830235,1832319,0,1728,1714,443416835.1,62499984.0,14379,5460699793,1210077318.6,39378.4,6844.0,5360,1356946,122613.7,446884923.5,62604844.0,239,5459097354,1214337208.2,113135.5,36848.0,6368,1662713,254784.0,cudaLaunchKernel,"void at::native::elementwise_kernel<(int)128, (int)4, void at::native::gpu_kernel_impl_nocast<at::native::CUDAFunctor_add<c10::Half>>(at::TensorIteratorBase &, const T1 &)::[lambda(int) (instance 1)]>(int, T3)"
1830235,1832319,0,144,144,439887708.5,9451086.0,67951,5682120722,1345422836.0,10235.6,10615.5,7855,21380,2128.7,439812558.0,9367475.0,1403,5682041737,1345423539.6,64914.9,63792.0,51872,76320,9577.0,cuLaunchKernel,void cutlass::Kernel2<cutlass_75_tensorop_f16_s1688gemm_f16_128x64_nn_align1>(T1::Params)
1830235,1832319,0,180,180,437111754.4,74455212.5,9485084,5097803197,1208293887.2,22072.5,7148.5,6032,1235143,106385.5,436960315.6,74274019.0,9388349,5097610595,1208292307.4,129366.2,121552.5,80416,194816,37174.0,cudaLaunchKernel,"void <unnamed>::softmax_warp_forward<c10::Half, float, float, (int)9, (bool)0, (bool)0, (int)32>(T2 *, const T1 *, int, int, int, const bool *, int, bool)"
1830235,1832319,0,72,65,432756177.0,45415.5,44307,5026218520,1290077087.5,11008.1,10214.0,9318,22203,2222.8,479311007.3,1355.0,329,5026166294,1350423203.6,33979.7,33952.0,33472,34849,292.1,cuLaunchKernel,void cutlass::Kernel2<cutlass_80_tensorop_f16_s16816gemm_relu_f16_256x64_32x4_nn_align8>(T1::Params)
1830235,1832319,0,72,72,426342957.1,69598037.5,10394431,5061693351,1212827062.9,72742.9,11762.0,10660,3688779,440136.0,426179249.1,69493994.0,10293005,5057918044,1212628277.2,90965.1,91488.5,85856,93504,1826.8,cudaLaunchKernelExC,sm80_xmma_gemm_f16f16_f16f32_f32_tn_n_tilesize192x128x32_stage3_warpsize4x2x1_tensor16x8x16_execute_kernel__5x_cublas
1830235,1832319,0,288,279,417454116.1,44312100.0,157957,5148701237,1207917126.1,13277.7,9639.0,8336,365186,28677.5,430759626.3,53270472.0,180,5148535398,1224931718.2,142498.3,152881.0,93280,170465,26514.2,cuLaunchKernel,void cutlass::Kernel2<cutlass_80_tensorop_f16_s16816gemm_relu_f16_128x128_32x4_tn_align8>(T1::Params)
1830235,1839482,0,60304,60290,415865922.0,268339066.0,16991,1625215702,443462536.3,211140.3,9368.0,5130,23753050,588271.0,415747523.1,267979543.5,785,1625199574,443218069.5,3778.0,3808.0,2048,72289,1280.0,cudaLaunchKernel,"void at::native::elementwise_kernel<(int)128, (int)2, void at::native::gpu_kernel_impl_nocast<at::native::AUnaryFunctor<long, long, long, at::native::BitwiseAndFunctor<long>>>(at::TensorIteratorBase &, const T1 &)::[lambda(int) (instance 1)]>(int, T3)"
1830235,1832319,0,72,72,414206443.8,56638363.0,9765507,5051019083,1212588392.3,14802.5,12063.5,11302,131400,15004.4,414109042.5,56539873.5,9667389,5050809634,1212582742.2,82598.8,82752.0,77312,86336,2144.4,cudaLaunchKernelExC,sm80_xmma_gemm_f16f16_f16f32_f32_tn_n_tilesize160x128x32_stage4_warpsize2x2x1_tensor16x8x16_execute_kernel__5x_cublas
1830235,1839482,0,120720,119284,411451305.2,265275971.0,9489,1625156973,441615795.3,101347.0,7955.0,4187,44716254,465307.9,416298437.5,266398562.5,2,1625144027,441838697.0,3537.5,3744.0,2080,211648,2657.7,cudaLaunchKernel,"<unnamed>::qvq_half2_codebook_norm_pack_kernel(const __half *, unsigned long *, int)"
1830235,1839482,0,60360,59838,409215031.2,264044700.0,12288,1625651054,438842312.8,42918.3,12213.0,5440,5939728,160003.6,412738404.9,264696766.5,16,1624739424,439000836.8,3137.0,2848.0,1952,159649,1000.4,cudaLaunchKernel,"void at::native::roll_cuda_kernel<float>(const T1 *, T1 *, long, long, long, long, long, long)"
1830235,1839482,0,56516,56284,386761083.2,265112705.0,12468,1608265709,391229391.3,462719.8,9629.0,5110,18867802,758191.2,387886149.1,265365512.5,8,1606136869,390736280.0,4514.8,4256.0,2976,223937,5424.8,cudaLaunchKernel,"void at::native::unrolled_elementwise_kernel<at::native::direct_copy_kernel_cuda(at::TensorIteratorBase &)::[lambda() (instance 3)]::operator ()() const::[lambda() (instance 7)]::operator ()() const::[lambda(float) (instance 1)], std::array<char *, (unsigned long)2>, (int)4, TrivialOffsetCalculator<(int)1, unsigned int>, TrivialOffsetCalculator<(int)1, unsigned int>, at::native::memory::LoadWithCast<(int)1>, at::native::memory::StoreWithCast<(int)1>>(int, T1, T2, T4, T5, T6, T7)"
1830235,1832319,0,216,214,380893069.2,7281520.0,34444,5037439714,1207223612.7,7489.4,6933.5,6032,19357,1777.4,384402794.2,7326994.5,151,5037360389,1212310913.1,42077.2,41808.5,25408,63488,12571.3,cudaLaunchKernel,"void <unnamed>::softmax_warp_forward<c10::Half, float, float, (int)8, (bool)0, (bool)0, (int)32>(T2 *, const T1 *, int, int, int, const bool *, int, bool)"
1830235,1832319,0,144,136,368520225.2,63218.0,59898,5033380674,1205958141.6,12909.1,12153.0,11061,69984,5024.5,390131484.0,1102.5,14,5033310244,1237737749.8,49886.0,49936.0,47840,53025,1172.3,cudaLaunchKernelExC,sm80_xmma_gemm_f16f16_f16f32_f32_tn_n_tilesize96x128x32_stage4_warpsize2x2x1_tensor16x8x16_execute_kernel__5x_cublas
1830235,1832319,0,72,67,367344393.4,125075.0,122627,5010864165,1206461705.1,12320.7,11602.0,10440,22984,2299.3,394624391.6,1205.0,365,5010726813,1246930796.9,112377.8,112225.0,110496,117248,1253.9,cudaLaunchKernel,ampere_fp16_s16816gemm_fp16_256x64_ldg8_f2f_stages_64x3_tn
1830235,1832319,0,72,66,367309270.8,46953.0,44918,5010495793,1206548601.3,12105.5,11377.0,10480,19467,1808.1,400650417.8,1218.0,435,5010442754,1255608599.3,34370.4,34160.0,32705,36928,1073.5,cudaLaunchKernel,ampere_fp16_s16816gemm_fp16_128x64_ldg8_f2f_stages_64x4_tn
1830235,1832319,0,36,35,366976691.0,24973.0,24309,4994629209,1214124468.3,7975.4,6853.0,6292,22272,3041.9,377437003.6,2120.0,281,4994597588,1230194169.0,16104.1,16064.0,15744,16576,185.4,cudaLaunchKernel,"void <unnamed>::softmax_warp_forward<c10::Half, float, float, (int)7, (bool)0, (bool)0, (int)32>(T2 *, const T1 *, int, int, int, const bool *, int, bool)"
1830235,1839482,0,37832,37404,354783113.9,275088662.0,31333,969491731,274756215.0,639445.4,20474.0,5200,21093853,840866.2,358188766.3,275087133.0,20558,967471167,272926383.3,7227.0,7104.0,3904,14593,437.1,cudaLaunchKernel,"void at::native::index_elementwise_kernel<(int)128, (int)4, void at::native::gpu_index_kernel<void at::native::index_put_kernel_impl<at::native::OpaqueType<(int)8>>(at::TensorIterator &, c10::ArrayRef<long>, c10::ArrayRef<long>)::[lambda(char *, const char *, long) (instance 1)]>(at::TensorIteratorBase &, c10::ArrayRef<long>, c10::ArrayRef<long>, const T1 &, bool)::[lambda(int) (instance 1)]>(long, T3)"
1830235,1839482,0,37832,37356,354166684.0,273408540.5,30115,977836001,275560653.6,23344.3,7133.0,5130,54472744,734669.3,355766829.9,272186876.0,2040,962682675,271635097.6,2852952.1,1318149.0,19136,15503648,3347822.1,cudaLaunchKernel,void cutlass::Kernel2<cutlass_80_simt_sgemm_grouped_128x128_8x4_align1>(T1::Params)
1830235,1839482,0,37832,37746,354142698.1,273400334.0,18186,977823976,275565393.0,9130.0,5711.0,4138,9055635,54230.1,354936431.4,273395974.0,779,977811966,275357096.6,3986.9,3840.0,2176,329345,4262.8,cudaLaunchKernel,"<unnamed>::qvq_yaqa_feedback_epilogue_kernel(const float *, const float *, const float *, const float *, const float *, float *, int, int, int, int, int)"
1830235,1839482,0,37832,37382,353886735.3,273235044.5,11195,977539263,275518071.2,440122.4,20529.0,4599,44127973,847487.7,357698995.8,272496563.5,1378,976854707,273908616.1,2363.1,2336.0,1728,72416,828.4,cudaLaunchKernel,"void at::native::vectorized_elementwise_kernel<(int)4, at::native::bitwise_not_kernel_cuda(at::TensorIteratorBase &)::[lambda(bool) (instance 1)], std::array<char *, (unsigned long)2>>(int, T2, T3)"
1830235,1839482,0,37688,37429,352864471.3,272338933.0,29533,962943636,272597750.3,9538.6,6352.0,4238,3176443,23186.6,354451143.7,272008437.0,560,959939124,271134233.3,839715.1,497634.0,4000,3078060,934702.3,cudaLaunchKernel,"void gemmSN_NN_kernel<float, (int)128, (int)2, (int)4, (int)8, (int)4, (int)4, (bool)0, cublasGemvTensorBatched<const float>, cublasGemvTensorBatched<const float>, cublasGemvTensorBatched<float>>(cublasGemmSmallNParams<T9, T10, T11, T1>)"
1830235,1839482,0,75720,74725,352365158.6,272087666.5,9472,973671605,274219242.8,9725.0,6042.0,4178,7948475,51183.6,357044921.5,272096208.0,597,973656369,272986434.4,2295.9,2304.0,1696,65313,564.2,cudaLaunchKernel,"void at::native::vectorized_elementwise_kernel<(int)4, at::native::BinaryFunctor<bool, bool, bool, at::native::logical_or_kernel_cuda(at::TensorIterator &)::[lambda() (instance 2)]::operator ()() const::[lambda() (instance 9)]::operator ()() const::[lambda(bool, bool) (instance 1)]>, std::array<char *, (unsigned long)3>>(int, T2, T3)"
1830235,1839482,0,71657,71604,351561688.5,191795697.0,14988,1633819638,434064823.8,335879.8,9088.0,4719,39999115,915393.5,351474980.9,191983349.0,279,1629602551,433443200.5,10797.6,9376.0,4928,441858,5218.7,cudaLaunchKernel,"void at::native::index_elementwise_kernel<(int)128, (int)4, void at::native::gpu_index_kernel<void at::native::index_kernel_impl<at::native::OpaqueType<(int)2>>(at::TensorIteratorBase &, c10::ArrayRef<long>, c10::ArrayRef<long>)::[lambda(char *, const char *, long) (instance 1)]>(at::TensorIteratorBase &, c10::ArrayRef<long>, c10::ArrayRef<long>, const T1 &, bool)::[lambda(int) (instance 1)]>(long, T3)"
1830235,1839482,0,37832,37362,351382165.0,272205103.5,14879,962785290,272833333.4,18143.5,11893.0,8497,23152986,135864.3,355781895.5,272214793.5,617,962769676,271663809.5,2153.0,2176.0,1632,5024,138.3,cudaLaunchKernel,"<unnamed>::qvq_yaqa_grouped_pointers_kernel(const float *, const float *, float *, float **, float **, float **, int, int, int, int, int, int)"
1830235,1839482,0,37836,37372,351022453.0,272010924.5,42058,960403078,272115859.9,151084.3,16632.0,5520,7907998,200996.2,354429204.0,270872060.5,90,958738927,270177983.2,788823.9,400194.0,9632,19128487,1032037.4,cudaLaunchKernel,ampere_sgemm_128x128_nt
1830235,1839482,0,37832,37376,350841145.2,270894722.0,50847,961156871,272219089.7,596273.9,23570.0,8176,15963758,777732.5,354515964.7,270896386.5,9854,959247599,270389829.1,2012.4,2016.0,1632,5120,107.2,cudaLaunchKernel,"<unnamed>::qvq_yaqa_update_grouped_pointers_kernel(float *, float *, const float *, const float *, const float *, float **, float **, float **, int, int, int, int, int, int)"
1830235,1830235,0,36,36,344602377.8,455113380.0,6908524,460354612,152186560.5,52673.8,84636.0,9508,95713,40532.0,341151384.9,451621484.0,3548817,456843746,152137551.1,3398319.1,3404353.0,3337009,3441265,24723.2,cuLaunchKernel,void cutlass::Kernel2<cutlass_80_tensorop_f16_s16816gemm_relu_f16_128x256_32x6_tn_align8>(T1::Params)
1830235,1839482,0,56748,56035,302868324.7,233583573.5,33179,1388308043,244428649.4,1138832.2,715002.5,5390,1388308043,5952705.3,305561631.8,238524033.0,1606,969503100,243022355.3,7116.3,6976.0,3616,342049,1521.8,cudaLaunchKernel,"void at::native::index_elementwise_kernel<(int)128, (int)4, void at::native::gpu_index_kernel<void at::native::index_put_kernel_impl<at::native::OpaqueType<(int)4>>(at::TensorIterator &, c10::ArrayRef<long>, c10::ArrayRef<long>)::[lambda(char *, const char *, long) (instance 1)]>(at::TensorIteratorBase &, c10::ArrayRef<long>, c10::ArrayRef<long>, const T1 &, bool)::[lambda(int) (instance 1)]>(long, T3)"
1830235,1830235,0,51,50,238736632.2,256681177.0,1986547,458783707,202101792.2,126264.9,18204.0,6322,4396487,611185.7,238630123.1,264181542.5,735176,452524831,199620305.7,4659403.3,6060004.0,1210149,6239108,2249802.6,cudaLaunchKernel,"void at::native::<unnamed>::cunn_SoftMaxForwardSmem<(int)8, c10::Half, float, float, at::native::<unnamed>::SoftMaxForwardEpilogue, long>(T4 *, const T2 *, T6)"
1830235,1839482,0,252,252,225430407.1,19629440.0,1525381,1632189377,459541449.8,29744.9,10545.0,5471,501195,84710.7,225252915.3,19348143.5,1453993,1631909313,459468608.0,147746.8,87008.0,17760,275777,112616.1,cudaLaunchKernel,"void at::native::vectorized_elementwise_kernel<(int)4, at::native::BinaryFunctor<float, float, float, at::native::binary_internal::MulFunctor<float>>, std::array<char *, (unsigned long)3>>(int, T2, T3)"
1830235,1839482,0,28,28,219457635.7,116762447.5,38517486,406963718,160473647.1,31214.8,24101.0,14027,115410,19418.8,219422932.9,116729903.5,38398556,406937383,160473226.5,3488.0,3536.0,3072,3904,182.9,cudaLaunchKernel,"void at::native::<unnamed>::CatArrayBatchedCopy_contig<at::native::<unnamed>::OpaqueType<(unsigned int)1>, unsigned int, (int)1, (int)128, (int)1>(T1 *, at::native::<unnamed>::CatArrInputTensorMetadata<T1, T2, T4, T5>, at::native::<unnamed>::TensorSizeStride<T2, (unsigned int)4>, int, T2)"
1830235,1839482,0,280,280,206604920.0,19690004.0,1106280,1632255105,439617581.7,16802.2,10790.5,6392,212345,17320.7,206520242.2,19570749.0,1040263,1632136652,439607930.2,67875.6,46976.0,7680,295713,56460.8,cudaLaunchKernel,"void at::native::reduce_kernel<(int)512, (int)1, at::native::ReduceOp<float, at::native::func_wrapper_t<float, at::native::sum_functor<float, float, float>::operator ()(at::TensorIterator &)::[lambda(float, float) (instance 1)]>, unsigned int, float, (int)4, (int)4>>(T3)"
1830235,1839482,0,232,229,200156197.6,19370429.5,1736891,1631938635,451301346.5,75510.9,11957.0,6993,1885292,327503.4,191441159.6,1839378.0,743,1611566929,451819355.1,11115073.2,6974426.0,427937,21285742,6729596.1,cudaLaunchKernel,ampere_sgemm_128x64_nn
1830235,1839482,0,158980,155109,196108991.3,12500.0,8620,1629583769,447047610.0,111601.6,6903.0,4308,21767827,537917.5,200881345.3,2149.0,0,1625664169,451176288.7,7336.7,3424.0,1856,1783943,49690.1,cudaLaunchKernel,"void at::native::elementwise_kernel<(int)128, (int)2, void at::native::gpu_kernel_impl_nocast<at::native::direct_copy_kernel_cuda(at::TensorIteratorBase &)::[lambda() (instance 3)]::operator ()() const::[lambda() (instance 7)]::operator ()() const::[lambda(float) (instance 1)]>(at::TensorIteratorBase &, const T1 &)::[lambda(int) (instance 1)]>(int, T3)"
1830235,1839482,0,18916,18595,195562725.3,189325113.0,37976,385972228,102646328.1,10128.9,7524.0,5841,1790351,20536.1,198920257.3,191072303.0,6624,385955104,100234485.6,8093.0,8224.0,4896,14656,533.2,cudaLaunchKernel,"void at::native::index_elementwise_kernel<(int)128, (int)4, void at::native::gpu_index_kernel<void at::native::index_kernel_impl<at::native::OpaqueType<(int)4>>(at::TensorIteratorBase &, c10::ArrayRef<long>, c10::ArrayRef<long>)::[lambda(char *, const char *, long) (instance 1)]>(at::TensorIteratorBase &, c10::ArrayRef<long>, c10::ArrayRef<long>, const T1 &, bool)::[lambda(int) (instance 1)]>(long, T3)"
1830235,1839482,0,18972,18864,195125532.0,189082124.5,15911,386101182,103032905.2,13067.4,9709.0,6702,4083702,46899.7,196227581.4,189698311.0,505,386089063,102265037.2,1938.2,1792.0,1472,95745,3138.3,cudaLaunchKernel,"void at::native::vectorized_elementwise_kernel<(int)2, at::native::FillFunctor<long>, std::array<char *, (unsigned long)1>>(int, T2, T3)"
1830235,1839482,0,112,111,162687818.7,104377518.5,131512,407077411,120279343.5,13418.4,9513.0,6953,51448,8644.9,163889774.9,104379929.0,12884583,406344476,119603121.1,248016.9,89216.0,8032,781315,305372.7,cudaLaunchKernel,"std::enable_if<!T7, void>::type internal::gemvx::kernel<int, int, float, float, float, float, (bool)0, (bool)1, (bool)1, (bool)0, (int)7, (bool)0, cublasGemvParamsEx<int, cublasGemvTensorStridedBatched<const float>, cublasGemvTensorStridedBatched<const float>, cublasGemvTensorStridedBatched<float>, float>>(T13)"
1830235,1839482,0,82944,80913,160850951.3,12419.5,9053,973728130,255227711.8,9899.5,6943.0,5300,5449593,31109.3,164876357.4,2266.0,0,973703678,257116490.6,1959.1,1952.0,1536,62816,463.4,cudaLaunchKernel,"void at::native::vectorized_elementwise_kernel<(int)4, void at::native::compare_scalar_kernel<float>(at::TensorIteratorBase &, at::native::<unnamed>::OpType, T1)::[lambda(float) (instance 1)], std::array<char *, (unsigned long)2>>(int, T2, T3)"
1830235,1839482,0,3344,3335,153874226.2,261682429.0,9315,269639447,126108663.8,16257.8,12033.0,4178,951183,30701.5,154192173.6,261704855.0,697,269526100,126039155.9,80791.3,67152.0,2528,249313,66805.8,cudaLaunchKernel,"void gemmSN_NN_kernel<float, (int)256, (int)4, (int)2, (int)8, (int)4, (int)4, (bool)0, cublasGemvTensorStridedBatched<const float>, cublasGemvTensorStridedBatched<const float>, cublasGemvTensorStridedBatched<float>>(cublasGemmSmallNParams<T9, T10, T11, T1>)"
1830235,1839482,0,168,159,148735852.8,56989949.0,1695502,1065895085,233582543.0,16887.9,11823.0,6743,131250,15525.1,124681181.4,3833020.0,115,1008105827,228482331.4,30717553.1,56625416.0,1658533,60763662,27744391.0,cudaLaunchKernel,ampere_sgemm_128x128_nn
1830235,1839482,0,28710,28293,132233307.7,92893521.0,10542,1611632986,130227792.6,8673.6,6192.0,4879,2152933,39419.1,134168630.0,94965823.0,3,1611348057,130177186.8,4775.7,2272.0,1568,284161,22164.6,cudaLaunchKernel,"void at::native::vectorized_elementwise_kernel<(int)4, at::native::CUDAFunctor_add<float>, std::array<char *, (unsigned long)3>>(int, T2, T3)"
1830235,1839482,0,211672,203581,126803061.6,15309.0,9250,1632189033,236419853.9,142359.0,10219.0,4499,64224576,528063.5,131692171.1,1845.0,0,1632168186,239397127.6,2417.5,2080.0,1568,574818,8714.3,cudaLaunchKernel,"void at::native::vectorized_elementwise_kernel<(int)4, at::native::AbsFunctor<float>, std::array<char *, (unsigned long)2>>(int, T2, T3)"
1830235,1839482,0,106256,103874,126741620.1,13042.0,8656,1632144073,236436786.3,12481.1,6292.0,4669,45629364,369832.5,129632766.3,2318.0,0,1632121728,238341856.6,2458.1,2080.0,1472,365281,7961.2,cudaLaunchKernel,"void at::native::vectorized_elementwise_kernel<(int)4, at::native::AUnaryFunctor<float, float, bool, at::native::<unnamed>::CompareEqFunctor<float>>, std::array<char *, (unsigned long)2>>(int, T2, T3)"
1830235,1839482,0,106284,104115,126696512.3,12248.0,7934,1632107129,236406451.0,7415.2,5100.0,4008,7198997,35396.8,129325849.8,2579.0,3,1632093494,238138834.8,2507.8,2112.0,1472,358818,8090.4,cudaLaunchKernel,"void at::native::vectorized_elementwise_kernel<(int)4, at::native::BinaryFunctor<float, float, bool, at::native::<unnamed>::CompareEqFunctor<float>>, std::array<char *, (unsigned long)3>>(int, T2, T3)"
1830235,1839482,0,105416,102681,126581854.2,20897.0,12323,973780987,235798241.8,9390.0,6923.0,4769,4713120,31089.2,129933709.7,2156.0,0,973750166,237995668.1,9962.0,11168.0,3328,88960,2893.9,cudaLaunchKernel,"void at::native::reduce_kernel<(int)512, (int)1, at::native::ReduceOp<float, at::native::func_wrapper_t<float, at::native::MaxNanFunctor<float>>, unsigned int, float, (int)4, (int)4>>(T3)"
1830235,1839482,0,60360,59319,123533536.4,83194579.5,1363584,386336342,122500825.3,6307.6,4759.0,3717,6743960,31948.0,122355178.0,84464959.0,2,382174392,122489201.3,3282355.7,4159214.0,1352196,7294172,1586472.3,cudaLaunchKernel,"void <unnamed>::qvq_viterbi_kernel<(int)4, (int)2, __half, unsigned char>(const float *, const T3 *, const float *, const long *, const float *, T4 *, long *, float *, int, int, int, bool, bool, bool)"
1830235,1830235,0,144,142,120254318.4,60655436.0,59098,450264064,148054812.0,17932.3,11191.0,10250,942817,77622.8,121625684.8,61978291.5,184,449344531,148116329.8,299963.8,127024.0,45632,917852,343080.1,cuLaunchKernel,void cutlass::Kernel2<cutlass_80_tensorop_f16_s16816gemm_relu_f16_64x256_32x4_tn_align8>(T1::Params)
1830235,1839482,0,56,53,112240067.1,59966034.5,55923931,366360613,97764022.6,16348.1,13030.0,9948,30357,6335.4,90908397.8,58285718.0,3952,306388875,81731435.1,26185494.0,1697829.0,1692741,60085878,28542417.0,cudaLaunchKernel,ampere_sgemm_64x32_sliced1x4_nt
1830235,1839482,0,56,56,82782538.5,76466985.0,1096659,214472166,69088227.5,18183.1,13565.5,6482,93498,17189.5,82761967.9,76444431.0,1011855,214456086,69093379.9,2387.4,2048.0,1760,4416,557.6,cudaLaunchKernel,"void at::native::unrolled_elementwise_kernel<at::native::AUnaryFunctor<long, long, long, at::native::BitwiseAndFunctor<long>>, std::array<char *, (unsigned long)2>, (int)4, TrivialOffsetCalculator<(int)1, unsigned int>, TrivialOffsetCalculator<(int)1, unsigned int>, at::native::memory::LoadWithoutCast, at::native::memory::StoreWithoutCast>(int, T1, T2, T4, T5, T6, T7)"
1830235,1839482,0,173901,169666,77433092.7,9741.0,8086,1632071698,194854927.6,7107.4,5040.0,4097,9477859,45148.9,79356299.9,2385.0,1,1632057198,196880351.7,2281.0,2176.0,1504,241569,3945.2,cudaLaunchKernel,"void at::native::vectorized_elementwise_kernel<(int)4, at::native::BinaryFunctor<bool, bool, bool, at::native::binary_internal::MulFunctor<bool>>, std::array<char *, (unsigned long)3>>(int, T2, T3)"
1830235,1839482,0,8,8,76072668.4,76089619.5,75961180,76143528,62598.1,18530.4,12789.5,11532,46949,12043.7,18937731.3,18959826.0,18826205,19009370,66580.8,57116406.8,57115896.0,57106478,57128581,7661.4,cudaLaunchKernel,ampere_sgemm_128x128_tn
1830235,1839482,0,207474,202129,64976578.6,17654.0,9122,977576544,180173287.3,8622.3,6683.0,4479,33763995,80653.9,66677764.8,2127.0,0,977547708,182222610.5,8047.8,7168.0,2496,146721,4010.9,cudaLaunchKernel,"void at::native::reduce_kernel<(int)512, (int)1, at::native::ReduceOp<bool, at::native::func_wrapper_t<bool, at::native::and_kernel_cuda(at::TensorIterator &)::[lambda() (instance 1)]::operator ()() const::[lambda() (instance 12)]::operator ()() const::[lambda(bool, bool) (instance 1)]>, unsigned int, bool, (int)4, (int)4>>(T3)"
1830235,1839482,0,32,32,59473896.3,59940946.0,56260063,63528524,2163937.8,10959.7,9393.0,7244,25800,3876.8,58987900.2,59456390.0,55758741,63043228,2167741.9,475036.4,476257.0,464258,477985,3755.7,cudaLaunchKernel,ampere_sgemm_32x128_nn
1830235,1839482,0,48,41,57973297.2,71877958.5,6459226,110649509,42118643.2,15785.9,12343.5,9558,35859,6712.8,60266018.1,77339961.0,267,104191705,39317068.8,6480894.4,6448535.5,6429493,6826328,81806.5,cuLaunchKernel,void cutlass::Kernel2<cutlass_80_simt_sgemm_64x128_8x5_nt_align1>(T1::Params)
1830235,1830235,0,72,72,55432809.5,53086563.5,164485,114985964,36058118.6,15877.8,11707.0,10380,71436,14487.3,55307755.1,52964893.0,29559,114778879,36040941.1,109176.7,104832.0,81120,136000,23121.7,cuLaunchKernel,void cutlass::Kernel2<cutlass_80_tensorop_f16_s16816gemm_f16_128x128_32x4_nn_align2>(T1::Params)
1830235,1830235,0,144,144,53647034.8,50035435.0,115866,114784240,35709781.9,11455.1,10856.0,8445,98337,7558.4,53152879.5,49161748.5,811,114655415,35847890.3,482700.2,441329.0,104224,907650,371140.1,cudaLaunchKernel,ampere_fp16_s16816gemm_fp16_256x128_ldg8_f2f_stages_32x3_tn
1830235,1830235,0,366,351,48467505.3,171965.5,21790,460122508,112215761.8,13017.5,12238.0,9909,151769,7571.4,50421775.1,142769.0,46,459530938,113994288.4,99246.0,38512.0,10304,588542,163583.0,cudaLaunchKernel,ampere_fp16_s16816gemm_fp16_128x128_ldg8_f2f_stages_32x5_nn
1830235,1830235,0,1734,1692,44839129.3,777827.0,114381,457939065,92240058.9,36067.2,10620.0,6091,1105817,142714.4,45045971.5,350140.0,12,453124054,92139119.9,848243.6,430482.0,103264,27681186,1434777.9,cudaLaunchKernel,ampere_fp16_s16816gemm_fp16_128x256_ldg8_f2f_stages_64x3_tn
1830235,1830235,0,72,71,42756273.3,42312186.0,99944,87216938,26765170.9,12779.4,12288.5,11141,23104,2275.2,43252352.2,43412679.0,918,87110420,26460074.5,91887.3,93312.5,85472,94208,2734.3,cudaLaunchKernelExC,sm80_xmma_gemm_f16f16_f16f32_f32_tn_n_tilesize192x128x32_stage3_warpsize4x2x1_tensor16x8x16_execute_kernel__5x_cublas
1830235,1839482,0,56,55,37753915.2,13682799.5,226021,80589105,35318282.3,23723.4,14257.0,7895,226021,37652.9,38413698.1,13664821.0,1311710,80568923,35268014.3,2493.7,2464.0,2176,2784,148.7,cudaLaunchKernel,"void at::native::vectorized_elementwise_kernel<(int)4, at::native::FillFunctor<bool>, std::array<char *, (unsigned long)1>>(int, T2, T3)"
1830235,1839482,0,56,54,37514246.0,13504036.0,83849,80406091,35281043.9,19016.0,13967.0,7244,100181,17900.7,38881615.2,13513765.5,1796556,80376360,35166143.3,2326.3,2320.0,2080,2688,137.8,cudaLaunchKernel,"void at::native::vectorized_elementwise_kernel<(int)4, void at::native::compare_scalar_kernel<c10::Half>(at::TensorIteratorBase &, at::native::<unnamed>::OpType, T1)::[lambda(c10::Half) (instance 1)], std::array<char *, (unsigned long)2>>(int, T2, T3)"
1830235,1839482,0,144,128,36353435.7,12253322.5,30636,80441596,34748630.9,13043.1,5440.0,4328,202726,23242.2,40875772.4,54711485.0,2587393,80432669,34245848.3,6847.6,4864.5,3296,41473,5334.6,cudaLaunchKernel,"void gemmSN_NN_kernel<float, (int)256, (int)4, (int)2, (int)8, (int)4, (int)4, (bool)0, cublasGemvTensorBatched<const float>, cublasGemvTensorBatched<const float>, cublasGemvTensorBatched<float>>(cublasGemmSmallNParams<T9, T10, T11, T1>)"
1830235,1830235,0,356,332,34972547.0,952769.5,102380,173099137,55239336.7,14535.4,10094.0,8576,1089055,57399.3,37329986.1,1085298.0,7,172929172,56381027.2,144826.9,150849.0,92352,170209,23923.9,cuLaunchKernel,void cutlass::Kernel2<cutlass_80_tensorop_f16_s16816gemm_relu_f16_128x128_32x4_tn_align8>(T1::Params)
1830235,1830235,0,498,498,31742299.2,182648.5,61806,247335513,69613789.3,8103.5,6733.0,5500,60456,4711.0,31584022.4,106823.0,8265,246678149,69454507.9,150173.3,64912.0,41920,648671,178804.4,cudaLaunchKernel,"void <unnamed>::softmax_warp_forward<c10::Half, float, float, (int)10, (bool)0, (bool)0, (int)32>(T2 *, const T1 *, int, int, int, const bool *, int, bool)"
1830235,1830235,0,1881,1855,30707458.1,838165.0,126376,501595835,55937576.9,17468.7,10290.0,6041,675467,56481.2,30542945.3,585386.0,35,458669307,55731004.9,569244.2,325888.0,115328,42908383,1146346.3,cudaLaunchKernel,ampere_fp16_s16816gemm_fp16_256x128_ldg8_f2f_stages_64x3_tn
1830235,1839482,0,80,80,28710887.1,31394377.0,15178102,36971019,7800204.0,7270.7,4218.0,3687,84521,9710.0,24126243.0,27592724.0,5110795,36197008,11191772.2,4577373.4,3797519.0,768707,10056865,3399997.9,cudaLaunchKernel,ampere_sgemm_128x64_lower_nt
1830235,1830235,0,4,4,28056237.3,28057587.0,28016522,28093253,31812.1,15198.8,15534.5,12624,17102,1958.2,172366.5,178588.0,143120,189170,21236.6,27868672.0,27864138.0,27856300,27890112,14838.5,cuLaunchKernel,void cutlass::Kernel2<cutlass_80_simt_sgemm_128x32_8x5_nt_align1>(T1::Params)
1830235,1830235,0,1472,1472,28019940.5,338211.0,19068,457141793,72482249.3,12946.7,8186.0,6562,334266,22388.8,27959609.2,315654.0,509,456654466,72407929.2,47384.6,15776.0,3424,344670,67940.6,cudaLaunchKernel,"void at::native::vectorized_elementwise_kernel<(int)4, at::native::BinaryFunctor<c10::Half, c10::Half, c10::Half, at::native::binary_internal::MulFunctor<float>>, std::array<char *, (unsigned long)3>>(int, T2, T3)"
1830235,1830235,0,2944,2927,27819808.0,146500.5,11894,460339641,72588959.8,65315.6,8527.0,6412,3936551,377599.7,27899559.5,130676.0,142,460141513,72534062.8,16046.3,6592.0,2752,111423,21217.6,cudaLaunchKernel,"void at::native::vectorized_elementwise_kernel<(int)4, at::native::CUDAFunctor_add<c10::Half>, std::array<char *, (unsigned long)3>>(int, T2, T3)"
1830235,1830235,0,423,415,22243300.4,206489.0,53490,203049945,55474004.8,12854.5,11001.0,8557,543366,26003.1,22503972.6,121555.0,273,202516314,55793935.9,152102.7,76865.0,43137,527296,151301.0,cuLaunchKernel,void cutlass::Kernel2<cutlass_75_tensorop_f16_s1688gemm_f16_128x256_nn_align1>(T1::Params)
1830235,1839482,0,20,20,21235399.4,12893497.0,2044563,76257268,28617185.1,17169.6,14217.0,10460,29165,5852.0,14564637.1,6392194.5,1592437,56794378,21744109.5,6653592.7,6475542.5,440641,19435397,7111210.5,cudaLaunchKernel,ampere_sgemm_128x64_tn
1830235,1830235,0,3112,2993,20754199.4,73295.5,20660,461650718,68823357.8,15113.4,10220.0,6563,269343,26661.2,21440240.5,1124.0,2,461128526,69968181.9,118789.5,61696.0,10272,1108642,146255.2,cudaLaunchKernel,ampere_fp16_s16816gemm_fp16_128x128_ldg8_f2f_stages_32x5_tn
1830235,1830235,0,1984,1955,20452270.8,141710.0,15039,454411161,63114099.2,16718.4,9388.0,7324,8044558,181082.5,20708173.0,124312.0,16,454059426,63485332.2,30108.3,12864.0,3744,235871,41547.5,cudaLaunchKernel,"void at::native::vectorized_elementwise_kernel<(int)4, at::native::<unnamed>::silu_kernel(at::TensorIteratorBase &)::[lambda() (instance 1)]::operator ()() const::[lambda() (instance 5)]::operator ()() const::[lambda(c10::Half) (instance 1)], std::array<char *, (unsigned long)2>>(int, T2, T3)"
1830235,1839482,0,16,12,20199277.8,19598740.5,19104677,21367634,1027535.4,24491.7,19071.5,13726,97946,20263.3,1346104.5,2151965.5,282,2250774,1078794.6,19165650.1,19097584.5,19081382,19293382,100504.7,cuLaunchKernel,void cutlass::Kernel2<cutlass_80_simt_sgemm_128x32_8x5_nt_align1>(T1::Params)
1830235,1830235,0,8064,7874,19633539.8,19949.0,13082,460240634,61999299.5,29770.1,9147.0,6803,4794766,222984.0,20053895.9,1632.0,0,456473315,62542003.3,22424.2,8896.0,4192,182015,31664.6,cudaLaunchKernel,"void at::native::elementwise_kernel<(int)128, (int)4, void at::native::gpu_kernel_impl_nocast<at::native::direct_copy_kernel_cuda(at::TensorIteratorBase &)::[lambda() (instance 3)]::operator ()() const::[lambda() (instance 10)]::operator ()() const::[lambda(c10::Half) (instance 1)]>(at::TensorIteratorBase &, const T1 &)::[lambda(int) (instance 1)]>(int, T3)"
1830235,1830235,0,2174,2114,19181709.9,172365.5,29431,460846778,71461224.2,10675.8,10350.0,5730,112113,4058.7,19542661.7,1237.0,6,459653551,72207153.4,167803.8,156929.0,18496,1186875,221292.0,cuLaunchKernel,void cutlass::Kernel2<cutlass_80_tensorop_f16_s16816gemm_relu_f16_128x128_32x5_tn_align8>(T1::Params)
1830235,1839482,0,166,160,16143875.2,5446370.5,23961,37883818,14835675.2,6790.7,6122.0,3646,28405,3876.4,14530770.5,8388802.0,51,36964628,15243841.5,2131666.9,2270104.0,16416,3832685,918603.9,cudaLaunchKernel,"void kernel<getrf_wo_pivot_params_<float, (int)0, (int)256, (int)1, (int)64, (int)64, (int)68, (int)8, (int)1, (int)1>>(int, int, void *, int, void *, int, int, int, int, int, int *)"
1830235,1830235,0,2496,2461,15863064.0,19843.0,11437,450992925,56193785.5,10013.8,8897.0,7154,797851,20147.1,16042586.9,2615.0,12,450232412,56474499.5,35466.5,6512.0,2176,762333,100420.7,cudaLaunchKernel,"void at::native::vectorized_elementwise_kernel<(int)4, at::native::AUnaryFunctor<c10::Half, c10::Half, c10::Half, at::native::binary_internal::MulFunctor<float>>, std::array<char *, (unsigned long)2>>(int, T2, T3)"
1830235,1830235,0,4992,4911,15852942.7,20297.0,13421,459748503,56363615.8,18287.1,6552.0,5130,2102787,113527.5,16073488.9,2253.0,5,457815500,56701529.2,22021.0,11264.0,5696,277567,33689.1,cudaLaunchKernel,"void at::native::<unnamed>::CatArrayBatchedCopy<at::native::<unnamed>::OpaqueType<(unsigned int)2>, unsigned int, (int)4, (int)64, (int)64>(T1 *, at::native::<unnamed>::CatArrInputTensorMetadata<T1, T2, T4, T5>, at::native::<unnamed>::TensorSizeStride<T2, (unsigned int)4>, int, T2)"
1830235,1830235,0,4992,4903,15846705.8,14048.0,11491,460202785,56373877.3,14533.3,7274.0,5571,4015902,87798.3,16111735.6,1993.0,13,459411631,56805911.8,7714.0,4704.0,3520,82752,9694.9,cudaLaunchKernel,"void at::native::elementwise_kernel<(int)128, (int)4, void at::native::gpu_kernel_impl_nocast<at::native::neg_kernel_cuda(at::TensorIteratorBase &)::[lambda() (instance 2)]::operator ()() const::[lambda() (instance 8)]::operator ()() const::[lambda(c10::Half) (instance 1)]>(at::TensorIteratorBase &, const T1 &)::[lambda(int) (instance 1)]>(int, T3)"
1830235,1830235,0,7488,7385,15846699.1,16574.0,11081,452644234,56179781.0,11788.6,6072.0,4679,1115516,61013.3,16018492.1,2272.0,6,450960919,56434013.5,36788.4,8064.0,3840,1691896,133043.9,cudaLaunchKernel,"void at::native::elementwise_kernel<(int)128, (int)4, void at::native::gpu_kernel_impl_nocast<at::native::CUDAFunctor_add<c10::Half>>(at::TensorIteratorBase &, const T1 &)::[lambda(int) (instance 1)]>(int, T3)"
1830235,1830235,0,378,366,15479289.8,118372.5,113533,131622436,37418958.6,11605.8,11010.5,9418,29867,2022.0,15866279.1,1541.0,29,131495452,37919285.6,105112.3,103056.5,102208,116544,4605.8,cuLaunchKernel,void cutlass::Kernel2<cutlass_80_tensorop_f16_s16816gemm_relu_f16_256x128_32x3_tn_align8>(T1::Params)
1830235,1830235,0,21008,20687,15194460.3,15635.0,10895,461419430,55343529.0,20262.4,6312.0,4678,7457981,192225.8,15395355.5,2229.0,1,461250002,55643761.8,14109.6,6768.5,3680,188639,22098.2,cudaLaunchKernel,"void at::native::elementwise_kernel<(int)128, (int)4, void at::native::gpu_kernel_impl_nocast<at::native::BinaryFunctor<c10::Half, c10::Half, c10::Half, at::native::binary_internal::MulFunctor<float>>>(at::TensorIteratorBase &, const T1 &)::[lambda(int) (instance 1)]>(int, T3)"
1830235,1830235,0,11024,10856,14630613.3,13167.5,9868,461343594,54468606.4,23805.2,6712.0,5260,8419803,205760.1,14821121.4,2096.0,14,461135226,54760051.0,11578.9,4352.0,2176,164383,21987.2,cudaLaunchKernel,"void at::native::vectorized_elementwise_kernel<(int)4, void at::native::<unnamed>::pow_tensor_scalar_kernel_impl<float, float>(at::TensorIteratorBase &, T2)::[lambda(float) (instance 1)], std::array<char *, (unsigned long)2>>(int, T2, T3)"
1830235,1830235,0,11024,10842,14619168.2,22150.0,12123,461192995,54395547.2,8756.5,6973.0,5771,3112711,35470.1,14840885.6,1946.0,4,461125532,54803664.4,14577.4,12672.0,4129,121407,14961.8,cudaLaunchKernel,"void at::native::reduce_kernel<(int)512, (int)1, at::native::ReduceOp<float, at::native::MeanOps<float, float, float, float>, unsigned int, float, (int)4, (int)4>>(T3)"
1830235,1830235,0,11024,10846,14606315.5,11167.0,9505,461150689,54389072.6,10403.3,7043.0,5701,2881049,57810.0,14833257.0,2037.0,36,461140460,54794646.0,2181.6,2144.0,1472,3872,310.1,cudaLaunchKernel,"void at::native::vectorized_elementwise_kernel<(int)4, at::native::CUDAFunctorOnSelf_add<float>, std::array<char *, (unsigned long)2>>(int, T2, T3)"
1830235,1830235,0,11024,10845,14601176.1,14982.5,10590,461273640,54381987.4,8840.5,6151.0,4899,1609327,43814.2,14817120.1,2150.0,155,461075772,54771702.4,15833.8,6624.0,3360,189344,26189.0,cudaLaunchKernel,"void at::native::elementwise_kernel<(int)128, (int)2, void at::native::gpu_kernel_impl_nocast<at::native::BinaryFunctor<float, float, float, at::native::binary_internal::MulFunctor<float>>>(at::TensorIteratorBase &, const T1 &)::[lambda(int) (instance 1)]>(int, T3)"
1830235,1830235,0,11024,10856,14599728.4,10208.5,8643,461135684,54379199.2,8810.8,5836.0,4819,5760887,65842.4,14814522.3,2204.0,18,461127218,54761345.7,2177.7,2144.0,1600,3392,212.9,cudaLaunchKernel,"void at::native::vectorized_elementwise_kernel<(int)4, at::native::rsqrt_kernel_cuda(at::TensorIteratorBase &)::[lambda() (instance 2)]::operator ()() const::[lambda() (instance 2)]::operator ()() const::[lambda(float) (instance 1)], std::array<char *, (unsigned long)2>>(int, T2, T3)"
1830235,1830235,0,13808,13578,14564539.0,13150.0,9059,461357987,54350352.2,9489.2,7073.0,4929,960180,27825.9,14784147.6,1954.0,31,461165852,54732199.1,17186.5,4096.0,1920,1135867,68367.5,cudaLaunchKernel,"void at::native::vectorized_elementwise_kernel<(int)4, at::native::float16_copy_kernel_cuda(at::TensorIteratorBase &)::[lambda(float) (instance 1)], std::array<char *, (unsigned long)2>>(int, T2, T3)"
1830235,1830235,0,16,16,14438763.7,12559752.5,3467239,34173169,8527062.4,13710.6,11191.0,7415,52020,10690.9,11070116.7,8803345.0,2655725,27003302,6954247.2,3354936.4,2605846.0,800964,8820089,2270858.5,cudaLaunchKernel,"void at::native::<unnamed>::cunn_SoftMaxForward<(int)4, float, float, float, at::native::<unnamed>::LogSoftMaxForwardEpilogue>(T4 *, const T2 *, int)"
1830235,1830235,0,20,20,14277721.0,14497519.0,12514993,15055467,953087.0,10121.7,10270.0,8556,11562,986.5,4040.6,1601.5,130,16001,4706.5,14263558.8,14481783.0,12503857,15039316,952908.7,cudaLaunchKernel,ampere_sgemm_128x128_nt
1830235,1830235,0,16,15,14167748.6,11374033.0,3393079,34085386,8560344.4,701685.3,14838.5,6833,11013936,2749937.2,14358941.9,11708582.0,3374330,34066194,8817618.3,4578.0,4624.0,3840,5024,318.6,cudaLaunchKernel,"void at::native::<unnamed>::nll_loss_forward_no_reduce_cuda_kernel<float, long>(long, torch::headeronly::detail::GenericPackedTensorAccessor<torch::headeronly::detail::TensorAccessor<c10::ArrayRef<long>, T1, (unsigned long)1, torch::headeronly::DefaultPtrTraits, long>, at::detail::IndexBoundsCheck<(unsigned long)2, long>, T1, (unsigned long)2, torch::headeronly::DefaultPtrTraits, long>, const T2 *, T1 *, const T1 *, long, long)"
1830235,1830235,0,738,694,14125347.0,36329.5,23377,245778997,45957216.6,10976.2,10550.0,8716,36770,2119.8,14925652.9,1151.0,42,245051990,47113186.3,78665.9,24992.0,12864,737086,153549.3,cuLaunchKernel,void cutlass::Kernel2<cutlass_80_tensorop_f16_s16816gemm_f16_256x128_32x3_tn_align2>(T1::Params)
1830235,1830235,0,16,16,13413037.2,10975880.5,34839,34007490,9231930.5,10138.7,8000.0,6583,32382,6120.7,13400944.5,10965446.5,665,33995250,9233672.2,1954.0,1968.0,1760,2176,142.9,cudaLaunchKernel,"void at::native::vectorized_elementwise_kernel<(int)4, at::native::AbsFunctor<float>, std::array<char *, (unsigned long)2>>(int, T2, T3)"
1830235,1830235,0,16,16,13380329.4,10943903.0,29793,33970378,9227006.8,8745.9,8095.5,5531,26540,5051.7,13369825.6,10934607.5,1589,33960730,9228199.2,1758.0,1760.0,1536,1888,100.8,cudaLaunchKernel,"void at::native::vectorized_elementwise_kernel<(int)4, at::native::BinaryFunctor<float, float, bool, at::native::<unnamed>::CompareEqFunctor<float>>, std::array<char *, (unsigned long)3>>(int, T2, T3)"
1830235,1830235,0,855,840,11746923.9,28150.0,20657,131555987,28717466.5,7430.9,6622.0,5530,83940,4623.2,11905767.2,2236.5,240,131354583,28886790.2,42635.3,19296.0,13024,195264,49305.9,cudaLaunchKernel,"void <unnamed>::softmax_warp_forward<c10::Half, float, float, (int)9, (bool)0, (bool)0, (int)32>(T2 *, const T1 *, int, int, int, const bool *, int, bool)"
1830235,1832319,0,4,4,11040486.8,10710805.5,8010118,14730218,2946473.3,8351.0,8366.0,7154,9518,993.9,11027831.8,10697336.5,7999316,14717338,2946184.3,4304.0,4128.0,3648,5312,713.4,cudaLaunchKernel,"void at_cuda_detail::cub::detail::reduce::DeviceReduceKernel<at_cuda_detail::cub::detail::reduce::policy_hub<int, unsigned long long, cuda::std::__4::plus<void>>::Policy1000, thrust::_V_300200_SM_750_800_860_900_1000_1200::transform_iterator<at::native::<unnamed>::NonZeroOp<bool>, const bool *, thrust::_V_300200_SM_750_800_860_900_1000_1200::use_default, thrust::_V_300200_SM_750_800_860_900_1000_1200::use_default>, unsigned long long, cuda::std::__4::plus<void>, int, cuda::std::__4::identity>(T2, T5 *, T3, at_cuda_detail::cub::GridEvenShare<T3>, T4, T6)"
1830235,1832319,0,4,4,11031373.0,10701358.0,8002026,14720750,2946337.4,6276.8,6372.0,5731,6632,423.9,11022576.3,10692234.0,7993639,14712198,2946369.3,2520.0,2528.0,2368,2656,157.6,cudaLaunchKernel,"void at_cuda_detail::cub::detail::reduce::DeviceReduceSingleTileKernel<at_cuda_detail::cub::detail::reduce::policy_hub<int, unsigned long long, cuda::std::__4::plus<void>>::Policy1000, int *, int *, int, cuda::std::__4::plus<void>, int, int, cuda::std::__4::identity>(T2, T3, T4, T5, T6, T8)"
1830235,1830235,0,212,175,10947267.4,277387.5,88710,66244429,19021418.3,13964.8,12759.5,11071,29165,3439.1,13115619.8,873345.0,1,66145696,20226995.3,106929.4,87504.0,76064,136257,26505.2,cudaLaunchKernelExC,sm80_xmma_gemm_f16f16_f16f32_f32_tn_n_tilesize160x128x32_stage4_warpsize2x2x1_tensor16x8x16_execute_kernel__5x_cublas
1830235,1830235,0,14796,14211,10935319.7,21152.0,12729,461448986,47444885.2,14214.5,10409.5,4027,2055467,49401.2,11350323.7,1296.0,0,461285023,48330184.6,19607.9,7936.0,1920,2430018,86345.7,cudaLaunchKernel,"void at::native::unrolled_elementwise_kernel<at::native::direct_copy_kernel_cuda(at::TensorIteratorBase &)::[lambda() (instance 3)]::operator ()() const::[lambda() (instance 7)]::operator ()() const::[lambda(float) (instance 1)], std::array<char *, (unsigned long)2>, (int)4, TrivialOffsetCalculator<(int)1, unsigned int>, TrivialOffsetCalculator<(int)1, unsigned int>, at::native::memory::LoadWithCast<(int)1>, at::native::memory::StoreWithCast<(int)1>>(int, T1, T2, T4, T5, T6, T7)"
1830235,1830235,0,1107,1059,10685888.0,73792.0,28842,201417754,36047737.8,11544.1,10370.0,8436,320541,13039.6,11011950.7,1265.0,28,200323242,36592123.0,139969.0,62528.0,18464,1095647,221836.3,cuLaunchKernel,void cutlass::Kernel2<cutlass_75_tensorop_f16_s1688gemm_f16_64x64_tn_align1>(T1::Params)
1830235,1830235,0,666,645,9833496.5,33600.0,24618,247986254,45176645.4,10985.3,10334.5,8837,46299,2955.5,10092759.2,1312.0,25,247564527,45791804.4,48097.3,22081.0,14336,420383,88618.7,cuLaunchKernel,void cutlass::Kernel2<cutlass_80_tensorop_f16_s16816gemm_f16_128x256_32x3_nn_align2>(T1::Params)
1830235,1830235,0,22,21,9773486.0,7533076.0,1071397,24082519,7065464.7,199494.6,12438.5,4378,4174414,887819.7,9374129.9,7315058.0,524098,23194207,7002057.4,626106.3,591073.0,241825,994048,196062.2,cudaLaunchKernel,"void at::native::reduce_kernel<(int)512, (int)1, at::native::ReduceOp<float, at::native::ArgMaxOps<float>, unsigned int, long, (int)4, (int)4>>(T3)"
1830235,1830235,0,32,32,9652145.0,7597682.5,12338,33985516,7891945.1,8158.3,6798.0,5320,28624,4462.0,9641508.7,7585839.0,1657,33976721,7892888.7,2478.0,2480.0,1696,3264,538.8,cudaLaunchKernel,"void at::native::vectorized_elementwise_kernel<(int)4, at::native::AUnaryFunctor<float, float, bool, at::native::<unnamed>::CompareEqFunctor<float>>, std::array<char *, (unsigned long)2>>(int, T2, T3)"
1830235,1830235,0,32,32,9475165.5,7068342.5,11758,33955931,7898280.5,8023.4,6422.5,4559,41569,6515.3,9137035.0,6567051.0,1881,33948941,8006014.8,330107.1,78208.5,1824,1721784,454254.4,cudaLaunchKernel,"void at::native::vectorized_elementwise_kernel<(int)4, at::native::BinaryFunctor<bool, bool, bool, at::native::binary_internal::MulFunctor<bool>>, std::array<char *, (unsigned long)3>>(int, T2, T3)"
1830235,1830235,0,38,38,9292940.8,7634349.5,18150,34039939,7516373.8,10464.9,8030.0,4329,79130,11825.4,8931604.3,6830596.0,1164,34025287,7621470.2,350871.6,383937.5,3776,962528,334203.8,cudaLaunchKernel,"void at::native::reduce_kernel<(int)512, (int)1, at::native::ReduceOp<float, at::native::func_wrapper_t<float, at::native::sum_functor<float, float, float>::operator ()(at::TensorIterator &)::[lambda(float, float) (instance 1)]>, unsigned int, float, (int)4, (int)4>>(T3)"
1830235,1830235,0,22,21,9270789.4,6959680.0,2126436,22340356,5874517.5,119443.0,9568.5,3897,2434298,517047.5,7788247.7,5635415.0,1545954,19816497,5461772.6,1717189.8,1633244.0,565314,2786466,572487.2,cudaLaunchKernel,"void at::native::vectorized_elementwise_kernel<(int)4, at::native::BinaryFunctor<float, float, float, at::native::binary_internal::DivFunctor<float>>, std::array<char *, (unsigned long)3>>(int, T2, T3)"
1830235,1839482,0,86,85,9211455.8,2549430.0,11200,39930971,14682654.2,29739.6,8831.5,4850,1430716,153184.1,8762333.8,2345409.0,2005,37859596,14009893.1,521300.4,200720.5,2272,2077095,733267.2,cudaLaunchKernel,"void at::native::triu_tril_kernel<float, int, (bool)0, (int)2, (bool)1>(at::cuda::detail::TensorInfo<T1, T2>, at::cuda::detail::TensorInfo<const T1, T2>, long, long, T2)"
1830235,1839482,0,108,106,7744371.7,5149734.5,15035,16628271,7040352.6,10895.2,9583.0,3928,42231,6309.7,6750032.9,3856824.5,128,14682683,6220863.5,1108481.5,1304901.0,5280,1944840,849977.3,cudaLaunchKernel,"void at::native::reduce_kernel<(int)512, (int)1, at::native::ReduceOp<long, at::native::func_wrapper_t<long, at::native::sum_functor<long, long, long>::operator ()(at::TensorIterator &)::[lambda(long, long) (instance 1)]>, unsigned int, long, (int)4, (int)4>>(T3)"
1830235,1830235,0,22,21,7069424.5,5372255.5,1523234,17333539,4820843.0,123837.3,10330.0,4077,2512056,533437.8,6344693.5,4737361.0,750177,16000584,4626072.3,889289.0,846881.0,261569,1454305,313210.1,cudaLaunchKernel,"void at::native::<unnamed>::distribution_elementwise_grid_stride_kernel<float, (int)4, void at::native::templates::cuda::uniform_and_transform<float, float, at::CUDAGeneratorImpl *, void at::native::templates::cuda::exponential_kernel<at::CUDAGeneratorImpl *>(at::TensorIteratorBase &, double, T1)::[lambda() (instance 1)]::operator ()() const::[lambda() (instance 2)]::operator ()() const::[lambda(float) (instance 1)]>(at::TensorIteratorBase &, T3, T4)::[lambda(curandStatePhilox4_32_10 *) (instance 2)], void at::native::<unnamed>::distribution_nullary_kernel<float, float, float4, at::CUDAGeneratorImpl *, void at::native::templates::cuda::uniform_and_transform<float, float, at::CUDAGeneratorImpl *, void at::native::templates::cuda::exponential_kernel<at::CUDAGeneratorImpl *>(at::TensorIteratorBase &, double, T1)::[lambda() (instance 1)]::operator ()() const::[lambda() (instance 2)]::operator ()() const::[lambda(float) (instance 1)]>(at::TensorIteratorBase &, T3, T4)::[lambda(curandStatePhilox4_32_10 *) (instance 2)], void at::native::templates::cuda::exponential_kernel<at::CUDAGeneratorImpl *>(at::TensorIteratorBase &, double, T1)::[lambda() (instance 1)]::operator ()() const::[lambda() (instance 2)]::operator ()() const::[lambda(float) (instance 1)]>(at::TensorIteratorBase &, T4, const T5 &, T6)::[lambda(int, float) (instance 1)]>(long, at::PhiloxCudaState, T3, T4)"
1830235,1830235,0,16,16,5868631.9,4555267.5,1368422,14742227,3694624.2,42428.9,7238.5,5731,563524,138968.4,5824045.0,4545175.0,1358272,14731306,3717259.2,2158.0,2160.0,1824,2368,173.3,cudaLaunchKernel,"void at::native::vectorized_elementwise_kernel<(int)4, at::native::bitwise_not_kernel_cuda(at::TensorIteratorBase &)::[lambda(bool) (instance 1)], std::array<char *, (unsigned long)2>>(int, T2, T3)"
1830235,1830235,0,22,21,5721503.4,4708475.0,1060349,13141757,3696611.0,382289.0,12083.0,4970,8171260,1739696.3,4956021.3,3774059.0,511314,12261685,3579177.2,608502.0,579119.0,209409,980513,197807.3,cudaLaunchKernel,"void at::native::reduce_kernel<(int)512, (int)1, at::native::ReduceOp<float, at::native::MinMaxOps<float, float, int>, unsigned int, float, (int)4, (int)4>>(T3)"
1830235,1839482,0,7184,7181,5653476.6,3940868.0,12775,407083842,24814598.7,7420.5,5760.0,4369,1808546,24880.9,5644335.6,3930623.0,462,407062322,24818148.1,4078.3,3424.0,2688,17025,1607.6,cudaLaunchKernelExC,"void cublasLt::splitKreduce_kernel<(int)32, (int)16, int, float, float, float, float, (bool)0, float, float, float, (bool)1, (bool)0, (bool)0, (bool)0>(cublasLt::cublasSplitKParams<T6>, const T4 *, const T10 *, T9 *, T5 *, const T6 *, const T6 *, const T11 *, const T4 *, T11 *, void *, long, T6 *, int *, T6 *, T6 *, const T6 *, const T6 *, const T6 *, const T6 *, const T6 *)"
1830235,1839482,0,40,38,5487204.6,2515232.0,10201,39814624,11592359.9,14314.9,11462.0,5941,81034,11743.8,5758277.2,2501237.0,85,39802001,11829717.9,2616.8,2752.0,1952,3072,335.0,cudaLaunchKernel,"void at::native::unrolled_elementwise_kernel<at::native::direct_copy_kernel_cuda(at::TensorIteratorBase &)::[lambda() (instance 3)]::operator ()() const::[lambda() (instance 11)]::operator ()() const::[lambda(bool) (instance 1)], std::array<char *, (unsigned long)2>, (int)4, TrivialOffsetCalculator<(int)1, unsigned int>, TrivialOffsetCalculator<(int)1, unsigned int>, at::native::memory::LoadWithCast<(int)1>, at::native::memory::StoreWithCast<(int)1>>(int, T1, T2, T4, T5, T6, T7)"
1830235,1830235,0,32,32,5487130.0,4299363.5,1265783,14735504,3496314.0,9094.4,7113.5,4298,42902,7263.6,5474230.6,4287258.0,1252817,14727306,3497316.6,3805.0,3808.0,3264,4128,208.2,cudaLaunchKernel,"void at::native::_assert_async_cuda_kernel<bool>(const T1 *, at::native::Msg)"
1830235,1830235,0,16,16,5295054.5,4143670.5,1223352,12788488,3460247.1,16124.4,14092.0,7524,50276,9777.6,1892339.9,1492842.5,400955,4277413,1188965.7,3386590.2,2632758.5,808611,8928920,2291342.0,cudaLaunchKernel,"void at::native::<unnamed>::cunn_SoftMaxForward<(int)4, float, float, float, at::native::<unnamed>::SoftMaxForwardEpilogue>(T4 *, const T2 *, int)"
1830235,1830235,0,32,32,5197443.0,4128294.0,1298384,13117750,3291099.2,8975.4,6973.5,4889,33744,5537.2,5185907.6,4116737.0,1290827,13104067,3291655.0,2560.0,2560.0,2176,2976,228.7,cudaLaunchKernel,"void at::native::vectorized_elementwise_kernel<(int)4, void at::native::compare_scalar_kernel<float>(at::TensorIteratorBase &, at::native::<unnamed>::OpType, T1)::[lambda(float) (instance 1)], std::array<char *, (unsigned long)2>>(int, T2, T3)"
1830235,1830235,0,16,16,5165572.3,4095937.0,1280995,13079508,3345364.2,10257.8,9227.5,5571,29477,5653.0,5153226.5,4082525.5,1270266,13067812,3346313.6,2088.0,2096.0,1792,2336,171.9,cudaLaunchKernel,"void at::native::vectorized_elementwise_kernel<(int)4, at::native::BinaryFunctor<bool, bool, bool, at::native::BitwiseAndFunctor<bool>>, std::array<char *, (unsigned long)3>>(int, T2, T3)"
1830235,1839482,0,3040,3035,4964442.6,3956509.0,51647,386742092,20065354.7,12298.7,10760.0,7464,845741,20764.1,4802608.4,3890975.0,705408,366258256,18702140.6,157436.9,51200.0,16288,20472916,1463885.4,cudaLaunchKernel,ampere_sgemm_128x32_sliced1x4_nn
1830235,1839482,0,136,119,4718014.9,892198.5,12550,12792185,5317630.4,10293.9,7890.0,3788,71597,7790.0,4542451.5,2759388.0,326,11215093,4712333.6,733413.5,273505.0,3680,1574725,691527.4,cudaLaunchKernel,"void at::native::elementwise_kernel<(int)128, (int)2, void at::native::gpu_kernel_impl_nocast<at::native::BinaryFunctor<long, long, long, at::native::lshift_kernel_cuda(at::TensorIteratorBase &)::[lambda() (instance 1)]::operator ()() const::[lambda() (instance 4)]::operator ()() const::[lambda(long, long) (instance 1)]>>(at::TensorIteratorBase &, const T1 &)::[lambda(int) (instance 1)]>(int, T3)"
1830235,1839482,0,280,240,4535844.1,142041.5,13306,77907916,15648243.6,11153.3,9844.0,5290,42872,5366.3,5062425.0,57236.5,29,76190344,16548787.0,185688.7,77952.0,3200,1803142,328078.6,cudaLaunchKernel,"void at::native::elementwise_kernel<(int)128, (int)2, void at::native::gpu_kernel_impl_nocast<at::native::BinaryFunctor<float, float, float, at::native::binary_internal::MulFunctor<float>>>(at::TensorIteratorBase &, const T1 &)::[lambda(int) (instance 1)]>(int, T3)"
1830235,1839482,0,366,317,4502723.9,45633.0,10511,80691998,15772299.7,16353.8,10736.0,5170,267369,23103.4,5109020.8,1951.0,17,80422264,16795199.7,61639.2,29744.5,1312,269505,85953.2,cudaLaunchKernel,"void at::native::vectorized_elementwise_kernel<(int)4, at::native::FillFunctor<float>, std::array<char *, (unsigned long)1>>(int, T2, T3)"
1830235,1830235,0,17,17,4301667.8,3507628.0,1019700,11028766,2675201.9,13481.6,12614.0,5651,36639,7051.3,3687710.1,2795439.0,854595,9642060,2374677.5,600476.1,524257.0,152641,1372989,333370.5,cudaLaunchKernel,"void at::native::vectorized_elementwise_kernel<(int)4, at::native::AUnaryFunctor<c10::Half, c10::Half, bool, at::native::<unnamed>::CompareEqFunctor<c10::Half>>, std::array<char *, (unsigned long)2>>(int, T2, T3)"
1830235,1839482,0,2108,2088,4245543.1,4112991.0,11383,60834068,2799556.5,10682.6,9398.0,6042,421744,12258.6,4271746.4,4100222.5,244,60810288,2781665.1,3663.8,3616.0,2880,6208,278.0,cudaLaunchKernel,"void at::native::<unnamed>::CatArrayBatchedCopy_vectorized<at::native::<unnamed>::OpaqueType<(unsigned int)2>, unsigned int, (int)1, (int)128, (int)1, (int)16, (int)8>(char *, at::native::<unnamed>::CatArrInputTensorMetadata<T1, T2, T4, T5>, at::native::<unnamed>::TensorSizeStride<T2, (unsigned int)4>, int, T2)"
1830235,1830235,0,447,422,4151479.9,41757.0,32699,66148646,11881702.9,10557.9,10059.0,8426,37441,2360.8,4341786.4,1431.0,2,66002719,12159285.1,42099.8,27904.0,21920,136608,31617.6,cuLaunchKernel,void cutlass::Kernel2<cutlass_75_tensorop_f16_s1688gemm_f16_128x128_nn_align1>(T1::Params)
1830235,1839482,0,11264,11259,4105877.8,4094336.0,11494,7207743,1723144.4,9218.8,7675.0,6061,1340855,23436.9,4095853.8,4084026.0,1797,7197626,1721568.1,2624.1,2592.0,2080,3296,342.1,cudaLaunchKernel,"void at::native::elementwise_kernel<(int)128, (int)2, void at::native::gpu_kernel_impl_nocast<at::native::BUnaryFunctor<long, long, long, at::native::rshift_kernel_cuda(at::TensorIteratorBase &)::[lambda() (instance 1)]::operator ()() const::[lambda() (instance 4)]::operator ()() const::[lambda(long, long) (instance 1)]>>(at::TensorIteratorBase &, const T1 &)::[lambda(int) (instance 1)]>(int, T3)"
1830235,1839482,0,2048,2048,4090828.1,4094738.5,3032069,4207765,43196.4,8288.5,7144.0,5140,602518,17818.9,4078864.4,4083465.0,2497015,4198402,52801.9,3675.2,3680.0,3488,4000,77.2,cudaLaunchKernel,"void at::native::<unnamed>::CatArrayBatchedCopy_vectorized<at::native::<unnamed>::OpaqueType<(unsigned int)8>, unsigned int, (int)1, (int)128, (int)1, (int)16, (int)2>(char *, at::native::<unnamed>::CatArrInputTensorMetadata<T1, T2, T4, T5>, at::native::<unnamed>::TensorSizeStride<T2, (unsigned int)4>, int, T2)"
1830235,1830235,0,17,16,4082435.2,3101628.0,906531,9702135,2628959.0,453679.2,14928.0,6894,7483850,1811638.8,3065816.4,2405437.5,703377,7999740,2059897.6,743314.9,648289.0,186081,1683740,414464.1,cudaLaunchKernel,"void at::native::vectorized_elementwise_kernel<(int)4, at::native::AbsFunctor<c10::Half>, std::array<char *, (unsigned long)2>>(int, T2, T3)"
1830235,1839482,0,11376,11342,4067053.0,4075617.0,9521,16784352,1794482.6,7914.9,6222.0,4859,1947050,30295.3,4068390.0,4067291.0,252,16575605,1784485.4,2920.9,1824.0,1632,205536,13510.0,cudaLaunchKernel,"void at::native::vectorized_elementwise_kernel<(int)4, at::native::BinaryFunctor<long, long, bool, at::native::<unnamed>::CompareEqFunctor<long>>, std::array<char *, (unsigned long)3>>(int, T2, T3)"
1830235,1839482,0,304,304,4034406.1,4065535.0,178632,4205504,265106.2,9837.6,6497.5,4619,888463,50634.7,3838752.9,3873145.0,1367,4006995,291475.1,185815.5,185936.0,169184,201889,8170.1,cudaLaunchKernel,"void sgemm_largek_lds64<(bool)0, (bool)0, (int)6, (int)3, (int)4, (int)5, (int)2, (int)64>(float *, const float *, const float *, int, int, int, int, int, int, const float *, const float *, float, float, int, int, int *, int *)"
1830235,1839482,0,308,307,3972829.1,3972143.0,2625172,4584598,135722.5,27156.9,11486.5,9188,4429921,251731.0,3860637.1,3887028.0,2477071,3979309,121574.8,97572.6,105552.0,20512,162369,58792.0,cudaLaunchKernel,ampere_sgemm_128x32_nn
1830235,1832319,0,16,15,3929045.4,2987990.5,836242,10560551,2808946.8,21568.5,19006.0,14728,53772,9431.5,511468.0,336798.0,1509,1540096,499864.7,3428152.6,2673462.5,816548,8966683,2310183.1,cudaLaunchKernel,"void at::native::<unnamed>::cunn_SoftMaxBackward<(int)4, float, float, float, at::native::<unnamed>::LogSoftMaxBackwardEpilogue>(T2 *, const T4 *, const T4 *, long)"
1830235,1830235,0,60,55,3870285.3,42883.5,14043,34098777,7693027.0,13744.9,12413.5,7714,43433,6034.7,4175124.6,1128.0,122,34085601,7963846.4,29395.3,2368.0,1312,249857,60775.5,cudaLaunchKernel,"void at::native::vectorized_elementwise_kernel<(int)4, at::native::FillFunctor<float>, std::array<char *, (unsigned long)1>>(int, T2, T3)"
1830235,1839482,0,304,303,3868399.8,3891979.5,139555,4022217,225975.3,19190.8,11923.0,9147,1806061,103269.7,3859572.8,3878470.0,1640357,4009551,145011.4,2339.6,2336.0,2240,2368,15.0,cudaLaunchKernel,"void scal_kernel<float, float, (int)1, (bool)1, (int)6, (int)5, (int)5, (int)3>(cublasTransposeParams<T2>, const T1 *, T1 *, const T2 *)"
1830235,1839482,0,168,157,3850948.2,324045.5,15663,61262405,10319217.1,17486.1,14803.5,5270,115409,15818.5,4097283.3,471628.0,817,61241754,10624477.0,4636.4,4736.0,3264,6272,577.8,cudaLaunchKernel,"void at::native::elementwise_kernel<(int)128, (int)2, void at::native::gpu_kernel_impl_nocast<at::native::CUDAFunctorOnSelf_add<float>>(at::TensorIteratorBase &, const T1 &)::[lambda(int) (instance 1)]>(int, T3)"
1830235,1830235,0,17,8,3765684.5,2972564.0,786494,9633767,2489606.8,19279.1,14248.0,7034,96053,20341.1,606656.8,1964.5,301,4841059,1710957.0,3461971.0,2956999.0,773315,8087758,2002368.2,cudaLaunchKernel,"void at::native::index_elementwise_kernel<(int)128, (int)4, void at::native::gpu_index_kernel<void at::native::index_kernel_impl<at::native::OpaqueType<(int)2>>(at::TensorIteratorBase &, c10::ArrayRef<long>, c10::ArrayRef<long>)::[lambda(char *, const char *, long) (instance 1)]>(at::TensorIteratorBase &, c10::ArrayRef<long>, c10::ArrayRef<long>, const T1 &, bool)::[lambda(int) (instance 1)]>(long, T3)"
1830235,1830235,0,192,171,3693116.0,24602.0,22040,28046549,6857222.4,11015.1,10630.0,8787,20900,1763.0,4098010.1,1390.0,60,27959314,7118154.6,32523.2,12320.0,11680,77664,26148.1,cuLaunchKernel,void cutlass::Kernel2<cutlass_75_tensorop_f16_s1688gemm_f16_128x64_nn_align1>(T1::Params)
1830235,1832319,0,16,15,3550276.3,1757005.5,473686,26719067,6293330.3,1316113.4,13766.0,7504,20866529,5213444.9,1917.2,2068.0,960,2610,508.7,2233264.4,1740228.5,457442,5866920,1540504.5,cudaLaunchKernel,"void <unnamed>::indexing_backward_kernel<c10::Half, (int)4>(const long *, const long *, const T1 *, T1 *, long, long, long, long, bool)"
1830235,1839482,0,56,55,3467828.5,2931477.0,11907,8044768,2581217.0,15606.5,13025.0,6973,66677,10321.3,3510322.7,2906781.0,931,8032338,2561267.8,4605.7,4720.0,3104,5504,664.1,cudaLaunchKernel,"void at::native::elementwise_kernel<(int)128, (int)2, void at::native::gpu_kernel_impl_nocast<at::native::AbsFunctor<float>>(at::TensorIteratorBase &, const T1 &)::[lambda(int) (instance 1)]>(int, T3)"
1830235,1832319,0,12,12,3443775.0,3075829.5,1052386,6582802,1695369.7,10030.8,10024.0,8827,11252,753.1,3429418.8,3060820.0,1039593,6568517,1695179.8,4325.3,4208.0,3616,5312,545.8,cudaLaunchKernel,"void at_cuda_detail::cub::detail::reduce::DeviceReduceSingleTileKernel<at_cuda_detail::cub::detail::reduce::policy_hub<int, unsigned long long, cuda::std::__4::plus<void>>::Policy1000, thrust::_V_300200_SM_750_800_860_900_1000_1200::transform_iterator<at::native::<unnamed>::NonZeroOp<bool>, const bool *, thrust::_V_300200_SM_750_800_860_900_1000_1200::use_default, thrust::_V_300200_SM_750_800_860_900_1000_1200::use_default>, int *, unsigned long long, cuda::std::__4::plus<void>, int, int, cuda::std::__4::identity>(T2, T3, T4, T5, T6, T8)"
1830235,1839482,0,9216,9211,3375615.1,3994878.0,13861,39417928,1227567.8,12559.4,6813.0,5340,39417928,411288.5,3359086.5,3981595.0,116,4123179,1167293.2,5793.9,5792.0,4672,7008,324.3,cudaLaunchKernel,"void at::native::unrolled_elementwise_kernel<at::native::CUDAFunctor_add<float>, std::array<char *, (unsigned long)3>, (int)4, TrivialOffsetCalculator<(int)2, unsigned int>, TrivialOffsetCalculator<(int)1, unsigned int>, at::native::memory::LoadWithCast<(int)2>, at::native::memory::StoreWithCast<(int)1>>(int, T1, T2, T4, T5, T6, T7)"
1830235,1839482,0,3312,3308,3334185.4,3974197.5,26281,4138171,1203502.2,11739.6,10430.0,8476,689554,15096.6,3241377.8,3873582.5,81,3987230,1162492.8,84985.4,97408.5,9312,176289,54589.1,cuLaunchKernel,void cutlass::Kernel2<cutlass_80_simt_sgemm_128x32_8x5_nn_align1>(T1::Params)
1830235,1830235,0,32,28,3083430.7,1729315.5,13143,14444155,3854136.6,138571.6,9834.0,7424,4092378,721492.6,3149424.3,2218601.0,0,13671754,3751181.7,189395.9,53216.0,3072,931516,250405.4,cudaLaunchKernel,"void at::native::reduce_kernel<(int)512, (int)1, at::native::ReduceOp<bool, at::native::func_wrapper_t<bool, at::native::and_kernel_cuda(at::TensorIterator &)::[lambda() (instance 1)]::operator ()() const::[lambda() (instance 12)]::operator ()() const::[lambda(bool, bool) (instance 1)]>, unsigned int, bool, (int)4, (int)4>>(T3)"
1830235,1830235,0,861,835,2354867.4,17380.0,13539,42004884,6906415.9,7125.8,6482.0,5651,82548,3278.6,2403711.3,2021.0,195,41946891,6988442.7,16695.9,8544.0,5856,65153,16286.6,cudaLaunchKernel,"void <unnamed>::softmax_warp_forward<c10::Half, float, float, (int)8, (bool)0, (bool)0, (int)32>(T2 *, const T1 *, int, int, int, const bool *, int, bool)"
1830235,1839482,0,170,169,2308807.4,2437988.0,9034,8455156,2670875.3,9840.3,7605.0,5460,41429,6357.9,2257625.3,2402681.0,111,8445630,2586747.8,54624.7,2320.0,1568,569026,143500.3,cudaLaunchKernel,"void at::native::vectorized_elementwise_kernel<(int)4, at::native::AUnaryFunctor<float, float, float, at::native::binary_internal::MulFunctor<float>>, std::array<char *, (unsigned long)2>>(int, T2, T3)"
1830235,1839482,0,136,126,2281635.5,430595.5,19959,6653299,2556308.6,9224.6,7584.5,3818,51849,5699.5,1662930.2,536245.5,33,5077431,1937432.8,731919.6,257776.5,11360,1572614,688089.7,cudaLaunchKernel,"void at::native::elementwise_kernel<(int)128, (int)2, void at::native::gpu_kernel_impl_nocast<at::native::BinaryFunctor<long, long, long, at::native::rshift_kernel_cuda(at::TensorIteratorBase &)::[lambda() (instance 1)]::operator ()() const::[lambda() (instance 4)]::operator ()() const::[lambda(long, long) (instance 1)]>>(at::TensorIteratorBase &, const T1 &)::[lambda(int) (instance 1)]>(int, T3)"
1830235,1839482,0,36,13,2152229.0,2077354.5,713378,3659237,1214131.3,24007.1,21130.0,9899,62920,13497.3,1461909.9,1583913.0,308,1593011,439225.2,1601904.4,2055479.5,689283,2060071,652018.6,cudaLaunchKernel,"void gemmSN_NN_kernel<float, (int)128, (int)2, (int)4, (int)8, (int)6, (int)4, (bool)0, cublasGemvTensorStridedBatched<const float>, cublasGemvTensorStridedBatched<const float>, cublasGemvTensorStridedBatched<float>>(cublasGemmSmallNParams<T9, T10, T11, T1>)"
1830235,1839482,0,252,243,1866458.6,1621314.5,9966,7683796,1847096.0,15251.9,12023.0,6321,87446,9662.2,1795012.2,1539742.0,30,7478262,1771220.9,120328.2,67456.5,1600,572162,158761.7,cudaLaunchKernel,"void at::native::vectorized_elementwise_kernel<(int)4, at::native::BUnaryFunctor<float, float, float, at::native::binary_internal::MulFunctor<float>>, std::array<char *, (unsigned long)2>>(int, T2, T3)"
1830235,1839482,0,56,56,1711955.6,899580.5,151937,3571846,1422015.7,13640.0,11211.5,5570,59784,9613.8,1695915.0,889782.0,119251,3556079,1421958.5,2400.6,2400.0,2336,2560,49.4,cudaLaunchKernel,"void at::native::vectorized_elementwise_kernel<(int)2, at::native::CUDAFunctorOnOther_add<long>, std::array<char *, (unsigned long)2>>(int, T2, T3)"
1830235,1839482,0,342,321,1574224.2,277340.0,9577,9709158,2946664.2,8626.7,6893.0,3747,68280,6053.4,1314419.9,135429.0,1,8158833,2490127.7,331982.4,66400.0,2176,1553190,536169.1,cudaLaunchKernel,"void at::native::vectorized_elementwise_kernel<(int)2, at::native::AUnaryFunctor<long, long, long, at::native::BitwiseAndFunctor<long>>, std::array<char *, (unsigned long)2>>(int, T2, T3)"
1830235,1839482,0,28,23,1445712.1,830484.0,86426,2803781,1201652.0,26955.7,21265.5,9368,79291,16392.7,1047653.1,1644228.0,56,1756505,728419.4,558962.1,341521.0,74720,1035044,425978.2,cudaLaunchKernel,"void at::native::<unnamed>::CatArrayBatchedCopy_alignedK_contig<at::native::<unnamed>::OpaqueType<(unsigned int)8>, unsigned int, (int)3, (int)128, (int)1, (int)16>(T1 *, at::native::<unnamed>::CatArrInputTensorMetadata<T1, T2, T4, T5>, at::native::<unnamed>::TensorSizeStride<T2, (unsigned int)4>, int, T2)"
1830235,1839482,0,112,102,1354893.7,925133.0,18622,3629534,1279314.9,13196.2,11772.5,3857,118236,11883.6,623221.5,31805.0,36,2267248,823553.1,774202.9,902003.0,5920,1384198,572014.7,cudaLaunchKernel,"void at::native::index_elementwise_kernel<(int)128, (int)4, void at::native::gpu_index_kernel<void at::native::index_kernel_impl<at::native::OpaqueType<(int)8>>(at::TensorIteratorBase &, c10::ArrayRef<long>, c10::ArrayRef<long>)::[lambda(char *, const char *, long) (instance 1)]>(at::TensorIteratorBase &, c10::ArrayRef<long>, c10::ArrayRef<long>, const T1 &, bool)::[lambda(int) (instance 1)]>(long, T3)"
1830235,1830235,0,3560,3451,1192515.7,578594.0,107818,11179270,1748932.1,9206.3,8355.0,6974,1105556,18646.0,1641.4,1693.0,12,8571,419.5,1181887.1,568610.0,98528,11166407,1748619.4,cudaLaunchKernel,ampere_sgemm_128x64_nt
1830235,1839482,0,556,554,1177295.2,1137324.5,22591,3936214,419101.2,11313.6,10434.5,9017,88719,4629.5,1156910.4,1114865.0,173,3907719,414332.0,13265.9,10368.5,7392,21440,4705.1,cudaLaunchKernel,ampere_sgemm_32x32_sliced1x4_nn
1830235,1839482,0,280,280,1126617.8,1137170.5,763209,1171632,45466.0,11517.0,10640.0,9338,24407,2588.0,1100393.9,1110950.0,734513,1143252,46163.0,14707.0,14784.0,8288,19968,2397.0,cudaLaunchKernel,ampere_sgemm_64x32_sliced1x4_nn
1830235,1839482,0,2,1,1123331.5,1123331.5,18040,2228623,1563118.2,1114037.5,1114037.5,5410,2222665,1567836.0,1846.0,1846.0,1846,1846,0.0,10112.0,10112.0,9440,10784,950.4,cudaLaunchKernel,"void steqr_ker<stedc_params_<float2, float, (int)8, (int)16, (int)128>, float, (int)0>(long, T1::data_type *, T1::data_type *, T2 *, long, int *, int *, long, long, T1::data_type, T1::data_type, int *, int)"
1830235,1839482,0,112,99,1079668.4,798756.5,11003,3608693,1249502.4,31208.5,6998.0,5140,2075344,195268.9,1182243.1,826991.0,60,3598701,1271012.7,3610.6,3568.0,3296,4928,220.7,cudaLaunchKernel,"void at::native::vectorized_elementwise_kernel<(int)2, at::native::BUnaryFunctor<long, long, long, at::native::remainder_kernel_cuda(at::TensorIteratorBase &)::[lambda() (instance 1)]::operator ()() const::[lambda() (instance 4)]::operator ()() const::[lambda(long, long) (instance 1)]>, std::array<char *, (unsigned long)2>>(int, T2, T3)"
1830235,1830235,0,60,60,1052723.5,1064357.0,817223,1158521,102968.2,11604.6,8767.0,5771,101303,12574.4,375800.8,418618.5,117564,462258,87288.7,665318.1,667266.0,632739,693443,27029.9,cudaLaunchKernel,"void at::native::<unnamed>::cunn_SoftMaxForward<(int)8, c10::Half, float, float, at::native::<unnamed>::SoftMaxForwardEpilogue>(T4 *, const T2 *, int)"
1830235,1839482,0,88,55,988919.8,38463.0,10310,3925820,1575137.9,32297.3,22208.0,6522,203497,32627.3,1528023.5,839671.0,116,3908299,1762980.3,2405.8,2144.0,1792,4608,681.8,cudaLaunchKernel,"void at::native::vectorized_elementwise_kernel<(int)4, at::native::FillFunctor<unsigned char>, std::array<char *, (unsigned long)1>>(int, T2, T3)"
1830235,1839482,0,4,3,858356.8,8974.0,8017,3407462,1699403.7,855602.8,5385.0,4179,3407462,1701239.8,2328.0,2335.0,2034,2615,290.6,1344.0,1344.0,1344,1344,0.0,cudaLaunchKernel,"xx_set_info_ker(int, int *, int)"
1830235,1839482,0,280,260,756874.6,28244.0,13196,8021910,1766667.3,10409.9,8496.0,5691,49935,6074.0,780168.5,2222.5,12,8007910,1826958.5,22126.0,7808.0,3296,122720,29934.7,cudaLaunchKernel,"void at::native::reduce_kernel<(int)512, (int)1, at::native::ReduceOp<float, at::native::MeanOps<float, float, float, float>, unsigned int, float, (int)4, (int)4>>(T3)"
1830235,1832319,0,16,16,653843.1,470852.5,101464,1873621,517141.3,25602.5,20559.5,11281,96954,20671.2,624730.6,447548.5,77084,1773691,508665.0,3510.0,3536.0,2976,3904,198.2,cudaLaunchKernel,"void at::native::elementwise_kernel<(int)128, (int)2, void at::native::gpu_kernel_impl_nocast<at::native::direct_copy_kernel_cuda(at::TensorIteratorBase &)::[lambda() (instance 3)]::operator ()() const::[lambda() (instance 7)]::operator ()() const::[lambda(float) (instance 1)]>(at::TensorIteratorBase &, const T1 &)::[lambda(int) (instance 1)]>(int, T3)"
1830235,1830235,0,16,0,634841.6,68871.0,45717,9131329,2265771.0,634841.6,68871.0,45717,9131329,2265771.0,,,,,0.0,4786.0,4800.0,4416,4960,124.2,cudaLaunchKernel,"void at::native::unrolled_elementwise_kernel<at::native::AUnaryFunctor<long, long, bool, at::native::<unnamed>::CompareEqFunctor<long>>, std::array<char *, (unsigned long)2>, (int)4, TrivialOffsetCalculator<(int)1, unsigned int>, TrivialOffsetCalculator<(int)1, unsigned int>, at::native::memory::LoadWithCast<(int)1>, at::native::memory::StoreWithCast<(int)1>>(int, T1, T2, T4, T5, T6, T7)"
1830235,1832319,0,16,16,611276.5,431599.0,65214,1746785,506737.4,17621.1,16516.0,10550,39796,6556.7,589017.4,407793.5,43065,1702509,503336.5,4638.1,4688.0,3744,5312,354.1,cudaLaunchKernel,"void at::native::<unnamed>::nll_loss_backward_no_reduce_cuda_kernel<float, long>(int, const T2 *, torch::headeronly::detail::GenericPackedTensorAccessor<torch::headeronly::detail::TensorAccessor<c10::ArrayRef<long>, const T1, (unsigned long)0, torch::headeronly::DefaultPtrTraits, long>, at::detail::IndexBoundsCheck<(unsigned long)1, long>, const T1, (unsigned long)1, torch::headeronly::DefaultPtrTraits, long>, torch::headeronly::detail::GenericPackedTensorAccessor<torch::headeronly::detail::TensorAccessor<c10::ArrayRef<long>, T1, (unsigned long)1, torch::headeronly::DefaultPtrTraits, long>, at::detail::IndexBoundsCheck<(unsigned long)2, long>, T1, (unsigned long)2, torch::headeronly::DefaultPtrTraits, long>, const T1 *, long, long)"
1830235,1839482,0,2,1,436382.5,436382.5,16649,856116,593592.8,426828.5,426828.5,5741,847916,595507.7,1948.0,1948.0,1948,1948,0.0,8960.0,8960.0,8960,8960,0.0,cudaLaunchKernel,"void geqr2_smem<float, float, (int)8, (int)5, (int)5>(int, int, T1 *, unsigned long, T1 *, int)"
1830235,1839482,0,56,53,431856.4,75057.0,12343,4927519,718473.6,104806.7,14653.0,6141,4927519,656270.7,341657.4,66984.0,239,984464,381300.4,3837.2,3840.0,3648,3936,48.5,cudaLaunchKernel,"void at::native::vectorized_elementwise_kernel<(int)2, at::native::BUnaryFunctor<long, long, long, at::native::binary_internal::div_floor_kernel_cuda(at::TensorIteratorBase &)::[lambda() (instance 1)]::operator ()() const::[lambda() (instance 4)]::operator ()() const::[lambda(long, long) (instance 1)]>, std::array<char *, (unsigned long)2>>(int, T2, T3)"
1830235,1839482,0,145,141,406802.6,173623.0,8484,1167553,414589.1,9571.6,6302.0,4739,51498,7404.6,385775.0,164567.0,204,1149534,403415.1,22123.1,1696.0,1504,199200,54988.7,cudaLaunchKernel,"void at::native::vectorized_elementwise_kernel<(int)2, at::native::CUDAFunctorOnSelf_add<long>, std::array<char *, (unsigned long)2>>(int, T2, T3)"
1830235,1839482,0,56,54,397772.6,207715.0,26751,1007104,352691.0,10900.6,9112.5,5320,45036,6705.3,237926.8,100492.0,50,709489,240213.6,157456.1,101312.0,18592,288865,117791.1,cudaLaunchKernel,"void at::native::vectorized_elementwise_kernel<(int)2, at::native::BinaryFunctor<long, long, long, at::native::BitwiseOrFunctor<long>>, std::array<char *, (unsigned long)3>>(int, T2, T3)"
1830235,1839482,0,127,111,395948.5,200329.0,9607,3401512,582725.4,38461.9,8797.0,5059,3401512,300907.7,303792.8,2028.0,118,1430341,489020.7,92123.0,66560.0,2176,199745,81663.2,cudaLaunchKernel,"void at::native::vectorized_elementwise_kernel<(int)2, at::native::BUnaryFunctor<long, long, long, at::native::rshift_kernel_cuda(at::TensorIteratorBase &)::[lambda() (instance 1)]::operator ()() const::[lambda() (instance 4)]::operator ()() const::[lambda(long, long) (instance 1)]>, std::array<char *, (unsigned long)2>>(int, T2, T3)"
1830235,1839482,0,88,87,393560.1,137125.5,8720,1674975,593938.0,27365.5,9788.0,5279,1296611,137074.9,368536.7,125565.0,1173,1665038,589001.7,1861.5,1920.0,1280,2144,224.5,cudaLaunchKernel,"xxtrf4_set_info_ker(int, int *)"
1830235,1839482,0,84,81,357339.0,218188.5,14100,1120273,370551.5,12727.7,9157.5,6853,90583,10245.3,298625.3,166398.0,86,965543,319284.7,56750.7,13088.0,3776,147681,59978.3,cudaLaunchKernel,"void at::native::unrolled_elementwise_kernel<at::native::direct_copy_kernel_cuda(at::TensorIteratorBase &)::[lambda() (instance 3)]::operator ()() const::[lambda() (instance 3)]::operator ()() const::[lambda(int) (instance 1)], std::array<char *, (unsigned long)2>, (int)4, TrivialOffsetCalculator<(int)1, unsigned int>, TrivialOffsetCalculator<(int)1, unsigned int>, at::native::memory::LoadWithCast<(int)1>, at::native::memory::StoreWithCast<(int)1>>(int, T1, T2, T4, T5, T6, T7)"
1830235,1839482,0,98,95,355564.7,153245.5,9540,1455846,445491.2,9328.0,6497.0,4599,41118,6209.4,219039.8,46491.0,185,1163445,366116.7,133916.2,99745.0,2400,288513,121293.4,cudaLaunchKernel,"void at::native::vectorized_elementwise_kernel<(int)2, at::native::BinaryFunctor<long, long, long, at::native::BitwiseXorFunctor<long>>, std::array<char *, (unsigned long)3>>(int, T2, T3)"
1830235,1832319,0,23,22,328871.4,20765.0,11521,7166746,1490611.6,324079.3,16331.0,5690,7166746,1491658.0,1542.4,1488.0,339,2964,720.4,3456.0,3488.0,2912,4160,289.1,cudaLaunchKernel,"void at::native::vectorized_elementwise_kernel<(int)2, at::native::BUnaryFunctor<long, long, long, at::native::remainder_kernel_cuda(at::TensorIteratorBase &)::[lambda() (instance 1)]::operator ()() const::[lambda() (instance 4)]::operator ()() const::[lambda(long, long) (instance 1)]>, std::array<char *, (unsigned long)2>>(int, T2, T3)"
1830235,1839482,0,28,25,295517.4,217988.5,22435,1656348,334342.4,88594.9,17468.0,9548,1648491,310864.4,151403.8,30251.0,124,398271,160836.7,71867.6,53008.0,10624,127968,50519.3,cudaLaunchKernel,"void at::native::reduce_kernel<(int)128, (int)4, at::native::ReduceOp<long, at::native::func_wrapper_t<long, at::native::sum_functor<long, long, long>::operator ()(at::TensorIterator &)::[lambda(long, long) (instance 1)]>, unsigned int, long, (int)4, (int)4>>(T3)"
1830235,1839482,0,22761,21993,283900.1,11913.0,10587,406908192,9469922.9,7692.8,6442.0,5221,1611290,20958.0,282282.5,2076.0,5,406889741,9633329.1,3510.5,3360.0,3072,31200,1378.0,cudaLaunchKernel,"void at::native::reduce_kernel<(int)512, (int)1, at::native::ReduceOp<bool, at::native::func_wrapper_t<bool, at::native::or_kernel_cuda(at::TensorIterator &)::[lambda() (instance 1)]::operator ()() const::[lambda() (instance 12)]::operator ()() const::[lambda(bool, bool) (instance 1)]>, unsigned int, bool, (int)4, (int)4>>(T3)"
1830235,1830235,0,16,14,276716.0,18381.5,15371,4136893,1029386.8,271368.5,12568.5,8757,4136893,1030814.3,1170.6,1214.0,26,2157,642.4,4670.0,4656.0,4000,5280,326.2,cudaLaunchKernel,"void at::native::reduce_kernel<(int)512, (int)1, at::native::ReduceOp<long, at::native::func_wrapper_t<long, at::native::sum_functor<long, long, long>::operator ()(at::TensorIterator &)::[lambda(long, long) (instance 1)]>, unsigned int, long, (int)4, (int)4>>(T3)"
1830235,1839482,0,56,51,269152.9,127679.0,18434,763059,246451.6,12940.5,10880.5,6623,42722,6653.1,165714.9,59820.0,167,554810,172845.5,105452.8,64976.0,9856,197536,81867.5,cudaLaunchKernel,"void at::native::vectorized_elementwise_kernel<(int)2, at::native::BUnaryFunctor<long, long, long, at::native::lshift_kernel_cuda(at::TensorIteratorBase &)::[lambda() (instance 1)]::operator ()() const::[lambda() (instance 4)]::operator ()() const::[lambda(long, long) (instance 1)]>, std::array<char *, (unsigned long)2>>(int, T2, T3)"
1830235,1830235,0,8653,8451,266299.7,17430.0,10680,501432114,7519040.7,7817.5,7033.0,5270,591396,12471.0,254652.2,1841.0,14,501311051,7607371.1,9827.4,8000.0,3008,24128,4431.9,cudaLaunchKernel,"void at::native::reduce_kernel<(int)512, (int)1, at::native::ReduceOp<bool, at::native::func_wrapper_t<bool, at::native::or_kernel_cuda(at::TensorIterator &)::[lambda() (instance 1)]::operator ()() const::[lambda() (instance 12)]::operator ()() const::[lambda(bool, bool) (instance 1)]>, unsigned int, bool, (int)4, (int)4>>(T3)"
1830235,1830235,0,296,257,241267.6,67686.0,58542,967003,239173.0,18202.5,12414.0,11011,919772,59275.4,200334.8,1384.0,1,724201,241729.5,49350.7,49344.0,46336,52641,1311.3,cudaLaunchKernelExC,sm80_xmma_gemm_f16f16_f16f32_f32_tn_n_tilesize96x128x32_stage4_warpsize2x2x1_tensor16x8x16_execute_kernel__5x_cublas
1830235,1830235,0,16,6,237791.9,24795.0,16953,3418233,848141.2,234328.5,21361.0,11582,3418233,849072.3,696.2,861.0,176,1065,404.1,4240.0,4256.0,3776,4544,166.1,cudaLaunchKernel,"void at::native::unrolled_elementwise_kernel<at::native::direct_copy_kernel_cuda(at::TensorIteratorBase &)::[lambda() (instance 3)]::operator ()() const::[lambda() (instance 4)]::operator ()() const::[lambda(long) (instance 1)], std::array<char *, (unsigned long)2>, (int)4, TrivialOffsetCalculator<(int)1, unsigned int>, TrivialOffsetCalculator<(int)1, unsigned int>, at::native::memory::LoadWithCast<(int)1>, at::native::memory::StoreWithCast<(int)1>>(int, T1, T2, T4, T5, T6, T7)"
1830235,1832319,0,16,15,236814.1,20248.5,13643,3499097,869946.0,232099.1,15188.5,7995,3499097,871204.5,1656.5,1819.0,252,2281,565.8,3358.0,3344.0,2816,3808,279.1,cudaLaunchKernel,"void at::native::vectorized_elementwise_kernel<(int)2, at::native::BUnaryFunctor<long, long, long, at::native::binary_internal::div_trunc_kernel_cuda(at::TensorIteratorBase &)::[lambda() (instance 1)]::operator ()() const::[lambda() (instance 4)]::operator ()() const::[lambda(long, long) (instance 1)]>, std::array<char *, (unsigned long)2>>(int, T2, T3)"
1830235,1839482,0,2,1,186706.0,186706.0,11161,362251,248258.1,183529.5,183529.5,6442,360617,250439.5,2031.0,2031.0,2031,2031,0.0,2848.0,2848.0,2688,3008,226.3,cudaLaunchKernel,"void at::native::triu_tril_kernel<float, int, (bool)1, (int)2, (bool)0>(at::cuda::detail::TensorInfo<T1, T2>, at::cuda::detail::TensorInfo<const T1, T2>, long, long, T2)"
1830235,1839482,0,28216,27163,178028.9,12930.0,11819,213313499,4758029.3,8688.6,7274.0,6322,2073480,24952.7,171811.5,1695.0,1,213285528,4848824.8,4012.2,4000.0,3840,16896,312.3,cudaLaunchKernel,ampere_sgemm_32x128_nt
1830235,1839482,0,2,1,177338.0,177338.0,9906,344770,236784.6,173901.5,173901.5,5390,342413,238311.2,2084.0,2084.0,2084,2084,0.0,2432.0,2432.0,2432,2432,0.0,cudaLaunchKernel,"void larft_vtv_32<float, (int)128>(long, long, const T1 *, long, long, T1 *, long, long)"
1830235,1839482,0,6,5,173034.3,14275.0,12526,968754,389822.6,170186.2,11041.0,9478,967684,390694.3,938.0,808.0,434,1386,416.1,2293.5,2256.5,2240,2432,77.4,cudaLaunchKernel,"void at::native::<unnamed>::distribution_elementwise_grid_stride_kernel<float, (int)4, void at::native::templates::cuda::normal_and_transform<float, float, at::CUDAGeneratorImpl *, void at::native::templates::cuda::normal_kernel<at::CUDAGeneratorImpl *>(const at::TensorBase &, double, double, T1)::[lambda() (instance 1)]::operator ()() const::[lambda() (instance 2)]::operator ()() const::[lambda(float) (instance 1)]>(at::TensorIteratorBase &, T3, T4)::[lambda(curandStatePhilox4_32_10 *) (instance 2)], void at::native::<unnamed>::distribution_nullary_kernel<float, float, float4, at::CUDAGeneratorImpl *, void at::native::templates::cuda::normal_and_transform<float, float, at::CUDAGeneratorImpl *, void at::native::templates::cuda::normal_kernel<at::CUDAGeneratorImpl *>(const at::TensorBase &, double, double, T1)::[lambda() (instance 1)]::operator ()() const::[lambda() (instance 2)]::operator ()() const::[lambda(float) (instance 1)]>(at::TensorIteratorBase &, T3, T4)::[lambda(curandStatePhilox4_32_10 *) (instance 2)], void at::native::templates::cuda::normal_kernel<at::CUDAGeneratorImpl *>(const at::TensorBase &, double, double, T1)::[lambda() (instance 1)]::operator ()() const::[lambda() (instance 2)]::operator ()() const::[lambda(float) (instance 1)]>(at::TensorIteratorBase &, T4, const T5 &, T6)::[lambda(int, float) (instance 1)]>(long, at::PhiloxCudaState, T3, T4)"
1830235,1830235,0,890,834,168348.9,130302.5,123151,1158196,93666.2,13085.6,11251.0,9408,1158196,38492.9,39489.5,1115.0,7,316220,82937.4,118511.2,116001.0,110657,163457,11026.0,cudaLaunchKernel,ampere_fp16_s16816gemm_fp16_256x64_ldg8_f2f_stages_64x3_tn
1830235,1839482,0,296,274,155418.2,66478.5,29850,1154051,259426.0,10513.6,4994.5,3748,291496,20771.9,134813.5,41711.5,9,1128647,266851.3,20392.6,20352.0,19840,21344,272.3,cudaLaunchKernel,"void at::native::<unnamed>::CatArrayBatchedCopy<at::native::<unnamed>::OpaqueType<(unsigned int)4>, unsigned int, (int)2, (int)64, (int)64>(T1 *, at::native::<unnamed>::CatArrInputTensorMetadata<T1, T2, T4, T5>, at::native::<unnamed>::TensorSizeStride<T2, (unsigned int)4>, int, T2)"
1830235,1839482,0,2,1,145795.0,145795.0,9924,281666,192150.6,143022.5,143022.5,5119,280926,195025.0,2213.0,2213.0,2213,2213,0.0,2592.0,2592.0,2592,2592,0.0,cudaLaunchKernel,"void ormqr_cta_kernel<float, (int)4, (int)1>(long, long, long, const T1 *, long, long, const T1 *, long, T1 *, long, long, long, long, long, int)"
1830235,1839482,0,28,4,144308.5,111021.0,34478,275666,92350.0,24779.1,21170.5,11942,55276,10595.8,17042.0,16872.0,305,34119,14364.4,121084.0,73552.5,19328,221729,90135.6,cudaLaunchKernel,"void at::native::elementwise_kernel<(int)128, (int)2, void at::native::gpu_kernel_impl_nocast<at::native::BinaryFunctor<float, float, float, at::native::binary_internal::DivFunctor<float>>>(at::TensorIteratorBase &, const T1 &)::[lambda(int) (instance 1)]>(int, T3)"
1830235,1830235,0,75,56,128823.9,87921.0,50827,346465,108238.9,14153.9,12184.0,9749,28444,4508.6,654.3,700.0,6,1295,392.6,114777.3,76001.0,39488,322817,105644.0,cudaLaunchKernel,ampere_fp16_s1688gemm_fp16_256x128_ldg8_f2f_stages_32x1_tn
1830235,1839482,0,28,8,119594.9,75254.5,33464,215420,74155.9,18591.3,16165.5,8726,37983,6719.7,372.0,167.0,20,1508,495.4,101290.6,60800.0,15648,186369,75950.0,cudaLaunchKernel,"void at::native::vectorized_elementwise_kernel<(int)4, void at::native::<unnamed>::pow_tensor_scalar_kernel_impl<float, float>(at::TensorIteratorBase &, T2)::[lambda(float) (instance 1)], std::array<char *, (unsigned long)2>>(int, T2, T3)"
1830235,1839482,0,2,2,116794.0,116794.0,105777,127811,15580.4,30242.0,30242.0,8135,52349,31264.0,2231.0,2231.0,1989,2473,342.2,84321.0,84321.0,73473,95169,15341.4,cudaLaunchKernel,"void batched_svd_parallel_jacobi_32x16<double, double>(int, int, int, int, T1 *, unsigned long, int, T2 *, T1 *, unsigned long, int, T1 *, unsigned long, int, T2, int, int *, T2, int, int *, int, T2)"
1830235,1830235,0,56,53,113861.5,112196.5,97880,135588,10916.3,13495.6,11783.0,9508,38443,5271.9,15134.6,12113.0,301,39611,12897.6,86323.1,86256.0,85089,88352,883.2,cudaLaunchKernel,ampere_fp16_s16816gemm_fp16_64x128_ldg8_f2f_stages_64x4_tn
1830235,1839482,0,28,17,112315.9,25985.5,18862,2348682,438377.9,107809.0,20984.5,12754,2345660,438705.3,591.9,582.0,26,1084,358.9,5058.3,5040.0,4192,5600,247.4,cudaLaunchKernel,"void at::native::reduce_kernel<(int)512, (int)1, at::native::ReduceOp<float, at::native::ArgMinOps<float>, unsigned int, long, (int)4, (int)4>>(T3)"
1830235,1839482,0,28,6,107442.5,81218.5,28150,196155,64762.6,31244.2,28354.5,18234,44866,8107.0,11545.3,12473.5,4091,18961,5957.2,78226.5,45312.0,10880,146912,60317.7,cudaLaunchKernel,"void at::native::vectorized_elementwise_kernel<(int)4, at::native::float16_copy_kernel_cuda(at::TensorIteratorBase &)::[lambda(float) (instance 1)], std::array<char *, (unsigned long)2>>(int, T2, T3)"
1830235,1839482,0,28,19,106375.9,43371.5,14592,238008,94347.8,20290.4,16947.5,12334,64423,10201.7,124075.3,183166.0,5176,222435,90102.6,2427.4,2544.0,1824,2784,282.4,cudaLaunchKernel,"void at::native::vectorized_elementwise_kernel<(int)4, at::native::sqrt_kernel_cuda(at::TensorIteratorBase &)::[lambda() (instance 2)]::operator ()() const::[lambda() (instance 2)]::operator ()() const::[lambda(float) (instance 1)], std::array<char *, (unsigned long)2>>(int, T2, T3)"
1830235,1839482,0,84,77,106288.1,25857.5,14064,434560,139578.8,12541.2,9874.0,7003,47981,6943.0,87529.1,1705.0,31,404928,138924.1,13648.8,10784.0,4096,27936,8575.4,cudaLaunchKernel,"void at::native::elementwise_kernel<(int)128, (int)2, void at::native::gpu_kernel_impl_nocast<at::native::direct_copy_kernel_cuda(at::TensorIteratorBase &)::[lambda() (instance 3)]::operator ()() const::[lambda() (instance 3)]::operator ()() const::[lambda(int) (instance 1)]>(at::TensorIteratorBase &, const T1 &)::[lambda(int) (instance 1)]>(int, T3)"
1830235,1830235,0,2449,2172,99501.4,16608.0,12965,12358505,524044.7,13263.5,12213.0,4920,217785,7976.0,89342.1,963.5,1,10990081,504004.6,7162.4,2880.0,2336,1360989,56564.9,cudaLaunchKernel,"void at::native::vectorized_elementwise_kernel<(int)4, at::native::BinaryFunctor<c10::Half, c10::Half, bool, at::native::<unnamed>::CompareEqFunctor<c10::Half>>, std::array<char *, (unsigned long)3>>(int, T2, T3)"
1830235,1839482,0,84,58,96230.3,15152.5,11008,6460841,702883.2,93901.7,12419.0,7655,6460841,703152.8,1013.9,1131.5,5,2281,548.1,2069.0,1920.0,1664,2656,306.8,cudaLaunchKernel,"void at::native::vectorized_elementwise_kernel<(int)4, at::native::BinaryFunctor<float, float, float, at::native::maximum_kernel_cuda(at::TensorIteratorBase &)::[lambda() (instance 2)]::operator ()() const::[lambda() (instance 2)]::operator ()() const::[lambda(float, float) (instance 1)]>, std::array<char *, (unsigned long)3>>(int, T2, T3)"
1830235,1830235,0,204,174,92574.2,91787.5,90293,163040,5379.9,13501.3,12534.0,11091,85012,5523.2,681.2,651.5,8,5055,516.1,78555.2,78528.5,77952,79232,205.4,cudaLaunchKernelExC,sm80_xmma_gemm_f16f16_f16f32_f32_tn_n_tilesize192x128x32_stage4_warpsize4x2x1_tensor16x8x16_execute_kernel__5x_cublas
1830235,1839482,0,2,2,91167.5,91167.5,73513,108822,24967.2,24071.0,24071.0,5230,42912,26645.2,3128.5,3128.5,1942,4315,1678.0,63968.0,63968.0,63968,63968,0.0,cudaLaunchKernel,"void batched_svd_parallel_jacobi_32x16<float, float>(int, int, int, int, T1 *, unsigned long, int, T2 *, T1 *, unsigned long, int, T1 *, unsigned long, int, T2, int, int *, T2, int, int *, int, T2)"
1830235,1839482,0,4,3,86883.5,11806.0,11395,312527,150429.4,80921.5,5200.0,4688,308598,151785.0,2287.7,2355.0,2118,2390,148.0,4352.0,4352.0,4352,4352,0.0,cudaLaunchKernel,void svd_music_kernel<(int)32>(int *)
1830235,1839482,0,2,1,85166.0,85166.0,10721,159611,105281.1,81525.0,81525.0,5941,157109,106891.9,1932.0,1932.0,1932,1932,0.0,2768.0,2768.0,2688,2848,113.1,cudaLaunchKernel,"void lansy_M_stage1<float, float, (int)8>(long, const T1 *, long, long, T2 *, long, int)"
1830235,1830235,0,22,16,76261.0,74164.0,70379,99365,6473.6,15148.4,13144.5,9838,46569,7984.5,1007.0,1082.0,466,1432,321.8,60910.8,59552.0,58112,68544,3539.9,cudaLaunchKernel,ampere_fp16_s16816gemm_fp16_128x64_ldg8_f2f_stages_64x3_tn
1830235,1839482,0,2,2,64267.5,64267.5,9347,119188,77669.3,61132.0,61132.0,5190,117074,79113.9,1647.5,1647.5,674,2621,1376.7,1488.0,1488.0,1440,1536,67.9,cudaLaunchKernel,"void batch_eye_kernel<float, (int)5, (int)3>(long, long, T1 *, unsigned long, long long, int)"
1830235,1830235,0,7180,6992,64081.1,13172.0,11010,5030576,212646.7,10836.7,9328.0,7775,5030576,60484.8,52151.1,1399.0,0,4507062,205886.4,2492.7,2272.0,1792,5248,662.0,cudaLaunchKernel,"void at_cuda_detail::cub::detail::reduce::DeviceReduceSingleTileKernel<at_cuda_detail::cub::detail::reduce::policy_hub<int, unsigned long long, cuda::std::__4::plus<void>>::Policy1000, thrust::_V_300200_SM_750_800_860_900_1000_1200::transform_iterator<at::native::<unnamed>::NonZeroOp<bool>, const bool *, thrust::_V_300200_SM_750_800_860_900_1000_1200::use_default, thrust::_V_300200_SM_750_800_860_900_1000_1200::use_default>, int *, unsigned long long, cuda::std::__4::plus<void>, int, int, cuda::std::__4::identity>(T2, T3, T4, T5, T6, T8)"
1830235,1830235,0,272,239,62110.9,61616.0,60003,73943,2073.5,13157.8,12529.0,10880,25388,2322.8,590.8,626.0,0,1462,255.6,48531.0,48448.0,47297,50241,483.8,cudaLaunchKernelExC,sm80_xmma_gemm_f16f16_f16f32_f32_tn_n_tilesize96x64x64_stage4_warpsize2x2x1_tensor16x8x16_execute_kernel__5x_cublas
1830235,1830235,0,4,0,59812.0,46689.5,39145,106724,31842.9,59812.0,46689.5,39145,106724,31842.9,,,,,0.0,3744.0,3712.0,3264,4288,420.5,cudaLaunchKernel,"void at_cuda_detail::cub::detail::reduce::DeviceReduceKernel<at_cuda_detail::cub::detail::reduce::policy_hub<int, unsigned long long, cuda::std::__4::plus<void>>::Policy1000, thrust::_V_300200_SM_750_800_860_900_1000_1200::transform_iterator<at::native::<unnamed>::NonZeroOp<bool>, const bool *, thrust::_V_300200_SM_750_800_860_900_1000_1200::use_default, thrust::_V_300200_SM_750_800_860_900_1000_1200::use_default>, unsigned long long, cuda::std::__4::plus<void>, int, cuda::std::__4::identity>(T2, T5 *, T3, at_cuda_detail::cub::GridEvenShare<T3>, T4, T6)"
1830235,1830235,0,145,137,58430.2,11245.0,10288,6106976,508557.2,55352.9,7975.0,6823,6106976,508818.4,1741.8,1783.0,762,2415,264.3,1500.2,1504.0,1408,2144,71.1,cudaLaunchKernel,"void at::native::vectorized_elementwise_kernel<(int)4, at::native::FillFunctor<bool>, std::array<char *, (unsigned long)1>>(int, T2, T3)"
1830235,1830235,0,144,139,54803.3,14316.5,11425,5730790,476316.7,47248.4,6652.5,5541,5730790,476946.1,1952.9,2108.0,97,2753,433.3,5753.6,5616.0,3328,9312,1355.8,cudaLaunchKernel,"void at::native::index_elementwise_kernel<(int)128, (int)4, void at::native::gpu_index_kernel<void at::native::index_kernel_impl<at::native::OpaqueType<(int)1>>(at::TensorIteratorBase &, c10::ArrayRef<long>, c10::ArrayRef<long>)::[lambda(char *, const char *, long) (instance 1)]>(at::TensorIteratorBase &, c10::ArrayRef<long>, c10::ArrayRef<long>, const T1 &, bool)::[lambda(int) (instance 1)]>(long, T3)"
1830235,1830235,0,136,109,50709.5,50731.5,45632,64336,3224.0,13712.1,12789.5,11151,31600,2972.4,550.6,558.0,24,1158,260.7,36774.4,36688.0,32544,40128,2055.2,cudaLaunchKernelExC,sm80_xmma_gemm_f16f16_f16f32_f32_tn_n_tilesize64x96x64_stage4_warpsize2x2x1_tensor16x8x16_execute_kernel__5x_cublas
1830235,1839482,0,2,2,49836.0,49836.0,21678,77994,39821.4,33554.0,33554.0,4749,62359,40736.4,2042.0,2042.0,1843,2241,281.4,14240.0,14240.0,13792,14688,633.6,cudaLaunchKernel,"void steqr_ker<stedc_params_<double2, double, (int)8, (int)16, (int)128>, double, (int)0>(long, T1::data_type *, T1::data_type *, T2 *, long, int *, int *, long, long, T1::data_type, T1::data_type, int *, int)"
1830235,1830235,0,806,756,49335.3,30894.5,29381,966572,62055.5,13435.4,11161.0,9187,966572,38093.6,3589.0,863.5,17,61962,9768.5,32658.7,18880.0,18400,151552,40507.6,cudaLaunchKernel,ampere_fp16_s16816gemm_fp16_128x128_ldg8_f2f_stages_64x3_tn
1830235,1830235,0,952,904,49171.7,47435.0,42276,627383,27951.9,13229.5,10916.0,9138,600554,28233.7,953.4,1018.0,25,1616,303.4,35157.4,35424.0,30720,38336,1445.2,cuLaunchKernel,void cutlass::Kernel2<cutlass_80_tensorop_f16_s16816gemm_relu_f16_128x64_64x6_tn_align8>(T1::Params)
1830235,1839482,0,67640,65409,48319.4,16046.0,14258,80450235,1476752.3,7572.3,6161.0,4629,5047578,36599.4,34018.7,1935.0,2,80425088,1500941.0,7960.1,7936.0,7328,9025,248.3,cudaLaunchKernel,"void at::native::reduce_kernel<(int)512, (int)1, at::native::ReduceOp<c10::Half, at::native::func_wrapper_t<c10::Half, at::native::MaxNanFunctor<c10::Half>>, unsigned int, c10::Half, (int)4, (int)4>>(T3)"
1830235,1839482,0,168,100,47983.9,17575.5,12087,987993,91805.4,46095.2,15018.0,8627,987993,92470.7,978.3,994.5,113,1742,441.2,2050.3,1984.0,1824,2656,159.9,cudaLaunchKernel,"void at::native::vectorized_elementwise_kernel<(int)4, at::native::<unnamed>::CompareFunctor<float>, std::array<char *, (unsigned long)3>>(int, T2, T3)"
1830235,1839482,0,2,2,46474.5,46474.5,17480,75469,41004.4,34050.0,34050.0,4449,63651,41862.1,1640.5,1640.5,906,2375,1038.7,10784.0,10784.0,10656,10912,181.0,cudaLaunchKernel,"void geqr2_smem<double, double, (int)8, (int)5, (int)5>(int, int, T1 *, unsigned long, T1 *, int)"
1830235,1839482,0,28,28,46205.1,23131.5,13590,134146,38106.2,16681.5,14502.5,10080,47942,7445.4,27530.5,1600.5,539,121130,38519.1,1993.1,2016.0,1856,2176,84.4,cudaLaunchKernel,"void at::native::vectorized_elementwise_kernel<(int)4, at::native::<unnamed>::launch_clamp_scalar(at::TensorIteratorBase &, c10::Scalar, c10::Scalar, at::native::detail::ClampLimits)::[lambda() (instance 1)]::operator ()() const::[lambda() (instance 7)]::operator ()() const::[lambda(float) (instance 1)], std::array<char *, (unsigned long)2>>(int, T2, T3)"
1830235,1839482,0,56,27,44885.8,19614.0,11286,113947,36625.4,42797.3,16902.0,6692,113947,38412.8,1448.9,1473.0,779,2002,306.5,2890.3,2864.0,2528,3360,272.6,cudaLaunchKernel,"void at::native::<unnamed>::CatArrayBatchedCopy_alignedK_contig<at::native::<unnamed>::OpaqueType<(unsigned int)4>, unsigned int, (int)1, (int)128, (int)1, (int)16>(T1 *, at::native::<unnamed>::CatArrInputTensorMetadata<T1, T2, T4, T5>, at::native::<unnamed>::TensorSizeStride<T2, (unsigned int)4>, int, T2)"
1830235,1839482,0,28,10,41724.3,20446.0,15096,525163,95240.5,38868.8,16336.0,11733,521875,95238.4,614.8,426.0,22,1356,490.5,3883.4,3472.0,2752,5120,940.2,cudaLaunchKernel,"void at::native::vectorized_elementwise_kernel<(int)4, at::native::BinaryFunctor<unsigned char, unsigned char, bool, at::native::<unnamed>::CompareEqFunctor<unsigned char>>, std::array<char *, (unsigned long)3>>(int, T2, T3)"
1830235,1839482,0,62413,60491,41080.8,8532.0,7281,80259280,1259938.9,6252.9,4879.0,3808,4970972,40190.1,34552.0,2300.0,0,80239221,1278711.7,1366.4,1376.0,1248,2528,57.8,cudaLaunchKernel,"void <unnamed>::elementwise_kernel_with_index<int, at::native::arange_cuda_out(const c10::Scalar &, const c10::Scalar &, const c10::Scalar &, at::Tensor &)::[lambda() (instance 1)]::operator ()() const::[lambda() (instance 4)]::operator ()() const::[lambda(long) (instance 1)]>(T1, T2, function_traits<T2>::result_type *)"
1830235,1830235,0,144,135,40915.8,12580.5,11383,3935480,326833.0,34516.3,6472.0,5450,3905682,324863.8,2015.7,2104.0,306,2828,393.4,4625.5,4000.0,3584,37567,3148.6,cudaLaunchKernel,"void at::native::elementwise_kernel<(int)128, (int)4, void at::native::gpu_kernel_impl_nocast<at::native::<unnamed>::where_kernel_impl(at::TensorIterator &)::[lambda() (instance 1)]::operator ()() const::[lambda() (instance 2)]::operator ()() const::[lambda(bool, unsigned short, unsigned short) (instance 1)]>(at::TensorIteratorBase &, const T1 &)::[lambda(int) (instance 1)]>(int, T3)"
1830235,1830235,0,2321,2083,39134.0,42202.0,22026,3068850,75340.4,15135.9,11752.0,9869,3040032,73828.9,2016.8,740.0,4,131439,11628.8,22353.4,30784.0,10592,58080,10239.8,cudaLaunchKernel,ampere_fp16_s16816gemm_fp16_128x64_ldg8_f2f_stages_64x4_tn
1830235,1839482,0,2,2,38348.5,38348.5,20021,56676,25919.0,29310.5,29310.5,5230,53391,34055.0,6670.0,6670.0,853,12487,8226.5,2368.0,2368.0,2304,2432,90.5,cudaLaunchKernel,"void at::native::triu_tril_kernel<double, int, (bool)0, (int)1, (bool)1>(at::cuda::detail::TensorInfo<T1, T2>, at::cuda::detail::TensorInfo<const T1, T2>, long, long, T2)"
1830235,1830235,0,38,33,38130.9,36583.5,34326,80172,7285.3,13860.3,12158.0,10039,56027,7447.6,822.9,866.0,41,1326,322.7,23719.7,23616.0,23328,25600,375.4,cuLaunchKernel,void cutlass::Kernel2<cutlass_80_tensorop_f16_s16816gemm_relu_f16_128x128_32x6_tn_align8>(T1::Params)
1830235,1839482,0,2,2,35865.0,35865.0,8796,62934,38281.3,33273.5,33273.5,5350,61197,39489.8,1215.5,1215.5,361,2070,1208.4,1376.0,1376.0,1376,1376,0.0,cudaLaunchKernel,"void orgqr_step1_kernel<float, (int)5, (int)3>(int, int, int, T1 *, int)"
1830235,1839482,0,2,1,35261.5,35261.5,14896,55627,28801.2,27767.5,27767.5,4428,51107,33007.0,2180.0,2180.0,2180,2180,0.0,8240.0,8240.0,8192,8288,67.9,cudaLaunchKernel,"void batched_svd_qr_32x16<double, double>(int, int, int, T1 *, unsigned long, int, T1 *, unsigned long, int)"
1830235,1839482,0,28,26,35223.2,36142.5,13216,60203,13126.7,19258.8,18039.0,7835,51057,9549.5,3507.9,1697.5,291,14317,4119.5,12825.3,8272.0,3616,23104,8268.0,cudaLaunchKernel,"void at::native::vectorized_elementwise_kernel<(int)4, at::native::AUnaryFunctor<unsigned char, unsigned char, unsigned char, at::native::binary_internal::MulFunctor<unsigned char>>, std::array<char *, (unsigned long)2>>(int, T2, T3)"
1830235,1832319,0,8,6,34480.3,21505.5,17956,127947,37828.4,26228.6,13345.5,8195,121531,38590.9,2148.2,2209.0,1721,2411,241.6,6976.1,7296.0,5473,8000,833.5,cudaLaunchKernel,"void at_cuda_detail::cub::detail::radix_sort::DeviceRadixSortSingleTileKernel<at_cuda_detail::cub::detail::radix::policy_hub<long, at::cuda::cub::detail::OpaqueType<(int)8>, unsigned long long>::Policy1000, (at_cuda_detail::cub::SortOrder)0, long, at::cuda::cub::detail::OpaqueType<(int)8>, unsigned long long, at_cuda_detail::cub::detail::identity_decomposer_t>(const T3 *, T3 *, const T4 *, T4 *, T5, int, int, T6)"
1830235,1830235,0,604,540,33241.3,32489.0,30004,63094,3245.2,11963.6,11477.0,9578,43212,2363.2,764.3,796.0,0,1456,271.8,20708.5,20448.0,18880,32256,2215.5,cudaLaunchKernel,ampere_fp16_s16816gemm_fp16_64x64_sliced1x2_ldg8_f2f_stages_64x5_tn
1830235,1832319,0,9,7,32884.1,15080.0,12069,179824,55123.9,29054.2,11272.0,6833,178710,56149.4,1615.3,1857.0,993,2000,432.3,3175.1,3200.0,2976,3328,102.2,cudaLaunchKernel,"void at::native::unrolled_elementwise_kernel<at::native::BUnaryFunctor<long, long, long, at::native::remainder_kernel_cuda(at::TensorIteratorBase &)::[lambda() (instance 1)]::operator ()() const::[lambda() (instance 4)]::operator ()() const::[lambda(long, long) (instance 1)]>, std::array<char *, (unsigned long)2>, (int)4, TrivialOffsetCalculator<(int)1, unsigned int>, TrivialOffsetCalculator<(int)1, unsigned int>, at::native::memory::LoadWithoutCast, at::native::memory::StoreWithoutCast>(int, T1, T2, T4, T5, T6, T7)"
1830235,1830235,0,15,0,32746.0,31917.0,29339,45372,3729.6,16216.1,14708.0,12835,35698,5597.9,,,,,0.0,18664.7,18688.0,18145,18976,211.5,cuLaunchKernel,void cutlass::Kernel2<cutlass_75_tensorop_f16_s1688gemm_f16_128x256_tn_align1>(T1::Params)
1830235,1830235,0,456,435,32028.3,33932.5,22207,47691,4920.8,11109.3,10345.0,8756,34846,2508.9,939.0,1008.0,2,2671,339.7,20076.6,22912.0,10176,25280,5416.1,cudaLaunchKernel,ampere_fp16_s16816gemm_fp16_128x64_ldg8_f2f_stages_32x6_tn
1830235,1839482,0,2,1,31750.0,31750.0,8736,54764,32546.7,29741.5,29741.5,4719,54764,35387.2,2513.0,2513.0,2513,2513,0.0,1504.0,1504.0,1504,1504,0.0,cudaLaunchKernel,"void cuds_scal_batch_kernel<float, (int)256>(int, const T1 *, T1 *, long long)"
1830235,1839482,0,4,4,31701.3,9163.5,8649,99829,45419.8,28414.0,5420.5,4638,98177,46511.2,1655.3,2001.5,20,2598,1126.0,1632.0,1632.0,1632,1632,0.0,cudaLaunchKernel,"void lacpy_kernel<float, float, (int)5, (int)3>(long, long, const T1 *, long, long, T2 *, long, long, int, int)"
1830235,1839482,0,168,154,31535.0,31923.0,22696,89472,9849.6,7786.9,5345.5,4187,60746,6542.5,1970.9,2097.5,0,2572,438.6,22154.2,22032.0,16160,28608,5944.8,cudaLaunchKernel,"void trsm_batch_left_upper_kernel_small<float, (int)16, (int)16, (int)64>(cublasTrsmBatchParams<T1>, const T1 *const *, T1 *const *, const T1 *, T1)"
1830235,1839482,0,2,1,31523.5,31523.5,28177,34870,4732.7,8406.0,8406.0,5450,11362,4180.4,1959.0,1959.0,1959,1959,0.0,22384.0,22384.0,20768,24000,2285.4,cudaLaunchKernel,"void kernel<getrf_wo_pivot_params_<double, (int)0, (int)256, (int)1, (int)64, (int)64, (int)68, (int)16, (int)1, (int)1>>(int, int, void *, int, void *, int, int, int, int, int, int *)"
1830235,1830235,0,144,131,31365.6,15854.0,14910,2119849,175282.2,25444.9,9678.0,8656,2119849,175785.3,1219.5,1235.0,65,2510,337.1,4972.5,4928.0,4737,6208,192.8,cudaLaunchKernel,"void at::native::<unnamed>::CatArrayBatchedCopy<at::native::<unnamed>::OpaqueType<(unsigned int)4>, unsigned int, (int)3, (int)64, (int)64>(T1 *, at::native::<unnamed>::CatArrInputTensorMetadata<T1, T2, T4, T5>, at::native::<unnamed>::TensorSizeStride<T2, (unsigned int)4>, int, T2)"
1830235,1839482,0,2,2,30383.0,30383.0,10098,50668,28687.3,28028.0,28028.0,7133,48923,29550.0,723.0,723.0,113,1333,862.7,1632.0,1632.0,1632,1632,0.0,cudaLaunchKernel,"void at::native::vectorized_elementwise_kernel<(int)2, at::native::AUnaryFunctor<double, double, double, at::native::binary_internal::MulFunctor<double>>, std::array<char *, (unsigned long)2>>(int, T2, T3)"
1830235,1830235,0,38,20,29827.6,28575.0,26926,43664,3522.9,15487.2,12358.5,10139,39976,6452.0,752.9,847.5,89,1302,340.5,15755.8,15712.0,15456,16288,156.7,cudaLaunchKernel,ampere_s16816gemm_fp16_128x64_ldg8_stages_64x3_tn
1830235,1830235,0,75,61,29342.1,28963.0,21343,49021,5007.2,12348.9,10530.0,8557,35708,4893.1,1084.9,1192.0,198,1754,417.9,16327.3,17600.0,11168,19904,2719.4,cuLaunchKernel,void cutlass::Kernel2<cutlass_75_wmma_tensorop_f16_s161616gemm_f16_32x32_64x1_nn_align1>(T1::Params)
1830235,1839482,0,2,2,28510.5,28510.5,9561,47460,26798.6,24476.5,24476.5,4758,44195,27886.2,1266.0,1266.0,481,2051,1110.2,2768.0,2768.0,2752,2784,22.6,cudaLaunchKernel,"void lansy_M_stage1<double, double, (int)8>(long, const T1 *, long, long, T2 *, long, int)"
1830235,1839482,0,135285,129856,28146.4,11026.0,8898,80528144,1047779.0,8650.9,7033.0,4679,21318531,64054.7,18084.1,1925.0,0,80504890,1067211.7,2193.7,2144.0,1632,5120,141.4,cudaLaunchKernel,"void at::native::vectorized_elementwise_kernel<(int)4, at::native::AbsFunctor<c10::Half>, std::array<char *, (unsigned long)2>>(int, T2, T3)"
1830235,1839482,0,2,1,27787.5,27787.5,12597,42978,21482.6,21596.0,21596.0,4488,38704,24194.4,2476.0,2476.0,2476,2476,0.0,5632.5,5632.5,5632,5633,0.7,cudaLaunchKernel,"void sytrd4_cta<sytrd_params<double, (int)16, (int)32, (int)32, (int)32, (int)0, (int)1, (int)2>, (int)1>(int, T1::data_type *, int, int, T1::pod_type *, int, T1::pod_type *, int, T1::data_type *, int, int)"
1830235,1839482,0,2,2,27353.0,27353.0,15097,39609,17332.6,18415.0,18415.0,5360,31470,18462.6,1482.0,1482.0,715,2249,1084.7,7456.0,7456.0,7424,7488,45.3,cudaLaunchKernel,"void batched_svd_qr_32x16<float, float>(int, int, int, T1 *, unsigned long, int, T1 *, unsigned long, int)"
1830235,1839482,0,2,2,27109.0,27109.0,9614,44604,24741.7,23725.0,23725.0,5881,41569,25235.2,1560.0,1560.0,1115,2005,629.3,1824.0,1824.0,1728,1920,135.8,cudaLaunchKernel,"void at::native::elementwise_kernel<(int)128, (int)2, void at::native::gpu_kernel_impl_nocast<at::native::FillFunctor<float>>(at::TensorIteratorBase &, const T1 &)::[lambda(int) (instance 1)]>(int, T3)"
1830235,1830235,0,288,262,26810.4,12636.5,11327,3777276,221809.3,20843.0,6833.0,5540,3775444,222039.1,1935.8,1993.0,81,3683,373.3,4294.9,3840.0,3296,43456,2773.9,cudaLaunchKernel,"void at::native::elementwise_kernel<(int)128, (int)4, void at::native::gpu_kernel_impl_nocast<at::native::BinaryFunctor<bool, bool, bool, at::native::BitwiseAndFunctor<bool>>>(at::TensorIteratorBase &, const T1 &)::[lambda(int) (instance 1)]>(int, T3)"
1830235,1839482,0,28,9,26782.4,22218.0,17678,61236,10930.1,25324.9,20218.5,14708,61236,11746.5,412.8,410.0,17,691,213.7,2382.9,2384.0,2240,2560,89.9,cudaLaunchKernel,"void at::native::elementwise_kernel<(int)128, (int)2, void at::native::gpu_kernel_impl_nocast<at::native::<unnamed>::where_kernel_impl(at::TensorIterator &)::[lambda() (instance 1)]::operator ()() const::[lambda() (instance 3)]::operator ()() const::[lambda(bool, unsigned int, unsigned int) (instance 1)]>(at::TensorIteratorBase &, const T1 &)::[lambda(int) (instance 1)]>(int, T3)"
1830235,1839482,0,2,2,26509.5,26509.5,19471,33548,9953.9,16526.0,16526.0,4128,28924,17533.4,7471.5,7471.5,2128,12815,7556.9,2512.0,2512.0,2496,2528,22.6,cudaLaunchKernel,"void scale_max<double, (int)32, (int)32, (int)1>(long, long, T1 *, T1 *, T1 *, int *)"
1830235,1830235,0,432,410,26450.3,10089.5,8766,6933151,333074.6,22783.5,6202.0,4990,6933151,333253.3,1982.8,2018.0,10,2655,292.7,1845.0,1856.0,1504,2720,143.8,cudaLaunchKernel,"void at::native::vectorized_elementwise_kernel<(int)2, at::native::CUDAFunctorOnSelf_add<long>, std::array<char *, (unsigned long)2>>(int, T2, T3)"
1830235,1839482,0,2,2,26231.0,26231.0,9337,43125,23891.7,22733.0,22733.0,5560,39906,24286.3,1770.0,1770.0,1491,2049,394.6,1728.0,1728.0,1728,1728,0.0,cudaLaunchKernel,"void at::native::vectorized_elementwise_kernel<(int)2, at::native::CUDAFunctor_add<double>, std::array<char *, (unsigned long)3>>(int, T2, T3)"
1830235,1830235,0,779,746,25435.2,22190.0,17092,546462,20962.2,9593.3,7825.0,6362,539077,20165.1,1675.3,1712.0,132,46095,1680.6,14329.2,12256.0,8320,27457,4804.5,cudaLaunchKernel,"void at::native::reduce_kernel<(int)128, (int)4, at::native::ReduceOp<bool, at::native::func_wrapper_t<bool, at::native::or_kernel_cuda(at::TensorIterator &)::[lambda() (instance 1)]::operator ()() const::[lambda() (instance 12)]::operator ()() const::[lambda(bool, bool) (instance 1)]>, unsigned int, bool, (int)4, (int)4>>(T3)"
1830235,1839482,0,5,4,24461.2,13969.0,13227,65451,22931.9,18475.2,7565.0,6762,61327,23972.8,2003.5,2000.0,1933,2081,70.8,4435.2,4448.0,4384,4480,48.5,cudaLaunchKernel,"void at::native::<unnamed>::CatArrayBatchedCopy_alignedK_contig<at::native::<unnamed>::OpaqueType<(unsigned int)8>, unsigned int, (int)2, (int)128, (int)1, (int)16>(T1 *, at::native::<unnamed>::CatArrInputTensorMetadata<T1, T2, T4, T5>, at::native::<unnamed>::TensorSizeStride<T2, (unsigned int)4>, int, T2)"
1830235,1839482,0,2,2,24224.5,24224.5,10231,38218,19789.8,19707.5,19707.5,5210,34205,20502.6,1797.0,1797.0,1133,2461,939.0,2720.0,2720.0,2560,2880,226.3,cudaLaunchKernel,"void at::native::triu_tril_kernel<double, int, (bool)1, (int)1, (bool)0>(at::cuda::detail::TensorInfo<T1, T2>, at::cuda::detail::TensorInfo<const T1, T2>, long, long, T2)"
1830235,1839482,0,2,1,24093.5,24093.5,12551,35636,16323.6,18810.5,18810.5,5520,32101,18795.6,2199.0,2199.0,2199,2199,0.0,4816.0,4816.0,4800,4832,22.6,cudaLaunchKernel,"void sytrd4_cta<sytrd_params<float, (int)16, (int)32, (int)32, (int)32, (int)0, (int)1, (int)2>, (int)1>(int, T1::data_type *, int, int, T1::pod_type *, int, T1::pod_type *, int, T1::data_type *, int, int)"
1830235,1830235,0,38,31,23922.9,23377.0,20457,32155,2529.5,13568.1,13004.5,10360,26129,3076.1,578.4,478.0,1,1424,367.2,10040.5,10048.0,8992,10944,496.4,cudaLaunchKernel,ampere_s16816gemm_fp16_128x64_ldg8_stages_32x6_tn
1830235,1839482,0,2,2,23429.5,23429.5,10839,36020,17805.7,20884.0,20884.0,7844,33924,18441.3,1105.5,1105.5,656,1555,635.7,1440.0,1440.0,1440,1440,0.0,cudaLaunchKernel,"void at::native::vectorized_elementwise_kernel<(int)2, at::native::FillFunctor<double>, std::array<char *, (unsigned long)1>>(int, T2, T3)"
1830235,1839482,0,2,2,22780.0,22780.0,14405,31155,11844.0,16417.0,16417.0,4790,28044,16443.1,4043.0,4043.0,807,7279,4576.4,2320.0,2320.0,2304,2336,22.6,cudaLaunchKernel,"void scale_max<float, (int)32, (int)32, (int)1>(long, long, T1 *, T1 *, T1 *, int *)"
1830235,1832319,0,16,16,22753.6,20621.5,18620,56424,9059.4,8794.2,7019.0,4549,44725,9707.9,4205.4,3085.0,1203,8688,2718.0,9754.0,9424.0,8864,11616,873.6,cudaLaunchKernel,"void at_cuda_detail::cub::detail::radix_sort::DeviceRadixSortOnesweepKernel<at_cuda_detail::cub::detail::radix::policy_hub<long, at::cuda::cub::detail::OpaqueType<(int)8>, unsigned long long>::Policy1000, (at_cuda_detail::cub::SortOrder)0, long, at::cuda::cub::detail::OpaqueType<(int)8>, unsigned long long, int, int, at_cuda_detail::cub::detail::identity_decomposer_t>(T7 *, T7 *, T5 *, const T5 *, T3 *, const T3 *, T4 *, const T4 *, T6, int, int, T8)"
1830235,1830235,0,272,241,22691.7,15257.0,9746,2329168,140474.8,19831.8,12804.0,5861,2329168,140673.7,1168.9,1206.0,10,2394,814.0,1941.2,1888.0,1632,2624,147.0,cudaLaunchKernel,"void at::native::vectorized_elementwise_kernel<(int)4, void at::native::compare_scalar_kernel<long>(at::TensorIteratorBase &, at::native::<unnamed>::OpType, T1)::[lambda(long) (instance 1)], std::array<char *, (unsigned long)2>>(int, T2, T3)"
1830235,1839482,0,6,3,22435.8,14213.0,12429,57946,17756.8,20061.3,11902.0,10330,57209,18450.3,856.0,769.0,529,1270,378.1,2698.7,2688.0,2624,2816,69.1,cudaLaunchKernel,"void at::native::<unnamed>::distribution_elementwise_grid_stride_kernel<double, (int)2, void at::native::templates::cuda::normal_and_transform<double, double, at::CUDAGeneratorImpl *, void at::native::templates::cuda::normal_kernel<at::CUDAGeneratorImpl *>(const at::TensorBase &, double, double, T1)::[lambda() (instance 1)]::operator ()() const::[lambda() (instance 1)]::operator ()() const::[lambda(double) (instance 1)]>(at::TensorIteratorBase &, T3, T4)::[lambda(curandStatePhilox4_32_10 *) (instance 1)], void at::native::<unnamed>::distribution_nullary_kernel<double, double, double2, at::CUDAGeneratorImpl *, void at::native::templates::cuda::normal_and_transform<double, double, at::CUDAGeneratorImpl *, void at::native::templates::cuda::normal_kernel<at::CUDAGeneratorImpl *>(const at::TensorBase &, double, double, T1)::[lambda() (instance 1)]::operator ()() const::[lambda() (instance 1)]::operator ()() const::[lambda(double) (instance 1)]>(at::TensorIteratorBase &, T3, T4)::[lambda(curandStatePhilox4_32_10 *) (instance 1)], void at::native::templates::cuda::normal_kernel<at::CUDAGeneratorImpl *>(const at::TensorBase &, double, double, T1)::[lambda() (instance 1)]::operator ()() const::[lambda() (instance 1)]::operator ()() const::[lambda(double) (instance 1)]>(at::TensorIteratorBase &, T4, const T5 &, T6)::[lambda(int, double) (instance 1)]>(long, at::PhiloxCudaState, T3, T4)"
1830235,1839482,0,2,2,22270.5,22270.5,10481,34060,16672.9,19377.0,19377.0,6863,31891,17697.5,1165.5,1165.5,441,1890,1024.6,1728.0,1728.0,1728,1728,0.0,cudaLaunchKernel,"void at::native::elementwise_kernel<(int)128, (int)2, void at::native::gpu_kernel_impl_nocast<at::native::FillFunctor<double>>(at::TensorIteratorBase &, const T1 &)::[lambda(int) (instance 1)]>(int, T3)"
1830235,1830235,0,2553,2538,22222.5,22407.0,11718,3101861,63218.5,8110.6,5851.0,4889,3101861,63423.7,10026.2,9168.5,234,53475,4672.0,4161.1,4032.0,3392,6144,475.5,cudaLaunchKernelExC,"void cublasLt::splitKreduce_kernel<(int)32, (int)16, int, __half, __half, float, __half, (bool)0, __half, __half, __half, (bool)1, (bool)0, (bool)0, (bool)0>(cublasLt::cublasSplitKParams<T6>, const T4 *, const T10 *, T9 *, T5 *, const T6 *, const T6 *, const T11 *, const T4 *, T11 *, void *, long, T6 *, int *, T6 *, T6 *, const T6 *, const T6 *, const T6 *, const T6 *, const T6 *)"
1830235,1830235,0,45,35,21975.3,22453.0,18342,31097,2111.0,11306.0,10631.0,8616,25719,2559.0,979.1,1024.0,71,2243,507.1,10111.3,10880.0,8288,11200,1252.0,cuLaunchKernel,void cutlass::Kernel2<cutlass_80_wmma_tensorop_f16_s161616gemm_f16_32x32_64x1_nn_align2>(T1::Params)
1830235,1830235,0,15,1,21607.1,20358.0,18108,34501,4638.8,15785.3,13776.0,11201,31780,5527.4,283.0,283.0,283,283,0.0,6769.1,6752.0,6624,6848,57.8,cuLaunchKernel,void cutlass::Kernel2<cutlass_80_wmma_tensorop_f16_s161616gemm_f16_32x32_128x1_tn_align2>(T1::Params)
1830235,1830235,0,45,29,21539.5,21330.0,17810,35765,3153.0,12441.0,11101.0,8656,31741,4026.4,1042.2,1033.0,516,1926,322.4,9058.2,9696.0,7552,10048,1029.5,cuLaunchKernel,void cutlass::Kernel2<cutlass_80_wmma_tensorop_f16_s161616gemm_f16_32x32_64x1_tn_align2>(T1::Params)
1830235,1830235,0,15,3,20831.6,19413.0,17718,32078,3734.4,15714.6,13846.0,10861,31009,5368.9,231.0,211.0,118,364,124.2,7029.4,7040.0,6944,7136,55.1,cuLaunchKernel,void cutlass::Kernel2<cutlass_80_wmma_tensorop_f16_s161616gemm_f16_32x32_128x1_nn_align2>(T1::Params)
1830235,1839482,0,2,2,20727.5,20727.5,9195,32260,16309.4,16116.0,16116.0,4349,27883,16641.1,2307.5,2307.5,2073,2542,331.6,2304.0,2304.0,2304,2304,0.0,cudaLaunchKernel,"void lansy_M_stage2<double, (int)8>(T1, T1, long, T1 *, long, T1 *, T1 *)"
1830235,1830235,0,4,4,20722.3,17218.0,11692,36761,11185.1,16755.0,13686.5,7064,32583,11320.8,1575.3,1923.5,258,2196,892.3,2392.0,2400.0,2304,2464,71.0,cudaLaunchKernel,"void at_cuda_detail::cub::detail::reduce::DeviceReduceSingleTileKernel<at_cuda_detail::cub::detail::reduce::policy_hub<int, unsigned long long, cuda::std::__4::plus<void>>::Policy1000, int *, int *, int, cuda::std::__4::plus<void>, int, int, cuda::std::__4::identity>(T2, T3, T4, T5, T6, T8)"
1830235,1830235,0,75,59,20648.1,19559.0,16323,35729,3663.8,12199.7,10600.0,9017,29516,3978.8,1066.9,1105.0,19,1846,333.4,7941.5,8096.0,5632,9792,1306.3,cuLaunchKernel,void cutlass::Kernel2<cutlass_75_wmma_tensorop_f16_s161616gemm_f16_32x32_64x1_tn_align1>(T1::Params)
1830235,1839482,0,33,29,20446.2,18387.0,12007,53839,8207.4,17178.1,13687.0,8887,51689,8396.2,1443.8,998.0,38,11947,2093.2,2062.5,2080.0,1792,2304,112.6,cudaLaunchKernel,"void at::native::unrolled_elementwise_kernel<at::native::<unnamed>::CompareFunctor<c10::Half>, std::array<char *, (unsigned long)3>, (int)4, TrivialOffsetCalculator<(int)2, unsigned int>, TrivialOffsetCalculator<(int)1, unsigned int>, at::native::memory::LoadWithoutCast, at::native::memory::StoreWithoutCast>(int, T1, T2, T4, T5, T6, T7)"
1830235,1830235,0,60,47,20177.0,19737.0,16101,34965,3349.1,12172.3,10505.0,8977,31571,4059.5,1093.6,1274.0,87,1629,424.1,7632.0,8320.0,5408,8576,1263.0,cuLaunchKernel,void cutlass::Kernel2<cutlass_75_wmma_tensorop_f16_s161616gemm_f16_32x32_32x1_nn_align1>(T1::Params)
1830235,1830235,0,105,93,20164.6,18159.0,16691,38611,5016.4,11716.3,10951.0,9027,28023,2648.0,889.9,939.0,17,2660,365.2,7938.2,6400.0,6177,17760,3877.2,cudaLaunchKernel,ampere_fp16_s16816gemm_fp16_128x64_ldg8_f2f_stages_32x6_nn
1830235,1839482,0,84,58,20000.6,17289.0,12136,86861,10284.2,15221.1,10816.0,6994,84070,11163.6,1126.6,1165.0,55,1846,453.8,4630.5,3808.0,3200,7008,1393.7,cudaLaunchKernel,"void at::native::unrolled_elementwise_kernel<at::native::direct_copy_kernel_cuda(at::TensorIteratorBase &)::[lambda() (instance 3)]::operator ()() const::[lambda() (instance 1)]::operator ()() const::[lambda(unsigned char) (instance 1)], std::array<char *, (unsigned long)2>, (int)4, TrivialOffsetCalculator<(int)1, unsigned int>, TrivialOffsetCalculator<(int)1, unsigned int>, at::native::memory::LoadWithCast<(int)1>, at::native::memory::StoreWithCast<(int)1>>(int, T1, T2, T4, T5, T6, T7)"
1830235,1830235,0,288,271,19954.6,10538.5,9217,2507488,147112.5,16065.1,6347.0,4889,2507488,147350.2,1966.5,2083.0,154,2734,476.4,2094.8,2080.0,1952,2752,98.4,cudaLaunchKernel,"void at::native::vectorized_elementwise_kernel<(int)4, at::native::AUnaryFunctor<float, float, float, at::native::binary_internal::MulFunctor<float>>, std::array<char *, (unsigned long)2>>(int, T2, T3)"
1830235,1830235,0,456,436,19749.5,18534.5,15259,142144,6805.5,8763.8,7935.0,6442,126241,5959.6,1540.6,1559.0,17,15579,895.4,9585.8,9056.0,6368,18528,2586.8,cudaLaunchKernel,"void at::native::reduce_kernel<(int)256, (int)2, at::native::ReduceOp<bool, at::native::func_wrapper_t<bool, at::native::or_kernel_cuda(at::TensorIterator &)::[lambda() (instance 1)]::operator ()() const::[lambda() (instance 12)]::operator ()() const::[lambda(bool, bool) (instance 1)]>, unsigned int, bool, (int)4, (int)4>>(T3)"
1830235,1839482,0,2,2,19674.0,19674.0,9365,29983,14579.1,15439.5,15439.5,5110,25769,14608.1,1850.5,1850.5,1750,1951,142.1,2384.0,2384.0,2304,2464,113.1,cudaLaunchKernel,"void lansy_M_stage2<float, (int)8>(T1, T1, long, T1 *, long, T1 *, T1 *)"
1830235,1830235,0,30,17,19547.1,18278.0,15937,32490,3861.2,13250.5,11752.5,8806,31120,4615.7,917.6,1056.0,90,1484,455.0,6132.3,6016.0,5696,6656,384.1,cuLaunchKernel,void cutlass::Kernel2<cutlass_80_wmma_tensorop_f16_s161616gemm_f16_32x32_128x1_tn_align8>(T1::Params)
1830235,1839482,0,2,2,19433.0,19433.0,9986,28880,13360.1,14598.0,14598.0,5060,24136,13488.8,2131.0,2131.0,1960,2302,241.8,2704.0,2704.0,2624,2784,113.1,cudaLaunchKernel,"void larft_T_32<float, (int)256>(int, T1 *, int, long, const T1 *, long)"
1830235,1830235,0,144,138,19141.8,11968.5,10978,932687,76703.0,14130.5,6808.5,5720,932687,77128.4,1939.3,1996.5,162,3074,329.4,3201.6,3136.0,2976,3872,163.3,cudaLaunchKernel,"void at::native::vectorized_elementwise_kernel<(int)4, at::native::cos_kernel_cuda(at::TensorIteratorBase &)::[lambda() (instance 2)]::operator ()() const::[lambda() (instance 2)]::operator ()() const::[lambda(float) (instance 1)], std::array<char *, (unsigned long)2>>(int, T2, T3)"
1830235,1830235,0,16,14,19004.2,16378.0,13212,56368,10292.4,12484.9,8636.5,5711,48502,10628.5,2081.4,2191.0,1384,2525,387.0,5374.0,5424.0,4928,5696,199.8,cudaLaunchKernel,"void at::native::<unnamed>::write_indices<long>(long *, at::native::<unnamed>::TensorDims<T1>, int, T1, long *, long)"
1830235,1830235,0,15,13,18858.8,15050.0,13882,50899,9760.2,14194.9,10250.0,8496,47631,10216.5,1193.9,1293.0,29,1982,708.2,3656.5,3648.0,3648,3712,19.0,cudaLaunchKernel,"void <unnamed>::softmax_warp_forward<c10::Half, float, float, (int)6, (bool)0, (bool)0, (int)32>(T2 *, const T1 *, int, int, int, const bool *, int, bool)"
1830235,1839482,0,4,3,18858.3,11100.0,9991,43242,16280.2,15937.8,7639.5,5230,43242,18240.2,1206.0,1425.0,184,2009,932.0,2664.0,2656.0,2592,2752,84.2,cudaLaunchKernel,"void gemmSN_TN_kernel<double, (int)128, (int)16, (int)2, (int)4, (int)4, (int)4, (bool)1, cublasGemvTensorStridedBatched<const double>, cublasGemvTensorStridedBatched<const double>, cublasGemvTensorStridedBatched<double>>(cublasGemmSmallNParams<T9, T10, T11, T1>)"
1830235,1839482,0,84,71,18672.0,16399.0,12268,67427,7888.3,14554.5,11397.0,8436,67368,8452.7,1107.8,1242.0,101,1844,417.3,3357.7,3136.0,2560,4256,608.7,cudaLaunchKernel,"void at::native::vectorized_elementwise_kernel<(int)4, at::native::AUnaryFunctor<unsigned char, unsigned char, bool, at::native::<unnamed>::CompareEqFunctor<unsigned char>>, std::array<char *, (unsigned long)2>>(int, T2, T3)"
1830235,1830235,0,30,17,18596.7,17940.0,16325,28645,2604.6,12116.1,11266.5,9197,28645,3745.4,1030.8,1137.0,100,1677,457.5,6323.2,6336.0,5856,6816,402.6,cuLaunchKernel,void cutlass::Kernel2<cutlass_80_wmma_tensorop_f16_s161616gemm_f16_32x32_128x1_nn_align8>(T1::Params)
1830235,1839482,0,2,2,18338.0,18338.0,17009,19667,1879.5,9694.0,9694.0,3918,15470,8168.5,6916.0,6916.0,2469,11363,6289.0,1728.0,1728.0,1728,1728,0.0,cudaLaunchKernel,"void scale_max<double, (int)32, (int)128, (int)0>(long, long, T1 *, T1 *, T1 *, int *)"
1830235,1839482,0,2,2,18308.0,18308.0,11276,25340,9944.7,12384.0,12384.0,4369,20399,11334.9,3252.0,3252.0,2285,4219,1367.5,2672.0,2672.0,2656,2688,22.6,cudaLaunchKernel,"void ormqr_cta_kernel<double, (int)4, (int)1>(long, long, long, const T1 *, long, long, const T1 *, long, T1 *, long, long, long, long, long, int)"
1830235,1830235,0,76,75,18173.4,18377.5,12538,43212,5598.6,9502.4,7389.0,5180,36810,6127.3,4888.5,3709.0,278,11990,3545.9,3882.5,3952.0,2976,4960,829.9,cudaLaunchKernelExC,"void cublasLt::splitKreduce_kernel<(int)32, (int)16, int, float, __half, float, __half, (bool)0, __half, __half, __half, (bool)1, (bool)0, (bool)0, (bool)0>(cublasLt::cublasSplitKParams<T6>, const T4 *, const T10 *, T9 *, T5 *, const T6 *, const T6 *, const T11 *, const T4 *, T11 *, void *, long, T6 *, int *, T6 *, T6 *, const T6 *, const T6 *, const T6 *, const T6 *, const T6 *)"
1830235,1830235,0,156,147,18139.8,14364.5,12439,181432,14169.9,8802.3,6708.0,5651,167719,13156.2,1908.8,2002.0,654,3080,379.3,7645.6,5600.0,4608,16672,4695.7,cudaLaunchKernel,"void <unnamed>::softmax_warp_forward<c10::Half, float, float, (int)7, (bool)0, (bool)0, (int)32>(T2 *, const T1 *, int, int, int, const bool *, int, bool)"
1830235,1839482,0,2,2,17758.5,17758.5,9229,26288,12062.5,12999.5,12999.5,4488,21511,12037.1,2023.0,2023.0,1961,2085,87.7,2736.0,2736.0,2656,2816,113.1,cudaLaunchKernel,"void larft_T_32<double, (int)256>(int, T1 *, int, long, const T1 *, long)"
1830235,1830235,0,144,136,17749.0,11189.0,10188,862526,70928.2,12673.2,5961.5,5079,859407,71097.9,2114.3,2157.5,132,2726,318.1,3118.2,3104.0,2880,3840,188.0,cudaLaunchKernel,"void at::native::vectorized_elementwise_kernel<(int)4, at::native::sin_kernel_cuda(at::TensorIteratorBase &)::[lambda() (instance 2)]::operator ()() const::[lambda() (instance 2)]::operator ()() const::[lambda(float) (instance 1)], std::array<char *, (unsigned long)2>>(int, T2, T3)"
1830235,1830235,0,144,118,17544.8,16069.5,15024,100221,7950.5,14327.1,12559.0,11252,100221,8414.1,729.8,733.5,42,1744,239.0,2867.8,2880.0,2368,4160,166.6,cuLaunchKernelEx,_bmm_outer_product_kernel
1830235,1839482,0,2,2,17536.0,17536.0,9356,25716,11568.3,12854.5,12854.5,4529,21180,11774.0,2265.5,2265.5,2104,2427,228.4,2416.0,2416.0,2400,2432,22.6,cudaLaunchKernel,"void larft_vtv_32<double, (int)128>(long, long, const T1 *, long, long, T1 *, long, long)"
1830235,1839482,0,27992,27183,17027.0,15131.0,14036,2822554,28502.0,6184.3,4719.0,4068,2817879,27404.3,2425.7,2204.0,3,384889,8187.8,8569.9,8096.0,7744,14368,1103.2,cudaLaunchKernel,"void batch_trsm_left_kernel<float, (int)64, (int)4, (int)3, (bool)0, (bool)0, (bool)1>(cublasTrsmBatchParams2<T1>, T1, const T1 *, int)"
1830235,1839482,0,2,1,16974.5,16974.5,10407,23542,9287.8,13075.0,13075.0,4338,21812,12356.0,3893.0,3893.0,3893,3893,0.0,2320.0,2320.0,2176,2464,203.6,cudaLaunchKernel,"void epilogue<sytrd_params<double, (int)32, (int)8, (int)512, (int)32, (int)16, (int)1, (int)2>, (int)128, (int)1, (int)1>(int, int, T1::data_type *, int, int, T1::pod_type *, int, T1::pod_type *, int, T1::data_type *, int, T1::data_type *, int, int)"
1830235,1839482,0,8,7,16706.0,12109.5,9682,50258,13651.3,13736.1,8486.0,5791,48222,14212.0,1433.0,1553.0,116,2069,690.1,1968.0,1984.0,1888,2016,51.3,cudaLaunchKernel,"void at::native::elementwise_kernel<(int)128, (int)2, void at::native::gpu_kernel_impl_nocast<at::native::direct_copy_kernel_cuda(at::TensorIteratorBase &)::[lambda() (instance 3)]::operator ()() const::[lambda() (instance 6)]::operator ()() const::[lambda(double) (instance 1)]>(at::TensorIteratorBase &, const T1 &)::[lambda(int) (instance 1)]>(int, T3)"
1830235,1839482,0,8801,8267,16400.0,10813.0,8888,2431313,63358.3,9068.7,7474.0,5049,2431313,33378.8,5704.6,1711.0,1,1132981,52807.5,2027.7,1696.0,1504,196353,7345.7,cudaLaunchKernel,"void at::native::vectorized_elementwise_kernel<(int)2, at::native::AUnaryFunctor<long, long, long, at::native::binary_internal::MulFunctor<long>>, std::array<char *, (unsigned long)2>>(int, T2, T3)"
1830235,1832319,0,16,16,16205.2,14962.5,12408,35671,5513.4,12021.0,10931.0,7965,32993,5895.8,1458.2,1423.0,310,2393,492.8,2726.0,2656.0,2368,3072,242.1,cudaLaunchKernel,"void at::native::vectorized_elementwise_kernel<(int)2, at::native::CUDAFunctor_add<long>, std::array<char *, (unsigned long)3>>(int, T2, T3)"
1830235,1839482,0,2,2,16014.5,16014.5,9494,22535,9221.4,12003.0,12003.0,4859,19147,10103.1,2123.5,2123.5,1372,2875,1062.8,1888.0,1888.0,1760,2016,181.0,cudaLaunchKernel,"void scale_max<float, (int)32, (int)128, (int)0>(long, long, T1 *, T1 *, T1 *, int *)"
1830235,1839482,0,2,1,15947.5,15947.5,8195,23700,10963.7,14467.5,14467.5,8195,20740,8870.7,1584.0,1584.0,1584,1584,0.0,1392.0,1392.0,1376,1408,22.6,cudaLaunchKernel,"void orgqr_step1_kernel<double, (int)5, (int)3>(int, int, int, T1 *, int)"
1830235,1839482,0,2,2,15855.5,15855.5,9522,22189,8956.9,11437.0,11437.0,5030,17844,9060.9,2258.5,2258.5,2169,2348,126.6,2160.0,2160.0,2144,2176,22.6,cudaLaunchKernel,"void epilogue<sytrd_params<float, (int)32, (int)8, (int)512, (int)32, (int)16, (int)1, (int)2>, (int)128, (int)1, (int)1>(int, int, T1::data_type *, int, int, T1::pod_type *, int, T1::pod_type *, int, T1::data_type *, int, T1::data_type *, int, int)"
1830235,1839482,0,2,2,15779.5,15779.5,9883,21676,8338.9,12118.0,12118.0,5270,18966,9684.5,1421.5,1421.5,502,2341,1300.4,2240.0,2240.0,2208,2272,45.3,cudaLaunchKernel,"void lascl_kernel<float, float, (int)8>(long, long, T1 *, long, long, T2 *, int, int)"
1830235,1839482,0,2,2,15714.5,15714.5,9084,22345,9376.9,11026.0,11026.0,4228,17824,9613.8,2448.5,2448.5,2345,2552,146.4,2240.0,2240.0,2176,2304,90.5,cudaLaunchKernel,"void lascl_kernel<double, double, (int)8>(long, long, T1 *, long, long, T2 *, int, int)"
1830235,1839482,0,5808,5528,15490.2,11011.0,8921,1235393,58577.3,7138.2,6131.0,4999,1235294,21085.8,5753.2,2092.0,7,1084711,55598.2,2914.7,2944.0,1760,3488,216.1,cudaLaunchKernel,"void at::native::elementwise_kernel<(int)128, (int)2, void at::native::gpu_kernel_impl_nocast<at::native::CUDAFunctor_add<long>>(at::TensorIteratorBase &, const T1 &)::[lambda(int) (instance 1)]>(int, T3)"
1830235,1832319,0,8,6,15465.6,15289.0,14158,17826,1062.4,10285.8,9668.0,8516,14838,2034.0,2133.3,2092.5,1844,2517,260.7,3724.0,3744.0,3552,3840,83.7,cudaLaunchKernel,"void at_cuda_detail::cub::detail::radix_sort::DeviceRadixSortHistogramKernel<at_cuda_detail::cub::detail::radix::policy_hub<long, at::cuda::cub::detail::OpaqueType<(int)8>, unsigned long long>::Policy1000, (at_cuda_detail::cub::SortOrder)0, long, unsigned long long, at_cuda_detail::cub::detail::identity_decomposer_t>(T4 *, const T3 *, T4, int, int, T5)"
1830235,1830235,0,7312,7133,15015.1,13354.0,10817,543303,10545.5,8373.7,7514.0,6282,542103,9616.2,1588.5,1669.0,6,3555,362.3,5131.2,3840.0,2304,51521,3832.6,cudaLaunchKernel,"void at::native::vectorized_gather_kernel<(int)16, long>(char *, char *, T2 *, int, long, long, long, long, bool)"
1830235,1839482,0,4,3,14865.3,13749.0,11309,20654,4083.6,10119.5,8621.5,5410,17825,5420.6,1512.7,1452.0,1059,2027,486.8,3920.0,3872.0,3872,4064,96.0,cudaLaunchKernel,ampere_sgemm_32x128_tn
1830235,1832319,0,16,15,14639.4,14555.5,12655,19083,1393.6,11530.8,11241.0,8897,16281,1868.5,1577.2,1583.0,950,2180,394.0,1740.0,1824.0,1312,1984,213.8,cudaLaunchKernel,"void at_cuda_detail::cub::detail::scan::DeviceCompactInitKernel<at_cuda_detail::cub::ScanTileState<int, (bool)1>, int *>(T1, int, T2)"
1830235,1839482,0,2,2,14458.0,14458.0,8380,20536,8595.6,10850.5,10850.5,4128,17573,9507.1,2071.5,2071.5,1427,2716,911.5,1536.0,1536.0,1536,1536,0.0,cudaLaunchKernel,"void cuds_scal_batch_kernel<double, (int)256>(int, const T1 *, T1 *, long long)"
1830235,1832319,0,16,14,14390.9,14149.0,13345,18247,1163.1,7620.8,6988.5,5490,11532,1830.9,2026.3,2046.0,1009,3380,666.6,5268.0,5296.0,4800,5664,245.3,cudaLaunchKernel,"void at::native::<unnamed>::write_indices<long>(long *, at::native::<unnamed>::TensorDims<T1>, int, T1, long *, long)"
1830235,1832319,0,8,8,14289.5,12134.5,11743,29057,5975.3,9921.3,7784.5,7133,25649,6364.6,1944.3,2145.0,1168,2373,478.1,2424.0,2432.0,2240,2656,121.9,cudaLaunchKernel,"void at_cuda_detail::cub::detail::radix_sort::DeviceRadixSortExclusiveSumKernel<at_cuda_detail::cub::detail::radix::policy_hub<long, at::cuda::cub::detail::OpaqueType<(int)8>, unsigned long long>::Policy1000, unsigned long long>(T2 *)"
1830235,1839482,0,2,2,14203.5,14203.5,8049,20358,8703.8,10405.0,10405.0,4078,16732,8947.7,2246.5,2246.5,2090,2403,221.3,1552.0,1552.0,1536,1568,22.6,cudaLaunchKernel,"void batch_eye_kernel<double, (int)5, (int)3>(long, long, T1 *, unsigned long, long long, int)"
1830235,1832319,0,32,29,14022.6,12564.5,9465,42760,6046.8,9966.4,7920.0,5000,39936,6832.5,1928.1,2183.0,41,3335,867.0,2500.0,2496.0,1888,3072,274.6,cudaLaunchKernel,"void at::native::vectorized_elementwise_kernel<(int)2, at::native::AUnaryFunctor<long, long, long, at::native::binary_internal::MulFunctor<long>>, std::array<char *, (unsigned long)2>>(int, T2, T3)"
1830235,1830235,0,144,133,13599.7,12660.0,11445,62110,4745.1,7711.3,6712.5,5730,52630,4273.7,1913.6,2003.0,2,2546,399.6,4198.4,3936.0,3360,16448,1256.4,cudaLaunchKernel,"void at::native::elementwise_kernel<(int)128, (int)4, void at::native::gpu_kernel_impl_nocast<at::native::<unnamed>::CompareFunctor<long>>(at::TensorIteratorBase &, const T1 &)::[lambda(int) (instance 1)]>(int, T3)"
1830235,1830235,0,144,129,13596.3,13021.5,11998,39184,2669.5,11298.1,10530.0,9407,39184,2821.3,1083.3,1019.0,119,12435,1034.8,1457.6,1472.0,1376,1505,50.0,cudaLaunchKernel,"void at::native::vectorized_elementwise_kernel<(int)4, at::native::FillFunctor<c10::Half>, std::array<char *, (unsigned long)1>>(int, T2, T3)"
1830235,1830235,0,7296,7069,13306.7,12561.5,10499,560766,11736.9,9590.3,8746.0,6813,560016,11870.9,1422.5,1479.0,16,13413,366.3,2384.8,2336.0,1920,5568,370.0,cudaLaunchKernel,"void at::native::vectorized_elementwise_kernel<(int)4, void at::native::compare_scalar_kernel<c10::Half>(at::TensorIteratorBase &, at::native::<unnamed>::OpType, T1)::[lambda(c10::Half) (instance 1)], std::array<char *, (unsigned long)2>>(int, T2, T3)"
1830235,1832319,0,16,16,13297.4,12557.5,11887,18564,1905.7,9350.2,8556.5,7103,14177,2006.3,1945.3,2023.0,1139,2800,417.4,2002.0,2016.0,1824,2112,88.2,cudaLaunchKernel,"void <unnamed>::elementwise_kernel_with_index<int, at::native::arange_cuda_out(const c10::Scalar &, const c10::Scalar &, const c10::Scalar &, at::Tensor &)::[lambda() (instance 1)]::operator ()() const::[lambda() (instance 4)]::operator ()() const::[lambda(long) (instance 1)]>(T1, T2, function_traits<T2>::result_type *)"
1830235,1832319,0,16,15,13281.3,13235.5,12026,14283,642.9,7344.6,7008.0,6342,12594,1492.9,2214.5,2164.0,1872,2553,201.3,4086.0,4128.0,2976,4928,722.6,cudaLaunchKernel,"void at_cuda_detail::cub::detail::select::DeviceSelectSweepKernel<at_cuda_detail::cub::detail::select::policy_hub<long, bool, int, (bool)0, (at_cuda_detail::cub::SelectImpl)0>::Policy1000, thrust::_V_300200_SM_750_800_860_900_1000_1200::counting_iterator<long, thrust::_V_300200_SM_750_800_860_900_1000_1200::use_default, thrust::_V_300200_SM_750_800_860_900_1000_1200::use_default, thrust::_V_300200_SM_750_800_860_900_1000_1200::use_default, thrust::_V_300200_SM_750_800_860_900_1000_1200::compile_time_value<(int)1>>, thrust::_V_300200_SM_750_800_860_900_1000_1200::transform_iterator<at::native::<unnamed>::NonZeroOp<bool>, const bool *, thrust::_V_300200_SM_750_800_860_900_1000_1200::use_default, thrust::_V_300200_SM_750_800_860_900_1000_1200::use_default>, long *, int *, at_cuda_detail::cub::ScanTileState<int, (bool)1>, at_cuda_detail::cub::NullType, at_cuda_detail::cub::NullType, int, at_cuda_detail::cub::detail::select::streaming_context_t<long, (bool)1>, (at_cuda_detail::cub::SelectImpl)0>(T2, T3, T4, T5, T6, T7, T8, T9, int, T10, at_cuda_detail::cub::detail::vsmem_t)"
1830235,1830235,0,160,150,13162.5,12628.0,10386,49314,3339.6,9347.4,8797.0,5230,49314,3817.7,1477.9,1434.5,176,3069,462.9,2555.4,2720.0,1792,3136,359.3,cudaLaunchKernel,"void at::native::elementwise_kernel<(int)128, (int)2, void at::native::gpu_kernel_impl_nocast<at::native::direct_copy_kernel_cuda(at::TensorIteratorBase &)::[lambda() (instance 3)]::operator ()() const::[lambda() (instance 4)]::operator ()() const::[lambda(long) (instance 1)]>(at::TensorIteratorBase &, const T1 &)::[lambda(int) (instance 1)]>(int, T3)"
1830235,1839482,0,45056,43522,12983.4,11003.0,9568,40725600,193884.4,8294.6,6121.0,4870,40725600,193920.8,2008.1,2080.0,0,15244,359.9,2805.5,2784.0,2240,3456,157.3,cudaLaunchKernel,"void at::native::unrolled_elementwise_kernel<at::native::BinaryFunctor<float, float, float, at::native::maximum_kernel_cuda(at::TensorIteratorBase &)::[lambda() (instance 2)]::operator ()() const::[lambda() (instance 2)]::operator ()() const::[lambda(float, float) (instance 1)]>, std::array<char *, (unsigned long)3>, (int)4, TrivialOffsetCalculator<(int)2, unsigned int>, TrivialOffsetCalculator<(int)1, unsigned int>, at::native::memory::LoadWithCast<(int)2>, at::native::memory::StoreWithCast<(int)1>>(int, T1, T2, T4, T5, T6, T7)"
1830235,1839482,0,67994,65239,12585.9,10839.0,8411,3167185,33508.0,8508.6,7354.0,4729,3167185,28263.9,2201.9,1777.0,0,668443,14920.2,2015.9,1824.0,1600,117473,4266.3,cudaLaunchKernel,"void at::native::vectorized_elementwise_kernel<(int)4, void at::native::compare_scalar_kernel<long>(at::TensorIteratorBase &, at::native::<unnamed>::OpType, T1)::[lambda(long) (instance 1)], std::array<char *, (unsigned long)2>>(int, T2, T3)"
1830235,1830235,0,720,671,12021.9,9951.5,8309,1014033,37463.6,8700.4,6457.5,4539,1012669,37571.4,1934.9,2039.0,20,6710,414.8,1596.1,1728.0,1248,2016,208.2,cudaLaunchKernel,"void <unnamed>::elementwise_kernel_with_index<int, at::native::arange_cuda_out(const c10::Scalar &, const c10::Scalar &, const c10::Scalar &, at::Tensor &)::[lambda() (instance 1)]::operator ()() const::[lambda() (instance 4)]::operator ()() const::[lambda(long) (instance 1)]>(T1, T2, function_traits<T2>::result_type *)"
1830235,1839482,0,16,15,11882.8,9194.5,8489,40931,7908.0,8915.2,6402.0,4890,38764,8219.7,1776.6,1966.0,688,2468,511.7,1386.0,1376.0,1312,1440,47.8,cudaLaunchKernel,"void at::native::vectorized_elementwise_kernel<(int)4, at::native::FillFunctor<int>, std::array<char *, (unsigned long)1>>(int, T2, T3)"
1830235,1839482,0,4,4,11791.0,11062.5,10322,14717,2012.0,6653.0,5706.5,4669,10530,2669.5,1874.0,2108.0,891,2389,675.0,3264.0,3264.0,3232,3296,26.1,cuLaunchKernel,void cutlass::Kernel2<cutlass_80_tensorop_d884gemm_32x32_16x5_nn_align1>(T1::Params)
1830235,1839482,0,22733,22017,11781.3,9560.0,8382,1754808,33564.2,6897.7,5581.0,4659,1753872,22903.9,3094.9,2110.0,2,761737,23463.8,1927.3,1856.0,1568,43840,1783.5,cudaLaunchKernel,"void at::native::vectorized_elementwise_kernel<(int)4, at::native::BinaryFunctor<bool, bool, bool, at::native::BitwiseOrFunctor<bool>>, std::array<char *, (unsigned long)3>>(int, T2, T3)"
1830235,1839482,0,4,4,11583.3,8917.0,8609,19890,5545.3,7634.8,5260.5,4068,15950,5593.5,2300.5,2299.5,1694,2909,496.4,1648.0,1648.0,1632,1664,18.5,cudaLaunchKernel,"void lacpy_kernel<double, double, (int)5, (int)3>(long, long, const T1 *, long, long, T2 *, long, long, int, int)"
1830235,1830235,0,7184,7019,11471.9,9966.5,8627,2895075,45923.0,8243.6,6642.0,5351,2894876,46004.4,1814.8,1885.0,5,10929,358.3,1481.1,1344.0,1184,1984,198.1,cudaLaunchKernel,"void at_cuda_detail::cub::detail::scan::DeviceCompactInitKernel<at_cuda_detail::cub::ScanTileState<int, (bool)1>, int *>(T1, int, T2)"
1830235,1839482,0,67645,65300,11229.5,10138.0,8847,3013553,23908.0,7091.7,5812.0,4648,3013553,24038.0,2010.9,2074.0,0,14010,349.4,2250.1,2240.0,1632,2432,37.1,cudaLaunchKernel,"void at::native::vectorized_elementwise_kernel<(int)4, at::native::AUnaryFunctor<c10::Half, c10::Half, bool, at::native::<unnamed>::CompareEqFunctor<c10::Half>>, std::array<char *, (unsigned long)2>>(int, T2, T3)"
1830235,1839482,0,2876,2749,10863.2,9736.0,8532,2252942,41936.5,7103.9,5856.0,4829,2252942,42017.0,2007.9,2121.0,6,3712,391.1,1867.6,1824.0,1536,2368,151.3,cudaLaunchKernel,"void at::native::vectorized_elementwise_kernel<(int)2, at::native::CUDAFunctor_add<long>, std::array<char *, (unsigned long)3>>(int, T2, T3)"
1830235,1830235,0,128,121,10793.0,9763.0,8895,110130,8892.1,7021.9,5846.0,5311,110130,9242.0,2019.0,2016.0,110,7875,613.3,1918.5,1920.0,1568,2496,122.3,cudaLaunchKernel,"void at::native::vectorized_elementwise_kernel<(int)4, at::native::BinaryFunctor<bool, bool, bool, at::native::BitwiseOrFunctor<bool>>, std::array<char *, (unsigned long)3>>(int, T2, T3)"
1830235,1839482,0,28,26,10725.0,8628.0,7887,52050,8253.5,7326.8,5069.5,3857,52050,8936.7,2300.7,2174.5,1132,7473,1148.9,1344.0,1376.0,1216,1408,57.1,cudaLaunchKernel,"copy_info_kernel(int, int *)"
1830235,1830235,0,7184,7081,10624.0,10061.0,8886,661862,10317.6,5579.5,4950.0,4318,660559,10411.7,2425.1,2259.0,25,7259,632.1,2672.1,2656.0,2400,5856,203.0,cudaLaunchKernel,"void at_cuda_detail::cub::detail::select::DeviceSelectSweepKernel<at_cuda_detail::cub::detail::select::policy_hub<long, bool, int, (bool)0, (at_cuda_detail::cub::SelectImpl)0>::Policy1000, thrust::_V_300200_SM_750_800_860_900_1000_1200::counting_iterator<long, thrust::_V_300200_SM_750_800_860_900_1000_1200::use_default, thrust::_V_300200_SM_750_800_860_900_1000_1200::use_default, thrust::_V_300200_SM_750_800_860_900_1000_1200::use_default, thrust::_V_300200_SM_750_800_860_900_1000_1200::compile_time_value<(int)1>>, thrust::_V_300200_SM_750_800_860_900_1000_1200::transform_iterator<at::native::<unnamed>::NonZeroOp<bool>, const bool *, thrust::_V_300200_SM_750_800_860_900_1000_1200::use_default, thrust::_V_300200_SM_750_800_860_900_1000_1200::use_default>, long *, int *, at_cuda_detail::cub::ScanTileState<int, (bool)1>, at_cuda_detail::cub::NullType, at_cuda_detail::cub::NullType, int, at_cuda_detail::cub::detail::select::streaming_context_t<long, (bool)1>, (at_cuda_detail::cub::SelectImpl)0>(T2, T3, T4, T5, T6, T7, T8, T9, int, T10, at_cuda_detail::cub::detail::vsmem_t)"
1830235,1839482,0,67645,65528,10499.9,9504.0,8481,2962425,21336.1,6147.8,4950.0,4098,2962425,21465.7,2212.5,2262.0,1,15448,333.2,2255.0,2240.0,1728,2400,51.6,cudaLaunchKernel,"void at::native::vectorized_elementwise_kernel<(int)4, at::native::BinaryFunctor<c10::Half, c10::Half, bool, at::native::<unnamed>::CompareEqFunctor<c10::Half>>, std::array<char *, (unsigned long)3>>(int, T2, T3)"
