PID,TID,DevId,Count,QCount,TAvg (ns),TMed (ns),TMin (ns),TMax (ns),TStdDev (ns),AAvg (ns),AMed (ns),AMin (ns),AMax (ns),AStdDev (ns),QAvg (ns),QMed (ns),QMin (ns),QMax (ns),QStdDev (ns),KAvg (ns),KMed (ns),KMin (ns),KMax (ns),KStdDev (ns),API Name,Kernel Name
3558747,3561120,0,448,448,4040124275.3,4424357415.5,615647095,6695111138,1504028180.8,1432735.4,10620.5,8887,155364637,14406099.0,3867804496.8,4390559321.5,460210664,6233070585,1506125657.1,170887043.1,51564860.0,3812197,471134977,192379773.4,cudaLaunchKernel,ampere_sgemm_128x128_tn
3558747,3561120,0,1344,1344,3940707771.1,4373546850.0,55714,6699247258,1521269199.1,1527548.1,7279.0,5240,462005060,24646484.1,3939050003.2,4373442711.5,33165,6698969672,1519734333.6,130219.8,61056.0,5056,574432,186756.0,cudaLaunchKernel,"void at::native::vectorized_elementwise_kernel<(int)4, at::native::AbsFunctor<float>, std::array<char *, (unsigned long)2>>(int, T2, T3)"
3558747,3561120,0,1344,1344,3939255990.4,4373532779.5,35833,6699071691,1519732554.8,1822983.7,6302.0,4739,454839164,25195036.0,3937344195.5,4373463385.0,22669,6698803919,1517763199.7,88811.3,49952.0,3072,368994,117809.8,cudaLaunchKernel,"void at::native::vectorized_elementwise_kernel<(int)4, at::native::AUnaryFunctor<float, float, bool, at::native::<unnamed>::CompareEqFunctor<float>>, std::array<char *, (unsigned long)2>>(int, T2, T3)"
3558747,3561120,0,1344,1344,3937508507.4,4373541200.0,24941,6698893439,1517763443.6,410934.5,5690.5,4238,448473204,12238306.7,3937012548.1,4373468053.0,10529,6698735027,1517183292.9,85024.8,43808.0,3168,361793,115858.6,cudaLaunchKernel,"void at::native::vectorized_elementwise_kernel<(int)4, at::native::BinaryFunctor<float, float, bool, at::native::<unnamed>::CompareEqFunctor<float>>, std::array<char *, (unsigned long)3>>(int, T2, T3)"
3558747,3561120,0,1344,1344,3937145020.6,4373522263.5,16947,6698802938,1517182767.8,1661557.4,5856.5,4358,462241199,20700411.2,3935427500.5,4373491699.5,3045,6698661479,1515606239.9,55962.7,27425.0,2976,250881,78576.6,cudaLaunchKernel,"void at::native::vectorized_elementwise_kernel<(int)4, at::native::BinaryFunctor<bool, bool, bool, at::native::binary_internal::MulFunctor<bool>>, std::array<char *, (unsigned long)3>>(int, T2, T3)"
3558747,3561120,0,1472,1472,3934437724.9,4411358387.5,456702187,6699363318,1629031591.5,2840122.4,8396.0,3857,454699068,27638809.1,3930899314.6,4411037558.0,455814965,6698003077,1626201003.7,698287.9,872306.5,21568,1209762,456587.2,cudaLaunchKernel,"void at::native::reduce_kernel<(int)128, (int)4, at::native::ReduceOp<float, at::native::func_wrapper_t<float, at::native::sum_functor<float, float, float>::operator ()(at::TensorIterator &)::[lambda(float, float) (instance 1)]>, unsigned int, float, (int)4, (int)4>>(T3)"
3558747,3561120,0,1344,1344,3934039307.4,4373511407.5,21779,6698581393,1514368524.1,363147.7,7970.5,5721,155469136,6144035.5,3933637699.2,4373471411.5,1514,6698501883,1514046964.1,38460.5,20448.0,7457,151265,46854.9,cudaLaunchKernel,"void at::native::reduce_kernel<(int)512, (int)1, at::native::ReduceOp<bool, at::native::func_wrapper_t<bool, at::native::and_kernel_cuda(at::TensorIterator &)::[lambda() (instance 1)]::operator ()() const::[lambda() (instance 12)]::operator ()() const::[lambda(bool, bool) (instance 1)]>, unsigned int, bool, (int)4, (int)4>>(T3)"
3558747,3561120,0,1344,1344,3933663118.0,4373478283.5,11003,6698511029,1514046412.0,3573930.8,6837.5,5120,463766114,36755150.1,3930086840.0,4373455497.0,1906,6698486590,1511530615.9,2347.3,2432.0,1664,3008,270.7,cudaLaunchKernel,"void at::native::vectorized_elementwise_kernel<(int)4, at::native::bitwise_not_kernel_cuda(at::TensorIteratorBase &)::[lambda(bool) (instance 1)], std::array<char *, (unsigned long)2>>(int, T2, T3)"
3558747,3561120,0,1344,1342,3930070840.2,4373448694.5,11103,6698481083,1511551232.3,2001978.8,6332.0,4649,453830874,27049119.3,3933920844.6,4375614961.0,1947,6698470501,1504146128.6,2068.0,2016.0,1632,2912,188.9,cudaLaunchKernel,"void at::native::vectorized_elementwise_kernel<(int)4, at::native::BinaryFunctor<bool, bool, bool, at::native::logical_or_kernel_cuda(at::TensorIterator &)::[lambda() (instance 2)]::operator ()() const::[lambda() (instance 9)]::operator ()() const::[lambda(bool, bool) (instance 1)]>, std::array<char *, (unsigned long)3>>(int, T2, T3)"
3558747,3561120,0,896,895,3816792544.5,4346964576.5,4073122,6232926057,1536660035.3,3563068.9,11131.0,8847,454760485,37605940.5,3750321152.5,4325328488.0,242,6157167387,1544161726.5,67093965.5,12755545.5,355073,455080851,117608715.6,cudaLaunchKernel,ampere_sgemm_128x128_nt
3558747,3561120,0,896,896,3767483218.7,4323283759.5,24439,6165753145,1571212243.7,1616735.3,6547.5,4629,470777044,22685379.5,3765782892.9,4323208402.0,1649,6165481046,1569795087.6,83590.5,54144.0,6432,557120,87751.1,cudaLaunchKernel,"void at::native::elementwise_kernel<(int)128, (int)2, void at::native::gpu_kernel_impl_nocast<at::native::<unnamed>::where_kernel_impl(at::TensorIterator &)::[lambda() (instance 1)]::operator ()() const::[lambda() (instance 3)]::operator ()() const::[lambda(bool, unsigned int, unsigned int) (instance 1)]>(at::TensorIteratorBase &, const T1 &)::[lambda(int) (instance 1)]>(int, T3)"
3558747,3561120,0,918,903,3680681438.7,4312220533.5,10888,6165583112,1659583950.9,3534558.0,7194.0,4819,453128485,36927395.5,3738214286.7,4319030721.0,84,6165574095,1599631238.6,14709.2,1984.0,1344,883843,86504.6,cudaLaunchKernel,"void at::native::vectorized_elementwise_kernel<(int)4, at::native::FillFunctor<float>, std::array<char *, (unsigned long)1>>(int, T2, T3)"
3558747,3561120,0,2008,2002,1972947904.4,356161958.5,23244,6051777168,2205939332.5,1530827.5,7364.0,4348,467435236,22056203.5,1977181656.5,356004842.0,952,6051530993,2204732190.4,143335.2,86304.0,8480,841986,222881.5,cudaLaunchKernel,"void at::native::vectorized_elementwise_kernel<(int)4, at::native::CUDAFunctor_add<float>, std::array<char *, (unsigned long)3>>(int, T2, T3)"
3558747,3561120,0,6096,6081,972798272.0,78483640.0,14724,6656256736,1768401799.9,1141434.9,10149.0,5280,470897043,20397545.0,973977826.4,78468680.0,170,6209342310,1767213800.5,75614.6,39936.5,5312,1863490,161065.8,cudaLaunchKernel,"void at::native::unrolled_elementwise_kernel<at::native::direct_copy_kernel_cuda(at::TensorIteratorBase &)::[lambda() (instance 3)]::operator ()() const::[lambda() (instance 7)]::operator ()() const::[lambda(float) (instance 1)], std::array<char *, (unsigned long)2>, (int)4, TrivialOffsetCalculator<(int)1, unsigned int>, TrivialOffsetCalculator<(int)1, unsigned int>, at::native::memory::LoadWithCast<(int)1>, at::native::memory::StoreWithCast<(int)1>>(int, T1, T2, T4, T5, T6, T7)"
3558747,3569404,0,2048,2048,953619120.8,997461837.0,44555117,1010328436,163343251.4,80193.9,8697.0,5961,1801863,115712.2,953533553.2,997427990.0,44369284,1010014837,163321069.4,5373.8,5376.0,4992,5728,99.4,cudaLaunchKernel,"void at::native::<unnamed>::CatArrayBatchedCopy_vectorized<at::native::<unnamed>::OpaqueType<(unsigned int)8>, unsigned int, (int)2, (int)128, (int)1, (int)16, (int)2>(char *, at::native::<unnamed>::CatArrInputTensorMetadata<T1, T2, T4, T5>, at::native::<unnamed>::TensorSizeStride<T2, (unsigned int)4>, int, T2)"
3558747,3569404,0,2048,2048,953530411.0,997424962.0,44362040,1010010036,163320749.0,7642.3,6482.0,5060,1126487,28202.2,953519084.8,997393845.5,44307747,1009999690,163320584.7,3683.9,3680.0,3424,4096,110.5,cudaLaunchKernel,"void at::native::<unnamed>::CatArrayBatchedCopy_vectorized<at::native::<unnamed>::OpaqueType<(unsigned int)1>, unsigned int, (int)2, (int)128, (int)1, (int)16, (int)16>(char *, at::native::<unnamed>::CatArrInputTensorMetadata<T1, T2, T4, T5>, at::native::<unnamed>::TensorSizeStride<T2, (unsigned int)4>, int, T2)"
3558747,3569404,0,2048,2048,953516586.7,997392732.5,44303377,1009996438,163320369.1,7146.3,6046.5,4769,908711,24363.4,953504850.0,997382706.5,44256898,1009986275,163320271.2,4590.4,4576.0,4384,4928,73.2,cudaLaunchKernel,"void at::native::<unnamed>::CatArrayBatchedCopy_vectorized<at::native::<unnamed>::OpaqueType<(unsigned int)2>, unsigned int, (int)2, (int)128, (int)1, (int)16, (int)8>(char *, at::native::<unnamed>::CatArrInputTensorMetadata<T1, T2, T4, T5>, at::native::<unnamed>::TensorSizeStride<T2, (unsigned int)4>, int, T2)"
3558747,3561120,0,36,36,824164919.9,361931108.5,84635477,6176266466,1513875515.9,1280310.3,1806527.5,4820,2379093,851864.7,820825024.8,358006709.0,82545098,6174202730,1514257425.8,2059584.8,2059681.5,2051363,2068930,3713.6,cudaLaunchKernel,"void at::native::<unnamed>::cunn_SoftMaxBackwardSmem<(int)4, c10::Half, float, float, at::native::<unnamed>::SoftMaxBackwardEpilogue>(T2 *, const T4 *, const T4 *, long)"
3558747,3561120,0,36,36,694430022.1,364277661.0,53783636,5485325345,1241473042.8,783108.6,724700.5,6272,10289867,1661549.6,687637804.3,357503417.5,47929965,5469239309,1240536349.8,6009109.3,6038389.0,5795942,6102885,91704.0,cudaLaunchKernel,"void at::native::<unnamed>::cunn_SoftMaxForwardSmem<(int)8, c10::Half, float, float, at::native::<unnamed>::SoftMaxForwardEpilogue, long>(T4 *, const T2 *, T6)"
3558747,3561120,0,36,36,677450810.0,201629258.0,45452339,5927120022,1504992301.2,18378.7,13861.0,11712,117163,17791.6,677049537.4,201228907.0,45070346,5926741233,1504987565.3,382893.9,385248.5,364673,389888,7300.8,cuLaunchKernel,void cutlass::Kernel2<cutlass_80_tensorop_f16_s16816gemm_f16_128x256_32x3_nt_align2>(T1::Params)
3558747,3561120,0,108,108,646986972.4,166593886.5,34734221,5929761140,1483759647.9,22974.6,6262.0,4850,310932,57140.9,646375806.4,166068284.0,34322675,5928617214,1483706859.7,588191.4,523153.0,401953,840066,183061.9,cudaLaunchKernel,"void <unnamed>::softmax_warp_backward<float, c10::Half, float, (int)10, (bool)0, (bool)0, (int)32>(T2 *, const T1 *, const T1 *, int, int, int, const bool *)"
3558747,3569404,0,7308,7304,624129371.5,542282002.0,18825,997055325,238531758.6,12619.5,11391.0,9488,1776536,30968.7,624169203.5,541979692.5,342,996264396,238056661.1,289186.3,224817.0,4640,779076,210752.1,cudaLaunchKernel,"void gemmSN_NN_kernel<float, (int)128, (int)2, (int)4, (int)8, (int)4, (int)4, (bool)0, cublasGemvTensorStridedBatched<const float>, cublasGemvTensorStridedBatched<const float>, cublasGemvTensorStridedBatched<float>>(cublasGemmSmallNParams<T9, T10, T11, T1>)"
3558747,3561120,0,72,72,619840645.5,205087710.0,32669596,5930236311,1370127250.9,26175.1,13591.0,9217,713289,84738.0,619406912.8,204665109.5,32265531,5929842404,1370121383.4,407557.6,409104.5,383393,419713,9317.9,cuLaunchKernel,void cutlass::Kernel2<cutlass_80_tensorop_f16_s16816gemm_f16_128x256_32x3_nn_align2>(T1::Params)
3558747,3561120,0,108,108,597982547.0,92510715.5,16041753,5929919174,1477116934.6,44252.8,15344.5,10039,590225,68812.1,597736289.9,92263264.5,15937379,5929531485,1477111545.0,202004.3,128160.5,88832,394689,130031.0,cuLaunchKernel,void cutlass::Kernel2<cutlass_80_tensorop_f16_s16816gemm_f16_256x128_32x3_nt_align2>(T1::Params)
3558747,3561120,0,360,360,594429504.8,141456905.5,19690357,5827069422,1406328767.6,26699.3,10930.5,8486,155987,36911.9,592944899.9,140054710.0,18607311,5826471662,1406331379.6,1457905.6,1549268.0,522305,2348100,597927.1,cudaLaunchKernel,ampere_fp16_s16816gemm_fp16_256x128_ldg8_f2f_stages_32x3_nn
3558747,3561120,0,144,144,576246999.0,100119008.0,119537,5862912736,1473046904.2,12760.2,11356.5,10029,46860,6385.6,575990939.7,99721937.0,26491,5862446295,1473041380.3,243299.1,216657.0,75297,461761,150732.3,cuLaunchKernel,void cutlass::Kernel2<cutlass_75_tensorop_f16_s1688gemm_f16_128x128_nt_align1>(T1::Params)
3558747,3561120,0,432,432,574785645.8,62242453.5,366097,6177309979,1471859988.8,188383.5,11757.0,10329,2398991,502015.2,574462599.7,62148864.0,337899,6176689070,1471858178.8,134662.6,60208.0,14944,568929,188779.4,cudaLaunchKernel,ampere_fp16_s16816gemm_fp16_128x128_ldg8_f2f_stages_32x5_nt
3558747,3561120,0,576,576,565569150.9,64641843.0,177798,6177635670,1469349499.2,34461.2,11231.0,9509,762823,95614.8,565508967.3,64610936.0,146823,6177558599,1469344358.1,25722.3,21248.5,11840,68672,13008.0,cudaLaunchKernel,"void at::native::reduce_kernel<(int)128, (int)4, at::native::ReduceOp<c10::Half, at::native::func_wrapper_t<c10::Half, at::native::sum_functor<c10::Half, float, c10::Half>::operator ()(at::TensorIterator &)::[lambda(float, float) (instance 1)]>, unsigned int, c10::Half, (int)4, (int)8>>(T3)"
3558747,3561120,0,576,576,565544809.8,64626862.0,147961,6177715278,1469345113.1,50159.7,9849.0,8396,1212049,141310.1,565432654.6,64575650.0,94932,6177536976,1469308794.2,61995.4,43488.5,16704,180800,42494.6,cudaLaunchKernel,"void at::native::reduce_kernel<(int)512, (int)1, at::native::ReduceOp<c10::Half, at::native::func_wrapper_t<c10::Half, at::native::sum_functor<c10::Half, float, c10::Half>::operator ()(at::TensorIterator &)::[lambda(float, float) (instance 1)]>, unsigned int, c10::Half, (int)4, (int)8>>(T3)"
3558747,3561120,0,288,288,558633571.0,85062694.0,8905307,6170436001,1355583668.2,38989.7,11212.0,8416,1279447,113713.5,558294849.9,84900297.0,8844666,6169570393,1355552555.0,299731.5,126577.0,45632,918113,343701.2,cuLaunchKernel,void cutlass::Kernel2<cutlass_80_tensorop_f16_s16816gemm_relu_f16_64x256_32x4_tn_align8>(T1::Params)
3558747,3561120,0,180,180,557421226.5,78736216.5,13605120,5776617020,1466394585.0,61420.3,5230.0,4589,1246665,178478.6,557187247.7,78566873.0,13503716,5775305348,1466314147.3,172558.5,164960.5,91745,281729,63666.2,cudaLaunchKernel,"void <unnamed>::softmax_warp_backward<float, c10::Half, float, (int)9, (bool)0, (bool)0, (int)32>(T2 *, const T1 *, const T1 *, int, int, int, const bool *)"
3558747,3561120,0,72,72,556350553.8,70258608.5,15695398,5752218405,1472267023.7,85445.5,11482.0,10089,252010,108957.0,556162175.0,70164762.0,15602834,5752088256,1472292071.3,102933.3,100448.0,77761,128161,21522.0,cuLaunchKernel,void cutlass::Kernel2<cutlass_80_tensorop_f16_s16816gemm_f16_128x128_32x4_nt_align2>(T1::Params)
3558747,3561120,0,2321,2319,556144870.1,63759034.0,12209,6177512984,1446659365.7,1102221.4,7415.0,4990,474732421,20409513.9,555509972.4,63748874.0,1631,6177490953,1443553671.3,11358.5,6144.0,2400,880450,39404.3,cudaLaunchKernel,"void at::native::vectorized_elementwise_kernel<(int)4, at::native::FillFunctor<c10::Half>, std::array<char *, (unsigned long)1>>(int, T2, T3)"
3558747,3561120,0,504,504,555733831.2,78303746.5,10769062,5775896638,1354132053.2,18303.4,10204.5,8516,1072253,75728.1,555394846.4,77963613.0,10524518,5775459163,1354115635.5,320681.4,316048.5,230017,444129,63953.3,cuLaunchKernel,void cutlass::Kernel2<cutlass_80_tensorop_f16_s16816gemm_relu_f16_128x128_32x4_nn_align8>(T1::Params)
3558747,3561120,0,252,252,543724288.5,42327668.5,230947,5865091155,1467925147.3,22612.6,11091.0,9949,981581,91427.2,543524376.3,42204202.5,131624,5864656731,1467909850.3,177299.6,86448.5,58560,460609,146863.3,cuLaunchKernel,void cutlass::Kernel2<cutlass_75_tensorop_f16_s1688gemm_f16_256x128_nt_align1>(T1::Params)
3558747,3561120,0,216,216,537413200.3,92351332.5,11368342,5927721837,1352310929.1,25537.6,11517.0,8427,1023921,92644.7,537028756.3,92127520.0,11205424,5927001613,1352273428.5,358906.3,209441.0,144545,743138,253355.3,cuLaunchKernel,void cutlass::Kernel2<cutlass_80_tensorop_f16_s16816gemm_f16_256x128_32x3_tn_align2>(T1::Params)
3558747,3561120,0,5760,5753,528178619.3,64020583.0,11083,6701749626,1360639927.4,921328.1,8146.0,4699,471141749,16473235.0,527870541.2,64086647.0,888,6701631392,1358293653.9,28259.8,17104.5,2976,118497,27265.1,cudaLaunchKernel,"void at::native::vectorized_elementwise_kernel<(int)4, at::native::CUDAFunctor_add<c10::Half>, std::array<char *, (unsigned long)3>>(int, T2, T3)"
3558747,3561120,0,108,108,526077726.3,166255531.5,23079307,5256847265,1222918036.4,26457.1,8205.5,6372,906217,108647.2,525584659.6,165810806.5,22734333,5256213715,1222918093.9,466609.6,432128.5,326976,647362,119137.6,cudaLaunchKernel,"void <unnamed>::softmax_warp_forward<c10::Half, float, float, (int)10, (bool)0, (bool)0, (int)32>(T2 *, const T1 *, int, int, int, const bool *, int, bool)"
3558747,3561120,0,484,484,525052640.4,81070081.0,893812,6701692900,1325691075.2,363818.1,12699.5,8406,3682096,992502.3,523015315.4,80062829.0,277917,6698373808,1325790239.5,1673507.0,667425.5,421986,37337528,2820035.1,cudaLaunchKernel,ampere_fp16_s16816gemm_fp16_128x256_ldg8_f2f_stages_64x3_nn
3558747,3569404,0,9244,9239,523988037.9,536652681.0,16433,996443098,288925772.3,6494.7,5801.0,4699,527124,12108.2,524260961.9,536650666.0,246,996432165,288746216.2,4149.9,4128.0,3424,57088,1984.0,cudaLaunchKernel,"void at::native::elementwise_kernel<(int)128, (int)4, void at::native::gpu_kernel_impl_nocast<at::native::direct_copy_kernel_cuda(at::TensorIteratorBase &)::[lambda() (instance 3)]::operator ()() const::[lambda() (instance 1)]::operator ()() const::[lambda(unsigned char) (instance 1)]>(at::TensorIteratorBase &, const T1 &)::[lambda(int) (instance 1)]>(int, T3)"
3558747,3561120,0,216,215,523199496.7,141125075.5,73269,5865513378,1351862546.2,14899.5,11011.0,7925,436592,36984.4,525292155.3,140711292.0,905,5865021851,1354534251.1,324351.0,397921.0,60544,533857,191541.9,cuLaunchKernel,void cutlass::Kernel2<cutlass_75_tensorop_f16_s1688gemm_f16_128x256_nn_align1>(T1::Params)
3558747,3561120,0,216,216,521826516.4,82057836.0,9708093,5682402249,1390875742.0,16651.4,9803.5,8426,555389,54501.3,521010136.1,81104968.5,9477110,5681637739,1390855715.1,799729.0,940755.0,208513,1285379,432162.9,cuLaunchKernel,void cutlass::Kernel2<cutlass_80_tensorop_f16_s16816gemm_relu_f16_256x128_32x3_nn_align8>(T1::Params)
3558747,3561120,0,576,576,516956867.8,65800693.0,707880,6034129458,1379088062.7,52491.6,10029.0,8406,885117,164981.1,516797430.5,65716420.0,669179,6033774338,1379089814.8,106945.7,76848.0,28864,343776,80132.9,cudaLaunchKernel,"void at::native::vectorized_elementwise_kernel<(int)4, at::native::<unnamed>::silu_backward_kernel(at::TensorIteratorBase &)::[lambda() (instance 1)]::operator ()() const::[lambda() (instance 3)]::operator ()() const::[lambda(c10::Half, c10::Half) (instance 1)], std::array<char *, (unsigned long)3>>(int, T2, T3)"
3558747,3561120,0,6384,6370,516290050.9,63884971.0,8542,6208761254,1313828217.4,453226.5,5946.5,4168,467363219,11902653.5,516903197.8,64011136.0,6,6208462616,1313786571.9,67187.8,23072.0,1792,2248484,191905.4,cudaLaunchKernel,"void at::native::vectorized_elementwise_kernel<(int)4, at::native::BinaryFunctor<float, float, float, at::native::binary_internal::MulFunctor<float>>, std::array<char *, (unsigned long)3>>(int, T2, T3)"
3558747,3561120,0,1188,1179,511902047.3,77831890.5,27850,6177719492,1303106894.9,1286342.7,10745.5,7334,464943659,20134221.8,514355964.1,77790665.0,310,6177147265,1303583252.9,156387.0,106096.5,15712,868163,176011.6,cudaLaunchKernel,ampere_fp16_s16816gemm_fp16_128x128_ldg8_f2f_stages_32x5_nn
3558747,3561120,0,2320,2318,511512627.5,64006401.5,14249,6208026303,1295086411.5,1252698.2,6432.0,5039,466696959,23614635.8,510662627.5,64037640.0,1858,6206799675,1291562431.3,37528.5,32848.0,6272,140864,24157.1,cudaLaunchKernel,"void at::native::reduce_kernel<(int)512, (int)1, at::native::ReduceOp<float, at::native::func_wrapper_t<float, at::native::sum_functor<float, float, float>::operator ()(at::TensorIterator &)::[lambda(float, float) (instance 1)]>, unsigned int, float, (int)4, (int)4>>(T3)"
3558747,3561120,0,2320,2313,510228748.0,63971797.0,11448,6206749384,1291089335.1,619541.4,8917.0,7394,152507954,7298598.4,511148652.9,64507272.0,1248,6205699283,1291021003.5,2815.7,2880.0,1760,3968,353.0,cudaLaunchKernel,"void at::native::vectorized_elementwise_kernel<(int)4, void at::native::<unnamed>::pow_tensor_scalar_kernel_impl<float, float>(at::TensorIteratorBase &, T2)::[lambda(float) (instance 2)], std::array<char *, (unsigned long)2>>(int, T2, T3)"
3558747,3561120,0,6912,6878,509672400.7,63453958.5,14137,6177509565,1334559474.8,355953.5,8906.5,4618,469482377,11567324.2,511796563.3,63574296.5,130,6177480689,1336170806.7,37406.7,24992.0,4288,182400,36905.1,cudaLaunchKernel,"void at::native::elementwise_kernel<(int)128, (int)4, void at::native::gpu_kernel_impl_nocast<at::native::direct_copy_kernel_cuda(at::TensorIteratorBase &)::[lambda() (instance 3)]::operator ()() const::[lambda() (instance 10)]::operator ()() const::[lambda(c10::Half) (instance 1)]>(at::TensorIteratorBase &, const T1 &)::[lambda(int) (instance 1)]>(int, T3)"
3558747,3561120,0,4640,4627,508894986.2,63771473.0,8807,6205669187,1287142591.8,137346.7,7494.0,4950,152956478,3339170.8,510166391.2,63833982.0,379,6052710149,1288291318.2,20596.2,3552.0,1696,163200,32500.3,cudaLaunchKernel,"void at::native::vectorized_elementwise_kernel<(int)4, at::native::AUnaryFunctor<float, float, float, at::native::binary_internal::MulFunctor<float>>, std::array<char *, (unsigned long)2>>(int, T2, T3)"
3558747,3561120,0,2320,2311,508344346.8,63924942.5,14341,6052398149,1285495180.9,94264.9,8786.0,7274,51837787,1522766.5,510193253.2,64371101.0,303,6051890906,1287442328.4,36032.4,25312.0,5120,140288,30335.8,cudaLaunchKernel,"void at::native::elementwise_kernel<(int)128, (int)2, void at::native::gpu_kernel_impl_nocast<at::native::BUnaryFunctor<float, float, float, at::native::binary_internal::MulFunctor<float>>>(at::TensorIteratorBase &, const T1 &)::[lambda(int) (instance 1)]>(int, T3)"
3558747,3561120,0,1152,1150,505852954.6,63569141.5,15233,6176926204,1347640733.0,72107.6,9343.0,6632,2206124,320597.9,506547252.2,63548850.0,365,6176136925,1348627432.2,113018.2,38896.0,4928,753537,183502.3,cudaLaunchKernel,"void at::native::vectorized_elementwise_kernel<(int)4, at::native::AUnaryFunctor<c10::Half, c10::Half, c10::Half, at::native::binary_internal::MulFunctor<float>>, std::array<char *, (unsigned long)2>>(int, T2, T3)"
3558747,3561120,0,72,72,504587097.9,14583293.0,4843984,5681812800,1470619849.2,22293.0,11171.0,10139,403338,64841.7,504482201.4,14478166.5,4762315,5681709585,1470582322.4,82603.4,80528.0,66624,96673,12535.4,cuLaunchKernel,void cutlass::Kernel2<cutlass_75_tensorop_f16_s1688gemm_f16_128x64_nt_align1>(T1::Params)
3558747,3561120,0,2304,2292,503866255.5,63474817.5,13610,6177578201,1340412920.0,182242.5,8837.0,7044,151540891,4484869.4,506303954.7,63495506.0,810,6177543355,1342861215.5,17063.1,10320.0,4448,83008,16805.6,cudaLaunchKernel,"void at::native::elementwise_kernel<(int)128, (int)4, void at::native::gpu_kernel_impl_nocast<at::native::neg_kernel_cuda(at::TensorIteratorBase &)::[lambda() (instance 2)]::operator ()() const::[lambda() (instance 8)]::operator ()() const::[lambda(c10::Half) (instance 1)]>(at::TensorIteratorBase &, const T1 &)::[lambda(int) (instance 1)]>(int, T3)"
3558747,3561120,0,216,216,502666010.2,13310749.0,255494,5694744804,1463430489.7,18017.3,5510.5,4789,633016,75014.8,502596462.8,13250222.0,186061,5694035261,1463397842.1,51530.1,50464.5,25504,87008,18603.1,cudaLaunchKernel,"void <unnamed>::softmax_warp_backward<float, c10::Half, float, (int)8, (bool)0, (bool)0, (int)32>(T2 *, const T1 *, const T1 *, int, int, int, const bool *)"
3558747,3561120,0,144,144,497668510.1,70562093.5,11502561,5750655524,1346110473.9,22950.9,11622.0,8266,71065,19776.8,497539030.2,70468451.5,11406639,5750525599,1346114621.0,106529.0,103312.5,79008,134401,21960.9,cuLaunchKernel,void cutlass::Kernel2<cutlass_80_tensorop_f16_s16816gemm_f16_128x128_32x4_nn_align2>(T1::Params)
3558747,3561120,0,1152,1149,494881344.3,63607787.0,13998,5504935783,1228786684.3,15561.1,6482.0,5241,748286,49807.0,496105643.3,63684705.0,309,5504777479,1230111392.3,52087.5,33408.5,6304,266816,53972.4,cudaLaunchKernel,"void at::native::elementwise_kernel<(int)128, (int)2, void at::native::gpu_kernel_impl_nocast<at::native::CUDAFunctor_add<float>>(at::TensorIteratorBase &, const T1 &)::[lambda(int) (instance 1)]>(int, T3)"
3558747,3561120,0,9232,9183,491655659.8,63349805.0,13978,6701863528,1298675067.1,528156.6,8457.0,6072,463357606,12667016.4,493708967.7,63489681.0,8,6655970015,1299776958.0,38964.1,25968.0,5472,188000,35925.5,cudaLaunchKernel,"void at::native::elementwise_kernel<(int)128, (int)4, void at::native::gpu_kernel_impl_nocast<at::native::BinaryFunctor<c10::Half, c10::Half, c10::Half, at::native::binary_internal::MulFunctor<float>>>(at::TensorIteratorBase &, const T1 &)::[lambda(int) (instance 1)]>(int, T3)"
3558747,3561120,0,360,360,490114633.1,34328662.5,56046,5929191204,1297017100.1,30239.4,10329.0,9188,2443987,190515.0,489886029.1,34248719.5,824,5928329031,1296942111.4,198364.5,63456.0,45280,774626,280077.1,cuLaunchKernel,void cutlass::Kernel2<cutlass_80_tensorop_f16_s16816gemm_relu_f16_128x128_32x5_nn_align8>(T1::Params)
3558747,3561120,0,936,936,488500278.2,42075081.5,527766,6169293005,1330505133.5,43718.0,11642.5,8276,948277,150527.8,487665500.6,41306140.5,201754,6168151033,1330501812.6,791059.5,643698.5,293186,2215204,443700.1,cudaLaunchKernel,ampere_fp16_s16816gemm_fp16_256x128_ldg8_f2f_stages_64x3_nn
3558747,3561120,0,36,36,486553800.6,1552757.0,1381253,5667677767,1480406588.0,11700.6,11201.5,10310,19898,1729.4,486484957.4,1484842.0,1313381,5667611265,1480407125.6,57142.6,56704.5,55457,61088,1391.1,cuLaunchKernel,void cutlass::Kernel2<cutlass_75_tensorop_f16_s1688gemm_f16_128x256_nt_align1>(T1::Params)
3558747,3561120,0,5776,5751,484341278.4,63370016.0,13506,6208849006,1256514984.8,566522.6,8336.0,4509,467668321,13318750.8,485826113.1,63513701.0,258,6207805961,1256989045.6,51429.2,37505.0,5792,265761,45535.3,cudaLaunchKernel,"void at::native::elementwise_kernel<(int)128, (int)2, void at::native::gpu_kernel_impl_nocast<at::native::BinaryFunctor<float, float, float, at::native::binary_internal::MulFunctor<float>>>(at::TensorIteratorBase &, const T1 &)::[lambda(int) (instance 1)]>(int, T3)"
3558747,3561120,0,504,502,484119297.3,40626742.5,93215,5863803976,1345682755.8,16224.2,10786.0,8236,667241,49697.0,485673403.4,40932285.5,704,5862689882,1347997767.2,356950.5,150704.0,80704,1112707,360169.1,cuLaunchKernel,void cutlass::Kernel2<cutlass_75_tensorop_f16_s1688gemm_f16_64x64_tn_align1>(T1::Params)
3558747,3561120,0,36,36,483534616.3,531725.5,462698,5646971509,1475226430.2,6983.3,4989.5,4609,68581,10581.7,483517796.5,515760.0,448087,5646956181,1475226831.4,9836.5,9824.0,9377,10400,212.2,cudaLaunchKernel,"void <unnamed>::softmax_warp_backward<float, c10::Half, float, (int)7, (bool)0, (bool)0, (int)32>(T2 *, const T1 *, const T1 *, int, int, int, const bool *)"
3558747,3561120,0,5222,5191,471927674.4,62873212.0,11733,6051796068,1242895386.5,44608.0,7794.0,4258,12719367,361631.6,474651794.9,62983068.0,351,6051651639,1246017659.8,49011.5,20704.0,3296,1405028,119729.9,cudaLaunchKernel,"void at::native::vectorized_elementwise_kernel<(int)4, at::native::float16_copy_kernel_cuda(at::TensorIteratorBase &)::[lambda(float) (instance 1)], std::array<char *, (unsigned long)2>>(int, T2, T3)"
3558747,3561120,0,144,144,465589625.6,41911452.5,164421,5704330308,1345140318.4,26746.0,10810.5,7995,685235,97215.1,465456098.8,41772239.0,67696,5703525553,1345078225.2,106780.8,103568.5,81056,133408,21457.5,cuLaunchKernel,void cutlass::Kernel2<cutlass_75_tensorop_f16_s1688gemm_f16_128x128_nn_align1>(T1::Params)
3558747,3561120,0,792,789,464875114.4,48332915.5,27098,5659795891,1239131484.1,38075.1,10450.0,6603,12612082,451082.0,466379328.9,48407139.0,385,5659750918,1241084583.2,224305.9,210800.5,15136,560993,134746.0,cudaLaunchKernel,ampere_fp16_s16816gemm_fp16_128x128_ldg8_f2f_stages_32x5_tn
3558747,3561120,0,72,72,463246332.2,105353564.0,17812268,5122853565,1219034628.3,15285.1,10921.5,9729,198307,25227.6,463118603.7,105229926.5,17693433,5122547578,1219025730.1,112443.4,113328.5,106592,116544,2665.0,cuLaunchKernel,void cutlass::Kernel2<cutlass_80_tensorop_f16_s16816gemm_relu_f16_256x128_32x3_tn_align8>(T1::Params)
3558747,3561120,0,504,503,459018115.0,47623124.5,72178,5475018807,1215252241.0,56469.8,11066.0,5831,12622192,563789.8,459539404.7,47273198.0,19923,5473833997,1216156562.0,334029.8,61552.5,56288,1188001,398110.2,cuLaunchKernel,void cutlass::Kernel2<cutlass_80_tensorop_f16_s16816gemm_relu_f16_128x128_32x5_tn_align8>(T1::Params)
3558747,3561120,0,648,645,456881347.0,63352605.5,434209,5476853716,1214475209.0,231034.9,10856.0,5941,51029837,2863203.7,457466328.3,62574653.0,172,5473266906,1216124414.9,1301892.6,767922.5,422146,3701251,1038793.4,cudaLaunchKernel,ampere_fp16_s16816gemm_fp16_128x256_ldg8_f2f_stages_64x3_tn
3558747,3569404,0,69604,69602,456155947.6,509159210.0,33251,1010402188,286468421.4,996513.4,8095.0,4930,16456879,2013990.9,455169053.2,507660550.0,554,1010390296,286395602.1,3460.0,3360.0,2496,514691,6608.2,cudaLaunchKernel,"void at::native::elementwise_kernel<(int)128, (int)2, void at::native::gpu_kernel_impl_nocast<at::native::direct_copy_kernel_cuda(at::TensorIteratorBase &)::[lambda() (instance 3)]::operator ()() const::[lambda() (instance 4)]::operator ()() const::[lambda(long) (instance 1)]>(at::TensorIteratorBase &, const T1 &)::[lambda(int) (instance 1)]>(int, T3)"
3558747,3561120,0,216,215,455923186.3,17233808.0,77191,5687706507,1296053304.0,16750.1,11923.0,10661,527065,46785.8,457914224.9,17566823.0,819,5687483218,1298688230.5,112194.4,63521.0,58016,214465,71015.5,cudaLaunchKernelExC,sm80_xmma_gemm_f16f16_f16f32_f32_nn_n_tilesize96x128x32_stage4_warpsize2x2x1_tensor16x8x16_execute_kernel__5x_cublas
3558747,3561120,0,72,72,455588781.9,1594183.0,178512,5667763648,1364833168.8,10393.5,10229.5,9388,14618,857.2,455409554.0,1417177.0,992,5667584874,1364833937.0,168834.4,167696.0,165537,177889,3118.6,cuLaunchKernel,void cutlass::Kernel2<cutlass_80_tensorop_f16_s16816gemm_relu_f16_128x128_32x6_nn_align8>(T1::Params)
3558747,3561120,0,72,69,454336988.0,1424934.0,143759,5659930617,1362777778.2,11735.0,11291.5,10770,14628,975.9,473938701.8,1284834.0,554,5659780589,1389099603.4,134075.0,133648.0,131777,138721,1487.9,cudaLaunchKernelExC,sm80_xmma_gemm_f16f16_f16f32_f32_nn_n_tilesize160x128x32_stage4_warpsize2x2x1_tensor16x8x16_execute_kernel__5x_cublas
3558747,3569404,0,58904,58904,453510276.1,502634840.0,3166468,1010366318,281297395.6,213053.0,4719.0,3777,9386025,1150006.4,447929426.7,496041874.5,2061,1003544547,278274384.6,5367796.4,6524829.0,1047140,13668830,3088149.7,cudaLaunchKernel,void <unnamed>::qvq_fused_w2_family_grid_kernel<(bool)0>(<unnamed>::FusedSequenceArgs)
3558747,3569404,0,58904,58904,453401685.7,502737524.5,3261841,1010463246,280903927.5,586730.5,4479.0,3547,22806237,1828298.8,452710948.5,502626051.0,3148420,1010348712,280784917.6,104006.7,105824.0,71552,119648,6774.9,cudaLaunchKernel,"<unnamed>::qvq_fused_w2_traceback_kernel(const unsigned char *, const unsigned char *, const int *, long *, unsigned char *, int)"
3558747,3561120,0,72,72,450451743.4,92071826.5,14978298,5098077901,1216672115.2,26458.1,11587.0,10239,1029041,119964.2,450313229.4,91946799.5,14857079,5097960061,1216668415.8,112055.9,113152.0,104896,116544,3110.5,cudaLaunchKernel,ampere_fp16_s16816gemm_fp16_256x128_ldg8_f2f_stages_32x3_tn
3558747,3561120,0,792,790,449873966.0,85006303.5,326430,5271004337,1210404229.2,128764.1,10725.0,5892,51015690,1887770.2,450043994.9,86095351.0,675,5257344531,1211376975.5,837685.3,668563.0,314625,2018404,480657.5,cudaLaunchKernel,ampere_fp16_s16816gemm_fp16_256x128_ldg8_f2f_stages_64x3_tn
3558747,3569404,0,58904,58904,448151729.2,496054562.0,26041,1003555918,278670621.9,6542.3,5220.0,4098,913571,16029.6,448131732.6,496035908.0,667,1003535993,278670427.2,13454.3,13568.0,9280,16928,1651.0,cudaLaunchKernel,"<unnamed>::qvq_fused_detect_family_mask_kernel(const unsigned int *, int *)"
3558747,3569404,0,58920,58918,448041716.5,496048784.5,8389,1003555661,278719107.3,18426.3,8917.0,4819,54029232,627193.9,448036714.7,496039580.5,107,1003544493,278722598.0,1783.8,1856.0,1376,4096,172.9,cudaLaunchKernel,"void at::native::vectorized_elementwise_kernel<(int)4, at::native::FillFunctor<int>, std::array<char *, (unsigned long)1>>(int, T2, T3)"
3558747,3561120,0,1728,1728,447142300.0,64766756.5,482571,5480216243,1209302511.6,148404.8,9558.5,4579,51207646,1772901.2,446888692.6,64689777.0,440865,5479867052,1209066990.4,105202.6,76688.5,24449,346304,80759.8,cudaLaunchKernel,"void at::native::vectorized_elementwise_kernel<(int)4, at::native::BinaryFunctor<c10::Half, c10::Half, c10::Half, at::native::binary_internal::MulFunctor<float>>, std::array<char *, (unsigned long)3>>(int, T2, T3)"
3558747,3561120,0,2304,2291,446640533.9,62718779.5,12521,5475644396,1212240714.0,49422.7,8757.0,7034,12392033,414326.6,449086460.4,62832550.0,763,5475596886,1215129354.1,38567.4,23200.0,3712,163936,37574.5,cudaLaunchKernel,"void at::native::vectorized_elementwise_kernel<(int)4, void at::native::<unnamed>::pow_tensor_scalar_kernel_impl<float, float>(at::TensorIteratorBase &, T2)::[lambda(float) (instance 1)], std::array<char *, (unsigned long)2>>(int, T2, T3)"
3558747,3561120,0,576,576,446609207.9,63522192.0,287867,5473383470,1212233018.9,274853.0,9728.5,8095,50213772,3615792.6,446259305.9,63457647.0,257836,5473132807,1211207297.7,75049.0,54896.0,19872,234176,54048.2,cudaLaunchKernel,"void at::native::vectorized_elementwise_kernel<(int)4, at::native::<unnamed>::silu_kernel(at::TensorIteratorBase &)::[lambda() (instance 1)]::operator ()() const::[lambda() (instance 5)]::operator ()() const::[lambda(c10::Half) (instance 1)], std::array<char *, (unsigned long)2>>(int, T2, T3)"
3558747,3561120,0,2304,2291,446606090.3,62713682.0,14286,5475651388,1212164189.9,97872.4,7495.0,6072,12270742,510600.8,449008692.7,62834931.0,1444,5475608217,1215093451.0,32998.2,26480.5,5760,121760,23850.1,cudaLaunchKernel,"void at::native::reduce_kernel<(int)512, (int)1, at::native::ReduceOp<float, at::native::MeanOps<float, float, float, float>, unsigned int, float, (int)4, (int)4>>(T3)"
3558747,3561120,0,2304,2295,446488256.0,62688664.5,10322,5475620480,1212126519.9,38142.7,7875.0,6283,12589509,381020.3,448198317.1,62804983.0,1305,5475608967,1214118969.1,2575.0,2560.0,1664,3712,337.5,cudaLaunchKernel,"void at::native::vectorized_elementwise_kernel<(int)4, at::native::CUDAFunctorOnSelf_add<float>, std::array<char *, (unsigned long)2>>(int, T2, T3)"
3558747,3561120,0,2304,2288,446441948.4,62673557.0,9377,5475601840,1212065979.9,86887.7,6513.0,5190,3843203,353408.1,449473992.6,62841093.5,961,5475593190,1215707219.3,2421.0,2432.0,1792,3136,216.3,cudaLaunchKernel,"void at::native::vectorized_elementwise_kernel<(int)4, at::native::rsqrt_kernel_cuda(at::TensorIteratorBase &)::[lambda() (instance 2)]::operator ()() const::[lambda() (instance 2)]::operator ()() const::[lambda(float) (instance 1)], std::array<char *, (unsigned long)2>>(int, T2, T3)"
3558747,3561120,0,1152,1147,446067798.3,62491904.0,18654,5476338276,1211503889.5,38038.6,7404.0,5922,1115004,97561.0,447916464.3,62508745.0,94,5476260915,1213784048.6,57379.9,38144.0,10368,275040,55815.2,cudaLaunchKernel,"void at::native::<unnamed>::CatArrayBatchedCopy<at::native::<unnamed>::OpaqueType<(unsigned int)2>, unsigned int, (int)4, (int)64, (int)64>(T1 *, at::native::<unnamed>::CatArrInputTensorMetadata<T1, T2, T4, T5>, at::native::<unnamed>::TensorSizeStride<T2, (unsigned int)4>, int, T2)"
3558747,3561120,0,1728,1712,446055223.7,62492048.0,14375,5479577181,1211362937.5,40796.3,7023.5,5360,1063226,123129.1,450068265.2,62636362.5,592,5477974927,1216233823.9,113473.9,36896.5,6400,1677313,255550.8,cudaLaunchKernel,"void at::native::elementwise_kernel<(int)128, (int)4, void at::native::gpu_kernel_impl_nocast<at::native::CUDAFunctor_add<c10::Half>>(at::TensorIteratorBase &, const T1 &)::[lambda(int) (instance 1)]>(int, T3)"
3558747,3561120,0,144,144,445707703.9,13543703.5,2796941,5681378207,1344620269.9,10651.5,10885.0,8306,22914,1965.0,445631937.9,13468098.0,2729162,5681296970,1344621193.5,65114.5,65072.5,52193,76672,9608.6,cuLaunchKernel,void cutlass::Kernel2<cutlass_75_tensorop_f16_s1688gemm_f16_128x64_nn_align1>(T1::Params)
3558747,3569404,0,30408,30374,442478059.7,507157684.0,12526,1010428792,286189787.7,16434.9,9809.0,6062,31424379,351063.8,442953271.7,507231876.0,29,1010416030,285966992.7,3635.1,3392.0,2112,162016,5141.3,cudaLaunchKernel,"void at::native::unrolled_elementwise_kernel<at::native::direct_copy_kernel_cuda(at::TensorIteratorBase &)::[lambda() (instance 3)]::operator ()() const::[lambda() (instance 4)]::operator ()() const::[lambda(long) (instance 1)], std::array<char *, (unsigned long)2>, (int)4, TrivialOffsetCalculator<(int)1, unsigned int>, TrivialOffsetCalculator<(int)1, unsigned int>, at::native::memory::LoadWithCast<(int)1>, at::native::memory::StoreWithCast<(int)1>>(int, T1, T2, T4, T5, T6, T7)"
3558747,3561120,0,180,180,439291423.5,76641036.0,9887629,5119108292,1209959311.9,23747.5,7133.0,5952,1218813,105894.6,439138148.6,76476976.5,9790943,5118919237,1209958633.0,129527.5,121696.5,80096,194593,37308.6,cudaLaunchKernel,"void <unnamed>::softmax_warp_forward<c10::Half, float, float, (int)9, (bool)0, (bool)0, (int)32>(T2 *, const T1 *, int, int, int, const bool *, int, bool)"
3558747,3561120,0,72,68,433102114.0,45476.0,44311,5029188870,1290931828.0,10173.4,9899.0,9098,14558,993.6,458531774.9,1368.5,777,5029143511,1324440033.2,34233.0,34209.0,33632,34976,257.0,cuLaunchKernel,void cutlass::Kernel2<cutlass_80_tensorop_f16_s16816gemm_relu_f16_256x64_32x4_nn_align8>(T1::Params)
3558747,3561120,0,72,72,427129628.0,69594139.5,11407711,5065895926,1213393261.5,73945.8,12543.5,11532,3732472,444774.1,426964385.4,69489983.0,11305660,5062076638,1213192281.5,91296.8,91856.5,86113,93249,1869.1,cudaLaunchKernelExC,sm80_xmma_gemm_f16f16_f16f32_f32_tn_n_tilesize192x128x32_stage3_warpsize4x2x1_tensor16x8x16_execute_kernel__5x_cublas
3558747,3561120,0,72,72,419396536.7,62358507.5,9962335,5056482602,1212894112.8,14896.3,12344.0,11282,170676,18699.3,419299191.1,62263762.0,9866035,5056233526,1212887073.5,82449.3,82464.0,77408,85472,1849.3,cudaLaunchKernelExC,sm80_xmma_gemm_f16f16_f16f32_f32_tn_n_tilesize160x128x32_stage4_warpsize2x2x1_tensor16x8x16_execute_kernel__5x_cublas
3558747,3561120,0,288,279,418274103.1,45930896.5,157644,5166514889,1209484200.9,14380.6,9833.5,8566,370236,32582.5,431604102.3,55516870.0,477,5166349175,1226518160.0,143310.3,153968.0,93184,179777,27078.3,cuLaunchKernel,void cutlass::Kernel2<cutlass_80_tensorop_f16_s16816gemm_relu_f16_128x128_32x4_tn_align8>(T1::Params)
3558747,3569404,0,23444,23349,414321899.7,531431318.0,10478,1009898568,335276343.8,18400.7,7494.0,5060,2026902,58454.9,415961240.1,531533579.0,2,1009885480,334935978.0,27841.4,4736.0,3072,1959016,83950.4,cudaLaunchKernel,"void at::native::elementwise_kernel<(int)128, (int)2, void at::native::gpu_kernel_impl_nocast<at::native::CUDAFunctor_add<float>>(at::TensorIteratorBase &, const T1 &)::[lambda(int) (instance 1)]>(int, T3)"
3558747,3561120,0,216,214,385022589.9,10809271.5,34283,5040963990,1207001240.0,10490.7,7308.5,6272,613459,41275.1,388567737.5,11113936.0,1278,5040884415,1212074752.1,42217.1,41808.0,25376,63488,12514.2,cudaLaunchKernel,"void <unnamed>::softmax_warp_forward<c10::Half, float, float, (int)8, (bool)0, (bool)0, (int)32>(T2 *, const T1 *, int, int, int, const bool *, int, bool)"
3558747,3561120,0,144,137,368837842.7,63551.0,59880,5032370497,1206360913.3,13890.1,12223.0,11262,198048,15516.0,387616214.8,989.0,68,5032304615,1234034880.2,50286.0,50128.0,47937,56288,1509.5,cudaLaunchKernelExC,sm80_xmma_gemm_f16f16_f16f32_f32_tn_n_tilesize96x128x32_stage4_warpsize2x2x1_tensor16x8x16_execute_kernel__5x_cublas
3558747,3561120,0,72,66,367772281.2,125038.5,122781,5014209946,1207681016.0,11959.9,11662.0,10370,15440,1035.9,401070587.3,1050.0,285,5014079566,1256786018.6,112431.7,112160.5,110785,116032,1240.3,cudaLaunchKernel,ampere_fp16_s16816gemm_fp16_256x64_ldg8_f2f_stages_64x3_tn
3558747,3561120,0,72,67,367730853.0,47414.0,45225,5013925354,1207749103.0,12066.5,11627.0,10550,17383,1356.2,395123536.1,1091.0,349,5013877698,1248260912.7,34512.5,34480.0,32832,36512,927.0,cudaLaunchKernel,ampere_fp16_s16816gemm_fp16_128x64_ldg8_f2f_stages_64x4_tn
3558747,3561120,0,36,34,367400004.8,24876.5,24221,4997194105,1215311701.5,7166.9,6712.5,6182,11942,1190.9,388987185.7,2100.0,1263,4997169655,1248132731.1,16112.1,16080.0,15904,16544,162.8,cudaLaunchKernel,"void <unnamed>::softmax_warp_forward<c10::Half, float, float, (int)7, (bool)0, (bool)0, (int)32>(T2 *, const T1 *, int, int, int, const bool *, int, bool)"
3558747,3569404,0,18916,18915,343374667.9,340649242.5,57671,728707648,208591862.7,82149.5,87878.0,5090,2847446,58263.1,343303904.7,340570236.0,3502632,728609306,208573018.8,6762.7,6848.0,3712,10272,513.7,cudaLaunchKernel,"void at::native::index_elementwise_kernel<(int)128, (int)4, void at::native::gpu_index_kernel<void at::native::index_put_kernel_impl<at::native::OpaqueType<(int)1>>(at::TensorIterator &, c10::ArrayRef<long>, c10::ArrayRef<long>)::[lambda(char *, const char *, long) (instance 1)]>(at::TensorIteratorBase &, c10::ArrayRef<long>, c10::ArrayRef<long>, const T1 &, bool)::[lambda(int) (instance 1)]>(long, T3)"
3558747,3558747,0,36,36,338794937.8,450245588.5,6924284,460971844,156500096.7,44977.3,12839.5,10049,96394,37827.0,335330573.4,446759949.5,3559977,457438876,156459172.3,3419387.1,3418722.5,3337986,3450338,26639.3,cuLaunchKernel,void cutlass::Kernel2<cutlass_80_tensorop_f16_s16816gemm_relu_f16_128x256_32x6_tn_align8>(T1::Params)
3558747,3569404,0,60304,60304,282932458.3,197533845.5,646178,1003622604,269186300.7,14699.2,8727.0,5080,2788684,36013.2,282914253.2,197519957.0,633655,1003609424,269182886.4,3505.9,3456.0,1984,73216,1170.5,cudaLaunchKernel,"void at::native::elementwise_kernel<(int)128, (int)2, void at::native::gpu_kernel_impl_nocast<at::native::AUnaryFunctor<long, long, long, at::native::BitwiseAndFunctor<long>>>(at::TensorIteratorBase &, const T1 &)::[lambda(int) (instance 1)]>(int, T3)"
3558747,3569404,0,60360,60350,279838150.9,194242087.0,13219,996861410,266836922.9,20030.8,9759.0,5250,36770867,294474.9,279861441.0,194317560.5,265,996850674,266832285.7,3044.6,2816.0,2112,12032,562.0,cudaLaunchKernel,"void at::native::roll_cuda_kernel<float>(const T1 *, T1 *, long, long, long, long, long, long)"
3558747,3569404,0,37832,37832,272405459.4,241831688.5,35914,746529434,183525972.2,7693.8,6303.0,4959,4841215,30933.4,269658195.0,239945749.0,587,732280985,180719342.6,2739570.6,1257061.5,19360,14395813,3157279.2,cudaLaunchKernel,void cutlass::Kernel2<cutlass_80_simt_sgemm_grouped_128x128_8x4_align1>(T1::Params)
3558747,3569404,0,37832,37832,272402523.6,241824759.0,36999,746524001,183522654.5,6830.7,5250.0,4248,1742470,30008.1,272391753.4,241815185.5,1905,746513873,183522635.9,3939.5,3872.0,2176,348769,3966.9,cudaLaunchKernel,"<unnamed>::qvq_yaqa_feedback_epilogue_kernel(const float *, const float *, const float *, const float *, const float *, float *, int, int, int, int, int)"
3558747,3569404,0,37832,37831,272001272.0,242068091.5,20348,6034784424,183626178.5,2145132.8,10159.0,5020,6034784424,31123741.8,269856153.3,239893685.0,1529,728709612,179132319.6,7119.1,7104.0,3328,12992,316.5,cudaLaunchKernel,"void at::native::index_elementwise_kernel<(int)128, (int)4, void at::native::gpu_index_kernel<void at::native::index_put_kernel_impl<at::native::OpaqueType<(int)8>>(at::TensorIterator &, c10::ArrayRef<long>, c10::ArrayRef<long>)::[lambda(char *, const char *, long) (instance 1)]>(at::TensorIteratorBase &, c10::ArrayRef<long>, c10::ArrayRef<long>, const T1 &, bool)::[lambda(int) (instance 1)]>(long, T3)"
3558747,3569404,0,37832,37832,271253890.2,241033438.5,20344,742695462,182283502.5,72948.8,6052.0,4478,3762139,204949.7,271178614.6,240815437.0,957,742686215,182287492.1,2326.9,2336.0,1792,114113,1223.4,cudaLaunchKernel,"void at::native::vectorized_elementwise_kernel<(int)4, at::native::bitwise_not_kernel_cuda(at::TensorIteratorBase &)::[lambda(bool) (instance 1)], std::array<char *, (unsigned long)2>>(int, T2, T3)"
3558747,3569404,0,37688,37688,270793678.5,242862049.5,289191,732443048,180406441.0,6289.3,5320.0,4318,2702540,19318.6,269971103.3,242089175.0,68370,729615323,179618019.1,816285.8,488946.5,4064,2938156,897048.2,cudaLaunchKernel,"void gemmSN_NN_kernel<float, (int)128, (int)2, (int)4, (int)8, (int)4, (int)4, (bool)0, cublasGemvTensorBatched<const float>, cublasGemvTensorBatched<const float>, cublasGemvTensorBatched<float>>(cublasGemmSmallNParams<T9, T10, T11, T1>)"
3558747,3569404,0,37832,37832,269705217.3,239981927.5,107963,732333994,180724147.0,13862.3,11031.0,9187,12180260,86463.4,269689261.2,239968221.5,52,732319260,180725480.2,2093.8,2080.0,1632,6272,134.3,cudaLaunchKernel,"<unnamed>::qvq_yaqa_grouped_pointers_kernel(const float *, const float *, float *, float **, float **, float **, int, int, int, int, int, int)"
3558747,3569404,0,56516,56486,269512671.7,198610641.5,12446,1009951734,242249586.1,9160.6,7474.0,5410,2916909,41661.5,269642241.9,198778763.5,141,1009940116,242234602.4,4404.1,4192.0,2912,223361,5413.2,cudaLaunchKernel,"void at::native::unrolled_elementwise_kernel<at::native::direct_copy_kernel_cuda(at::TensorIteratorBase &)::[lambda() (instance 3)]::operator ()() const::[lambda() (instance 7)]::operator ()() const::[lambda(float) (instance 1)], std::array<char *, (unsigned long)2>, (int)4, TrivialOffsetCalculator<(int)1, unsigned int>, TrivialOffsetCalculator<(int)1, unsigned int>, at::native::memory::LoadWithCast<(int)1>, at::native::memory::StoreWithCast<(int)1>>(int, T1, T2, T4, T5, T6, T7)"
3558747,3569404,0,37836,37831,269154633.1,239975198.0,107695,729636384,179844795.3,8558.5,6933.0,5551,2262531,34110.4,268418769.0,239274990.0,368,728482985,179308661.3,762777.0,400161.0,9632,19000051,992717.8,cudaLaunchKernel,ampere_sgemm_128x128_nt
3558747,3569404,0,75720,75720,268906873.0,238576286.0,10025,728778664,179595449.7,7250.6,5861.0,4118,3993880,31193.2,268897369.2,238568302.5,974,728769513,179595826.6,2253.2,2272.0,1760,59968,473.7,cudaLaunchKernel,"void at::native::vectorized_elementwise_kernel<(int)4, at::native::BinaryFunctor<bool, bool, bool, at::native::logical_or_kernel_cuda(at::TensorIterator &)::[lambda() (instance 2)]::operator ()() const::[lambda() (instance 9)]::operator ()() const::[lambda(bool, bool) (instance 1)]>, std::array<char *, (unsigned long)3>>(int, T2, T3)"
3558747,3569404,0,37832,37830,268413241.6,238864010.0,21133,728531227,179304981.8,12966.9,11272.0,8596,993333,27268.2,268412498.1,238863576.0,1208704,728517260,179299562.4,1966.3,1952.0,1600,5600,110.0,cudaLaunchKernel,"<unnamed>::qvq_yaqa_update_grouped_pointers_kernel(float *, float *, const float *, const float *, const float *, float **, float **, float **, int, int, int, int, int, int)"
3558747,3569404,0,18432,18427,265919567.2,4623881.0,16712,1009972413,334069258.4,9841.6,9017.0,6102,1642409,22446.5,265977457.9,5382474.0,845,1009959696,334085491.5,4419.3,4288.0,3872,5760,469.2,cudaLaunchKernel,"void at::native::elementwise_kernel<(int)128, (int)4, void at::native::gpu_kernel_impl_nocast<at::native::direct_copy_kernel_cuda(at::TensorIteratorBase &)::[lambda() (instance 3)]::operator ()() const::[lambda() (instance 10)]::operator ()() const::[lambda(c10::Half) (instance 1)]>(at::TensorIteratorBase &, const T1 &)::[lambda(int) (instance 1)]>(int, T3)"
3558747,3569404,0,56748,56747,248176308.7,210281102.0,22476,735133211,162669714.6,740734.8,10731.0,5110,29709792,1300533.7,247432961.8,209399260.0,1567,735114701,162642978.4,6972.4,6976.0,3744,19872,446.2,cudaLaunchKernel,"void at::native::index_elementwise_kernel<(int)128, (int)4, void at::native::gpu_index_kernel<void at::native::index_put_kernel_impl<at::native::OpaqueType<(int)4>>(at::TensorIterator &, c10::ArrayRef<long>, c10::ArrayRef<long>)::[lambda(char *, const char *, long) (instance 1)]>(at::TensorIteratorBase &, c10::ArrayRef<long>, c10::ArrayRef<long>, const T1 &, bool)::[lambda(int) (instance 1)]>(long, T3)"
3558747,3569404,0,71657,71656,240575209.7,144534243.0,15448,1010352278,268574488.0,202029.9,9118.0,4959,35522328,1068434.9,240366268.3,144512979.5,1429,1010333440,268080860.4,10266.0,9344.0,5056,345761,4926.6,cudaLaunchKernel,"void at::native::index_elementwise_kernel<(int)128, (int)4, void at::native::gpu_index_kernel<void at::native::index_kernel_impl<at::native::OpaqueType<(int)2>>(at::TensorIteratorBase &, c10::ArrayRef<long>, c10::ArrayRef<long>)::[lambda(char *, const char *, long) (instance 1)]>(at::TensorIteratorBase &, c10::ArrayRef<long>, c10::ArrayRef<long>, const T1 &, bool)::[lambda(int) (instance 1)]>(long, T3)"
3558747,3558747,0,51,50,234970138.1,243632466.0,2125841,459331947,202133291.4,135171.5,14577.0,6191,5153500,717711.4,234742666.8,251023209.5,894818,453134746,199791027.9,4695252.7,6103204.0,1210533,6307044,2273273.5,cudaLaunchKernel,"void at::native::<unnamed>::cunn_SoftMaxForwardSmem<(int)8, c10::Half, float, float, at::native::<unnamed>::SoftMaxForwardEpilogue, long>(T4 *, const T2 *, T6)"
3558747,3569404,0,28,28,218985826.6,118787575.5,38691718,412767972,159380671.6,25715.7,20959.5,11832,126631,25632.2,218956633.2,118766558.0,38561183,412743777,159381469.6,3477.7,3456.0,3296,3904,127.1,cudaLaunchKernel,"void at::native::<unnamed>::CatArrayBatchedCopy_contig<at::native::<unnamed>::OpaqueType<(unsigned int)1>, unsigned int, (int)1, (int)128, (int)1>(T1 *, at::native::<unnamed>::CatArrInputTensorMetadata<T1, T2, T4, T5>, at::native::<unnamed>::TensorSizeStride<T2, (unsigned int)4>, int, T2)"
3558747,3569404,0,18916,18916,198575330.1,190419718.0,25650,389997379,100498901.5,7938.9,7094.0,5701,7786687,57051.8,198559273.8,190405131.0,574,389981080,100498033.2,8117.4,8256.0,4864,21152,538.9,cudaLaunchKernel,"void at::native::index_elementwise_kernel<(int)128, (int)4, void at::native::gpu_index_kernel<void at::native::index_kernel_impl<at::native::OpaqueType<(int)4>>(at::TensorIteratorBase &, c10::ArrayRef<long>, c10::ArrayRef<long>)::[lambda(char *, const char *, long) (instance 1)]>(at::TensorIteratorBase &, c10::ArrayRef<long>, c10::ArrayRef<long>, const T1 &, bool)::[lambda(int) (instance 1)]>(long, T3)"
3558747,3569404,0,18972,18967,198106298.0,190203181.0,15260,390107978,100918438.0,9617.2,9207.0,6312,658505,6550.0,198146964.4,190213485.0,606,390097196,100880737.2,1938.4,1792.0,1408,90144,3110.3,cudaLaunchKernel,"void at::native::vectorized_elementwise_kernel<(int)2, at::native::FillFunctor<long>, std::array<char *, (unsigned long)1>>(int, T2, T3)"
3558747,3569404,0,112,111,162263562.2,105956400.5,106734,412861898,119454608.4,157702.5,10835.5,7384,872472,301653.0,163316249.1,105857283.0,12945235,412087875,118773223.8,247814.8,89792.0,7776,767683,304989.0,cudaLaunchKernel,"std::enable_if<!T7, void>::type internal::gemvx::kernel<int, int, float, float, float, float, (bool)0, (bool)1, (bool)1, (bool)0, (int)7, (bool)0, cublasGemvParamsEx<int, cublasGemvTensorStridedBatched<const float>, cublasGemvTensorStridedBatched<const float>, cublasGemvTensorStridedBatched<float>, float>>(T13)"
3558747,3569404,0,252,252,142224874.9,19830801.0,1677023,1023350314,282209257.7,1066284.2,7775.0,5550,13487500,2971821.4,141010811.6,19549210.5,1639111,1023071067,279894528.0,147779.2,86656.0,17504,276193,112936.3,cudaLaunchKernel,"void at::native::vectorized_elementwise_kernel<(int)4, at::native::BinaryFunctor<float, float, float, at::native::binary_internal::MulFunctor<float>>, std::array<char *, (unsigned long)3>>(int, T2, T3)"
3558747,3569404,0,28710,28694,133506328.1,94278016.0,10223,1003518589,125403035.7,6431.1,5931.0,4509,1607894,10624.8,133569545.2,94319146.5,29,1003234651,125398751.1,4791.1,2304.0,1600,284641,22212.3,cudaLaunchKernel,"void at::native::vectorized_elementwise_kernel<(int)4, at::native::CUDAFunctor_add<float>, std::array<char *, (unsigned long)3>>(int, T2, T3)"
3558747,3569404,0,232,232,131797126.5,19573515.5,2047093,1023097275,276356813.1,11203.8,9883.5,6833,115801,7765.0,120777233.4,1917318.0,1327,1003475659,274817976.6,11008689.3,6699711.0,427489,19979708,6695487.0,cudaLaunchKernel,ampere_sgemm_128x64_nn
3558747,3569404,0,280,280,130825168.9,19884593.0,1637835,1023430131,267547303.8,12765.7,8817.0,6363,609762,36380.1,130744645.4,19765409.5,1608360,1023314257,267537186.6,67757.8,47264.0,7712,293922,56467.1,cudaLaunchKernel,"void at::native::reduce_kernel<(int)512, (int)1, at::native::ReduceOp<float, at::native::func_wrapper_t<float, at::native::sum_functor<float, float, float>::operator ()(at::TensorIterator &)::[lambda(float, float) (instance 1)]>, unsigned int, float, (int)4, (int)4>>(T3)"
3558747,3569404,0,60360,59711,125353278.3,84772517.5,1373231,390269818,122477238.2,5417.9,4899.0,3637,1711311,15502.0,123384374.7,84899519.0,1,386082138,122448517.0,3290146.8,4157825.5,1351046,7370082,1591696.1,cudaLaunchKernel,"void <unnamed>::qvq_viterbi_kernel<(int)4, (int)2, __half, unsigned char>(const float *, const T3 *, const float *, const long *, const float *, T4 *, long *, float *, int, int, int, bool, bool, bool)"
3558747,3569404,0,82944,80915,122749992.4,11219.0,8775,728801490,180744282.3,7696.8,6622.0,5190,7371717,31720.6,125818231.8,2457.0,0,728790455,181934451.1,1884.0,1888.0,1536,42272,332.3,cudaLaunchKernel,"void at::native::vectorized_elementwise_kernel<(int)4, void at::native::compare_scalar_kernel<float>(at::TensorIteratorBase &, at::native::<unnamed>::OpType, T1)::[lambda(float) (instance 1)], std::array<char *, (unsigned long)2>>(int, T2, T3)"
3558747,3558747,0,144,144,121082506.3,63153559.0,58742,450931831,146095061.5,11601.7,11041.0,10149,25168,1942.1,120768697.7,63007825.0,504,450019712,145810352.5,302206.8,127248.0,45408,928288,346491.4,cuLaunchKernel,void cutlass::Kernel2<cutlass_80_tensorop_f16_s16816gemm_relu_f16_64x256_32x4_tn_align8>(T1::Params)
3558747,3569404,0,61816,60826,120721635.3,82290802.0,9779,386105230,121420795.3,7486.6,6172.0,4128,15821388,69708.7,122676140.3,84321027.0,7,386086386,121417176.7,2710.4,2624.0,2080,222593,3619.0,cudaLaunchKernel,"<unnamed>::qvq_half2_codebook_norm_pack_kernel(const __half *, unsigned long *, int)"
3558747,3569404,0,168,162,117493474.2,57545200.5,1685954,668134150,161214720.0,80916.0,10400.0,7033,1401371,289439.5,89892044.7,1063340.0,61,610628540,150532367.1,30731010.1,56619042.0,1658119,58707728,27774924.2,cudaLaunchKernel,ampere_sgemm_128x128_nn
3558747,3569404,0,158980,154574,116094526.1,12724.0,8649,1009934303,269625145.6,521317.3,6723.0,4508,32394527,2259906.9,118859951.8,2265.0,0,1009908522,271398691.3,7382.1,3424.0,1856,1863689,52453.4,cudaLaunchKernel,"void at::native::elementwise_kernel<(int)128, (int)2, void at::native::gpu_kernel_impl_nocast<at::native::direct_copy_kernel_cuda(at::TensorIteratorBase &)::[lambda() (instance 3)]::operator ()() const::[lambda() (instance 7)]::operator ()() const::[lambda(float) (instance 1)]>(at::TensorIteratorBase &, const T1 &)::[lambda(int) (instance 1)]>(int, T3)"
3558747,3569404,0,56,56,113932420.6,60563842.5,57453627,370579637,98721872.5,13830.4,12314.0,9788,75564,8623.8,87599895.5,58873493.0,3347,310353887,82966563.3,26318694.7,1679767.0,1674504,60465087,28719010.3,cudaLaunchKernel,ampere_sgemm_64x32_sliced1x4_nt
3558747,3569404,0,106256,103589,97559633.1,11372.5,8588,1023346172,170279374.2,150958.8,6212.0,4629,48891212,661685.1,99914078.3,2477.0,2,1023327265,171406581.0,2439.4,2080.0,1440,365793,7958.6,cudaLaunchKernel,"void at::native::vectorized_elementwise_kernel<(int)4, at::native::AUnaryFunctor<float, float, bool, at::native::<unnamed>::CompareEqFunctor<float>>, std::array<char *, (unsigned long)2>>(int, T2, T3)"
3558747,3569404,0,211672,205316,97449867.0,14947.0,9649,1023385225,170058428.9,41992.8,9938.0,4488,29328426,200445.0,100420915.2,1946.0,0,1023363993,171756112.2,2398.6,2080.0,1472,575042,8723.3,cudaLaunchKernel,"void at::native::vectorized_elementwise_kernel<(int)4, at::native::AbsFunctor<float>, std::array<char *, (unsigned long)2>>(int, T2, T3)"
3558747,3569404,0,106284,103835,97384543.3,10764.0,7844,1023314705,169942158.5,212503.8,5261.0,3918,10896874,643405.4,99461358.4,2733.0,0,1016721318,170743884.9,2490.9,2112.0,1472,359586,8096.4,cudaLaunchKernel,"void at::native::vectorized_elementwise_kernel<(int)4, at::native::BinaryFunctor<float, float, bool, at::native::<unnamed>::CompareEqFunctor<float>>, std::array<char *, (unsigned long)3>>(int, T2, T3)"
3558747,3569404,0,105416,103123,97263743.1,21277.0,12779,742668700,169752121.9,672068.0,6703.0,4899,14744405,2179639.8,98729178.9,2652.0,0,728814628,169260234.1,10066.5,11584.0,3040,83776,2797.8,cudaLaunchKernel,"void at::native::reduce_kernel<(int)512, (int)1, at::native::ReduceOp<float, at::native::func_wrapper_t<float, at::native::MaxNanFunctor<float>>, unsigned int, float, (int)4, (int)4>>(T3)"
3558747,3569404,0,56,56,91789614.0,83106948.0,1321372,225127066,72649588.2,9897.4,9007.0,6402,44314,5212.6,91777406.9,83095579.5,1275170,225113901,72650447.1,2309.7,1920.0,1728,3552,524.1,cudaLaunchKernel,"void at::native::unrolled_elementwise_kernel<at::native::AUnaryFunctor<long, long, long, at::native::BitwiseAndFunctor<long>>, std::array<char *, (unsigned long)2>, (int)4, TrivialOffsetCalculator<(int)1, unsigned int>, TrivialOffsetCalculator<(int)1, unsigned int>, at::native::memory::LoadWithoutCast, at::native::memory::StoreWithoutCast>(int, T1, T2, T4, T5, T6, T7)"
3558747,3569404,0,3344,3338,82056238.9,137191524.0,9325,149921681,67653329.4,11846.2,11172.0,4549,470166,9749.9,82111503.0,137685419.0,379,149791019,67637124.3,80221.9,66144.5,2528,248225,67099.9,cudaLaunchKernel,"void gemmSN_NN_kernel<float, (int)256, (int)4, (int)2, (int)8, (int)4, (int)4, (bool)0, cublasGemvTensorStridedBatched<const float>, cublasGemvTensorStridedBatched<const float>, cublasGemvTensorStridedBatched<float>>(cublasGemmSmallNParams<T9, T10, T11, T1>)"
3558747,3569404,0,8,8,76144301.6,76154230.5,76100636,76168594,23753.9,12306.3,12209.0,10901,14457,1036.4,19024419.8,19034113.0,18970414,19050791,28295.2,57107575.6,57106467.0,57093946,57125903,10231.2,cudaLaunchKernel,ampere_sgemm_128x128_tn
3558747,3569404,0,1456,1456,65804402.5,73341911.5,2782542,121768088,33165377.4,48437.4,4348.0,3606,1689530,191121.1,65672982.4,73249421.5,2700289,121671361,33143681.6,82982.7,81520.5,71872,267649,9707.5,cudaLaunchKernel,"void <unnamed>::qvq_v2_segment_grid_finalize_kernel<(int)4, (int)2, (int)16, (bool)0, __half, unsigned char>(const float *, const T5 *, const float *, const long *, const float *, const float *, const T6 *, const unsigned char *, long *, unsigned char *, float *, int, int, bool, bool)"
3558747,3569404,0,11648,11648,65377797.9,73197303.5,1730033,121796255,33248648.6,39491.4,4228.0,3417,2374785,186837.6,65191633.8,73030384.5,1581234,121540111,33227990.4,146672.8,145793.0,133408,861764,12367.9,cudaLaunchKernel,"void <unnamed>::qvq_v2_segment_grid_kernel<(int)4, (int)2, (int)16, (bool)1, (bool)0, __half, unsigned char>(const float *, const T6 *, const float *, const long *, const float *, const float *, float *, T7 *, unsigned char *, int, int, int, bool, bool)"
3558747,3569404,0,32,32,60706317.9,60924563.0,58234748,64382055,1689798.9,230006.7,11021.0,8637,895938,385423.2,60005878.3,60353625.5,57749772,63902075,1806018.9,470432.9,471281.5,459138,473826,3250.3,cudaLaunchKernel,ampere_sgemm_32x128_nn
3558747,3569404,0,48,45,59469041.5,74667720.5,6459000,112285607,43188807.1,12936.4,12694.0,9809,21881,2709.7,56513147.2,68281829.0,733,105810887,42320080.6,6475046.2,6444858.5,6438205,6829049,71519.7,cuLaunchKernel,void cutlass::Kernel2<cutlass_80_simt_sgemm_64x128_8x5_nt_align1>(T1::Params)
3558747,3569404,0,173901,168713,59393529.4,9859.0,8093,1016709475,140662836.7,6073.3,5099.0,4048,4271810,25876.9,61211327.8,2520.0,0,1016613303,142416928.2,2270.4,2176.0,1472,239137,3926.4,cudaLaunchKernel,"void at::native::vectorized_elementwise_kernel<(int)4, at::native::BinaryFunctor<bool, bool, bool, at::native::binary_internal::MulFunctor<bool>>, std::array<char *, (unsigned long)3>>(int, T2, T3)"
3558747,3558747,0,72,72,54974956.8,53213205.0,255835,114976237,35729371.2,16481.4,11331.5,10320,72358,15534.9,54849016.4,53089385.0,161786,114770023,35711401.1,109459.0,104912.5,80800,135777,23420.9,cuLaunchKernel,void cutlass::Kernel2<cutlass_80_tensorop_f16_s16816gemm_f16_128x128_32x4_nn_align2>(T1::Params)
3558747,3558747,0,144,143,53889583.1,50359228.0,118034,114750560,35098948.7,11217.0,10670.0,8596,62991,4834.0,53769783.1,50098866.0,224648,114622314,35057233.7,481995.7,442785.5,105056,903939,369741.8,cudaLaunchKernel,ampere_fp16_s16816gemm_fp16_256x128_ldg8_f2f_stages_32x3_tn
3558747,3569404,0,207474,202064,49911469.1,17459.0,9283,742713080,130339519.0,7398.8,6572.0,4759,9688481,29594.1,51231886.3,2624.0,0,742692559,131811603.2,8107.7,7424.0,2496,148448,3991.9,cudaLaunchKernel,"void at::native::reduce_kernel<(int)512, (int)1, at::native::ReduceOp<bool, at::native::func_wrapper_t<bool, at::native::and_kernel_cuda(at::TensorIterator &)::[lambda() (instance 1)]::operator ()() const::[lambda() (instance 12)]::operator ()() const::[lambda(bool, bool) (instance 1)]>, unsigned int, bool, (int)4, (int)4>>(T3)"
3558747,3558747,0,366,356,48691569.0,175570.5,21598,460060946,111201701.1,12304.1,12008.0,9979,25378,1605.3,49944538.7,149398.0,217,459459743,112311910.1,99361.4,38561.0,10272,592288,163386.9,cudaLaunchKernel,ampere_fp16_s16816gemm_fp16_128x128_ldg8_f2f_stages_32x5_nn
3558747,3558747,0,1734,1717,45077791.5,791163.0,114489,458540468,91950573.4,34354.7,10510.0,6171,1277805,137206.6,44627871.2,352774.0,54,453687363,91335644.4,853219.8,432418.0,103137,28602287,1449884.0,cudaLaunchKernel,ampere_fp16_s16816gemm_fp16_128x256_ldg8_f2f_stages_64x3_tn
3558747,3558747,0,72,71,43462491.8,42987314.5,99634,89701409,27198984.2,12790.9,12399.0,11432,18175,1333.2,43968645.8,44118256.0,919,89595046,26888781.3,91743.9,92880.5,85217,93984,2533.0,cudaLaunchKernelExC,sm80_xmma_gemm_f16f16_f16f32_f32_tn_n_tilesize192x128x32_stage3_warpsize4x2x1_tensor16x8x16_execute_kernel__5x_cublas
3558747,3569404,0,144,144,43242383.5,35428384.0,2931011,88474266,36672784.9,5922.8,5520.0,4498,14037,1464.3,43231215.6,35417390.0,2916520,88461847,36672174.7,5245.1,4896.0,3520,11840,1600.1,cudaLaunchKernel,"void gemmSN_NN_kernel<float, (int)256, (int)4, (int)2, (int)8, (int)4, (int)4, (bool)0, cublasGemvTensorBatched<const float>, cublasGemvTensorBatched<const float>, cublasGemvTensorBatched<float>>(cublasGemmSmallNParams<T9, T10, T11, T1>)"
3558747,3569404,0,56,56,37741049.0,13807803.0,2001087,81264706,35341013.7,11696.4,11678.0,7995,35277,3924.2,37726839.5,13796291.5,1985175,81250460,35340594.8,2513.2,2464.0,2272,3040,197.5,cudaLaunchKernel,"void at::native::vectorized_elementwise_kernel<(int)4, at::native::FillFunctor<bool>, std::array<char *, (unsigned long)1>>(int, T2, T3)"
3558747,3569404,0,56,56,37616090.7,13701884.5,1831470,81145472,35323137.0,11484.7,12399.0,7394,24326,3246.1,37602216.3,13689082.0,1815780,81134798,35322314.6,2389.7,2336.0,2112,4064,277.6,cudaLaunchKernel,"void at::native::vectorized_elementwise_kernel<(int)4, void at::native::compare_scalar_kernel<c10::Half>(at::TensorIteratorBase &, at::native::<unnamed>::OpType, T1)::[lambda(c10::Half) (instance 1)], std::array<char *, (unsigned long)2>>(int, T2, T3)"
3558747,3558747,0,356,345,36104806.4,985836.5,104424,173874483,56793735.7,14443.0,10054.5,8667,89721,15280.5,37090348.7,832407.0,163,173684978,57316668.5,146090.4,151744.5,92832,172865,24507.2,cuLaunchKernel,void cutlass::Kernel2<cutlass_80_tensorop_f16_s16816gemm_relu_f16_128x128_32x4_tn_align8>(T1::Params)
3558747,3558747,0,498,498,32168540.7,190662.0,63265,249015398,70152698.0,7401.4,6587.5,5621,90442,4115.2,32010455.8,108441.0,13312,248369199,69994705.2,150683.4,64769.0,42624,648001,179836.0,cudaLaunchKernel,"void <unnamed>::softmax_warp_forward<c10::Half, float, float, (int)10, (bool)0, (bool)0, (int)32>(T2 *, const T1 *, int, int, int, const bool *, int, bool)"
3558747,3558747,0,1881,1858,31315042.6,979201.0,155425,503756550,56228933.7,18775.1,10440.0,5902,791959,61501.0,31105719.8,630379.5,11,460555237,55981527.5,571033.6,329697.0,115489,43184220,1153144.7,cudaLaunchKernel,ampere_fp16_s16816gemm_fp16_256x128_ldg8_f2f_stages_64x3_tn
3558747,3569404,0,80,80,28935251.1,31568172.5,15445874,37446093,7816302.0,6319.3,4429.0,3697,68210,7360.6,24345634.6,27759282.5,5401165,36665710,11212193.8,4583297.3,3796993.0,768868,10243151,3405573.1,cudaLaunchKernel,ampere_sgemm_128x64_lower_nt
3558747,3558747,0,1472,1471,28333357.8,347934.5,33299,457738132,72358656.5,13165.7,8356.0,6783,830072,30828.9,28292047.7,323531.0,21449,457253546,72303273.0,47364.6,15712.0,3360,344449,67795.0,cudaLaunchKernel,"void at::native::vectorized_elementwise_kernel<(int)4, at::native::BinaryFunctor<c10::Half, c10::Half, c10::Half, at::native::binary_internal::MulFunctor<float>>, std::array<char *, (unsigned long)3>>(int, T2, T3)"
3558747,3558747,0,4,4,28129370.5,28092446.5,28067057,28265532,91603.8,13971.3,14422.0,9959,17082,2956.2,253243.0,216605.0,182875,396887,97100.5,27862156.3,27861419.5,27858686,27867100,3600.7,cuLaunchKernel,void cutlass::Kernel2<cutlass_80_simt_sgemm_128x32_8x5_nt_align1>(T1::Params)
3558747,3558747,0,2944,2932,28125270.8,160557.0,11866,460960056,72464058.4,66627.2,8676.0,6632,3865154,378097.9,28157356.7,148294.0,171,460767741,72352800.2,16063.2,6592.0,2784,112064,21249.9,cudaLaunchKernel,"void at::native::vectorized_elementwise_kernel<(int)4, at::native::CUDAFunctor_add<c10::Half>, std::array<char *, (unsigned long)3>>(int, T2, T3)"
3558747,3558747,0,423,419,23014037.0,220655.0,54556,203431155,56876658.4,11273.3,10831.0,9328,20880,1657.2,23068409.7,133085.0,19,202898398,56975189.7,152519.2,77248.0,43136,527297,151754.9,cuLaunchKernel,void cutlass::Kernel2<cutlass_75_tensorop_f16_s1688gemm_f16_128x256_nn_align1>(T1::Params)
3558747,3569404,0,20,20,21310491.3,13028520.0,2068902,76312113,28616865.3,14052.8,14603.0,8235,20760,3578.5,14617630.6,6494761.5,1613033,56810904,21743491.7,6678807.9,6518219.0,440642,19483835,7114566.6,cudaLaunchKernel,ampere_sgemm_128x64_tn
3558747,3558747,0,3112,2970,20915955.8,73790.0,21101,462215880,68622106.6,15038.6,10404.5,6623,824562,29212.3,21775527.5,1246.0,15,461638856,70002665.8,119074.2,62080.0,10272,1113251,146725.2,cudaLaunchKernel,ampere_fp16_s16816gemm_fp16_128x128_ldg8_f2f_stages_32x5_tn
3558747,3558747,0,1984,1959,20675468.4,145061.0,15589,454977389,63031477.9,13249.4,9402.5,7334,1912565,46502.1,20895342.5,127161.0,122,454625853,63343756.3,30189.0,12816.0,3808,239072,41678.6,cudaLaunchKernel,"void at::native::vectorized_elementwise_kernel<(int)4, at::native::<unnamed>::silu_kernel(at::TensorIteratorBase &)::[lambda() (instance 1)]::operator ()() const::[lambda() (instance 5)]::operator ()() const::[lambda(c10::Half) (instance 1)], std::array<char *, (unsigned long)2>>(int, T2, T3)"
3558747,3569404,0,16,15,20380873.4,20451248.5,19098950,21458264,1044144.9,16938.8,16948.0,11202,27633,3633.5,1246434.8,2205896.0,34222,2359168,1151297.1,19195580.0,19087303.0,19081014,19500122,140677.2,cuLaunchKernel,void cutlass::Kernel2<cutlass_80_simt_sgemm_128x32_8x5_nt_align1>(T1::Params)
3558747,3558747,0,8064,7773,19851342.8,20223.5,13292,460178718,61918365.7,27599.5,9257.0,6813,3063789,195698.3,20542613.0,1924.0,40,457041005,62834695.2,22487.3,8864.0,4160,183072,31859.2,cudaLaunchKernel,"void at::native::elementwise_kernel<(int)128, (int)4, void at::native::gpu_kernel_impl_nocast<at::native::direct_copy_kernel_cuda(at::TensorIteratorBase &)::[lambda() (instance 3)]::operator ()() const::[lambda() (instance 10)]::operator ()() const::[lambda(c10::Half) (instance 1)]>(at::TensorIteratorBase &, const T1 &)::[lambda(int) (instance 1)]>(int, T3)"
3558747,3558747,0,2174,2092,19299164.8,172986.0,29653,461640321,71130265.2,10932.7,10379.0,5671,462833,13422.0,19869269.8,1487.0,12,460448127,72219055.2,168460.7,157696.5,18528,1191105,222413.4,cuLaunchKernel,void cutlass::Kernel2<cutlass_80_tensorop_f16_s16816gemm_relu_f16_128x128_32x5_tn_align8>(T1::Params)
3558747,3569404,0,166,164,16276860.2,5612555.5,24348,38357640,14929449.3,6113.8,5481.0,3626,16331,2316.3,14310076.2,1782606.5,1575,37435248,15311952.1,2133099.9,2266458.0,16576,3857201,921785.4,cudaLaunchKernel,"void kernel<getrf_wo_pivot_params_<float, (int)0, (int)256, (int)1, (int)64, (int)64, (int)68, (int)8, (int)1, (int)1>>(int, int, void *, int, void *, int, int, int, int, int, int *)"
3558747,3558747,0,378,362,16269826.8,119018.0,113514,131951510,38736502.0,11706.2,10971.0,9458,145267,7047.9,16866773.3,3346.0,41,131824850,39428372.5,105322.4,103265.0,101985,117696,4653.8,cuLaunchKernel,void cutlass::Kernel2<cutlass_80_tensorop_f16_s16816gemm_relu_f16_256x128_32x3_tn_align8>(T1::Params)
3558747,3558747,0,2496,2445,16043609.8,19915.0,11435,451630080,56151385.0,9408.4,8947.0,7284,223706,4799.9,16332517.4,2835.0,1,450868266,56601421.2,35420.4,6304.0,2176,753505,100267.0,cudaLaunchKernel,"void at::native::vectorized_elementwise_kernel<(int)4, at::native::AUnaryFunctor<c10::Half, c10::Half, c10::Half, at::native::binary_internal::MulFunctor<float>>, std::array<char *, (unsigned long)2>>(int, T2, T3)"
3558747,3558747,0,4992,4919,16029609.7,20736.5,13236,460308810,56308278.1,17078.3,6523.0,5090,1671516,105726.5,16227769.5,3116.0,0,458428331,56605919.8,22081.8,11232.0,5696,278689,33895.2,cudaLaunchKernel,"void at::native::<unnamed>::CatArrayBatchedCopy<at::native::<unnamed>::OpaqueType<(unsigned int)2>, unsigned int, (int)4, (int)64, (int)64>(T1 *, at::native::<unnamed>::CatArrInputTensorMetadata<T1, T2, T4, T5>, at::native::<unnamed>::TensorSizeStride<T2, (unsigned int)4>, int, T2)"
3558747,3558747,0,7488,7309,16025539.3,16722.5,11128,453266177,56135112.3,11367.8,6102.0,4689,1537209,59492.7,16368557.6,2523.0,6,451671787,56656481.6,36923.0,8064.0,3840,1707681,133964.1,cudaLaunchKernel,"void at::native::elementwise_kernel<(int)128, (int)4, void at::native::gpu_kernel_impl_nocast<at::native::CUDAFunctor_add<c10::Half>>(at::TensorIteratorBase &, const T1 &)::[lambda(int) (instance 1)]>(int, T3)"
3558747,3558747,0,4992,4840,16022925.8,14384.0,11582,460760569,56319537.5,13728.7,7524.5,5701,4319812,77227.4,16504028.4,2155.0,1,459980893,57086667.7,7720.6,4672.0,3616,82720,9746.1,cudaLaunchKernel,"void at::native::elementwise_kernel<(int)128, (int)4, void at::native::gpu_kernel_impl_nocast<at::native::neg_kernel_cuda(at::TensorIteratorBase &)::[lambda() (instance 2)]::operator ()() const::[lambda() (instance 8)]::operator ()() const::[lambda(c10::Half) (instance 1)]>(at::TensorIteratorBase &, const T1 &)::[lambda(int) (instance 1)]>(int, T3)"
3558747,3558747,0,21008,20430,15363203.2,15822.5,10930,462134174,55288755.2,19776.9,6232.0,4719,6208650,188525.3,15762978.7,2555.0,3,461822086,55910145.6,14167.5,6784.0,3648,189728,22191.1,cudaLaunchKernel,"void at::native::elementwise_kernel<(int)128, (int)4, void at::native::gpu_kernel_impl_nocast<at::native::BinaryFunctor<c10::Half, c10::Half, c10::Half, at::native::binary_internal::MulFunctor<float>>>(at::TensorIteratorBase &, const T1 &)::[lambda(int) (instance 1)]>(int, T3)"
3558747,3558747,0,11024,10671,14791291.4,13206.5,9668,461868987,54412013.8,23911.4,6853.0,5139,10968100,216819.1,15244034.3,2216.0,0,461708566,55138739.6,11506.4,4224.0,2144,163552,21968.3,cudaLaunchKernel,"void at::native::vectorized_elementwise_kernel<(int)4, void at::native::<unnamed>::pow_tensor_scalar_kernel_impl<float, float>(at::TensorIteratorBase &, T2)::[lambda(float) (instance 1)], std::array<char *, (unsigned long)2>>(int, T2, T3)"
3558747,3558747,0,11024,10685,14779803.5,22692.0,11871,461961788,54338775.7,8215.1,6723.0,5391,3264981,36844.1,15225123.2,2524.0,0,461833527,55116085.6,14686.1,13408.0,4160,121408,15007.9,cudaLaunchKernel,"void at::native::reduce_kernel<(int)512, (int)1, at::native::ReduceOp<float, at::native::MeanOps<float, float, float, float>, unsigned int, float, (int)4, (int)4>>(T3)"
3558747,3558747,0,11024,10620,14766792.5,11149.0,9242,461935411,54332623.2,9991.0,6933.0,5400,1586372,51180.7,15315922.1,2161.0,1,461924831,55271621.8,2197.8,2144.0,1504,3776,312.8,cudaLaunchKernel,"void at::native::vectorized_elementwise_kernel<(int)4, at::native::CUDAFunctorOnSelf_add<float>, std::array<char *, (unsigned long)2>>(int, T2, T3)"
3558747,3558747,0,11024,10709,14761507.2,15116.0,10616,462054267,54323549.3,8477.6,6022.0,4889,1688597,45313.3,15170711.7,2456.0,1,461860080,55031892.7,15831.1,6592.0,3360,190816,26314.8,cudaLaunchKernel,"void at::native::elementwise_kernel<(int)128, (int)2, void at::native::gpu_kernel_impl_nocast<at::native::BinaryFunctor<float, float, float, at::native::binary_internal::MulFunctor<float>>>(at::TensorIteratorBase &, const T1 &)::[lambda(int) (instance 1)]>(int, T3)"
3558747,3558747,0,11024,10629,14760259.1,10219.0,8602,461917549,54322163.2,8761.4,5811.0,4819,6403692,69850.5,15297451.8,2242.0,4,461908351,55239912.7,2195.6,2144.0,1664,3232,206.9,cudaLaunchKernel,"void at::native::vectorized_elementwise_kernel<(int)4, at::native::rsqrt_kernel_cuda(at::TensorIteratorBase &)::[lambda() (instance 2)]::operator ()() const::[lambda() (instance 2)]::operator ()() const::[lambda(float) (instance 1)], std::array<char *, (unsigned long)2>>(int, T2, T3)"
3558747,3558747,0,13808,13329,14722587.1,13117.5,9373,462142785,54283615.0,8965.5,6963.0,4969,1542951,28989.4,15224625.2,2117.0,3,461882596,55136219.3,17172.5,4096.0,1888,1137472,68205.3,cudaLaunchKernel,"void at::native::vectorized_elementwise_kernel<(int)4, at::native::float16_copy_kernel_cuda(at::TensorIteratorBase &)::[lambda(float) (instance 1)], std::array<char *, (unsigned long)2>>(int, T2, T3)"
3558747,3558747,0,20,20,14277801.9,14499174.0,12515740,15052116,953247.6,10469.5,10499.5,8306,12193,989.4,7204.9,7250.5,740,19006,5035.8,14260127.6,14479968.0,12503800,15029571,952651.2,cudaLaunchKernel,ampere_sgemm_128x128_nt
3558747,3558747,0,738,695,13936437.2,36574.5,23491,247478294,45512936.1,11198.5,10555.0,9158,98457,3754.6,14702570.6,1327.0,6,246733232,46624785.9,79395.6,25008.0,12800,743553,156267.0,cuLaunchKernel,void cutlass::Kernel2<cutlass_80_tensorop_f16_s16816gemm_f16_256x128_32x3_tn_align2>(T1::Params)
3558747,3558747,0,16,15,13024157.4,11300415.0,3637108,28709978,6836454.0,14686.6,8832.0,7184,85653,19433.3,10295257.4,8460555.0,2826110,22880698,5603436.3,3357926.8,2610297.5,803364,8820198,2273051.1,cudaLaunchKernel,"void at::native::<unnamed>::cunn_SoftMaxForward<(int)4, float, float, float, at::native::<unnamed>::LogSoftMaxForwardEpilogue>(T4 *, const T2 *, int)"
3558747,3558747,0,16,15,12719007.1,11249020.0,3594098,28637781,7054750.9,315712.8,6653.0,6141,4928832,1230168.1,13225431.5,11895210.0,3583547,28621932,6977670.0,4552.0,4592.0,3648,4896,292.5,cudaLaunchKernel,"void at::native::<unnamed>::nll_loss_forward_no_reduce_cuda_kernel<float, long>(long, torch::headeronly::detail::GenericPackedTensorAccessor<torch::headeronly::detail::TensorAccessor<c10::ArrayRef<long>, T1, (unsigned long)1, torch::headeronly::DefaultPtrTraits, long>, at::detail::IndexBoundsCheck<(unsigned long)2, long>, T1, (unsigned long)2, torch::headeronly::DefaultPtrTraits, long>, const T2 *, T1 *, const T1 *, long, long)"
3558747,3558747,0,16,16,12353670.8,11191447.0,36017,28567400,7496665.4,10140.6,7900.0,7133,32683,6343.6,12341570.2,11181435.5,1542,28553852,7498778.1,1960.0,1968.0,1696,2176,132.5,cudaLaunchKernel,"void at::native::vectorized_elementwise_kernel<(int)4, at::native::AbsFunctor<float>, std::array<char *, (unsigned long)2>>(int, T2, T3)"
3558747,3558747,0,16,16,12321557.6,11158709.5,39396,28528941,7491444.2,8419.1,5681.0,5250,35848,7540.0,12311352.4,11151204.5,1916,28517603,7493986.7,1786.0,1808.0,1632,1888,79.4,cudaLaunchKernel,"void at::native::vectorized_elementwise_kernel<(int)4, at::native::BinaryFunctor<float, float, bool, at::native::<unnamed>::CompareEqFunctor<float>>, std::array<char *, (unsigned long)3>>(int, T2, T3)"
3558747,3558747,0,212,199,12079609.3,302731.0,88584,72090524,20764616.6,13848.8,12770.0,11622,26761,2781.1,12739959.3,820534.0,18,71991859,21213979.5,107065.7,86816.5,75937,136353,26736.1,cudaLaunchKernelExC,sm80_xmma_gemm_f16f16_f16f32_f32_tn_n_tilesize160x128x32_stage4_warpsize2x2x1_tensor16x8x16_execute_kernel__5x_cublas
3558747,3558747,0,855,833,12068041.4,28335.0,20664,131877016,29270464.8,8055.7,6542.0,5280,611325,21118.9,12334711.4,2425.0,70,131675095,29544199.5,42677.1,19296.0,12992,197473,49467.8,cudaLaunchKernel,"void <unnamed>::softmax_warp_forward<c10::Half, float, float, (int)9, (bool)0, (bool)0, (int)32>(T2 *, const T1 *, int, int, int, const bool *, int, bool)"
3558747,3558747,0,1107,1062,11108743.4,73936.0,29391,201798819,37039863.5,10864.3,10350.0,8997,157410,4989.7,11422084.2,1548.5,9,200708294,37552129.0,140186.4,62401.0,18400,1095011,222413.5,cuLaunchKernel,void cutlass::Kernel2<cutlass_75_tensorop_f16_s1688gemm_f16_64x64_tn_align1>(T1::Params)
3558747,3561120,0,4,4,11062193.8,10684738.0,8029269,14850030,2963455.0,13974.0,13681.0,8857,19677,5143.7,11044155.8,10667009.0,8006232,14836373,2966304.2,4064.0,4048.0,3360,4800,685.8,cudaLaunchKernel,"void at_cuda_detail::cub::detail::reduce::DeviceReduceKernel<at_cuda_detail::cub::detail::reduce::policy_hub<int, unsigned long long, cuda::std::__4::plus<void>>::Policy1000, thrust::_V_300200_SM_750_800_860_900_1000_1200::transform_iterator<at::native::<unnamed>::NonZeroOp<bool>, const bool *, thrust::_V_300200_SM_750_800_860_900_1000_1200::use_default, thrust::_V_300200_SM_750_800_860_900_1000_1200::use_default>, unsigned long long, cuda::std::__4::plus<void>, int, cuda::std::__4::identity>(T2, T5 *, T3, at_cuda_detail::cub::GridEvenShare<T3>, T4, T6)"
3558747,3558747,0,14796,14181,11054933.1,20869.5,13100,461957620,47405781.1,13927.9,10380.0,4178,1811603,49368.9,11499520.9,1510.0,7,461801062,48336897.1,19532.7,7808.0,1888,2408231,85942.5,cudaLaunchKernel,"void at::native::unrolled_elementwise_kernel<at::native::direct_copy_kernel_cuda(at::TensorIteratorBase &)::[lambda() (instance 3)]::operator ()() const::[lambda() (instance 7)]::operator ()() const::[lambda(float) (instance 1)], std::array<char *, (unsigned long)2>, (int)4, TrivialOffsetCalculator<(int)1, unsigned int>, TrivialOffsetCalculator<(int)1, unsigned int>, at::native::memory::LoadWithCast<(int)1>, at::native::memory::StoreWithCast<(int)1>>(int, T1, T2, T4, T5, T6, T7)"
3558747,3561120,0,4,4,11048298.5,10670575.5,8010398,14841645,2966594.6,9237.5,9077.0,5751,13045,3584.8,11036325.0,10655433.5,8001035,14833398,2967286.1,2736.0,2624.0,2496,3200,324.8,cudaLaunchKernel,"void at_cuda_detail::cub::detail::reduce::DeviceReduceSingleTileKernel<at_cuda_detail::cub::detail::reduce::policy_hub<int, unsigned long long, cuda::std::__4::plus<void>>::Policy1000, int *, int *, int, cuda::std::__4::plus<void>, int, int, cuda::std::__4::identity>(T2, T3, T4, T5, T6, T8)"
3558747,3558747,0,22,21,9742890.6,7680031.0,1070686,23974793,7136786.1,106522.8,7233.5,4428,2168652,460597.4,9438982.7,7482589.0,527626,23079702,6985523.4,626563.2,595138.0,238497,992995,197137.8,cudaLaunchKernel,"void at::native::reduce_kernel<(int)512, (int)1, at::native::ReduceOp<float, at::native::ArgMaxOps<float>, unsigned int, long, (int)4, (int)4>>(T3)"
3558747,3558747,0,666,643,9674831.6,33777.0,24521,249710258,44721062.8,10891.9,10349.0,8957,24878,1767.9,9959641.6,1528.0,94,249280394,45395934.5,48296.3,22064.5,14176,419745,89315.3,cuLaunchKernel,void cutlass::Kernel2<cutlass_80_tensorop_f16_s16816gemm_f16_128x256_32x3_nn_align2>(T1::Params)
3558747,3558747,0,22,21,9351457.8,7094743.5,2252193,22224732,5831117.1,145158.5,6422.0,3867,3048048,648372.9,7846471.6,5785311.0,1543509,19702022,5441202.0,1716667.7,1632099.0,564867,2785735,572729.3,cudaLaunchKernel,"void at::native::vectorized_elementwise_kernel<(int)4, at::native::BinaryFunctor<float, float, float, at::native::binary_internal::DivFunctor<float>>, std::array<char *, (unsigned long)3>>(int, T2, T3)"
3558747,3569404,0,86,85,9279146.4,2565658.5,12765,40365911,14773665.7,27401.1,7529.5,5380,1570642,168409.8,8830071.9,2356576.0,2677,38337083,14098433.9,524364.3,201744.5,2304,2153512,737584.8,cudaLaunchKernel,"void at::native::triu_tril_kernel<float, int, (bool)0, (int)2, (bool)1>(at::cuda::detail::TensorInfo<T1, T2>, at::cuda::detail::TensorInfo<const T1, T2>, long, long, T2)"
3558747,3558747,0,32,32,9148720.8,7564272.0,11973,28545520,6654084.4,7580.0,6387.5,5340,35257,5257.7,9138608.7,7555700.5,1924,28536286,6654987.9,2532.0,2416.0,1824,3328,517.2,cudaLaunchKernel,"void at::native::vectorized_elementwise_kernel<(int)4, at::native::AUnaryFunctor<float, float, bool, at::native::<unnamed>::CompareEqFunctor<float>>, std::array<char *, (unsigned long)2>>(int, T2, T3)"
3558747,3558747,0,38,38,8869741.3,7598189.5,17738,28597912,6411940.9,9795.0,7369.0,4369,82317,12274.4,8509534.5,6968530.5,1310,28584816,6509304.8,350411.8,385089.5,4064,959042,334198.8,cudaLaunchKernel,"void at::native::reduce_kernel<(int)512, (int)1, at::native::ReduceOp<float, at::native::func_wrapper_t<float, at::native::sum_functor<float, float, float>::operator ()(at::TensorIterator &)::[lambda(float, float) (instance 1)]>, unsigned int, float, (int)4, (int)4>>(T3)"
3558747,3558747,0,32,32,8827648.7,7113676.0,12620,28514251,6751365.6,7793.7,6082.0,4719,49685,7782.4,8482575.1,6679357.5,1424,28506019,6881736.4,337279.9,85872.5,2016,1737409,461741.5,cudaLaunchKernel,"void at::native::vectorized_elementwise_kernel<(int)4, at::native::BinaryFunctor<bool, bool, bool, at::native::binary_internal::MulFunctor<bool>>, std::array<char *, (unsigned long)3>>(int, T2, T3)"
3558747,3569404,0,108,107,7526590.7,5234665.0,13930,16889242,6959663.2,10154.2,7770.0,4057,93468,10843.7,6466035.0,3936720.0,50,14912280,6162638.3,1110291.8,1311686.0,5312,1974569,851558.3,cudaLaunchKernel,"void at::native::reduce_kernel<(int)512, (int)1, at::native::ReduceOp<long, at::native::func_wrapper_t<long, at::native::sum_functor<long, long, long>::operator ()(at::TensorIterator &)::[lambda(long, long) (instance 1)]>, unsigned int, long, (int)4, (int)4>>(T3)"
3558747,3558747,0,22,21,7118886.0,5494857.0,1441559,17228135,4818389.2,136968.6,7815.0,4428,2830984,601726.9,6397790.7,4913036.0,702561,15951091,4637315.4,874946.4,853827.5,261985,1449029,304653.8,cudaLaunchKernel,"void at::native::<unnamed>::distribution_elementwise_grid_stride_kernel<float, (int)4, void at::native::templates::cuda::uniform_and_transform<float, float, at::CUDAGeneratorImpl *, void at::native::templates::cuda::exponential_kernel<at::CUDAGeneratorImpl *>(at::TensorIteratorBase &, double, T1)::[lambda() (instance 1)]::operator ()() const::[lambda() (instance 2)]::operator ()() const::[lambda(float) (instance 1)]>(at::TensorIteratorBase &, T3, T4)::[lambda(curandStatePhilox4_32_10 *) (instance 2)], void at::native::<unnamed>::distribution_nullary_kernel<float, float, float4, at::CUDAGeneratorImpl *, void at::native::templates::cuda::uniform_and_transform<float, float, at::CUDAGeneratorImpl *, void at::native::templates::cuda::exponential_kernel<at::CUDAGeneratorImpl *>(at::TensorIteratorBase &, double, T1)::[lambda() (instance 1)]::operator ()() const::[lambda() (instance 2)]::operator ()() const::[lambda(float) (instance 1)]>(at::TensorIteratorBase &, T3, T4)::[lambda(curandStatePhilox4_32_10 *) (instance 2)], void at::native::templates::cuda::exponential_kernel<at::CUDAGeneratorImpl *>(at::TensorIteratorBase &, double, T1)::[lambda() (instance 1)]::operator ()() const::[lambda() (instance 2)]::operator ()() const::[lambda(float) (instance 1)]>(at::TensorIteratorBase &, T4, const T5 &, T6)::[lambda(int, float) (instance 1)]>(long, at::PhiloxCudaState, T3, T4)"
3558747,3558747,0,16,16,5930168.9,4674621.5,1475219,14768432,3694982.2,8846.8,6562.0,5802,30337,6186.3,5919088.1,4666030.5,1467241,14751202,3694272.6,2234.0,2272.0,1952,2464,123.8,cudaLaunchKernel,"void at::native::vectorized_elementwise_kernel<(int)4, at::native::bitwise_not_kernel_cuda(at::TensorIteratorBase &)::[lambda(bool) (instance 1)], std::array<char *, (unsigned long)2>>(int, T2, T3)"
3558747,3569404,0,7184,7184,5689578.3,3972628.0,17935,412868646,24691973.4,6930.5,5530.0,4308,748847,16763.7,5678563.2,3963532.5,1240,412847324,24686809.8,4084.6,3424.0,2656,17152,1645.9,cudaLaunchKernelExC,"void cublasLt::splitKreduce_kernel<(int)32, (int)16, int, float, float, float, float, (bool)0, float, float, float, (bool)1, (bool)0, (bool)0, (bool)0>(cublasLt::cublasSplitKParams<T6>, const T4 *, const T10 *, T9 *, T5 *, const T6 *, const T6 *, const T11 *, const T4 *, T11 *, void *, long, T6 *, int *, T6 *, T6 *, const T6 *, const T6 *, const T6 *, const T6 *, const T6 *)"
3558747,3558747,0,22,21,5557415.4,4575420.0,1053587,13217776,3651707.3,197420.5,10109.0,4769,4138355,880225.7,4979136.5,3849467.0,508187,12331754,3587627.0,607275.8,580353.0,204577,976835,198547.2,cudaLaunchKernel,"void at::native::reduce_kernel<(int)512, (int)1, at::native::ReduceOp<float, at::native::MinMaxOps<float, float, int>, unsigned int, float, (int)4, (int)4>>(T3)"
3558747,3558747,0,32,32,5555300.4,4398289.5,1331809,14754084,3489173.6,8053.8,6142.0,4258,44104,7135.4,5543404.6,4388486.0,1322302,14744453,3490199.5,3842.0,3840.0,3360,4224,220.8,cudaLaunchKernel,"void at::native::_assert_async_cuda_kernel<bool>(const T1 *, at::native::Msg)"
3558747,3569404,0,40,38,5527673.1,2528655.0,10134,39999012,11673062.0,14565.5,10470.5,6022,167419,24979.3,5800652.6,2523083.5,439,39984843,11912409.7,2520.1,2592.0,1984,3168,355.7,cudaLaunchKernel,"void at::native::unrolled_elementwise_kernel<at::native::direct_copy_kernel_cuda(at::TensorIteratorBase &)::[lambda() (instance 3)]::operator ()() const::[lambda() (instance 11)]::operator ()() const::[lambda(bool) (instance 1)], std::array<char *, (unsigned long)2>, (int)4, TrivialOffsetCalculator<(int)1, unsigned int>, TrivialOffsetCalculator<(int)1, unsigned int>, at::native::memory::LoadWithCast<(int)1>, at::native::memory::StoreWithCast<(int)1>>(int, T1, T2, T4, T5, T6, T7)"
3558747,3558747,0,32,32,5225859.0,4197288.0,1350652,13189313,3295478.3,8605.4,7409.5,4689,42591,6805.4,5214669.7,4188286.5,1343349,13174892,3296325.5,2584.0,2592.0,2176,3008,194.9,cudaLaunchKernel,"void at::native::vectorized_elementwise_kernel<(int)4, void at::native::compare_scalar_kernel<float>(at::TensorIteratorBase &, at::native::<unnamed>::OpType, T1)::[lambda(float) (instance 1)], std::array<char *, (unsigned long)2>>(int, T2, T3)"
3558747,3558747,0,16,16,5202577.4,4178219.0,1340399,13147661,3349902.8,9902.1,7079.0,5430,41839,8732.6,5190471.3,4169162.5,1332953,13132240,3350939.8,2204.0,2240.0,1888,2400,131.1,cudaLaunchKernel,"void at::native::vectorized_elementwise_kernel<(int)4, at::native::BinaryFunctor<bool, bool, bool, at::native::BitwiseAndFunctor<bool>>, std::array<char *, (unsigned long)3>>(int, T2, T3)"
3558747,3558747,0,16,15,5062539.3,4163483.0,1234706,11557494,3019362.7,15689.2,9483.0,7975,104669,23793.0,1768665.6,1431496.0,414643,4337337,1110985.3,3389072.9,2630457.5,811908,8921862,2292333.0,cudaLaunchKernel,"void at::native::<unnamed>::cunn_SoftMaxForward<(int)4, float, float, float, at::native::<unnamed>::SoftMaxForwardEpilogue>(T4 *, const T2 *, int)"
3558747,3569404,0,3040,3040,5024304.6,3979748.5,358310,391013218,20305817.6,10725.5,10419.0,8877,53272,1730.7,4855112.6,3917042.0,328860,370504716,18914821.6,158466.5,51344.0,16384,20498593,1476085.5,cudaLaunchKernel,ampere_sgemm_128x32_sliced1x4_nn
3558747,3569404,0,136,123,4571807.4,891341.5,11712,13004557,5238927.3,9784.8,7379.0,3747,73480,9122.5,4228241.7,2811383.0,114,11413225,4643221.9,738227.3,271665.0,3680,1590791,696988.3,cudaLaunchKernel,"void at::native::elementwise_kernel<(int)128, (int)2, void at::native::gpu_kernel_impl_nocast<at::native::BinaryFunctor<long, long, long, at::native::lshift_kernel_cuda(at::TensorIteratorBase &)::[lambda() (instance 1)]::operator ()() const::[lambda() (instance 4)]::operator ()() const::[lambda(long, long) (instance 1)]>>(at::TensorIteratorBase &, const T1 &)::[lambda(int) (instance 1)]>(int, T3)"
3558747,3569404,0,280,251,4551936.7,142412.5,13571,78104315,15685590.2,10738.3,9388.0,5390,132883,8981.9,4854844.6,56658.0,57,76267487,16234948.2,189309.9,77936.0,3392,1971561,346795.0,cudaLaunchKernel,"void at::native::elementwise_kernel<(int)128, (int)2, void at::native::gpu_kernel_impl_nocast<at::native::BinaryFunctor<float, float, float, at::native::binary_internal::MulFunctor<float>>>(at::TensorIteratorBase &, const T1 &)::[lambda(int) (instance 1)]>(int, T3)"
3558747,3569404,0,366,334,4492852.1,44742.0,10584,81339071,15740844.1,10812.3,9593.0,5390,91655,6766.0,4844238.5,1925.0,20,81076966,16366518.4,61437.7,29664.0,1312,274785,86054.9,cudaLaunchKernel,"void at::native::vectorized_elementwise_kernel<(int)4, at::native::FillFunctor<float>, std::array<char *, (unsigned long)1>>(int, T2, T3)"
3558747,3558747,0,447,427,4335690.6,40198.0,32611,71949024,12572934.5,10579.7,10280.0,8967,29857,1437.3,4483678.6,1616.0,29,71801597,12802754.5,42095.1,27264.0,22016,135520,31459.1,cuLaunchKernel,void cutlass::Kernel2<cutlass_75_tensorop_f16_s1688gemm_f16_128x128_nn_align1>(T1::Params)
3558747,3569404,0,2108,2092,4262690.2,4128807.0,11363,60951799,2817097.1,9677.4,8376.0,5701,1524945,33109.2,4281841.3,4116956.0,118,60926648,2803406.2,3685.2,3616.0,2912,6816,300.9,cudaLaunchKernel,"void at::native::<unnamed>::CatArrayBatchedCopy_vectorized<at::native::<unnamed>::OpaqueType<(unsigned int)2>, unsigned int, (int)1, (int)128, (int)1, (int)16, (int)8>(char *, at::native::<unnamed>::CatArrInputTensorMetadata<T1, T2, T4, T5>, at::native::<unnamed>::TensorSizeStride<T2, (unsigned int)4>, int, T2)"
3558747,3569404,0,304,304,4125846.2,4142608.5,180051,4279155,234507.2,6024.4,5415.5,4599,25909,1892.0,3932884.9,3950221.5,900,4082151,233757.2,186936.9,186992.5,170369,203233,8163.7,cudaLaunchKernel,"void sgemm_largek_lds64<(bool)0, (bool)0, (int)6, (int)3, (int)4, (int)5, (int)2, (int)64>(float *, const float *, const float *, int, int, int, int, int, int, const float *, const float *, float, float, int, int, int *, int *)"
3558747,3569404,0,11264,11263,4119696.3,4102476.0,615832,7288436,1723947.9,8623.7,7594.0,6201,2881460,33158.6,4108808.9,4092212.0,440,7277896,1724058.2,2628.8,2592.0,2080,3328,345.1,cudaLaunchKernel,"void at::native::elementwise_kernel<(int)128, (int)2, void at::native::gpu_kernel_impl_nocast<at::native::BUnaryFunctor<long, long, long, at::native::rshift_kernel_cuda(at::TensorIteratorBase &)::[lambda() (instance 1)]::operator ()() const::[lambda() (instance 4)]::operator ()() const::[lambda(long, long) (instance 1)]>>(at::TensorIteratorBase &, const T1 &)::[lambda(int) (instance 1)]>(int, T3)"
3558747,3569404,0,2048,2047,4108719.6,4112769.5,1517952,4240766,80405.7,7579.2,6322.0,5180,1516199,33669.9,4099453.9,4102608.0,2866251,4231226,56876.9,3689.3,3680.0,3520,4320,71.9,cudaLaunchKernel,"void at::native::<unnamed>::CatArrayBatchedCopy_vectorized<at::native::<unnamed>::OpaqueType<(unsigned int)8>, unsigned int, (int)1, (int)128, (int)1, (int)16, (int)2>(char *, at::native::<unnamed>::CatArrInputTensorMetadata<T1, T2, T4, T5>, at::native::<unnamed>::TensorSizeStride<T2, (unsigned int)4>, int, T2)"
3558747,3569404,0,11376,11359,4081866.2,4084531.0,29368,17044586,1791753.8,7127.5,6152.0,5070,1715599,22872.3,4077915.6,4076452.0,30,16836385,1787399.1,2921.4,1824.0,1632,205761,13495.1,cudaLaunchKernel,"void at::native::vectorized_elementwise_kernel<(int)4, at::native::BinaryFunctor<long, long, bool, at::native::<unnamed>::CompareEqFunctor<long>>, std::array<char *, (unsigned long)3>>(int, T2, T3)"
3558747,3558747,0,17,16,4079133.9,3255824.0,899685,10855641,2811471.0,13501.2,9018.0,6202,63531,13545.4,3678381.4,2981353.0,827987,9486022,2476770.9,603666.6,528706.0,159201,1352226,330541.1,cudaLaunchKernel,"void at::native::vectorized_elementwise_kernel<(int)4, at::native::AUnaryFunctor<c10::Half, c10::Half, bool, at::native::<unnamed>::CompareEqFunctor<c10::Half>>, std::array<char *, (unsigned long)2>>(int, T2, T3)"
3558747,3558747,0,192,172,4049594.8,24645.0,21959,32870395,7617916.2,11124.5,10650.5,8957,19737,1657.1,4471983.2,1541.5,335,32781485,7897817.3,32576.6,12464.0,11584,77568,26140.8,cuLaunchKernel,void cutlass::Kernel2<cutlass_75_tensorop_f16_s1688gemm_f16_128x64_nn_align1>(T1::Params)
3558747,3569404,0,308,308,4037311.9,4060423.5,3341124,4209066,95537.2,10953.9,10410.0,9108,22653,1891.9,3929072.0,3930008.5,3236735,4048826,67242.3,97286.0,104096.5,20736,165249,58680.0,cudaLaunchKernel,ampere_sgemm_128x32_nn
3558747,3561120,0,16,16,3996429.1,3101982.5,837991,10633901,2783182.3,16929.9,12864.5,9167,64513,13040.6,552644.3,413282.5,2238,1595207,466751.3,3426854.9,2676762.0,817508,8974181,2309375.0,cudaLaunchKernel,"void at::native::<unnamed>::cunn_SoftMaxBackward<(int)4, float, float, float, at::native::<unnamed>::LogSoftMaxBackwardEpilogue>(T2 *, const T4 *, const T4 *, long)"
3558747,3569404,0,168,167,3952384.2,372444.0,22746,61288790,10363792.5,10696.4,9873.5,5391,57440,5443.1,3960660.2,361545.0,4720,61267925,10389461.1,4616.0,4704.0,3264,6752,571.8,cudaLaunchKernel,"void at::native::elementwise_kernel<(int)128, (int)2, void at::native::gpu_kernel_impl_nocast<at::native::CUDAFunctorOnSelf_add<float>>(at::TensorIteratorBase &, const T1 &)::[lambda(int) (instance 1)]>(int, T3)"
3558747,3569404,0,304,303,3950436.3,3967140.5,119818,4096825,227655.4,11160.4,10154.0,8957,119216,6554.7,3949924.0,3954230.0,3540662,4084987,57762.2,2350.4,2336.0,2240,2400,19.9,cudaLaunchKernel,"void scal_kernel<float, float, (int)1, (bool)1, (int)6, (int)5, (int)5, (int)3>(cublasTransposeParams<T2>, const T1 *, T1 *, const T2 *)"
3558747,3558747,0,17,16,3726597.8,2969535.0,784734,9460424,2439352.5,17658.4,10109.0,7414,126120,28034.9,296208.7,1579.5,622,4717487,1179007.7,3430326.2,2957899.0,774372,7951757,1964116.7,cudaLaunchKernel,"void at::native::index_elementwise_kernel<(int)128, (int)4, void at::native::gpu_index_kernel<void at::native::index_kernel_impl<at::native::OpaqueType<(int)2>>(at::TensorIteratorBase &, c10::ArrayRef<long>, c10::ArrayRef<long>)::[lambda(char *, const char *, long) (instance 1)]>(at::TensorIteratorBase &, c10::ArrayRef<long>, c10::ArrayRef<long>, const T1 &, bool)::[lambda(int) (instance 1)]>(long, T3)"
3558747,3558747,0,17,16,3725090.6,2871030.0,927712,9558352,2354836.9,98234.6,9839.0,7684,1480020,356104.7,3064196.8,2468069.5,734222,7849064,2026028.2,743032.5,648610.0,185345,1684931,414256.3,cudaLaunchKernel,"void at::native::vectorized_elementwise_kernel<(int)4, at::native::AbsFunctor<c10::Half>, std::array<char *, (unsigned long)2>>(int, T2, T3)"
3558747,3569404,0,56,56,3713657.2,3086028.5,11986,8688932,2715232.3,11590.7,9698.0,7314,67779,8428.8,3697479.1,3067494.5,232,8674737,2715009.6,4587.4,4736.0,3104,5472,651.9,cudaLaunchKernel,"void at::native::elementwise_kernel<(int)128, (int)2, void at::native::gpu_kernel_impl_nocast<at::native::AbsFunctor<float>>(at::TensorIteratorBase &, const T1 &)::[lambda(int) (instance 1)]>(int, T3)"
3558747,3561120,0,16,15,3682860.4,1737047.0,466922,28996656,6855445.8,1456628.3,9092.5,6573,23148339,5784457.4,2142.7,2154.0,1354,2587,367.1,2225425.8,1725862.5,457634,5867556,1538838.6,cudaLaunchKernel,"void <unnamed>::indexing_backward_kernel<c10::Half, (int)4>(const long *, const long *, const T1 *, T1 *, long, long, long, long, bool)"
3558747,3561120,0,12,12,3584913.8,3261725.5,1075783,6554835,1681634.8,9282.7,9152.5,7344,11232,1057.9,3571031.0,3246311.5,1061045,6541528,1681720.2,4600.1,4496.0,4001,5856,556.0,cudaLaunchKernel,"void at_cuda_detail::cub::detail::reduce::DeviceReduceSingleTileKernel<at_cuda_detail::cub::detail::reduce::policy_hub<int, unsigned long long, cuda::std::__4::plus<void>>::Policy1000, thrust::_V_300200_SM_750_800_860_900_1000_1200::transform_iterator<at::native::<unnamed>::NonZeroOp<bool>, const bool *, thrust::_V_300200_SM_750_800_860_900_1000_1200::use_default, thrust::_V_300200_SM_750_800_860_900_1000_1200::use_default>, int *, unsigned long long, cuda::std::__4::plus<void>, int, int, cuda::std::__4::identity>(T2, T3, T4, T5, T6, T8)"
3558747,3558747,0,60,51,3495353.8,42293.5,13872,28651014,6710890.8,12688.4,12053.0,6833,43693,5276.6,4062887.1,1067.0,79,28639898,7131503.9,29297.7,2240.0,1344,250721,60789.9,cudaLaunchKernel,"void at::native::vectorized_elementwise_kernel<(int)4, at::native::FillFunctor<float>, std::array<char *, (unsigned long)1>>(int, T2, T3)"
3558747,3569404,0,9216,9216,3396775.8,4013850.0,16459,4184242,1171744.8,7385.0,6633.0,5591,911386,15426.9,3383603.3,4001043.5,8,4171199,1172169.0,5787.5,5760.0,4512,6880,310.9,cudaLaunchKernel,"void at::native::unrolled_elementwise_kernel<at::native::CUDAFunctor_add<float>, std::array<char *, (unsigned long)3>, (int)4, TrivialOffsetCalculator<(int)2, unsigned int>, TrivialOffsetCalculator<(int)1, unsigned int>, at::native::memory::LoadWithCast<(int)2>, at::native::memory::StoreWithCast<(int)1>>(int, T1, T2, T4, T5, T6, T7)"
3558747,3569404,0,3312,3310,3388184.4,4029572.5,28149,4180795,1208043.7,10947.2,10069.0,8577,871952,20764.1,3293979.0,3914876.0,485,4058765,1169396.1,85247.9,97648.5,9280,176129,54705.5,cuLaunchKernel,void cutlass::Kernel2<cutlass_80_simt_sgemm_128x32_8x5_nn_align1>(T1::Params)
3558747,3558747,0,32,31,2951220.6,1797784.5,13775,14322920,3795815.3,119580.0,9538.0,8015,3506882,618118.9,2728234.4,1290920.0,37,13532520,3650472.4,188759.5,54096.5,3072,895169,247403.1,cudaLaunchKernel,"void at::native::reduce_kernel<(int)512, (int)1, at::native::ReduceOp<bool, at::native::func_wrapper_t<bool, at::native::and_kernel_cuda(at::TensorIterator &)::[lambda() (instance 1)]::operator ()() const::[lambda() (instance 12)]::operator ()() const::[lambda(bool, bool) (instance 1)]>, unsigned int, bool, (int)4, (int)4>>(T3)"
3558747,3558747,0,861,836,2544343.8,17414.0,13603,43077492,7435353.8,6952.8,6493.0,5331,67018,2393.6,2596065.3,2212.0,26,43006316,7520004.0,16742.2,8544.0,5856,64992,16342.7,cudaLaunchKernel,"void <unnamed>::softmax_warp_forward<c10::Half, float, float, (int)8, (bool)0, (bool)0, (int)32>(T2 *, const T1 *, int, int, int, const bool *, int, bool)"
3558747,3569404,0,170,169,2471761.1,2903509.5,9250,9016341,2825467.3,7633.6,6803.0,5301,14738,2140.5,2423818.3,2856850.0,408,9007202,2742000.9,54576.6,2192.0,1472,568098,143453.7,cudaLaunchKernel,"void at::native::vectorized_elementwise_kernel<(int)4, at::native::AUnaryFunctor<float, float, float, at::native::binary_internal::MulFunctor<float>>, std::array<char *, (unsigned long)2>>(int, T2, T3)"
3558747,3569404,0,136,132,2292825.7,468391.5,20196,6833231,2578443.1,9530.6,7198.5,3828,66136,8919.7,1598862.5,346544.5,17,5259406,1958607.5,731627.5,258449.0,11328,1572039,687629.3,cudaLaunchKernel,"void at::native::elementwise_kernel<(int)128, (int)2, void at::native::gpu_kernel_impl_nocast<at::native::BinaryFunctor<long, long, long, at::native::rshift_kernel_cuda(at::TensorIteratorBase &)::[lambda() (instance 1)]::operator ()() const::[lambda() (instance 4)]::operator ()() const::[lambda(long, long) (instance 1)]>>(at::TensorIteratorBase &, const T1 &)::[lambda(int) (instance 1)]>(int, T3)"
3558747,3569404,0,36,21,2201941.9,2074948.0,706641,3861394,1281731.2,20659.6,17498.5,7955,127092,19857.8,994120.4,1648926.0,15,1789527,883122.4,1602449.6,2054921.0,689283,2063912,652128.7,cudaLaunchKernel,"void gemmSN_NN_kernel<float, (int)128, (int)2, (int)4, (int)8, (int)6, (int)4, (bool)0, cublasGemvTensorStridedBatched<const float>, cublasGemvTensorStridedBatched<const float>, cublasGemvTensorStridedBatched<float>>(cublasGemmSmallNParams<T9, T10, T11, T1>)"
3558747,3569404,0,252,242,1929752.8,1687532.0,9394,7693554,1897917.1,14962.7,10705.0,5621,600475,38247.2,1868940.2,1604815.0,65,7487403,1825446.6,120145.5,67281.0,1472,571330,158916.4,cudaLaunchKernel,"void at::native::vectorized_elementwise_kernel<(int)4, at::native::BUnaryFunctor<float, float, float, at::native::binary_internal::MulFunctor<float>>, std::array<char *, (unsigned long)2>>(int, T2, T3)"
3558747,3569404,0,56,56,1776195.1,934250.0,172302,3736953,1486723.0,12237.3,9588.5,5891,76676,13158.0,1761550.9,925106.5,157711,3723059,1486486.9,2406.9,2400.0,2336,2624,64.2,cudaLaunchKernel,"void at::native::vectorized_elementwise_kernel<(int)2, at::native::CUDAFunctorOnOther_add<long>, std::array<char *, (unsigned long)2>>(int, T2, T3)"
3558747,3569404,0,342,319,1526832.3,293950.0,9664,9897836,2886323.5,9934.8,6532.0,3877,484763,26758.7,1270625.5,101787.0,1,8349099,2453175.0,331964.6,69968.0,2176,1552327,536137.7,cudaLaunchKernel,"void at::native::vectorized_elementwise_kernel<(int)2, at::native::AUnaryFunctor<long, long, long, at::native::BitwiseAndFunctor<long>>, std::array<char *, (unsigned long)2>>(int, T2, T3)"
3558747,3569404,0,28,27,1470998.9,851675.0,85460,2833573,1216071.1,18329.3,15825.5,7795,98227,16114.2,926433.7,489709.0,363,1781471,785587.9,559340.7,342321.0,75041,1034309,425580.0,cudaLaunchKernel,"void at::native::<unnamed>::CatArrayBatchedCopy_alignedK_contig<at::native::<unnamed>::OpaqueType<(unsigned int)8>, unsigned int, (int)3, (int)128, (int)1, (int)16>(T1 *, at::native::<unnamed>::CatArrInputTensorMetadata<T1, T2, T4, T5>, at::native::<unnamed>::TensorSizeStride<T2, (unsigned int)4>, int, T2)"
3558747,3569404,0,112,98,1416364.7,940054.5,19005,3788030,1345265.5,13480.4,11336.5,4077,188098,19304.2,719786.0,67260.5,33,2419537,891047.4,773480.3,907764.5,6016,1373254,571699.1,cudaLaunchKernel,"void at::native::index_elementwise_kernel<(int)128, (int)4, void at::native::gpu_index_kernel<void at::native::index_kernel_impl<at::native::OpaqueType<(int)8>>(at::TensorIteratorBase &, c10::ArrayRef<long>, c10::ArrayRef<long>)::[lambda(char *, const char *, long) (instance 1)]>(at::TensorIteratorBase &, c10::ArrayRef<long>, c10::ArrayRef<long>, const T1 &, bool)::[lambda(int) (instance 1)]>(long, T3)"
3558747,3569404,0,2,1,1327134.5,1327134.5,18249,2636020,1851043.6,1317756.0,1317756.0,6021,2629491,1855073.4,1604.0,1604.0,1604,1604,0.0,9904.0,9904.0,9184,10624,1018.2,cudaLaunchKernel,"void steqr_ker<stedc_params_<float2, float, (int)8, (int)16, (int)128>, float, (int)0>(long, T1::data_type *, T1::data_type *, T2 *, long, int *, int *, long, long, T1::data_type, T1::data_type, int *, int)"
3558747,3569404,0,556,555,1198471.8,1147565.0,348743,3959172,409374.6,11639.1,10535.5,9008,474494,19709.8,1175666.7,1122987.0,318979,3935730,408547.8,13281.6,10400.0,7392,21568,4707.4,cudaLaunchKernel,ampere_sgemm_32x32_sliced1x4_nn
3558747,3558747,0,3560,3400,1192843.4,579276.0,108736,11276807,1749085.9,9484.5,8697.0,7143,595014,14708.4,1648.9,1636.5,13,6957,384.1,1181852.2,569106.5,98816,11260913,1748562.5,cudaLaunchKernel,ampere_sgemm_128x64_nt
3558747,3569404,0,280,280,1148153.8,1150430.0,958692,1166957,16989.6,10813.3,10460.0,9278,18776,1431.1,1122636.2,1125017.0,931415,1141933,17117.2,14704.3,14784.0,8256,20032,2405.1,cudaLaunchKernel,ampere_sgemm_64x32_sliced1x4_nn
3558747,3569404,0,112,107,1110171.8,843474.5,11230,3770288,1302842.6,12234.5,6953.5,5460,119137,13258.0,1145532.9,834872.0,903,3760605,1312667.1,3629.2,3552.0,3360,4064,205.7,cudaLaunchKernel,"void at::native::vectorized_elementwise_kernel<(int)2, at::native::BUnaryFunctor<long, long, long, at::native::remainder_kernel_cuda(at::TensorIteratorBase &)::[lambda() (instance 1)]::operator ()() const::[lambda() (instance 4)]::operator ()() const::[lambda(long, long) (instance 1)]>, std::array<char *, (unsigned long)2>>(int, T2, T3)"
3558747,3558747,0,60,60,1070180.1,1101710.5,891377,1162405,99753.5,9612.0,6868.0,5700,128525,15705.9,394983.2,429599.5,236434,464884,81512.0,665584.8,668451.0,632643,696547,27101.7,cudaLaunchKernel,"void at::native::<unnamed>::cunn_SoftMaxForward<(int)8, c10::Half, float, float, at::native::<unnamed>::SoftMaxForwardEpilogue>(T4 *, const T2 *, int)"
3558747,3569404,0,88,62,999250.1,23911.5,10711,3949074,1608670.9,17151.9,15034.0,6973,44965,7403.3,1391197.1,9182.5,141,3930488,1763633.2,2415.3,2144.0,1760,4640,696.5,cudaLaunchKernel,"void at::native::vectorized_elementwise_kernel<(int)4, at::native::FillFunctor<unsigned char>, std::array<char *, (unsigned long)1>>(int, T2, T3)"
3558747,3569404,0,4,3,892162.8,8996.0,8339,3542320,1766771.5,889825.3,6231.5,4518,3542320,1768330.3,1762.0,2318.0,523,2445,1074.9,1352.0,1344.0,1344,1376,16.0,cudaLaunchKernel,"xx_set_info_ker(int, int *, int)"
3558747,3569404,0,280,265,808682.9,27031.0,12438,8665820,1881610.0,10279.1,7655.0,5450,122503,11818.2,820377.2,2800.0,18,8651903,1930736.7,22246.4,8096.0,3360,123584,29981.2,cudaLaunchKernel,"void at::native::reduce_kernel<(int)512, (int)1, at::native::ReduceOp<float, at::native::MeanOps<float, float, float, float>, unsigned int, float, (int)4, (int)4>>(T3)"
3558747,3561120,0,16,16,679249.8,513283.5,113204,1886229,503356.4,21086.5,15164.0,10240,102155,21924.2,654653.3,496933.5,96529,1781130,488008.0,3510.0,3504.0,2944,3776,190.8,cudaLaunchKernel,"void at::native::elementwise_kernel<(int)128, (int)2, void at::native::gpu_kernel_impl_nocast<at::native::direct_copy_kernel_cuda(at::TensorIteratorBase &)::[lambda() (instance 3)]::operator ()() const::[lambda() (instance 7)]::operator ()() const::[lambda(float) (instance 1)]>(at::TensorIteratorBase &, const T1 &)::[lambda(int) (instance 1)]>(int, T3)"
3558747,3561120,0,16,16,651781.6,497870.0,94548,1773782,485854.1,14129.3,11752.5,7814,34285,6203.0,632912.3,475576.5,80855,1735081,481592.9,4740.0,4768.0,3584,5152,349.5,cudaLaunchKernel,"void at::native::<unnamed>::nll_loss_backward_no_reduce_cuda_kernel<float, long>(int, const T2 *, torch::headeronly::detail::GenericPackedTensorAccessor<torch::headeronly::detail::TensorAccessor<c10::ArrayRef<long>, const T1, (unsigned long)0, torch::headeronly::DefaultPtrTraits, long>, at::detail::IndexBoundsCheck<(unsigned long)1, long>, const T1, (unsigned long)1, torch::headeronly::DefaultPtrTraits, long>, torch::headeronly::detail::GenericPackedTensorAccessor<torch::headeronly::detail::TensorAccessor<c10::ArrayRef<long>, T1, (unsigned long)1, torch::headeronly::DefaultPtrTraits, long>, at::detail::IndexBoundsCheck<(unsigned long)2, long>, T1, (unsigned long)2, torch::headeronly::DefaultPtrTraits, long>, const T1 *, long, long)"
3558747,3558747,0,16,0,647088.6,63961.5,44956,9381637,2329247.3,647088.6,63961.5,44956,9381637,2329247.3,,,,,0.0,4772.0,4768.0,4544,5056,144.9,cudaLaunchKernel,"void at::native::unrolled_elementwise_kernel<at::native::AUnaryFunctor<long, long, bool, at::native::<unnamed>::CompareEqFunctor<long>>, std::array<char *, (unsigned long)2>, (int)4, TrivialOffsetCalculator<(int)1, unsigned int>, TrivialOffsetCalculator<(int)1, unsigned int>, at::native::memory::LoadWithCast<(int)1>, at::native::memory::StoreWithCast<(int)1>>(int, T1, T2, T4, T5, T6, T7)"
3558747,3569404,0,2,1,513978.5,513978.5,17001,1010956,702832.3,504461.0,504461.0,5921,1003001,705042.0,2120.0,2120.0,2120,2120,0.0,8960.5,8960.5,8960,8961,0.7,cudaLaunchKernel,"void geqr2_smem<float, float, (int)8, (int)5, (int)5>(int, int, T1 *, unsigned long, T1 *, int)"
3558747,3569404,0,56,53,475148.4,95309.5,12084,5137259,770963.8,105201.0,10259.0,6413,5137259,684764.5,387071.4,84714.0,647,1112663,445101.2,3810.9,3808.0,3584,3904,72.2,cudaLaunchKernel,"void at::native::vectorized_elementwise_kernel<(int)2, at::native::BUnaryFunctor<long, long, long, at::native::binary_internal::div_floor_kernel_cuda(at::TensorIteratorBase &)::[lambda() (instance 1)]::operator ()() const::[lambda() (instance 4)]::operator ()() const::[lambda(long, long) (instance 1)]>, std::array<char *, (unsigned long)2>>(int, T2, T3)"
3558747,3569404,0,145,136,433781.6,178270.0,8774,1292604,454673.6,10163.4,6452.0,4789,222825,19571.6,428104.3,174010.0,40,1277984,449297.7,22152.1,1664.0,1504,200001,55218.5,cudaLaunchKernel,"void at::native::vectorized_elementwise_kernel<(int)2, at::native::CUDAFunctorOnSelf_add<long>, std::array<char *, (unsigned long)2>>(int, T2, T3)"
3558747,3569404,0,88,88,429269.3,146044.0,9564,1819637,644115.1,25449.2,8360.5,5481,1378858,145980.2,401938.6,133278.0,235,1810157,637111.2,1881.5,1920.0,1280,2496,239.5,cudaLaunchKernel,"xxtrf4_set_info_ker(int, int *)"
3558747,3569404,0,56,54,427662.1,217040.0,26792,1123504,394441.6,10759.7,7850.0,5060,62098,10124.5,269286.3,106064.0,164,825681,289233.7,157246.5,100976.5,18688,288834,117653.4,cudaLaunchKernel,"void at::native::vectorized_elementwise_kernel<(int)2, at::native::BinaryFunctor<long, long, long, at::native::BitwiseOrFunctor<long>>, std::array<char *, (unsigned long)3>>(int, T2, T3)"
3558747,3569404,0,127,105,405027.2,200864.0,9802,3803908,608771.6,40643.8,8517.0,5150,3803908,336764.1,329601.1,2154.0,19,1441559,507578.8,92169.0,64609.0,2176,200832,82377.9,cudaLaunchKernel,"void at::native::vectorized_elementwise_kernel<(int)2, at::native::BUnaryFunctor<long, long, long, at::native::rshift_kernel_cuda(at::TensorIteratorBase &)::[lambda() (instance 1)]::operator ()() const::[lambda() (instance 4)]::operator ()() const::[lambda(long, long) (instance 1)]>, std::array<char *, (unsigned long)2>>(int, T2, T3)"
3558747,3561120,0,23,21,393461.3,15916.0,10343,8635465,1796724.9,388540.0,10479.0,4919,8635465,1797801.2,1849.4,1752.0,884,2704,581.6,3456.0,3488.0,3072,4096,260.3,cudaLaunchKernel,"void at::native::vectorized_elementwise_kernel<(int)2, at::native::BUnaryFunctor<long, long, long, at::native::remainder_kernel_cuda(at::TensorIteratorBase &)::[lambda() (instance 1)]::operator ()() const::[lambda() (instance 4)]::operator ()() const::[lambda(long, long) (instance 1)]>, std::array<char *, (unsigned long)2>>(int, T2, T3)"
3558747,3569404,0,84,79,381739.9,229058.0,13359,1239640,408163.1,13118.0,8401.0,6673,114057,17552.5,331830.6,166208.0,113,1084652,362059.5,56680.2,13008.0,3680,147969,60057.9,cudaLaunchKernel,"void at::native::unrolled_elementwise_kernel<at::native::direct_copy_kernel_cuda(at::TensorIteratorBase &)::[lambda() (instance 3)]::operator ()() const::[lambda() (instance 3)]::operator ()() const::[lambda(int) (instance 1)], std::array<char *, (unsigned long)2>, (int)4, TrivialOffsetCalculator<(int)1, unsigned int>, TrivialOffsetCalculator<(int)1, unsigned int>, at::native::memory::LoadWithCast<(int)1>, at::native::memory::StoreWithCast<(int)1>>(int, T1, T2, T4, T5, T6, T7)"
3558747,3569404,0,98,96,362158.4,153426.5,9664,1467174,453092.2,7932.4,6417.0,4719,47430,4828.5,224912.6,47473.5,104,1173270,371650.8,133918.9,99729.0,2400,288834,121408.8,cudaLaunchKernel,"void at::native::vectorized_elementwise_kernel<(int)2, at::native::BinaryFunctor<long, long, long, at::native::BitwiseXorFunctor<long>>, std::array<char *, (unsigned long)3>>(int, T2, T3)"
3558747,3558747,0,16,12,301916.5,16125.5,14290,4556723,1134628.9,297130.6,11396.5,9078,4556723,1135910.4,1279.8,1264.5,465,2088,500.3,4684.0,4656.0,3968,5312,345.2,cudaLaunchKernel,"void at::native::reduce_kernel<(int)512, (int)1, at::native::ReduceOp<long, at::native::func_wrapper_t<long, at::native::sum_functor<long, long, long>::operator ()(at::TensorIterator &)::[lambda(long, long) (instance 1)]>, unsigned int, long, (int)4, (int)4>>(T3)"
3558747,3569404,0,56,52,295469.4,133374.0,18461,864826,290544.9,10652.7,8295.0,6051,66948,9474.3,193063.8,61804.0,849,658471,223120.1,105788.4,64880.5,9728,200609,82459.8,cudaLaunchKernel,"void at::native::vectorized_elementwise_kernel<(int)2, at::native::BUnaryFunctor<long, long, long, at::native::lshift_kernel_cuda(at::TensorIteratorBase &)::[lambda() (instance 1)]::operator ()() const::[lambda() (instance 4)]::operator ()() const::[lambda(long, long) (instance 1)]>, std::array<char *, (unsigned long)2>>(int, T2, T3)"
3558747,3569404,0,22761,21840,283667.2,12311.0,10670,412720256,9434897.9,7479.8,6372.0,5350,1889951,28552.7,284132.3,2467.0,0,412704183,9631228.9,3582.7,3520.0,3104,31456,1384.9,cudaLaunchKernel,"void at::native::reduce_kernel<(int)512, (int)1, at::native::ReduceOp<bool, at::native::func_wrapper_t<bool, at::native::or_kernel_cuda(at::TensorIterator &)::[lambda() (instance 1)]::operator ()() const::[lambda() (instance 12)]::operator ()() const::[lambda(bool, bool) (instance 1)]>, unsigned int, bool, (int)4, (int)4>>(T3)"
3558747,3558747,0,296,266,272399.6,66269.0,58544,843255,257681.1,13266.2,12544.0,11152,27292,2386.6,233237.2,95909.5,30,777423,260359.0,49621.3,49408.0,46592,54240,1698.2,cudaLaunchKernelExC,sm80_xmma_gemm_f16f16_f16f32_f32_tn_n_tilesize96x128x32_stage4_warpsize2x2x1_tensor16x8x16_execute_kernel__5x_cublas
3558747,3558747,0,8653,8264,270807.6,17749.0,11163,503596177,7563375.2,8001.9,7074.0,5079,1870425,31228.1,264975.9,2278.0,18,503437196,7737879.0,9790.8,8032.0,3008,24096,4389.2,cudaLaunchKernel,"void at::native::reduce_kernel<(int)512, (int)1, at::native::ReduceOp<bool, at::native::func_wrapper_t<bool, at::native::or_kernel_cuda(at::TensorIterator &)::[lambda() (instance 1)]::operator ()() const::[lambda() (instance 12)]::operator ()() const::[lambda(bool, bool) (instance 1)]>, unsigned int, bool, (int)4, (int)4>>(T3)"
3558747,3558747,0,16,8,268851.1,20280.5,16447,3974454,988177.8,265573.4,16436.0,11783,3974454,989058.4,405.1,435.5,15,1106,368.3,4210.0,4208.0,3872,4512,153.7,cudaLaunchKernel,"void at::native::unrolled_elementwise_kernel<at::native::direct_copy_kernel_cuda(at::TensorIteratorBase &)::[lambda() (instance 3)]::operator ()() const::[lambda() (instance 4)]::operator ()() const::[lambda(long) (instance 1)], std::array<char *, (unsigned long)2>, (int)4, TrivialOffsetCalculator<(int)1, unsigned int>, TrivialOffsetCalculator<(int)1, unsigned int>, at::native::memory::LoadWithCast<(int)1>, at::native::memory::StoreWithCast<(int)1>>(int, T1, T2, T4, T5, T6, T7)"
3558747,3569404,0,28,26,255705.6,103724.0,21019,565551,234192.3,19152.3,11867.5,7755,166758,31082.3,178147.0,37065.0,1776,428432,192607.7,71635.8,53264.0,10912,128800,49886.5,cudaLaunchKernel,"void at::native::reduce_kernel<(int)128, (int)4, at::native::ReduceOp<long, at::native::func_wrapper_t<long, at::native::sum_functor<long, long, long>::operator ()(at::TensorIterator &)::[lambda(long, long) (instance 1)]>, unsigned int, long, (int)4, (int)4>>(T3)"
3558747,3561120,0,16,12,244598.1,15418.0,12558,3646619,907230.8,240586.7,10826.0,7775,3646619,908303.9,1477.9,1550.0,218,2053,522.7,3348.1,3328.0,2784,3840,259.2,cudaLaunchKernel,"void at::native::vectorized_elementwise_kernel<(int)2, at::native::BUnaryFunctor<long, long, long, at::native::binary_internal::div_trunc_kernel_cuda(at::TensorIteratorBase &)::[lambda() (instance 1)]::operator ()() const::[lambda() (instance 4)]::operator ()() const::[lambda(long, long) (instance 1)]>, std::array<char *, (unsigned long)2>>(int, T2, T3)"
3558747,3569404,0,296,294,211110.2,68399.5,30458,1587484,387482.2,9549.0,4744.0,3757,663976,39069.1,182357.8,43496.0,124,1562563,387285.9,20439.1,20416.0,19936,21152,223.8,cudaLaunchKernel,"void at::native::<unnamed>::CatArrayBatchedCopy<at::native::<unnamed>::OpaqueType<(unsigned int)4>, unsigned int, (int)2, (int)64, (int)64>(T1 *, at::native::<unnamed>::CatArrInputTensorMetadata<T1, T2, T4, T5>, at::native::<unnamed>::TensorSizeStride<T2, (unsigned int)4>, int, T2)"
3558747,3569404,0,28216,26919,196198.8,13078.0,11744,224766798,5178099.3,8229.3,7324.0,6042,1654442,23087.2,192863.5,1852.0,1,224744966,5300893.6,4007.5,4000.0,3840,16480,230.8,cudaLaunchKernel,ampere_sgemm_32x128_nt
3558747,3569404,0,6,3,192089.2,13840.0,12788,1083775,436836.1,190140.7,12333.5,9248,1083775,437791.8,672.0,589.0,159,1268,559.1,2272.0,2272.0,2240,2336,35.1,cudaLaunchKernel,"void at::native::<unnamed>::distribution_elementwise_grid_stride_kernel<float, (int)4, void at::native::templates::cuda::normal_and_transform<float, float, at::CUDAGeneratorImpl *, void at::native::templates::cuda::normal_kernel<at::CUDAGeneratorImpl *>(const at::TensorBase &, double, double, T1)::[lambda() (instance 1)]::operator ()() const::[lambda() (instance 2)]::operator ()() const::[lambda(float) (instance 1)]>(at::TensorIteratorBase &, T3, T4)::[lambda(curandStatePhilox4_32_10 *) (instance 2)], void at::native::<unnamed>::distribution_nullary_kernel<float, float, float4, at::CUDAGeneratorImpl *, void at::native::templates::cuda::normal_and_transform<float, float, at::CUDAGeneratorImpl *, void at::native::templates::cuda::normal_kernel<at::CUDAGeneratorImpl *>(const at::TensorBase &, double, double, T1)::[lambda() (instance 1)]::operator ()() const::[lambda() (instance 2)]::operator ()() const::[lambda(float) (instance 1)]>(at::TensorIteratorBase &, T3, T4)::[lambda(curandStatePhilox4_32_10 *) (instance 2)], void at::native::templates::cuda::normal_kernel<at::CUDAGeneratorImpl *>(const at::TensorBase &, double, double, T1)::[lambda() (instance 1)]::operator ()() const::[lambda() (instance 2)]::operator ()() const::[lambda(float) (instance 1)]>(at::TensorIteratorBase &, T4, const T5 &, T6)::[lambda(int, float) (instance 1)]>(long, at::PhiloxCudaState, T3, T4)"
3558747,3569404,0,2,1,183663.5,183663.5,9962,357365,245651.0,180173.0,180173.0,5300,355046,247307.8,2102.0,2102.0,2102,2102,0.0,2624.0,2624.0,2560,2688,90.5,cudaLaunchKernel,"void larft_vtv_32<float, (int)128>(long, long, const T1 *, long, long, T1 *, long, long)"
3558747,3558747,0,890,855,173772.3,131054.0,122697,474608,97162.9,11380.1,10931.0,9187,22583,1794.6,45477.3,1244.0,5,350036,92091.6,118761.0,116065.0,110784,164385,11142.2,cudaLaunchKernel,ampere_fp16_s16816gemm_fp16_256x64_ldg8_f2f_stages_64x3_tn
3558747,3569404,0,2,1,169088.0,169088.0,10259,327917,224618.1,165650.5,165650.5,5360,325941,226685.0,2307.0,2307.0,2307,2307,0.0,2592.0,2592.0,2592,2592,0.0,cudaLaunchKernel,"void ormqr_cta_kernel<float, (int)4, (int)1>(long, long, long, const T1 *, long, long, const T1 *, long, T1 *, long, long, long, long, long, int)"
3558747,3569404,0,28,26,152850.7,90822.0,29940,304238,109031.4,16184.2,15148.5,9087,54313,7918.6,16906.3,1540.0,649,66691,24940.8,121015.4,73696.0,19232,221697,90083.3,cudaLaunchKernel,"void at::native::elementwise_kernel<(int)128, (int)2, void at::native::gpu_kernel_impl_nocast<at::native::BinaryFunctor<float, float, float, at::native::binary_internal::DivFunctor<float>>>(at::TensorIteratorBase &, const T1 &)::[lambda(int) (instance 1)]>(int, T3)"
3558747,3558747,0,56,55,130545.8,130792.0,103644,144702,8446.7,12227.8,11021.0,9619,22373,2862.7,32810.5,32022.0,14092,47947,8063.4,86162.2,85825.0,84513,88641,1065.0,cudaLaunchKernel,ampere_fp16_s16816gemm_fp16_64x128_ldg8_f2f_stages_64x4_tn
3558747,3569404,0,84,70,128998.4,21076.0,13292,481095,176398.8,13191.5,9533.5,6913,89821,12572.1,123265.1,1615.0,32,450372,182089.4,13678.2,10640.0,4096,28225,8643.7,cudaLaunchKernel,"void at::native::elementwise_kernel<(int)128, (int)2, void at::native::gpu_kernel_impl_nocast<at::native::direct_copy_kernel_cuda(at::TensorIteratorBase &)::[lambda() (instance 3)]::operator ()() const::[lambda() (instance 3)]::operator ()() const::[lambda(int) (instance 1)]>(at::TensorIteratorBase &, const T1 &)::[lambda(int) (instance 1)]>(int, T3)"
3558747,3569404,0,2,1,128916.0,128916.0,10862,246970,166953.6,125218.5,125218.5,5941,244496,168683.9,2201.0,2201.0,2201,2201,0.0,2912.0,2912.0,2720,3104,271.5,cudaLaunchKernel,"void at::native::triu_tril_kernel<float, int, (bool)1, (int)2, (bool)0>(at::cuda::detail::TensorInfo<T1, T2>, at::cuda::detail::TensorInfo<const T1, T2>, long, long, T2)"
3558747,3558747,0,75,70,127610.2,88062.0,50823,339275,106481.1,12355.5,11342.0,10249,20619,2262.5,960.5,1001.0,91,1697,391.0,114427.0,75968.0,39553,321282,105042.7,cudaLaunchKernel,ampere_fp16_s1688gemm_fp16_256x128_ldg8_f2f_stages_32x1_tn
3558747,3569404,0,28,22,123185.3,23586.0,16841,2678977,501346.8,117841.6,18310.0,10159,2675689,501796.7,1034.3,989.5,191,2171,582.7,4923.4,4944.0,4000,5376,261.4,cudaLaunchKernel,"void at::native::reduce_kernel<(int)512, (int)1, at::native::ReduceOp<float, at::native::ArgMinOps<float>, unsigned int, long, (int)4, (int)4>>(T3)"
3558747,3569404,0,28,23,118381.6,57602.0,11502,250021,102757.1,17906.6,16421.0,8557,70654,10970.8,119831.6,186719.0,362,231290,100090.7,2389.7,2464.0,1888,2720,251.2,cudaLaunchKernel,"void at::native::vectorized_elementwise_kernel<(int)4, at::native::sqrt_kernel_cuda(at::TensorIteratorBase &)::[lambda() (instance 2)]::operator ()() const::[lambda() (instance 2)]::operator ()() const::[lambda(float) (instance 1)], std::array<char *, (unsigned long)2>>(int, T2, T3)"
3558747,3569404,0,28,23,117917.9,74061.0,29241,213091,77575.0,16168.9,13846.0,8827,27994,4712.3,618.6,633.0,35,1069,260.2,101305.5,60448.5,15520,186880,76251.7,cudaLaunchKernel,"void at::native::vectorized_elementwise_kernel<(int)4, void at::native::<unnamed>::pow_tensor_scalar_kernel_impl<float, float>(at::TensorIteratorBase &, T2)::[lambda(float) (instance 1)], std::array<char *, (unsigned long)2>>(int, T2, T3)"
3558747,3569404,0,28,14,108532.0,66247.5,26531,237621,71382.2,22218.4,23023.5,15440,28364,3427.7,18134.4,8793.5,30,71907,22525.3,78216.4,45136.5,11360,146016,60073.3,cudaLaunchKernel,"void at::native::vectorized_elementwise_kernel<(int)4, at::native::float16_copy_kernel_cuda(at::TensorIteratorBase &)::[lambda(float) (instance 1)], std::array<char *, (unsigned long)2>>(int, T2, T3)"
3558747,3569404,0,2,2,107619.5,107619.5,84675,130564,32448.4,29662.0,29662.0,5000,54324,34877.3,3701.5,3701.5,1872,5531,2587.3,74256.0,74256.0,74144,74368,158.4,cudaLaunchKernel,"void batched_svd_parallel_jacobi_32x16<double, double>(int, int, int, int, T1 *, unsigned long, int, T2 *, T1 *, unsigned long, int, T1 *, unsigned long, int, T2, int, int *, T2, int, int *, int, T2)"
3558747,3569404,0,84,77,106709.8,13786.0,10910,7638344,831684.0,103491.0,10550.5,7344,7638344,832039.8,1271.8,1321.0,22,2129,422.4,2131.4,2048.0,1856,2656,248.9,cudaLaunchKernel,"void at::native::vectorized_elementwise_kernel<(int)4, at::native::BinaryFunctor<float, float, float, at::native::maximum_kernel_cuda(at::TensorIteratorBase &)::[lambda() (instance 2)]::operator ()() const::[lambda() (instance 2)]::operator ()() const::[lambda(float, float) (instance 1)]>, std::array<char *, (unsigned long)3>>(int, T2, T3)"
3558747,3569404,0,2,2,103702.0,103702.0,10723,196681,131492.2,99700.0,99700.0,5901,193499,132651.8,1058.0,1058.0,238,1878,1159.7,2944.0,2944.0,2944,2944,0.0,cudaLaunchKernel,"void lansy_M_stage1<float, float, (int)8>(long, const T1 *, long, long, T2 *, long, int)"
3558747,3558747,0,2449,2306,100533.1,16078.0,13774,12194626,513155.0,12064.7,11592.0,5791,97295,5257.5,86415.0,1266.0,2,10804066,481223.7,7209.7,2880.0,2336,1378787,57163.0,cudaLaunchKernel,"void at::native::vectorized_elementwise_kernel<(int)4, at::native::BinaryFunctor<c10::Half, c10::Half, bool, at::native::<unnamed>::CompareEqFunctor<c10::Half>>, std::array<char *, (unsigned long)3>>(int, T2, T3)"
3558747,3569404,0,2,2,94316.0,94316.0,73063,115569,30056.3,27537.0,27537.0,5490,49584,31179.2,2379.0,2379.0,1377,3381,1417.0,64400.0,64400.0,64192,64608,294.2,cudaLaunchKernel,"void batched_svd_parallel_jacobi_32x16<float, float>(int, int, int, int, T1 *, unsigned long, int, T2 *, T1 *, unsigned long, int, T1 *, unsigned long, int, T2, int, int *, T2, int, int *, int, T2)"
3558747,3558747,0,204,190,92795.0,92275.5,90681,105483,1931.9,13048.0,12649.0,11431,23014,1596.4,1276.3,874.0,85,13935,1730.1,78715.8,78688.0,77888,79520,285.0,cudaLaunchKernelExC,sm80_xmma_gemm_f16f16_f16f32_f32_tn_n_tilesize192x128x32_stage4_warpsize4x2x1_tensor16x8x16_execute_kernel__5x_cublas
3558747,3569404,0,4,3,86179.5,12481.0,11859,307897,147812.1,80210.5,5851.5,4719,304420,149474.0,2437.0,2331.0,2224,2756,281.4,4360.0,4352.0,4352,4384,16.0,cudaLaunchKernel,void svd_music_kernel<(int)32>(int *)
3558747,3558747,0,22,20,73980.8,72885.0,69679,80754,3258.2,13004.0,12418.5,9728,21772,3197.6,1055.8,1124.5,400,1620,364.6,60612.7,58800.0,57729,68544,3687.1,cudaLaunchKernel,ampere_fp16_s16816gemm_fp16_128x64_ldg8_f2f_stages_64x3_tn
3558747,3558747,0,7180,6892,67545.3,12955.5,10782,4692787,218212.4,10402.2,9317.0,7695,1674000,28933.7,57041.9,1430.0,2,4666322,219894.4,2449.8,2240.0,1696,5120,635.2,cudaLaunchKernel,"void at_cuda_detail::cub::detail::reduce::DeviceReduceSingleTileKernel<at_cuda_detail::cub::detail::reduce::policy_hub<int, unsigned long long, cuda::std::__4::plus<void>>::Policy1000, thrust::_V_300200_SM_750_800_860_900_1000_1200::transform_iterator<at::native::<unnamed>::NonZeroOp<bool>, const bool *, thrust::_V_300200_SM_750_800_860_900_1000_1200::use_default, thrust::_V_300200_SM_750_800_860_900_1000_1200::use_default>, int *, unsigned long long, cuda::std::__4::plus<void>, int, int, cuda::std::__4::identity>(T2, T3, T4, T5, T6, T8)"
3558747,3558747,0,272,255,63756.8,62044.5,59879,474290,25017.3,14457.3,12479.0,11322,426212,25110.0,840.9,868.0,23,1525,277.3,48660.8,48640.0,47297,50976,604.1,cudaLaunchKernelExC,sm80_xmma_gemm_f16f16_f16f32_f32_tn_n_tilesize96x64x64_stage4_warpsize2x2x1_tensor16x8x16_execute_kernel__5x_cublas
3558747,3569404,0,28,27,61969.5,16264.5,11123,166492,60889.4,12800.9,11672.0,7374,49484,7475.1,49047.1,2062.0,701,154144,61293.8,1939.4,1936.0,1664,2080,119.2,cudaLaunchKernel,"void at::native::vectorized_elementwise_kernel<(int)4, at::native::<unnamed>::launch_clamp_scalar(at::TensorIteratorBase &, c10::Scalar, c10::Scalar, at::native::detail::ClampLimits)::[lambda() (instance 1)]::operator ()() const::[lambda() (instance 7)]::operator ()() const::[lambda(float) (instance 1)], std::array<char *, (unsigned long)2>>(int, T2, T3)"
3558747,3558747,0,145,132,56563.7,11621.0,10370,6452344,534833.3,53741.4,8506.0,7434,6452344,535071.1,1524.4,1574.0,250,2343,339.1,1502.0,1504.0,1408,2080,67.8,cudaLaunchKernel,"void at::native::vectorized_elementwise_kernel<(int)4, at::native::FillFunctor<bool>, std::array<char *, (unsigned long)1>>(int, T2, T3)"
3558747,3558747,0,144,141,55384.3,14217.5,11578,5838425,485298.1,47295.3,5991.5,5540,5838425,485974.2,2444.4,2618.0,123,3220,583.6,5755.8,5616.0,3328,9280,1356.3,cudaLaunchKernel,"void at::native::index_elementwise_kernel<(int)128, (int)4, void at::native::gpu_index_kernel<void at::native::index_kernel_impl<at::native::OpaqueType<(int)1>>(at::TensorIteratorBase &, c10::ArrayRef<long>, c10::ArrayRef<long>)::[lambda(char *, const char *, long) (instance 1)]>(at::TensorIteratorBase &, c10::ArrayRef<long>, c10::ArrayRef<long>, const T1 &, bool)::[lambda(int) (instance 1)]>(long, T3)"
3558747,3569404,0,2,2,51983.5,51983.5,20754,83213,44165.2,37180.5,37180.5,4769,69592,45836.8,1779.0,1779.0,1301,2257,676.0,13024.0,13024.0,12320,13728,995.6,cudaLaunchKernel,"void steqr_ker<stedc_params_<double2, double, (int)8, (int)16, (int)128>, double, (int)0>(long, T1::data_type *, T1::data_type *, T2 *, long, int *, int *, long, long, T1::data_type, T1::data_type, int *, int)"
3558747,3569404,0,2,2,51844.0,51844.0,9109,94579,60436.4,48813.0,48813.0,4809,92817,62231.1,1559.0,1559.0,322,2796,1749.4,1472.0,1472.0,1440,1504,45.3,cudaLaunchKernel,"void batch_eye_kernel<float, (int)5, (int)3>(long, long, T1 *, unsigned long, long long, int)"
3558747,3558747,0,136,124,50672.3,50766.5,45229,56482,2481.7,13086.7,12529.0,11161,22392,1587.0,821.5,846.0,10,1759,290.0,37037.8,37120.0,32896,40864,2127.8,cudaLaunchKernelExC,sm80_xmma_gemm_f16f16_f16f32_f32_tn_n_tilesize64x96x64_stage4_warpsize2x2x1_tensor16x8x16_execute_kernel__5x_cublas
3558747,3558747,0,806,754,49134.0,30928.0,29352,233031,53400.4,11425.5,11051.0,9328,22333,1522.0,5584.0,985.0,89,72006,14007.9,32632.7,18880.0,18400,151520,40486.2,cudaLaunchKernel,ampere_fp16_s16816gemm_fp16_128x128_ldg8_f2f_stages_64x3_tn
3558747,3569404,0,67640,65197,48560.7,16830.0,14477,81177630,1478825.3,6889.5,6142.0,4779,2069935,18924.7,34683.5,2420.0,1,81159723,1506010.7,8274.1,8288.0,7360,9632,274.2,cudaLaunchKernel,"void at::native::reduce_kernel<(int)512, (int)1, at::native::ReduceOp<c10::Half, at::native::func_wrapper_t<c10::Half, at::native::MaxNanFunctor<c10::Half>>, unsigned int, c10::Half, (int)4, (int)4>>(T3)"
3558747,3569404,0,2,2,48293.0,48293.0,17564,79022,43457.4,35503.0,35503.0,4609,66397,43690.7,1829.5,1829.5,1361,2298,662.6,10960.5,10960.5,10657,11264,429.2,cudaLaunchKernel,"void geqr2_smem<double, double, (int)8, (int)5, (int)5>(int, int, T1 *, unsigned long, T1 *, int)"
3558747,3558747,0,952,890,47768.9,47938.5,42081,58028,1929.7,11185.2,10801.0,9367,24827,1544.8,1134.5,1159.0,18,2058,259.8,35676.0,35936.0,30688,39553,1626.7,cuLaunchKernel,void cutlass::Kernel2<cutlass_80_tensorop_f16_s16816gemm_relu_f16_128x64_64x6_tn_align8>(T1::Params)
3558747,3558747,0,144,138,44551.3,12608.0,11755,4444168,369212.7,37942.6,6146.5,5641,4417538,367528.1,2268.3,2424.0,84,2942,531.2,4568.7,3968.0,3520,36928,3114.9,cudaLaunchKernel,"void at::native::elementwise_kernel<(int)128, (int)4, void at::native::gpu_kernel_impl_nocast<at::native::<unnamed>::where_kernel_impl(at::TensorIterator &)::[lambda() (instance 1)]::operator ()() const::[lambda() (instance 2)]::operator ()() const::[lambda(bool, unsigned short, unsigned short) (instance 1)]>(at::TensorIteratorBase &, const T1 &)::[lambda(int) (instance 1)]>(int, T3)"
3558747,3558747,0,4,0,42414.8,35310.5,27412,71626,20057.9,41293.8,33885.0,25779,71626,20696.7,,,,,0.0,3624.0,3520.0,3072,4384,587.4,cudaLaunchKernel,"void at_cuda_detail::cub::detail::reduce::DeviceReduceKernel<at_cuda_detail::cub::detail::reduce::policy_hub<int, unsigned long long, cuda::std::__4::plus<void>>::Policy1000, thrust::_V_300200_SM_750_800_860_900_1000_1200::transform_iterator<at::native::<unnamed>::NonZeroOp<bool>, const bool *, thrust::_V_300200_SM_750_800_860_900_1000_1200::use_default, thrust::_V_300200_SM_750_800_860_900_1000_1200::use_default>, unsigned long long, cuda::std::__4::plus<void>, int, cuda::std::__4::identity>(T2, T5 *, T3, at_cuda_detail::cub::GridEvenShare<T3>, T4, T6)"
3558747,3569404,0,56,35,40939.5,18557.5,11100,571476,77914.7,37585.4,13431.0,6262,567000,78472.2,2117.5,2165.0,62,3261,828.6,2922.3,2976.0,2560,3969,243.2,cudaLaunchKernel,"void at::native::<unnamed>::CatArrayBatchedCopy_alignedK_contig<at::native::<unnamed>::OpaqueType<(unsigned int)4>, unsigned int, (int)1, (int)128, (int)1, (int)16>(T1 *, at::native::<unnamed>::CatArrInputTensorMetadata<T1, T2, T4, T5>, at::native::<unnamed>::TensorSizeStride<T2, (unsigned int)4>, int, T2)"
3558747,3569404,0,33,31,40811.8,15292.0,12159,814933,139336.8,37651.6,12063.0,8667,814933,139926.2,1315.5,1313.0,718,1751,284.7,2005.4,2048.0,1664,2209,138.5,cudaLaunchKernel,"void at::native::unrolled_elementwise_kernel<at::native::<unnamed>::CompareFunctor<c10::Half>, std::array<char *, (unsigned long)3>, (int)4, TrivialOffsetCalculator<(int)2, unsigned int>, TrivialOffsetCalculator<(int)1, unsigned int>, at::native::memory::LoadWithoutCast, at::native::memory::StoreWithoutCast>(int, T1, T2, T4, T5, T6, T7)"
3558747,3561120,0,8,7,40747.5,18663.0,15345,193286,61717.1,32451.8,10214.5,7905,186185,62187.5,1700.7,1846.0,589,2094,515.1,6900.0,7008.0,5472,7840,777.8,cudaLaunchKernel,"void at_cuda_detail::cub::detail::radix_sort::DeviceRadixSortSingleTileKernel<at_cuda_detail::cub::detail::radix::policy_hub<long, at::cuda::cub::detail::OpaqueType<(int)8>, unsigned long long>::Policy1000, (at_cuda_detail::cub::SortOrder)0, long, at::cuda::cub::detail::OpaqueType<(int)8>, unsigned long long, at_cuda_detail::cub::detail::identity_decomposer_t>(const T3 *, T3 *, const T4 *, T4 *, T5, int, int, T6)"
3558747,3569404,0,62413,60743,40558.1,8720.0,7174,81055459,1257027.5,5814.8,5069.0,3877,2705385,21148.4,34327.1,2361.0,1,81041662,1273729.0,1347.4,1376.0,1248,2752,65.0,cudaLaunchKernel,"void <unnamed>::elementwise_kernel_with_index<int, at::native::arange_cuda_out(const c10::Scalar &, const c10::Scalar &, const c10::Scalar &, at::Tensor &)::[lambda() (instance 1)]::operator ()() const::[lambda() (instance 4)]::operator ()() const::[lambda(long) (instance 1)]>(T1, T2, function_traits<T2>::result_type *)"
3558747,3558747,0,144,130,39968.2,16947.0,15851,2447003,212280.6,33244.8,9929.0,8887,2447003,212996.9,2054.1,2148.0,121,2900,526.5,4978.2,4928.0,4768,6144,196.8,cudaLaunchKernel,"void at::native::<unnamed>::CatArrayBatchedCopy<at::native::<unnamed>::OpaqueType<(unsigned int)4>, unsigned int, (int)3, (int)64, (int)64>(T1 *, at::native::<unnamed>::CatArrInputTensorMetadata<T1, T2, T4, T5>, at::native::<unnamed>::TensorSizeStride<T2, (unsigned int)4>, int, T2)"
3558747,3569404,0,2,2,39295.5,39295.5,17932,60659,30212.6,31515.0,31515.0,6092,56938,35953.6,5428.5,5428.5,1353,9504,5763.6,2352.0,2352.0,2336,2368,22.6,cudaLaunchKernel,"void at::native::triu_tril_kernel<double, int, (bool)0, (int)1, (bool)1>(at::cuda::detail::TensorInfo<T1, T2>, at::cuda::detail::TensorInfo<const T1, T2>, long, long, T2)"
3558747,3569404,0,2,2,39207.5,39207.5,8700,69715,43144.1,36780.5,36780.5,5581,67980,44122.8,1083.0,1083.0,423,1743,933.4,1344.0,1344.0,1312,1376,45.3,cudaLaunchKernel,"void orgqr_step1_kernel<float, (int)5, (int)3>(int, int, int, T1 *, int)"
3558747,3558747,0,2321,2190,37134.0,42360.0,22088,235463,22175.1,11799.6,11362.0,9699,231190,4818.1,3161.4,1024.0,17,184876,18237.8,22453.9,30784.0,10624,58017,10423.4,cudaLaunchKernel,ampere_fp16_s16816gemm_fp16_128x64_ldg8_f2f_stages_64x4_tn
3558747,3558747,0,38,36,36297.5,36010.0,34272,38534,1297.8,11711.1,11241.5,9408,14227,1444.8,1057.0,1088.5,79,1625,337.5,23596.7,23584.5,23168,24352,208.8,cuLaunchKernel,void cutlass::Kernel2<cutlass_80_tensorop_f16_s16816gemm_relu_f16_128x128_32x6_tn_align8>(T1::Params)
3558747,3569404,0,2,1,35434.5,35434.5,8721,62148,37778.6,33583.5,33583.5,5019,62148,40396.3,2198.0,2198.0,2198,2198,0.0,1504.0,1504.0,1504,1504,0.0,cudaLaunchKernel,"void cuds_scal_batch_kernel<float, (int)256>(int, const T1 *, T1 *, long long)"
3558747,3569404,0,4,3,35409.3,9853.5,8393,113537,52096.3,32253.8,6181.5,4568,112084,53237.2,2123.0,2193.0,1789,2387,305.1,1608.0,1632.0,1536,1632,48.0,cudaLaunchKernel,"void lacpy_kernel<float, float, (int)5, (int)3>(long, long, const T1 *, long, long, T2 *, long, long, int, int)"
3558747,3558747,0,604,554,34835.3,32589.0,30017,525283,26871.3,13240.3,11191.0,9658,504301,26898.3,964.6,998.5,56,1857,269.9,20877.2,20576.0,19008,32256,2203.8,cudaLaunchKernel,ampere_fp16_s16816gemm_fp16_64x64_sliced1x2_ldg8_f2f_stages_64x5_tn
3558747,3569404,0,2,1,34772.0,34772.0,15294,54250,27546.1,25574.0,25574.0,4659,46489,29578.3,2347.0,2347.0,2347,2347,0.0,8288.0,8288.0,8288,8288,0.0,cudaLaunchKernel,"void batched_svd_qr_32x16<double, double>(int, int, int, T1 *, unsigned long, int, T1 *, unsigned long, int)"
3558747,3569404,0,28,26,33756.0,21589.0,12228,69562,18647.4,12654.7,10935.5,6863,60485,9544.0,9110.2,2059.5,853,20986,8348.9,12789.8,8336.0,3584,22720,8240.2,cudaLaunchKernel,"void at::native::vectorized_elementwise_kernel<(int)4, at::native::AUnaryFunctor<unsigned char, unsigned char, unsigned char, at::native::binary_internal::MulFunctor<unsigned char>>, std::array<char *, (unsigned long)2>>(int, T2, T3)"
3558747,3569404,0,2,1,32357.0,32357.0,10221,54493,31305.0,30022.5,30022.5,6843,53202,32780.8,1746.0,1746.0,1746,1746,0.0,1648.0,1648.0,1632,1664,22.6,cudaLaunchKernel,"void at::native::vectorized_elementwise_kernel<(int)2, at::native::AUnaryFunctor<double, double, double, at::native::binary_internal::MulFunctor<double>>, std::array<char *, (unsigned long)2>>(int, T2, T3)"
3558747,3558747,0,456,426,32031.6,34287.0,21661,42828,5071.9,10927.9,10415.0,8978,33604,1850.4,1123.6,1184.0,1,1922,295.8,20194.2,23136.0,10240,25056,5435.3,cudaLaunchKernel,ampere_fp16_s16816gemm_fp16_128x64_ldg8_f2f_stages_32x6_tn
3558747,3569404,0,2,1,31364.5,31364.5,28346,34383,4268.8,10730.5,10730.5,7164,14297,5043.8,478.0,478.0,478,478,0.0,22208.0,22208.0,20704,23712,2127.0,cudaLaunchKernel,"void kernel<getrf_wo_pivot_params_<double, (int)0, (int)256, (int)1, (int)64, (int)64, (int)68, (int)16, (int)1, (int)1>>(int, int, void *, int, void *, int, int, int, int, int, int *)"
3558747,3569404,0,2,2,31042.5,31042.5,9694,52391,30191.3,28133.0,28133.0,5981,50285,31327.7,1197.5,1197.5,378,2017,1158.9,1712.0,1712.0,1696,1728,22.6,cudaLaunchKernel,"void at::native::vectorized_elementwise_kernel<(int)2, at::native::CUDAFunctor_add<double>, std::array<char *, (unsigned long)3>>(int, T2, T3)"
3558747,3558747,0,15,3,30982.7,31069.0,29744,31560,546.2,13043.5,13065.0,11502,14147,821.7,234.0,311.0,25,366,183.1,18474.7,18464.0,17920,18816,217.3,cuLaunchKernel,void cutlass::Kernel2<cutlass_75_tensorop_f16_s1688gemm_f16_128x256_tn_align1>(T1::Params)
3558747,3569404,0,168,164,30544.5,30739.5,22503,92834,8389.7,6507.5,5395.5,4298,64463,4979.8,2079.2,2171.5,144,2574,371.5,22061.3,22064.0,16096,28448,5871.3,cudaLaunchKernel,"void trsm_batch_left_upper_kernel_small<float, (int)16, (int)16, (int)64>(cublasTrsmBatchParams<T1>, const T1 *const *, T1 *const *, const T1 *, T1)"
3558747,3569404,0,2,2,29541.5,29541.5,9500,49583,28343.0,26440.5,26440.5,5741,47140,29273.5,1373.0,1373.0,619,2127,1066.3,1728.0,1728.0,1632,1824,135.8,cudaLaunchKernel,"void at::native::elementwise_kernel<(int)128, (int)2, void at::native::gpu_kernel_impl_nocast<at::native::FillFunctor<float>>(at::TensorIteratorBase &, const T1 &)::[lambda(int) (instance 1)]>(int, T3)"
3558747,3569404,0,2,2,29480.5,29480.5,15045,43916,20414.9,20273.5,20273.5,5751,34796,20537.9,1719.0,1719.0,1632,1806,123.0,7488.0,7488.0,7488,7488,0.0,cudaLaunchKernel,"void batched_svd_qr_32x16<float, float>(int, int, int, T1 *, unsigned long, int, T1 *, unsigned long, int)"
3558747,3569404,0,2,2,29052.5,29052.5,10667,47438,26001.0,24451.0,24451.0,5480,43422,26829.0,1881.5,1881.5,1168,2595,1009.0,2720.0,2720.0,2592,2848,181.0,cudaLaunchKernel,"void at::native::triu_tril_kernel<double, int, (bool)1, (int)1, (bool)0>(at::cuda::detail::TensorInfo<T1, T2>, at::cuda::detail::TensorInfo<const T1, T2>, long, long, T2)"
3558747,3558747,0,38,35,28921.2,28478.0,26759,31920,1305.0,12609.8,12238.5,9879,16521,1692.4,713.6,772.0,105,1569,353.2,15781.1,15760.0,15584,16096,115.2,cudaLaunchKernel,ampere_s16816gemm_fp16_128x64_ldg8_stages_64x3_tn
3558747,3569404,0,2,2,28555.5,28555.5,18252,38859,14571.3,19612.0,19612.0,4398,34826,21515.8,6415.5,6415.5,1505,11326,6944.5,2528.0,2528.0,2528,2528,0.0,cudaLaunchKernel,"void scale_max<double, (int)32, (int)32, (int)1>(long, long, T1 *, T1 *, T1 *, int *)"
3558747,3558747,0,75,63,28366.1,28952.0,21964,34149,3300.6,10878.5,10029.0,9057,16422,1851.9,1409.5,1480.0,225,1763,279.1,16420.7,17696.0,11104,19936,2712.4,cuLaunchKernel,void cutlass::Kernel2<cutlass_75_wmma_tensorop_f16_s161616gemm_f16_32x32_64x1_nn_align1>(T1::Params)
3558747,3569404,0,2,1,27870.5,27870.5,14472,41269,18948.3,23109.5,23109.5,4950,41269,25681.4,7218.0,7218.0,7218,7218,0.0,2320.0,2320.0,2304,2336,22.6,cudaLaunchKernel,"void scale_max<float, (int)32, (int)32, (int)1>(long, long, T1 *, T1 *, T1 *, int *)"
3558747,3569404,0,135285,129088,27689.4,11154.0,8831,81228152,1046842.3,8017.1,7043.0,4779,3258469,23680.6,18355.6,2049.0,0,81215684,1071315.7,2198.9,2144.0,1536,7424,152.7,cudaLaunchKernel,"void at::native::vectorized_elementwise_kernel<(int)4, at::native::AbsFunctor<c10::Half>, std::array<char *, (unsigned long)2>>(int, T2, T3)"
3558747,3569404,0,2,2,27393.0,27393.0,9696,45090,25027.3,23324.5,23324.5,4769,41880,26241.4,1300.0,1300.0,457,2143,1192.2,2768.5,2768.5,2753,2784,21.9,cudaLaunchKernel,"void lansy_M_stage1<double, double, (int)8>(long, const T1 *, long, long, T2 *, long, int)"
3558747,3569404,0,2,2,26653.5,26653.5,12805,40502,19584.7,20088.5,20088.5,5441,34736,20714.7,1781.0,1781.0,998,2564,1107.3,4784.0,4784.0,4768,4800,22.6,cudaLaunchKernel,"void sytrd4_cta<sytrd_params<float, (int)16, (int)32, (int)32, (int)32, (int)0, (int)1, (int)2>, (int)1>(int, T1::data_type *, int, int, T1::pod_type *, int, T1::pod_type *, int, T1::data_type *, int, int)"
3558747,3569404,0,168,124,26342.7,14061.5,11647,169854,29468.6,23719.5,10805.5,7976,169854,30529.4,1471.4,1597.5,89,2221,473.9,1965.7,1952.0,1728,2528,170.2,cudaLaunchKernel,"void at::native::vectorized_elementwise_kernel<(int)4, at::native::<unnamed>::CompareFunctor<float>, std::array<char *, (unsigned long)3>>(int, T2, T3)"
3558747,3558747,0,288,278,26097.2,12372.5,11061,3694578,216951.6,19641.9,6156.5,5521,3692657,217200.7,2283.5,2361.5,173,3157,411.4,4281.8,3808.0,3392,43552,2783.6,cudaLaunchKernel,"void at::native::elementwise_kernel<(int)128, (int)4, void at::native::gpu_kernel_impl_nocast<at::native::BinaryFunctor<bool, bool, bool, at::native::BitwiseAndFunctor<bool>>>(at::TensorIteratorBase &, const T1 &)::[lambda(int) (instance 1)]>(int, T3)"
3558747,3569404,0,2,2,25713.5,25713.5,10007,41420,22212.3,23690.0,23690.0,7424,39956,23003.6,631.5,631.5,120,1143,723.4,1392.0,1392.0,1344,1440,67.9,cudaLaunchKernel,"void at::native::vectorized_elementwise_kernel<(int)2, at::native::FillFunctor<double>, std::array<char *, (unsigned long)1>>(int, T2, T3)"
3558747,3569404,0,2,2,25703.0,25703.0,12945,38461,18042.5,19347.0,19347.0,7244,31450,17116.2,724.0,724.0,101,1347,881.1,5632.0,5632.0,5600,5664,45.3,cudaLaunchKernel,"void sytrd4_cta<sytrd_params<double, (int)16, (int)32, (int)32, (int)32, (int)0, (int)1, (int)2>, (int)1>(int, T1::data_type *, int, int, T1::pod_type *, int, T1::pod_type *, int, T1::data_type *, int, int)"
3558747,3558747,0,779,730,25562.5,22200.0,16990,968392,34440.7,9629.7,7795.0,6613,957714,34299.7,1986.5,2071.0,23,3221,391.8,14158.0,12256.0,8096,27329,4848.0,cudaLaunchKernel,"void at::native::reduce_kernel<(int)128, (int)4, at::native::ReduceOp<bool, at::native::func_wrapper_t<bool, at::native::or_kernel_cuda(at::TensorIterator &)::[lambda() (instance 1)]::operator ()() const::[lambda() (instance 12)]::operator ()() const::[lambda(bool, bool) (instance 1)]>, unsigned int, bool, (int)4, (int)4>>(T3)"
3558747,3569404,0,5,4,25483.6,14336.0,13347,69882,24845.8,19765.8,9538.0,6142,65936,25860.5,1576.8,1824.0,158,2501,1008.6,4537.6,4576.0,4352,4704,149.1,cudaLaunchKernel,"void at::native::<unnamed>::CatArrayBatchedCopy_alignedK_contig<at::native::<unnamed>::OpaqueType<(unsigned int)8>, unsigned int, (int)2, (int)128, (int)1, (int)16>(T1 *, at::native::<unnamed>::CatArrInputTensorMetadata<T1, T2, T4, T5>, at::native::<unnamed>::TensorSizeStride<T2, (unsigned int)4>, int, T2)"
3558747,3558747,0,38,32,23470.6,23373.0,20820,29766,1804.5,12939.3,12003.0,10280,19818,2257.7,777.4,818.0,28,1407,365.7,10122.2,10048.0,8992,10912,478.0,cudaLaunchKernel,ampere_s16816gemm_fp16_128x64_ldg8_stages_32x6_tn
3558747,3558747,0,4,4,23470.3,17444.5,15557,43435,13349.0,20238.8,14112.0,11903,40828,13765.6,767.5,680.5,79,1630,724.6,2464.0,2496.0,2304,2560,113.9,cudaLaunchKernel,"void at_cuda_detail::cub::detail::reduce::DeviceReduceSingleTileKernel<at_cuda_detail::cub::detail::reduce::policy_hub<int, unsigned long long, cuda::std::__4::plus<void>>::Policy1000, int *, int *, int, cuda::std::__4::plus<void>, int, int, cuda::std::__4::identity>(T2, T3, T4, T5, T6, T8)"
3558747,3569404,0,2,2,23148.0,23148.0,9411,36885,19427.1,20113.5,20113.5,5761,34466,20297.5,1354.5,1354.5,787,1922,802.6,1680.0,1680.0,1632,1728,67.9,cudaLaunchKernel,"void at::native::elementwise_kernel<(int)128, (int)2, void at::native::gpu_kernel_impl_nocast<at::native::FillFunctor<double>>(at::TensorIteratorBase &, const T1 &)::[lambda(int) (instance 1)]>(int, T3)"
3558747,3569404,0,4,3,23117.0,11647.5,10121,59052,23976.4,19815.0,7459.0,5290,59052,26189.9,1725.3,1636.0,1429,2111,349.7,2656.0,2656.0,2592,2720,73.9,cudaLaunchKernel,"void gemmSN_TN_kernel<double, (int)128, (int)16, (int)2, (int)4, (int)4, (int)4, (bool)1, cublasGemvTensorStridedBatched<const double>, cublasGemvTensorStridedBatched<const double>, cublasGemvTensorStridedBatched<double>>(cublasGemmSmallNParams<T9, T10, T11, T1>)"
3558747,3561120,0,16,16,22948.3,19719.0,16484,58960,10313.0,9577.0,5691.0,4299,46969,10779.0,3679.3,3442.5,326,8062,2373.5,9692.0,9424.0,8544,11968,969.3,cudaLaunchKernel,"void at_cuda_detail::cub::detail::radix_sort::DeviceRadixSortOnesweepKernel<at_cuda_detail::cub::detail::radix::policy_hub<long, at::cuda::cub::detail::OpaqueType<(int)8>, unsigned long long>::Policy1000, (at_cuda_detail::cub::SortOrder)0, long, at::cuda::cub::detail::OpaqueType<(int)8>, unsigned long long, int, int, at_cuda_detail::cub::detail::identity_decomposer_t>(T7 *, T7 *, T5 *, const T5 *, T3 *, const T3 *, T4 *, const T4 *, T6, int, int, T8)"
3558747,3569404,0,6,4,22790.2,13281.0,12127,65323,21045.0,19630.7,10755.5,7864,62639,21350.8,1098.5,1236.5,410,1511,477.7,2698.7,2688.0,2624,2816,85.1,cudaLaunchKernel,"void at::native::<unnamed>::distribution_elementwise_grid_stride_kernel<double, (int)2, void at::native::templates::cuda::normal_and_transform<double, double, at::CUDAGeneratorImpl *, void at::native::templates::cuda::normal_kernel<at::CUDAGeneratorImpl *>(const at::TensorBase &, double, double, T1)::[lambda() (instance 1)]::operator ()() const::[lambda() (instance 1)]::operator ()() const::[lambda(double) (instance 1)]>(at::TensorIteratorBase &, T3, T4)::[lambda(curandStatePhilox4_32_10 *) (instance 1)], void at::native::<unnamed>::distribution_nullary_kernel<double, double, double2, at::CUDAGeneratorImpl *, void at::native::templates::cuda::normal_and_transform<double, double, at::CUDAGeneratorImpl *, void at::native::templates::cuda::normal_kernel<at::CUDAGeneratorImpl *>(const at::TensorBase &, double, double, T1)::[lambda() (instance 1)]::operator ()() const::[lambda() (instance 1)]::operator ()() const::[lambda(double) (instance 1)]>(at::TensorIteratorBase &, T3, T4)::[lambda(curandStatePhilox4_32_10 *) (instance 1)], void at::native::templates::cuda::normal_kernel<at::CUDAGeneratorImpl *>(const at::TensorBase &, double, double, T1)::[lambda() (instance 1)]::operator ()() const::[lambda() (instance 1)]::operator ()() const::[lambda(double) (instance 1)]>(at::TensorIteratorBase &, T4, const T5 &, T6)::[lambda(int, double) (instance 1)]>(long, at::PhiloxCudaState, T3, T4)"
3558747,3561120,0,9,8,22416.8,13010.0,12021,98773,28636.8,17647.1,7625.0,7184,97646,30001.1,2017.0,2010.5,1715,2353,242.7,3200.0,3168.0,3072,3328,102.4,cudaLaunchKernel,"void at::native::unrolled_elementwise_kernel<at::native::BUnaryFunctor<long, long, long, at::native::remainder_kernel_cuda(at::TensorIteratorBase &)::[lambda() (instance 1)]::operator ()() const::[lambda() (instance 4)]::operator ()() const::[lambda(long, long) (instance 1)]>, std::array<char *, (unsigned long)2>, (int)4, TrivialOffsetCalculator<(int)1, unsigned int>, TrivialOffsetCalculator<(int)1, unsigned int>, at::native::memory::LoadWithoutCast, at::native::memory::StoreWithoutCast>(int, T1, T2, T4, T5, T6, T7)"
3558747,3569404,0,28,23,22333.0,18877.0,12809,90773,17061.7,17903.5,14002.0,8286,90773,17868.4,868.5,731.0,1,1931,579.6,3941.7,3536.0,2688,5216,986.3,cudaLaunchKernel,"void at::native::vectorized_elementwise_kernel<(int)4, at::native::BinaryFunctor<unsigned char, unsigned char, bool, at::native::<unnamed>::CompareEqFunctor<unsigned char>>, std::array<char *, (unsigned long)3>>(int, T2, T3)"
3558747,3558747,0,2553,2545,22315.4,22352.0,12192,2878454,59101.2,7981.4,6011.0,4889,2878094,59265.8,10216.9,10369.0,404,54371,4502.7,4159.5,4032.0,3392,6048,472.5,cudaLaunchKernelExC,"void cublasLt::splitKreduce_kernel<(int)32, (int)16, int, __half, __half, float, __half, (bool)0, __half, __half, __half, (bool)1, (bool)0, (bool)0, (bool)0>(cublasLt::cublasSplitKParams<T6>, const T4 *, const T10 *, T9 *, T5 *, const T6 *, const T6 *, const T11 *, const T4 *, T11 *, void *, long, T6 *, int *, T6 *, T6 *, const T6 *, const T6 *, const T6 *, const T6 *, const T6 *)"
3558747,3569404,0,2,2,22189.5,22189.5,9723,34656,17630.3,17263.0,17263.0,4529,29997,18008.6,2206.5,2206.5,1811,2602,559.3,2720.0,2720.0,2592,2848,181.0,cudaLaunchKernel,"void larft_vtv_32<double, (int)128>(long, long, const T1 *, long, long, T1 *, long, long)"
3558747,3558747,0,45,35,22179.0,22478.0,18996,32359,2207.0,11335.1,10720.0,9157,19748,1906.7,1221.0,1350.0,47,2425,513.0,10090.7,10848.0,8288,11136,1257.9,cuLaunchKernel,void cutlass::Kernel2<cutlass_80_wmma_tensorop_f16_s161616gemm_f16_32x32_64x1_nn_align2>(T1::Params)
3558747,3569404,0,2,2,22023.5,22023.5,9813,34234,17268.3,17583.5,17583.5,4899,30268,17938.6,2136.0,2136.0,1662,2610,670.3,2304.0,2304.0,2304,2304,0.0,cudaLaunchKernel,"void lansy_M_stage2<double, (int)8>(T1, T1, long, T1 *, long, T1 *, T1 *)"
3558747,3558747,0,272,252,21837.1,14638.0,9604,2179252,131428.3,18752.0,12043.0,5802,2179252,131644.9,1321.1,1030.5,44,2586,873.7,1934.7,1888.0,1632,2656,148.0,cudaLaunchKernel,"void at::native::vectorized_elementwise_kernel<(int)4, void at::native::compare_scalar_kernel<long>(at::TensorIteratorBase &, at::native::<unnamed>::OpType, T1)::[lambda(long) (instance 1)], std::array<char *, (unsigned long)2>>(int, T2, T3)"
3558747,3558747,0,45,36,21224.3,21517.0,18122,25332,1665.2,11340.8,10831.0,9327,16671,1508.7,1173.4,1398.0,8,1713,546.6,9033.2,9696.0,7456,10016,1062.0,cuLaunchKernel,void cutlass::Kernel2<cutlass_80_wmma_tensorop_f16_s161616gemm_f16_32x32_64x1_tn_align2>(T1::Params)
3558747,3558747,0,432,414,21213.6,10112.5,8899,4641474,222814.5,17385.0,6156.5,5120,4641474,223002.0,2119.1,2175.0,192,3405,357.6,1842.3,1856.0,1504,2496,141.7,cudaLaunchKernel,"void at::native::vectorized_elementwise_kernel<(int)2, at::native::CUDAFunctorOnSelf_add<long>, std::array<char *, (unsigned long)2>>(int, T2, T3)"
3558747,3569404,0,2,2,20984.5,20984.5,10272,31697,15149.8,16436.0,16436.0,5360,27512,15663.8,1828.5,1828.5,1369,2288,649.8,2720.0,2720.0,2624,2816,135.8,cudaLaunchKernel,"void larft_T_32<float, (int)256>(int, T1 *, int, long, const T1 *, long)"
3558747,3569404,0,2,2,20873.0,20873.0,9447,32299,16158.8,16541.5,16541.5,4979,28104,16351.8,2171.5,2171.5,2019,2324,215.7,2160.0,2160.0,2144,2176,22.6,cudaLaunchKernel,"void epilogue<sytrd_params<double, (int)32, (int)8, (int)512, (int)32, (int)16, (int)1, (int)2>, (int)128, (int)1, (int)1>(int, int, T1::data_type *, int, int, T1::pod_type *, int, T1::pod_type *, int, T1::data_type *, int, T1::data_type *, int, int)"
3558747,3569404,0,2,2,20648.0,20648.0,11384,29912,13101.3,15309.5,15309.5,4599,26020,15146.9,2682.5,2682.5,1236,4129,2045.7,2656.0,2656.0,2656,2656,0.0,cudaLaunchKernel,"void ormqr_cta_kernel<double, (int)4, (int)1>(long, long, long, const T1 *, long, long, const T1 *, long, T1 *, long, long, long, long, long, int)"
3558747,3569404,0,2,1,20592.0,20592.0,9716,31468,15381.0,17949.5,17949.5,8036,27863,14019.8,1301.0,1301.0,1301,1301,0.0,2224.0,2224.0,2144,2304,113.1,cudaLaunchKernel,"void lansy_M_stage2<float, (int)8>(T1, T1, long, T1 *, long, T1 *, T1 *)"
3558747,3569404,0,28,25,20508.8,18439.5,12039,86876,13788.5,17343.8,15464.5,7224,86876,14504.0,1045.3,909.0,40,2472,730.6,2324.6,2288.0,2176,2560,99.8,cudaLaunchKernel,"void at::native::elementwise_kernel<(int)128, (int)2, void at::native::gpu_kernel_impl_nocast<at::native::<unnamed>::where_kernel_impl(at::TensorIterator &)::[lambda() (instance 1)]::operator ()() const::[lambda() (instance 3)]::operator ()() const::[lambda(bool, unsigned int, unsigned int) (instance 1)]>(at::TensorIteratorBase &, const T1 &)::[lambda(int) (instance 1)]>(int, T3)"
3558747,3558747,0,144,137,20345.7,11867.5,11073,1129361,93093.8,15158.5,6372.0,5801,1127838,93409.0,2110.2,2222.0,178,2698,424.2,3214.3,3168.0,3008,3840,161.3,cudaLaunchKernel,"void at::native::vectorized_elementwise_kernel<(int)4, at::native::cos_kernel_cuda(at::TensorIteratorBase &)::[lambda() (instance 2)]::operator ()() const::[lambda() (instance 2)]::operator ()() const::[lambda(float) (instance 1)], std::array<char *, (unsigned long)2>>(int, T2, T3)"
3558747,3558747,0,105,99,20273.7,18210.0,16612,32606,4877.2,11494.7,10800.0,9759,21862,1985.7,1015.4,1113.0,7,1660,384.4,7923.2,6368.0,6144,17536,3879.0,cudaLaunchKernel,ampere_fp16_s16816gemm_fp16_128x64_ldg8_f2f_stages_32x6_nn
3558747,3569404,0,84,78,20213.5,15522.0,12298,166678,20164.0,15760.3,10349.5,8456,166678,21004.5,1364.4,1499.0,102,2123,436.5,3369.2,3072.0,2464,4256,665.5,cudaLaunchKernel,"void at::native::vectorized_elementwise_kernel<(int)4, at::native::AUnaryFunctor<unsigned char, unsigned char, bool, at::native::<unnamed>::CompareEqFunctor<unsigned char>>, std::array<char *, (unsigned long)2>>(int, T2, T3)"
3558747,3558747,0,75,71,20079.9,19737.0,16633,27852,2257.2,10950.8,10269.0,9277,18545,1675.6,1267.1,1410.0,116,1852,448.8,7941.6,8064.0,5600,9856,1315.1,cuLaunchKernel,void cutlass::Kernel2<cutlass_75_wmma_tensorop_f16_s161616gemm_f16_32x32_64x1_tn_align1>(T1::Params)
3558747,3558747,0,288,276,20056.5,10435.5,9377,2582882,151557.8,15988.7,6142.0,4999,2582882,151805.7,2101.4,2238.5,42,3739,527.6,2087.2,2080.0,1952,2464,88.2,cudaLaunchKernel,"void at::native::vectorized_elementwise_kernel<(int)4, at::native::AUnaryFunctor<float, float, float, at::native::binary_internal::MulFunctor<float>>, std::array<char *, (unsigned long)2>>(int, T2, T3)"
3558747,3569404,0,2,2,19980.5,19980.5,9284,30677,15127.1,15454.5,15454.5,4338,26571,15721.1,1838.0,1838.0,1290,2386,775.0,2688.0,2688.0,2560,2816,181.0,cudaLaunchKernel,"void larft_T_32<double, (int)256>(int, T1 *, int, long, const T1 *, long)"
3558747,3558747,0,15,2,19903.5,19618.0,18265,26311,1878.4,13501.0,12954.0,11001,23334,2851.6,620.5,620.5,245,996,531.0,7074.1,7040.0,6976,7200,76.9,cuLaunchKernel,void cutlass::Kernel2<cutlass_80_wmma_tensorop_f16_s161616gemm_f16_32x32_128x1_nn_align2>(T1::Params)
3558747,3558747,0,456,427,19850.5,18810.0,15135,112737,5582.7,8591.0,7960.0,6673,94209,4403.4,1881.0,1984.0,125,3231,442.8,9566.3,9056.0,6465,18560,2598.2,cudaLaunchKernel,"void at::native::reduce_kernel<(int)256, (int)2, at::native::ReduceOp<bool, at::native::func_wrapper_t<bool, at::native::or_kernel_cuda(at::TensorIterator &)::[lambda() (instance 1)]::operator ()() const::[lambda() (instance 12)]::operator ()() const::[lambda(bool, bool) (instance 1)]>, unsigned int, bool, (int)4, (int)4>>(T3)"
3558747,3569404,0,2,2,19390.5,19390.5,15346,23435,5719.8,11843.0,11843.0,4058,19628,11009.7,5771.5,5771.5,1983,9560,5357.7,1776.0,1776.0,1728,1824,67.9,cudaLaunchKernel,"void scale_max<double, (int)32, (int)128, (int)0>(long, long, T1 *, T1 *, T1 *, int *)"
3558747,3558747,0,60,47,19376.5,19677.0,16331,29236,1896.9,10893.8,10254.5,9297,22052,1870.4,1358.1,1432.0,216,1920,372.6,7613.4,8288.0,5376,8448,1259.3,cuLaunchKernel,void cutlass::Kernel2<cutlass_75_wmma_tensorop_f16_s161616gemm_f16_32x32_32x1_nn_align1>(T1::Params)
3558747,3558747,0,15,1,18731.1,18707.0,18055,19733,433.2,12736.3,12694.0,11152,14868,893.3,1018.0,1018.0,1018,1018,0.0,6764.8,6752.0,6688,6880,62.6,cuLaunchKernel,void cutlass::Kernel2<cutlass_80_wmma_tensorop_f16_s161616gemm_f16_32x32_128x1_tn_align2>(T1::Params)
3558747,3558747,0,144,135,18642.0,10977.5,10327,1002614,82601.3,13393.3,5465.0,4940,999364,82774.4,2323.1,2351.0,30,10032,774.6,3113.3,3088.0,2880,3776,186.8,cudaLaunchKernel,"void at::native::vectorized_elementwise_kernel<(int)4, at::native::sin_kernel_cuda(at::TensorIteratorBase &)::[lambda() (instance 2)]::operator ()() const::[lambda() (instance 2)]::operator ()() const::[lambda(float) (instance 1)], std::array<char *, (unsigned long)2>>(int, T2, T3)"
3558747,3558747,0,30,14,18339.8,18033.5,16509,25477,1566.3,12706.6,12313.0,9438,22353,2942.0,1237.1,1341.5,485,1927,415.3,6338.1,6352.0,5856,6944,385.5,cuLaunchKernel,void cutlass::Kernel2<cutlass_80_wmma_tensorop_f16_s161616gemm_f16_32x32_128x1_nn_align8>(T1::Params)
3558747,3569404,0,2,1,18189.0,18189.0,10708,25670,10579.7,14953.5,14953.5,5110,24797,13920.8,3966.0,3966.0,3966,3966,0.0,1728.0,1728.0,1632,1824,135.8,cudaLaunchKernel,"void scale_max<float, (int)32, (int)128, (int)0>(long, long, T1 *, T1 *, T1 *, int *)"
3558747,3569404,0,2,1,18170.0,18170.0,9425,26915,12367.3,15059.0,15059.0,5280,24838,13829.6,2001.0,2001.0,2001,2001,0.0,2144.0,2144.0,2144,2144,0.0,cudaLaunchKernel,"void epilogue<sytrd_params<float, (int)32, (int)8, (int)512, (int)32, (int)16, (int)1, (int)2>, (int)128, (int)1, (int)1>(int, int, T1::data_type *, int, int, T1::pod_type *, int, T1::pod_type *, int, T1::data_type *, int, T1::data_type *, int, int)"
3558747,3561120,0,8,7,18089.3,15216.0,12222,33585,7223.4,12863.4,9162.5,6523,27713,7524.4,2007.9,2065.0,1480,2343,316.2,3736.0,3728.0,3584,3840,85.1,cudaLaunchKernel,"void at_cuda_detail::cub::detail::radix_sort::DeviceRadixSortHistogramKernel<at_cuda_detail::cub::detail::radix::policy_hub<long, at::cuda::cub::detail::OpaqueType<(int)8>, unsigned long long>::Policy1000, (at_cuda_detail::cub::SortOrder)0, long, unsigned long long, at_cuda_detail::cub::detail::identity_decomposer_t>(T4 *, const T3 *, T4, int, int, T5)"
3558747,3569404,0,84,79,17914.0,15024.0,12031,105886,12391.9,12095.3,9528.0,6853,101263,12731.1,1430.5,1491.0,105,2124,394.3,4590.9,3792.0,3168,6816,1356.6,cudaLaunchKernel,"void at::native::unrolled_elementwise_kernel<at::native::direct_copy_kernel_cuda(at::TensorIteratorBase &)::[lambda() (instance 3)]::operator ()() const::[lambda() (instance 1)]::operator ()() const::[lambda(unsigned char) (instance 1)], std::array<char *, (unsigned long)2>, (int)4, TrivialOffsetCalculator<(int)1, unsigned int>, TrivialOffsetCalculator<(int)1, unsigned int>, at::native::memory::LoadWithCast<(int)1>, at::native::memory::StoreWithCast<(int)1>>(int, T1, T2, T4, T5, T6, T7)"
3558747,3558747,0,30,20,17903.3,17813.0,16619,19701,727.7,11372.8,11241.0,9278,13936,1253.3,1061.4,1318.0,10,1831,648.6,6052.3,6016.0,5632,6496,331.6,cuLaunchKernel,void cutlass::Kernel2<cutlass_80_wmma_tensorop_f16_s161616gemm_f16_32x32_128x1_tn_align8>(T1::Params)
3558747,3558747,0,16,16,17880.0,14973.0,12472,59539,11228.1,10555.7,7123.5,5881,53162,11469.7,2002.3,2123.5,811,3733,660.0,5322.0,5328.0,4736,5696,228.0,cudaLaunchKernel,"void at::native::<unnamed>::write_indices<long>(long *, at::native::<unnamed>::TensorDims<T1>, int, T1, long *, long)"
3558747,3558747,0,15,14,17833.3,15310.0,14483,52880,9716.0,12787.0,10199.0,8817,47781,9811.1,1751.9,1785.5,1185,2207,333.5,3654.4,3648.0,3552,3680,32.5,cudaLaunchKernel,"void <unnamed>::softmax_warp_forward<c10::Half, float, float, (int)6, (bool)0, (bool)0, (int)32>(T2 *, const T1 *, int, int, int, const bool *, int, bool)"
3558747,3569404,0,2,2,17722.5,17722.5,9330,26115,11868.8,13335.5,13335.5,4589,22082,12369.4,2003.0,2003.0,1569,2437,613.8,2384.0,2384.0,2304,2464,113.1,cudaLaunchKernel,"void lascl_kernel<double, double, (int)8>(long, long, T1 *, long, long, T2 *, int, int)"
3558747,3569404,0,2,2,17721.5,17721.5,9714,25729,11324.3,13280.5,13280.5,5180,21381,11455.8,2201.0,2201.0,2172,2230,41.0,2240.0,2240.0,2176,2304,90.5,cudaLaunchKernel,"void lascl_kernel<float, float, (int)8>(long, long, T1 *, long, long, T2 *, int, int)"
3558747,3558747,0,76,76,17528.3,18164.5,12649,45469,4630.5,7792.9,6477.5,5139,40106,4345.0,5853.8,4766.5,691,11772,3130.6,3881.7,4000.0,2944,4992,839.7,cudaLaunchKernelExC,"void cublasLt::splitKreduce_kernel<(int)32, (int)16, int, float, __half, float, __half, (bool)0, __half, __half, __half, (bool)1, (bool)0, (bool)0, (bool)0>(cublasLt::cublasSplitKParams<T6>, const T4 *, const T10 *, T9 *, T5 *, const T6 *, const T6 *, const T11 *, const T4 *, T11 *, void *, long, T6 *, int *, T6 *, T6 *, const T6 *, const T6 *, const T6 *, const T6 *, const T6 *)"
3558747,3561120,0,16,15,17522.0,13350.5,11031,55724,10834.9,13007.3,8837.0,6543,53642,11459.1,1965.5,2003.0,1244,2707,433.1,2690.0,2704.0,2176,3136,236.7,cudaLaunchKernel,"void at::native::vectorized_elementwise_kernel<(int)2, at::native::CUDAFunctor_add<long>, std::array<char *, (unsigned long)3>>(int, T2, T3)"
3558747,3569404,0,8,6,17172.5,12216.5,9805,54704,15216.2,14665.3,9092.0,6573,54704,16238.1,1100.7,999.0,438,2014,716.9,1964.0,1984.0,1856,2016,59.1,cudaLaunchKernel,"void at::native::elementwise_kernel<(int)128, (int)2, void at::native::gpu_kernel_impl_nocast<at::native::direct_copy_kernel_cuda(at::TensorIteratorBase &)::[lambda() (instance 3)]::operator ()() const::[lambda() (instance 6)]::operator ()() const::[lambda(double) (instance 1)]>(at::TensorIteratorBase &, const T1 &)::[lambda(int) (instance 1)]>(int, T3)"
3558747,3558747,0,156,151,16993.1,14161.0,12381,94224,7793.8,7412.2,6663.0,5571,77157,5742.6,2033.6,2135.0,116,2519,373.9,7659.5,5568.0,4640,16512,4721.6,cudaLaunchKernel,"void <unnamed>::softmax_warp_forward<c10::Half, float, float, (int)7, (bool)0, (bool)0, (int)32>(T2 *, const T1 *, int, int, int, const bool *, int, bool)"
3558747,3558747,0,144,126,16926.7,16183.5,14961,60024,4028.3,13433.8,12443.5,11441,60024,4419.2,894.7,935.5,97,1518,229.2,2844.9,2848.0,2336,3744,161.6,cuLaunchKernelEx,_bmm_outer_product_kernel
3558747,3569404,0,27992,27165,16673.1,15342.0,13962,2809232,22684.6,5607.7,4759.0,4097,2809113,20658.6,2553.6,2288.0,0,380086,9396.9,8610.1,8192.0,7744,14432,1121.7,cudaLaunchKernel,"void batch_trsm_left_kernel<float, (int)64, (int)4, (int)3, (bool)0, (bool)0, (bool)1>(cublasTrsmBatchParams2<T1>, T1, const T1 *, int)"
3558747,3569404,0,8801,8353,16505.7,10832.0,8819,1888358,62909.2,8658.5,7444.0,5079,1888358,21955.4,6171.9,1725.0,1,1261834,58025.2,2030.9,1696.0,1504,196513,7366.9,cudaLaunchKernel,"void at::native::vectorized_elementwise_kernel<(int)2, at::native::AUnaryFunctor<long, long, long, at::native::binary_internal::MulFunctor<long>>, std::array<char *, (unsigned long)2>>(int, T2, T3)"
3558747,3569404,0,4,2,15802.5,14444.0,11399,22923,5069.7,11712.5,9563.5,7815,19908,5615.7,1285.0,1285.0,1102,1468,258.8,3912.0,3888.0,3840,4032,84.2,cudaLaunchKernel,ampere_sgemm_32x128_tn
3558747,3561120,0,8,8,15664.6,11756.5,10585,27557,6480.1,11088.5,6868.0,5581,24737,7232.9,2100.1,2271.5,580,2845,704.7,2476.0,2512.0,2240,2656,149.1,cudaLaunchKernel,"void at_cuda_detail::cub::detail::radix_sort::DeviceRadixSortExclusiveSumKernel<at_cuda_detail::cub::detail::radix::policy_hub<long, at::cuda::cub::detail::OpaqueType<(int)8>, unsigned long long>::Policy1000, unsigned long long>(T2 *)"
3558747,3569404,0,5808,5584,15597.1,11275.0,8964,1233411,61408.3,6631.2,6081.5,4889,506575,8278.3,6319.7,2271.0,2,1219250,61807.2,2920.4,3008.0,1728,3328,221.3,cudaLaunchKernel,"void at::native::elementwise_kernel<(int)128, (int)2, void at::native::gpu_kernel_impl_nocast<at::native::CUDAFunctor_add<long>>(at::TensorIteratorBase &, const T1 &)::[lambda(int) (instance 1)]>(int, T3)"
3558747,3569404,0,2,2,15470.0,15470.0,8268,22672,10185.2,11897.5,11897.5,4369,19426,10646.9,2244.5,2244.5,1966,2523,393.9,1328.0,1328.0,1280,1376,67.9,cudaLaunchKernel,"void orgqr_step1_kernel<double, (int)5, (int)3>(int, int, int, T1 *, int)"
3558747,3558747,0,7312,6952,15230.0,13328.0,10697,964262,20126.8,8530.0,7435.0,6071,961552,19641.3,1818.8,1871.0,3,8277,362.2,5029.2,3744.0,2304,52128,3798.5,cudaLaunchKernel,"void at::native::vectorized_gather_kernel<(int)16, long>(char *, char *, T2 *, int, long, long, long, long, bool)"
3558747,3569404,0,2,2,15095.0,15095.0,8450,21740,9397.4,11196.0,11196.0,4448,17944,9543.1,2411.0,2411.0,2356,2466,77.8,1488.0,1488.0,1440,1536,67.9,cudaLaunchKernel,"void batch_eye_kernel<double, (int)5, (int)3>(long, long, T1 *, unsigned long, long long, int)"
3558747,3561120,0,16,16,14839.0,13768.0,12615,21352,2635.5,11610.2,10279.5,8987,19266,3141.7,1404.8,1572.5,207,2090,584.9,1824.0,1856.0,1472,2208,195.2,cudaLaunchKernel,"void at_cuda_detail::cub::detail::scan::DeviceCompactInitKernel<at_cuda_detail::cub::ScanTileState<int, (bool)1>, int *>(T1, int, T2)"
3558747,3569404,0,2,2,14542.5,14542.5,8097,20988,9115.3,11005.5,11005.5,4498,17513,9203.0,2033.0,2033.0,1971,2095,87.7,1504.0,1504.0,1504,1504,0.0,cudaLaunchKernel,"void cuds_scal_batch_kernel<double, (int)256>(int, const T1 *, T1 *, long long)"
3558747,3561120,0,16,16,13927.0,13883.5,12342,15163,787.1,6858.1,6888.5,5190,8476,937.6,1902.9,1766.0,1260,3655,559.5,5166.0,5200.0,4704,5568,228.7,cudaLaunchKernel,"void at::native::<unnamed>::write_indices<long>(long *, at::native::<unnamed>::TensorDims<T1>, int, T1, long *, long)"
3558747,3561120,0,32,30,13690.3,12118.0,9006,45512,6428.7,9269.9,7850.0,4709,43633,7105.0,2133.7,2192.5,1343,3096,452.8,2473.0,2496.0,1856,2816,252.3,cudaLaunchKernel,"void at::native::vectorized_elementwise_kernel<(int)2, at::native::AUnaryFunctor<long, long, long, at::native::binary_internal::MulFunctor<long>>, std::array<char *, (unsigned long)2>>(int, T2, T3)"
3558747,3558747,0,7296,6920,13639.1,12725.0,10690,1613228,31812.4,9782.7,8797.0,6833,1612603,31872.2,1614.8,1652.0,70,14430,344.8,2387.0,2336.0,1920,5440,370.3,cudaLaunchKernel,"void at::native::vectorized_elementwise_kernel<(int)4, void at::native::compare_scalar_kernel<c10::Half>(at::TensorIteratorBase &, at::native::<unnamed>::OpType, T1)::[lambda(c10::Half) (instance 1)], std::array<char *, (unsigned long)2>>(int, T2, T3)"
3558747,3558747,0,144,139,13585.3,12652.5,11493,67569,5111.6,7347.8,6316.5,5701,61037,4960.7,2127.9,2267.0,263,2687,457.9,4202.0,3968.0,3360,16416,1265.3,cudaLaunchKernel,"void at::native::elementwise_kernel<(int)128, (int)4, void at::native::gpu_kernel_impl_nocast<at::native::<unnamed>::CompareFunctor<long>>(at::TensorIteratorBase &, const T1 &)::[lambda(int) (instance 1)]>(int, T3)"
3558747,3561120,0,16,16,13427.9,12598.0,9980,23835,3359.2,9431.0,8446.0,5340,21591,3813.8,1992.9,2069.5,356,2831,541.4,2004.0,2016.0,1824,2144,82.5,cudaLaunchKernel,"void <unnamed>::elementwise_kernel_with_index<int, at::native::arange_cuda_out(const c10::Scalar &, const c10::Scalar &, const c10::Scalar &, at::Tensor &)::[lambda() (instance 1)]::operator ()() const::[lambda() (instance 4)]::operator ()() const::[lambda(long) (instance 1)]>(T1, T2, function_traits<T2>::result_type *)"
3558747,3558747,0,144,132,13420.3,12644.5,11808,42261,3133.5,11014.9,10039.0,9278,42261,3470.4,1131.1,1166.0,366,1755,264.4,1467.8,1472.0,1376,1536,47.0,cudaLaunchKernel,"void at::native::vectorized_elementwise_kernel<(int)4, at::native::FillFunctor<c10::Half>, std::array<char *, (unsigned long)1>>(int, T2, T3)"
3558747,3558747,0,160,154,13250.4,12754.5,10075,44780,3256.5,9073.5,8496.0,5050,40477,3415.0,1760.9,1837.0,4,2657,468.3,2525.4,2688.0,1792,3040,375.4,cudaLaunchKernel,"void at::native::elementwise_kernel<(int)128, (int)2, void at::native::gpu_kernel_impl_nocast<at::native::direct_copy_kernel_cuda(at::TensorIteratorBase &)::[lambda() (instance 3)]::operator ()() const::[lambda() (instance 4)]::operator ()() const::[lambda(long) (instance 1)]>(at::TensorIteratorBase &, const T1 &)::[lambda(int) (instance 1)]>(int, T3)"
3558747,3561120,0,16,12,13157.5,13087.5,11643,14985,889.5,8498.6,7258.5,6382,14127,2644.5,2015.7,1985.5,1443,2656,397.3,4054.0,4016.0,2912,4960,699.0,cudaLaunchKernel,"void at_cuda_detail::cub::detail::select::DeviceSelectSweepKernel<at_cuda_detail::cub::detail::select::policy_hub<long, bool, int, (bool)0, (at_cuda_detail::cub::SelectImpl)0>::Policy1000, thrust::_V_300200_SM_750_800_860_900_1000_1200::counting_iterator<long, thrust::_V_300200_SM_750_800_860_900_1000_1200::use_default, thrust::_V_300200_SM_750_800_860_900_1000_1200::use_default, thrust::_V_300200_SM_750_800_860_900_1000_1200::use_default, thrust::_V_300200_SM_750_800_860_900_1000_1200::compile_time_value<(int)1>>, thrust::_V_300200_SM_750_800_860_900_1000_1200::transform_iterator<at::native::<unnamed>::NonZeroOp<bool>, const bool *, thrust::_V_300200_SM_750_800_860_900_1000_1200::use_default, thrust::_V_300200_SM_750_800_860_900_1000_1200::use_default>, long *, int *, at_cuda_detail::cub::ScanTileState<int, (bool)1>, at_cuda_detail::cub::NullType, at_cuda_detail::cub::NullType, int, at_cuda_detail::cub::detail::select::streaming_context_t<long, (bool)1>, (at_cuda_detail::cub::SelectImpl)0>(T2, T3, T4, T5, T6, T7, T8, T9, int, T10, at_cuda_detail::cub::detail::vsmem_t)"
3558747,3569404,0,4,3,13118.3,9316.0,8622,25219,8090.7,9971.5,5656.0,4188,24386,9674.6,2296.7,2432.0,1688,2770,553.5,1624.0,1648.0,1536,1664,60.6,cudaLaunchKernel,"void lacpy_kernel<double, double, (int)5, (int)3>(long, long, const T1 *, long, long, T2 *, long, long, int, int)"
3558747,3558747,0,7184,6834,12444.3,10246.0,8529,7439386,94237.8,9176.8,6833.0,5541,7439386,94299.9,1937.8,1960.0,47,9201,294.5,1469.6,1344.0,1216,2208,199.3,cudaLaunchKernel,"void at_cuda_detail::cub::detail::scan::DeviceCompactInitKernel<at_cuda_detail::cub::ScanTileState<int, (bool)1>, int *>(T1, int, T2)"
3558747,3569404,0,67994,64874,12408.3,10721.0,8415,1733003,31876.7,8159.3,7064.0,4659,1731700,25932.6,2388.1,1916.0,0,718706,15439.6,2014.1,1824.0,1600,118208,4272.3,cudaLaunchKernel,"void at::native::vectorized_elementwise_kernel<(int)4, void at::native::compare_scalar_kernel<long>(at::TensorIteratorBase &, at::native::<unnamed>::OpType, T1)::[lambda(long) (instance 1)], std::array<char *, (unsigned long)2>>(int, T2, T3)"
3558747,3558747,0,720,679,11853.3,10225.5,8632,830410,30607.6,8335.9,6457.0,4589,827898,30678.4,2081.4,2190.0,14,3362,411.9,1600.8,1728.0,1248,2112,208.0,cudaLaunchKernel,"void <unnamed>::elementwise_kernel_with_index<int, at::native::arange_cuda_out(const c10::Scalar &, const c10::Scalar &, const c10::Scalar &, at::Tensor &)::[lambda() (instance 1)]::operator ()() const::[lambda() (instance 4)]::operator ()() const::[lambda(long) (instance 1)]>(T1, T2, function_traits<T2>::result_type *)"
3558747,3569404,0,28,24,11757.9,9146.0,8107,54685,8771.6,8461.4,5580.0,3857,53763,9356.7,2329.1,2166.5,936,7485,1222.2,1378.3,1376.0,1312,1632,55.0,cudaLaunchKernel,"copy_info_kernel(int, int *)"
3558747,3569404,0,4,4,11637.3,10993.0,9793,14770,2173.4,6495.0,5516.0,4328,10620,2848.3,1886.3,2082.5,854,2526,734.5,3256.0,3264.0,3200,3296,48.0,cuLaunchKernel,void cutlass::Kernel2<cutlass_80_tensorop_d884gemm_32x32_16x5_nn_align1>(T1::Params)
3558747,3569404,0,45056,43089,11569.4,10961.0,9402,4158214,25387.7,6822.7,6061.0,4839,4158214,25436.3,2226.5,2262.0,0,14910,313.8,2649.3,2592.0,2240,3297,154.3,cudaLaunchKernel,"void at::native::unrolled_elementwise_kernel<at::native::BinaryFunctor<float, float, float, at::native::maximum_kernel_cuda(at::TensorIteratorBase &)::[lambda() (instance 2)]::operator ()() const::[lambda() (instance 2)]::operator ()() const::[lambda(float, float) (instance 1)]>, std::array<char *, (unsigned long)3>, (int)4, TrivialOffsetCalculator<(int)2, unsigned int>, TrivialOffsetCalculator<(int)1, unsigned int>, at::native::memory::LoadWithCast<(int)2>, at::native::memory::StoreWithCast<(int)1>>(int, T1, T2, T4, T5, T6, T7)"
3558747,3569404,0,22733,21708,11559.7,9643.0,8312,1571107,34900.8,6495.4,5570.0,4658,1569340,24126.6,3324.2,2256.0,2,807879,24296.9,1922.9,1856.0,1568,42528,1739.6,cudaLaunchKernel,"void at::native::vectorized_elementwise_kernel<(int)4, at::native::BinaryFunctor<bool, bool, bool, at::native::BitwiseOrFunctor<bool>>, std::array<char *, (unsigned long)3>>(int, T2, T3)"
3558747,3558747,0,128,123,11391.8,9854.0,8939,176306,14718.2,7453.4,5711.0,5190,176306,15097.9,2167.5,2244.0,20,2655,396.4,1911.5,1920.0,1600,2464,118.5,cudaLaunchKernel,"void at::native::vectorized_elementwise_kernel<(int)4, at::native::BinaryFunctor<bool, bool, bool, at::native::BitwiseOrFunctor<bool>>, std::array<char *, (unsigned long)3>>(int, T2, T3)"
3558747,3558747,0,7184,6967,11335.9,10408.0,8970,1539114,24365.9,6135.2,5100.0,4379,1536568,24427.1,2611.3,2421.0,6,10033,711.6,2691.5,2624.0,2304,5504,231.2,cudaLaunchKernel,"void at_cuda_detail::cub::detail::select::DeviceSelectSweepKernel<at_cuda_detail::cub::detail::select::policy_hub<long, bool, int, (bool)0, (at_cuda_detail::cub::SelectImpl)0>::Policy1000, thrust::_V_300200_SM_750_800_860_900_1000_1200::counting_iterator<long, thrust::_V_300200_SM_750_800_860_900_1000_1200::use_default, thrust::_V_300200_SM_750_800_860_900_1000_1200::use_default, thrust::_V_300200_SM_750_800_860_900_1000_1200::use_default, thrust::_V_300200_SM_750_800_860_900_1000_1200::compile_time_value<(int)1>>, thrust::_V_300200_SM_750_800_860_900_1000_1200::transform_iterator<at::native::<unnamed>::NonZeroOp<bool>, const bool *, thrust::_V_300200_SM_750_800_860_900_1000_1200::use_default, thrust::_V_300200_SM_750_800_860_900_1000_1200::use_default>, long *, int *, at_cuda_detail::cub::ScanTileState<int, (bool)1>, at_cuda_detail::cub::NullType, at_cuda_detail::cub::NullType, int, at_cuda_detail::cub::detail::select::streaming_context_t<long, (bool)1>, (at_cuda_detail::cub::SelectImpl)0>(T2, T3, T4, T5, T6, T7, T8, T9, int, T10, at_cuda_detail::cub::detail::vsmem_t)"
3558747,3569404,0,67645,64576,10758.3,10132.0,8484,1769402,20120.3,6430.8,5650.0,4549,1768028,20188.2,2208.8,2239.0,0,18446,303.7,2259.3,2241.0,1632,2464,39.2,cudaLaunchKernel,"void at::native::vectorized_elementwise_kernel<(int)4, at::native::AUnaryFunctor<c10::Half, c10::Half, bool, at::native::<unnamed>::CompareEqFunctor<c10::Half>>, std::array<char *, (unsigned long)2>>(int, T2, T3)"
3558747,3569404,0,2876,2809,10295.7,9843.5,8398,518125,10211.7,6320.7,5720.5,4829,517256,10287.6,2166.8,2260.0,3,4055,434.3,1872.3,1824.0,1536,2496,145.9,cudaLaunchKernel,"void at::native::vectorized_elementwise_kernel<(int)2, at::native::CUDAFunctor_add<long>, std::array<char *, (unsigned long)3>>(int, T2, T3)"
3558747,3569404,0,67645,64791,10293.3,9725.0,8568,1572937,17384.3,5771.6,5040.0,4198,1570664,17441.9,2401.8,2444.0,0,16773,328.5,2250.1,2240.0,1632,2400,44.7,cudaLaunchKernel,"void at::native::vectorized_elementwise_kernel<(int)4, at::native::BinaryFunctor<c10::Half, c10::Half, bool, at::native::<unnamed>::CompareEqFunctor<c10::Half>>, std::array<char *, (unsigned long)3>>(int, T2, T3)"
